<?xml version="1.0"?>
<COLLADA xmlns="http://www.collada.org/2005/11/COLLADASchema" version="1.4.1">
    <asset>
        <contributor>
            <authoring_tool>J3D Ripoff Exporter</authoring_tool>
        </contributor>
        <created>2023-06-09T15:29:36.748Z</created>
        <modified>2023-06-09T15:29:36.748Z</modified>
		<unit meter="0.01" name="centimeter" ></unit>
        <up_axis>Y_UP</up_axis>
    </asset>
    <library_images>
        <image id="tex0">
            <init_from>HalfTone_00.png</init_from>
        </image>
        <image id="tex1">
            <init_from>WaterRipple.png</init_from>
        </image>
        <image id="tex2">
            <init_from>IndWarpTopWater.png</init_from>
        </image>
        <image id="tex3">
            <init_from>Fall.png</init_from>
        </image>
        <image id="tex4">
            <init_from>WaterIndirect.png</init_from>
        </image>
        <image id="tex5">
            <init_from>R_corrido2.png</init_from>
        </image>
        <image id="tex6">
            <init_from>IndBendZara.png</init_from>
        </image>
        <image id="tex7">
            <init_from>Tile_00.png</init_from>
        </image>
        <image id="tex8">
            <init_from>Corrido.png</init_from>
        </image>
        <image id="tex9">
            <init_from>Kabe_02.png</init_from>
        </image>
        <image id="tex10">
            <init_from>Kabe_01.png</init_from>
        </image>
    </library_images>
    <library_effects>
        <effect id="effect0">
            <profile_COMMON>
                <newparam sid="surface0">
                    <surface type="2D">
                        <init_from>tex10</init_from>
                    </surface>
                </newparam>
                <newparam sid="sampler0">
                    <sampler2D>
                        <source>surface0</source>
                    </sampler2D>
                </newparam>
                <technique sid="COMMON">
                    <blinn>
                        <diffuse>
                            <texture texture="sampler0" texcoord="UVSET0"></texture>
                        </diffuse>
                    </blinn>
                </technique>
            </profile_COMMON>
        </effect>
        <effect id="effect1">
            <profile_COMMON>
                <newparam sid="surface1">
                    <surface type="2D">
                        <init_from>tex9</init_from>
                    </surface>
                </newparam>
                <newparam sid="sampler1">
                    <sampler2D>
                        <source>surface1</source>
                    </sampler2D>
                </newparam>
                <technique sid="COMMON">
                    <blinn>
                        <diffuse>
                            <texture texture="sampler1" texcoord="UVSET0"></texture>
                        </diffuse>
                    </blinn>
                </technique>
            </profile_COMMON>
        </effect>
        <effect id="effect2">
            <profile_COMMON>
                <newparam sid="surface2">
                    <surface type="2D">
                        <init_from>tex8</init_from>
                    </surface>
                </newparam>
                <newparam sid="sampler2">
                    <sampler2D>
                        <source>surface2</source>
                    </sampler2D>
                </newparam>
                <technique sid="COMMON">
                    <blinn>
                        <diffuse>
                            <texture texture="sampler2" texcoord="UVSET0"></texture>
                        </diffuse>
                    </blinn>
                </technique>
            </profile_COMMON>
        </effect>
        <effect id="effect3">
            <profile_COMMON>
                <newparam sid="surface3">
                    <surface type="2D">
                        <init_from>tex7</init_from>
                    </surface>
                </newparam>
                <newparam sid="sampler3">
                    <sampler2D>
                        <source>surface3</source>
                    </sampler2D>
                </newparam>
                <technique sid="COMMON">
                    <blinn>
                        <diffuse>
                            <texture texture="sampler3" texcoord="UVSET0"></texture>
                        </diffuse>
                    </blinn>
                </technique>
            </profile_COMMON>
        </effect>
        <effect id="effect4">
            <profile_COMMON>
                <newparam sid="surface4">
                    <surface type="2D">
                        <init_from>tex5</init_from>
                    </surface>
                </newparam>
                <newparam sid="sampler4">
                    <sampler2D>
                        <source>surface4</source>
                    </sampler2D>
                </newparam>
                <technique sid="COMMON">
                    <blinn>
                        <diffuse>
                            <texture texture="sampler4" texcoord="UVSET0"></texture>
                        </diffuse>
                    </blinn>
                </technique>
            </profile_COMMON>
        </effect>
        <effect id="effect5">
            <profile_COMMON>
                <newparam sid="surface5">
                    <surface type="2D">
                        <init_from>tex0</init_from>
                    </surface>
                </newparam>
                <newparam sid="sampler5">
                    <sampler2D>
                        <source>surface5</source>
                    </sampler2D>
                </newparam>
                <technique sid="COMMON">
                    <blinn>
                        <diffuse>
                            <texture texture="sampler5" texcoord="UVSET0"></texture>
                        </diffuse>
                    </blinn>
                </technique>
            </profile_COMMON>
        </effect>
        <effect id="effect6">
            <profile_COMMON>
                <newparam sid="surface6">
                    <surface type="2D">
                        <init_from>tex3</init_from>
                    </surface>
                </newparam>
                <newparam sid="sampler6">
                    <sampler2D>
                        <source>surface6</source>
                    </sampler2D>
                </newparam>
                <technique sid="COMMON">
                    <blinn>
                        <diffuse>
                            <texture texture="sampler6" texcoord="UVSET0"></texture>
                        </diffuse>
                    </blinn>
                </technique>
            </profile_COMMON>
        </effect>
        <effect id="effect7">
            <profile_COMMON>
                <newparam sid="surface7">
                    <surface type="2D">
                        <init_from>tex1</init_from>
                    </surface>
                </newparam>
                <newparam sid="sampler7">
                    <sampler2D>
                        <source>surface7</source>
                    </sampler2D>
                </newparam>
                <technique sid="COMMON">
                    <blinn>
                        <diffuse>
                            <texture texture="sampler7" texcoord="UVSET0"></texture>
                        </diffuse>
                    </blinn>
                </technique>
            </profile_COMMON>
        </effect>
        <effect id="effect8">
            <profile_COMMON>
                <newparam sid="surface8">
                    <surface type="2D">
                        <init_from>tex0</init_from>
                    </surface>
                </newparam>
                <newparam sid="sampler8">
                    <sampler2D>
                        <source>surface8</source>
                    </sampler2D>
                </newparam>
                <technique sid="COMMON">
                    <blinn>
                        <diffuse>
                            <texture texture="sampler8" texcoord="UVSET0"></texture>
                        </diffuse>
                    </blinn>
                </technique>
            </profile_COMMON>
        </effect>
    </library_effects>
    <library_materials>
        <material id="mat0" name="Kabe_02_v">
            <instance_effect url="#effect0"></instance_effect>
        </material>
        <material id="mat1" name="Stone_05_v">
            <instance_effect url="#effect1"></instance_effect>
        </material>
        <material id="mat2" name="Tile_00_v">
            <instance_effect url="#effect2"></instance_effect>
        </material>
        <material id="mat3" name="Tile_v">
            <instance_effect url="#effect3"></instance_effect>
        </material>
        <material id="mat4" name="jimen_v">
            <instance_effect url="#effect4"></instance_effect>
        </material>
        <material id="mat5" name="pla_v">
            <instance_effect url="#effect5"></instance_effect>
        </material>
        <material id="mat6" name="zz_FallMat_v_x">
            <instance_effect url="#effect6"></instance_effect>
        </material>
        <material id="mat7" name="zz_SpringMat_v_x">
            <instance_effect url="#effect7"></instance_effect>
        </material>
        <material id="mat8" name="zz_kasan_v_x">
            <instance_effect url="#effect8"></instance_effect>
        </material>
    </library_materials>
    <library_geometries>
        <geometry id="mesh0">
            <mesh>
                <source id="points0">
                    <float_array id="pointarray0" count="12324">372.8125 -36.8125 -124.0625 321.375 -36.8125 -160.8125 351.375 -36.8125 -175.8125 290.0625 -36.875 -210.6875 317.125 -36.875 -230.3125 253.5 -36.75 -253.5 277.125 -36.75 -277.125 210.6875 -36.875 -290.0625 230.3125 -36.875 -317.125 160.8125 -36.8125 -321.375 175.8125 -36.8125 -351.375 113.5 -36.8125 -341 124.0625 -36.8125 -372.8125 56.125 -36.875 -354.125 61.375 -36.875 -387.125 0 -36.75 -358.5 0 -36.75 -391.9375 -56.125 -36.875 -354.125 -61.375 -36.875 -387.125 -113.5 -36.8125 -341 -124.0625 -36.8125 -372.8125 -160.8125 -36.8125 -321.375 -175.8125 -36.8125 -351.375 -210.6875 -36.875 -290.0625 -230.3125 -36.875 -317.125 -253.5 -36.75 -253.5 -277.125 -36.75 -277.125 -290.0625 -36.875 -210.6875 -317.125 -36.875 -230.3125 -321.375 -36.8125 -160.8125 -351.375 -36.8125 -175.8125 -341 -36.8125 -113.5 -372.8125 -36.8125 -124.0625 -354.125 -36.875 -56.125 -387.125 -36.875 -61.375 -358.5 -36.75 0 -391.9375 -36.75 0 -354.125 -36.875 56.125 -387.125 -36.875 61.375 -341 -36.8125 113.5 -372.8125 -36.8125 124.0625 -321.375 -36.8125 160.8125 -351.375 -36.8125 175.8125 -290.0625 -36.875 210.6875 -317.125 -36.875 230.3125 -253.5 -36.75 253.5 -277.125 -36.75 277.125 -210.6875 -36.875 290.0625 -230.3125 -36.875 317.125 -160.8125 -36.8125 321.375 -175.8125 -36.8125 351.375 -113.5 -36.8125 341 -124.0625 -36.8125 372.8125 -56.125 -36.875 354.125 -61.375 -36.875 387.125 0 -36.75 358.5 0 -36.75 391.9375 56.125 -36.875 354.125 61.375 -36.875 387.125 113.5 -36.8125 341 124.0625 -36.8125 372.8125 160.8125 -36.8125 321.375 175.8125 -36.8125 351.375 210.6875 -36.875 290.0625 230.3125 -36.875 317.125 253.5 -36.75 253.5 277.125 -36.75 277.125 290.0625 -36.875 210.6875 317.125 -36.875 230.3125 321.375 -36.8125 160.8125 351.375 -36.8125 175.8125 341 -36.8125 113.5 372.8125 -36.8125 124.0625 354.125 -36.875 56.125 387.125 -36.875 61.375 358.5 -36.75 0 391.9375 -36.75 0 354.125 -36.875 -56.125 387.125 -36.875 -61.375 341 -36.8125 -113.5 338.4375 -39.9375 -111.6875 318.25 -39.9375 -160.3125 287.9375 -40 -208.75 251.4375 -39.875 -251.4375 208.75 -40 -287.9375 160.3125 -39.9375 -318.25 111.6875 -39.9375 -338.4375 56 -40 -351.1875 0 -39.875 -355.5625 -56 -40 -351.1875 -111.6875 -39.9375 -338.4375 -160.3125 -39.9375 -318.25 -208.75 -40 -287.9375 -251.4375 -39.875 -251.4375 -287.9375 -40 -208.75 -318.25 -39.9375 -160.3125 -338.4375 -39.9375 -111.6875 -351.1875 -40 -56 -355.5625 -39.875 0 -351.1875 -40 56 -338.4375 -39.9375 111.6875 -318.25 -39.9375 160.3125 -287.9375 -40 208.75 -251.4375 -39.875 251.4375 -208.75 -40 287.9375 -160.3125 -39.9375 318.25 -111.6875 -39.9375 338.4375 -56 -40 351.1875 0 -39.875 355.5625 56 -40 351.1875 111.6875 -39.9375 338.4375 160.3125 -39.9375 318.25 208.75 -40 287.9375 251.4375 -39.875 251.4375 287.9375 -40 208.75 318.25 -39.9375 160.3125 338.4375 -39.9375 111.6875 351.1875 -40 56 355.5625 -39.875 0 351.1875 -40 -56 347.5625 -39.9375 -55.375 334.9375 -39.875 -110.5 315 -39.875 -158.6875 284.9375 -39.9375 -206.5625 248.8125 -39.875 -248.8125 206.5625 -39.9375 -284.9375 158.6875 -39.875 -315 110.5 -39.875 -334.9375 55.375 -39.9375 -347.5625 0 -39.875 -351.875 -55.375 -39.9375 -347.5625 -110.5 -39.875 -334.9375 -158.6875 -39.875 -315 -206.5625 -39.9375 -284.9375 -248.8125 -39.875 -248.8125 -284.9375 -39.9375 -206.5625 -315 -39.875 -158.6875 -334.9375 -39.875 -110.5 -347.5625 -39.9375 -55.375 -351.875 -39.875 0 -347.5625 -39.9375 55.375 -334.9375 -39.875 110.5 -315 -39.875 158.6875 -284.9375 -39.9375 206.5625 -248.8125 -39.875 248.8125 -206.5625 -39.9375 284.9375 -158.6875 -39.875 315 -110.5 -39.875 334.9375 -55.375 -39.9375 347.5625 0 -39.875 351.875 55.375 -39.9375 347.5625 110.5 -39.875 334.9375 158.6875 -39.875 315 206.5625 -39.9375 284.9375 248.8125 -39.875 248.8125 284.9375 -39.9375 206.5625 315 -39.875 158.6875 334.9375 -39.875 110.5 347.5625 -39.9375 55.375 351.875 -39.875 0 320.5 -41 -232.75 355.0625 -40.9375 -177.6875 376.75 -40.9375 -125.375 391.1875 -41 -62 396.0625 -40.875 0 391.1875 -41 62 376.75 -40.9375 125.375 355.0625 -40.9375 177.6875 320.5 -41 232.75 280.0625 -40.875 280.0625 232.75 -41 320.5 177.6875 -40.9375 355.0625 125.375 -40.9375 376.75 62 -41 391.1875 0 -40.875 396.0625 -62 -41 391.1875 -125.375 -40.9375 376.75 -177.6875 -40.9375 355.0625 -232.75 -41 320.5 -280.0625 -40.875 280.0625 -320.5 -41 232.75 -355.0625 -40.9375 177.6875 -376.75 -40.9375 125.375 -391.1875 -41 62 -396.0625 -40.875 0 -391.1875 -41 -62 -376.75 -40.9375 -125.375 -355.0625 -40.9375 -177.6875 -320.5 -41 -232.75 -280.0625 -40.875 -280.0625 -232.75 -41 -320.5 -177.6875 -40.9375 -355.0625 -125.375 -40.9375 -376.75 -62 -41 -391.1875 0 -40.875 -396.0625 62 -41 -391.1875 125.375 -40.9375 -376.75 177.6875 -40.9375 -355.0625 232.75 -41 -320.5 280.0625 -40.875 -280.0625 0 -120 -401.8125 0 -115 -396.125 -62.8125 -120 -396.8125 -61.9375 -115 -391.1875 -127.25 -120 -382.125 -125.4375 -115 -376.6875 -180.1875 -120 -360.1875 -177.625 -115 -355.0625 -236.125 -120 -325 -232.8125 -115 -320.4375 -284.125 -120 -284.125 -280.0625 -115 -280.0625 -325 -120 -236.125 -320.4375 -115 -232.8125 -360.1875 -120 -180.1875 -355.0625 -115 -177.625 -382.125 -120 -127.25 -376.6875 -115 -125.4375 -396.8125 -120 -62.8125 -391.1875 -115 -61.9375 -401.8125 -120 0 -396.125 -115 0 -396.8125 -120 62.8125 -391.1875 -115 61.9375 -382.125 -120 127.25 -376.6875 -115 125.4375 -360.1875 -120 180.1875 -355.0625 -115 177.625 -325 -120 236.125 -320.4375 -115 232.8125 -284.125 -120 284.125 -280.0625 -115 280.0625 -236.125 -120 325 -232.8125 -115 320.4375 -180.1875 -120 360.1875 -177.625 -115 355.0625 -127.25 -120 382.125 -125.4375 -115 376.6875 -62.8125 -120 396.8125 -61.9375 -115 391.1875 0 -120 401.8125 0 -115 396.125 62.8125 -120 396.8125 61.9375 -115 391.1875 127.25 -120 382.125 125.4375 -115 376.6875 180.1875 -120 360.1875 177.625 -115 355.0625 236.125 -120 325 232.8125 -115 320.4375 284.125 -120 284.125 280.0625 -115 280.0625 325 -120 236.125 320.4375 -115 232.8125 360.1875 -120 180.1875 355.0625 -115 177.625 382.125 -120 127.25 376.6875 -115 125.4375 396.8125 -120 62.8125 391.1875 -115 61.9375 401.8125 -120 0 396.125 -115 0 396.8125 -120 -62.8125 391.1875 -115 -61.9375 382.125 -120 -127.25 376.6875 -115 -125.4375 360.1875 -120 -180.1875 355.0625 -115 -177.625 325 -120 -236.125 320.4375 -115 -232.8125 284.125 -120 -284.125 280.0625 -115 -280.0625 236.125 -120 -325 232.8125 -115 -320.4375 180.1875 -120 -360.1875 177.625 -115 -355.0625 127.25 -120 -382.125 125.4375 -115 -376.6875 62.8125 -120 -396.8125 61.9375 -115 -391.1875 113.5 1427.0625 -36.875 117.875 1495.5625 -18.625 119.5625 1426.8125 -18.9375 117.625 1495.8125 0 119.3125 1427.0625 0 117.875 1495.5625 18.625 119.5625 1426.8125 18.9375 111.875 1495.8125 36.3125 113.5 1427.0625 36.875 106.375 1495.5625 54.1875 107.875 1426.8125 54.9375 95.125 1495.8125 69.125 96.5 1427.0625 70.125 84.375 1495.5625 84.375 85.625 1426.8125 85.625 69.125 1495.8125 95.125 70.125 1427.0625 96.5 54.1875 1495.5625 106.375 54.9375 1426.8125 107.875 36.3125 1495.8125 111.875 36.875 1427.0625 113.5 18.625 1495.5625 117.875 18.9375 1426.8125 119.5625 0 1495.8125 117.625 0 1427.0625 119.3125 -18.625 1495.5625 117.875 -18.9375 1426.8125 119.5625 -36.3125 1495.8125 111.875 -36.875 1427.0625 113.5 -54.1875 1495.5625 106.375 -54.9375 1426.8125 107.875 -69.125 1495.8125 95.125 -70.125 1427.0625 96.5 -84.375 1495.5625 84.375 -85.625 1426.8125 85.625 -95.125 1495.8125 69.125 -96.5 1427.0625 70.125 -106.375 1495.5625 54.1875 -107.875 1426.8125 54.9375 -111.875 1495.8125 36.3125 -113.5 1427.0625 36.875 -117.875 1495.5625 18.625 -119.5625 1426.8125 18.9375 -117.625 1495.8125 0 -119.3125 1427.0625 0 -117.875 1495.5625 -18.625 -119.5625 1426.8125 -18.9375 -111.875 1495.8125 -36.3125 -113.5 1427.0625 -36.875 -106.375 1495.5625 -54.1875 -107.875 1426.8125 -54.9375 -95.125 1495.8125 -69.125 -96.5 1427.0625 -70.125 -84.375 1495.5625 -84.375 -85.625 1426.8125 -85.625 -69.125 1495.8125 -95.125 -70.125 1427.0625 -96.5 -54.1875 1495.5625 -106.375 -54.9375 1426.8125 -107.875 -36.3125 1495.8125 -111.875 -36.875 1427.0625 -113.5 -18.625 1495.5625 -117.875 -18.9375 1426.8125 -119.5625 0 1495.8125 -117.625 0 1427.0625 -119.3125 18.625 1495.5625 -117.875 18.9375 1426.8125 -119.5625 36.3125 1495.8125 -111.875 36.875 1427.0625 -113.5 54.1875 1495.5625 -106.375 54.9375 1426.8125 -107.875 69.125 1495.8125 -95.125 70.125 1427.0625 -96.5 84.375 1495.5625 -84.375 85.625 1426.8125 -85.625 95.125 1495.8125 -69.125 96.5 1427.0625 -70.125 106.375 1495.5625 -54.1875 107.875 1426.8125 -54.9375 111.875 1495.8125 -36.3125 312.875 889.125 -614.125 213 889.1875 -655.5 212.75 906.3125 -654.875 107.8125 889.125 -680.75 107.6875 906 -680.0625 0 906.3125 -688.5625 104.5 1011.3125 -659.9375 0 1011.5625 -668.125 95.375 1113 -602.5 0 1113.4375 -609.75 83.4375 1203.875 -527 0 1204.375 -533.125 69.4375 1281.5625 -438.6875 0 1282.0625 -443.4375 53.75 1344.125 -339.6875 0 1344.625 -342.9375 0 1388.25 -231.5 -53.75 1344.125 -339.6875 -36.375 1390.1875 -232.1875 -105.9375 1344.625 -326.125 -72.3125 1390.5 -222.5625 -106.8125 1390.0625 -209.6875 -39.4375 1416.5625 -121.5 -58.8125 1416.3125 -115.4375 -602.5 1113 -95.375 -609.75 1113.4375 0 -527 1203.875 -83.4375 -533.125 1204.375 0 -438.6875 1281.5625 -69.4375 -443.4375 1282.0625 0 -339.6875 1344.125 -53.75 -342.9375 1344.625 0 -231.5 1388.25 0 -339.6875 1344.125 53.75 -232.1875 1390.1875 36.375 -326.125 1344.625 105.9375 -222.5625 1390.5 72.3125 -209.6875 1390.0625 106.8125 -115.4375 1416.3125 58.8125 -189.875 1390.0625 138.4375 -103.375 1416.5625 75.0625 -163.6875 1388.3125 163.6875 -91.5625 1416.3125 91.5625 -75.0625 1416.5625 103.375 543.5 1113 276.9375 475.4375 1203.875 242.25 493.25 1113.4375 358.375 431.3125 1204.375 313.375 377.3125 1203.875 377.3125 314.0625 1281.5625 314.0625 313.375 1204.375 431.3125 260.625 1282.0625 358.75 201.0625 1279.9375 394.375 201.5625 1344.625 277.4375 156.125 1344.125 306.375 106.8125 1390.0625 209.6875 105.9375 1344.625 326.125 72.3125 1390.5 222.5625 36.375 1390.1875 232.1875 20.25 1416.3125 127.9375 0 1388.25 231.5 0 1416.5625 127.75 -20.25 1416.3125 127.9375 -394.375 1279.9375 201.0625 -421.0625 1279.9375 136.6875 -475.4375 1203.875 242.25 -507 1204.375 164.75 -579.875 1113.4375 188.375 -527 1203.875 83.4375 -602.5 1113 95.375 -668.125 1011.5625 0 -659.9375 1011.3125 -104.5 -635.4375 1011.5625 -206.4375 -654.875 906.3125 -212.75 -595.375 1011.3125 -303.3125 -613.5 906 -312.5625 -557.0625 906.3125 -404.6875 -614.125 889.125 -312.875 -557.625 889.1875 -405.125 201.0625 1279.9375 394.375 136.6875 1279.9375 421.0625 242.25 1203.875 475.4375 164.75 1204.375 507 188.375 1113.4375 579.875 83.4375 1203.875 527 95.375 1113 602.5 0 1113.4375 609.75 0 1011.5625 668.125 -95.375 1113 602.5 -104.5 1011.3125 659.9375 -206.4375 1011.5625 635.4375 -212.75 906.3125 654.875 -303.3125 1011.3125 595.375 -312.5625 906 613.5 -404.6875 906.3125 557.0625 -312.875 889.125 614.125 -405.125 889.1875 557.625 -156.125 1344.125 -306.375 -201.0625 1279.9375 -394.375 -201.5625 1344.625 -277.4375 -260.625 1282.0625 -358.75 -314.0625 1281.5625 -314.0625 -313.375 1204.375 -431.3125 -377.3125 1203.875 -377.3125 -358.375 1113.4375 -493.25 -431.3125 1113 -431.3125 -392.6875 1011.5625 -540.5 -472.5 1011.3125 -472.5 -404.6875 906.3125 -557.0625 -486.875 906 -486.875 -487.375 889.125 -487.375 -242.25 1203.875 -475.4375 -276.9375 1113 -543.5 -303.3125 1011.3125 -595.375 -312.5625 906 -613.5 -312.875 889.125 -614.125 -212.75 906.3125 -654.875 -213 889.1875 -655.5 -107.8125 889.125 -680.75 -306.375 1344.125 156.125 -394.375 1279.9375 201.0625 -277.4375 1344.625 201.5625 -358.75 1282.0625 260.625 -243.1875 1344.125 243.1875 -314.0625 1281.5625 314.0625 -260.625 1282.0625 358.75 -313.375 1204.375 431.3125 -242.25 1203.875 475.4375 -358.375 1113.4375 493.25 -276.9375 1113 543.5 -392.6875 1011.5625 540.5 421.0625 1279.9375 136.6875 394.375 1279.9375 201.0625 507 1204.375 164.75 579.875 1113.4375 188.375 635.4375 1011.5625 206.4375 595.375 1011.3125 303.3125 654.875 906.3125 212.75 613.5 906 312.5625 614.125 889.125 312.875 557.0625 906.3125 404.6875 557.625 889.1875 405.125 487.375 889.125 487.375 -431.3125 1204.375 313.375 -493.25 1113.4375 358.375 -543.5 1113 276.9375 -540.5 1011.5625 392.6875 -595.375 1011.3125 303.3125 -557.0625 906.3125 404.6875 -613.5 906 312.5625 -614.125 889.125 312.875 -654.875 906.3125 212.75 -655.5 889.1875 213 -680.75 889.125 107.8125 -540.5 1011.5625 -392.6875 -493.25 1113.4375 -358.375 -431.3125 1204.375 -313.375 -358.75 1282.0625 -260.625 -243.1875 1344.125 -243.1875 -277.4375 1344.625 -201.5625 -163.6875 1388.3125 -163.6875 -189.875 1390.0625 -138.4375 487.375 889.125 -487.375 405.125 889.1875 -557.625 404.6875 906.3125 -557.0625 312.5625 906 -613.5 303.3125 1011.3125 -595.375 206.4375 1011.5625 -635.4375 276.9375 1113 -543.5 188.375 1113.4375 -579.875 242.25 1203.875 -475.4375 164.75 1204.375 -507 199.5625 1282.0625 -396.4375 139.1875 1282.0625 -421.5 421.75 1282.0625 -138.6875 438.6875 1281.5625 -69.4375 507 1204.375 -164.75 527 1203.875 -83.4375 579.875 1113.4375 -188.375 602.5 1113 -95.375 635.4375 1011.5625 -206.4375 659.9375 1011.3125 -104.5 654.875 906.3125 -212.75 680.0625 906 -107.6875 680.75 889.125 -107.8125 688.5625 906.3125 0 689.25 889.1875 0 680.75 889.125 107.8125 199.5625 1282.0625 -396.4375 260.625 1282.0625 -358.75 313.375 1204.375 -431.3125 358.375 1113.4375 -493.25 377.3125 1203.875 -377.3125 431.3125 1113 -431.3125 493.25 1113.4375 -358.375 540.5 1011.5625 -392.6875 543.5 1113 -276.9375 595.375 1011.3125 -303.3125 -487.375 889.125 487.375 -486.875 906 486.875 -472.5 1011.3125 472.5 -431.3125 1113 431.3125 -377.3125 1203.875 377.3125 -83.4375 1203.875 527 0 1204.375 533.125 -69.4375 1281.5625 438.6875 0 1282.0625 443.4375 -53.75 1344.125 339.6875 0 1344.625 342.9375 53.75 1344.125 339.6875 540.5 1011.5625 392.6875 472.5 1011.3125 472.5 431.3125 1113 431.3125 392.6875 1011.5625 540.5 358.375 1113.4375 493.25 276.9375 1113 543.5 206.4375 1011.5625 635.4375 104.5 1011.3125 659.9375 0 906.3125 688.5625 -107.6875 906 680.0625 -107.8125 889.125 680.75 0 889.1875 -689.25 -107.6875 906 -680.0625 -104.5 1011.3125 -659.9375 -206.4375 1011.5625 -635.4375 -95.375 1113 -602.5 -188.375 1113.4375 -579.875 -525.0625 723.625 525.0625 -468.125 702.875 577.8125 -436.4375 723.625 600.6875 -419.25 664.25 622.5 -337.0625 723.625 661.5625 -338.5625 664.25 664.5 -229.4375 723.625 706.1875 -230.4375 664.25 709.3125 -143.6875 664.25 736.625 -195.9375 602.4375 730.0625 -635.4375 1011.5625 206.4375 -659.9375 1011.3125 104.5 -680.0625 906 107.6875 -688.5625 906.3125 0 -689.25 889.1875 0 -680.75 889.125 -107.8125 614.125 889.125 -312.875 557.625 889.1875 -405.125 557.0625 906.3125 -404.6875 486.875 906 -486.875 472.5 1011.3125 -472.5 392.6875 1011.5625 -540.5 -121.5 1416.5625 -39.4375 -127.9375 1416.3125 -20.25 -119.5625 1426.8125 -18.9375 -127.75 1416.5625 0 -119.3125 1427.0625 0 -127.9375 1416.3125 20.25 -119.5625 1426.8125 18.9375 -121.5 1416.5625 39.4375 -113.5 1427.0625 36.875 -107.875 1426.8125 54.9375 39.4375 1416.5625 -121.5 20.25 1416.3125 -127.9375 18.9375 1426.8125 -119.5625 0 1416.5625 -127.75 0 1427.0625 -119.3125 -20.25 1416.3125 -127.9375 -18.9375 1426.8125 -119.5625 -54.9375 1426.8125 -107.875 163.6875 1388.3125 -163.6875 201.5625 1344.625 -277.4375 138.4375 1390.0625 -189.875 156.125 1344.125 -306.375 106.8125 1390.0625 -209.6875 105.9375 1344.625 -326.125 72.3125 1390.5 -222.5625 36.375 1390.1875 -232.1875 525.0625 723.625 525.0625 577.8125 702.875 468.125 600.6875 723.625 436.4375 622.5 664.25 419.25 661.5625 723.625 337.0625 664.5 664.25 338.5625 706.1875 723.625 229.4375 709.3125 664.25 230.4375 736.625 664.25 143.6875 730.0625 602.4375 195.9375 527 1203.875 83.4375 421.0625 1279.9375 136.6875 438.6875 1281.5625 69.4375 339.6875 1344.125 53.75 443.4375 1282.0625 0 342.9375 1344.625 0 339.6875 1344.125 -53.75 231.5 1388.25 0 232.1875 1390.1875 -36.375 303.3125 1011.3125 595.375 212.75 906.3125 654.875 107.6875 906 680.0625 107.8125 889.125 680.75 0 889.1875 689.25 -739.8125 772.625 0 -730.6875 772.625 -115.6875 -733.375 723.625 -116.125 -703.5625 772.625 -228.5625 -706.1875 723.625 -229.4375 -661.5625 723.625 -337.0625 -664.5 664.25 -338.5625 -622.5 664.25 -419.25 -654.8125 602.4375 -377.6875 -523.125 772.625 -523.125 -434.8125 772.625 -598.5 -436.4375 723.625 -600.6875 -335.8125 772.625 -659.125 -337.0625 723.625 -661.5625 -229.4375 723.625 -706.1875 -230.4375 664.25 -709.3125 -143.6875 664.25 -736.625 -195.9375 602.4375 -730.0625 189.875 1390.0625 -138.4375 277.4375 1344.625 -201.5625 243.1875 1344.125 -243.1875 199.5625 1282.0625 -396.4375 139.1875 1282.0625 -421.5 -201.0625 1279.9375 394.375 -156.125 1344.125 306.375 -201.5625 1344.625 277.4375 -106.8125 1390.0625 209.6875 -138.4375 1390.0625 189.875 -58.8125 1416.3125 115.4375 -201.0625 1279.9375 -394.375 -136.6875 1279.9375 -421.0625 -164.75 1204.375 -507 -83.4375 1203.875 -527 -421.0625 1279.9375 -136.6875 -326.125 1344.625 -105.9375 -232.1875 1390.1875 -36.375 -222.5625 1390.5 -72.3125 -136.6875 1279.9375 421.0625 -105.9375 1344.625 326.125 -36.375 1390.1875 232.1875 -72.3125 1390.5 222.5625 -39.4375 1416.5625 121.5 404.6875 906.3125 557.0625 312.5625 906 613.5 312.875 889.125 614.125 213 889.1875 655.5 -132.75 45.75 1275 0 46 1275 -132.625 148.8125 1275 0 149.0625 1275 -132.4375 287.625 1275 0 287.8125 1275 -75.8125 343.75 1275 0 370.375 1275 -626.75 656.625 430.3125 -669.25 695.1875 557.125 -583.625 695.1875 477.625 -615.25 716 615.25 -532.75 716 532.75 -557.125 695.1875 669.25 -477.625 695.1875 583.625 -430.3125 656.625 626.75 338.5625 664.25 664.5 337.0625 723.625 661.5625 230.4375 664.25 709.3125 229.4375 723.625 706.1875 143.6875 664.25 736.625 116.125 723.625 733.375 77.5 702.875 739.5625 0 723.625 742.5 -136.6875 1279.9375 421.0625 -201.0625 1279.9375 394.375 -164.75 1204.375 507 -188.375 1113.4375 579.875 -543.5 1113 -276.9375 -475.4375 1203.875 -242.25 -201.0625 1279.9375 394.375 -136.6875 1279.9375 421.0625 -138.875 656.625 747.5 -79.25 695.1875 867.1875 -74.9375 695.1875 750.4375 0 716 870.125 0 716 753.375 79.25 695.1875 867.1875 74.9375 695.1875 750.4375 138.875 656.625 747.5 668.125 1011.5625 0 609.75 1113.4375 0 602.5 1113 95.375 115.4375 1416.3125 58.8125 189.875 1390.0625 138.4375 209.6875 1390.0625 106.8125 277.4375 1344.625 201.5625 306.375 1344.125 156.125 358.75 1282.0625 260.625 394.375 1279.9375 201.0625 -421.0625 1279.9375 -136.6875 -394.375 1279.9375 -201.0625 -507 1204.375 -164.75 -579.875 1113.4375 -188.375 -394.375 1279.9375 -201.0625 -421.0625 1279.9375 -136.6875 -306.375 1344.125 -156.125 -209.6875 1390.0625 -106.8125 -115.4375 1416.3125 -58.8125 430.3125 656.625 626.75 557.125 695.1875 669.25 477.625 695.1875 583.625 615.25 716 615.25 532.75 716 532.75 669.25 695.1875 557.125 583.625 695.1875 477.625 626.75 656.625 430.3125 394.375 1279.9375 201.0625 421.0625 1279.9375 136.6875 326.125 1344.625 105.9375 222.5625 1390.5 72.3125 121.5 1416.5625 39.4375 -664.5 664.25 338.5625 -661.5625 723.625 337.0625 -709.3125 664.25 230.4375 -706.1875 723.625 229.4375 -736.625 664.25 143.6875 -733.375 723.625 116.125 -739.5625 702.875 77.5 -742.5 723.625 0 -136.6875 1279.9375 -421.0625 -201.0625 1279.9375 -394.375 -138.4375 1390.0625 -189.875 -430.3125 656.625 -626.75 -557.125 695.1875 -669.25 -477.625 695.1875 -583.625 -615.25 716 -615.25 -532.75 716 -532.75 -669.25 695.1875 -557.125 -583.625 695.1875 -477.625 -626.75 656.625 -430.3125 -421.0625 1279.9375 136.6875 -394.375 1279.9375 201.0625 396.25 1282.0625 -200.125 358.75 1282.0625 -260.625 306.375 1344.125 -156.125 209.6875 1390.0625 -106.8125 115.4375 1416.3125 -58.8125 103.375 1416.5625 -75.0625 659.9375 1011.3125 104.5 655.5 889.1875 -213 613.5 906 -312.5625 -747.5 656.625 -138.875 -867.1875 695.1875 -79.25 -750.4375 695.1875 -74.9375 -870.125 716 0 -753.375 716 0 -867.1875 695.1875 79.25 -750.4375 695.1875 74.9375 -747.5 656.625 138.875 -622.5 664.25 419.25 -577.8125 702.875 468.125 -600.6875 723.625 436.4375 -523.125 772.625 523.125 -434.8125 772.625 598.5 -335.8125 772.625 659.125 419.25 664.25 622.5 468.125 702.875 577.8125 436.4375 723.625 600.6875 523.0625 772.625 523.0625 598.5 772.625 434.8125 659.125 772.625 335.8125 58.8125 1416.3125 115.4375 138.4375 1390.0625 189.875 75.0625 1416.5625 103.375 163.6875 1388.3125 163.6875 91.5625 1416.3125 91.5625 103.375 1416.5625 75.0625 -377.6875 602.4375 654.8125 -353.25 541.0625 664 -219.75 541.0625 719.3125 421.75 1282.0625 -138.6875 326.125 1344.625 -105.9375 396.25 1282.0625 -200.125 -659.125 772.625 335.8125 -703.5625 772.625 228.5625 -730.6875 772.625 115.6875 -77.5 702.875 -739.5625 -116.125 723.625 -733.375 0 723.625 -742.5 0 772.625 -739.8125 116.125 723.625 -733.375 115.6875 772.625 -730.6875 228.5625 772.625 -703.5625 69.4375 1281.5625 438.6875 -219.75 541.0625 -719.3125 -338.5625 664.25 -664.5 -419.25 664.25 -622.5 -438.6875 1281.5625 69.4375 -664 541.0625 -353.25 -709.3125 664.25 -230.4375 -736.625 664.25 -143.6875 232.1875 1390.1875 36.375 127.9375 1416.3125 20.25 104.4375 1503.875 -33.875 110.1875 1503.6875 -17.4375 109.8125 1503.875 0 110.1875 1503.6875 17.4375 335.8125 772.625 659.125 228.5625 772.625 703.5625 115.6875 772.625 730.6875 0 772.625 739.8125 -125.4375 -63 -376.6875 -177.6875 -63 -355.0625 -125.4375 -115 -376.6875 -177.625 -115 -355.0625 -61.9375 -63 -391.1875 -61.9375 -115 -391.1875 0 -63 -396.125 0 -115 -396.125 -680.0625 906 -107.6875 -1317.5 -120 -112.25 -1317.5 -120 0 -1317.5 -115 -119 -1317.5 -80 0 -1317.5 -80 -119 -1317.5 -37.5 -119 -394.375 1279.9375 -201.0625 243.1875 1344.125 243.1875 -69.4375 1281.5625 -438.6875 680.0625 906 107.6875 222.5625 1390.5 -72.3125 127.9375 1416.3125 -20.25 121.5 1416.5625 -39.4375 533.125 1204.375 0 -280.0625 -63 280.0625 -232.75 -63 320.4375 -280.0625 -115 280.0625 -232.8125 -115 320.4375 -376.6875 -63 -125.4375 -391.1875 -63 -61.9375 -376.6875 -115 -125.4375 -391.1875 -115 -61.9375 -396.125 -63 0 -396.125 -115 0 -391.1875 -63 61.9375 -391.1875 -115 61.9375 -376.6875 -63 125.4375 -376.6875 -115 125.4375 -355.0625 -63 177.6875 -355.0625 -115 177.625 -320.4375 -63 232.75 -320.4375 -115 232.8125 -177.6875 -63 355.0625 -177.625 -115 355.0625 -125.4375 -63 376.6875 -125.4375 -115 376.6875 -61.9375 -63 391.1875 -61.9375 -115 391.1875 0 -63 396.125 0 -115 396.125 61.9375 -63 391.1875 61.9375 -115 391.1875 125.4375 -63 376.6875 125.4375 -115 376.6875 177.6875 -63 355.0625 177.625 -115 355.0625 232.75 -63 320.4375 232.8125 -115 320.4375 280.0625 -63 280.0625 280.0625 -115 280.0625 320.4375 -62.9375 232.75 320.4375 -115 232.8125 355.0625 -63 177.6875 355.0625 -115 177.625 376.6875 -63 125.4375 376.6875 -115 125.4375 391.1875 -63 61.9375 391.1875 -115 61.9375 396.125 -63 0 396.125 -115 0 391.1875 -63 -61.9375 391.1875 -115 -61.9375 376.6875 -63 -125.4375 376.6875 -115 -125.4375 355.0625 -63 -177.6875 355.0625 -115 -177.625 320.4375 -63 -232.75 320.4375 -115 -232.8125 280.0625 -63 -280.0625 280.0625 -115 -280.0625 232.75 -63 -320.4375 232.8125 -115 -320.4375 177.6875 -63 -355.0625 177.625 -115 -355.0625 125.4375 -63 -376.6875 125.4375 -115 -376.6875 61.9375 -63 -391.1875 61.9375 -115 -391.1875 -332.5 45.875 696.1875 -257.125 45.875 727.4375 -331.8125 287.6875 694.6875 -256.5625 287.6875 725.875 -331.4375 439.5 693.9375 -256.3125 439.5 725 -228.5625 772.625 703.5625 -116.125 723.625 733.375 -115.6875 772.625 730.6875 -654.8125 602.4375 377.6875 -664 541.0625 353.25 -727.4375 45.875 257.125 -696.1875 45.875 332.5 -725.875 287.6875 256.5625 -694.6875 287.6875 331.8125 -725 439.5 256.3125 -693.9375 439.5 331.4375 -719.3125 541.0625 219.75 -730.0625 602.4375 195.9375 -739.5625 702.875 -77.5 -696.1875 45.875 -332.5 -727.4375 45.875 -257.125 -694.6875 287.6875 -331.8125 -725.875 287.6875 -256.5625 -693.9375 439.5 -331.4375 -725 439.5 -256.3125 -600.6875 723.625 -436.4375 -525.0625 723.625 -525.0625 -468.125 702.875 -577.8125 -257.125 45.875 -727.4375 -332.5 45.875 -696.1875 -256.5625 287.6875 -725.875 -331.8125 287.6875 -694.6875 -256.3125 439.5 -725 -331.4375 439.5 -693.9375 -228.5625 772.625 -703.5625 696.1875 45.875 332.5 727.4375 45.875 257.125 694.6875 287.6875 331.8125 725.875 287.6875 256.5625 693.9375 439.5 331.4375 725 439.5 256.3125 703.5625 772.625 228.5625 733.375 723.625 116.125 730.6875 772.625 115.6875 739.8125 772.625 0 742.5 723.625 0 733.375 723.625 -116.125 730.6875 772.625 -115.6875 703.5625 772.625 -228.5625 377.6875 602.4375 654.8125 353.25 541.0625 664 257.125 45.875 727.4375 332.5 45.875 696.1875 256.5625 287.6875 725.875 331.8125 287.6875 694.6875 256.3125 439.5 725 331.4375 439.5 693.9375 219.75 541.0625 719.3125 195.9375 602.4375 730.0625 -77.5 702.875 739.5625 -132.4375 287.625 1105 -75.8125 343.75 1105 -132.4375 287.625 900.625 -75.8125 343.75 905.0625 75.8125 343.75 1275 132.4375 287.625 1274.9375 75.8125 343.75 1105 132.4375 287.625 1104.9375 75.8125 343.75 905.0625 132.4375 287.625 900.625 0 370.375 1105 0 370.375 909.4375 -132.75 45.75 1105 -132.625 148.8125 1105 -132.75 45.75 902.25 -132.625 152.125 901.4375 132.625 148.8125 1275 132.75 45.75 1275 542.875 212.5 717.375 514.9375 212.5 738.25 543.0625 167.3125 717.6875 515.0625 121.3125 738.5 543.0625 162.4375 717.6875 543.4375 121.3125 718 717.6875 162.4375 543.0625 718 121.3125 543.4375 717.6875 167.3125 543.0625 738.5 121.3125 515.0625 717.375 212.5 542.875 738.25 212.5 514.9375 542.625 271 717.0625 543.0625 312.125 717.5625 542.8125 266.1875 717.375 514.6875 312.125 737.9375 542.8125 226.8125 717.375 514.875 226.8125 738.25 -717.375 212.5 542.875 -738.25 212.5 514.9375 -717.6875 167.3125 543.0625 -738.5 121.3125 515.0625 -717.6875 162.4375 543.0625 -718 121.3125 543.4375 -717.0625 271 542.625 -717.5625 312.125 543.0625 -717.375 266.1875 542.8125 -737.9375 312.125 514.6875 -717.375 226.8125 542.8125 -738.25 226.8125 514.875 -543.0625 162.4375 717.6875 -543.4375 121.3125 718 -543.0625 167.3125 717.6875 -515.0625 121.3125 738.5 -542.875 212.5 717.375 -514.9375 212.5 738.25 -542.8125 226.8125 717.3125 -514.875 226.8125 738.25 -542.8125 266.1875 717.375 -514.6875 312.125 737.9375 -542.625 271 717.0625 -543.0625 312.125 717.5 717.3125 226.8125 542.8125 738.25 226.8125 514.875 717.375 266.1875 542.8125 737.9375 312.125 514.6875 717.0625 271 542.625 717.5 312.125 543.0625 396.25 1282.0625 -200.125 431.3125 1204.375 -313.375 314.0625 1281.5625 -314.0625 91.5625 1416.3125 -91.5625 85.625 1426.8125 -85.625 75.0625 1416.5625 -103.375 70.125 1427.0625 -96.5 54.9375 1426.8125 -107.875 119.5625 1426.8125 18.9375 113.5 1427.0625 36.875 107.875 1426.8125 54.9375 58.8125 1416.3125 -115.4375 36.875 1427.0625 -113.5 96.5 1427.0625 70.125 85.625 1426.8125 85.625 70.125 1427.0625 96.5 54.9375 1426.8125 107.875 39.4375 1416.5625 121.5 36.875 1427.0625 113.5 18.9375 1426.8125 119.5625 -75.0625 1416.5625 -103.375 -70.125 1427.0625 -96.5 -85.625 1426.8125 -85.625 0 1427.0625 119.3125 -18.9375 1426.8125 119.5625 -91.5625 1416.3125 -91.5625 -103.375 1416.5625 -75.0625 -96.5 1427.0625 -70.125 -107.875 1426.8125 -54.9375 -36.875 1427.0625 113.5 -54.9375 1426.8125 107.875 -113.5 1427.0625 -36.875 -70.125 1427.0625 96.5 -85.625 1426.8125 85.625 -96.5 1427.0625 70.125 486.875 906 486.875 405.125 889.1875 557.625 -355.0625 -63 -177.6875 -355.0625 -115 -177.625 -320.4375 -62.9375 -232.75 -320.4375 -115 -232.8125 -280.0625 -63 -280.0625 -280.0625 -115 -280.0625 78.875 1503.6875 -78.875 64.5 1503.875 -88.8125 50.625 1503.6875 -99.375 104.4375 1503.875 33.875 99.375 1503.6875 50.625 33.875 1503.875 -104.4375 17.4375 1503.6875 -110.1875 88.8125 1503.875 64.5 78.875 1503.6875 78.875 0 1503.875 -109.8125 -17.4375 1503.6875 -110.1875 64.5 1503.875 88.8125 50.625 1503.6875 99.375 -33.875 1503.875 -104.4375 -50.625 1503.6875 -99.375 33.875 1503.875 104.4375 17.4375 1503.6875 110.1875 -64.5 1503.875 -88.8125 -78.875 1503.6875 -78.875 0 1503.875 109.8125 -17.4375 1503.6875 110.1875 -88.8125 1503.875 -64.5 -99.375 1503.6875 -50.625 -33.875 1503.875 104.4375 -50.625 1503.6875 99.375 -104.4375 1503.875 -33.875 -110.1875 1503.6875 -17.4375 -64.5 1503.875 88.8125 -78.875 1503.6875 78.875 -109.8125 1503.875 0 -110.1875 1503.6875 17.4375 -88.8125 1503.875 64.5 -99.375 1503.6875 50.625 -104.4375 1503.875 33.875 -232.75 -63 -320.4375 -232.8125 -115 -320.4375 -189.375 596.125 -740.9375 -200.3125 596.125 -857.6875 -212.375 536.125 -730.1875 -224.625 536.125 -846.9375 -233.25 509.4375 -845.0625 -740.9375 596.125 -189.375 -857.6875 596.125 -200.3125 -864.1875 656.625 -146.875 475.4375 1203.875 -242.25 113.5 1427.0625 -36.875 107.875 1426.8125 -54.9375 119.5625 1426.8125 -18.9375 127.75 1416.5625 0 119.3125 1427.0625 0 390 596.125 657.8125 464.8125 596.125 748.125 507.1875 656.625 714.9375 -421.0625 1279.9375 136.6875 714.9375 656.625 507.1875 748.125 596.125 464.8125 657.8125 596.125 390 666.5 536.125 366.125 757.6875 536.125 440 762.5 509.4375 432.625 -864.1875 656.625 146.875 -857.6875 596.125 200.3125 -740.9375 596.125 189.375 -730.1875 536.125 212.375 -846.9375 536.125 224.625 -845.0625 509.4375 233.25 739.5625 702.875 77.5 -390 596.125 657.8125 -464.8125 596.125 748.125 -366.125 536.125 666.5 -440 536.125 757.6875 -432.625 509.4375 762.5 434.8125 772.625 598.5 -655.5 889.1875 -213 -189.375 596.125 740.9375 -200.3125 596.125 857.6875 -146.875 656.625 864.1875 136.6875 1279.9375 421.0625 146.875 656.625 864.1875 200.3125 596.125 857.6875 189.375 596.125 740.9375 212.375 536.125 730.1875 224.625 536.125 846.9375 233.25 509.4375 845.0625 -657.8125 596.125 390 -748.125 596.125 464.8125 -714.9375 656.625 507.1875 99.375 1503.6875 -50.625 654.8125 602.4375 377.6875 664 541.0625 353.25 139.1875 1282.0625 -421.5 -390 596.125 -657.8125 -464.8125 596.125 -748.125 -507.1875 656.625 -714.9375 -213 889.1875 655.5 598.5 772.625 -434.8125 600.6875 723.625 -436.4375 523.0625 772.625 -523.0625 525.0625 723.625 -525.0625 436.4375 723.625 -600.6875 661.5625 723.625 -337.0625 659.125 772.625 -335.8125 706.1875 723.625 -229.4375 -1317.5 -120 112.25 -1317.5 -115 119 -1317.5 -80 119 -714.9375 656.625 -507.1875 -748.125 596.125 -464.8125 -657.8125 596.125 -390 -666.5 536.125 -366.125 -757.6875 536.125 -440 -762.5 509.4375 -432.625 -598.5 772.625 434.8125 -659.125 772.625 -335.8125 -598.5 772.625 -434.8125 -507.1875 656.625 714.9375 -136.6875 1279.9375 -421.0625 132.625 148.8125 1105 132.75 45.75 1105 132.75 45.75 902.25 -325.1875 -80 650 -292.9375 -80 585.5625 -319.125 -74.875 648.75 -290.0625 -74.875 590.75 -292.9375 -80 585.5625 -206.875 -79.9375 621.1875 -212.5625 -74.875 622.8125 -206.875 -79.9375 621.1875 -229.625 -80 689.625 -233.0625 -74.875 684.375 -229.625 -80 689.625 -325.1875 -80 650 -233.0625 -74.875 684.375 -319.125 -74.875 648.75 -648.75 -74.875 319.125 -684.375 -74.875 233.0625 -590.75 -74.875 290.0625 -622.8125 -74.875 212.5625 -684.375 -74.875 -233.0625 -648.75 -74.875 -319.125 -622.8125 -74.875 -212.5625 -590.75 -74.875 -290.0625 -643.875 -74.875 -328.4375 -586.8125 -75 -419.3125 -585.8125 -74.875 -299.4375 -534.4375 -75 -381.25 -580.25 -75 -428.25 -513.8125 -74.75 -506.125 -527.875 -75 -390.1875 -468 -74.75 -460.375 -506.125 -74.75 -513.8125 -428.25 -75 -580.25 -460.375 -74.75 -468 -390.1875 -75 -527.875 -419.3125 -75 -586.8125 -328.4375 -74.875 -643.875 -381.25 -75 -534.4375 -299.4375 -74.875 -585.8125 -319.125 -74.875 -648.75 -233.0625 -74.875 -684.375 -290.0625 -74.875 -590.75 -212.5625 -74.875 -622.8125 -223 -74.875 -687.5625 -118.375 -75 -711.4375 -202.5 -74.875 -626 -108.25 -75 -647.5 -107.4375 -75 -713.125 -5.375 -74.75 -721.1875 -97.3125 -75 -649.1875 -5.375 -74.75 -656.4375 5.375 -74.75 -721.1875 107.4375 -75 -713.125 5.375 -74.75 -656.4375 97.3125 -75 -649.1875 118.375 -75 -711.4375 223 -74.875 -687.5625 108.25 -75 -647.5 202.5 -74.875 -626 233.0625 -74.875 -684.375 319.125 -74.875 -648.75 212.5625 -74.875 -622.8125 290.0625 -74.875 -590.75 328.4375 -74.875 -643.875 419.3125 -75 -586.8125 299.4375 -74.875 -585.8125 381.25 -75 -534.4375 428.25 -75 -580.25 506.125 -74.75 -513.8125 390.1875 -75 -527.875 460.375 -74.75 -468 513.8125 -74.75 -506.125 580.25 -75 -428.25 468 -74.75 -460.375 527.875 -75 -390.1875 586.8125 -75 -419.3125 643.875 -74.875 -328.4375 534.4375 -75 -381.25 585.8125 -74.875 -299.4375 648.75 -74.875 -319.125 684.375 -74.875 -233.0625 590.75 -74.875 -290.0625 622.8125 -74.875 -212.5625 687.5625 -74.875 -223 711.4375 -75 -118.375 626 -74.875 -202.5 647.5 -75 -108.25 713.125 -75 -107.4375 721.1875 -74.75 -5.375 649.1875 -75 -97.3125 656.4375 -74.75 -5.375 721.1875 -74.75 5.375 713.125 -75 107.4375 656.4375 -74.75 5.375 649.1875 -75 97.3125 711.4375 -75 118.375 687.5625 -74.875 223 647.5 -75 108.25 626 -74.875 202.5 684.375 -74.875 233.0625 648.75 -74.875 319.125 622.8125 -74.875 212.5625 590.75 -74.875 290.0625 319.125 -74.875 648.75 233.0625 -74.875 684.375 290.0625 -74.875 590.75 212.5625 -74.875 622.8125 223 -74.875 687.5625 118.375 -75 711.4375 202.5 -74.875 626 108.25 -75 647.5 107.4375 -75 713.125 5.375 -74.75 721.1875 97.3125 -75 649.1875 5.375 -74.75 656.4375 -5.375 -74.75 721.1875 -107.4375 -75 713.125 -5.375 -74.75 656.4375 -97.3125 -75 649.1875 -118.375 -75 711.4375 -223 -74.875 687.5625 -108.25 -75 647.5 -202.5 -74.875 626 -233.0625 -74.875 684.375 -319.125 -74.875 648.75 -646.0625 -80.125 480.1875 -705.4375 -80.125 539.3125 -653.1875 -74.9375 479.0625 -704.4375 -74.9375 530.125 -737.875 -79.9375 490.75 -729.3125 -74.875 490.125 -686.8125 -80.0625 437.875 -685.5625 -74.9375 445.875 -490.75 -79.9375 737.9375 -539.3125 -80.125 705.4375 -490.125 -74.875 729.3125 -530.125 -74.9375 704.4375 -480.1875 -80.125 646.0625 -479.0625 -74.9375 653.1875 -437.875 -80.0625 686.8125 -445.875 -74.9375 685.5625 -586.5625 -80.125 426.1875 -596 -75 426.5 -644.5 -75 470.5625 -677.375 -74.9375 437.875 -618.3125 -80.0625 375.6875 -620.0625 -74.9375 385.125 -437.875 -74.9375 677.375 -470.5625 -75 644.5 -426.1875 -80.125 586.5625 -426.5 -75 596 -375.6875 -80.0625 618.3125 -385.125 -74.9375 620.0625 -383.875 -115 528.375 -426.1875 -115 586.5625 -391.1875 -120 526.875 -431.0625 -120 581.6875 -586.5625 -115 426.1875 -528.375 -115 383.875 -581.6875 -120 431.0625 -526.875 -120 391.1875 -528.375 -80.125 383.875 -383.875 -80.125 528.375 -585.5625 -115 292.9375 -524.0625 -120 380.75 -580.75 -120 290.5625 -292.9375 -115 585.5625 -290.5625 -120 580.75 -380.75 -120 524.0625 -292.9375 -80 585.5625 -585.5625 -79.9375 292.9375 -419.3125 -75 586.8125 -381.25 -75 534.4375 -292.9375 -80 585.5625 -299.4375 -74.875 585.8125 -292.9375 -80 585.5625 -325.1875 -80 650 -328.4375 -74.875 643.875 -650 -79.9375 325.1875 -585.5625 -79.9375 292.9375 -643.875 -74.875 328.4375 -585.8125 -74.875 299.4375 -585.5625 -79.9375 292.9375 -534.4375 -75 381.25 -586.8125 -75 419.3125 -328.4375 -74.875 643.875 -419.3125 -75 586.8125 -586.8125 -75 419.3125 -643.875 -74.875 328.4375 -646.0625 -115 480.1875 -705.4375 -115 539.3125 -480.1875 -115 646.0625 480.1875 -80.125 646.0625 539.3125 -80.125 705.4375 479.0625 -74.9375 653.1875 530.125 -74.9375 704.4375 490.75 -79.9375 737.875 490.125 -74.875 729.3125 437.875 -80.0625 686.8125 445.875 -74.9375 685.5625 737.9375 -79.9375 490.75 705.4375 -80.125 539.3125 729.3125 -74.875 490.125 704.4375 -74.9375 530.125 646.0625 -80.125 480.1875 653.1875 -74.9375 479.0625 686.8125 -80.0625 437.875 685.5625 -74.9375 445.875 426.1875 -80.125 586.5625 426.5 -75 596 470.5625 -75 644.5 437.875 -74.9375 677.375 375.6875 -80.0625 618.3125 385.125 -74.9375 620.0625 677.375 -74.9375 437.875 644.5 -75 470.5625 586.5625 -80.125 426.1875 596 -75 426.5 618.3125 -80.0625 375.6875 620.0625 -74.9375 385.125 528.375 -115 383.875 586.5625 -115 426.1875 526.875 -120 391.1875 581.6875 -120 431.0625 426.1875 -115 586.5625 383.875 -115 528.375 431.0625 -120 581.6875 391.1875 -120 526.875 383.875 -80.125 528.375 528.375 -80.125 383.875 292.9375 -115 585.5625 380.75 -120 524.0625 290.5625 -120 580.75 524.0625 -120 380.75 580.75 -120 290.5625 585.5625 -115 292.9375 616.125 -120 205.1875 621.1875 -115 206.875 639.8125 -120 101.3125 645.125 -115 102.125 647.875 -120 0 653.1875 -115 0 639.8125 -120 -101.3125 645.125 -115 -102.125 616.125 -120 -205.1875 621.1875 -115 -206.875 580.75 -120 -290.5625 585.5625 -115 -292.9375 524.0625 -120 -380.75 528.375 -115 -383.875 458.125 -120 -458.125 461.875 -115 -461.875 380.75 -120 -524.0625 383.875 -115 -528.375 290.5625 -120 -580.75 292.9375 -115 -585.5625 205.1875 -120 -616.125 206.875 -115 -621.1875 101.3125 -120 -639.8125 102.125 -115 -645.125 0 -120 -647.875 0 -115 -653.1875 -101.3125 -120 -639.8125 -102.125 -115 -645.125 -205.1875 -120 -616.125 -206.875 -115 -621.1875 -290.5625 -120 -580.75 -292.9375 -115 -585.5625 -380.75 -120 -524.0625 -383.875 -115 -528.375 -458.125 -120 -458.125 -461.875 -115 -461.875 -524.0625 -120 -380.75 -528.375 -115 -383.875 -580.75 -120 -290.5625 -585.5625 -115 -292.9375 -616.125 -120 -205.1875 -621.1875 -115 -206.875 585.5625 -80 292.9375 292.9375 -79.9375 585.5625 586.8125 -75 419.3125 534.4375 -75 381.25 585.5625 -80 292.9375 585.8125 -74.875 299.4375 585.5625 -80 292.9375 650 -80 325.1875 643.875 -74.875 328.4375 325.1875 -79.9375 650 292.9375 -79.9375 585.5625 328.4375 -74.875 643.875 299.4375 -74.875 585.8125 292.9375 -79.9375 585.5625 381.25 -75 534.4375 419.3125 -75 586.8125 643.875 -74.875 328.4375 586.8125 -75 419.3125 419.3125 -75 586.8125 328.4375 -74.875 643.875 480.1875 -115 646.0625 539.3125 -115 705.4375 646.0625 -115 480.1875 705.4375 -115 539.3125 -877.875 -79.9375 -174.75 -891.625 -80.125 -117.5 -870.9375 -75.125 -167.0625 -881.9375 -75.25 -121.25 -891.625 -80.125 117.4375 -877.875 -79.9375 174.75 -881.9375 -75.25 121.25 -870.9375 -75.125 167.0625 -746.9375 316.9375 513.875 -747.25 220.0625 514.125 -722 220.0625 550.25 -722 265.625 550.25 -721.75 271.6875 550.0625 -722.1875 316.9375 550.5 -514.3125 115.8125 747.5625 -514.125 220.0625 747.25 -550.25 220.0625 722 -550.5 167.25 722.375 -550.4375 161.1875 722.375 -550.875 115.8125 722.75 -747.5625 115.8125 514.3125 -722.75 115.8125 550.875 -722.375 161.1875 550.4375 -722.375 167.25 550.5 -553.875 271.6875 719.3125 -554.8125 316.9375 720.1875 -552.9375 276.5625 709.1875 -553.625 312.8125 709.8125 -644.4375 316.9375 644.4375 -634.375 312.75 641.6875 -642.6875 271.6875 642.6875 -632.875 276.5 640.1875 -513.875 316.9375 746.9375 -550.5 316.9375 722.1875 -550.0625 271.6875 721.75 -550.25 265.625 722 -643.625 161.1875 643.625 -644.375 115.8125 644.375 -633.75 156.4375 641.0625 -634.3125 120.1875 641.625 -555.125 115.8125 720.625 -554 120.125 710.3125 -554.3125 161.1875 719.875 -553.3125 156.4375 709.6875 -719.875 161.1875 554.3125 -720.625 115.8125 555.125 -709.6875 156.4375 553.3125 -710.3125 120.125 554 -641.625 120.1875 634.3125 -641.0625 156.4375 633.75 -720.1875 316.9375 554.8125 -719.3125 271.6875 553.875 -709.8125 312.8125 553.625 -709.1875 276.5625 552.9375 -640.1875 276.5 632.875 -641.6875 312.75 634.375 -942 324.1875 941.875 -1008.5 277.125 868.5 -941.375 259.1875 941.3125 -1007.4375 259.0625 870.0625 -870.125 259.375 1007.375 -868.4375 277.125 1008.5625 -858 281.6875 1018.1875 -854.6875 286.1875 1021.25 -858.0625 324.1875 1017.875 -854.6875 319.625 1021 -1011.875 281.6875 864.8125 -1018.0625 281.6875 858.125 -1018 324.1875 857.875 -557.125 262.5625 722.5625 -560.5625 267.125 719.5625 -722.6875 229.125 557.1875 -722.5625 262.5625 557.125 -716.4375 224.625 557.375 -716.1875 220.0625 551 -713.5 167.125 554.75 -716.375 171.6875 551.25 -557.1875 229.125 722.6875 -551 220.0625 716.1875 -557.375 224.625 716.4375 -551.25 171.6875 716.4375 -554.75 167.125 713.5 -937.9375 254.625 937.875 -1000.75 254.5 870.625 -870.6875 254.8125 1000.6875 -699 220.0625 576.6875 -702 224.625 573.3125 -670.875 220.0625 551.1875 -673.9375 224.625 547.75 -688.375 224.625 531.875 -685 220.0625 528.875 -670.5625 220.0625 544.75 -669.875 190.1875 545.875 -670.75 198.25 551.625 -696.1875 194.625 580.25 -699.125 199.1875 576.75 -667.75 193.625 555.1875 -691.4375 170.8125 529.125 -685.5625 169.4375 528.8125 -691.4375 220.0625 528.5625 -573.3125 224.625 702 -576.6875 220.0625 699 -547.75 224.625 673.9375 -551.1875 220.0625 670.875 -864.6875 281.6875 1012 -528.8125 220.0625 685 -531.875 224.625 688.375 -544.75 220.0625 670.5625 -607.8125 188.125 607.8125 -610.875 192.875 610.875 -545.875 190.1875 669.875 -555.1875 193.625 667.75 -551.625 198.25 670.75 -576.75 199.1875 699.125 -580.25 194.625 696.1875 -611.875 165.6875 611.875 -608.5 170 608.5 -688.4375 166.25 532.625 -532.625 166.25 688.4375 -528.8125 169.4375 685.5625 -529.125 170.8125 691.4375 -528.5625 220.0625 691.4375 -645.875 267.125 645.875 -719.5625 267.125 560.5625 -1021.125 319.625 854.5625 -1021.125 286.1875 854.8125 -640.375 167.1875 640.375 -642.5625 194.625 642.5625 513.875 316.9375 746.9375 514.125 220.0625 747.25 550.25 220.0625 722 550.25 265.625 722 550.0625 271.6875 721.75 550.5 316.9375 722.1875 747.5625 115.8125 514.3125 747.25 220.0625 514.125 722 220.0625 550.25 722.375 167.25 550.5 722.375 161.1875 550.4375 722.75 115.8125 550.875 514.3125 115.8125 747.5625 550.875 115.8125 722.75 550.4375 161.1875 722.375 550.5 167.25 722.375 719.3125 271.6875 553.875 720.1875 316.9375 554.8125 709.1875 276.5625 552.9375 709.8125 312.8125 553.625 644.4375 316.9375 644.4375 641.6875 312.75 634.375 642.6875 271.6875 642.6875 640.1875 276.5 632.875 746.9375 316.9375 513.875 722.1875 316.9375 550.5 721.75 271.6875 550.0625 722 265.625 550.25 643.625 161.1875 643.625 644.375 115.8125 644.375 641.0625 156.4375 633.75 641.625 120.1875 634.3125 720.625 115.8125 555.125 710.3125 120.125 554 719.875 161.1875 554.3125 709.6875 156.4375 553.3125 554.3125 161.1875 719.875 555.125 115.8125 720.625 553.3125 156.4375 709.6875 554 120.125 710.3125 634.3125 120.1875 641.625 633.75 156.4375 641.0625 554.8125 316.9375 720.1875 553.875 271.6875 719.3125 553.625 312.8125 709.8125 552.9375 276.5625 709.1875 632.875 276.5 640.1875 634.375 312.75 641.6875 702.375 292 701 629 245 767.5625 701.75 227.0625 700.4375 630.5 226.9375 766.5 767.875 227.25 629.125 769.0625 245 627.4375 778.625 249.5 617 781.6875 254.0625 613.6875 778.3125 292 617.0625 781.4375 287.5 613.75 625.25 249.5 770.875 618.625 249.5 777.125 618.375 292 777.0625 722.5625 262.5625 557.125 719.5625 267.125 560.5625 557.1875 229.125 722.6875 557.125 262.5625 722.5625 557.375 224.625 716.4375 551 220.0625 716.1875 554.75 167.125 713.5 551.25 171.6875 716.375 722.6875 229.125 557.1875 716.1875 220.0625 551 716.4375 224.625 557.375 716.4375 171.6875 551.25 713.5 167.125 554.75 698.3125 222.5 697 631.0625 222.375 759.8125 761.1875 222.6875 629.75 576.6875 220.0625 699 573.3125 224.625 702 551.1875 220.0625 670.875 547.75 224.625 673.9375 531.875 224.625 688.375 528.875 220.0625 685 544.75 220.0625 670.5625 545.875 190.1875 669.875 551.625 198.25 670.75 580.25 194.625 696.1875 576.75 199.1875 699.125 555.1875 193.625 667.75 529.125 170.8125 691.4375 528.8125 169.4375 685.5625 528.5625 220.0625 691.4375 702 224.625 573.3125 699 220.0625 576.6875 673.9375 224.625 547.75 670.875 220.0625 551.1875 772.4375 249.5 623.6875 685 220.0625 528.8125 688.375 224.625 531.875 670.5625 220.0625 544.75 607.8125 188.125 607.8125 610.875 192.875 610.875 669.875 190.1875 545.875 667.75 193.625 555.1875 670.75 198.25 551.625 699.125 199.1875 576.75 696.1875 194.625 580.25 611.875 165.6875 611.875 608.5 170 608.5 532.625 166.25 688.4375 688.4375 166.25 532.625 685.5625 169.4375 528.8125 691.4375 170.8125 529.125 691.4375 220.0625 528.5625 645.875 267.125 645.875 560.5625 267.125 719.5625 615.0625 287.5 780.125 615.25 254.0625 780.1875 640.375 167.1875 640.375 642.5625 194.625 642.5625 421.75 1282.0625 -138.6875 396.25 1282.0625 -200.125 -539.3125 -115 705.4375 655.5 889.1875 213 136.6875 1279.9375 421.0625 201.0625 1279.9375 394.375 -405.125 889.1875 -557.625 -880.1875 -80.125 -117.4375 -880.1875 -115 -117.4375 -891.625 -115 -117.5625 -880.1875 -120 -110.25 -891.625 -120 -110.375 -880.1875 -120 110.25 -880.1875 -115 117.4375 -891.625 -120 110.3125 -891.625 -115 117.4375 -880.1875 -80.125 117.4375 -557.625 889.1875 405.125 -716.125 -115 113.375 -796.375 -115 117.25 -716.125 -120 106.5 -796.375 -120 110.0625 -796.375 -115 -117.25 -716.125 -115 -113.375 -796.375 -120 -110.0625 -716.125 -120 -106.5 -713.5625 -80.125 547.3125 -713.625 -115 547.3125 -700.375 -120 544.375 -708.5625 -120 552.375 -544.375 -120 700.375 -552.4375 -120 708.4375 -547.375 -115 713.5 -547.375 -80.125 713.5 -485.25 -120 641 -641 -120 485.25 547.375 -80.125 713.5625 547.3125 -115 713.625 -229.625 -80 -689.625 -206.875 -79.9375 -621.1875 -233.0625 -74.875 -684.375 0 1503.875 0 -577.8125 702.875 -468.125 719.3125 541.0625 219.75 807.3125 716.25 -335.1875 757.25 716.3125 -432.875 672.8125 716 -343.9375 610.1875 716 -443.6875 718.6875 716 -233.125 840.5625 716.3125 -228.6875 861.5625 716 -116.25 -585.5625 -115 292.9375 -621.1875 -115 206.875 -616.125 -120 205.1875 292.9375 -115 585.5625 206.875 -115 621.1875 205.1875 -120 616.125 102.125 -115 645.125 101.3125 -120 639.8125 0 -115 653.1875 0 -120 647.875 -102.125 -115 645.125 -101.3125 -120 639.8125 -206.875 -115 621.1875 -205.1875 -120 616.125 -292.9375 -79.9375 -585.5625 -383.875 -80.125 -528.375 -461.875 -79.8125 -461.875 -528.375 -80.125 -383.875 -206.875 -79.9375 -621.1875 -102.125 -80.125 -645.125 0 -79.8125 -653.1875 102.125 -80.125 -645.125 206.875 -79.9375 -621.1875 292.9375 -80 -585.5625 383.875 -80.125 -528.375 461.875 -79.8125 -461.875 528.375 -80.125 -383.875 585.5625 -79.9375 -292.9375 621.1875 -80 -206.875 645.125 -80.125 -102.125 653.1875 -79.8125 0 645.125 -80.125 102.125 621.1875 -79.9375 206.875 544.375 -120 700.375 552.375 -120 708.5625 700.375 -120 544.375 708.4375 -120 552.4375 713.5 -115 547.375 713.5 -80.125 547.375 641 -120 485.25 132.625 152.125 901.4375 -131.875 294.25 891.4375 -132.4375 287.625 900.625 -80.5 347.0625 896.4375 -75.8125 343.75 905.0625 -165.3125 325.3125 882.8125 -131.875 294.25 891.4375 -103.6875 386.875 892.4375 -103.25 394.6875 897.4375 -171.8125 325 887.0625 -169 319.4375 882.125 -177.75 291.0625 881.625 -183.125 287.6875 885.9375 131.875 294.25 891.4375 132.4375 287.625 900.625 165.3125 325.3125 882.8125 171.8125 325 887.0625 169 319.4375 882.125 139.75 290.9375 890.1875 -103.25 394.6875 897.4375 -75.8125 343.75 905.0625 -96.1875 393.8125 892.75 -74.5 353.6875 896.9375 96.1875 393.8125 892.75 103.25 394.6875 897.4375 5.375 424.5 900.3125 0 428.875 905.8125 74.5 353.6875 896.9375 5 377.9375 900.5 75.8125 343.75 905.0625 74.5 353.6875 896.9375 0 370.375 909.4375 5 377.9375 900.5 132.4375 287.625 900.625 131.875 294.25 891.4375 80.5 347.0625 896.4375 103.6875 386.875 892.4375 171.8125 325 887.0625 -5.375 424.5 900.3125 -5 377.9375 900.5 0 428.875 905.8125 0 370.375 909.4375 132.4375 287.625 900.625 183.125 287.6875 885.9375 177.75 291.0625 881.625 -132.4375 287.625 900.625 -139.75 290.9375 890.1875 -183.125 287.6875 885.9375 -177.75 291.0625 881.625 141.1875 284.375 889.9375 177.75 284.5 881.8125 -177.75 284.5 881.8125 -177.8125 157.375 882 -183.3125 151.4375 886.5625 -141.1875 284.375 889.9375 -141.25 157.25 890.125 -177.8125 157.375 882 -141.25 157.25 890.125 -132.625 152.125 901.4375 -132.4375 287.625 900.625 183.3125 151.4375 890.5 183.125 287.6875 889.6875 183.3125 151.4375 886.5625 183.125 287.6875 885.9375 -183.3125 151.4375 890.5 -183.5625 45.875 891.3125 -183.3125 151.4375 886.5625 -183.5625 44.3125 887.1875 -132.625 152.125 901.4375 -183.3125 151.4375 886.5625 -141.3125 148.9375 890.5625 -177.9375 149.0625 882.4375 132.625 152.125 901.4375 141.3125 148.9375 890.5625 183.3125 151.4375 886.5625 177.9375 149.0625 882.4375 183.125 287.6875 885.9375 183.3125 151.4375 886.5625 177.8125 157.375 882 141.25 157.25 890.125 177.8125 157.375 882 132.625 152.125 901.4375 141.25 157.25 890.125 132.4375 287.625 900.625 -178.125 42.375 883.25 -183.5625 44.3125 887.1875 -141.5 42.25 891.375 -178.125 42.375 883.25 -141.5 42.25 891.375 -132.75 45.75 902.25 132.75 45.75 902.25 141.5 42.25 891.375 141.5 42.25 891.375 178.125 42.375 883.25 183.5625 44.3125 887.1875 178.125 42.375 883.25 485.25 -120 641 -891.0625 18 -117.375 -877.875 18 -174.75 -881.5 13.0625 -121.1875 -870.9375 13.0625 -167.0625 -891.25 -37.5 -117.375 -883.5625 13.0625 -109.3125 -883.6875 -32.625 -109.3125 -900.5625 -37.5 0 -891.125 -32.625 -8.625 -900.375 18.125 0 -890.9375 13.1875 -8.625 -891.25 -37.5 117.375 -891.125 -32.625 8.625 -883.6875 -32.625 109.3125 -891.0625 18 117.375 -883.5625 13.0625 109.3125 -890.9375 13.1875 8.625 -877.875 18 174.75 -870.9375 13.0625 167.0625 -881.5 13.0625 121.1875 -1317.5 -37.5 0 -1317.5 -37.5 119 -796.375 -80.125 -117.25 -800.625 -74.9375 -123.125 -873 -74.9375 -123.25 -868.8125 -79.9375 -174.75 -862.25 -74.875 -169.125 -795.25 -80.0625 -176 -800.0625 -74.9375 -169.5 292.9375 -79.9375 585.5625 206.875 -79.9375 621.1875 102.125 -80.125 645.125 0 -79.8125 653.1875 -102.125 -80.125 645.125 -343.375 45.875 700.5 -342.625 287.6875 699 -342.25 439.5 698.25 -349.125 509.375 665.5 -359.75 509.375 670.25 -666.5 536.125 366.125 -665.5 509.375 349.125 -670.25 509.375 359.75 -698.25 439.5 342.25 -699 287.6875 342.625 -700.5 45.875 343.375 -757.6875 536.125 440 -762.5 509.4375 432.625 -791.875 439.5625 411.25 -792.6875 287.75 411.625 -794.1875 46 412.3125 -412.3125 46 794.1875 -411.625 287.75 792.6875 -411.25 439.5625 791.875 -223.6875 509.375 717.5 -206.875 -79.9375 621.1875 -868.8125 -79.9375 174.75 -862.25 -74.875 169.125 -873 -74.9375 123.25 -796.375 -80.125 117.25 -800.625 -74.9375 123.125 -795.25 -80.0625 176 -800.0625 -74.9375 169.5 -585.5625 -79.9375 292.9375 -621.1875 -80 206.875 -716.125 -80.125 -113.375 -723 -75 -119.8125 -788.5 -75 -122.9375 -788.5625 -74.9375 -169.3125 -702.875 -80.0625 -171.5 -710.8125 -74.9375 -166.125 -585.5625 -80 -292.9375 -621.1875 -79.9375 -206.875 -689.625 -80 229.625 -621.1875 -80 206.875 -684.375 -74.875 233.0625 -621.1875 -80 206.875 -585.5625 -79.9375 292.9375 -585.5625 -79.9375 292.9375 -650 -79.9375 325.1875 -648.75 -74.875 319.125 -738.125 45.875 252.5 -736.5625 287.6875 251.9375 -735.75 439.5 251.6875 -728.375 509.375 219.5625 -717.5 509.375 223.6875 -730.0625 602.4375 -195.9375 -719.3125 541.0625 -219.75 -730.1875 536.125 -212.375 -717.5 509.375 -223.6875 -728.375 509.375 -219.5625 -650 -79.9375 325.1875 -689.625 -80 229.625 -648.75 -74.875 319.125 -684.375 -74.875 233.0625 -738.125 45.875 -252.5 -736.5625 287.6875 -251.9375 -846.9375 536.125 -224.625 -845.0625 509.4375 -233.25 -735.75 439.5 -251.6875 -850.75 439.5625 -269.125 -851.5625 287.75 -269.4375 -853.125 46 -270 -853.125 46 270 -851.5625 287.75 269.4375 -850.75 439.5625 269.125 -650 -79.9375 -325.1875 -585.5625 -80 -292.9375 -648.75 -74.875 -319.125 -585.5625 -80 -292.9375 -621.1875 -79.9375 -206.875 -621.1875 -79.9375 -206.875 -689.625 -79.9375 -229.625 -684.375 -74.875 -233.0625 -689.625 -79.9375 -229.625 -650 -79.9375 -325.1875 -684.375 -74.875 -233.0625 -648.75 -74.875 -319.125 -586.5625 -80.125 -426.1875 -528.375 -80.125 -383.875 -586.8125 -75 -419.3125 -528.375 -80.125 -383.875 -585.5625 -80 -292.9375 -788.5625 -74.9375 169.3125 -788.5 -75 122.9375 -716.125 -80.125 113.375 -723 -75 119.8125 -702.875 -80.0625 171.5 -710.8125 -74.9375 166.125 -645.125 -115 102.125 -649.125 -120 95.9375 -645.125 -115 -102.125 -649.125 -120 -95.9375 -650 -79.9375 -325.1875 -643.875 -74.875 -328.4375 -650 -79.9375 -325.1875 -586.5625 -80.125 -426.1875 -643.875 -74.875 -328.4375 -586.8125 -75 -419.3125 -512.75 -79.8125 -512.75 -461.875 -79.8125 -461.875 -513.8125 -74.75 -506.125 -461.875 -79.8125 -461.875 -528.375 -80.125 -383.875 -528.375 -80.125 -383.875 -586.5625 -80.125 -426.1875 -580.25 -75 -428.25 -700.5 45.875 -343.375 -699 287.6875 -342.625 -698.25 439.5 -342.25 -665.5 509.375 -349.125 -670.25 509.375 -359.75 -377.6875 602.4375 -654.8125 -353.25 541.0625 -664 -366.125 536.125 -666.5 -349.125 509.375 -665.5 -359.75 509.375 -670.25 -342.25 439.5 -698.25 -342.625 287.6875 -699 -343.375 45.875 -700.5 -440 536.125 -757.6875 -432.625 509.4375 -762.5 -411.25 439.5625 -791.875 -411.625 287.75 -792.6875 -412.3125 46 -794.1875 -794.1875 46 -412.3125 -792.6875 287.75 -411.625 -791.875 439.5625 -411.25 -586.5625 -80.125 -426.1875 -512.75 -79.8125 -512.75 -580.25 -75 -428.25 -513.8125 -74.75 -506.125 -426.1875 -80.125 -586.5625 -383.875 -80.125 -528.375 -428.25 -75 -580.25 -383.875 -80.125 -528.375 -512.75 -79.8125 -512.75 -506.125 -74.75 -513.8125 -645.125 -80.125 -102.125 -645.125 -80.125 102.125 -639.8125 -120 -101.3125 -639.8125 -120 101.3125 -74.9375 695.1875 -750.4375 -79.25 695.1875 -867.1875 -138.875 656.625 -747.5 -146.875 656.625 -864.1875 -426.1875 -80.125 -586.5625 -506.125 -74.75 -513.8125 -428.25 -75 -580.25 -325.1875 -79.9375 -650 -292.9375 -79.9375 -585.5625 -328.4375 -74.875 -643.875 -292.9375 -79.9375 -585.5625 -383.875 -80.125 -528.375 -383.875 -80.125 -528.375 -426.1875 -80.125 -586.5625 -419.3125 -75 -586.8125 -252.5 45.875 -738.125 -251.9375 287.6875 -736.5625 -251.6875 439.5 -735.75 -219.5625 509.375 -728.375 -223.6875 509.375 -717.5 0 716 -753.375 -270 46 -853.125 -269.4375 287.75 -851.5625 -269.125 439.5625 -850.75 0 716 -870.125 -115.6875 772.625 -730.6875 -711.4375 -75 118.375 -647.5 -75 108.25 -621.1875 -80 206.875 -626 -74.875 202.5 -689.625 -80 229.625 -687.5625 -74.875 223 -689.625 -79.9375 -229.625 -687.5625 -74.875 -223 -626 -74.875 -202.5 750.4375 695.1875 74.9375 747.5 656.625 138.875 867.1875 695.1875 79.25 864.1875 656.625 146.875 740.9375 596.125 189.375 857.6875 596.125 200.3125 753.375 716 0 730.1875 536.125 212.375 717.5 509.375 223.6875 728.375 509.375 219.5625 735.75 439.5 251.6875 736.5625 287.6875 251.9375 738.125 45.875 252.5 877.8125 716.25 -1.25 846.9375 536.125 224.625 845.0625 509.4375 233.25 850.75 439.5625 269.125 851.5625 287.75 269.4375 853.125 46 270 -647.5 -75 -108.25 -711.4375 -75 -118.375 -687.5625 -74.875 223 -711.4375 -75 118.375 -711.4375 -75 -118.375 -687.5625 -74.875 -223 -325.1875 -79.9375 -650 -419.3125 -75 -586.8125 -328.4375 -74.875 -643.875 -206.875 -79.9375 -621.1875 -292.9375 -79.9375 -585.5625 -325.1875 -79.9375 -650 -319.125 -74.875 -648.75 -325.1875 -79.9375 -650 -229.625 -80 -689.625 -319.125 -74.875 -648.75 -233.0625 -74.875 -684.375 -113.375 -80.125 -716.125 -102.125 -80.125 -645.125 -118.375 -75 -711.4375 700.5 45.875 343.375 699 287.6875 342.625 698.25 439.5 342.25 665.5 509.375 349.125 670.25 509.375 359.75 366.125 536.125 666.5 349.125 509.375 665.5 359.75 509.375 670.25 342.25 439.5 698.25 342.625 287.6875 699 343.375 45.875 700.5 440 536.125 757.6875 432.625 509.4375 762.5 411.25 439.5625 791.875 411.625 287.75 792.6875 412.3125 46 794.1875 794.1875 46 412.3125 792.6875 287.75 411.625 791.875 439.5625 411.25 -102.125 -80.125 -645.125 -206.875 -79.9375 -621.1875 -229.625 -80 -689.625 -223 -74.875 -687.5625 -229.625 -80 -689.625 -113.375 -80.125 -716.125 -223 -74.875 -687.5625 -118.375 -75 -711.4375 0 -79.8125 -725.125 0 -79.8125 -653.1875 -5.375 -74.75 -721.1875 0 -79.8125 -653.1875 -102.125 -80.125 -645.125 -102.125 -80.125 -645.125 -113.375 -80.125 -716.125 -107.4375 -75 -713.125 -113.375 -80.125 -716.125 0 -79.8125 -725.125 -107.4375 -75 -713.125 -5.375 -74.75 -721.1875 113.375 -80.125 -716.125 102.125 -80.125 -645.125 107.4375 -75 -713.125 102.125 -80.125 -645.125 0 -79.8125 -653.1875 5.375 -74.75 -721.1875 252.5 45.875 738.125 251.9375 287.6875 736.5625 219.5625 509.375 728.375 223.6875 509.375 717.5 -212.375 536.125 730.1875 -219.5625 509.375 728.375 -251.6875 439.5 735.75 -251.9375 287.6875 736.5625 -252.5 45.875 738.125 -224.625 536.125 846.9375 -233.25 509.4375 845.0625 -269.125 439.5625 850.75 -269.4375 287.75 851.5625 -270 46 853.125 270 46 853.125 269.4375 287.75 851.5625 269.125 439.5625 850.75 251.6875 439.5 735.75 113.375 -80.125 -716.125 5.375 -74.75 -721.1875 107.4375 -75 -713.125 229.625 -80 -689.625 206.875 -79.9375 -621.1875 223 -74.875 -687.5625 206.875 -79.9375 -621.1875 102.125 -80.125 -645.125 113.375 -80.125 -716.125 118.375 -75 -711.4375 228.9375 717.375 -715.125 227.5625 716 -842.0625 112.1875 715.9375 -744.25 113.25 715.9375 -860.9375 229.4375 723.625 -706.1875 343.75 717.3125 -667.5625 337.0625 723.625 -661.5625 695.9375 715.6875 -536.875 619.125 715.75 -619.8125 532.75 716 -532.75 745.125 716 -118 113.375 -80.125 -716.125 229.625 -80 -689.625 118.375 -75 -711.4375 223 -74.875 -687.5625 325.1875 -80 -650 292.9375 -80 -585.5625 319.125 -74.875 -648.75 292.9375 -80 -585.5625 206.875 -79.9375 -621.1875 233.0625 -74.875 -684.375 229.625 -80 -689.625 325.1875 -80 -650 233.0625 -74.875 -684.375 319.125 -74.875 -648.75 426.1875 -80.125 -586.5625 383.875 -80.125 -528.375 419.3125 -75 -586.8125 177.75 291.0625 881.625 -183.125 287.6875 889.6875 -183.125 287.6875 885.9375 -171.8125 325 890.75 -171.8125 325 887.0625 -103.25 394.6875 901.125 -103.25 394.6875 897.4375 0 428.875 905.8125 0 428.875 909.5625 103.25 394.6875 901.125 103.25 394.6875 897.4375 171.8125 325 890.75 171.8125 325 887.0625 183.5625 45.875 891.3125 183.5625 44.3125 887.1875 -171.8125 325 887.0625 -132.4375 287.625 900.625 75.8125 343.75 905.0625 103.25 394.6875 897.4375 -5 377.9375 900.5 -74.5 353.6875 896.9375 446.875 715.9375 -605.625 535.875 715.9375 -695 436.375 716 -755.5625 383.875 -80.125 -528.375 292.9375 -80 -585.5625 434.8125 772.625 -598.5 335.8125 772.625 -659.125 328.4375 -74.875 -643.875 325.1875 -80 -650 426.1875 -80.125 -586.5625 328.4375 -74.875 -643.875 419.3125 -75 -586.8125 512.75 -79.8125 -512.75 461.875 -79.8125 -461.875 506.125 -74.75 -513.8125 375.6875 -80.0625 618.3125 325.1875 -79.9375 650 419.3125 -75 586.8125 618.3125 -80.0625 375.6875 650 -80 325.1875 643.875 -74.875 328.4375 -702.875 -80.0625 -171.5 -689.625 -79.9375 -229.625 -711.4375 -75 -118.375 -702.875 -80.0625 171.5 -689.625 -80 229.625 -687.5625 -74.875 223 -618.3125 -80.0625 375.6875 -650 -79.9375 325.1875 -586.8125 -75 419.3125 -375.6875 -80.0625 618.3125 -325.1875 -80 650 -328.4375 -74.875 643.875 461.875 -79.8125 -461.875 383.875 -80.125 -528.375 426.1875 -80.125 -586.5625 428.25 -75 -580.25 512.75 -79.8125 -512.75 428.25 -75 -580.25 506.125 -74.75 -513.8125 586.5625 -80.125 -426.1875 528.375 -80.125 -383.875 580.25 -75 -428.25 528.375 -80.125 -383.875 461.875 -79.8125 -461.875 513.8125 -74.75 -506.125 512.75 -79.8125 -512.75 586.5625 -80.125 -426.1875 513.8125 -74.75 -506.125 580.25 -75 -428.25 650 -79.9375 -325.1875 585.5625 -79.9375 -292.9375 643.875 -74.875 -328.4375 585.5625 -79.9375 -292.9375 528.375 -80.125 -383.875 528.375 -80.125 -383.875 586.5625 -80.125 -426.1875 586.8125 -75 -419.3125 586.5625 -80.125 -426.1875 650 -79.9375 -325.1875 586.8125 -75 -419.3125 643.875 -74.875 -328.4375 689.625 -80 -229.625 621.1875 -80 -206.875 684.375 -74.875 -233.0625 621.1875 -80 -206.875 585.5625 -79.9375 -292.9375 96.5 1427.0625 -70.125 648.75 -74.875 -319.125 650 -79.9375 -325.1875 689.625 -80 -229.625 648.75 -74.875 -319.125 684.375 -74.875 -233.0625 716.125 -80.125 -113.375 645.125 -80.125 -102.125 711.4375 -75 -118.375 645.125 -80.125 -102.125 687.5625 -74.875 -223 689.625 -80 -229.625 716.125 -80.125 -113.375 687.5625 -74.875 -223 711.4375 -75 -118.375 725.125 -79.8125 0 653.1875 -79.8125 0 721.1875 -74.75 -5.375 653.1875 -79.8125 0 645.125 -80.125 -102.125 716.125 -80.125 -113.375 713.125 -75 -107.4375 725.125 -79.8125 0 713.125 -75 -107.4375 721.1875 -74.75 -5.375 716.125 -80.125 113.375 645.125 -80.125 102.125 713.125 -75 107.4375 645.125 -80.125 102.125 653.1875 -79.8125 0 653.1875 -79.8125 0 725.125 -79.8125 0 721.1875 -74.75 5.375 716.125 -80.125 113.375 721.1875 -74.75 5.375 713.125 -75 107.4375 689.625 -79.9375 229.625 621.1875 -79.9375 206.875 621.1875 -79.9375 206.875 645.125 -80.125 102.125 716.125 -80.125 113.375 711.4375 -75 118.375 716.125 -80.125 113.375 711.4375 -75 118.375 650 -80 325.1875 585.5625 -80 292.9375 648.75 -74.875 319.125 650 -80 325.1875 648.75 -74.875 319.125 88.8125 1503.875 -64.5 229.625 -80 689.625 206.875 -79.9375 621.1875 233.0625 -74.875 684.375 206.875 -79.9375 621.1875 292.9375 -79.9375 585.5625 319.125 -74.875 648.75 325.1875 -79.9375 650 229.625 -80 689.625 319.125 -74.875 648.75 233.0625 -74.875 684.375 113.375 -80.125 716.125 102.125 -80.125 645.125 118.375 -75 711.4375 102.125 -80.125 645.125 206.875 -79.9375 621.1875 229.625 -80 689.625 223 -74.875 687.5625 229.625 -80 689.625 113.375 -80.125 716.125 223 -74.875 687.5625 118.375 -75 711.4375 0 -79.8125 725.125 0 -79.8125 653.1875 5.375 -74.75 721.1875 0 -79.8125 653.1875 102.125 -80.125 645.125 102.125 -80.125 645.125 107.4375 -75 713.125 113.375 -80.125 716.125 0 -79.8125 725.125 107.4375 -75 713.125 5.375 -74.75 721.1875 -113.375 -80.125 716.125 -102.125 -80.125 645.125 -107.4375 -75 713.125 -102.125 -80.125 645.125 0 -79.8125 653.1875 0 -79.8125 653.1875 0 -79.8125 725.125 -5.375 -74.75 721.1875 -113.375 -80.125 716.125 -5.375 -74.75 721.1875 -107.4375 -75 713.125 -229.625 -80 689.625 -223 -74.875 687.5625 -206.875 -79.9375 621.1875 -118.375 -75 711.4375 -113.375 -80.125 716.125 -229.625 -80 689.625 -118.375 -75 711.4375 -223 -74.875 687.5625 333.6875 715.9375 -806.75 328.4375 -74.875 643.875 586.8125 -75 419.3125 -687.5625 -74.875 -223 -711.4375 -75 118.375 -643.875 -74.875 328.4375 -419.3125 -75 586.8125 -698.9375 695.375 -239.0625 -697.375 691.3125 -242.75 -702.0625 685.375 -231.5 -700.25 682.1875 -235.8125 -704.375 674 -225.875 -702.375 671.8125 -230.6875 -705.8125 661.625 -222.375 -703.6875 660.5 -227.5625 -706.3125 648.75 -221.25 -704.125 648.75 -226.4375 -705.8125 635.9375 -222.375 -703.6875 637 -227.5625 -704.375 623.5625 -225.875 -702.375 625.75 -230.6875 -702.0625 612.1875 -231.5 -700.25 615.3125 -235.8125 -698.9375 602.1875 -239.0625 -697.375 606.1875 -242.75 -695.0625 594 -248.25 -693.875 598.6875 -251.1875 -690.75 587.875 -258.8125 -689.875 593.125 -260.8125 -686 584.125 -270.25 -685.5625 589.6875 -271.25 -681.0625 582.875 -282.125 -681.0625 588.5625 -282.125 -676.1875 584.125 -293.9375 -676.5625 589.6875 -292.9375 221.25 648.75 706.3125 226.4375 648.75 704.125 222.375 661.625 705.8125 227.5625 660.5 703.6875 225.875 674 704.375 230.6875 671.8125 702.375 231.5 685.375 702.0625 235.8125 682.1875 700.25 239.0625 695.375 698.9375 242.75 691.3125 697.375 248.25 703.5625 695.0625 251.1875 698.8125 693.875 258.8125 709.625 690.75 260.8125 704.375 689.875 270.25 713.375 686 271.25 707.8125 685.5625 282.125 714.625 681.0625 282.125 709 681.0625 293.9375 713.375 676.1875 292.9375 707.8125 676.5625 305.375 709.625 671.4375 303.375 704.375 672.25 315.9375 703.5625 667.0625 313 698.8125 668.25 325.125 695.375 663.25 321.4375 691.3125 664.8125 332.6875 685.375 660.125 328.375 682.1875 661.9375 -221.25 648.75 -706.3125 -226.4375 648.75 -704.125 -222.375 661.625 -705.8125 -227.5625 660.5 -703.6875 -225.875 674 -704.375 -230.6875 671.8125 -702.375 -231.5 685.375 -702.0625 -235.8125 682.1875 -700.25 -239.0625 695.375 -698.9375 -242.75 691.3125 -697.375 -248.25 703.5625 -695.0625 -251.1875 698.8125 -693.875 -258.8125 709.625 -690.75 -260.8125 704.375 -689.875 -270.25 713.375 -686 -271.25 707.8125 -685.5625 -282.125 714.625 -681.0625 -282.125 709 -681.0625 -293.9375 713.375 -676.1875 -292.9375 707.8125 -676.5625 -305.375 709.625 -671.4375 -303.375 704.375 -672.25 -315.9375 703.5625 -667.0625 -313 698.8125 -668.25 -325.125 695.375 -663.25 -321.4375 691.3125 -664.8125 -332.6875 685.375 -660.125 -328.375 682.1875 -661.9375 -899.3125 287.8125 -77.1875 -899.3125 287.8125 -70.5625 -899.3125 302.875 -75.6875 -899.3125 301.5625 -69.1875 -899.3125 317.3125 -71.3125 -899.3125 314.8125 -65.1875 -899.3125 330.6875 -64.1875 -899.3125 327 -58.6875 -899.3125 342.375 -54.5625 -899.3125 337.6875 -49.875 -899.3125 352 -42.875 -899.3125 346.5 -39.1875 -899.3125 359.125 -29.5 -899.3125 353 -27 -899.3125 363.5625 -15.0625 -899.3125 357 -13.75 -899.3125 365 0 -899.3125 358.375 0 -899.3125 363.5625 15.0625 -899.3125 357 13.75 -899.3125 359.125 29.5 -899.3125 353 27 -899.3125 352 42.875 -899.3125 346.5 39.1875 -899.3125 244.875 64.1875 -899.3125 248.5625 58.6875 -899.3125 233.1875 54.5625 -899.3125 237.875 49.875 -899.3125 223.5625 42.875 -899.3125 229.125 39.1875 -899.3125 216.4375 29.5 -899.3125 222.5625 27 -899.3125 212.0625 15.0625 -899.3125 218.5625 13.75 -899.3125 210.5625 0 -899.3125 217.1875 0 -899.3125 212.0625 -15.0625 -899.3125 218.5625 -13.75 -899.3125 216.4375 -29.5 -899.3125 222.5625 -27 -899.3125 223.5625 -42.875 -899.3125 229.125 -39.1875 -899.3125 233.1875 -54.5625 -899.3125 237.875 -49.875 -899.3125 244.875 -64.1875 -899.3125 248.5625 -58.6875 -690.75 709.625 258.8125 -689.875 704.375 260.8125 -686 713.375 270.25 -685.5625 707.8125 271.25 -681.0625 714.625 282.125 -681.0625 709 282.125 -676.1875 713.375 293.9375 -676.5625 707.8125 292.9375 -671.4375 709.625 305.375 -672.25 704.375 303.375 -667.0625 703.5625 315.9375 -668.25 698.8125 313 -663.25 695.375 325.125 -664.8125 691.3125 321.4375 -660.125 685.375 332.6875 -661.9375 682.1875 328.375 -657.8125 674 338.3125 -659.8125 671.8125 333.5 -325.125 602.1875 -663.25 -321.4375 606.1875 -664.8125 -315.9375 594 -667.0625 -313 598.6875 -668.25 -305.375 587.875 -671.4375 -303.375 593.125 -672.25 -293.9375 584.125 -676.1875 -292.9375 589.6875 -676.5625 -282.125 582.875 -681.0625 -282.125 588.5625 -681.0625 -270.25 584.125 -686 -271.25 589.6875 -685.5625 -258.8125 587.875 -690.75 -260.8125 593.125 -689.875 -248.25 594 -695.0625 -251.1875 598.6875 -693.875 325.125 602.1875 663.25 321.4375 606.1875 664.8125 315.9375 594 667.0625 313 598.6875 668.25 305.375 587.875 671.4375 303.375 593.125 672.25 293.9375 584.125 676.1875 292.9375 589.6875 676.5625 282.125 582.875 681.0625 282.125 588.5625 681.0625 270.25 584.125 686 271.25 589.6875 685.5625 258.8125 587.875 690.75 260.8125 593.125 689.875 248.25 594 695.0625 251.1875 598.6875 693.875 -676.1875 584.125 293.9375 -676.5625 589.6875 292.9375 -681.0625 582.875 282.125 -681.0625 588.5625 282.125 -686 584.125 270.25 -685.5625 589.6875 271.25 -690.75 587.875 258.8125 -689.875 593.125 260.8125 -695.0625 594 248.25 -693.875 598.6875 251.1875 -698.9375 602.1875 239.0625 -697.375 606.1875 242.75 -702.0625 612.1875 231.5 -700.25 615.3125 235.8125 -657.8125 674 -338.3125 -659.8125 671.8125 -333.5 -660.125 685.375 -332.6875 -661.9375 682.1875 -328.375 -663.25 695.375 -325.125 -664.8125 691.3125 -321.4375 -667.0625 703.5625 -315.9375 -668.25 698.8125 -313 -671.4375 709.625 -305.375 -672.25 704.375 -303.375 -676.1875 713.375 -293.9375 -676.5625 707.8125 -292.9375 -681.0625 714.625 -282.125 -681.0625 709 -282.125 667.0625 703.5625 315.9375 668.25 698.8125 313 671.4375 709.625 305.375 672.25 704.375 303.375 676.1875 713.375 293.9375 676.5625 707.8125 292.9375 681.0625 714.625 282.125 681.0625 709 282.125 686 713.375 270.25 685.5625 707.8125 271.25 690.75 709.625 258.8125 689.875 704.375 260.8125 695.0625 703.5625 248.25 693.875 698.8125 251.1875 -338.3125 623.5625 657.8125 -333.5 625.75 659.8125 -341.8125 635.9375 656.375 -336.6875 637 658.5 -342.9375 648.75 655.875 -337.75 648.75 658.0625 -341.8125 661.625 656.375 -336.6875 660.5 658.5 -239.0625 602.1875 -698.9375 -242.75 606.1875 -697.375 -231.5 612.1875 -702.0625 -235.8125 615.3125 -700.25 -225.875 623.5625 -704.375 -230.6875 625.75 -702.375 -222.375 635.9375 -705.8125 -227.5625 637 -703.6875 239.0625 602.1875 698.9375 242.75 606.1875 697.375 231.5 612.1875 702.0625 235.8125 615.3125 700.25 225.875 623.5625 704.375 230.6875 625.75 702.375 222.375 635.9375 705.8125 227.5625 637 703.6875 -315.9375 703.5625 667.0625 -313 698.8125 668.25 -305.375 709.625 671.4375 -303.375 704.375 672.25 -293.9375 713.375 676.1875 -292.9375 707.8125 676.5625 -282.125 714.625 681.0625 -282.125 709 681.0625 -686 713.375 -270.25 -685.5625 707.8125 -271.25 -690.75 709.625 -258.8125 -689.875 704.375 -260.8125 -695.0625 703.5625 -248.25 -693.875 698.8125 -251.1875 700.25 615.3125 235.8125 702.0625 612.1875 231.5 702.375 625.75 230.6875 704.375 623.5625 225.875 703.6875 637 227.5625 705.8125 635.9375 222.375 704.125 648.75 226.4375 706.3125 648.75 221.25 -248.25 703.5625 695.0625 -251.1875 698.8125 693.875 -239.0625 695.375 698.9375 -242.75 691.3125 697.375 -231.5 685.375 702.0625 -235.8125 682.1875 700.25 -225.875 674 704.375 -230.6875 671.8125 702.375 -225.875 623.5625 704.375 -230.6875 625.75 702.375 -231.5 612.1875 702.0625 -235.8125 615.3125 700.25 -239.0625 602.1875 698.9375 -242.75 606.1875 697.375 -248.25 594 695.0625 -251.1875 598.6875 693.875 -899.3125 260.75 65.1875 -899.3125 258.25 71.3125 -899.3125 274 69.1875 -899.3125 272.75 75.6875 -899.3125 287.8125 70.5625 -899.3125 287.8125 77.1875 -899.3125 258.25 -71.3125 -899.3125 260.75 -65.1875 -899.3125 272.75 -75.6875 -899.3125 274 -69.1875 -664.8125 606.1875 -321.4375 -668.25 598.6875 -313 -681.0625 648.75 -282.125 -672.25 593.125 -303.375 -671.4375 587.875 -305.375 -260.8125 704.375 689.875 -282.125 648.75 681.0625 -271.25 707.8125 685.5625 -270.25 713.375 686 664.8125 691.3125 321.4375 681.0625 648.75 282.125 661.9375 682.1875 328.375 659.8125 671.8125 333.5 660.125 685.375 332.6875 657.8125 674 338.3125 -227.5625 637 703.6875 -226.4375 648.75 704.125 -227.5625 660.5 703.6875 -222.375 661.625 705.8125 -681.0625 648.75 282.125 -693.875 698.8125 251.1875 -697.375 691.3125 242.75 -695.0625 703.5625 248.25 -698.9375 695.375 239.0625 -658.5 637 -336.6875 -659.8125 625.75 -333.5 -661.9375 615.3125 -328.375 -660.125 612.1875 -332.6875 -663.25 602.1875 -325.125 -659.8125 625.75 333.5 -661.9375 615.3125 328.375 -664.8125 606.1875 321.4375 -663.25 602.1875 325.125 -667.0625 594 315.9375 -656.375 635.9375 -341.8125 -655.875 648.75 -342.9375 -658.0625 648.75 -337.75 -656.375 661.625 -341.8125 -658.5 660.5 -336.6875 -338.3125 674 657.8125 -333.5 671.8125 659.8125 -332.6875 685.375 660.125 -328.375 682.1875 661.9375 -703.6875 637 227.5625 -704.125 648.75 226.4375 -703.6875 660.5 227.5625 -705.8125 661.625 222.375 -704.375 674 225.875 -325.125 695.375 663.25 -321.4375 691.3125 664.8125 -341.8125 661.625 -656.375 -336.6875 660.5 -658.5 -342.9375 648.75 -655.875 -337.75 648.75 -658.0625 -341.8125 635.9375 -656.375 -336.6875 637 -658.5 676.1875 584.125 293.9375 676.5625 589.6875 292.9375 671.4375 587.875 305.375 672.25 593.125 303.375 667.0625 594 315.9375 668.25 598.6875 313 663.25 602.1875 325.125 664.8125 606.1875 321.4375 660.125 612.1875 332.6875 661.9375 615.3125 328.375 -325.125 602.1875 663.25 -321.4375 606.1875 664.8125 -332.6875 612.1875 660.125 -328.375 615.3125 661.9375 657.8125 623.5625 338.3125 659.8125 625.75 333.5 656.375 635.9375 341.8125 658.5 637 336.6875 -313 598.6875 668.25 -303.375 593.125 672.25 -292.9375 589.6875 676.5625 -305.375 587.875 671.4375 698.9375 695.375 239.0625 697.375 691.3125 242.75 702.0625 685.375 231.5 700.25 682.1875 235.8125 -221.25 648.75 706.3125 -222.375 635.9375 705.8125 338.3125 623.5625 657.8125 333.5 625.75 659.8125 332.6875 612.1875 660.125 328.375 615.3125 661.9375 -660.125 612.1875 332.6875 -657.8125 623.5625 338.3125 -658.5 637 336.6875 -656.375 635.9375 341.8125 698.9375 602.1875 239.0625 697.375 606.1875 242.75 695.0625 594 248.25 693.875 598.6875 251.1875 -271.25 589.6875 685.5625 -282.125 588.5625 681.0625 -293.9375 584.125 676.1875 341.8125 661.625 656.375 336.6875 660.5 658.5 342.9375 648.75 655.875 337.75 648.75 658.0625 341.8125 635.9375 656.375 336.6875 637 658.5 702.375 671.8125 230.6875 704.375 674 225.875 705.8125 661.625 222.375 -338.3125 623.5625 -657.8125 -333.5 625.75 -659.8125 -332.6875 612.1875 -660.125 -328.375 615.3125 -661.9375 -899.3125 342.375 54.5625 -899.3125 337.6875 49.875 -899.3125 330.6875 64.1875 -899.3125 327 58.6875 -899.3125 317.375 71.3125 -899.3125 314.8125 65.1875 -899.3125 302.875 75.6875 -899.3125 301.5625 69.1875 -702.375 671.8125 230.6875 -700.25 682.1875 235.8125 -702.0625 685.375 231.5 685.5625 589.6875 271.25 681.0625 588.5625 282.125 -658.0625 648.75 337.75 -655.875 648.75 342.9375 -658.5 660.5 336.6875 -656.375 661.625 341.8125 -260.8125 593.125 689.875 -270.25 584.125 686 658.5 660.5 336.6875 656.375 661.625 341.8125 -672.25 593.125 303.375 -282.125 648.75 -681.0625 282.125 648.75 681.0625 703.6875 660.5 227.5625 -668.25 598.6875 313 -671.4375 587.875 305.375 -899.3125 287.8125 0 -323.5625 696.4375 -656.6875 -331.3125 686.1875 -653.5 -328.125 701.375 -654.8125 -336.6875 690.0625 -651.25 -337.0625 674.5625 -651.125 -343 677.25 -648.625 -340.625 661.9375 -649.625 -346.9375 663.25 -647 -341.8125 648.75 -649.125 -348.25 648.75 -646.5 -340.625 635.625 -649.625 -346.9375 634.25 -647 -337.0625 623 -651.125 -343 620.3125 -648.625 -331.3125 611.3125 -653.5 -336.6875 607.4375 -651.25 -323.5625 601.125 -656.6875 -328.125 596.1875 -654.8125 -314.125 592.75 -660.625 -317.6875 586.9375 -659.125 -303.375 586.5 -665.0625 -305.8125 580.0625 -664.0625 -291.6875 582.6875 -669.875 -292.9375 575.8125 -669.375 -279.5625 581.375 -674.9375 -279.5625 574.375 -674.9375 -267.375 582.6875 -679.9375 -266.125 575.8125 -680.5 -253.25 717.4375 -685.8125 -241.375 710.625 -690.75 -255.75 711 -684.8125 -244.9375 704.8125 -689.25 -230.9375 701.375 -695.0625 -235.5 696.4375 -693.1875 -222.4375 690.0625 -698.5625 -227.8125 686.1875 -696.375 -216.0625 677.25 -701.25 -222.0625 674.5625 -698.75 -212.1875 663.25 -702.8125 -218.5 661.9375 -700.1875 -210.8125 648.75 -703.375 -217.3125 648.75 -700.6875 -212.1875 634.25 -702.8125 -218.5 635.625 -700.1875 -216.0625 620.3125 -701.25 -222.0625 623 -698.75 -222.4375 607.4375 -698.5625 -227.8125 611.3125 -696.375 -230.9375 596.1875 -695.0625 -235.5 601.125 -693.1875 -241.375 586.9375 -690.75 -244.9375 592.75 -689.25 -253.25 580.0625 -685.8125 -255.75 586.5 -684.8125 -270.6875 574.375 -692.25 -284.375 572.875 -686.625 -266.4375 574.375 -682 -280.125 572.875 -676.3125 -298.0625 574.375 -680.9375 -293.8125 574.375 -670.625 -311.1875 578.6875 -675.5 -306.9375 578.6875 -665.1875 -323.3125 585.6875 -670.5 -319.0625 585.6875 -660.1875 -333.9375 595.125 -666.0625 -329.6875 595.125 -655.8125 -342.6875 606.625 -662.5 -338.375 606.625 -652.1875 -349.125 619.75 -659.8125 -344.875 619.75 -649.5 -353.125 633.9375 -658.125 -348.875 633.9375 -647.8125 -354.5 648.75 -657.5625 -350.1875 648.75 -647.3125 -353.125 663.5625 -658.125 -348.875 663.5625 -647.8125 -349.125 677.8125 -659.8125 -344.875 677.8125 -649.5 -342.6875 690.9375 -662.5 -338.375 690.9375 -652.1875 -333.9375 702.4375 -666.0625 -329.6875 702.4375 -655.8125 -323.3125 711.8125 -670.5 -319.0625 711.8125 -660.1875 -311.1875 718.875 -675.5 -306.9375 718.875 -665.1875 -298.0625 723.1875 -680.9375 -293.8125 723.1875 -670.625 -284.375 724.625 -686.625 -280.125 724.625 -676.3125 -270.6875 723.1875 -692.25 -266.4375 723.1875 -682 -257.5625 718.875 -697.75 -253.3125 718.875 -687.4375 -245.4375 711.8125 -702.75 -241.1875 711.8125 -692.4375 -234.8125 702.4375 -707.125 -230.5625 702.4375 -696.8125 -226.125 690.9375 -710.75 -221.875 690.9375 -700.4375 -219.625 677.8125 -713.4375 -215.375 677.8125 -703.125 -215.625 663.5625 -715.0625 -211.375 663.5625 -704.8125 -214.3125 648.75 -715.625 -210.0625 648.75 -705.375 -215.625 633.9375 -715.0625 -211.375 633.9375 -704.8125 -219.625 619.75 -713.4375 -215.375 619.75 -703.125 -226.125 606.625 -710.75 -221.875 606.625 -700.4375 -234.8125 595.125 -707.125 -230.5625 595.125 -696.8125 -245.4375 585.6875 -702.75 -241.1875 585.6875 -692.4375 -257.5625 578.6875 -697.75 -253.3125 578.6875 -687.4375 694.125 602.1875 237.0625 693.1875 601.125 235.5 697.25 612.1875 229.5 696.375 611.3125 227.8125 690.3125 594 246.3125 689.25 592.75 244.9375 685.9375 587.875 256.8125 684.8125 586.5 255.75 681.25 584.125 268.25 679.9375 582.6875 267.375 676.3125 582.875 280.125 674.9375 581.375 279.5625 671.375 584.125 292 669.875 582.6875 291.6875 666.6875 587.875 303.4375 665.0625 586.5 303.375 662.3125 594 313.9375 660.625 592.75 314.125 658.5 602.1875 323.1875 656.6875 601.125 323.5625 655.375 612.1875 330.75 653.5 611.3125 331.3125 653 623.5625 336.375 651.125 623 337.0625 651.5625 635.9375 339.8125 649.625 635.625 340.625 651.125 648.75 341 649.125 648.75 341.8125 651.5625 661.625 339.8125 649.625 661.9375 340.625 653 674 336.375 651.125 674.5625 337.0625 655.375 685.375 330.75 653.5 686.1875 331.3125 658.5 695.375 323.1875 656.6875 696.4375 323.5625 662.3125 703.5625 313.9375 660.625 704.8125 314.125 666.6875 709.625 303.4375 665.0625 711 303.375 671.375 713.375 292 669.875 714.875 291.6875 676.3125 714.625 280.125 674.9375 716.125 279.5625 681.25 713.375 268.25 679.9375 714.875 267.375 685.9375 709.625 256.8125 684.8125 711 255.75 690.3125 703.5625 246.3125 689.25 704.8125 244.9375 694.125 695.375 237.0625 693.1875 696.4375 235.5 697.25 685.375 229.5 696.375 686.1875 227.8125 699.625 674 223.875 698.75 674.5625 222.0625 701.0625 661.625 220.4375 700.1875 661.9375 218.5 701.5 648.75 219.25 700.6875 648.75 217.3125 701.0625 635.9375 220.4375 700.1875 635.625 218.5 698.75 623 222.0625 699.625 623.5625 223.875 682 574.375 266.4375 680.5 575.8125 266.125 676.3125 572.875 280.125 674.9375 574.375 279.5625 687.4375 578.6875 253.3125 685.8125 580.0625 253.25 692.4375 585.6875 241.1875 690.75 586.9375 241.375 696.8125 595.125 230.5625 695.0625 596.1875 230.9375 700.4375 606.625 221.8125 698.5625 607.4375 222.4375 703.125 619.75 215.375 701.25 620.3125 216.0625 704.8125 633.9375 211.375 702.8125 634.25 212.1875 705.375 648.75 210.0625 703.375 648.75 210.8125 704.8125 663.5625 211.375 702.8125 663.25 212.1875 703.125 677.8125 215.375 701.25 677.25 216.0625 700.4375 690.9375 221.8125 698.5625 690.0625 222.4375 696.8125 702.4375 230.5625 695.0625 701.375 230.9375 692.4375 711.8125 241.1875 690.75 710.625 241.375 687.4375 718.875 253.3125 685.8125 717.4375 253.25 682 723.1875 266.4375 680.5 721.6875 266.125 676.3125 724.625 280.125 674.9375 723.125 279.5625 670.625 723.1875 293.8125 669.375 721.6875 292.9375 665.1875 718.875 306.9375 664.0625 717.4375 305.8125 660.1875 711.8125 319.0625 659.125 710.625 317.6875 655.8125 702.4375 329.6875 654.8125 701.375 328.125 652.1875 690.9375 338.375 651.25 690.0625 336.6875 649.5 677.8125 344.875 648.625 677.25 343 647.8125 663.5625 348.875 647 663.25 346.9375 647.3125 648.75 350.1875 646.5 648.75 348.25 647.8125 633.9375 348.875 647 634.25 346.9375 649.5 619.75 344.875 648.625 620.3125 343 652.1875 606.625 338.375 651.25 607.4375 336.6875 655.8125 595.125 329.6875 654.8125 596.1875 328.125 660.1875 585.6875 319.0625 659.125 586.9375 317.6875 665.1875 578.6875 306.9375 664.0625 580.0625 305.8125 670.625 574.375 293.8125 669.375 575.8125 292.9375 690.75 587.875 258.8125 686 584.125 270.25 681.0625 582.875 282.125 266.4375 723.1875 682 266.125 721.6875 680.5 280.125 724.625 676.3125 279.5625 723.125 674.9375 655.875 648.75 342.9375 663.25 695.375 325.125 689.875 593.125 260.8125 658.0625 648.75 337.75 680.9375 574.375 298.0625 686.625 572.875 284.375 692.25 574.375 270.6875 697.75 578.6875 257.5625 702.75 585.6875 245.4375 707.125 595.125 234.8125 710.75 606.625 226.125 713.4375 619.75 219.625 715.0625 633.9375 215.625 715.625 648.75 214.3125 715.0625 663.5625 215.625 713.4375 677.8125 219.625 710.75 690.9375 226.125 707.125 702.4375 234.8125 702.75 711.8125 245.4375 697.75 718.875 257.5625 692.25 723.1875 270.6875 686.625 724.625 284.375 680.9375 723.1875 298.0625 675.5 718.875 311.1875 670.5 711.8125 323.3125 666.0625 702.4375 333.9375 662.5 690.9375 342.6875 659.8125 677.8125 349.125 658.125 663.5625 353.125 657.5625 648.75 354.5 658.125 633.9375 353.125 659.8125 619.75 349.125 662.5 606.625 342.6875 666.0625 595.125 333.9375 670.5 585.6875 323.3125 675.5 578.6875 311.1875 323.1875 602.1875 658.5 323.5625 601.125 656.6875 330.75 612.1875 655.375 331.3125 611.3125 653.5 313.9375 594 662.3125 314.125 592.75 660.625 303.4375 587.875 666.6875 303.375 586.5 665.0625 292 584.125 671.375 291.6875 582.6875 669.875 280.125 582.875 676.3125 279.5625 581.375 674.9375 268.25 584.125 681.25 267.375 582.6875 679.9375 256.8125 587.875 685.9375 255.75 586.5 684.8125 246.3125 594 690.3125 244.9375 592.75 689.25 237.0625 602.1875 694.125 235.5 601.125 693.1875 229.5 612.1875 697.25 227.8125 611.3125 696.375 223.875 623.5625 699.625 222.0625 623 698.75 220.4375 635.9375 701.0625 218.5 635.625 700.1875 219.25 648.75 701.5 217.3125 648.75 700.6875 220.4375 661.625 701.0625 218.5 661.9375 700.1875 223.875 674 699.625 222.0625 674.5625 698.75 229.5 685.375 697.25 227.8125 686.1875 696.375 237.0625 695.375 694.125 235.5 696.4375 693.1875 246.3125 703.5625 690.3125 244.9375 704.8125 689.25 256.8125 709.625 685.9375 255.75 711 684.8125 268.25 713.375 681.25 267.375 714.875 679.9375 280.125 714.625 676.3125 279.5625 716.125 674.9375 292 713.375 671.375 291.6875 714.875 669.875 303.4375 709.625 666.6875 303.375 711 665.0625 313.9375 703.5625 662.3125 314.125 704.8125 660.625 323.1875 695.375 658.5 323.5625 696.4375 656.6875 330.75 685.375 655.375 331.3125 686.1875 653.5 336.375 674 653 337.0625 674.5625 651.125 339.8125 661.625 651.5625 340.625 661.9375 649.625 341 648.75 651.125 341.8125 648.75 649.125 339.8125 635.9375 651.5625 340.625 635.625 649.625 337.0625 623 651.125 336.375 623.5625 653 293.8125 574.375 670.625 292.9375 575.8125 669.375 280.125 572.875 676.3125 279.5625 574.375 674.9375 306.9375 578.6875 665.1875 305.8125 580.0625 664.0625 319.0625 585.6875 660.1875 317.6875 586.9375 659.125 329.6875 595.125 655.8125 328.125 596.1875 654.8125 338.375 606.625 652.1875 336.6875 607.4375 651.25 344.875 619.75 649.5 343 620.3125 648.625 348.875 633.9375 647.8125 346.9375 634.25 647 350.1875 648.75 647.3125 348.25 648.75 646.5 348.875 663.5625 647.8125 346.9375 663.25 647 344.875 677.8125 649.5 343 677.25 648.625 338.375 690.9375 652.1875 336.6875 690.0625 651.25 329.6875 702.4375 655.8125 328.125 701.375 654.8125 319.0625 711.8125 660.1875 317.6875 710.625 659.125 306.9375 718.875 665.1875 305.8125 717.4375 664.0625 293.8125 723.1875 670.625 292.9375 721.6875 669.375 253.3125 718.875 687.4375 253.25 717.4375 685.8125 241.1875 711.8125 692.4375 241.375 710.625 690.75 230.5625 702.4375 696.8125 230.9375 701.375 695.0625 221.875 690.9375 700.4375 222.4375 690.0625 698.5625 215.375 677.8125 703.125 216.0625 677.25 701.25 211.375 663.5625 704.8125 212.1875 663.25 702.8125 210.0625 648.75 705.375 210.8125 648.75 703.375 211.375 633.9375 704.8125 212.1875 634.25 702.8125 215.375 619.75 703.125 216.0625 620.3125 701.25 221.875 606.625 700.4375 222.4375 607.4375 698.5625 230.5625 595.125 696.8125 230.9375 596.1875 695.0625 241.1875 585.6875 692.4375 241.375 586.9375 690.75 253.3125 578.6875 687.4375 253.25 580.0625 685.8125 266.4375 574.375 682 266.125 575.8125 680.5 338.3125 674 657.8125 333.5 671.8125 659.8125 270.6875 574.375 692.25 284.375 572.875 686.625 298.0625 574.375 680.9375 311.1875 578.6875 675.5 323.3125 585.6875 670.5 333.9375 595.125 666.0625 342.6875 606.625 662.5 349.125 619.75 659.8125 353.125 633.9375 658.125 354.5 648.75 657.5625 353.125 663.5625 658.125 349.125 677.8125 659.8125 342.6875 690.9375 662.5 333.9375 702.4375 666.0625 323.3125 711.8125 670.5 311.1875 718.875 675.5 298.0625 723.1875 680.9375 284.375 724.625 686.625 270.6875 723.1875 692.25 257.5625 718.875 697.75 245.4375 711.8125 702.75 234.8125 702.4375 707.125 226.125 690.9375 710.75 219.625 677.8125 713.4375 215.625 663.5625 715.0625 214.3125 648.75 715.625 215.625 633.9375 715.0625 219.625 619.75 713.4375 226.125 606.625 710.75 234.8125 595.125 707.125 245.4375 585.6875 702.75 257.5625 578.6875 697.75 -237.0625 602.1875 694.125 -235.5 601.125 693.1875 -229.5 612.1875 697.25 -227.8125 611.3125 696.375 -246.3125 594 690.3125 -244.9375 592.75 689.25 -256.8125 587.875 685.9375 -255.75 586.5 684.8125 -268.25 584.125 681.25 -267.375 582.6875 679.9375 -280.125 582.875 676.3125 -279.5625 581.375 674.9375 -292 584.125 671.375 -291.6875 582.6875 669.875 -303.4375 587.875 666.6875 -303.375 586.5 665.0625 -313.9375 594 662.3125 -314.125 592.75 660.625 -323.1875 602.1875 658.5 -323.5625 601.125 656.6875 -330.75 612.1875 655.375 -331.3125 611.3125 653.5 -336.375 623.5625 653 -337.0625 623 651.125 -339.8125 635.9375 651.5625 -340.625 635.625 649.625 -341 648.75 651.125 -341.8125 648.75 649.125 -339.8125 661.625 651.5625 -340.625 661.9375 649.625 -336.375 674 653 -337.0625 674.5625 651.125 -330.75 685.375 655.375 -331.3125 686.1875 653.5 -323.1875 695.375 658.5 -323.5625 696.4375 656.6875 -313.9375 703.5625 662.3125 -314.125 704.8125 660.625 -303.4375 709.625 666.6875 -303.375 711 665.0625 -292 713.375 671.375 -291.6875 714.875 669.875 -280.125 714.625 676.3125 -279.5625 716.125 674.9375 -268.25 713.375 681.25 -267.375 714.875 679.9375 -256.8125 709.625 685.9375 -255.75 711 684.8125 -246.3125 703.5625 690.3125 -244.9375 704.8125 689.25 -237.0625 695.375 694.125 -235.5 696.4375 693.1875 -229.5 685.375 697.25 -227.8125 686.1875 696.375 -223.875 674 699.625 -222.0625 674.5625 698.75 -220.4375 661.625 701.0625 -218.5 661.9375 700.1875 -219.25 648.75 701.5 -217.3125 648.75 700.6875 -220.4375 635.9375 701.0625 -218.5 635.625 700.1875 -222.0625 623 698.75 -223.875 623.5625 699.625 -266.4375 574.375 682 -266.125 575.8125 680.5 -280.125 572.875 676.3125 -279.5625 574.375 674.9375 -253.3125 578.6875 687.4375 -253.25 580.0625 685.8125 -241.1875 585.6875 692.4375 -241.375 586.9375 690.75 -230.5625 595.125 696.8125 -230.9375 596.1875 695.0625 -221.8125 606.625 700.4375 -222.4375 607.4375 698.5625 -215.375 619.75 703.125 -216.0625 620.3125 701.25 -211.375 633.9375 704.8125 -212.1875 634.25 702.8125 -210.0625 648.75 705.375 -210.8125 648.75 703.375 -211.375 663.5625 704.8125 -212.1875 663.25 702.8125 -215.375 677.8125 703.125 -216.0625 677.25 701.25 -221.8125 690.9375 700.4375 -222.4375 690.0625 698.5625 -230.5625 702.4375 696.8125 -230.9375 701.375 695.0625 -241.1875 711.8125 692.4375 -241.375 710.625 690.75 -253.3125 718.875 687.4375 -253.25 717.4375 685.8125 -266.4375 723.1875 682 -266.125 721.6875 680.5 -280.125 724.625 676.3125 -279.5625 723.125 674.9375 -293.8125 723.1875 670.625 -292.9375 721.6875 669.375 -306.9375 718.875 665.1875 -305.8125 717.4375 664.0625 -319.0625 711.8125 660.1875 -317.6875 710.625 659.125 -329.6875 702.4375 655.8125 -328.125 701.375 654.8125 -338.375 690.9375 652.1875 -336.6875 690.0625 651.25 -344.875 677.8125 649.5 -343 677.25 648.625 -348.875 663.5625 647.8125 -346.9375 663.25 647 -350.1875 648.75 647.3125 -348.25 648.75 646.5 -348.875 633.9375 647.8125 -346.9375 634.25 647 -344.875 619.75 649.5 -343 620.3125 648.625 -338.375 606.625 652.1875 -336.6875 607.4375 651.25 -329.6875 595.125 655.8125 -328.125 596.1875 654.8125 -319.0625 585.6875 660.1875 -317.6875 586.9375 659.125 -306.9375 578.6875 665.1875 -305.8125 580.0625 664.0625 -293.8125 574.375 670.625 -292.9375 575.8125 669.375 -258.8125 587.875 690.75 -282.125 582.875 681.0625 -315.9375 594 667.0625 -258.8125 709.625 690.75 -323.1875 602.1875 -658.5 -330.75 612.1875 -655.375 -313.9375 594 -662.3125 -303.4375 587.875 -666.6875 -292 584.125 -671.375 -280.125 582.875 -676.3125 -268.25 584.125 -681.25 -256.8125 587.875 -685.9375 -246.3125 594 -690.3125 -237.0625 602.1875 -694.125 -229.5 612.1875 -697.25 -223.875 623.5625 -699.625 -220.4375 635.9375 -701.0625 -219.25 648.75 -701.5 -220.4375 661.625 -701.0625 -223.875 674 -699.625 -229.5 685.375 -697.25 -298.0625 574.375 680.9375 -284.375 572.875 686.625 -270.6875 574.375 692.25 -257.5625 578.6875 697.75 -245.4375 585.6875 702.75 -234.8125 595.125 707.125 -226.125 606.625 710.75 -219.625 619.75 713.4375 -215.625 633.9375 715.0625 -214.3125 648.75 715.625 -215.625 663.5625 715.0625 -219.625 677.8125 713.4375 -226.125 690.9375 710.75 -234.8125 702.4375 707.125 -245.4375 711.8125 702.75 -257.5625 718.875 697.75 -270.6875 723.1875 692.25 -284.375 724.625 686.625 -298.0625 723.1875 680.9375 -311.1875 718.875 675.5 -323.3125 711.8125 670.5 -333.9375 702.4375 666.0625 -342.6875 690.9375 662.5 -349.125 677.8125 659.8125 -353.125 663.5625 658.125 -354.5 648.75 657.5625 -353.125 633.9375 658.125 -349.125 619.75 659.8125 -342.6875 606.625 662.5 -333.9375 595.125 666.0625 -323.3125 585.6875 670.5 -311.1875 578.6875 675.5 -658.5 602.1875 323.1875 -656.6875 601.125 323.5625 -655.375 612.1875 330.75 -653.5 611.3125 331.3125 -662.3125 594 313.9375 -660.625 592.75 314.125 -666.6875 587.875 303.4375 -665.0625 586.5 303.375 -671.375 584.125 292 -669.875 582.6875 291.6875 -676.3125 582.875 280.125 -674.9375 581.375 279.5625 -681.25 584.125 268.25 -679.9375 582.6875 267.375 -685.9375 587.875 256.8125 -684.8125 586.5 255.75 -690.3125 594 246.3125 -689.25 592.75 244.9375 -694.125 602.1875 237.0625 -693.1875 601.125 235.5 -697.25 612.1875 229.5 -696.375 611.3125 227.8125 -699.625 623.5625 223.875 -698.75 623 222.0625 -701.0625 635.9375 220.4375 -700.1875 635.625 218.5 -701.5 648.75 219.25 -700.6875 648.75 217.3125 -701.0625 661.625 220.4375 -700.1875 661.9375 218.5 -699.625 674 223.875 -698.75 674.5625 222.0625 -697.25 685.375 229.5 -696.375 686.1875 227.8125 -694.125 695.375 237.0625 -693.1875 696.4375 235.5 -690.3125 703.5625 246.3125 -689.25 704.8125 244.9375 -685.9375 709.625 256.8125 -684.8125 711 255.75 -681.25 713.375 268.25 -679.9375 714.875 267.375 -676.3125 714.625 280.125 -674.9375 716.125 279.5625 -671.375 713.375 292 -669.875 714.875 291.6875 -666.6875 709.625 303.4375 -665.0625 711 303.375 -662.3125 703.5625 313.9375 -660.625 704.8125 314.125 -658.5 695.375 323.1875 -656.6875 696.4375 323.5625 -655.375 685.375 330.75 -653.5 686.1875 331.3125 -653 674 336.375 -651.125 674.5625 337.0625 -651.5625 661.625 339.8125 -649.625 661.9375 340.625 -651.125 648.75 341 -649.125 648.75 341.8125 -651.5625 635.9375 339.8125 -649.625 635.625 340.625 -651.125 623 337.0625 -653 623.5625 336.375 -670.625 574.375 293.8125 -669.375 575.8125 292.9375 -676.3125 572.875 280.125 -674.9375 574.375 279.5625 -665.1875 578.6875 306.9375 -664.0625 580.0625 305.8125 -660.1875 585.6875 319.0625 -659.125 586.9375 317.6875 -655.8125 595.125 329.6875 -654.8125 596.1875 328.125 -652.1875 606.625 338.375 -651.25 607.4375 336.6875 -649.5 619.75 344.875 -648.625 620.3125 343 -647.8125 633.9375 348.875 -647 634.25 346.9375 -647.3125 648.75 350.1875 -646.5 648.75 348.25 -647.8125 663.5625 348.875 -647 663.25 346.9375 -649.5 677.8125 344.875 -648.625 677.25 343 -652.1875 690.9375 338.375 -651.25 690.0625 336.6875 -655.8125 702.4375 329.6875 -654.8125 701.375 328.125 -660.1875 711.8125 319.0625 -659.125 710.625 317.6875 -665.1875 718.875 306.9375 -664.0625 717.4375 305.8125 -670.625 723.1875 293.8125 -669.375 721.6875 292.9375 -676.3125 724.625 280.125 -674.9375 723.125 279.5625 -682 723.1875 266.4375 -680.5 721.6875 266.125 -687.4375 718.875 253.3125 -685.8125 717.4375 253.25 -692.4375 711.8125 241.1875 -690.75 710.625 241.375 -696.8125 702.4375 230.5625 -695.0625 701.375 230.9375 -700.4375 690.9375 221.875 -698.5625 690.0625 222.4375 -703.125 677.8125 215.375 -701.25 677.25 216.0625 -704.8125 663.5625 211.375 -702.8125 663.25 212.1875 -705.375 648.75 210.0625 -703.375 648.75 210.8125 -704.8125 633.9375 211.375 -702.8125 634.25 212.1875 -703.125 619.75 215.375 -701.25 620.3125 216.0625 -700.4375 606.625 221.875 -698.5625 607.4375 222.4375 -696.8125 595.125 230.5625 -695.0625 596.1875 230.9375 -692.4375 585.6875 241.1875 -690.75 586.9375 241.375 -687.4375 578.6875 253.3125 -685.8125 580.0625 253.25 -682 574.375 266.4375 -680.5 575.8125 266.125 -704.375 623.5625 225.875 -705.8125 635.9375 222.375 -706.3125 648.75 221.25 -237.0625 695.375 -694.125 -246.3125 703.5625 -690.3125 -256.8125 709.625 -685.9375 -268.25 713.375 -681.25 -267.375 714.875 -679.9375 -280.125 714.625 -676.3125 -279.5625 716.125 -674.9375 -292 713.375 -671.375 -291.6875 714.875 -669.875 -303.4375 709.625 -666.6875 -303.375 711 -665.0625 -313.9375 703.5625 -662.3125 -314.125 704.8125 -660.625 -323.1875 695.375 -658.5 -330.75 685.375 -655.375 -336.375 674 -653 -339.8125 661.625 -651.5625 -341 648.75 -651.125 -339.8125 635.9375 -651.5625 -336.375 623.5625 -653 -317.6875 710.625 -659.125 -305.8125 717.4375 -664.0625 -292.9375 721.6875 -669.375 -279.5625 723.125 -674.9375 -702.375 625.75 230.6875 -692.25 574.375 270.6875 -686.625 572.875 284.375 -680.9375 574.375 298.0625 -675.5 578.6875 311.1875 -670.5 585.6875 323.3125 -666.0625 595.125 333.9375 -662.5 606.625 342.6875 -659.8125 619.75 349.125 -658.125 633.9375 353.125 -657.5625 648.75 354.5 -658.125 663.5625 353.125 -659.8125 677.8125 349.125 -662.5 690.9375 342.6875 -666.0625 702.4375 333.9375 -670.5 711.8125 323.3125 -675.5 718.875 311.1875 -680.9375 723.1875 298.0625 -686.625 724.625 284.375 -692.25 723.1875 270.6875 -697.75 718.875 257.5625 -702.75 711.8125 245.4375 -707.125 702.4375 234.8125 -710.75 690.9375 226.125 -713.4375 677.8125 219.625 -715.0625 663.5625 215.625 -715.625 648.75 214.3125 -715.0625 633.9375 215.625 -713.4375 619.75 219.625 -710.75 606.625 226.125 -707.125 595.125 234.8125 -702.75 585.6875 245.4375 -697.75 578.6875 257.5625 -694.125 602.1875 -237.0625 -693.1875 601.125 -235.5 -697.25 612.1875 -229.5 -696.375 611.3125 -227.8125 -690.3125 594 -246.3125 -689.25 592.75 -244.9375 -685.9375 587.875 -256.8125 -684.8125 586.5 -255.75 -681.25 584.125 -268.25 -679.9375 582.6875 -267.375 -676.3125 582.875 -280.125 -674.9375 581.375 -279.5625 -671.375 584.125 -292 -669.875 582.6875 -291.6875 -666.6875 587.875 -303.4375 -665.0625 586.5 -303.375 -662.3125 594 -313.9375 -660.625 592.75 -314.125 -658.5 602.1875 -323.1875 -656.6875 601.125 -323.5625 -655.375 612.1875 -330.75 -653.5 611.3125 -331.3125 -653 623.5625 -336.375 -651.125 623 -337.0625 -651.5625 635.9375 -339.8125 -649.625 635.625 -340.625 -651.125 648.75 -341 -649.125 648.75 -341.8125 -651.5625 661.625 -339.8125 -649.625 661.9375 -340.625 -653 674 -336.375 -651.125 674.5625 -337.0625 -655.375 685.375 -330.75 -653.5 686.1875 -331.3125 -658.5 695.375 -323.1875 -656.6875 696.4375 -323.5625 -662.3125 703.5625 -313.9375 -660.625 704.8125 -314.125 -666.6875 709.625 -303.4375 -665.0625 711 -303.375 -671.375 713.375 -292 -669.875 714.875 -291.6875 -676.3125 714.625 -280.125 -674.9375 716.125 -279.5625 -681.25 713.375 -268.25 -679.9375 714.875 -267.375 -685.9375 709.625 -256.8125 -684.8125 711 -255.75 -690.3125 703.5625 -246.3125 -689.25 704.8125 -244.9375 -694.125 695.375 -237.0625 -693.1875 696.4375 -235.5 -697.25 685.375 -229.5 -696.375 686.1875 -227.8125 -699.625 674 -223.875 -698.75 674.5625 -222.0625 -701.0625 661.625 -220.4375 -700.1875 661.9375 -218.5 -701.5 648.75 -219.25 -700.6875 648.75 -217.3125 -701.0625 635.9375 -220.4375 -700.1875 635.625 -218.5 -698.75 623 -222.0625 -699.625 623.5625 -223.875 -682 574.375 -266.4375 -680.5 575.8125 -266.125 -676.3125 572.875 -280.125 -674.9375 574.375 -279.5625 -687.4375 578.6875 -253.3125 -685.8125 580.0625 -253.25 -692.4375 585.6875 -241.1875 -690.75 586.9375 -241.375 -696.8125 595.125 -230.5625 -695.0625 596.1875 -230.9375 -700.4375 606.625 -221.8125 -698.5625 607.4375 -222.4375 -703.125 619.75 -215.375 -701.25 620.3125 -216.0625 -704.8125 633.9375 -211.375 -702.8125 634.25 -212.1875 -705.375 648.75 -210.0625 -703.375 648.75 -210.8125 -704.8125 663.5625 -211.375 -702.8125 663.25 -212.1875 -703.125 677.8125 -215.375 -701.25 677.25 -216.0625 -700.4375 690.9375 -221.8125 -698.5625 690.0625 -222.4375 -696.8125 702.4375 -230.5625 -695.0625 701.375 -230.9375 -692.4375 711.8125 -241.1875 -690.75 710.625 -241.375 -687.4375 718.875 -253.3125 -685.8125 717.4375 -253.25 -682 723.1875 -266.4375 -680.5 721.6875 -266.125 -676.3125 724.625 -280.125 -674.9375 723.125 -279.5625 -670.625 723.1875 -293.8125 -669.375 721.6875 -292.9375 -665.1875 718.875 -306.9375 -664.0625 717.4375 -305.8125 -660.1875 711.8125 -319.0625 -659.125 710.625 -317.6875 -655.8125 702.4375 -329.6875 -654.8125 701.375 -328.125 -652.1875 690.9375 -338.375 -651.25 690.0625 -336.6875 -649.5 677.8125 -344.875 -648.625 677.25 -343 -647.8125 663.5625 -348.875 -647 663.25 -346.9375 -647.3125 648.75 -350.1875 -646.5 648.75 -348.25 -647.8125 633.9375 -348.875 -647 634.25 -346.9375 -649.5 619.75 -344.875 -648.625 620.3125 -343 -652.1875 606.625 -338.375 -651.25 607.4375 -336.6875 -655.8125 595.125 -329.6875 -654.8125 596.1875 -328.125 -660.1875 585.6875 -319.0625 -659.125 586.9375 -317.6875 -665.1875 578.6875 -306.9375 -664.0625 580.0625 -305.8125 -670.625 574.375 -293.8125 -669.375 575.8125 -292.9375 -667.0625 594 -315.9375 -657.8125 623.5625 -338.3125 -266.125 721.6875 -680.5 -680.9375 574.375 -298.0625 -686.625 572.875 -284.375 -692.25 574.375 -270.6875 -697.75 578.6875 -257.5625 -702.75 585.6875 -245.4375 -707.125 595.125 -234.8125 -710.75 606.625 -226.125 -713.4375 619.75 -219.625 -715.0625 633.9375 -215.625 -715.625 648.75 -214.3125 -715.0625 663.5625 -215.625 -713.4375 677.8125 -219.625 -710.75 690.9375 -226.125 -707.125 702.4375 -234.8125 -702.75 711.8125 -245.4375 -697.75 718.875 -257.5625 -692.25 723.1875 -270.6875 -686.625 724.625 -284.375 -680.9375 723.1875 -298.0625 -675.5 718.875 -311.1875 -670.5 711.8125 -323.3125 -666.0625 702.4375 -333.9375 -662.5 690.9375 -342.6875 -659.8125 677.8125 -349.125 -658.125 663.5625 -353.125 -657.5625 648.75 -354.5 -658.125 633.9375 -353.125 -659.8125 619.75 -349.125 -662.5 606.625 -342.6875 -666.0625 595.125 -333.9375 -670.5 585.6875 -323.3125 -675.5 578.6875 -311.1875 -893.25 233.1875 54.5625 -891.5 231.9375 55.8125 -893.25 244.875 64.1875 -891.5 243.9375 65.625 -893.25 223.5625 42.875 -891.5 222.125 43.875 -893.25 216.4375 29.5 -891.5 214.8125 30.1875 -893.25 212.0625 15.0625 -891.5 210.3125 15.375 -893.25 210.5625 0 -891.5 208.8125 0 -893.25 212.0625 -15.0625 -891.5 210.3125 -15.375 -893.25 216.4375 -29.5 -891.5 214.8125 -30.1875 -893.25 223.5625 -42.875 -891.5 222.125 -43.875 -893.25 233.1875 -54.5625 -891.5 231.9375 -55.8125 -893.25 244.875 -64.1875 -891.5 243.9375 -65.625 -893.25 258.25 -71.3125 -891.5 257.5625 -72.9375 -893.25 272.75 -75.6875 -891.5 272.375 -77.4375 -893.25 287.8125 -77.1875 -891.5 287.8125 -78.9375 -893.25 302.875 -75.6875 -891.5 303.1875 -77.4375 -893.25 317.3125 -71.3125 -891.5 318 -72.9375 -893.25 330.6875 -64.1875 -891.5 331.6875 -65.625 -893.25 342.375 -54.5625 -891.5 343.625 -55.8125 -893.25 352 -42.875 -891.5 353.4375 -43.875 -893.25 359.125 -29.5 -891.5 360.75 -30.1875 -893.25 363.5625 -15.0625 -891.5 365.25 -15.375 -893.25 365 0 -891.5 366.75 0 -893.25 363.5625 15.0625 -891.5 365.25 15.375 -893.25 359.125 29.5 -891.5 360.75 30.1875 -893.25 352 42.875 -891.5 353.4375 43.875 -893.25 342.375 54.5625 -891.5 343.625 55.8125 -893.25 330.6875 64.1875 -891.5 331.6875 65.625 -893.25 317.375 71.3125 -891.5 318 72.9375 -893.25 302.875 75.6875 -891.5 303.1875 77.4375 -893.25 287.8125 77.1875 -891.5 287.8125 78.9375 -893.25 272.75 75.6875 -891.5 272.375 77.4375 -891.5 257.5625 72.9375 -893.25 258.25 71.3125 -893.25 200.5625 17.3125 -891.5 202.3125 17 -893.25 198.875 0 -891.5 200.625 0 -893.25 205.625 34 -891.5 207.25 33.3125 -893.25 213.875 49.375 -891.5 215.3125 48.375 -893.25 224.9375 62.875 -891.5 226.125 61.625 -893.25 238.375 73.9375 -891.5 239.375 72.4375 -893.25 253.75 82.125 -891.5 254.4375 80.5 -893.25 270.4375 87.1875 -891.5 270.8125 85.4375 -893.25 287.8125 88.875 -891.5 287.8125 87.125 -893.25 305.125 87.1875 -891.5 304.8125 85.4375 -893.25 321.8125 82.125 -891.5 321.125 80.5 -893.25 337.1875 73.9375 -891.5 336.25 72.4375 -893.25 350.6875 62.875 -891.5 349.4375 61.625 -893.25 361.75 49.375 -891.5 360.25 48.375 -893.25 369.9375 34 -891.5 368.3125 33.3125 -893.25 375 17.3125 -891.5 373.3125 17 -893.25 376.6875 0 -891.5 374.9375 0 -893.25 375 -17.3125 -891.5 373.3125 -17 -893.25 369.9375 -34 -891.5 368.3125 -33.3125 -893.25 361.75 -49.375 -891.5 360.25 -48.375 -893.25 350.6875 -62.875 -891.5 349.4375 -61.625 -893.25 337.1875 -73.9375 -891.5 336.25 -72.4375 -893.25 321.8125 -82.125 -891.5 321.125 -80.5 -893.25 305.125 -87.1875 -891.5 304.8125 -85.4375 -893.25 287.8125 -88.875 -891.5 287.8125 -87.125 -893.25 270.4375 -87.1875 -891.5 270.8125 -85.4375 -893.25 253.75 -82.125 -891.5 254.4375 -80.5 -893.25 238.375 -73.9375 -891.5 239.375 -72.4375 -893.25 224.9375 -62.875 -891.5 226.125 -61.625 -893.25 213.875 -49.375 -891.5 215.3125 -48.375 -893.25 205.625 -34 -891.5 207.25 -33.3125 -893.25 200.5625 -17.3125 -891.5 202.3125 -17 -338.3125 674 -657.8125 -333.5 671.8125 -659.8125 -906.3125 200.5625 -17.3125 -906.3125 198.875 0 -906.3125 200.5625 17.3125 -906.3125 205.625 34 -906.3125 213.875 49.375 -906.3125 224.9375 62.875 -906.3125 238.375 73.9375 -906.3125 253.75 82.125 -906.3125 270.4375 87.1875 -906.3125 287.8125 88.875 -906.3125 305.125 87.1875 -906.3125 321.8125 82.125 -906.3125 337.1875 73.9375 -906.3125 350.6875 62.875 -906.3125 361.75 49.375 -906.3125 369.9375 34 -906.3125 375 17.3125 -906.3125 376.6875 0 -906.3125 375 -17.3125 -906.3125 369.9375 -34 -906.3125 361.75 -49.375 -906.3125 350.6875 -62.875 -906.3125 337.1875 -73.9375 -906.3125 321.8125 -82.125 -906.3125 305.125 -87.1875 -906.3125 287.8125 -88.875 -906.3125 270.4375 -87.1875 -906.3125 253.75 -82.125 -906.3125 238.375 -73.9375 -906.3125 224.9375 -62.875 -906.3125 213.875 -49.375 -906.3125 205.625 -34</float_array>
                    <technique_common>
                        <accessor count="4108" source="#pointarray0" stride="3">
                            <param name="X" type="float"/>
                            <param name="Y" type="float"/>
                            <param name="Z" type="float"/>
                        </accessor>
                    </technique_common>
                </source>
                <source id="uvs0">
                    <float_array id="uvarray0" count="4934">0.87109375 3.12890625 0.818359375 3.166015625 0.849609375 3.181640625 0.787109375 3.216796875 0.814453125 3.236328125 0.751953125 3.2578125 0.775390625 3.28125 0.708984375 3.294921875 0.728515625 3.322265625 0.66015625 3.326171875 0.673828125 3.35546875 0.611328125 3.345703125 0.623046875 3.376953125 0.5546875 3.359375 0.560546875 3.390625 0.5 3.36328125 0.5 3.396484375 0.443359375 3.359375 0.4375 3.390625 0.38671875 3.345703125 0.375 3.376953125 0.33984375 3.326171875 0.32421875 3.35546875 0.2890625 3.294921875 0.26953125 3.322265625 0.24609375 3.2578125 0.22265625 3.28125 0.2109375 3.216796875 0.18359375 3.236328125 0.1796875 3.166015625 0.1484375 3.181640625 0.16015625 3.119140625 0.12890625 3.12890625 0.146484375 3.0625 0.11328125 3.06640625 0.142578125 3.005859375 0.109375 3.005859375 0.146484375 2.951171875 0.11328125 2.9453125 0.16015625 2.892578125 0.12890625 2.8828125 0.1796875 2.845703125 0.1484375 2.83203125 0.2109375 2.796875 0.18359375 2.77734375 0.24609375 2.75390625 0.22265625 2.73046875 0.2890625 2.716796875 0.26953125 2.689453125 0.33984375 2.685546875 0.32421875 2.65625 0.38671875 2.666015625 0.375 2.634765625 0.443359375 2.654296875 0.4375 2.62109375 0.5 2.6484375 0.5 2.615234375 0.5546875 2.654296875 0.560546875 2.62109375 0.611328125 2.666015625 0.623046875 2.634765625 0.66015625 2.685546875 0.673828125 2.65625 0.708984375 2.716796875 0.728515625 2.689453125 0.751953125 2.75390625 0.775390625 2.73046875 0.787109375 2.796875 0.814453125 2.77734375 0.818359375 2.845703125 0.849609375 2.83203125 0.837890625 2.892578125 0.87109375 2.8828125 0.8515625 2.951171875 0.884765625 2.9453125 0.85546875 3.005859375 0.888671875 3.005859375 0.8515625 3.0625 0.884765625 3.06640625 0.837890625 3.119140625 0.8359375 3.1171875 0.81640625 3.166015625 0.78515625 3.21484375 0.75 3.255859375 0.70703125 3.29296875 0.658203125 3.322265625 0.611328125 3.34375 0.5546875 3.35546875 0.5 3.359375 0.443359375 3.35546875 0.388671875 3.34375 0.33984375 3.322265625 0.291015625 3.29296875 0.248046875 3.255859375 0.212890625 3.21484375 0.181640625 3.166015625 0.162109375 3.1171875 0.150390625 3.0625 0.14453125 3.005859375 0.150390625 2.951171875 0.162109375 2.89453125 0.181640625 2.845703125 0.212890625 2.798828125 0.248046875 2.755859375 0.291015625 2.71875 0.33984375 2.689453125 0.388671875 2.669921875 0.443359375 2.65625 0.5 2.65234375 0.5546875 2.65625 0.611328125 2.669921875 0.658203125 2.689453125 0.70703125 2.71875 0.75 2.755859375 0.78515625 2.798828125 0.81640625 2.845703125 0.8359375 2.89453125 0.849609375 2.951171875 0.853515625 3.005859375 0.849609375 3.0625 0.783203125 2.80078125 0.8125 2.84765625 0.83203125 2.896484375 0.845703125 2.951171875 0.849609375 3.005859375 0.845703125 3.060546875 0.83203125 3.115234375 0.8125 3.1640625 0.783203125 3.2109375 0.74609375 3.25390625 0.705078125 3.2890625 0.65625 3.3203125 0.609375 3.33984375 0.5546875 3.3515625 0.5 3.357421875 0.443359375 3.3515625 0.388671875 3.33984375 0.341796875 3.3203125 0.29296875 3.2890625 0.251953125 3.25390625 0.21484375 3.2109375 0.185546875 3.1640625 0.166015625 3.115234375 0.15234375 3.060546875 0.1484375 3.005859375 0.15234375 2.951171875 0.166015625 2.896484375 0.185546875 2.84765625 0.21484375 2.80078125 0.251953125 2.7578125 0.29296875 2.72265625 0.341796875 2.693359375 0.388671875 2.671875 0.443359375 2.66015625 0.5 2.65625 0.5546875 2.66015625 0.609375 2.671875 0.65625 2.693359375 0.705078125 2.72265625 0.74609375 2.7578125 0.818359375 3.23828125 0.853515625 3.18359375 0.875 3.130859375 0.888671875 3.068359375 0.892578125 3.005859375 0.888671875 2.9453125 0.875 2.880859375 0.853515625 2.830078125 0.818359375 2.7734375 0.77734375 2.7265625 0.73046875 2.6875 0.67578125 2.65234375 0.623046875 2.630859375 0.560546875 2.6171875 0.5 2.611328125 0.4375 2.6171875 0.375 2.630859375 0.322265625 2.65234375 0.267578125 2.6875 0.220703125 2.7265625 0.1796875 2.7734375 0.146484375 2.830078125 0.125 2.880859375 0.109375 2.9453125 0.10546875 3.005859375 0.109375 3.068359375 0.125 3.130859375 0.146484375 3.18359375 0.1796875 3.23828125 0.220703125 3.28515625 0.267578125 3.326171875 0.322265625 3.359375 0.375 3.380859375 0.4375 3.396484375 0.5 3.400390625 0.560546875 3.396484375 0.623046875 3.380859375 0.67578125 3.359375 0.73046875 3.326171875 0.77734375 3.28515625 -1.021484375 3.005859375 -1.021484375 3.01171875 -0.9453125 3.005859375 -0.9453125 3.01171875 -0.865234375 3.005859375 -0.865234375 3.01171875 -0.796875 3.005859375 -0.796875 3.01171875 -0.716796875 3.005859375 -0.716796875 3.01171875 -0.640625 3.005859375 -0.640625 3.01171875 -0.564453125 3.005859375 -0.564453125 3.01171875 -0.486328125 3.005859375 -0.486328125 3.01171875 -0.416015625 3.005859375 -0.416015625 3.01171875 -0.3359375 3.005859375 -0.3359375 3.01171875 -0.259765625 3.005859375 -0.259765625 3.01171875 -0.18359375 3.005859375 -0.18359375 3.01171875 -0.10546875 3.005859375 -0.10546875 3.01171875 -0.03515625 3.005859375 -0.03515625 3.01171875 0.04296875 3.005859375 0.04296875 3.01171875 0.119140625 3.005859375 0.119140625 3.01171875 0.1953125 3.005859375 0.1953125 3.01171875 0.2734375 3.005859375 0.2734375 3.01171875 0.34375 3.005859375 0.34375 3.01171875 0.423828125 3.005859375 0.423828125 3.01171875 0.5 3.005859375 0.5 3.01171875 0.576171875 3.005859375 0.576171875 3.01171875 0.654296875 3.005859375 0.654296875 3.01171875 0.724609375 3.005859375 0.724609375 3.01171875 0.8046875 3.005859375 0.8046875 3.01171875 0.880859375 3.005859375 0.880859375 3.01171875 0.95703125 3.005859375 0.95703125 3.01171875 1.03515625 3.005859375 1.03515625 3.01171875 1.10546875 3.005859375 1.10546875 3.01171875 1.185546875 3.005859375 1.185546875 3.01171875 1.26171875 3.005859375 1.26171875 3.01171875 1.337890625 3.005859375 1.337890625 3.01171875 1.416015625 3.005859375 1.416015625 3.01171875 1.486328125 3.005859375 1.486328125 3.01171875 1.56640625 3.005859375 1.56640625 3.01171875 1.642578125 3.005859375 1.642578125 3.01171875 1.71875 3.005859375 1.71875 3.01171875 1.796875 3.005859375 1.796875 3.01171875 1.8671875 3.005859375 1.8671875 3.01171875 1.9453125 3.005859375 1.9453125 3.01171875 2.021484375 3.005859375 2.021484375 3.01171875 6.83984375 0.421875 6.796875 0.40234375 6.84375 0.41015625 6.796875 0.396484375 6.84375 0.396484375 6.796875 0.390625 6.84375 0.3828125 6.794921875 0.384765625 6.83984375 0.369140625 6.79296875 0.37890625 6.8359375 0.357421875 6.7890625 0.373046875 6.826171875 0.345703125 6.78515625 0.369140625 6.818359375 0.333984375 6.78125 0.365234375 6.80859375 0.326171875 6.775390625 0.361328125 6.796875 0.318359375 6.76953125 0.359375 6.78515625 0.314453125 6.763671875 0.357421875 6.771484375 0.310546875 6.7578125 0.357421875 6.7578125 0.310546875 6.751953125 0.357421875 6.744140625 0.310546875 6.74609375 0.359375 6.73046875 0.314453125 6.740234375 0.361328125 6.71875 0.318359375 6.734375 0.365234375 6.70703125 0.326171875 6.73046875 0.369140625 6.697265625 0.333984375 6.7265625 0.373046875 6.689453125 0.345703125 6.72265625 0.37890625 6.6796875 0.357421875 6.720703125 0.384765625 6.67578125 0.369140625 6.71875 0.390625 6.671875 0.3828125 6.71875 0.396484375 6.671875 0.396484375 6.71875 0.40234375 6.671875 0.41015625 6.720703125 0.408203125 6.67578125 0.421875 6.72265625 0.4140625 6.6796875 0.435546875 6.7265625 0.41796875 6.689453125 0.447265625 6.73046875 0.423828125 6.697265625 0.45703125 6.734375 0.427734375 6.70703125 0.46484375 6.740234375 0.4296875 6.71875 0.47265625 6.74609375 0.431640625 6.73046875 0.4765625 6.751953125 0.43359375 6.744140625 0.482421875 6.7578125 0.43359375 6.7578125 0.482421875 6.763671875 0.43359375 6.771484375 0.482421875 6.76953125 0.431640625 6.78515625 0.4765625 6.775390625 0.4296875 6.796875 0.47265625 6.78125 0.427734375 6.80859375 0.46484375 6.78515625 0.423828125 6.818359375 0.45703125 6.7890625 0.41796875 6.826171875 0.447265625 6.79296875 0.4140625 6.8359375 0.435546875 6.794921875 0.408203125 7.103515625 1.072265625 6.9921875 1.1171875 6.98828125 1.1015625 6.876953125 1.146484375 6.875 1.12890625 6.7578125 1.138671875 6.857421875 1.017578125 6.7578125 1.025390625 6.841796875 0.931640625 6.7578125 0.9375 6.828125 0.833984375 6.7578125 0.83984375 6.810546875 0.732421875 6.7578125 0.736328125 6.794921875 0.625 6.7578125 0.626953125 6.7578125 0.583984375 6.72265625 0.625 6.732421875 0.5625 6.6875 0.615234375 6.705078125 0.556640625 6.681640625 0.546875 6.728515625 0.482421875 6.71484375 0.478515625 6.22265625 0.48046875 6.216796875 0.396484375 6.318359375 0.46484375 6.314453125 0.396484375 6.421875 0.44921875 6.41796875 0.396484375 6.529296875 0.431640625 6.52734375 0.396484375 6.5703125 0.396484375 6.529296875 0.359375 6.591796875 0.369140625 6.5390625 0.32421875 6.59765625 0.34375 6.607421875 0.318359375 6.67578125 0.353515625 6.62109375 0.296875 6.68359375 0.341796875 6.65625 0.29296875 6.69140625 0.330078125 6.703125 0.322265625 7.240234375 0.150390625 7.154296875 0.1953125 7.1953125 0.078125 7.1171875 0.134765625 7.072265625 0.08203125 6.998046875 0.154296875 7.01953125 0.037109375 6.95703125 0.12109375 6.912109375 0.09375 6.892578125 0.208984375 6.86328125 0.189453125 6.833984375 0.24609375 6.828125 0.177734375 6.810546875 0.236328125 6.783203125 0.228515625 6.771484375 0.3046875 6.7578125 0.251953125 6.7578125 0.3046875 6.744140625 0.3046875 6.455078125 0.2421875 6.435546875 0.291015625 6.361328125 0.1953125 6.3359375 0.259765625 6.2421875 0.228515625 6.318359375 0.326171875 6.22265625 0.310546875 6.125 0.396484375 6.1328125 0.494140625 6.15625 0.591796875 6.048828125 0.626953125 6.1953125 0.68359375 6.09375 0.734375 6.15625 0.833984375 6.080078125 0.7421875 6.142578125 0.84375 6.86328125 0.072265625 6.958984375 0 6.89453125 -0.025390625 6.92578125 -0.119140625 6.828125 -0.04296875 6.841796875 -0.138671875 6.7578125 -0.14453125 6.7578125 -0.236328125 6.673828125 -0.138671875 6.658203125 -0.228515625 6.5625 -0.205078125 6.52734375 -0.3125 6.470703125 -0.16796875 6.419921875 -0.267578125 6.3203125 -0.20703125 6.412109375 -0.28125 6.310546875 -0.21875 6.65234375 0.6015625 6.603515625 0.69921875 6.623046875 0.58203125 6.55859375 0.671875 6.517578125 0.63671875 6.49609375 0.755859375 6.443359375 0.7109375 6.439453125 0.833984375 6.375 0.779296875 6.38671875 0.908203125 6.310546875 0.84375 6.3203125 0.998046875 6.23046875 0.921875 6.21875 0.93359375 6.556640625 0.791015625 6.51171875 0.87890625 6.470703125 0.958984375 6.419921875 1.056640625 6.412109375 1.072265625 6.52734375 1.1015625 6.5234375 1.1171875 6.638671875 1.146484375 6.552734375 0.291015625 6.572265625 0.259765625 6.482421875 0.1953125 6.59375 0.232421875 6.517578125 0.154296875 6.55859375 0.12109375 6.49609375 0.037109375 6.556640625 0 6.439453125 -0.041015625 6.51171875 -0.0859375 6.38671875 -0.115234375 7.080078125 0.291015625 7.060546875 0.2421875 7.1796875 0.259765625 7.2734375 0.228515625 7.359375 0.201171875 7.3203125 0.109375 7.466796875 0.166015625 7.421875 0.05859375 7.435546875 0.05078125 7.359375 -0.041015625 7.373046875 -0.05078125 7.296875 -0.142578125 6.3984375 0.134765625 6.3203125 0.078125 6.275390625 0.150390625 6.24609375 0.025390625 6.1953125 0.109375 6.15625 -0.041015625 6.09375 0.05859375 6.080078125 0.05078125 6.048828125 0.166015625 6.033203125 0.16015625 6.005859375 0.27734375 6.24609375 0.767578125 6.3203125 0.71484375 6.3984375 0.65625 6.482421875 0.595703125 6.59375 0.55859375 6.572265625 0.53125 6.625 0.529296875 6.62109375 0.49609375 7.296875 0.93359375 7.205078125 1.009765625 7.1953125 0.998046875 7.095703125 1.056640625 7.044921875 0.958984375 6.953125 0.99609375 7.00390625 0.87890625 6.92578125 0.91015625 6.958984375 0.791015625 6.89453125 0.818359375 6.91796875 0.705078125 6.861328125 0.720703125 7.095703125 0.50390625 7.09375 0.44921875 7.1796875 0.533203125 7.197265625 0.46484375 7.2734375 0.5625 7.29296875 0.48046875 7.359375 0.591796875 7.3828125 0.494140625 7.466796875 0.626953125 7.4921875 0.51171875 7.509765625 0.515625 7.501953125 0.396484375 7.51953125 0.396484375 7.509765625 0.27734375 6.95703125 0.671875 7.01953125 0.755859375 7.076171875 0.833984375 7.072265625 0.7109375 7.140625 0.779296875 7.1953125 0.71484375 7.26953125 0.767578125 7.240234375 0.642578125 7.3203125 0.68359375 6.21875 -0.142578125 6.23046875 -0.130859375 6.310546875 -0.05078125 6.375 0.013671875 6.443359375 0.08203125 6.6875 -0.04296875 6.7578125 -0.046875 6.705078125 0.05859375 6.7578125 0.056640625 6.72265625 0.16796875 6.7578125 0.166015625 6.7578125 0.208984375 6.794921875 0.16796875 7.26953125 0.025390625 7.205078125 -0.05078125 7.140625 0.013671875 7.12890625 -0.115234375 7.076171875 -0.041015625 7.00390625 -0.0859375 6.953125 -0.205078125 6.857421875 -0.228515625 6.7578125 -0.34765625 6.640625 -0.33984375 6.638671875 -0.35546875 6.7578125 1.154296875 6.640625 1.12890625 6.658203125 1.017578125 6.5625 0.99609375 6.673828125 0.931640625 6.58984375 0.91015625 -0.4375 4.734375 -0.416015625 4.671875 -0.4375 4.638671875 -0.373046875 4.62109375 -0.4375 4.53125 -0.373046875 4.533203125 -0.4375 4.416015625 -0.373046875 4.41796875 -0.373046875 4.32421875 -0.306640625 4.380859375 6.15625 0.201171875 6.1328125 0.296875 6.0234375 0.279296875 6.013671875 0.396484375 5.99609375 0.396484375 6.005859375 0.515625 7.435546875 0.7421875 7.373046875 0.84375 7.359375 0.833984375 7.28515625 0.921875 7.205078125 0.84375 7.12890625 0.908203125 6.669921875 0.423828125 6.666015625 0.41015625 6.666015625 0.396484375 6.666015625 0.380859375 6.669921875 0.3671875 6.787109375 0.482421875 6.771484375 0.48828125 6.7578125 0.48828125 6.744140625 0.48828125 6.890625 0.529296875 6.892578125 0.58203125 6.857421875 0.533203125 6.86328125 0.6015625 6.833984375 0.546875 6.828125 0.615234375 6.810546875 0.556640625 6.783203125 0.5625 1.54296875 3.744140625 1.51953125 3.8046875 1.54296875 3.837890625 1.478515625 3.857421875 1.54296875 3.9453125 1.478515625 3.943359375 1.54296875 4.060546875 1.478515625 4.060546875 1.478515625 4.154296875 1.412109375 4.09765625 7.197265625 0.326171875 7.09375 0.341796875 6.986328125 0.359375 7.09765625 0.396484375 6.98828125 0.396484375 6.986328125 0.431640625 6.9453125 0.396484375 6.923828125 0.421875 7.044921875 -0.16796875 6.98828125 -0.3125 6.875 -0.33984375 6.876953125 -0.35546875 6.7578125 -0.365234375 1.283203125 4.169921875 1.283203125 4.044921875 1.23046875 4.044921875 1.283203125 3.923828125 1.23046875 3.921875 1.23046875 3.806640625 1.166015625 3.8046875 1.166015625 3.71875 1.099609375 3.763671875 -0.51953125 4.87109375 -0.51953125 4.775390625 -0.572265625 4.77734375 -0.51953125 4.669921875 -0.572265625 4.669921875 -0.572265625 4.5546875 -0.63671875 4.556640625 -0.63671875 4.462890625 -0.703125 4.51953125 6.89453125 0.49609375 6.943359375 0.53125 6.921875 0.55859375 6.90625 0.6875 6.603515625 0.09375 6.65234375 0.189453125 6.623046875 0.208984375 6.681640625 0.24609375 6.658203125 0.259765625 6.71484375 0.3125 6.65234375 0.71875 6.62109375 0.818359375 6.6875 0.833984375 6.435546875 0.5 6.5390625 0.466796875 6.591796875 0.421875 6.59765625 0.447265625 6.65234375 0.072265625 6.6875 0.177734375 6.732421875 0.228515625 6.705078125 0.236328125 6.728515625 0.30859375 7.1953125 -0.20703125 7.095703125 -0.267578125 7.103515625 -0.28125 6.9921875 -0.328125 1.470703125 5.970703125 1.61328125 5.96875 1.470703125 5.859375 1.61328125 5.859375 1.470703125 5.708984375 1.61328125 5.708984375 1.53125 5.650390625 1.61328125 5.62109375 1.087890625 5.263671875 1.04296875 5.400390625 1.134765625 5.314453125 1.1015625 5.462890625 1.189453125 5.375 1.1640625 5.521484375 1.25 5.4296875 1.30078125 5.474609375 -0.373046875 3.8046875 -0.4375 3.806640625 -0.373046875 3.921875 -0.4375 3.921875 -0.373046875 4.015625 -0.4375 4.044921875 -0.416015625 4.0859375 -0.4375 4.169921875 6.62109375 -0.025390625 6.58984375 -0.119140625 6.275390625 0.642578125 6.361328125 0.59765625 1.2578125 5.126953125 1.38671875 5.064453125 1.259765625 5.05859375 1.388671875 4.978515625 1.263671875 4.978515625 1.38671875 4.892578125 1.259765625 4.8984375 1.2578125 4.830078125 7.390625 0.396484375 7.298828125 0.396484375 7.29296875 0.310546875 6.83984375 0.353515625 6.89453125 0.296875 6.908203125 0.318359375 6.943359375 0.259765625 6.962890625 0.291015625 7.033203125 0.1953125 6.455078125 0.55078125 6.3359375 0.533203125 6.2421875 0.5625 6.552734375 0.5 6.607421875 0.47265625 6.67578125 0.4375 0.796875 5.5625 0.84375 5.42578125 0.751953125 5.51171875 0.78515625 5.36328125 0.697265625 5.453125 0.72265625 5.306640625 0.63671875 5.3984375 0.5859375 5.3515625 6.9765625 0.32421875 6.91796875 0.34375 6.845703125 0.3671875 1.166015625 4.533203125 1.23046875 4.53125 1.166015625 4.41796875 1.23046875 4.416015625 1.166015625 4.32421875 1.23046875 4.294921875 1.20703125 4.251953125 1.23046875 4.169921875 6.658203125 0.533203125 1.50390625 5.2578125 1.458984375 5.39453125 1.55078125 5.30859375 1.515625 5.45703125 1.60546875 5.369140625 1.578125 5.515625 1.6640625 5.423828125 1.71484375 5.46875 6.625 0.263671875 7.060546875 0.552734375 7.033203125 0.595703125 6.962890625 0.5 6.908203125 0.47265625 6.83984375 0.4375 6.83203125 0.44921875 7.3828125 0.296875 7.482421875 0.630859375 7.421875 0.734375 1.216796875 4.830078125 1.087890625 4.892578125 1.212890625 4.8984375 1.083984375 4.978515625 1.2109375 4.978515625 1.087890625 5.064453125 1.212890625 5.05859375 1.216796875 5.126953125 -0.373046875 4.837890625 -0.416015625 4.791015625 -0.4375 4.814453125 -0.490234375 4.732421875 -0.490234375 4.63671875 -0.490234375 4.53125 1.478515625 3.638671875 1.51953125 3.6875 1.54296875 3.662109375 1.595703125 3.74609375 1.595703125 3.83984375 1.595703125 3.947265625 6.80078125 0.3125 6.857421875 0.259765625 6.8125 0.322265625 6.859375 0.29296875 6.82421875 0.330078125 6.83203125 0.341796875 -0.306640625 4.576171875 -0.240234375 4.548828125 -0.240234375 4.40625 7.0703125 0.494140625 6.9765625 0.466796875 1.283203125 4.53125 1.283203125 4.416015625 1.283203125 4.29296875 -0.595703125 4.390625 -0.572265625 4.43359375 -0.572265625 4.30859375 -0.51953125 4.30859375 -0.572265625 4.18359375 -0.51953125 4.18359375 -0.51953125 4.0625 6.810546875 0.05859375 -0.76953125 4.544921875 -0.63671875 4.671875 -0.63671875 4.7578125 6.421875 0.341796875 1.033203125 3.7890625 1.166015625 3.921875 1.166015625 4.015625 6.923828125 0.369140625 6.849609375 0.380859375 6.7890625 0.40625 6.791015625 0.400390625 6.791015625 0.396484375 6.791015625 0.390625 -0.490234375 3.80859375 -0.490234375 3.923828125 -0.490234375 4.044921875 -0.490234375 4.169921875 -0.8671875 3.0859375 -0.796875 3.0859375 -0.8671875 3.048828125 -0.796875 3.048828125 -0.9453125 3.0859375 -0.9453125 3.048828125 -1.021484375 3.0859375 -1.021484375 3.048828125 6.0234375 0.51171875 -12.650390625 3.357421875 -12.650390625 3.517578125 -12.642578125 3.34765625 -12.591796875 3.517578125 -12.591796875 3.34765625 -12.53125 3.34765625 6.890625 0.263671875 6.921875 0.232421875 6.705078125 0.732421875 7.4921875 0.279296875 6.91796875 0.447265625 6.849609375 0.41015625 6.845703125 0.423828125 7.201171875 0.396484375 0.119140625 3.0859375 0.1953125 3.0859375 0.119140625 3.048828125 0.1953125 3.048828125 -0.416015625 3.0859375 -0.3359375 3.0859375 -0.416015625 3.048828125 -0.3359375 3.048828125 -0.259765625 3.0859375 -0.259765625 3.048828125 -0.18359375 3.0859375 -0.18359375 3.048828125 -0.10546875 3.0859375 -0.10546875 3.048828125 -0.03515625 3.0859375 -0.03515625 3.048828125 0.04296875 3.0859375 0.04296875 3.048828125 0.2734375 3.0859375 0.2734375 3.048828125 0.34375 3.0859375 0.34375 3.048828125 0.423828125 3.0859375 0.423828125 3.048828125 0.5 3.0859375 0.5 3.048828125 0.576171875 3.0859375 0.576171875 3.048828125 0.654296875 3.0859375 0.654296875 3.048828125 0.724609375 3.0859375 0.724609375 3.048828125 0.8046875 3.0859375 0.8046875 3.048828125 0.880859375 3.0859375 0.880859375 3.048828125 0.95703125 3.0859375 0.95703125 3.048828125 1.03515625 3.0859375 1.03515625 3.048828125 1.10546875 3.0859375 1.10546875 3.048828125 1.185546875 3.0859375 1.185546875 3.048828125 1.26171875 3.0859375 1.26171875 3.048828125 1.337890625 3.0859375 1.337890625 3.048828125 1.416015625 3.0859375 1.416015625 3.048828125 1.486328125 3.0859375 1.486328125 3.048828125 1.564453125 3.0859375 1.564453125 3.048828125 1.642578125 3.0859375 1.642578125 3.048828125 1.71875 3.0859375 1.71875 3.048828125 1.796875 3.0859375 1.796875 3.048828125 1.8671875 3.0859375 1.8671875 3.048828125 1.9453125 3.0859375 1.9453125 3.048828125 2.021484375 3.0859375 2.021484375 3.048828125 0.453125 5.19921875 0.533203125 5.19921875 0.453125 4.939453125 0.53515625 4.939453125 0.455078125 4.77734375 0.53515625 4.77734375 -0.490234375 4.416015625 -0.4375 4.294921875 -0.490234375 4.29296875 1.23046875 4.638671875 1.166015625 4.62109375 1.099609375 4.576171875 1.033203125 4.548828125 -0.5703125 5.041015625 -0.650390625 5.041015625 -0.5703125 5.30078125 -0.650390625 5.30078125 -0.568359375 5.462890625 -0.650390625 5.462890625 1.033203125 4.40625 1.099609375 4.380859375 1.20703125 4.0859375 -0.296875 4.90234375 -0.376953125 4.90234375 -0.296875 5.162109375 -0.376953125 5.162109375 -0.296875 5.32421875 -0.37890625 5.32421875 -0.572265625 4.953125 -0.572265625 4.873046875 -0.595703125 4.810546875 -0.017578125 4.90234375 -0.09765625 4.90234375 -0.015625 5.162109375 -0.09765625 5.162109375 -0.015625 5.32421875 -0.09765625 5.32421875 -0.51953125 4.5546875 0.25390625 4.77734375 0.173828125 4.77734375 0.25390625 5.037109375 0.173828125 5.037109375 0.25390625 5.19921875 0.171875 5.19921875 1.595703125 4.0625 1.54296875 4.18359375 1.595703125 4.18359375 1.595703125 4.30859375 1.54296875 4.30859375 1.54296875 4.43359375 1.595703125 4.431640625 1.595703125 4.5546875 -0.4375 3.701171875 -0.373046875 3.71875 -0.306640625 3.763671875 -0.240234375 3.7890625 0.890625 5.19921875 0.97265625 5.19921875 0.890625 4.939453125 0.970703125 4.939453125 0.890625 4.77734375 0.970703125 4.77734375 -0.240234375 3.93359375 -0.306640625 3.958984375 -0.416015625 4.251953125 0.203125 5.759765625 0.26171875 5.759765625 0.203125 5.578125 0.26171875 5.578125 0.203125 5.357421875 0.26171875 5.361328125 -0.146484375 5.484375 -0.205078125 5.484375 -0.146484375 5.66796875 -0.205078125 5.66796875 -0.146484375 5.8828125 -0.205078125 5.88671875 0.34765625 5.626953125 0.4296875 5.626953125 0.34765625 5.4453125 0.4296875 5.4453125 0.34765625 5.23046875 0.4296875 5.234375 0.51171875 5.626953125 0.51171875 5.4453125 0.51171875 5.23046875 -0.056640625 5.759765625 0.052734375 5.759765625 -0.056640625 5.578125 0.052734375 5.578125 -0.056640625 5.359375 0.056640625 5.357421875 1.755859375 5.708984375 1.755859375 5.859375 1.755859375 5.970703125 0.439453125 3.216796875 0.4375 3.212890625 0.439453125 3.189453125 0.4375 3.185546875 0.439453125 3.185546875 0.4453125 3.18359375 0.55859375 3.185546875 0.552734375 3.18359375 0.560546875 3.189453125 0.560546875 3.185546875 0.560546875 3.216796875 0.560546875 3.212890625 0.439453125 3.240234375 0.4453125 3.2421875 0.439453125 3.23828125 0.4375 3.240234375 0.560546875 3.23828125 0.560546875 3.240234375 0.55859375 3.240234375 0.552734375 3.2421875 7.1171875 0.65625 6.998046875 0.63671875 6.82421875 0.4609375 6.8125 0.470703125 6.80078125 0.478515625 6.787109375 0.30859375 6.703125 0.470703125 6.69140625 0.4609375 6.68359375 0.44921875 7.28515625 -0.130859375 7.205078125 -0.21875 -0.486328125 3.0859375 -0.486328125 3.048828125 -0.564453125 3.0859375 -0.564453125 3.048828125 -0.640625 3.0859375 -0.640625 3.048828125 6.78125 0.419921875 6.77734375 0.421875 6.7734375 0.42578125 6.7890625 0.38671875 6.787109375 0.380859375 6.767578125 0.427734375 6.763671875 0.4296875 6.78515625 0.376953125 6.78125 0.373046875 6.7578125 0.4296875 6.751953125 0.4296875 6.77734375 0.369140625 6.7734375 0.365234375 6.748046875 0.427734375 6.7421875 0.42578125 6.767578125 0.365234375 6.763671875 0.36328125 6.73828125 0.421875 6.734375 0.419921875 6.7578125 0.36328125 6.751953125 0.36328125 6.73046875 0.416015625 6.728515625 0.412109375 6.748046875 0.365234375 6.7421875 0.365234375 6.7265625 0.40625 6.724609375 0.400390625 6.73828125 0.369140625 6.734375 0.373046875 6.724609375 0.396484375 6.724609375 0.390625 6.73046875 0.376953125 6.728515625 0.380859375 6.7265625 0.38671875 -0.716796875 3.0859375 -0.716796875 3.048828125 0.595703125 5.7734375 0.595703125 5.6484375 0.53125 5.78515625 0.53125 5.66015625 0.501953125 5.662109375 1.22265625 4.775390625 1.09765625 4.763671875 1.091796875 4.8203125 7.154296875 0.59765625 6.849609375 0.396484375 6.7578125 0.541015625 0.83203125 5.60546875 0.927734375 5.525390625 0.892578125 5.48046875 0.669921875 5.255859375 0.623046875 5.220703125 0.54296875 5.318359375 1.40625 3.888671875 1.40625 3.80859375 1.341796875 3.9140625 1.341796875 3.833984375 1.3125 3.84375 1.091796875 5.13671875 1.09765625 5.193359375 1.22265625 5.181640625 0.861328125 5.65234375 0.861328125 5.77734375 0.92578125 5.640625 0.92578125 5.765625 0.955078125 5.763671875 1.51953125 4.224609375 -0.30078125 4.587890625 -0.30078125 4.669921875 -0.236328125 4.5625 -0.236328125 4.642578125 -0.20703125 4.634765625 1.595703125 3.6640625 1.595703125 3.599609375 1.54296875 3.595703125 6.033203125 0.630859375 1.25 5.181640625 1.375 5.193359375 1.3828125 5.13671875 1.3828125 4.8203125 1.375 4.763671875 1.25 4.775390625 6.61328125 0.396484375 0.833984375 5.751953125 0.833984375 5.626953125 0.76953125 5.763671875 0.76953125 5.638671875 0.7421875 5.640625 1.0546875 5.220703125 0.958984375 5.30078125 0.994140625 5.34765625 6.787109375 0.412109375 6.859375 0.498046875 1.412109375 3.90234375 1.345703125 3.927734375 1.470703125 5.21484375 1.373046875 5.294921875 1.41015625 5.341796875 6.5234375 -0.328125 -0.51953125 3.6640625 -0.572265625 3.662109375 -0.51953125 3.74609375 -0.572265625 3.744140625 -0.572265625 3.837890625 1.54296875 4.669921875 1.595703125 4.669921875 1.54296875 4.5546875 -12.650390625 3.6796875 -12.642578125 3.6875 -12.591796875 3.6875 1.6328125 5.564453125 1.677734375 5.599609375 1.7578125 5.501953125 1.091796875 3.75 1.091796875 3.669921875 1.02734375 3.775390625 1.02734375 3.697265625 1 3.705078125 -0.490234375 4.8125 -0.490234375 4.87890625 -0.4375 4.880859375 -0.572265625 5.01953125 -0.51953125 5.017578125 -0.51953125 4.951171875 1.216796875 5.5703125 1.263671875 5.60546875 1.34375 5.509765625 -0.35546875 5.484375 -0.466796875 5.484375 -0.35546875 5.66796875 -0.466796875 5.66796875 -0.466796875 5.884765625 -10.390625 4.21484375 -10.296875 4.16796875 -10.388671875 4.20703125 -10.3046875 4.1640625 -10.349609375 4.044921875 -10.3515625 4.052734375 -10.447265625 4.078125 -10.439453125 4.08203125 -11.779296875 3.662109375 -11.83203125 3.787109375 -11.697265625 3.705078125 -11.7421875 3.81640625 -12.52734375 3.03515625 -12.404296875 2.984375 -12.556640625 2.947265625 -12.4453125 2.900390625 -12.390625 2.978515625 -12.26171875 2.896484375 -12.43359375 2.89453125 -12.31640625 2.8203125 -12.248046875 2.88671875 -12.13671875 2.791015625 -12.302734375 2.810546875 -12.201171875 2.724609375 -12.125 2.779296875 -12.029296875 2.66796875 -12.19140625 2.71484375 -12.10546875 2.61328125 -12.021484375 2.65625 -11.939453125 2.525390625 -12.095703125 2.6015625 -12.021484375 2.484375 -11.931640625 2.51171875 -11.880859375 2.388671875 -12.015625 2.470703125 -11.96875 2.359375 -11.876953125 2.373046875 -11.841796875 2.224609375 -11.96484375 2.34375 -11.93359375 2.208984375 -11.83984375 2.208984375 -11.828125 2.0625 -11.931640625 2.193359375 -11.919921875 2.0625 -11.828125 2.046875 -11.83984375 1.900390625 -11.919921875 2.046875 -11.931640625 1.9140625 -11.841796875 1.884765625 -11.876953125 1.734375 -11.93359375 1.8984375 -11.96484375 1.763671875 -11.880859375 1.720703125 -11.931640625 1.595703125 -11.96875 1.75 -12.015625 1.638671875 -11.939453125 1.583984375 -12.021484375 1.453125 -12.021484375 1.625 -12.095703125 1.5078125 -12.029296875 1.439453125 -12.125 1.328125 -12.10546875 1.494140625 -12.19140625 1.39453125 -12.13671875 1.31640625 -12.248046875 1.22265625 -12.201171875 1.3828125 -12.302734375 1.296875 -12.26171875 1.212890625 -12.390625 1.130859375 -12.31640625 1.287109375 -12.43359375 1.21484375 -12.404296875 1.123046875 -12.52734375 1.072265625 -12.4453125 1.20703125 -12.556640625 1.16015625 -12.54296875 1.068359375 -12.693359375 1.033203125 -12.572265625 1.15625 -12.70703125 1.125 -12.708984375 1.03125 -12.85546875 1.01953125 -12.72265625 1.123046875 -12.85546875 1.11328125 -12.869140625 1.01953125 -13.015625 1.03125 -12.869140625 1.11328125 -13.001953125 1.123046875 -13.03125 1.033203125 -13.181640625 1.068359375 -13.017578125 1.125 -13.15234375 1.15625 -13.197265625 1.072265625 -13.3203125 1.123046875 -13.16796875 1.16015625 -13.27734375 1.20703125 -10.388671875 3.291015625 -10.439453125 3.4140625 -10.3046875 3.33203125 -10.3515625 3.443359375 -10.443359375 3.427734375 -10.478515625 3.578125 -10.35546875 3.458984375 -10.38671875 3.59375 -10.48046875 3.59375 -10.4921875 3.740234375 -10.388671875 3.609375 -10.3984375 3.740234375 -10.4921875 3.755859375 -10.48046875 3.90234375 -10.3984375 3.755859375 -10.388671875 3.888671875 -10.478515625 3.91796875 -10.443359375 4.068359375 -10.38671875 3.904296875 -10.35546875 4.0390625 -11.775390625 3.431640625 -11.861328125 3.34765625 -11.787109375 3.43359375 -11.859375 3.359375 -11.908203125 3.416015625 -11.896484375 3.41796875 -11.833984375 3.4921875 -11.833984375 3.48046875 -10.515625 4.453125 -10.46875 4.521484375 -10.50390625 4.451171875 -10.46875 4.5078125 -10.384765625 4.4375 -10.39453125 4.435546875 -10.443359375 4.376953125 -10.44140625 4.388671875 -11.69140625 3.509765625 -11.705078125 3.509765625 -11.7734375 3.4453125 -11.8203125 3.4921875 -11.736328125 3.58203125 -11.73828125 3.568359375 -10.4296875 4.376953125 -10.3828125 4.423828125 -10.298828125 4.359375 -10.3125 4.359375 -10.34375 4.287109375 -10.34765625 4.30078125 -9.822265625 4.318359375 -9.904296875 4.37890625 -9.8203125 4.328125 -9.8984375 4.384765625 -11.296875 3.15625 -11.212890625 3.216796875 -11.291015625 3.1484375 -11.2109375 3.20703125 -11.51953125 3.439453125 -11.51953125 3.37890625 -11.568359375 3.439453125 -11.568359375 3.37890625 -10.17578125 4.310546875 -10.17578125 4.37109375 -10.126953125 4.310546875 -10.126953125 4.37109375 -11.294921875 3.34765625 -11.20703125 3.220703125 -11.2890625 3.349609375 -9.904296875 4.1875 -9.896484375 4.18359375 -9.81640625 4.3125 -10.17578125 4.1796875 -10.126953125 4.1796875 -11.517578125 3.248046875 -11.568359375 3.248046875 -10.21484375 4.298828125 -10.298828125 4.349609375 -10.224609375 4.294921875 -10.298828125 4.177734375 -10.380859375 4.21875 -11.78125 3.654296875 -11.689453125 3.701171875 -11.7734375 3.650390625 -11.689453125 3.69140625 -11.607421875 3.5703125 -11.6171875 3.57421875 -11.69140625 3.51953125 -11.51953125 3.517578125 -11.568359375 3.517578125 -11.51953125 3.6015625 -11.568359375 3.6015625 -10.17578125 4.44921875 -10.126953125 4.44921875 -10.384765625 3.060546875 -10.46875 2.974609375 -10.39453125 3.060546875 -10.46875 2.98828125 -10.515625 3.044921875 -10.50390625 3.044921875 -10.443359375 3.12109375 -10.44140625 3.109375 -13.56640625 0.998046875 -13.634765625 1.04296875 -13.564453125 1.0078125 -13.623046875 1.04296875 -13.55078125 1.126953125 -13.548828125 1.1171875 -13.490234375 1.068359375 -13.501953125 1.0703125 -10.298828125 3.13671875 -10.3125 3.13671875 -10.3828125 3.07421875 -10.4296875 3.12109375 -10.34375 3.208984375 -10.34765625 3.1953125 -13.490234375 1.08203125 -13.537109375 1.12890625 -13.47265625 1.212890625 -13.474609375 1.19921875 -13.400390625 1.16796875 -13.4140625 1.1640625 -11.5390625 1.26171875 -11.599609375 1.177734375 -11.55078125 1.263671875 -11.607421875 1.185546875 -9.904296875 3.15625 -9.822265625 3.216796875 -9.8984375 3.1484375 -9.8203125 3.20703125 -10.17578125 3.1484375 -10.17578125 3.208984375 -10.126953125 3.1484375 -10.126953125 3.208984375 -9.958984375 1.23046875 -9.958984375 1.169921875 -10.009765625 1.23046875 -10.009765625 1.169921875 -9.904296875 3.34765625 -9.81640625 3.220703125 -9.896484375 3.349609375 -11.53515625 1.267578125 -11.40625 1.185546875 -11.408203125 1.1796875 -11.283203125 1.134765625 -11.28515625 1.12890625 -11.134765625 1.1015625 -11.134765625 1.09375 -10.98828125 1.08984375 -10.98828125 1.08203125 -10.84375 1.1015625 -10.841796875 1.09375 -10.6953125 1.134765625 -10.69140625 1.12890625 -10.572265625 1.185546875 -10.568359375 1.1796875 -10.443359375 1.267578125 -10.4375 1.26171875 -10.33203125 1.361328125 -10.326171875 1.357421875 -10.236328125 1.47265625 -10.23046875 1.46875 -10.15625 1.6015625 -10.1484375 1.599609375 -10.10546875 1.724609375 -10.09765625 1.72265625 -10.0703125 1.873046875 -10.064453125 1.873046875 -10.060546875 2.01953125 -10.052734375 2.01953125 -10.0703125 2.1640625 -10.064453125 2.166015625 -10.10546875 2.3125 -10.09765625 2.31640625 -10.15625 2.435546875 -10.1484375 2.439453125 -10.236328125 2.564453125 -10.23046875 2.5703125 -10.33203125 2.67578125 -10.326171875 2.681640625 -10.443359375 2.771484375 -10.4375 2.77734375 -10.572265625 2.8515625 -10.568359375 2.859375 -10.6953125 2.90234375 -10.69140625 2.91015625 -9.958984375 1.361328125 -10.009765625 1.361328125 -10.17578125 3.33984375 -10.126953125 3.33984375 -13.412109375 1.296875 -13.462890625 1.212890625 -13.408203125 1.287109375 -13.283203125 1.21484375 -13.291015625 1.21484375 -13.328125 1.12109375 -13.333984375 1.130859375 -10.390625 3.28125 -10.296875 3.328125 -10.380859375 3.27734375 -10.298828125 3.318359375 -10.21484375 3.197265625 -10.224609375 3.201171875 -10.298828125 3.146484375 -10.17578125 3.072265625 -10.126953125 3.072265625 -10.17578125 2.986328125 -10.126953125 2.986328125 -9.958984375 1.091796875 -10.009765625 1.091796875 -9.958984375 1.0078125 -10.009765625 1.0078125 -13.25390625 3.34765625 -13.2734375 3.4296875 -13.244140625 3.357421875 -13.259765625 3.423828125 -13.205078125 3.34765625 -13.185546875 3.4296875 -13.19140625 3.353515625 -13.17578125 3.41796875 0.556640625 3.2421875 0.544921875 3.2421875 0.5 3.2421875 0.5 3.240234375 0.5 3.1875 0.5 3.1796875 0.544921875 3.18359375 0.556640625 3.1875 0.44140625 3.1875 0.453125 3.18359375 0.453125 3.2421875 0.44140625 3.2421875 0.5 3.23046875 0.44921875 3.21484375 0.5 3.20703125 0.451171875 3.20703125 0.546875 3.20703125 0.548828125 3.21484375 0.5546875 3.216796875 0.55859375 3.220703125 0.5546875 3.23828125 0.55859375 3.236328125 0.447265625 3.216796875 0.443359375 3.216796875 0.443359375 3.23828125 0.556640625 3.236328125 0.44140625 3.220703125 0.44140625 3.236328125 0.44140625 3.21484375 0.443359375 3.189453125 0.44140625 3.19140625 0.556640625 3.220703125 0.556640625 3.21484375 0.556640625 3.19140625 0.5546875 3.189453125 0.5 3.205078125 0.453125 3.205078125 0.544921875 3.205078125 0.45703125 3.21484375 0.453125 3.216796875 0.455078125 3.216796875 0.443359375 3.21484375 0.455078125 3.21484375 0.455078125 3.201171875 0.45703125 3.205078125 0.458984375 3.203125 0.544921875 3.216796875 0.54296875 3.21484375 0.54296875 3.216796875 0.541015625 3.21484375 0.55078125 3.216796875 0.5546875 3.21484375 0.5 3.19921875 0.5 3.201171875 0.54296875 3.201171875 0.5390625 3.203125 0.541015625 3.205078125 0.54296875 3.205078125 0.5 3.19140625 0.5 3.23828125 0.5 3.189453125 0.5 3.203125 -10.17578125 4.533203125 -10.126953125 4.533203125 6.90234375 0.396484375 7.482421875 0.16015625 6.310546875 1.009765625 6.65625 0.498046875 -10.6953125 3.3203125 -10.74609375 3.3203125 -10.6953125 3.3359375 -10.74609375 3.3359375 -10.75390625 3.3203125 -10.75390625 3.3359375 -10.79296875 3.3203125 -10.798828125 3.3203125 -10.79296875 3.3359375 -10.798828125 3.3359375 -10.849609375 3.3203125 -10.849609375 3.3359375 6.142578125 -0.05078125 -10.6953125 3.947265625 -10.74609375 3.947265625 -10.75390625 3.947265625 -10.79296875 3.947265625 -10.798828125 3.947265625 -10.849609375 3.947265625 -10.798828125 3.083984375 -10.798828125 3.19921875 -10.79296875 3.083984375 -10.79296875 3.19921875 -10.74609375 3.19921875 -10.74609375 3.083984375 -10.75390625 3.19921875 -10.75390625 3.083984375 -11.51953125 3.61328125 -11.568359375 3.61328125 -11.466796875 2.994140625 -11.4609375 2.986328125 -11.478515625 2.982421875 -11.47265625 2.974609375 -10.068359375 4.548828125 -10.076171875 4.541015625 -10.080078125 4.560546875 -10.087890625 4.552734375 -10.126953125 4.544921875 -10.17578125 4.544921875 -9.990234375 4.455078125 -9.982421875 4.462890625 -11.3828125 3.078125 -11.375 3.072265625 -10.17578125 2.974609375 -10.126953125 2.974609375 -11.873046875 2.3828125 -11.970703125 2.3515625 6.7578125 0.396484375 -0.63671875 4.9765625 -0.595703125 4.9296875 1.345703125 4.072265625 0.396484375 3.671875 0.291015625 3.7265625 0.38671875 3.81640625 0.279296875 3.884765625 0.505859375 3.767578125 0.509765625 3.63671875 0.630859375 3.61328125 -11.34765625 3.470703125 -11.33984375 3.47265625 -9.955078125 3.470703125 -9.947265625 3.47265625 -9.98828125 3.62109375 -9.982421875 3.62109375 -10 3.767578125 -9.9921875 3.767578125 -9.98828125 3.9140625 -9.982421875 3.912109375 -9.955078125 4.064453125 -9.947265625 4.0625 -11.16796875 2.974609375 -11.16796875 3.056640625 -11.119140625 2.974609375 -11.119140625 3.056640625 -11.16796875 3.15234375 -11.119140625 3.15234375 -11.16796875 3.263671875 -11.119140625 3.263671875 -11.029296875 3.814453125 -11.029296875 3.69140625 -11.080078125 3.814453125 -11.080078125 3.69140625 -11.029296875 3.541015625 -11.080078125 3.541015625 -11.029296875 3.39453125 -11.080078125 3.39453125 -11.029296875 3.248046875 -11.080078125 3.248046875 -11.029296875 3.09765625 -11.080078125 3.09765625 -11.029296875 2.974609375 -11.080078125 2.974609375 -9.958984375 2.62109375 -9.958984375 2.5390625 -10.009765625 2.62109375 -10.009765625 2.5390625 -9.958984375 2.443359375 -10.009765625 2.443359375 -9.958984375 2.33203125 -10.009765625 2.33203125 -9.958984375 2.201171875 -10.009765625 2.201171875 -9.958984375 2.078125 -10.009765625 2.078125 -9.958984375 1.927734375 -10.009765625 1.927734375 -9.958984375 1.78125 -10.009765625 1.78125 -9.958984375 1.634765625 -10.009765625 1.634765625 -9.958984375 1.484375 -10.009765625 1.484375 -10.076171875 2.994140625 -10.068359375 2.986328125 -10.087890625 2.982421875 -10.080078125 2.974609375 -11.76953125 1.015625 -11.76171875 1.0078125 -11.78125 1.00390625 -11.7734375 0.998046875 -10.009765625 0.998046875 -9.958984375 0.998046875 -11.677734375 1.091796875 -11.685546875 1.099609375 -0.3515625 5.88671875 0.208984375 5.34765625 0.265625 5.353515625 -0.154296875 5.986328125 -0.1171875 6.01953125 -0.087890625 5.919921875 -0.0625 5.962890625 1.396484375 5.84375 1.390625 5.84375 1.40625 5.91015625 1.40234375 5.916015625 1.43359375 5.91796875 1.439453125 5.923828125 1.43359375 5.888671875 1.4375 5.884765625 0.150390625 5.888671875 0.150390625 5.896484375 0.185546875 5.85546875 0.193359375 5.85546875 -0.56640625 6.044921875 -0.5625 6.05078125 -0.55859375 6.015625 -0.546875 6.01171875 0.30859375 5.349609375 0.31640625 5.353515625 1.138671875 5.841796875 1.138671875 5.849609375 1.181640625 5.818359375 1.193359375 5.8203125 1.396484375 5.62890625 1.390625 5.62109375 1.388671875 5.7265625 1.3828125 5.732421875 1.181640625 5.658203125 1.138671875 5.634765625 1.15625 5.732421875 1.10546875 5.732421875 0.509765625 5.220703125 0.435546875 5.224609375 -0.19921875 5.896484375 -0.142578125 5.890625 0.095703125 5.83203125 0.119140625 5.7890625 0.119140625 5.78125 1.10546875 5.744140625 1.15625 5.744140625 1.1015625 5.73828125 1.1640625 5.73828125 -0.64453125 5.982421875 -0.66015625 5.927734375 -0.654296875 5.974609375 -0.6640625 5.93359375 -0.783203125 6.00390625 -0.794921875 6.01171875 -0.798828125 6.05859375 -0.802734375 6.052734375 -0.74609375 5.974609375 -0.73828125 5.93359375 -0.7578125 5.982421875 -0.7421875 5.927734375 1.43359375 5.880859375 1.43359375 5.744140625 1.439453125 5.73828125 0.265625 5.78125 0.224609375 5.78125 0.265625 5.91796875 0.224609375 5.91796875 0.0625 5.345703125 0.19921875 5.345703125 1.794921875 5.73828125 1.794921875 5.884765625 1.798828125 5.73828125 1.798828125 5.884765625 1.443359375 5.73828125 1.443359375 5.625 1.439453125 5.623046875 -0.6171875 5.927734375 -0.6015625 5.982421875 -0.60546875 5.9375 -0.59765625 5.9765625 -0.5703125 5.982421875 -0.55859375 5.974609375 -0.5546875 5.927734375 -0.548828125 5.93359375 1.802734375 5.880859375 1.802734375 5.744140625 0.310546875 5.91796875 0.349609375 5.91796875 0.310546875 5.78125 0.349609375 5.78125 -0.345703125 5.8984375 -0.208984375 5.8984375 0.2734375 5.923828125 0.21875 5.923828125 1.43359375 5.736328125 1.435546875 5.62109375 0.001953125 5.78125 -0.03515625 5.78125 0.001953125 5.896484375 -0.03515625 5.896484375 -0.060546875 5.34765625 0.052734375 5.345703125 -0.46875 5.896484375 -0.35546875 5.8984375 0.029296875 5.78125 0.029296875 5.896484375 0.068359375 5.78125 0.068359375 5.896484375 1.802734375 5.736328125 1.796875 5.623046875 1.802734375 5.62109375 -9.990234375 3.078125 -9.982421875 3.072265625 -13.13671875 3.34765625 -13.1171875 3.4296875 -13.123046875 3.353515625 -13.107421875 3.41796875 -12.923828125 3.48828125 -12.923828125 3.34765625 -12.93359375 3.48046875 -12.93359375 3.353515625 -12.689453125 3.34765625 -12.767578125 3.34765625 -12.6953125 3.359375 -12.76171875 3.359375 -12.490234375 3.357421875 -12.322265625 3.37109375 -12.478515625 3.34765625 -12.333984375 3.357421875 -12.767578125 3.515625 -12.689453125 3.515625 -12.76171875 3.50390625 -12.6953125 3.50390625 -12.154296875 3.357421875 -12.30859375 3.357421875 -12.1640625 3.34765625 -12.767578125 3.68359375 -12.689453125 3.68359375 -12.76171875 3.671875 -12.6953125 3.671875 -12.6953125 3.52734375 -12.76171875 3.52734375 -12.884765625 3.34765625 -12.884765625 3.48828125 -12.873046875 3.353515625 -12.873046875 3.48046875 -13.048828125 3.34765625 -13.068359375 3.4296875 -13.0390625 3.357421875 -13.0546875 3.423828125 -13 3.48046875 -13 3.353515625 -12.806640625 3.48046875 -12.806640625 3.353515625 -10.634765625 3.3359375 -10.634765625 3.947265625 -12.4921875 3.96875 -12.322265625 3.96875 -10.91015625 3.3359375 -10.91015625 3.947265625 -12.150390625 3.96875 -12.53125 3.517578125 -12.53125 3.6875 -10.6953125 3.19921875 -10.6875 3.205078125 -10.6875 3.30859375 -12.693359375 3.31640625 -12.611328125 3.30078125 -12.685546875 3.306640625 -12.619140625 3.291015625 -12.609375 3.1953125 -12.619140625 3.201171875 -12.693359375 3.1953125 -12.685546875 3.203125 -10.17578125 3.462890625 -10.126953125 3.462890625 -10.17578125 3.61328125 -10.126953125 3.61328125 -10.17578125 3.759765625 -10.126953125 3.759765625 -10.17578125 3.90625 -10.126953125 3.90625 0.44140625 5.19921875 0.44140625 4.939453125 0.443359375 4.77734375 -0.20703125 4.544921875 -0.20703125 4.556640625 -0.365234375 4.6328125 -0.40625 4.68359375 -0.4296875 4.7421875 1.23046875 4.734375 1.20703125 4.671875 1.220703125 4.7421875 1.19921875 4.68359375 1.158203125 4.6328125 1.091796875 4.587890625 1.02734375 4.5625 1 4.544921875 1 4.556640625 -0.662109375 5.462890625 -0.662109375 5.30078125 -0.662109375 5.041015625 1.091796875 4.669921875 1.02734375 4.642578125 1 4.634765625 -0.736328125 5.462890625 -0.736328125 5.30078125 -0.736328125 5.041015625 0.3671875 5.19921875 0.3671875 4.939453125 0.369140625 4.77734375 -0.20703125 4.41015625 -10.17578125 4.056640625 -10.126953125 4.056640625 -12.095703125 3.869140625 -12.111328125 3.951171875 -12.0859375 3.87890625 -12.1015625 3.943359375 -10.849609375 3.19921875 -10.857421875 3.30859375 -10.857421875 3.205078125 -11.9921875 3.953125 -11.990234375 3.8671875 -11.998046875 3.943359375 -11.998046875 3.876953125 -11.517578125 3.125 -11.568359375 3.125 -10.6953125 3.083984375 -10.689453125 3.09375 -10.689453125 3.1875 -12.685546875 3.185546875 -12.619140625 3.185546875 -12.6171875 3.0625 -12.623046875 3.07421875 -12.69921875 3.08203125 -12.689453125 3.091796875 -11.16796875 3.39453125 -11.119140625 3.39453125 -11.16796875 3.517578125 -11.119140625 3.517578125 -11.837890625 3.791015625 -11.740234375 3.82421875 1.02734375 4.3984375 1.091796875 4.373046875 0.697265625 5.19921875 0.69921875 4.939453125 0.685546875 5.19921875 0.6875 4.939453125 0.6875 4.77734375 0.69921875 4.77734375 0.955078125 5.638671875 0.919921875 5.62890625 0.955078125 5.626953125 1.158203125 4.318359375 1.19921875 4.25 1.220703125 4.169921875 1.19921875 4.087890625 1.158203125 4.01953125 1.099609375 3.958984375 1.091796875 3.966796875 1.033203125 3.93359375 1.02734375 3.94140625 0.416015625 5.650390625 0.3828125 5.6484375 0.41015625 5.662109375 0.3828125 5.66015625 -0.419921875 5.041015625 -0.41796875 5.30078125 -0.408203125 5.041015625 -0.40625 5.30078125 0.474609375 5.673828125 0.474609375 5.798828125 0.41015625 5.787109375 0.3828125 5.78515625 -0.416015625 5.462890625 -0.5390625 5.462890625 -0.541015625 5.30078125 -0.54296875 5.041015625 0.5625 5.19921875 0.5625 4.939453125 0.564453125 4.77734375 1 4.41015625 -12.396484375 2.986328125 -12.44140625 2.89453125 -12.56640625 2.9453125 -12.533203125 3.04296875 -12.251953125 2.89453125 -12.3125 2.8125 -11.98046875 3.876953125 -11.98046875 3.943359375 -10.849609375 3.083984375 -10.857421875 3.1875 -10.857421875 3.09375 -11.876953125 3.95703125 -11.857421875 3.875 -11.88671875 3.94921875 -11.869140625 3.8828125 -10.798828125 2.982421875 -10.79296875 2.98828125 -10.74609375 2.982421875 -10.75390625 2.98828125 -12.126953125 2.7890625 -12.19921875 2.716796875 -0.28515625 4.90234375 -0.28515625 5.162109375 -0.28515625 5.32421875 1 3.794921875 1 3.783203125 1.158203125 3.70703125 1.20703125 3.666015625 1.19921875 3.65625 1.23046875 3.60546875 1.220703125 3.595703125 -0.58203125 4.880859375 -0.603515625 4.822265625 -0.64453125 4.771484375 -0.703125 4.71484375 -0.7109375 4.7265625 -0.76953125 4.6875 -0.775390625 4.701171875 -0.802734375 4.68359375 -0.802734375 4.6953125 -0.109375 5.32421875 -0.109375 5.162109375 -0.109375 4.90234375 -0.7109375 4.80859375 -0.775390625 4.78125 -0.802734375 4.7734375 -0.18359375 5.32421875 -0.18359375 5.162109375 -0.18359375 4.90234375 -0.2109375 4.90234375 -0.2109375 5.162109375 -0.2109375 5.32421875 1 3.9296875 -12.021484375 2.666015625 -12.103515625 2.60546875 -10.6953125 2.982421875 -10.849609375 2.982421875 -10.841796875 2.943359375 -10.84375 2.9375 -11.380859375 3.62109375 -11.373046875 3.62109375 -11.51953125 2.974609375 -11.568359375 2.974609375 -11.119140625 3.66796875 -11.16796875 3.66796875 -0.048828125 4.62109375 -0.173828125 4.625 -0.044921875 4.689453125 -0.171875 4.69921875 -0.64453125 4.45703125 -0.603515625 4.388671875 -0.775390625 4.537109375 -0.7109375 4.51171875 -11.9296875 2.521484375 -12.0234375 2.474609375 0.01171875 4.77734375 0.009765625 5.037109375 0.0234375 4.77734375 0.021484375 5.037109375 0.01953125 5.19921875 0.0078125 5.19921875 0.501953125 5.787109375 0.53515625 5.796875 0.501953125 5.798828125 -0.58203125 4.30859375 0.146484375 4.77734375 0.14453125 5.037109375 0.14453125 5.19921875 -0.0390625 4.744140625 -0.1640625 4.755859375 -0.052734375 4.541015625 -0.177734375 4.541015625 -0.802734375 4.548828125 -0.51953125 4.431640625 -10.857421875 3.078125 -10.857421875 2.986328125 -11.775390625 3.974609375 -11.779296875 3.96484375 -11.748046875 3.830078125 -11.8359375 3.80078125 -12.54296875 3.041015625 -12.572265625 2.951171875 0.83984375 3.74609375 0.91015625 3.748046875 0.8359375 3.734375 0.90625 3.736328125 0.841796875 3.607421875 0.9140625 3.611328125 0.958984375 3.744140625 0.970703125 3.619140625 1.470703125 4.158203125 1.40625 4.103515625 0.755859375 3.7421875 0.755859375 3.73046875 1.341796875 4.080078125 1.041015625 5.775390625 1.07421875 5.77734375 1.046875 5.763671875 1.07421875 5.765625 0.7265625 4.77734375 0.7265625 4.939453125 0.73828125 4.77734375 0.73828125 4.939453125 0.740234375 5.19921875 0.728515625 5.19921875 0.75390625 3.595703125 0.982421875 5.751953125 0.982421875 5.626953125 1.046875 5.638671875 1.07421875 5.640625 0.861328125 4.77734375 0.861328125 4.939453125 0.86328125 5.19921875 -12.71484375 2.978515625 -12.70703125 2.982421875 -10.689453125 2.986328125 -10.689453125 3.078125 -11.87109375 3.951171875 -12.693359375 3.07421875 -11.8359375 2.216796875 -11.9375 2.201171875 0.265625 4.77734375 0.265625 5.037109375 0.265625 5.19921875 1.3125 3.931640625 1.3125 3.921875 1.470703125 3.845703125 1.51171875 3.794921875 1.53515625 3.734375 -0.4375 3.60546875 -0.416015625 3.666015625 -0.4296875 3.595703125 -0.40625 3.65625 -0.365234375 3.70703125 -0.30078125 3.75 -0.236328125 3.775390625 -0.20703125 3.794921875 -0.20703125 3.783203125 0.982421875 4.77734375 0.982421875 4.939453125 0.984375 5.19921875 -0.30078125 3.669921875 -0.236328125 3.697265625 -0.20703125 3.705078125 1.056640625 4.77734375 1.056640625 4.939453125 1.05859375 5.19921875 0.33984375 4.77734375 0.33984375 5.037109375 0.33984375 5.19921875 1.3125 4.068359375 -11.822265625 2.0546875 -11.92578125 2.0546875 -11.8359375 1.890625 -11.9375 1.908203125 -0.236328125 3.94140625 -0.30078125 3.966796875 -0.80078125 5.484375 -0.802734375 5.744140625 -0.7890625 5.484375 -0.791015625 5.744140625 -0.404296875 5.462890625 0.7421875 5.765625 0.775390625 5.775390625 0.7421875 5.77734375 -0.365234375 4.01953125 -0.40625 4.087890625 -0.4296875 4.169921875 -0.40625 4.25 -0.365234375 4.318359375 -0.30078125 4.373046875 -0.236328125 4.3984375 0.65625 5.62890625 0.62109375 5.626953125 0.650390625 5.640625 0.62109375 5.638671875 -0.501953125 5.908203125 -0.501953125 5.744140625 -0.51171875 5.908203125 -0.513671875 5.744140625 -0.515625 5.484375 -0.50390625 5.484375 0.71484375 5.65234375 0.71484375 5.77734375 0.650390625 5.765625 0.62109375 5.763671875 -0.63671875 5.908203125 -0.63671875 5.744140625 -0.638671875 5.484375 -0.666015625 5.484375 -0.66796875 5.744140625 -0.66796875 5.908203125 -0.791015625 5.908203125 -0.20703125 3.9296875 -11.873046875 1.724609375 -11.970703125 1.7578125 -0.01171875 4.294921875 -0.146484375 4.294921875 -0.04296875 4.419921875 -0.16796875 4.41796875 -0.572265625 4.060546875 -0.580078125 4.0625 -0.58203125 4.1875 -0.580078125 3.9375 -0.572265625 3.9453125 0.1796875 3.79296875 0.08984375 3.875 0.18359375 3.966796875 0.62890625 3.740234375 0.630859375 3.751953125 0.509765625 3.78125 0.287109375 3.89453125 0.19140625 3.9765625 -11.9296875 1.587890625 -12.0234375 1.634765625 -12.021484375 1.443359375 -12.103515625 1.50390625 1.388671875 5.73828125 1.396484375 5.8359375 -0.71484375 6.009765625 -0.7109375 6.00390625 -0.74609375 6.01953125 -0.751953125 6.015625 1.44140625 5.884765625 1.443359375 5.923828125 1.38671875 5.84375 1.3984375 5.916015625 1.37890625 5.732421875 1.38671875 5.62109375 1.794921875 5.923828125 1.783203125 6 1.798828125 5.923828125 1.787109375 6 1.79296875 5.625 -0.69921875 5.9375 -0.7109375 5.927734375 -0.69140625 5.9765625 -0.6953125 5.982421875 -0.666015625 6.046875 -0.66015625 6.04296875 -0.6796875 6.00390625 -0.66796875 6.01171875 -0.16015625 5.986328125 -0.119140625 6.025390625 1.193359375 5.65625 1.138671875 5.626953125 -0.08984375 5.890625 -0.099609375 5.896484375 0.30078125 5.923828125 0.35546875 5.923828125 0.423828125 5.224609375 0.349609375 5.220703125 -0.58203125 3.828125 0.109375 4.0703125 0.10546875 4.060546875 0.0078125 3.96484375 -0.0546875 4.0703125 0.0390625 4.169921875 -0.572265625 3.595703125 -0.51953125 3.599609375 -0.51953125 3.83984375 -0.51953125 3.947265625 0.39453125 3.830078125 1.6953125 5.650390625 -12.126953125 1.318359375 -12.19921875 1.392578125 -12.251953125 1.212890625 -12.3125 1.296875 -12.396484375 1.12109375 -12.44140625 1.21484375 -12.533203125 1.064453125 -12.56640625 1.1640625 -12.69921875 1.02734375 -12.71484375 1.12890625 -12.861328125 1.013671875 -12.861328125 1.1171875 -13.025390625 1.02734375 -13.0078125 1.12890625 -13.19140625 1.064453125 -13.158203125 1.1640625 6.78515625 0.416015625 -10.447265625 3.419921875 -10.349609375 3.451171875 -10.484375 3.5859375 -10.3828125 3.6015625 -10.498046875 3.748046875 -10.39453125 3.748046875 -10.484375 3.912109375 -10.3828125 3.89453125 -0.802734375 5.908203125 -0.71484375 6.05078125 -0.109375 4.181640625 -10.990234375 3.3359375 -10.982421875 3.322265625 1.283203125 3.80859375 -10.75390625 2.974609375 -10.5625 3.322265625 -10.689453125 3.322265625 -10.79296875 2.974609375 -0.59765625 6.00390625 -0.62890625 6.03515625 -0.59765625 6.044921875 -10.85546875 3.322265625 1.23046875 3.701171875 -10.5546875 3.3359375 0.416015625 3.08984375 0.423828125 3.08203125 0.40234375 3.072265625 0.41015625 3.06640625 0.390625 3.05078125 0.400390625 3.046875 0.384765625 3.029296875 0.39453125 3.02734375 0.380859375 3.005859375 0.392578125 3.005859375 0.384765625 2.982421875 0.39453125 2.984375 0.390625 2.9609375 0.400390625 2.96484375 0.40234375 2.94140625 0.41015625 2.947265625 0.416015625 2.923828125 0.423828125 2.9296875 0.43359375 2.908203125 0.439453125 2.916015625 0.455078125 2.8984375 0.458984375 2.90625 0.4765625 2.890625 0.478515625 2.900390625 0.5 2.888671875 0.5 2.8984375 0.521484375 2.890625 0.51953125 2.900390625 0.6171875 3.005859375 0.607421875 3.005859375 0.615234375 3.029296875 0.60546875 3.02734375 0.607421875 3.05078125 0.59765625 3.046875 0.59765625 3.072265625 0.587890625 3.06640625 0.58203125 3.08984375 0.57421875 3.08203125 0.564453125 3.103515625 0.55859375 3.095703125 0.544921875 3.115234375 0.541015625 3.10546875 0.521484375 3.12109375 0.51953125 3.111328125 0.5 3.123046875 0.5 3.11328125 0.4765625 3.12109375 0.478515625 3.111328125 0.455078125 3.115234375 0.458984375 3.10546875 0.43359375 3.103515625 0.439453125 3.095703125 0.544921875 2.8984375 0.541015625 2.90625 0.564453125 2.908203125 0.55859375 2.916015625 0.58203125 2.923828125 0.57421875 2.9296875 0.59765625 2.94140625 0.587890625 2.947265625 0.607421875 2.9609375 0.59765625 2.96484375 0.615234375 2.982421875 0.60546875 2.984375 0.4140625 3.091796875 0.3984375 3.072265625 0.40625 3.099609375 0.388671875 3.080078125 0.388671875 3.052734375 0.376953125 3.056640625 0.380859375 3.029296875 0.369140625 3.03125 0.37890625 3.005859375 0.3671875 3.005859375 0.380859375 2.982421875 0.369140625 2.98046875 0.388671875 2.9609375 0.376953125 2.955078125 0.3984375 2.939453125 0.388671875 2.931640625 0.4140625 2.921875 0.40625 2.912109375 0.431640625 2.90625 0.42578125 2.896484375 0.453125 2.89453125 0.44921875 2.8828125 0.4765625 2.888671875 0.47265625 2.875 0.5 2.88671875 0.5 2.873046875 0.5234375 2.888671875 0.525390625 2.875 0.55078125 3.12890625 0.572265625 3.1171875 0.544921875 3.1171875 0.56640625 3.10546875 0.59375 3.099609375 0.583984375 3.091796875 0.609375 3.080078125 0.599609375 3.072265625 0.62109375 3.056640625 0.609375 3.052734375 0.62890625 3.03125 0.6171875 3.029296875 0.6328125 3.005859375 0.619140625 3.005859375 0.62890625 2.98046875 0.6171875 2.982421875 0.62109375 2.955078125 0.609375 2.9609375 0.609375 2.931640625 0.599609375 2.939453125 0.59375 2.912109375 0.583984375 2.921875 0.572265625 2.896484375 0.56640625 2.90625 0.55078125 2.8828125 0.544921875 2.89453125 0.525390625 2.873046875 0.5 2.87109375 0.47265625 2.873046875 0.447265625 2.880859375 0.423828125 2.89453125 0.404296875 2.91015625 0.38671875 2.931640625 0.375 2.955078125 0.3671875 2.98046875 0.36328125 3.005859375 0.3671875 3.033203125 0.375 3.05859375 0.38671875 3.08203125 0.404296875 3.1015625 0.423828125 3.119140625 0.447265625 3.130859375 0.47265625 3.138671875 0.5 3.140625 0.525390625 3.138671875 0.55078125 3.130859375 0.57421875 3.119140625 0.595703125 3.1015625 0.611328125 3.08203125 0.625 3.05859375 0.6328125 3.033203125 0.634765625 3.005859375 0.6328125 2.98046875 0.625 2.955078125 0.611328125 2.931640625 0.595703125 2.91015625 0.57421875 2.89453125 0.55078125 2.880859375 0.5234375 3.125 0.5 3.126953125 0.4765625 3.125 0.453125 3.1171875 0.431640625 3.10546875 0.42578125 3.1171875 0.44921875 3.12890625 0.47265625 3.13671875 0.5 3.138671875 0.525390625 3.13671875</float_array>
                    <technique_common>
                        <accessor count="2467" source="#uvarray0" stride="2">
                            <param name="S" type="float"/>
                            <param name="T" type="float"/>
                        </accessor>
                    </technique_common>
                </source>
                <source id="colors0">
                    <float_array id="colorarray0" count="1076">0.8980392156862745 0.8980392156862745 0.8980392156862745 1 0.5019607843137255 0.5019607843137255 0.5019607843137255 1 0.8 0.8 0.8 1 0.34901960784313724 0.3411764705882353 0.3058823529411765 1 0.3607843137254902 0.35294117647058826 0.3137254901960784 1 0.35294117647058826 0.34509803921568627 0.3058823529411765 1 0.35294117647058826 0.34509803921568627 0.30980392156862746 1 0.32941176470588235 0.3215686274509804 0.2901960784313726 1 0.34901960784313724 0.3411764705882353 0.30196078431372547 1 0.3607843137254902 0.34901960784313724 0.3137254901960784 1 0.35294117647058826 0.3411764705882353 0.3058823529411765 1 0.32941176470588235 0.3215686274509804 0.28627450980392155 1 0.3333333333333333 0.3215686274509804 0.2901960784313726 1 0.3568627450980392 0.34901960784313724 0.3137254901960784 1 0.34509803921568627 0.33725490196078434 0.30196078431372547 1 0.34901960784313724 0.33725490196078434 0.30196078431372547 1 0.3568627450980392 0.34901960784313724 0.30980392156862746 1 0.34509803921568627 0.3333333333333333 0.2980392156862745 1 0.7764705882352941 0.7647058823529411 0.7254901960784313 1 1 1 1 1 0.7764705882352941 0.7686274509803922 0.7254901960784313 1 0.7725490196078432 0.7647058823529411 0.7254901960784313 1 0.7725490196078432 0.7607843137254902 0.7215686274509804 1 0.7764705882352941 0.7686274509803922 0.7294117647058823 1 0.7725490196078432 0.7647058823529411 0.7215686274509804 1 0.8392156862745098 0.8313725490196079 0.792156862745098 1 0.8392156862745098 0.8313725490196079 0.796078431372549 1 0.8431372549019608 0.8313725490196079 0.796078431372549 1 0.6 0.6 0.6 1 0.796078431372549 0.788235294117647 0.7490196078431373 1 0.796078431372549 0.7843137254901961 0.7450980392156863 1 0.8196078431372549 0.8117647058823529 0.7725490196078432 1 0.8235294117647058 0.8156862745098039 0.7725490196078432 1 0.8901960784313725 0.8823529411764706 0.8470588235294118 1 0.8862745098039215 0.8784313725490196 0.8431372549019608 1 0.8862745098039215 0.8745098039215686 0.8392156862745098 1 0.8823529411764706 0.8705882352941177 0.8352941176470589 1 0.8823529411764706 0.8745098039215686 0.8352941176470589 1 0.8235294117647058 0.8117647058823529 0.7725490196078432 1 0.8 0.788235294117647 0.7490196078431373 1 0.8784313725490196 0.8705882352941177 0.8352941176470589 1 0.8196078431372549 0.807843137254902 0.7686274509803922 1 0.8862745098039215 0.8784313725490196 0.8392156862745098 1 0.8901960784313725 0.8823529411764706 0.8431372549019608 1 0.796078431372549 0.788235294117647 0.7450980392156863 1 0.8823529411764706 0.8745098039215686 0.8392156862745098 1 0.8235294117647058 0.8156862745098039 0.7764705882352941 1 0.8196078431372549 0.8117647058823529 0.7686274509803922 1 1 1 0.9803921568627451 1 0.8588235294117647 0.8509803921568627 0.8274509803921568 1 0.8705882352941177 0.8666666666666667 0.8431372549019608 1 0.792156862745098 0.7843137254901961 0.7450980392156863 1 0.7843137254901961 0.7725490196078432 0.7333333333333333 1 0.7843137254901961 0.7764705882352941 0.7333333333333333 1 0.788235294117647 0.7764705882352941 0.7372549019607844 1 0.9764705882352941 0.9686274509803922 0.9411764705882353 1 0.8509803921568627 0.8470588235294118 0.8235294117647058 1 1 1 0.9764705882352941 1 0.8666666666666667 0.8588235294117647 0.8392156862745098 1 1 1 0.9882352941176471 1 0.984313725490196 0.9803921568627451 0.9529411764705882 1 0.8196078431372549 0.8117647058823529 0.788235294117647 1 0.8431372549019608 0.8392156862745098 0.8156862745098039 1 0.9803921568627451 0.9725490196078431 0.9450980392156862 1 0.8392156862745098 0.8313725490196079 0.807843137254902 1 0.7725490196078432 0.7686274509803922 0.7372549019607844 1 0.8 0.792156862745098 0.7529411764705882 1 0 0 0 1 0.5137254901960784 0.5058823529411764 0.47058823529411764 1 0.6235294117647059 0.615686274509804 0.5803921568627451 1 0.5176470588235295 0.5098039215686274 0.47843137254901963 1 0.6352941176470588 0.6274509803921569 0.596078431372549 1 0.5254901960784314 0.5176470588235295 0.48627450980392156 1 0.5215686274509804 0.5137254901960784 0.4823529411764706 1 0.5176470588235295 0.5098039215686274 0.4745098039215686 1 0.8627450980392157 0.8549019607843137 0.8352941176470589 1 0.8352941176470589 0.8313725490196079 0.803921568627451 1 1 1 0.984313725490196 1 0.6313725490196078 0.6196078431372549 0.5882352941176471 1 0.8588235294117647 0.8549019607843137 0.8313725490196079 1 0.8431372549019608 0.8352941176470589 0.8117647058823529 1 1 1 0.9725490196078431 1 0.8901960784313725 0.8784313725490196 0.8431372549019608 1 1 1 0.9921568627450981 1 0.5803921568627451 0.5803921568627451 0.5647058823529412 1 0.5803921568627451 0.5764705882352941 0.5647058823529412 1 0.3686274509803922 0.3607843137254902 0.3333333333333333 1 0.36470588235294116 0.3607843137254902 0.32941176470588235 1 0.5803921568627451 0.5764705882352941 0.5607843137254902 1 0.36470588235294116 0.3568627450980392 0.32941176470588235 1 0.3686274509803922 0.3607843137254902 0.32941176470588235 1 1 0.9921568627450981 0.9607843137254902 1 1 0.996078431372549 0.9725490196078431 1 1 1 0.9686274509803922 1 0.48627450980392156 0.4823529411764706 0.4627450980392157 1 0.49411764705882355 0.49019607843137253 0.47058823529411764 1 0.6666666666666666 0.6627450980392157 0.6313725490196078 1 0.7137254901960784 0.7098039215686275 0.6784313725490196 1 0.5254901960784314 0.5176470588235295 0.4980392156862745 1 0.4196078431372549 0.41568627450980394 0.396078431372549 1 0.7215686274509804 0.7137254901960784 0.6862745098039216 1 0.6666666666666666 0.6588235294117647 0.6274509803921569 1 0.5490196078431373 0.5450980392156862 0.5215686274509804 1 0.7254901960784313 0.7176470588235294 0.6862745098039216 1 0.44313725490196076 0.4392156862745098 0.41568627450980394 1 0.4666666666666667 0.4588235294117647 0.4392156862745098 1 0.611764705882353 0.6039215686274509 0.5725490196078431 1 0.6392156862745098 0.6313725490196078 0.6 1 0.8431372549019608 0.8313725490196079 0.792156862745098 1 0.7843137254901961 0.7764705882352941 0.7372549019607844 1 0.5294117647058824 0.5215686274509804 0.49019607843137253 1 0.6274509803921569 0.6196078431372549 0.5882352941176471 1 0.5411764705882353 0.5333333333333333 0.5019607843137255 1 0.6196078431372549 0.615686274509804 0.5803921568627451 1 0.37254901960784315 0.36470588235294116 0.32941176470588235 1 0.5019607843137255 0.49411764705882355 0.4588235294117647 1 0.615686274509804 0.6078431372549019 0.5725490196078431 1 0.615686274509804 0.6039215686274509 0.5686274509803921 1 0.6196078431372549 0.611764705882353 0.5803921568627451 1 0.611764705882353 0.6039215686274509 0.5647058823529412 1 0.6196078431372549 0.611764705882353 0.5764705882352941 1 0.615686274509804 0.6078431372549019 0.5764705882352941 1 1 0.9921568627450981 0.9529411764705882 1 1 1 0.996078431372549 1 1 1 0.9607843137254902 1 0.3764705882352941 0.37254901960784315 0.35294117647058826 1 0.3333333333333333 0.32941176470588235 0.3137254901960784 1 0.5294117647058824 0.5176470588235295 0.47843137254901963 1 0.5254901960784314 0.5137254901960784 0.47843137254901963 1 0.7294117647058823 0.7176470588235294 0.6862745098039216 1 0.5215686274509804 0.5098039215686274 0.47058823529411764 1 0.5215686274509804 0.5098039215686274 0.4745098039215686 1 0.3607843137254902 0.35294117647058826 0.3176470588235294 1 0.36470588235294116 0.35294117647058826 0.3176470588235294 1 0.5411764705882353 0.5333333333333333 0.49019607843137253 1 0.5372549019607843 0.5294117647058824 0.48627450980392156 1 0.5372549019607843 0.5254901960784314 0.48627450980392156 1 0.5372549019607843 0.5294117647058824 0.49019607843137253 1 0.6588235294117647 0.6509803921568628 0.6196078431372549 1 0.6588235294117647 0.6509803921568628 0.6235294117647059 1 0.5411764705882353 0.5294117647058824 0.49019607843137253 1 0.5333333333333333 0.5254901960784314 0.48627450980392156 1 0.5294117647058824 0.5215686274509804 0.4823529411764706 1 0.5333333333333333 0.5254901960784314 0.4823529411764706 1 0.5490196078431373 0.5372549019607843 0.4980392156862745 1 0.5450980392156862 0.5372549019607843 0.49411764705882355 1 0.5450980392156862 0.5333333333333333 0.49411764705882355 1 0.4 0.4 0.4 1 0.5333333333333333 0.5215686274509804 0.47843137254901963 1 0.5294117647058824 0.5176470588235295 0.4745098039215686 1 0.5254901960784314 0.5137254901960784 0.4745098039215686 1 0.7254901960784313 0.7176470588235294 0.6823529411764706 1 0.5215686274509804 0.5137254901960784 0.47058823529411764 1 0.5215686274509804 0.5137254901960784 0.4745098039215686 1 0.5058823529411764 0.5058823529411764 0.5058823529411764 1 0.5254901960784314 0.5176470588235295 0.4745098039215686 1 0.5333333333333333 0.5176470588235295 0.47843137254901963 1 0.5294117647058824 0.5215686274509804 0.47843137254901963 1 0.5333333333333333 0.5176470588235295 0.4745098039215686 1 0.8156862745098039 0.807843137254902 0.7803921568627451 1 0.8156862745098039 0.807843137254902 0.7764705882352941 1 0.9019607843137255 0.9019607843137255 0.8980392156862745 1 0.5843137254901961 0.5843137254901961 0.5843137254901961 1 0.615686274509804 0.615686274509804 0.615686274509804 1 0.5607843137254902 0.5607843137254902 0.5607843137254902 1 0.5254901960784314 0.5176470588235295 0.47843137254901963 1 0.5411764705882353 0.5294117647058824 0.4980392156862745 1 0.4666666666666667 0.4588235294117647 0.43137254901960786 1 0.42745098039215684 0.41568627450980394 0.3843137254901961 1 0.5098039215686274 0.5019607843137255 0.4627450980392157 1 0.4588235294117647 0.4470588235294118 0.4117647058823529 1 0.6509803921568628 0.6235294117647059 0.5882352941176471 1 0.6509803921568628 0.6196078431372549 0.5843137254901961 1 0.5254901960784314 0.5137254901960784 0.47058823529411764 1 0.796078431372549 0.788235294117647 0.7607843137254902 1 0.7803921568627451 0.7725490196078432 0.7450980392156863 1 0.8 0.792156862745098 0.7607843137254902 1 0.6666666666666666 0.6588235294117647 0.6196078431372549 1 0.6901960784313725 0.6823529411764706 0.6470588235294118 1 0.7176470588235294 0.7098039215686275 0.6784313725490196 1 0.792156862745098 0.7843137254901961 0.7529411764705882 1 0.788235294117647 0.7803921568627451 0.7529411764705882 1 0.788235294117647 0.7803921568627451 0.7490196078431373 1 0.6705882352941176 0.6627450980392157 0.6235294117647059 1 0.6666666666666666 0.6588235294117647 0.615686274509804 1 0.8 0.792156862745098 0.7568627450980392 1 0.796078431372549 0.788235294117647 0.7529411764705882 1 0.796078431372549 0.792156862745098 0.7607843137254902 1 0.8 0.792156862745098 0.7647058823529411 1 0.807843137254902 0.803921568627451 0.7725490196078432 1 0.803921568627451 0.796078431372549 0.7686274509803922 1 0.7803921568627451 0.7764705882352941 0.7450980392156863 1 0.7058823529411765 0.6980392156862745 0.6627450980392157 1 0.788235294117647 0.7803921568627451 0.7450980392156863 1 0.7843137254901961 0.7803921568627451 0.7490196078431373 1 0.7843137254901961 0.7764705882352941 0.7490196078431373 1 0.7215686274509804 0.7137254901960784 0.6823529411764706 1 0.7647058823529411 0.7568627450980392 0.7254901960784313 1 0.7607843137254902 0.7529411764705882 0.7215686274509804 1 0.7686274509803922 0.7607843137254902 0.7294117647058823 1 0.4745098039215686 0.4666666666666667 0.4470588235294118 1 0.5019607843137255 0.4980392156862745 0.47058823529411764 1 0.4588235294117647 0.45098039215686275 0.43137254901960786 1 0.4117647058823529 0.40784313725490196 0.39215686274509803 1 0.792156862745098 0.788235294117647 0.7568627450980392 1 0.7058823529411765 0.6980392156862745 0.6666666666666666 1 0.7137254901960784 0.7058823529411765 0.6745098039215687 1 0.796078431372549 0.788235294117647 0.7568627450980392 1 0.7294117647058823 0.7254901960784313 0.6941176470588235 1 0.7294117647058823 0.7215686274509804 0.6941176470588235 1 0.807843137254902 0.8 0.7725490196078432 1 0.7490196078431373 0.7411764705882353 0.7098039215686275 1 0.7333333333333333 0.7254901960784313 0.6980392156862745 1 0.9803921568627451 0.9725490196078431 0.9411764705882353 1 0.984313725490196 0.9764705882352941 0.9450980392156862 1 0.33725490196078434 0.32941176470588235 0.29411764705882354 1 0.4196078431372549 0.4117647058823529 0.3764705882352941 1 0.2549019607843137 0.24705882352941178 0.21176470588235294 1 0.23921568627450981 0.23137254901960785 0.19607843137254902 1 0.49019607843137253 0.4823529411764706 0.45098039215686275 1 0.23921568627450981 0.23137254901960785 0.2 1 0.38823529411764707 0.3803921568627451 0.34901960784313724 1 0.5647058823529412 0.5568627450980392 0.5215686274509804 1 0.47843137254901963 0.47058823529411764 0.43529411764705883 1 0.4745098039215686 0.4666666666666667 0.43137254901960786 1 0.39215686274509803 0.3843137254901961 0.34901960784313724 1 0.7294117647058823 0.7215686274509804 0.6862745098039216 1 0.36470588235294116 0.3568627450980392 0.3176470588235294 1 0.7294117647058823 0.7176470588235294 0.6823529411764706 1 0.5176470588235295 0.5058823529411764 0.47058823529411764 1 0.5137254901960784 0.5058823529411764 0.4666666666666667 1 0.5294117647058824 0.5137254901960784 0.4745098039215686 1 0.5176470588235295 0.5058823529411764 0.4666666666666667 1 0.5176470588235295 0.5098039215686274 0.47058823529411764 1 0.6313725490196078 0.6235294117647059 0.5882352941176471 1 0.5372549019607843 0.5294117647058824 0.4980392156862745 1 0.6431372549019608 0.6235294117647059 0.592156862745098 1 0.5294117647058824 0.5137254901960784 0.47843137254901963 1 0.38823529411764707 0.3803921568627451 0.34509803921568627 1 0.5607843137254902 0.5529411764705883 0.5176470588235295 1 0.4745098039215686 0.4666666666666667 0.43529411764705883 1 0.5294117647058824 0.5176470588235295 0.4823529411764706 1 0.5333333333333333 0.5254901960784314 0.49019607843137253 1 0.5215686274509804 0.5137254901960784 0.47843137254901963 1 0.5607843137254902 0.5529411764705883 0.5215686274509804 1 0.6039215686274509 0.592156862745098 0.5607843137254902 1 0.5529411764705883 0.5450980392156862 0.5098039215686274 1 0.5333333333333333 0.5215686274509804 0.4823529411764706 1 0.9294117647058824 0.9215686274509803 0.8823529411764706 1 0.47843137254901963 0.47058823529411764 0.42745098039215684 1 0.4823529411764706 0.4745098039215686 0.43137254901960786 1 0.9254901960784314 0.9176470588235294 0.8823529411764706 1 0.47843137254901963 0.4666666666666667 0.42745098039215684 1 0.44313725490196076 0.4392156862745098 0.4235294117647059 1 0.803921568627451 0.796078431372549 0.7647058823529411 1 0.803921568627451 0.796078431372549 0.7607843137254902 1 0.5450980392156862 0.5372549019607843 0.5019607843137255 1 0.3568627450980392 0.34509803921568627 0.30980392156862746 1 0.3686274509803922 0.3568627450980392 0.3215686274509804 1 0.36470588235294116 0.3568627450980392 0.3215686274509804 1 0.5450980392156862 0.5372549019607843 0.4980392156862745 1 0.5254901960784314 0.5098039215686274 0.4745098039215686 1 0.3607843137254902 0.35294117647058826 0.30980392156862746 1 0.3411764705882353 0.3333333333333333 0.30196078431372547 1 0.5137254901960784 0.5019607843137255 0.4666666666666667 1 0.33725490196078434 0.32941176470588235 0.2980392156862745 1 0.7058823529411765 0.7058823529411765 0.7058823529411765 1 0.9058823529411765 0.9058823529411765 0.9058823529411765 1 0.40784313725490196 0.40784313725490196 0.40784313725490196 1</float_array>
                    <technique_common>
                        <accessor count="269" source="#colorarray0" stride="4">
                            <param name="R" type="float"/>
                            <param name="G" type="float"/>
                            <param name="B" type="float"/>
                            <param name="A" type="float"/>
                        </accessor>
                    </technique_common>
                </source>
                <vertices id="vertices0">
                    <input semantic="POSITION" source="#points0"/>
                </vertices>
                <polylist count="6448" material="Material1">
                    <input offset="0" semantic="VERTEX" source="#vertices0"/>
                    <input offset="1" semantic="TEXCOORD" source="#uvs0" set="0"/>
                    <input offset="2" semantic="COLOR" source="#colors0" set="0"/>
                    <vcount>3 3 3 3 3 3 3 3 3 3 3 3 3 3 3 3 3 3 3 3 3 3 3 3 3 3 3 3 3 3 3 3 3 3 3 3 3 3 3 3 3 3 3 3 3 3 3 3 3 3 3 3 3 3 3 3 3 3 3 3 3 3 3 3 3 3 3 3 3 3 3 3 3 3 3 3 3 3 3 3 3 3 3 3 3 3 3 3 3 3 3 3 3 3 3 3 3 3 3 3 3 3 3 3 3 3 3 3 3 3 3 3 3 3 3 3 3 3 3 3 3 3 3 3 3 3 3 3 3 3 3 3 3 3 3 3 3 3 3 3 3 3 3 3 3 3 3 3 3 3 3 3 3 3 3 3 3 3 3 3 3 3 3 3 3 3 3 3 3 3 3 3 3 3 3 3 3 3 3 3 3 3 3 3 3 3 3 3 3 3 3 3 3 3 3 3 3 3 3 3 3 3 3 3 3 3 3 3 3 3 3 3 3 3 3 3 3 3 3 3 3 3 3 3 3 3 3 3 3 3 3 3 3 3 3 3 3 3 3 3 3 3 3 3 3 3 3 3 3 3 3 3 3 3 3 3 3 3 3 3 3 3 3 3 3 3 3 3 3 3 3 3 3 3 3 3 3 3 3 3 3 3 3 3 3 3 3 3 3 3 3 3 3 3 3 3 3 3 3 3 3 3 3 3 3 3 3 3 3 3 3 3 3 3 3 3 3 3 3 3 3 3 3 3 3 3 3 3 3 3 3 3 3 3 3 3 3 3 3 3 3 3 3 3 3 3 3 3 3 3 3 3 3 3 3 3 3 3 3 3 3 3 3 3 3 3 3 3 3 3 3 3 3 3 3 3 3 3 3 3 3 3 3 3 3 3 3 3 3 3 3 3 3 3 3 3 3 3 3 3 3 3 3 3 3 3 3 3 3 3 3 3 3 3 3 3 3 3 3 3 3 3 3 3 3 3 3 3 3 3 3 3 3 3 3 3 3 3 3 3 3 3 3 3 3 3 3 3 3 3 3 3 3 3 3 3 3 3 3 3 3 3 3 3 3 3 3 3 3 3 3 3 3 3 3 3 3 3 3 3 3 3 3 3 3 3 3 3 3 3 3 3 3 3 3 3 3 3 3 3 3 3 3 3 3 3 3 3 3 3 3 3 3 3 3 3 3 3 3 3 3 3 3 3 3 3 3 3 3 3 3 3 3 3 3 3 3 3 3 3 3 3 3 3 3 3 3 3 3 3 3 3 3 3 3 3 3 3 3 3 3 3 3 3 3 3 3 3 3 3 3 3 3 3 3 3 3 3 3 3 3 3 3 3 3 3 3 3 3 3 3 3 3 3 3 3 3 3 3 3 3 3 3 3 3 3 3 3 3 3 3 3 3 3 3 3 3 3 3 3 3 3 3 3 3 3 3 3 3 3 3 3 3 3 3 3 3 3 3 3 3 3 3 3 3 3 3 3 3 3 3 3 3 3 3 3 3 3 3 3 3 3 3 3 3 3 3 3 3 3 3 3 3 3 3 3 3 3 3 3 3 3 3 3 3 3 3 3 3 3 3 3 3 3 3 3 3 3 3 3 3 3 3 3 3 3 3 3 3 3 3 3 3 3 3 3 3 3 3 3 3 3 3 3 3 3 3 3 3 3 3 3 3 3 3 3 3 3 3 3 3 3 3 3 3 3 3 3 3 3 3 3 3 3 3 3 3 3 3 3 3 3 3 3 3 3 3 3 3 3 3 3 3 3 3 3 3 3 3 3 3 3 3 3 3 3 3 3 3 3 3 3 3 3 3 3 3 3 3 3 3 3 3 3 3 3 3 3 3 3 3 3 3 3 3 3 3 3 3 3 3 3 3 3 3 3 3 3 3 3 3 3 3 3 3 3 3 3 3 3 3 3 3 3 3 3 3 3 3 3 3 3 3 3 3 3 3 3 3 3 3 3 3 3 3 3 3 3 3 3 3 3 3 3 3 3 3 3 3 3 3 3 3 3 3 3 3 3 3 3 3 3 3 3 3 3 3 3 3 3 3 3 3 3 3 3 3 3 3 3 3 3 3 3 3 3 3 3 3 3 3 3 3 3 3 3 3 3 3 3 3 3 3 3 3 3 3 3 3 3 3 3 3 3 3 3 3 3 3 3 3 3 3 3 3 3 3 3 3 3 3 3 3 3 3 3 3 3 3 3 3 3 3 3 3 3 3 3 3 3 3 3 3 3 3 3 3 3 3 3 3 3 3 3 3 3 3 3 3 3 3 3 3 3 3 3 3 3 3 3 3 3 3 3 3 3 3 3 3 3 3 3 3 3 3 3 3 3 3 3 3 3 3 3 3 3 3 3 3 3 3 3 3 3 3 3 3 3 3 3 3 3 3 3 3 3 3 3 3 3 3 3 3 3 3 3 3 3 3 3 3 3 3 3 3 3 3 3 3 3 3 3 3 3 3 3 3 3 3 3 3 3 3 3 3 3 3 3 3 3 3 3 3 3 3 3 3 3 3 3 3 3 3 3 3 3 3 3 3 3 3 3 3 3 3 3 3 3 3 3 3 3 3 3 3 3 3 3 3 3 3 3 3 3 3 3 3 3 3 3 3 3 3 3 3 3 3 3 3 3 3 3 3 3 3 3 3 3 3 3 3 3 3 3 3 3 3 3 3 3 3 3 3 3 3 3 3 3 3 3 3 3 3 3 3 3 3 3 3 3 3 3 3 3 3 3 3 3 3 3 3 3 3 3 3 3 3 3 3 3 3 3 3 3 3 3 3 3 3 3 3 3 3 3 3 3 3 3 3 3 3 3 3 3 3 3 3 3 3 3 3 3 3 3 3 3 3 3 3 3 3 3 3 3 3 3 3 3 3 3 3 3 3 3 3 3 3 3 3 3 3 3 3 3 3 3 3 3 3 3 3 3 3 3 3 3 3 3 3 3 3 3 3 3 3 3 3 3 3 3 3 3 3 3 3 3 3 3 3 3 3 3 3 3 3 3 3 3 3 3 3 3 3 3 3 3 3 3 3 3 3 3 3 3 3 3 3 3 3 3 3 3 3 3 3 3 3 3 3 3 3 3 3 3 3 3 3 3 3 3 3 3 3 3 3 3 3 3 3 3 3 3 3 3 3 3 3 3 3 3 3 3 3 3 3 3 3 3 3 3 3 3 3 3 3 3 3 3 3 3 3 3 3 3 3 3 3 3 3 3 3 3 3 3 3 3 3 3 3 3 3 3 3 3 3 3 3 3 3 3 3 3 3 3 3 3 3 3 3 3 3 3 3 3 3 3 3 3 3 3 3 3 3 3 3 3 3 3 3 3 3 3 3 3 3 3 3 3 3 3 3 3 3 3 3 3 3 3 3 3 3 3 3 3 3 3 3 3 3 3 3 3 3 3 3 3 3 3 3 3 3 3 3 3 3 3 3 3 3 3 3 3 3 3 3 3 3 3 3 3 3 3 3 3 3 3 3 3 3 3 3 3 3 3 3 3 3 3 3 3 3 3 3 3 3 3 3 3 3 3 3 3 3 3 3 3 3 3 3 3 3 3 3 3 3 3 3 3 3 3 3 3 3 3 3 3 3 3 3 3 3 3 3 3 3 3 3 3 3 3 3 3 3 3 3 3 3 3 3 3 3 3 3 3 3 3 3 3 3 3 3 3 3 3 3 3 3 3 3 3 3 3 3 3 3 3 3 3 3 3 3 3 3 3 3 3 3 3 3 3 3 3 3 3 3 3 3 3 3 3 3 3 3 3 3 3 3 3 3 3 3 3 3 3 3 3 3 3 3 3 3 3 3 3 3 3 3 3 3 3 3 3 3 3 3 3 3 3 3 3 3 3 3 3 3 3 3 3 3 3 3 3 3 3 3 3 3 3 3 3 3 3 3 3 3 3 3 3 3 3 3 3 3 3 3 3 3 3 3 3 3 3 3 3 3 3 3 3 3 3 3 3 3 3 3 3 3 3 3 3 3 3 3 3 3 3 3 3 3 3 3 3 3 3 3 3 3 3 3 3 3 3 3 3 3 3 3 3 3 3 3 3 3 3 3 3 3 3 3 3 3 3 3 3 3 3 3 3 3 3 3 3 3 3 3 3 3 3 3 3 3 3 3 3 3 3 3 3 3 3 3 3 3 3 3 3 3 3 3 3 3 3 3 3 3 3 3 3 3 3 3 3 3 3 3 3 3 3 3 3 3 3 3 3 3 3 3 3 3 3 3 3 3 3 3 3 3 3 3 3 3 3 3 3 3 3 3 3 3 3 3 3 3 3 3 3 3 3 3 3 3 3 3 3 3 3 3 3 3 3 3 3 3 3 3 3 3 3 3 3 3 3 3 3 3 3 3 3 3 3 3 3 3 3 3 3 3 3 3 3 3 3 3 3 3 3 3 3 3 3 3 3 3 3 3 3 3 3 3 3 3 3 3 3 3 3 3 3 3 3 3 3 3 3 3 3 3 3 3 3 3 3 3 3 3 3 3 3 3 3 3 3 3 3 3 3 3 3 3 3 3 3 3 3 3 3 3 3 3 3 3 3 3 3 3 3 3 3 3 3 3 3 3 3 3 3 3 3 3 3 3 3 3 3 3 3 3 3 3 3 3 3 3 3 3 3 3 3 3 3 3 3 3 3 3 3 3 3 3 3 3 3 3 3 3 3 3 3 3 3 3 3 3 3 3 3 3 3 3 3 3 3 3 3 3 3 3 3 3 3 3 3 3 3 3 3 3 3 3 3 3 3 3 3 3 3 3 3 3 3 3 3 3 3 3 3 3 3 3 3 3 3 3 3 3 3 3 3 3 3 3 3 3 3 3 3 3 3 3 3 3 3 3 3 3 3 3 3 3 3 3 3 3 3 3 3 3 3 3 3 3 3 3 3 3 3 3 3 3 3 3 3 3 3 3 3 3 3 3 3 3 3 3 3 3 3 3 3 3 3 3 3 3 3 3 3 3 3 3 3 3 3 3 3 3 3 3 3 3 3 3 3 3 3 3 3 3 3 3 3 3 3 3 3 3 3 3 3 3 3 3 3 3 3 3 3 3 3 3 3 3 3 3 3 3 3 3 3 3 3 3 3 3 3 3 3 3 3 3 3 3 3 3 3 3 3 3 3 3 3 3 3 3 3 3 3 3 3 3 3 3 3 3 3 3 3 3 3 3 3 3 3 3 3 3 3 3 3 3 3 3 3 3 3 3 3 3 3 3 3 3 3 3 3 3 3 3 3 3 3 3 3 3 3 3 3 3 3 3 3 3 3 3 3 3 3 3 3 3 3 3 3 3 3 3 3 3 3 3 3 3 3 3 3 3 3 3 3 3 3 3 3 3 3 3 3 3 3 3 3 3 3 3 3 3 3 3 3 3 3 3 3 3 3 3 3 3 3 3 3 3 3 3 3 3 3 3 3 3 3 3 3 3 3 3 3 3 3 3 3 3 3 3 3 3 3 3 3 3 3 3 3 3 3 3 3 3 3 3 3 3 3 3 3 3 3 3 3 3 3 3 3 3 3 3 3 3 3 3 3 3 3 3 3 3 3 3 3 3 3 3 3 3 3 3 3 3 3 3 3 3 3 3 3 3 3 3 3 3 3 3 3 3 3 3 3 3 3 3 3 3 3 3 3 3 3 3 3 3 3 3 3 3 3 3 3 3 3 3 3 3 3 3 3 3 3 3 3 3 3 3 3 3 3 3 3 3 3 3 3 3 3 3 3 3 3 3 3 3 3 3 3 3 3 3 3 3 3 3 3 3 3 3 3 3 3 3 3 3 3 3 3 3 3 3 3 3 3 3 3 3 3 3 3 3 3 3 3 3 3 3 3 3 3 3 3 3 3 3 3 3 3 3 3 3 3 3 3 3 3 3 3 3 3 3 3 3 3 3 3 3 3 3 3 3 3 3 3 3 3 3 3 3 3 3 3 3 3 3 3 3 3 3 3 3 3 3 3 3 3 3 3 3 3 3 3 3 3 3 3 3 3 3 3 3 3 3 3 3 3 3 3 3 3 3 3 3 3 3 3 3 3 3 3 3 3 3 3 3 3 3 3 3 3 3 3 3 3 3 3 3 3 3 3 3 3 3 3 3 3 3 3 3 3 3 3 3 3 3 3 3 3 3 3 3 3 3 3 3 3 3 3 3 3 3 3 3 3 3 3 3 3 3 3 3 3 3 3 3 3 3 3 3 3 3 3 3 3 3 3 3 3 3 3 3 3 3 3 3 3 3 3 3 3 3 3 3 3 3 3 3 3 3 3 3 3 3 3 3 3 3 3 3 3 3 3 3 3 3 3 3 3 3 3 3 3 3 3 3 3 3 3 3 3 3 3 3 3 3 3 3 3 3 3 3 3 3 3 3 3 3 3 3 3 3 3 3 3 3 3 3 3 3 3 3 3 3 3 3 3 3 3 3 3 3 3 3 3 3 3 3 3 3 3 3 3 3 3 3 3 3 3 3 3 3 3 3 3 3 3 3 3 3 3 3 3 3 3 3 3 3 3 3 3 3 3 3 3 3 3 3 3 3 3 3 3 3 3 3 3 3 3 3 3 3 3 3 3 3 3 3 3 3 3 3 3 3 3 3 3 3 3 3 3 3 3 3 3 3 3 3 3 3 3 3 3 3 3 3 3 3 3 3 3 3 3 3 3 3 3 3 3 3 3 3 3 3 3 3 3 3 3 3 3 3 3 3 3 3 3 3 3 3 3 3 3 3 3 3 3 3 3 3 3 3 3 3 3 3 3 3 3 3 3 3 3 3 3 3 3 3 3 3 3 3 3 3 3 3 3 3 3 3 3 3 3 3 3 3 3 3 3 3 3 3 3 3 3 3 3 3 3 3 3 3 3 3 3 3 3 3 3 3 3 3 3 3 3 3 3 3 3 3 3 3 3 3 3 3 3 3 3 3 3 3 3 3 3 3 3 3 3 3 3 3 3 3 3 3 3 3 3 3 3 3 3 3 3 3 3 3 3 3 3 3 3 3 3 3 3 3 3 3 3 3 3 3 3 3 3 3 3 3 3 3 3 3 3 3 3 3 3 3 3 3 3 3 3 3 3 3 3 3 3 3 3 3 3 3 3 3 3 3 3 3 3 3 3 3 3 3 3 3 3 3 3 3 3 3 3 3 3 3 3 3 3 3 3 3 3 3 3 3 3 3 3 3 3 3 3 3 3 3 3 3 3 3 3 3 3 3 3 3 3 3 3 3 3 3 3 3 3 3 3 3 3 3 3 3 3 3 3 3 3 3 3 3 3 3 3 3 3 3 3 3 3 3 3 3 3 3 3 3 3 3 3 3 3 3 3 3 3 3 3 3 3 3 3 3 3 3 3 3 3 3 3 3 3 3 3 3 3 3 3 3 3 3 3 3 3 3 3 3 3 3 3 3 3 3 3 3 3 3 3 3 3 3 3 3 3 3 3 3 3 3 3 3 3 3 3 3 3 3 3 3 3 3 3 3 3 3 3 3 3 3 3 3 3 3 3 3 3 3 3 3 3 3 3 3 3 3 3 3 3 3 3 3 3 3 3 3 3 3 3 3 3 3 3 3 3 3 3 3 3 3 3 3 3 3 3 3 3 3 3 3 3 3 3 3 3 3 3 3 3 3 3 3 3 3 3 3 3 3 3 3 3 3 3 3 3 3 3 3 3 3 3 3 3 3 3 3 3 3 3 3 3 3 3 3 3 3 3 3 3 3 3 3 3 3 3 3 3 3 3 3 3 3 3 3 3 3 3 3 3 3 3 3 3 3 3 3 3 3 3 3 3 3 3 3 3 3 3 3 3 3 3 3 3 3 3 3 3 3 3 3 3 3 3 3 3 3 3 3 3 3 3 3 3 3 3 3 3 3 3 3 3 3 3 3 3 3 3 3 3 3 3 3 3 3 3 3 3 3 3 3 3 3 3 3 3 3 3 3 3 3 3 3 3 3 3 3 3 3 3 3 3 3 3 3 3 3 3 3 3 3 3 3 3 3 3 3 3 3 3 3 3 3 3 3 3 3 3 3 3 3 3 3 3 3 3 3 3 3 3 3 3 3 3 3 3 3 3 3 3 3 3 3 3 3 3 3 3 3 3 3 3 3 3 3 3 3 3 3 3 3 3 3 3 3 3 3 3 3 3 3 3 3 3 3 3 3 3 3 3 3 3 3 3 3 3 3 3 3 3 3 3 3 3 3 3 3 3 3 3 3 3 3 3 3 3 3 3 3 3 3 3 3 3 3 3 3 3 3 3 3 3 3 3 3 3 3 3 3 3 3 3 3 3 3 3 3 3 3 3 3 3 3 3 3 3 3 3 3 3 3 3 3 3 3 3 3 3 3 3 3 3 3 3 3 3 3 3 3 3 3 3 3 3 3 3 3 3 3 3 3 3 3 3 3 3 3 3 3 3 3 3 3 3 3 3 3 3 3 3 3 3 3 3 3 3 3 3 3 3 3 3 3 3 3 3 3 3 3 3 3 3 3 3 3 3 3 3 3 3 3 3 3 3 3 3 3 3 3 3 3 3 3 3 3 3 3 3 3 3 3 3 3 3 3 3 3 3 3 3 3 3 3 3 3 3 3 3 3 3 3 3 3 3 3 3 3 3 3 3 3 3 3 3 3 3 3 3 3 3 3 3 3 3 3 3 3 3 3 3 3 3 3 3 3 3 3 3 3 3 3 3 3 3 3 3 3 3 3 3 3 3 3 3 3 3 3 3 3 3 3 3 3 3 3 3 3 3 3 3 3 3 3 3 3 3 3 3 3 3 3 3 3 3 3 3 3 3 3 3 3 3 3 3 3 3 3 3 3 3 3 3 3 3 3 3 3 3 3 3 3 3 3 3 3 3 3 3 3 3 3 3 3 3 3 3 3 3 3 3 3 3 3 3 3 3 3 3 3 3 3 3 3 3 3 3 3 3 3 3 3 3 3 3 3 3 3 3 3 3 3 3 3 3 3 3 3 3 3 3 3 3 3 3 3 3 3 3 3 3 3 3 3 3 3 3 3 3 3 3 3 3 3 3 3 3 3 3 3 3 3 3 3 3 3 3 3 3 3 3 3 3 3 3 3 3 3 3 3 3 3 3 3 3 3 3 3 3 3 3 3 3 3 3 3 3 3 3 3 3 3 3 3 3 3 3 3 3 3 3 3 3 3 3 3 3 3 3 3 3 3 3 3 3 3 3 3 3 3 3 3 3 3 3 3 3 3 3 3 3 3 3 3 3 3 3 3 3 3 3 3 3 3 3 3 3 3 3 3 3 3 3 3 3 3 3 3 3 3 3 3 3 3 3 3 3 3 3 3 3 3 3 3 3 3 3 3 3 3 3 3 3 3 3 3 3 3 3 3 3 3 3 3 3 3 3 3 3 3 3 3 3 3 3 3 3 3 3 3 3 3 3 3 3 3 3 3 3 3 3 3 3 3 3 3 3 3 3 3 3 3 3 3 3 3 3 3 3 3 3 3 3 3 3 3 3 3 3 3 3 3 3 3 3 3 3 3 3 3 3 3 3 3 3 3 3 3 3 3 3 3 3 3 3 3 3 3 3 3 3 3 3 3 3 3 3 3 3 3 3 3 3 3 3 3 3 3 3 3 3 3 3 3 3 3 3 3 3 3 3 3 3 3 3 3 3 3 3 3 3 3 3 3 3 3 3 3 3 3 3 3 3 3 3 3 3 3 3 3 3 3 3 3 3 3 3 3 3 3 3 3 3 3 3 3 3 3 3 3 3 3 3 3 3 3 3 3 3 3 3 3 3 3 3 3 3 3 3 3 3 3 3 3 3 3 3 3 3 3 3 3 3 3 3 3 3 3 3 3 3 3 3 3 3 3 3 3 3 3 3 3 3 3 3 3 3 3 3 3 3 3 3 3 3 3 3 3 3 3 3 3 3 3 3 3 3 3 3 3 3 3 3 3 3 3 3 3 3 3 3 3 3 3 3 3 3 3 3 3 3 3 3 3 3 3 3 3 3 3 3 3 3 3 3 3 3 3 3 3 3 3 3 3 3 3 3 3 3 3 3 3 3 3 3 3 3 3 3 3 3 3 3 3 3 3 3 3 3 3 3 3 3 3 3 3 3 3 3 3 3 3 3 3 3 3 3 3 3 3 3 3 3 3 3 3 3 3 3 3 3 3 3 3 3 3 3 3 3 3 3 3 3 3 3 3 3 3 3 3 3 3 3 3 3 3 3 3 3 3 3 3 3 3 3 3 3 3 3 3 3 3 3 3 3 3 3 3 3 3 3 3 3 3 3 3 3 3 3 3 3 3 3 3 3 3 3 3 3 3 3 3 3 3 3 3 3 3 3 3 3 3 3 3 3 3 3 3 3 3 3 3 3 3 3 3 3 3 3 3 3 3 3 3 3 3 3 3 3 3 3 3 3 3 3 3 3 3 3 3 3 3 3 3 3 3 3 3 3 3 3 3 3 3 3 3 3 3 3 3 3 3 3 3 3 3 3 3 3 3 3 3 3 3 3 3 3 3 3 3 3 3 3 3 3 3 3 3 3 3 3 3 3 3 3 3 3 3 3 3 3 3 3 3 3 3 3 3 3 3 3 3 3 3 3 3 3 3 3 3 3 3 3 3 3 3 3 3 3 3 3 3 3 3 3 3 3 3 3 3 3 3 3 3 3 3 3 3 3 3 3 3 3 3 3 3 3 3 3 3 3 3 3 3 3 3 3 3 3 3 3 3 3 3 3 3 3 3 3 3 3 3 3 3 3 3 3 3 3 3 3 3 3 3 3 3 3 3 3 3 3 3 3 3 3 3 3 3 3 3 3 3 3 3 3 3 3 3 3 3 3 3 3 3 3 3 3 3 3 3 3 3 3 3 3 3 3 3 3 3 3 3 3 3 3 3 3 3 3 3 3 3 3 3 3 3 3 3 3 3 3 3 3 3 3 3 3 3 3 3 3 3 3 3 3 3 3 3 3 3 3 3 3 3 3 3 3 3 3 3 3 3 3 3 3 3 3 3 3 3 3 3 3 3 3 3 3 3 3 3 3 3 3 3 3 3 3 3 3 3 3 3 3 3 3 3 3 3 3 3 3 3 3 3 3 3 3 3 3 3 3 3 3 3 3 3 3 3 3 3 3 3 3 3 3 3 3 3 3 3 3 3 3 3 3 3 3 3 3 3 3 3 3 3 3 3 3 3 3 3 3 3 3 3 3 3 3 3 3 3 3 3 3 3 3 3 3 3 3 3 3 3 3 3 3 3 3 3 3 3 3 3 3 3 3 3 3 3 3 3 3 3 3 3 3 3 3 3 3 3 3 3 3 3 3 3 3 3 3 3 3 3 3 3 3 3 3 3 3 3 3 3 3 3 3 3 3 3 3 3 3 3 3 3 3 3 3 3 3 3 3 3 3 3 3 3 3 3 3 3 3 3 3 3 3 3 3 3 3 3 3 3 3 3 3 3 3 3 3 3 3 3 3 3 3 3 3 3 3 3 3 3 3 3 3 3 3 3 3 3 3 3 3 3 3 3 3 3 3 3 3 3 3 3 3 3 3 3 3 3 3 3 3 3 3 3 3 3 3 3 3 3 3 3 3 3 3 3 3 3 3 3 3 3 3 3 3 3 3 3 3 3 3 3 3 3 3 3 3 3 3 3 3 3 3 3 3 3 3 3 3 3 3 3 3 3 3 3 3 3 3 3 3 3 3 3 3 3 3 3 3 3 3 3 3 3 3 3 3 3 3 3 3 3 3 3 3 3 3 3 3 3 3 3 3 3 3 3 3 3 3 3 3 3 3 3 3 3 3 3 3 3 3 3 3 3 3 3 3 3 3 3 3 3 3 3 3 3 3 3 3 3 3 3 3 3 3 3 3 3 3 3 3 3 3 3 3 3 3 3 3 3 3 3 3 3 3 3 3 3 3 3 3 3 3 3 3 3 3 3 3 3 3 3 3 3 3 3 3 3 3 3 3 3 3 3 3 3 3 3 3 3 3 3 3 3 3 3 3 3 3 3 3 3 3 3 3 3 3 3 3 3 3 3 3 3 3 3 3 3 3 3 3 3 3 3 3 3 3 3 3 3 3 3 3 3 3 3 3 3 3 3 3 3 3 3 3 3 3 3 3 3 3 3 3 3 3 3 3 3 3 3 3 3 3 3 3 3 3 3 3 3 3 3 3 3 3 3 3 3 3 3 3 3 3 3 3 3 3 3 3 3 3 3 3 3 3 3 3 3 3 3 3 3 3 3 3 3 3 3 3 3 3 3 3 3 3 3 3 3 3 3 3 3 3 3 3 3 3 3 3 3 3 3 3 3 3 3 3 3 3 3 3 3 3 3 3 3 3 3 3 3 3 3 3 3 3 3 3 3 3 3 3 3 3 3 3 3 3 3 3 3 3 3 3 3 3 3 3 3 3 3 3 3 3 3 3 3 3 3 3 3 3 3 3 3 3 3 3 3 3 3 3 3 3 3 3 3 3 3 3 3 3 3 3 3 3 3 3 3 3 3 3 3 3 3 3 3 3 3 3 3 3 3 3 3 3 3 3 3 3 3 3 3 3 3 3 3 3 3 3 3 3 3 3 3 3 3 3 3 3 3 3 3 3 3 3 3 3 3 3 3 3 3 3 3 3 3 3 3 3 3 3 3 3 3 3 3 3 3 3 3 3 3 3 3 3 3 3 3 3 3 3 3 3 3 3 3 3 3 3 3 3 3 3 3 3 3 3 3 3 3 3 3 3 3 3 3 3 3 3 3 3 3 3 3 3 3 3 3 3 3 3 3 3 3 3 3 3 3 3 3 3 3 3 3 3 3 3 3 3 3 3 3 3 3 3 3 3 3 3 3 3 3 3 3 3 3 3 3 3 3 3 3 3 3 3 3 3 3 3 3 3 3 3 3 3 3 3 3 3 3 3 3 3 3 3 3 3 3 3 3 3 3 3 3 3 3 3 3 3 3 3 3 3 3 3 3 3 3 3 3 3 3 3 3 3 3 3 3 3 3 3 3 3 3 3 3 3 3 3 3 3 3 3 3 3 3 3 3 3 3 3 3 3 3 3 3 3 3 3 3 3 3 3 3 3 3 3 3 3 3 3 3 3 3 3 3 3 3 3 3 3 3 3 3 3 3 3 3 3 3 3 3 3 3 3 3 3 3 3 3 3 3 3 3 3 3 3 3 3 3 3 3 3 3 3 3 3 3 3 3 3 3 3 3 3 3 3 3 3 3 3 3 3 3 3 3 3 3 3 3 3 3 3 3 3 3 3 3 3 3 3 3 3 3 3 3 3 3 3 3 3 3 3 3 3 3 3 3 3 3 3 3 3 3 3 3 3 3 3 3 3 3 3 3 3 3 3 3 3 3 3 3 3 3 3 3 3 3 3 3 3 3 3 3 3 3 3 3 3 3 3 3 3 3 3 3 3 3 3 3 3 3 3 3 3 3 3 3 3 3 3 3 3 3 3 3 3 3 3 3 3 3 3 3 3 3 3 3 3 3 3 3 3 3 3 3 3 3 3 3 3 3 3 3 3 3 3 3 3 3 3 3 3 3 3 3 3 3 3 3 3 3 3 3 3 3 3 3 3 3 3 3 3 3 3 3 3 3 3 3 3 3 3 3 3 3 3 3 3 3 3 3 3 3 3 3 3 3 3 3 3 3 3 3 3 3 3 3 3 3 3 3 3 3 3 3 3 3 3 3 3 3 3 3 3 3 3 3 3 3 3 3 3 3 3 3 3 3 3 3 3 3 3 3 3 3 3 3 3 3 3 3 3 3 3 3 3 3 3 3 3 3 3 3 3 3 3 3 3 3 3 3 3 3 3 3 3 3 3 3 3 3 3 3 3 3 3 3 3 3 3 3 3 3 3 3 3 3 3 3 3 3 3 3 3 3 3 3 3 3 3 3 3 3 3 3 3 3 3 3 3 3 3 3 3 3 3 3 3 3 3 3 3 3 3 3 3 3 3 3 3 3 3 3 3 3 3 3 3 3 3 3 3 3 3 3 3 3 3 3 3 3 3 3 3 3 3 3 3 3 3 3 3 3 3 3 3 3 3 3 3 3 3 3 3 3 3 3 3 3 3 3 3 3 3 3 3 3 3 3 3 3 3 3 3 3 3 3 3 3 3 3 3 3 3 3 3 3 3 3 3 3 3 3 3 3 3 3 3 3 3 3 3 3 3 3 3 3 3 3 3 3 3 3 3 3 3 3 3 3 3 3 3 3 3 3 3 3 3 3 3 3 3 3 3 3 3 3 3 3 3 3 3 3 3 3 3 3 3 3 3 3 3 3 3 3 3 3 3 3 3 3 3 3 3 3 3 3 3 3 3 3 3 3 3 3 3 3 3 3 3 3 3 3 3 3 3 3 3 3 3 3 3 3 3 3 3 3 3 3 3 3 3 3 3 3 3 3 3 3 3 3 3 3 3 3 3 3 3 3 3 3 3 3 3 3 3 3 3 3 3 3 3 3 3 3 3 3 3 3 3 3 3 3 3 3 3 3 3 3 3 3 3 3 3 3 3 3 3 3 3 3 3 3 3 3 3 3 3 3 3 3 3</vcount>
                    <p>2 2 0 1 1 0 0 0 0 3 3 0 1 1 0 2 2 0 4 4 0 3 3 0 2 2 0 5 5 0 3 3 0 4 4 0 6 6 0 5 5 0 4 4 0 7 7 0 5 5 0 6 6 0 8 8 0 7 7 0 6 6 0 9 9 0 7 7 0 8 8 0 10 10 0 9 9 0 8 8 0 11 11 0 9 9 0 10 10 0 12 12 0 11 11 0 10 10 0 13 13 0 11 11 0 12 12 0 14 14 0 13 13 0 12 12 0 15 15 0 13 13 0 14 14 0 16 16 0 15 15 0 14 14 0 17 17 0 15 15 0 16 16 0 18 18 0 17 17 0 16 16 0 19 19 0 17 17 0 18 18 0 20 20 0 19 19 0 18 18 0 21 21 0 19 19 0 20 20 0 22 22 0 21 21 0 20 20 0 23 23 0 21 21 0 22 22 0 24 24 0 23 23 0 22 22 0 25 25 0 23 23 0 24 24 0 26 26 0 25 25 0 24 24 0 27 27 0 25 25 0 26 26 0 28 28 0 27 27 0 26 26 0 29 29 0 27 27 0 28 28 0 30 30 0 29 29 0 28 28 0 31 31 0 29 29 0 30 30 0 32 32 0 31 31 0 30 30 0 33 33 0 31 31 0 32 32 0 34 34 0 33 33 0 32 32 0 35 35 0 33 33 0 34 34 0 36 36 0 35 35 0 34 34 0 37 37 0 35 35 0 36 36 0 38 38 0 37 37 0 36 36 0 39 39 0 37 37 0 38 38 0 40 40 0 39 39 0 38 38 0 41 41 0 39 39 0 40 40 0 42 42 0 41 41 0 40 40 0 43 43 0 41 41 0 42 42 0 44 44 0 43 43 0 42 42 0 45 45 0 43 43 0 44 44 0 46 46 0 45 45 0 44 44 0 47 47 0 45 45 0 46 46 0 48 48 0 47 47 0 46 46 0 49 49 0 47 47 0 48 48 0 50 50 0 49 49 0 48 48 0 51 51 0 49 49 0 50 50 0 52 52 0 51 51 0 50 50 0 53 53 0 51 51 0 52 52 0 54 54 0 53 53 0 52 52 0 55 55 0 53 53 0 54 54 0 56 56 0 55 55 0 54 54 0 57 57 0 55 55 0 56 56 0 58 58 0 57 57 0 56 56 0 59 59 0 57 57 0 58 58 0 60 60 0 59 59 0 58 58 0 61 61 0 59 59 0 60 60 0 62 62 0 61 61 0 60 60 0 63 63 0 61 61 0 62 62 0 64 64 0 63 63 0 62 62 0 65 65 0 63 63 0 64 64 0 66 66 0 65 65 0 64 64 0 67 67 0 65 65 0 66 66 0 68 68 0 67 67 0 66 66 0 69 69 0 67 67 0 68 68 0 70 70 0 69 69 0 68 68 0 71 71 0 69 69 0 70 70 0 72 72 0 71 71 0 70 70 0 73 73 0 71 71 0 72 72 0 74 74 0 73 73 0 72 72 0 75 75 0 73 73 0 74 74 0 76 76 0 75 75 0 74 74 0 77 77 0 75 75 0 76 76 0 78 78 0 77 77 0 76 76 0 79 79 0 77 77 0 78 78 0 0 0 0 79 79 0 78 78 0 1 1 0 79 79 0 0 0 0 79 79 0 80 80 1 77 77 0 81 81 1 80 80 1 79 79 0 1 1 0 81 81 1 79 79 0 82 82 1 81 81 1 1 1 0 3 3 0 82 82 1 1 1 0 83 83 1 82 82 1 3 3 0 5 5 0 83 83 1 3 3 0 84 84 1 83 83 1 5 5 0 7 7 0 84 84 1 5 5 0 85 85 1 84 84 1 7 7 0 9 9 0 85 85 1 7 7 0 86 86 1 85 85 1 9 9 0 11 11 0 86 86 1 9 9 0 87 87 1 86 86 1 11 11 0 13 13 0 87 87 1 11 11 0 88 88 1 87 87 1 13 13 0 15 15 0 88 88 1 13 13 0 89 89 1 88 88 1 15 15 0 17 17 0 89 89 1 15 15 0 90 90 1 89 89 1 17 17 0 19 19 0 90 90 1 17 17 0 91 91 1 90 90 1 19 19 0 21 21 0 91 91 1 19 19 0 92 92 1 91 91 1 21 21 0 23 23 0 92 92 1 21 21 0 93 93 1 92 92 1 23 23 0 25 25 0 93 93 1 23 23 0 94 94 1 93 93 1 25 25 0 27 27 0 94 94 1 25 25 0 95 95 1 94 94 1 27 27 0 29 29 0 95 95 1 27 27 0 96 96 1 95 95 1 29 29 0 31 31 0 96 96 1 29 29 0 97 97 1 96 96 1 31 31 0 33 33 0 97 97 1 31 31 0 98 98 1 97 97 1 33 33 0 35 35 0 98 98 1 33 33 0 99 99 1 98 98 1 35 35 0 37 37 0 99 99 1 35 35 0 100 100 1 99 99 1 37 37 0 39 39 0 100 100 1 37 37 0 101 101 1 100 100 1 39 39 0 41 41 0 101 101 1 39 39 0 102 102 1 101 101 1 41 41 0 43 43 0 102 102 1 41 41 0 103 103 1 102 102 1 43 43 0 45 45 0 103 103 1 43 43 0 104 104 1 103 103 1 45 45 0 47 47 0 104 104 1 45 45 0 105 105 1 104 104 1 47 47 0 49 49 0 105 105 1 47 47 0 106 106 1 105 105 1 49 49 0 51 51 0 106 106 1 49 49 0 107 107 1 106 106 1 51 51 0 53 53 0 107 107 1 51 51 0 108 108 1 107 107 1 53 53 0 55 55 0 108 108 1 53 53 0 109 109 1 108 108 1 55 55 0 57 57 0 109 109 1 55 55 0 110 110 1 109 109 1 57 57 0 59 59 0 110 110 1 57 57 0 111 111 1 110 110 1 59 59 0 61 61 0 111 111 1 59 59 0 112 112 1 111 111 1 61 61 0 63 63 0 112 112 1 61 61 0 113 113 1 112 112 1 63 63 0 65 65 0 113 113 1 63 63 0 114 114 1 113 113 1 65 65 0 67 67 0 114 114 1 65 65 0 115 115 1 114 114 1 67 67 0 69 69 0 115 115 1 67 67 0 116 116 1 115 115 1 69 69 0 71 71 0 116 116 1 69 69 0 117 117 1 116 116 1 71 71 0 73 73 0 117 117 1 71 71 0 118 118 1 117 117 1 73 73 0 75 75 0 118 118 1 73 73 0 119 119 1 118 118 1 75 75 0 77 77 0 119 119 1 75 75 0 80 80 1 119 119 1 77 77 0 80 115 1 120 120 1 119 114 1 121 121 1 120 120 1 80 115 1 81 116 1 121 121 1 80 115 1 122 122 1 121 121 1 81 116 1 82 117 1 122 122 1 81 116 1 123 123 1 122 122 1 82 117 1 83 118 1 123 123 1 82 117 1 124 124 1 123 123 1 83 118 1 84 119 1 124 124 1 83 118 1 125 125 1 124 124 1 84 119 1 85 80 1 125 125 1 84 119 1 126 126 1 125 125 1 85 80 1 86 81 1 126 126 1 85 80 1 127 127 1 126 126 1 86 81 1 87 82 1 127 127 1 86 81 1 128 128 1 127 127 1 87 82 1 88 83 1 128 128 1 87 82 1 129 129 1 128 128 1 88 83 1 89 84 1 129 129 1 88 83 1 130 130 1 129 129 1 89 84 1 90 85 1 130 130 1 89 84 1 131 131 1 130 130 1 90 85 1 91 86 1 131 131 1 90 85 1 132 132 1 131 131 1 91 86 1 92 87 1 132 132 1 91 86 1 133 133 1 132 132 1 92 87 1 93 88 1 133 133 1 92 87 1 134 134 1 133 133 1 93 88 1 94 89 1 134 134 1 93 88 1 135 135 1 134 134 1 94 89 1 95 90 1 135 135 1 94 89 1 136 136 1 135 135 1 95 90 1 96 91 1 136 136 1 95 90 1 137 137 1 136 136 1 96 91 1 97 92 1 137 137 1 96 91 1 138 138 1 137 137 1 97 92 1 98 93 1 138 138 1 97 92 1 139 139 1 138 138 1 98 93 1 99 94 1 139 139 1 98 93 1 140 140 1 139 139 1 99 94 1 100 95 1 140 140 1 99 94 1 141 141 1 140 140 1 100 95 1 101 96 1 141 141 1 100 95 1 142 142 1 141 141 1 101 96 1 102 97 1 142 142 1 101 96 1 143 143 1 142 142 1 102 97 1 103 98 1 143 143 1 102 97 1 144 144 1 143 143 1 103 98 1 104 99 1 144 144 1 103 98 1 145 145 1 144 144 1 104 99 1 105 100 1 145 145 1 104 99 1 146 146 1 145 145 1 105 100 1 106 101 1 146 146 1 105 100 1 147 147 1 146 146 1 106 101 1 107 102 1 147 147 1 106 101 1 148 148 1 147 147 1 107 102 1 108 103 1 148 148 1 107 102 1 149 149 1 148 148 1 108 103 1 109 104 1 149 149 1 108 103 1 150 150 1 149 149 1 109 104 1 110 105 1 150 150 1 109 104 1 151 151 1 150 150 1 110 105 1 111 106 1 151 151 1 110 105 1 152 152 1 151 151 1 111 106 1 112 107 1 152 152 1 111 106 1 153 153 1 152 152 1 112 107 1 113 108 1 153 153 1 112 107 1 154 154 1 153 153 1 113 108 1 114 109 1 154 154 1 113 108 1 155 155 1 154 154 1 114 109 1 115 110 1 155 155 1 114 109 1 156 156 1 155 155 1 115 110 1 116 111 1 156 156 1 115 110 1 157 157 1 156 156 1 116 111 1 117 112 1 157 157 1 116 111 1 158 158 1 157 157 1 117 112 1 118 113 1 158 158 1 117 112 1 159 159 1 158 158 1 118 113 1 119 114 1 159 159 1 118 113 1 120 120 1 159 159 1 119 114 1 2 2 0 160 160 2 4 4 0 161 161 2 160 160 2 2 2 0 0 0 0 161 161 2 2 2 0 162 162 2 161 161 2 0 0 0 78 78 0 162 162 2 0 0 0 163 163 2 162 162 2 78 78 0 76 76 0 163 163 2 78 78 0 164 164 2 163 163 2 76 76 0 74 74 0 164 164 2 76 76 0 165 165 2 164 164 2 74 74 0 72 72 0 165 165 2 74 74 0 166 166 2 165 165 2 72 72 0 70 70 0 166 166 2 72 72 0 167 167 2 166 166 2 70 70 0 68 68 0 167 167 2 70 70 0 168 168 2 167 167 2 68 68 0 66 66 0 168 168 2 68 68 0 169 169 2 168 168 2 66 66 0 64 64 0 169 169 2 66 66 0 170 170 2 169 169 2 64 64 0 62 62 0 170 170 2 64 64 0 171 171 2 170 170 2 62 62 0 60 60 0 171 171 2 62 62 0 172 172 2 171 171 2 60 60 0 58 58 0 172 172 2 60 60 0 173 173 2 172 172 2 58 58 0 56 56 0 173 173 2 58 58 0 174 174 2 173 173 2 56 56 0 54 54 0 174 174 2 56 56 0 175 175 2 174 174 2 54 54 0 52 52 0 175 175 2 54 54 0 176 176 2 175 175 2 52 52 0 50 50 0 176 176 2 52 52 0 177 177 2 176 176 2 50 50 0 48 48 0 177 177 2 50 50 0 178 178 2 177 177 2 48 48 0 46 46 0 178 178 2 48 48 0 179 179 2 178 178 2 46 46 0 44 44 0 179 179 2 46 46 0 180 180 2 179 179 2 44 44 0 42 42 0 180 180 2 44 44 0 181 181 2 180 180 2 42 42 0 40 40 0 181 181 2 42 42 0 182 182 2 181 181 2 40 40 0 38 38 0 182 182 2 40 40 0 183 183 2 182 182 2 38 38 0 36 36 0 183 183 2 38 38 0 184 184 2 183 183 2 36 36 0 34 34 0 184 184 2 36 36 0 185 185 2 184 184 2 34 34 0 32 32 0 185 185 2 34 34 0 186 186 2 185 185 2 32 32 0 30 30 0 186 186 2 32 32 0 187 187 2 186 186 2 30 30 0 28 28 0 187 187 2 30 30 0 188 188 2 187 187 2 28 28 0 26 26 0 188 188 2 28 28 0 189 189 2 188 188 2 26 26 0 24 24 0 189 189 2 26 26 0 190 190 2 189 189 2 24 24 0 22 22 0 190 190 2 24 24 0 191 191 2 190 190 2 22 22 0 20 20 0 191 191 2 22 22 0 192 192 2 191 191 2 20 20 0 18 18 0 192 192 2 20 20 0 193 193 2 192 192 2 18 18 0 16 16 0 193 193 2 18 18 0 194 194 2 193 193 2 16 16 0 14 14 0 194 194 2 16 16 0 195 195 2 194 194 2 14 14 0 12 12 0 195 195 2 14 14 0 196 196 2 195 195 2 12 12 0 10 10 0 196 196 2 12 12 0 197 197 2 196 196 2 10 10 0 8 8 0 197 197 2 10 10 0 198 198 2 197 197 2 8 8 0 6 6 0 198 198 2 8 8 0 199 199 2 198 198 2 6 6 0 4 4 0 199 199 2 6 6 0 160 160 2 199 199 2 4 4 0 202 202 4 201 201 3 200 200 3 203 203 4 201 201 3 202 202 4 204 204 5 203 203 4 202 202 4 205 205 5 203 203 4 204 204 5 206 206 6 205 205 5 204 204 5 207 207 6 205 205 5 206 206 6 208 208 7 207 207 6 206 206 6 209 209 7 207 207 6 208 208 7 210 210 8 209 209 7 208 208 7 211 211 3 209 209 7 210 210 8 212 212 9 211 211 3 210 210 8 213 213 9 211 211 3 212 212 9 214 214 5 213 213 9 212 212 9 215 215 6 213 213 9 214 214 5 216 216 10 215 215 6 214 214 5 217 217 5 215 215 6 216 216 10 218 218 11 217 217 5 216 216 10 219 219 11 217 217 5 218 218 11 220 220 3 219 219 11 218 218 11 221 221 3 219 219 11 220 220 3 222 222 9 221 221 3 220 220 3 223 223 9 221 221 3 222 222 9 224 224 5 223 223 9 222 222 9 225 225 5 223 223 9 224 224 5 226 226 5 225 225 5 224 224 5 227 227 6 225 225 5 226 226 5 228 228 12 227 227 6 226 226 5 229 229 7 227 227 6 228 228 12 230 230 8 229 229 7 228 228 12 231 231 3 229 229 7 230 230 8 232 232 13 231 231 3 230 230 8 233 233 9 231 231 3 232 232 13 234 234 10 233 233 9 232 232 13 235 235 10 233 233 9 234 234 10 236 236 3 235 235 10 234 234 10 237 237 10 235 235 10 236 236 3 238 238 11 237 237 10 236 236 3 239 239 11 237 237 10 238 238 11 240 240 14 239 239 11 238 238 11 241 241 15 239 239 11 240 240 14 242 242 16 241 241 15 240 240 14 243 243 13 241 241 15 242 242 16 244 244 3 243 243 13 242 242 16 245 245 3 243 243 13 244 244 3 246 246 10 245 245 3 244 244 3 247 247 5 245 245 3 246 246 10 248 248 11 247 247 5 246 246 10 249 249 11 247 247 5 248 248 11 250 250 8 249 249 11 248 248 11 251 251 8 249 249 11 250 250 8 252 252 9 251 251 8 250 250 8 253 253 9 251 251 8 252 252 9 254 254 5 253 253 9 252 252 9 255 255 6 253 253 9 254 254 5 256 256 5 255 255 6 254 254 5 257 257 6 255 255 6 256 256 5 258 258 11 257 257 6 256 256 5 259 259 11 257 257 6 258 258 11 260 260 8 259 259 11 258 258 11 261 261 3 259 259 11 260 260 8 262 262 9 261 261 3 260 260 8 263 263 4 261 261 3 262 262 9 264 264 5 263 263 4 262 262 9 265 265 5 263 263 4 264 264 5 266 266 5 265 265 5 264 264 5 267 267 5 265 265 5 266 266 5 268 268 14 267 267 5 266 266 5 269 269 14 267 267 5 268 268 14 270 270 17 269 269 14 268 268 14 271 271 17 269 269 14 270 270 17 272 272 3 271 271 17 270 270 17 273 273 3 271 271 17 272 272 3 274 274 3 273 273 3 272 272 3 275 275 10 273 273 3 274 274 3 276 276 10 275 275 10 274 274 3 277 277 10 275 275 10 276 276 10 278 278 3 277 277 10 276 276 10 279 279 3 277 277 10 278 278 3 200 280 3 279 279 3 278 278 3 201 281 3 279 279 3 200 280 3 282 284 18 281 283 19 280 282 18 283 285 19 281 283 19 282 284 18 284 286 20 283 285 19 282 284 18 285 287 19 283 285 19 284 286 20 286 288 18 285 287 19 284 286 20 287 289 19 285 287 19 286 288 18 288 290 20 287 289 19 286 288 18 289 291 19 287 289 19 288 290 20 290 292 21 289 291 19 288 290 20 291 293 19 289 291 19 290 292 21 292 294 21 291 293 19 290 292 21 293 295 19 291 293 19 292 294 21 294 296 22 293 295 19 292 294 21 295 297 19 293 295 19 294 296 22 296 298 20 295 297 19 294 296 22 297 299 19 295 297 19 296 298 20 298 300 18 297 299 19 296 298 20 299 301 19 297 299 19 298 300 18 300 302 23 299 301 19 298 300 18 301 303 19 299 301 19 300 302 23 302 304 20 301 303 19 300 302 23 303 305 19 301 303 19 302 304 20 304 306 20 303 305 19 302 304 20 305 307 19 303 305 19 304 306 20 306 308 20 305 307 19 304 306 20 307 309 19 305 307 19 306 308 20 308 310 20 307 309 19 306 308 20 309 311 19 307 309 19 308 310 20 310 312 18 309 311 19 308 310 20 311 313 19 309 311 19 310 312 18 312 314 18 311 313 19 310 312 18 313 315 19 311 313 19 312 314 18 314 316 21 313 315 19 312 314 18 315 317 19 313 315 19 314 316 21 316 318 20 315 317 19 314 316 21 317 319 19 315 317 19 316 318 20 318 320 24 317 319 19 316 318 20 319 321 19 317 319 19 318 320 24 320 322 18 319 321 19 318 320 24 321 323 19 319 321 19 320 322 18 322 324 25 321 323 19 320 322 18 323 325 19 321 323 19 322 324 25 324 326 20 323 325 19 322 324 25 325 327 19 323 325 19 324 326 20 326 328 21 325 327 19 324 326 20 327 329 19 325 327 19 326 328 21 328 330 20 327 329 19 326 328 21 329 331 19 327 329 19 328 330 20 330 332 26 329 331 19 328 330 20 331 333 19 329 331 19 330 332 26 332 334 26 331 333 19 330 332 26 333 335 19 331 333 19 332 334 26 334 336 26 333 335 19 332 334 26 335 337 19 333 335 19 334 336 26 336 338 26 335 337 19 334 336 26 337 339 19 335 337 19 336 338 26 338 340 26 337 339 19 336 338 26 339 341 19 337 339 19 338 340 26 340 342 25 339 341 19 338 340 26 341 343 19 339 341 19 340 342 25 342 344 27 341 343 19 340 342 25 343 345 19 341 343 19 342 344 27 344 346 23 343 345 19 342 344 27 345 347 19 343 345 19 344 346 23 346 348 18 345 347 19 344 346 23 347 349 19 345 347 19 346 348 18 348 350 23 347 349 19 346 348 18 349 351 19 347 349 19 348 350 23 350 352 18 349 351 19 348 350 23 351 353 19 349 351 19 350 352 18 352 354 23 351 353 19 350 352 18 353 355 19 351 353 19 352 354 23 354 356 18 353 355 19 352 354 23 355 357 19 353 355 19 354 356 18 356 358 23 355 357 19 354 356 18 357 359 19 355 357 19 356 358 23 358 360 18 357 359 19 356 358 23 359 361 19 357 359 19 358 360 18 280 282 18 359 361 19 358 360 18 281 283 19 359 361 19 280 282 18 362 364 29 361 363 28 360 362 28 363 365 28 361 363 28 362 364 29 364 366 30 363 365 28 362 364 29 365 367 29 363 365 28 364 366 30 366 368 31 365 367 29 364 366 30 367 369 32 365 367 29 366 368 31 368 370 19 367 369 32 366 368 31 369 371 19 367 369 32 368 370 19 370 372 19 369 371 19 368 370 19 371 373 19 369 371 19 370 372 19 372 374 33 371 373 19 370 372 19 373 375 33 371 373 19 372 374 33 374 376 2 373 375 33 372 374 33 375 377 2 373 375 33 374 376 2 376 378 28 375 377 2 374 376 2 377 379 2 375 377 2 376 378 28 378 380 28 377 379 2 376 378 28 379 381 2 377 379 2 378 380 28 380 382 28 379 381 2 378 380 28 381 383 28 379 381 2 380 382 28 382 384 28 381 383 28 380 382 28 383 385 28 381 383 28 382 384 28 386 388 19 385 387 19 384 386 19 387 389 19 385 387 19 386 388 19 388 390 33 387 389 19 386 388 19 389 391 33 387 389 19 388 390 33 390 392 2 389 391 33 388 390 33 391 393 2 389 391 33 390 392 2 392 394 28 391 393 2 390 392 2 393 395 2 391 393 2 392 394 28 394 396 28 393 395 2 392 394 28 395 397 2 393 395 2 394 396 28 396 398 28 395 397 2 394 396 28 397 399 28 395 397 2 396 398 28 398 400 28 397 399 28 396 398 28 399 401 28 397 399 28 398 400 28 400 402 28 399 401 28 398 400 28 401 403 28 399 401 28 400 402 28 402 404 28 401 403 28 400 402 28 403 405 28 401 403 28 402 404 28 406 408 19 405 407 19 404 406 19 407 409 19 405 407 19 406 408 19 408 410 19 407 409 19 406 408 19 409 411 33 407 409 19 408 410 19 410 412 19 409 411 33 408 410 19 411 413 34 409 411 33 410 412 19 412 414 35 411 413 34 410 412 19 413 415 2 411 413 34 412 414 35 414 416 2 413 415 2 412 414 35 415 417 28 413 415 2 414 416 2 416 418 2 415 417 28 414 416 2 417 419 28 415 417 28 416 418 2 418 420 28 417 419 28 416 418 2 419 421 28 417 419 28 418 420 28 420 422 28 419 421 28 418 420 28 421 423 28 419 421 28 420 422 28 422 424 28 421 423 28 420 422 28 425 427 19 424 426 37 423 425 36 426 428 19 424 426 37 425 427 19 427 429 19 426 428 19 425 427 19 428 430 19 426 428 19 427 429 19 429 431 19 428 430 19 427 429 19 385 387 19 428 430 19 429 431 19 430 432 31 385 387 19 429 431 19 384 386 19 385 387 19 430 432 31 431 433 31 384 386 19 430 432 31 432 434 31 384 386 19 431 433 31 433 435 29 432 434 31 431 433 31 434 436 38 432 434 31 433 435 29 435 437 39 434 436 38 433 435 29 436 438 29 434 436 38 435 437 39 437 439 28 436 438 29 435 437 39 438 440 28 436 438 29 437 439 28 441 442 19 440 441 40 439 414 36 442 443 19 440 441 40 441 442 19 443 444 19 442 443 19 441 442 19 444 445 19 442 443 19 443 444 19 445 446 19 444 445 19 443 444 19 446 447 19 444 445 19 445 446 19 447 448 31 446 447 19 445 446 19 448 449 19 446 447 19 447 448 31 449 450 38 448 449 19 447 448 31 450 451 38 448 449 19 449 450 38 451 452 30 450 451 38 449 450 38 452 453 38 450 451 38 451 452 30 453 454 29 452 453 38 451 452 30 454 455 29 452 453 38 453 454 29 455 456 28 454 455 29 453 454 29 456 457 28 454 455 29 455 456 28 459 460 2 458 459 35 457 458 2 460 461 33 458 459 35 459 460 2 461 462 33 460 461 33 459 460 2 462 463 19 460 461 33 461 462 33 463 464 19 462 463 19 461 462 33 464 465 19 462 463 19 463 464 19 465 466 19 464 465 19 463 464 19 466 467 41 464 465 19 465 466 19 467 468 31 466 467 41 465 466 19 468 469 30 466 467 41 467 468 31 469 470 29 468 469 30 467 468 31 470 471 28 468 469 30 469 470 29 436 438 29 470 471 28 469 470 29 438 440 28 470 471 28 436 438 29 462 463 19 458 459 35 460 461 33 471 472 19 458 459 35 462 463 19 464 465 19 471 472 19 462 463 19 472 473 19 471 472 19 464 465 19 466 467 41 472 473 19 464 465 19 473 474 31 472 473 19 466 467 41 468 469 30 473 474 31 466 467 41 474 475 29 473 474 31 468 469 30 475 476 28 474 475 29 468 469 30 476 477 30 474 475 29 475 476 28 477 478 28 476 477 30 475 476 28 478 479 28 476 477 30 477 478 28 481 481 2 480 425 42 479 480 2 482 482 35 480 425 42 481 481 2 483 483 2 482 482 35 481 481 2 484 484 33 482 482 35 483 483 2 485 485 43 484 484 33 483 483 2 486 486 19 484 484 33 485 485 43 487 487 19 486 486 19 485 485 43 488 488 19 486 486 19 487 487 19 489 489 19 488 488 19 487 487 19 490 490 38 488 488 19 489 489 19 452 453 38 490 490 38 489 489 19 454 455 29 490 490 38 452 453 38 493 493 19 492 492 37 491 491 40 405 407 19 492 492 37 493 493 19 494 494 19 405 407 19 493 493 19 404 406 19 405 407 19 494 494 19 495 495 41 404 406 19 494 494 19 496 496 31 404 406 19 495 495 41 497 497 29 496 496 31 495 495 41 498 498 29 496 496 31 497 497 29 499 499 28 498 498 29 497 497 29 500 500 29 498 498 29 499 499 28 501 501 28 500 500 29 499 499 28 502 502 28 500 500 29 501 501 28 503 503 19 480 425 42 482 482 35 425 427 19 480 425 42 503 503 19 504 504 19 425 427 19 503 503 19 505 505 19 425 427 19 504 504 19 506 506 38 505 505 19 504 504 19 507 507 31 505 505 19 506 506 38 508 508 29 507 507 31 506 506 38 509 509 29 507 507 31 508 508 29 510 510 28 509 509 29 508 508 29 511 511 29 509 509 29 510 510 28 512 512 28 511 511 29 510 510 28 513 513 28 511 511 29 512 512 28 467 468 31 436 438 29 469 470 29 514 514 31 436 438 29 467 468 31 465 466 19 514 514 31 467 468 31 515 515 19 514 514 31 465 466 19 463 464 19 515 515 19 465 466 19 516 516 19 515 515 19 463 464 19 461 462 33 516 516 19 463 464 19 517 517 43 516 516 19 461 462 33 518 518 2 517 517 43 461 462 33 519 519 2 517 517 43 518 518 2 520 520 28 519 519 2 518 518 2 521 521 28 519 519 2 520 520 28 524 524 44 523 523 28 522 522 28 360 362 28 523 523 28 524 524 44 525 525 29 360 362 28 524 524 44 362 364 29 360 362 28 525 525 29 526 526 31 362 364 29 525 525 29 527 527 31 362 364 29 526 526 31 528 528 19 527 527 31 526 526 31 529 529 19 527 527 31 528 528 19 530 530 19 529 529 19 528 528 19 531 531 19 529 529 19 530 530 19 532 532 40 531 531 19 530 530 19 533 533 35 531 531 19 532 532 40 536 536 19 535 535 34 534 534 45 537 537 19 535 535 34 536 536 19 538 538 19 537 537 19 536 536 19 539 539 19 537 537 19 538 538 19 540 540 31 539 539 19 538 538 19 541 541 38 539 539 19 540 540 31 542 542 44 541 541 38 540 540 31 543 543 30 541 541 38 542 542 44 544 544 28 543 543 30 542 542 44 545 545 29 543 543 30 544 544 28 546 546 28 545 545 29 544 544 28 547 547 28 545 545 29 546 546 28 530 530 19 549 548 43 548 532 45 550 549 19 549 548 43 530 530 19 551 550 19 550 549 19 530 530 19 552 551 19 550 549 19 551 550 19 553 552 19 552 551 19 551 550 19 554 553 19 552 551 19 553 552 19 555 554 31 554 553 19 553 552 19 556 555 19 554 553 19 555 554 31 557 556 31 556 555 19 555 554 31 540 540 31 556 555 19 557 556 31 542 542 44 540 540 31 557 556 31 558 557 28 454 455 29 456 457 28 559 558 29 454 455 29 558 557 28 508 508 29 559 558 29 558 557 28 560 559 46 559 558 29 508 508 29 506 506 38 560 559 46 508 508 29 561 560 19 560 559 46 506 506 38 504 504 19 561 560 19 506 506 38 562 561 19 561 560 19 504 504 19 503 503 19 562 561 19 504 504 19 484 484 33 562 561 19 503 503 19 482 482 35 484 484 33 503 503 19 563 562 19 446 447 19 448 449 19 564 563 19 446 447 19 563 562 19 565 564 42 564 563 19 563 562 19 566 565 33 564 563 19 565 564 42 567 566 2 566 565 33 565 564 42 568 567 2 566 565 33 567 566 2 420 568 28 568 567 2 567 566 2 569 569 2 568 567 2 420 568 28 418 420 28 569 569 2 420 568 28 416 418 2 569 569 2 418 420 28 500 500 29 496 496 31 498 498 29 570 570 46 496 496 31 500 500 29 571 571 38 570 570 46 500 500 29 572 572 19 570 570 46 571 571 38 573 573 32 572 572 19 571 571 38 574 574 19 572 572 19 573 573 32 575 575 19 574 574 19 573 573 32 441 442 19 574 574 19 575 575 19 443 444 19 441 442 19 575 575 19 576 576 31 443 444 19 575 575 19 445 446 19 443 444 19 576 576 31 577 577 31 445 446 19 576 576 31 447 448 31 445 446 19 577 577 31 578 578 29 447 448 31 577 577 31 449 450 38 447 448 31 578 578 29 579 579 29 449 450 38 578 578 29 451 452 30 449 450 38 579 579 29 580 580 28 451 452 30 579 579 29 365 367 29 581 581 28 363 365 28 478 479 28 581 581 28 365 367 29 582 582 29 478 479 28 365 367 29 476 477 30 478 479 28 582 582 29 583 583 47 476 477 30 582 582 29 584 584 31 476 477 30 583 583 47 585 585 19 584 584 31 583 583 47 586 586 19 584 584 31 585 585 19 589 589 48 588 588 19 587 587 19 590 590 19 588 588 19 589 589 48 591 591 49 590 590 19 589 589 48 592 592 19 590 590 19 591 591 49 593 593 50 592 592 19 591 591 49 594 594 19 592 592 19 593 593 50 595 595 19 594 594 19 593 593 50 596 596 19 594 594 19 595 595 19 597 597 38 429 431 19 427 429 19 598 598 31 429 431 19 597 597 38 511 511 29 598 598 31 597 597 38 599 599 29 598 598 31 511 511 29 513 513 28 599 599 29 511 511 29 600 600 29 599 599 29 513 513 28 601 601 28 600 600 29 513 513 28 602 602 28 600 600 29 601 601 28 605 605 29 604 604 28 603 603 28 522 522 28 604 604 28 605 605 29 606 606 51 522 522 28 605 605 29 524 524 44 522 522 28 606 606 51 607 607 38 524 524 44 606 606 51 608 608 31 524 524 44 607 607 38 553 552 19 608 608 31 607 607 38 551 550 19 608 608 31 553 552 19 611 328 52 610 610 28 609 609 28 612 611 28 610 610 28 611 328 52 613 326 53 612 611 28 611 328 52 614 612 28 612 611 28 613 326 53 615 324 27 614 612 28 613 326 53 616 613 28 614 612 28 615 324 27 617 322 53 616 613 28 615 324 27 618 320 52 616 613 28 617 322 53 621 348 53 620 615 28 619 614 28 622 616 28 620 615 28 621 348 53 623 346 54 622 616 28 621 348 53 624 617 28 622 616 28 623 346 54 625 344 25 624 617 28 623 346 54 382 384 28 624 617 28 625 344 25 340 342 25 382 384 28 625 344 25 626 340 25 382 384 28 340 342 25 629 620 28 628 619 2 627 618 28 630 621 2 628 619 2 629 620 28 631 622 28 630 621 2 629 620 28 632 623 2 630 621 2 631 622 28 633 624 28 632 623 2 631 622 28 634 625 28 632 623 2 633 624 28 619 614 28 634 625 28 633 624 28 620 615 28 634 625 28 619 614 28 637 628 55 636 627 19 635 626 19 638 629 19 636 627 19 637 628 55 639 630 56 638 629 19 637 628 55 640 631 57 638 629 19 639 630 56 641 632 58 640 631 57 639 630 56 642 633 59 640 631 57 641 632 58 643 634 19 642 633 59 641 632 58 644 635 19 642 633 59 643 634 19 570 570 46 404 406 19 496 496 31 406 408 19 404 406 19 570 570 46 572 572 19 406 408 19 570 570 46 408 410 19 406 408 19 572 572 19 574 574 19 408 410 19 572 572 19 410 412 19 408 410 19 574 574 19 441 442 19 410 412 19 574 574 19 412 414 35 410 412 19 441 442 19 646 491 35 645 636 19 493 493 19 647 637 35 645 636 19 646 491 35 648 638 2 647 637 35 646 491 35 649 639 33 647 637 35 648 638 2 650 640 2 649 639 33 648 638 2 651 641 2 649 639 33 650 640 2 652 642 28 651 641 2 650 640 2 653 643 28 651 641 2 652 642 28 654 644 38 575 575 19 573 573 32 576 576 31 575 575 19 654 644 38 655 645 39 576 576 31 654 644 38 577 577 31 576 576 31 655 645 39 656 646 29 577 577 31 655 645 39 578 578 29 577 577 31 656 646 29 657 647 28 578 578 29 656 646 29 658 648 28 578 578 29 657 647 28 661 651 60 660 650 28 659 649 28 662 652 28 660 650 28 661 651 60 663 653 61 662 652 28 661 651 60 664 654 62 662 652 28 663 653 61 665 655 48 664 654 62 663 653 61 666 656 19 664 654 62 665 655 48 667 657 19 666 656 19 665 655 48 670 660 63 669 659 28 668 658 28 671 661 28 669 659 28 670 660 63 672 662 64 671 661 28 670 660 63 673 663 65 671 661 28 672 662 64 674 664 57 673 663 65 672 662 64 675 665 19 673 663 65 674 664 57 676 666 19 675 665 19 674 664 57 627 618 28 678 668 2 677 667 28 679 669 2 678 668 2 627 618 28 628 619 2 679 669 2 627 618 28 549 548 43 679 669 2 628 619 2 630 621 2 549 548 43 628 619 2 680 670 43 549 548 43 630 621 2 681 533 43 680 670 43 630 621 2 485 485 43 682 671 42 487 487 19 683 672 2 682 671 42 485 485 43 684 673 2 683 672 2 485 485 43 685 674 28 683 672 2 684 673 2 686 675 28 685 674 28 684 673 2 687 676 28 685 674 28 686 675 28 403 405 28 687 676 28 686 675 28 471 472 19 689 677 40 688 459 40 690 678 19 689 677 40 471 472 19 586 586 19 690 678 19 471 472 19 691 679 19 690 678 19 586 586 19 585 585 19 691 679 19 586 586 19 369 371 19 691 679 19 585 585 19 367 369 32 369 371 19 585 585 19 692 680 42 388 390 33 386 388 19 390 392 2 388 390 33 692 680 42 693 681 2 390 392 2 692 680 42 694 682 28 390 392 2 693 681 2 695 683 28 694 682 28 693 681 2 610 610 28 694 682 28 695 683 28 609 609 28 610 610 28 695 683 28 696 684 34 565 564 42 563 562 19 567 566 2 565 564 42 696 684 34 697 685 2 567 566 2 696 684 34 698 686 28 567 566 2 697 685 2 699 687 28 698 686 28 697 685 2 422 424 28 698 686 28 699 687 28 700 688 28 422 424 28 699 687 28 701 689 66 573 573 32 571 571 38 654 644 38 573 573 32 701 689 66 702 690 29 654 644 38 701 689 66 655 645 39 654 644 38 702 690 29 703 691 28 655 645 39 702 690 29 704 692 28 655 645 39 703 691 28 707 695 67 706 694 67 705 693 67 708 696 67 706 694 67 707 695 67 709 697 67 708 696 67 707 695 67 710 698 67 708 696 67 709 697 67 711 699 67 710 698 67 709 697 67 712 700 67 710 698 67 711 699 67 715 703 70 714 702 69 713 701 68 716 704 71 714 702 69 715 703 70 717 705 72 716 704 71 715 703 70 718 706 71 716 704 71 717 705 72 719 707 73 718 706 71 717 705 72 720 708 74 718 706 71 719 707 73 723 711 19 722 710 75 721 709 19 724 712 76 722 710 75 723 711 19 725 713 19 724 712 76 723 711 19 726 714 77 724 712 76 725 713 19 727 715 19 726 714 77 725 713 19 728 716 19 726 714 77 727 715 19 731 717 19 730 671 36 729 684 45 487 487 19 730 671 36 731 717 19 732 718 19 487 487 19 731 717 19 489 489 19 487 487 19 732 718 19 450 451 38 489 489 19 732 718 19 452 453 38 489 489 19 450 451 38 514 514 31 434 436 38 436 438 29 733 719 19 434 436 38 514 514 31 515 515 19 733 719 19 514 514 31 734 720 19 733 719 19 515 515 19 516 516 19 734 720 19 515 515 19 517 517 43 734 720 19 516 516 19 683 672 2 736 684 33 735 671 43 697 685 2 736 684 33 683 672 2 685 674 28 697 685 2 683 672 2 699 687 28 697 685 2 685 674 28 687 676 28 699 687 28 685 674 28 700 688 28 699 687 28 687 676 28 739 723 70 738 722 69 737 721 68 740 724 71 738 722 69 739 723 70 741 725 72 740 724 71 739 723 70 742 726 78 740 724 71 741 725 72 743 727 73 742 726 78 741 725 72 744 728 74 742 726 78 743 727 73 745 729 31 539 539 19 541 541 38 746 730 19 539 539 19 745 729 31 747 731 19 746 730 19 745 729 31 645 636 19 746 730 19 747 731 19 494 494 19 645 636 19 747 731 19 493 493 19 645 636 19 494 494 19 750 734 28 749 733 28 748 732 28 751 735 2 749 733 28 750 734 28 752 736 2 751 735 2 750 734 28 753 737 33 751 735 2 752 736 2 754 492 42 753 737 33 752 736 2 405 407 19 753 737 33 754 492 42 757 739 19 756 738 36 755 680 40 734 720 19 756 738 36 757 739 19 758 740 19 734 720 19 757 739 19 733 719 19 734 720 19 758 740 19 432 434 31 733 719 19 758 740 19 434 436 38 733 719 19 432 434 31 761 741 2 760 680 33 759 738 33 693 681 2 760 680 33 761 741 2 762 742 28 693 681 2 761 741 2 695 683 28 693 681 2 762 742 28 763 743 28 695 683 28 762 742 28 609 609 28 695 683 28 763 743 28 766 746 70 765 745 69 764 744 68 767 747 71 765 745 69 766 746 70 768 748 72 767 747 71 766 746 70 769 749 71 767 747 71 768 748 72 770 750 73 769 749 71 768 748 72 771 751 74 769 749 71 770 750 73 752 736 2 773 491 43 772 492 43 774 752 2 773 491 43 752 736 2 750 734 28 774 752 2 752 736 2 775 753 28 774 752 2 750 734 28 748 732 28 775 753 28 750 734 28 776 754 28 775 753 28 748 732 28 779 757 19 778 756 79 777 755 19 780 758 80 778 756 79 779 757 19 781 759 19 780 758 80 779 757 19 782 760 81 780 758 80 781 759 19 783 761 19 782 760 81 781 759 19 784 762 19 782 760 81 783 761 19 379 381 2 786 459 82 785 677 33 457 458 2 786 459 82 379 381 2 381 383 28 457 458 2 379 381 2 459 460 2 457 458 2 381 383 28 787 763 28 459 460 2 381 383 28 520 520 28 459 460 2 787 763 28 790 766 70 789 765 69 788 764 68 791 767 71 789 765 69 790 766 70 792 768 72 791 767 71 790 766 70 793 769 71 791 767 71 792 768 72 794 770 73 793 769 71 792 768 72 795 771 74 793 769 71 794 770 73 395 397 2 797 425 43 796 426 33 479 480 2 797 425 43 395 397 2 397 399 28 479 480 2 395 397 2 481 481 2 479 480 2 397 399 28 399 401 28 481 481 2 397 399 28 401 772 28 481 481 2 399 401 28 800 775 2 799 774 33 798 773 43 678 668 2 799 774 33 800 775 2 801 776 28 678 668 2 800 775 2 677 667 28 678 668 2 801 776 28 802 777 28 677 667 28 801 776 28 803 778 28 677 667 28 802 777 28 545 545 29 541 541 38 543 543 30 745 729 31 541 541 38 545 545 29 804 779 31 745 729 31 545 545 29 747 731 19 745 729 31 804 779 31 495 495 41 747 731 19 804 779 31 494 494 19 747 731 19 495 495 41 542 542 44 805 780 28 544 544 28 603 603 28 805 780 28 542 542 44 806 781 29 603 603 28 542 542 44 605 605 29 603 603 28 806 781 29 557 556 31 605 605 29 806 781 29 555 554 31 605 605 29 557 556 31 809 784 70 808 783 69 807 782 68 810 785 71 808 783 69 809 784 70 811 786 72 810 785 71 809 784 70 812 787 71 810 785 71 811 786 72 813 788 73 812 787 71 811 786 72 814 789 74 812 787 71 813 788 73 817 792 77 816 791 19 815 790 19 587 587 19 816 791 19 817 792 77 818 793 28 587 587 19 817 792 77 589 589 48 587 587 19 818 793 28 819 794 28 589 589 48 818 793 28 820 795 28 589 589 48 819 794 28 823 798 77 822 797 19 821 796 19 635 626 19 822 797 19 823 798 77 824 799 28 635 626 19 823 798 77 637 628 55 635 626 19 824 799 28 825 800 28 637 628 55 824 799 28 826 801 28 637 628 55 825 800 28 827 802 28 415 417 28 417 419 28 828 803 28 415 417 28 827 802 28 829 804 28 828 803 28 827 802 28 830 805 28 828 803 28 829 804 28 831 806 28 830 805 28 829 804 28 832 807 28 830 805 28 831 806 28 592 592 19 833 808 19 590 590 19 834 809 19 833 808 19 592 592 19 594 594 19 834 809 19 592 592 19 835 810 19 834 809 19 594 594 19 596 596 19 835 810 19 594 594 19 472 473 19 586 586 19 471 472 19 584 584 31 586 586 19 472 473 19 473 474 31 584 584 31 472 473 19 476 477 30 584 584 31 473 474 31 474 475 29 476 477 30 473 474 31 651 641 2 535 535 34 649 639 33 836 811 33 535 535 34 651 641 2 837 812 2 836 811 33 651 641 2 838 773 33 836 811 33 837 812 2 800 775 2 838 773 33 837 812 2 368 370 19 529 529 19 370 372 19 527 527 31 529 529 19 368 370 19 366 368 31 527 527 31 368 370 19 362 364 29 527 527 31 366 368 31 364 366 30 362 364 29 366 368 31 780 758 80 839 813 28 778 756 79 840 814 28 839 813 28 780 758 80 782 760 81 840 814 28 780 758 80 841 815 28 840 814 28 782 760 81 659 649 28 841 815 28 782 760 81 528 528 19 551 550 19 530 530 19 608 608 31 551 550 19 528 528 19 526 526 31 608 608 31 528 528 19 524 524 44 608 608 31 526 526 31 525 525 29 524 524 44 526 526 31 844 818 19 843 817 55 842 816 19 845 819 28 843 817 55 844 818 19 846 820 19 845 819 28 844 818 19 847 821 28 845 819 28 846 820 19 848 822 28 847 821 28 846 820 19 564 563 19 444 445 19 446 447 19 849 823 82 444 445 19 564 563 19 566 565 33 849 823 82 564 563 19 569 569 2 849 823 82 566 565 33 568 567 2 569 569 2 566 565 33 674 664 57 850 824 19 676 666 19 851 825 19 850 824 19 674 664 57 672 662 64 851 825 19 674 664 57 852 826 19 851 825 19 672 662 64 670 660 63 852 826 19 672 662 64 387 389 19 428 430 19 385 387 19 853 827 34 428 430 19 387 389 19 389 391 33 853 827 34 387 389 19 393 395 2 853 827 34 389 391 33 391 393 2 393 395 2 389 391 33 665 655 48 854 828 19 667 657 19 855 829 83 854 828 19 665 655 48 663 653 61 855 829 83 665 655 48 856 830 19 855 829 83 663 653 61 661 651 60 856 830 19 663 653 61 774 752 2 648 638 2 646 491 35 857 831 28 648 638 2 774 752 2 775 753 28 857 831 28 774 752 2 858 832 28 857 831 28 775 753 28 776 754 28 858 832 28 775 753 28 281 283 19 859 833 19 359 361 19 860 834 19 859 833 19 281 283 19 283 285 19 860 834 19 281 283 19 861 835 19 860 834 19 283 285 19 862 836 19 861 835 19 283 285 19 724 712 76 863 837 28 722 710 75 864 838 28 863 837 28 724 712 76 726 714 77 864 838 28 724 712 76 865 839 28 864 838 28 726 714 77 866 840 28 865 839 28 726 714 77 505 505 19 427 429 19 425 427 19 597 597 38 427 429 19 505 505 19 507 507 31 597 597 38 505 505 19 511 511 29 597 597 38 507 507 31 509 509 29 511 511 29 507 507 31 867 843 84 191 842 2 192 841 2 868 844 85 191 842 2 867 843 84 869 205 86 868 844 85 867 843 84 870 207 86 868 844 85 869 205 86 871 846 84 192 841 2 193 845 2 867 843 84 192 841 2 871 846 84 872 203 86 867 843 84 871 846 84 869 205 86 867 843 84 872 203 86 873 848 84 193 845 2 194 847 2 871 846 84 193 845 2 873 848 84 874 201 86 871 846 84 873 848 84 872 203 86 871 846 84 874 201 86 600 600 29 431 433 31 430 432 31 875 849 29 431 433 31 600 600 29 602 602 28 875 849 29 600 600 29 433 435 29 875 849 29 602 602 28 878 852 67 877 851 67 876 850 67 879 853 67 877 851 67 878 852 67 880 854 67 879 853 67 878 852 67 881 855 67 879 853 67 880 854 67 758 740 19 384 386 19 432 434 31 386 388 19 384 386 19 758 740 19 757 739 19 386 388 19 758 740 19 692 680 42 386 388 19 757 739 19 517 517 43 882 738 42 734 720 19 761 741 2 882 738 42 517 517 43 519 519 2 761 741 2 517 517 43 521 521 28 761 741 2 519 519 2 732 718 19 448 449 19 450 451 38 563 562 19 448 449 19 732 718 19 731 717 19 563 562 19 732 718 19 696 684 34 563 562 19 731 717 19 751 735 2 830 856 28 749 733 28 883 857 2 830 856 28 751 735 2 753 737 33 883 857 2 751 735 2 409 411 33 883 857 2 753 737 33 371 373 19 691 679 19 369 371 19 884 858 33 691 679 19 371 373 19 373 375 33 884 858 33 371 373 19 375 377 2 884 858 33 373 375 33 804 779 31 497 497 29 495 495 41 885 859 29 497 497 29 804 779 31 545 545 29 885 859 29 804 779 31 547 547 28 885 859 29 545 545 29 653 643 28 837 812 2 651 641 2 886 860 28 837 812 2 653 643 28 887 861 28 886 860 28 653 643 28 888 862 28 886 860 28 887 861 28 746 730 19 537 537 19 539 539 19 889 863 19 537 537 19 746 730 19 645 636 19 889 863 19 746 730 19 647 637 35 889 863 19 645 636 19 890 866 85 178 865 2 179 864 2 891 867 85 178 865 2 890 866 85 892 231 87 891 867 85 890 866 85 893 233 86 891 867 85 892 231 87 894 870 85 185 869 2 186 868 2 895 871 85 185 869 2 894 870 85 896 217 86 895 871 85 894 870 85 897 219 86 895 871 85 896 217 86 895 871 85 184 872 2 185 869 2 898 873 85 184 872 2 895 871 85 897 219 86 898 873 85 895 871 85 899 221 86 898 873 85 897 219 86 898 873 85 183 874 2 184 872 2 900 875 84 183 874 2 898 873 85 899 221 86 900 875 84 898 873 85 901 223 86 900 875 84 899 221 86 900 875 84 182 876 2 183 874 2 902 877 84 182 876 2 900 875 84 901 223 86 902 877 84 900 875 84 903 225 86 902 877 84 901 223 86 902 877 84 181 878 2 182 876 2 904 879 85 181 878 2 902 877 84 903 225 86 904 879 85 902 877 84 905 227 86 904 879 85 903 225 86 904 879 85 180 880 2 181 878 2 906 881 85 180 880 2 904 879 85 905 227 86 906 881 85 904 879 85 907 229 86 906 881 85 905 227 86 906 881 85 179 864 2 180 880 2 890 866 85 179 864 2 906 881 85 907 229 86 890 866 85 906 881 85 892 231 87 890 866 85 907 229 86 891 867 85 177 882 2 178 865 2 908 883 85 177 882 2 891 867 85 893 233 86 908 883 85 891 867 85 909 235 86 908 883 85 893 233 86 908 883 85 176 884 2 177 882 2 910 885 85 176 884 2 908 883 85 909 235 86 910 885 85 908 883 85 911 237 87 910 885 85 909 235 86 910 885 85 175 886 2 176 884 2 912 887 88 175 886 2 910 885 85 911 237 87 912 887 88 910 885 85 913 239 89 912 887 88 911 237 87 912 887 88 174 888 2 175 886 2 914 889 85 174 888 2 912 887 88 913 239 89 914 889 85 912 887 88 915 241 89 914 889 85 913 239 89 914 889 85 173 890 2 174 888 2 916 891 85 173 890 2 914 889 85 915 241 89 916 891 85 914 889 85 917 243 87 916 891 85 915 241 89 916 891 85 172 892 2 173 890 2 918 893 85 172 892 2 916 891 85 917 243 87 918 893 85 916 891 85 919 245 89 918 893 85 917 243 87 918 893 85 171 894 2 172 892 2 920 895 85 171 894 2 918 893 85 919 245 89 920 895 85 918 893 85 921 247 86 920 895 85 919 245 89 920 895 85 170 896 2 171 894 2 922 897 85 170 896 2 920 895 85 921 247 86 922 897 85 920 895 85 923 249 87 922 897 85 921 247 86 922 897 85 169 898 2 170 896 2 924 899 85 169 898 2 922 897 85 923 249 87 924 899 85 922 897 85 925 251 87 924 899 85 923 249 87 924 899 85 168 900 2 169 898 2 926 901 84 168 900 2 924 899 85 925 251 87 926 901 84 924 899 85 927 253 86 926 901 84 925 251 87 926 901 84 167 902 2 168 900 2 928 903 84 167 902 2 926 901 84 927 253 86 928 903 84 926 901 84 929 255 86 928 903 84 927 253 86 928 903 84 166 904 2 167 902 2 930 905 85 166 904 2 928 903 84 929 255 86 930 905 85 928 903 84 931 257 86 930 905 85 929 255 86 930 905 85 165 906 2 166 904 2 932 907 88 165 906 2 930 905 85 931 257 86 932 907 88 930 905 85 933 259 87 932 907 88 931 257 86 932 907 88 164 908 2 165 906 2 934 909 85 164 908 2 932 907 88 933 259 87 934 909 85 932 907 88 935 261 90 934 909 85 933 259 87 934 909 85 163 910 2 164 908 2 936 911 84 163 910 2 934 909 85 935 261 90 936 911 84 934 909 85 937 263 86 936 911 84 935 261 90 936 911 84 162 912 2 163 910 2 938 913 84 162 912 2 936 911 84 937 263 86 938 913 84 936 911 84 939 265 86 938 913 84 937 263 86 938 913 84 161 914 2 162 912 2 940 915 85 161 914 2 938 913 84 939 265 86 940 915 85 938 913 84 941 267 86 940 915 85 939 265 86 940 915 85 160 916 2 161 914 2 942 917 85 160 916 2 940 915 85 941 267 86 942 917 85 940 915 85 943 269 86 942 917 85 941 267 86 942 917 85 199 918 2 160 916 2 944 919 85 199 918 2 942 917 85 943 269 86 944 919 85 942 917 85 945 271 86 944 919 85 943 269 86 944 919 85 198 920 2 199 918 2 946 921 85 198 920 2 944 919 85 945 271 86 946 921 85 944 919 85 947 273 86 946 921 85 945 271 86 946 921 85 197 922 2 198 920 2 948 923 85 197 922 2 946 921 85 947 273 86 948 923 85 946 921 85 949 275 86 948 923 85 947 273 86 948 923 85 196 924 2 197 922 2 950 925 84 196 924 2 948 923 85 949 275 86 950 925 84 948 923 85 951 277 86 950 925 84 949 275 86 950 925 84 195 926 2 196 924 2 952 927 85 195 926 2 950 925 84 951 277 86 952 927 85 950 925 84 953 279 86 952 927 85 951 277 86 952 927 85 194 928 2 195 926 2 873 929 84 194 928 2 952 927 85 953 279 86 873 929 84 952 927 85 874 281 86 873 929 84 953 279 86 956 932 19 955 931 19 954 930 19 957 933 19 955 931 19 956 932 19 958 934 91 957 933 19 956 932 19 959 935 91 957 933 19 958 934 91 960 936 28 593 593 50 591 591 49 961 937 77 593 593 50 960 936 28 962 938 28 961 937 77 960 936 28 866 840 28 961 937 77 962 938 28 815 940 19 778 756 79 817 939 77 777 755 19 778 756 79 815 940 19 963 941 19 777 755 19 815 940 19 964 942 19 777 755 19 963 941 19 967 945 19 966 944 19 965 943 19 968 946 19 966 944 19 967 945 19 969 947 91 968 946 19 967 945 19 970 948 91 968 946 19 969 947 91 971 949 19 777 755 19 964 942 19 779 757 19 777 755 19 971 949 19 972 950 19 779 757 19 971 949 19 781 759 19 779 757 19 972 950 19 784 762 19 659 649 28 782 760 81 661 651 60 659 649 28 784 762 19 973 951 19 661 651 60 784 762 19 856 830 19 661 651 60 973 951 19 976 954 19 975 953 19 974 952 19 977 955 19 975 953 19 976 954 19 978 956 91 977 955 19 976 954 19 979 957 91 977 955 19 978 956 91 981 959 19 668 658 28 980 958 55 670 660 63 668 658 28 981 959 19 982 960 19 670 660 63 981 959 19 852 826 19 670 660 63 982 960 19 985 963 19 984 962 19 983 961 19 986 964 19 984 962 19 985 963 19 987 965 91 986 964 19 985 963 19 988 966 91 986 964 19 987 965 91 673 663 65 989 967 28 671 661 28 843 817 55 989 967 28 673 663 65 675 665 19 843 817 55 673 663 65 842 816 19 843 817 55 675 665 19 992 970 19 991 969 19 990 968 19 993 971 19 991 969 19 992 970 19 994 972 91 993 971 19 992 970 19 995 973 91 993 971 19 994 972 91 996 974 28 641 632 58 639 630 56 997 975 92 641 632 58 996 974 28 998 976 28 997 975 92 996 974 28 999 977 28 997 975 92 998 976 28 999 977 28 1000 978 19 997 975 92 1001 979 93 1000 978 19 999 977 28 1002 980 28 1001 979 93 999 977 28 1003 981 28 1001 979 93 1002 980 28 821 983 19 722 710 75 823 982 77 721 709 19 722 710 75 821 983 19 1004 984 19 721 709 19 821 983 19 1005 985 19 721 709 19 1004 984 19 1008 988 19 1007 987 19 1006 986 19 1009 989 19 1007 987 19 1008 988 19 1010 990 91 1009 989 19 1008 988 19 1011 991 91 1009 989 19 1010 990 91 1012 992 19 721 709 19 1005 985 19 723 711 19 721 709 19 1012 992 19 1013 993 19 723 711 19 1012 992 19 725 713 19 723 711 19 1013 993 19 728 716 19 866 840 28 726 714 77 961 937 77 866 840 28 728 716 19 1014 994 19 961 937 77 728 716 19 595 595 19 961 937 77 1014 994 19 1015 997 94 711 996 67 709 995 67 1016 998 95 711 996 67 1015 997 94 1017 999 96 1016 998 95 1015 997 94 1018 1000 97 1016 998 95 1017 999 96 1021 1003 98 1020 1002 67 1019 1001 67 1022 1004 99 1020 1002 67 1021 1003 98 1023 1005 100 1022 1004 99 1021 1003 98 1024 1006 101 1022 1004 99 1023 1005 100 1016 1009 95 712 1008 67 711 1007 67 1025 1010 102 712 1008 67 1016 1009 95 1018 1011 97 1025 1010 102 1016 1009 95 1026 1012 103 1025 1010 102 1018 1011 97 1025 1010 102 1019 1013 67 712 1008 67 1021 1014 98 1019 1013 67 1025 1010 102 1026 1012 103 1021 1014 98 1025 1010 102 1023 1015 100 1021 1014 98 1026 1012 103 1027 1018 104 707 1017 67 705 1016 67 1028 1019 105 707 1017 67 1027 1018 104 1029 1020 106 1028 1019 105 1027 1018 104 1030 1021 107 1028 1019 105 1029 1020 106 1031 1023 67 710 698 67 1020 1022 67 708 696 67 710 698 67 1031 1023 67 1032 1024 67 708 696 67 1031 1023 67 706 694 67 708 696 67 1032 1024 67 1035 1027 19 1034 1026 19 1033 1025 19 1036 1028 19 1034 1026 19 1035 1027 19 1037 1029 19 1036 1028 19 1035 1027 19 1038 1030 19 1036 1028 19 1037 1029 19 1041 1033 19 1040 1032 19 1039 1031 19 1042 1034 19 1040 1032 19 1041 1033 19 1043 1035 19 1042 1034 19 1041 1033 19 1044 1036 19 1042 1034 19 1043 1035 19 1047 1039 19 1046 1038 19 1045 1037 19 1048 1040 19 1046 1038 19 1047 1039 19 1049 1025 19 1048 1040 19 1047 1039 19 1050 1026 19 1048 1040 19 1049 1025 19 1053 1027 19 1052 1026 19 1051 1025 19 1054 1028 19 1052 1026 19 1053 1027 19 1055 1029 19 1054 1028 19 1053 1027 19 1056 1030 19 1054 1028 19 1055 1029 19 1059 1039 19 1058 1038 19 1057 1037 19 1060 1040 19 1058 1038 19 1059 1039 19 1061 1025 19 1060 1040 19 1059 1039 19 1062 1026 19 1060 1040 19 1061 1025 19 1065 1033 19 1064 1032 19 1063 1031 19 1066 1034 19 1064 1032 19 1065 1033 19 1067 1035 19 1066 1034 19 1065 1033 19 1068 1036 19 1066 1034 19 1067 1035 19 1071 1041 19 1070 1036 19 1069 1035 19 1072 1042 19 1070 1036 19 1071 1041 19 1073 1043 19 1072 1042 19 1071 1041 19 1074 1044 19 1072 1042 19 1073 1043 19 1077 1041 19 1076 1036 19 1075 1035 19 1078 1042 19 1076 1036 19 1077 1041 19 1079 1043 19 1078 1042 19 1077 1041 19 1080 1044 19 1078 1042 19 1079 1043 19 799 774 33 1082 1045 19 1081 773 37 1083 1046 33 1082 1045 19 799 774 33 678 668 2 1083 1046 33 799 774 33 679 669 2 1083 1046 33 678 668 2 1085 356 53 1084 1047 28 803 778 28 1086 1048 28 1084 1047 28 1085 356 53 1087 354 54 1086 1048 28 1085 356 53 1088 352 52 1086 1048 28 1087 354 54 776 754 28 1090 290 54 1089 288 53 1091 292 53 1090 290 54 776 754 28 748 732 28 1091 292 53 776 754 28 832 807 28 1091 292 53 748 732 28 1088 352 52 1092 1049 28 1086 1048 28 619 614 28 1092 1049 28 1088 352 52 1093 350 53 619 614 28 1088 352 52 621 348 53 619 614 28 1093 350 53 832 807 28 1094 294 53 1091 292 53 1095 296 53 1094 294 53 832 807 28 831 806 28 1095 296 53 832 807 28 829 804 28 1095 296 53 831 806 28 829 804 28 1096 298 53 1095 296 53 1097 300 53 1096 298 53 829 804 28 827 802 28 1097 300 53 829 804 28 1098 1050 28 1097 300 53 827 802 28 1098 1050 28 1099 302 53 1097 300 53 1100 304 53 1099 302 53 1098 1050 28 419 421 28 1100 304 53 1098 1050 28 421 423 28 1100 304 53 419 421 28 626 340 25 383 385 28 382 384 28 1101 1051 28 383 385 28 626 340 25 1102 338 25 1101 1051 28 626 340 25 1103 336 27 1101 1051 28 1102 338 25 421 423 28 1104 306 53 1100 304 53 1105 308 53 1104 306 53 421 423 28 422 424 28 1105 308 53 421 423 28 700 688 28 1105 308 53 422 424 28 1103 336 27 1106 1052 28 1101 1051 28 1107 1053 28 1106 1052 28 1103 336 27 1108 334 25 1107 1053 28 1103 336 27 1109 332 108 1107 1053 28 1108 334 25 700 688 28 1110 310 109 1105 308 53 1111 312 53 1110 310 109 700 688 28 687 676 28 1111 312 53 700 688 28 403 405 28 1111 312 53 687 676 28 1109 332 108 763 743 28 1107 1053 28 609 609 28 763 743 28 1109 332 108 1112 330 53 609 609 28 1109 332 108 611 328 52 609 609 28 1112 330 53 403 405 28 1113 314 52 1111 312 53 1114 316 53 1113 314 52 403 405 28 402 404 28 1114 316 53 403 405 28 400 402 28 1114 316 53 402 404 28 400 402 28 1115 318 53 1114 316 53 618 320 52 1115 318 53 400 402 28 398 400 28 618 320 52 400 402 28 616 613 28 618 320 52 398 400 28 1116 1054 29 571 571 38 500 500 29 701 689 66 571 571 38 1116 1054 29 502 502 28 701 689 66 1116 1054 29 1117 1055 28 701 689 66 502 502 28 1118 1057 84 186 868 2 187 1056 2 894 870 85 186 868 2 1118 1057 84 1119 215 86 894 870 85 1118 1057 84 896 217 86 894 870 85 1119 215 86 1120 1059 84 187 1056 2 188 1058 2 1118 1057 84 187 1056 2 1120 1059 84 1121 213 86 1118 1057 84 1120 1059 84 1119 215 86 1118 1057 84 1121 213 86 1122 1061 85 188 1058 2 189 1060 2 1120 1059 84 188 1058 2 1122 1061 85 1123 211 86 1120 1059 84 1122 1061 85 1121 213 86 1120 1059 84 1123 211 86 1124 1062 19 353 355 19 355 357 19 351 353 19 353 355 19 1124 1062 19 1125 1063 19 351 353 19 1124 1062 19 1126 1064 19 351 353 19 1125 1063 19 287 289 19 1127 1065 19 862 836 19 1128 1066 19 1127 1065 19 287 289 19 289 291 19 1128 1066 19 287 289 19 291 293 19 1128 1066 19 289 291 19 1126 1064 19 349 351 19 351 353 19 347 349 19 349 351 19 1126 1064 19 1129 1067 19 347 349 19 1126 1064 19 1130 1068 19 347 349 19 1129 1067 19 291 293 19 1131 1069 19 1128 1066 19 1132 1070 19 1131 1069 19 291 293 19 293 295 19 1132 1070 19 291 293 19 295 297 19 1132 1070 19 293 295 19 1130 1068 19 345 347 19 347 349 19 343 345 19 345 347 19 1130 1068 19 1133 1071 19 343 345 19 1130 1068 19 1134 1072 19 343 345 19 1133 1071 19 295 297 19 1135 1073 19 1132 1070 19 1136 1074 19 1135 1073 19 295 297 19 297 299 19 1136 1074 19 295 297 19 299 301 19 1136 1074 19 297 299 19 1134 1072 19 341 343 19 343 345 19 339 341 19 341 343 19 1134 1072 19 1137 1075 19 339 341 19 1134 1072 19 1138 1076 19 339 341 19 1137 1075 19 299 301 19 1139 1077 19 1136 1074 19 1140 1078 19 1139 1077 19 299 301 19 301 303 19 1140 1078 19 299 301 19 303 305 19 1140 1078 19 301 303 19 1138 1076 19 337 339 19 339 341 19 335 337 19 337 339 19 1138 1076 19 1141 1079 19 335 337 19 1138 1076 19 1142 1080 19 335 337 19 1141 1079 19 303 305 19 1143 1081 19 1140 1078 19 1144 1082 19 1143 1081 19 303 305 19 305 307 19 1144 1082 19 303 305 19 307 309 19 1144 1082 19 305 307 19 1142 1080 19 333 335 19 335 337 19 331 333 19 333 335 19 1142 1080 19 1145 1083 19 331 333 19 1142 1080 19 1146 1084 19 331 333 19 1145 1083 19 307 309 19 1147 1085 19 1144 1082 19 1148 1086 19 1147 1085 19 307 309 19 309 311 19 1148 1086 19 307 309 19 311 313 19 1148 1086 19 309 311 19 1146 1084 19 329 331 19 331 333 19 327 329 19 329 331 19 1146 1084 19 1149 1087 19 327 329 19 1146 1084 19 1150 1088 19 327 329 19 1149 1087 19 311 313 19 1151 1089 19 1148 1086 19 1152 1090 19 1151 1089 19 311 313 19 313 315 19 1152 1090 19 311 313 19 315 317 19 1152 1090 19 313 315 19 1150 1088 19 325 327 19 327 329 19 323 325 19 325 327 19 1150 1088 19 1153 1091 19 323 325 19 1150 1088 19 1154 1092 19 323 325 19 1153 1091 19 315 317 19 1155 1093 19 1152 1090 19 1156 1094 19 1155 1093 19 315 317 19 317 319 19 1156 1094 19 315 317 19 319 321 19 1156 1094 19 317 319 19 1154 1092 19 321 323 19 323 325 19 319 321 19 321 323 19 1154 1092 19 1157 1095 19 319 321 19 1154 1092 19 1156 1094 19 319 321 19 1157 1095 19 1158 1097 85 189 1060 2 190 1096 2 1122 1061 85 189 1060 2 1158 1097 85 1159 209 86 1122 1061 85 1158 1097 85 1123 211 86 1122 1061 85 1159 209 86 868 844 85 190 1096 2 191 842 2 1158 1097 85 190 1096 2 868 844 85 870 207 86 1158 1097 85 868 844 85 1159 209 86 1158 1097 85 870 207 86 1162 1100 112 1161 1099 111 1160 1098 110 1163 1101 113 1161 1099 111 1162 1100 112 1164 1102 114 1163 1101 113 1162 1100 112 807 782 68 1166 1104 116 1165 1103 115 1167 1105 117 1166 1104 116 807 782 68 808 783 69 1167 1105 117 807 782 68 1168 1106 19 538 538 19 536 536 19 556 555 19 538 538 19 1168 1106 19 554 553 19 556 555 19 1168 1106 19 1082 1045 19 1168 1106 19 1081 773 37 554 553 19 1168 1106 19 1082 1045 19 552 551 19 554 553 19 1082 1045 19 1083 1046 33 552 551 19 1082 1045 19 550 549 19 552 551 19 1083 1046 33 549 548 43 550 549 19 1083 1046 33 1170 360 52 888 862 28 1169 282 53 802 777 28 888 862 28 1170 360 52 803 778 28 802 777 28 1170 360 52 1172 1107 28 1171 284 53 887 861 28 1173 286 109 1171 284 53 1172 1107 28 1089 288 53 1173 286 109 1172 1107 28 624 617 28 376 1108 28 622 616 28 378 380 28 376 1108 28 624 617 28 380 382 28 378 380 28 624 617 28 764 744 68 1175 1110 116 1174 1109 115 1176 1111 117 1175 1110 116 764 744 68 765 745 69 1176 1111 117 764 744 68 413 415 2 830 856 28 883 857 2 828 803 28 830 856 28 413 415 2 415 417 28 828 803 28 413 415 2 853 827 34 426 428 19 428 430 19 1177 426 42 426 428 19 853 827 34 395 397 2 1177 426 42 853 827 34 771 751 74 1178 1112 71 769 749 71 1179 1113 111 1178 1112 71 771 751 74 1180 1114 110 1179 1113 111 771 751 74 1181 1117 112 1179 1116 111 1180 1115 110 1182 1118 113 1179 1116 111 1181 1117 112 1183 1119 114 1182 1118 113 1181 1117 112 814 789 74 1184 1120 71 812 787 71 1185 1121 111 1184 1120 71 814 789 74 1186 1122 110 1185 1121 111 814 789 74 1187 1125 112 1185 1124 111 1186 1123 110 1188 1126 113 1185 1124 111 1187 1125 112 1189 1127 114 1188 1126 113 1187 1125 112 997 975 92 643 634 19 641 632 58 1190 1128 19 643 634 19 997 975 92 1000 978 19 1190 1128 19 997 975 92 1193 1131 112 1192 1130 111 1191 1129 110 1194 1132 113 1192 1130 111 1193 1131 112 1195 1133 114 1194 1132 113 1193 1131 112 823 798 77 1196 1134 28 824 799 28 863 1135 28 1196 1134 28 823 798 77 722 1136 75 863 1135 28 823 798 77 889 863 19 535 535 34 537 537 19 649 639 33 535 535 34 889 863 19 647 637 35 649 639 33 889 863 19 433 435 29 437 439 28 435 437 39 1197 1137 28 437 439 28 433 435 29 602 602 28 1197 1137 28 433 435 29 737 721 68 1199 1139 118 1198 1138 115 1200 1140 119 1199 1139 118 737 721 68 738 722 69 1200 1140 119 737 721 68 849 823 82 442 443 19 444 445 19 1201 441 35 442 443 19 849 823 82 416 418 2 1201 441 35 849 823 82 598 598 31 430 432 31 429 431 19 600 600 29 430 432 31 598 598 31 599 599 29 600 600 29 598 598 31 744 728 74 1202 1141 69 742 726 78 1203 1142 120 1202 1141 69 744 728 74 1204 1143 110 1203 1142 120 744 728 74 614 612 28 392 1144 28 612 611 28 394 396 28 392 1144 28 614 612 28 396 398 28 394 396 28 614 612 28 1205 1147 112 1203 1146 120 1204 1145 110 1206 1148 121 1203 1146 120 1205 1147 112 1207 1149 90 1206 1148 121 1205 1147 112 713 701 68 1209 1151 116 1208 1150 115 1210 1152 117 1209 1151 116 713 701 68 714 702 69 1210 1152 117 713 701 68 607 607 38 555 554 31 553 552 19 605 605 29 555 554 31 607 607 38 606 606 51 605 605 29 607 607 38 1211 1153 19 359 361 19 859 833 19 357 359 19 359 361 19 1211 1153 19 355 357 19 357 359 19 1211 1153 19 521 521 28 762 742 28 761 741 2 763 743 28 762 742 28 521 521 28 1107 1053 28 763 743 28 521 521 28 483 483 2 684 673 2 485 485 43 401 772 28 684 673 2 483 483 2 481 481 2 401 772 28 483 483 2 1086 1048 28 627 1154 28 1084 1047 28 629 620 28 627 1154 28 1086 1048 28 631 622 28 629 620 28 1086 1048 28 640 631 57 1212 1155 19 638 629 19 1213 1156 19 1212 1155 19 640 631 57 642 633 59 1213 1156 19 640 631 57 1092 1049 28 631 622 28 1086 1048 28 633 624 28 631 622 28 1092 1049 28 619 614 28 633 624 28 1092 1049 28 374 376 2 634 625 28 376 378 28 632 623 2 634 625 28 374 376 2 1214 533 34 632 623 2 374 376 2 788 764 68 1216 1158 116 1215 1157 115 1217 1159 117 1216 1158 116 788 764 68 789 765 69 1217 1159 117 788 764 68 451 452 30 455 456 28 453 454 29 1218 1160 28 455 456 28 451 452 30 580 580 28 1218 1160 28 451 452 30 370 372 19 533 533 35 372 374 33 531 531 19 533 533 35 370 372 19 529 529 19 531 531 19 370 372 19 1221 1163 28 1220 1162 122 1219 1161 28 1222 1164 123 1220 1162 122 1221 1163 28 1223 1165 59 1222 1164 123 1221 1163 28 1226 1168 93 1225 1167 28 1224 1166 124 1003 981 28 1225 1167 28 1226 1168 93 1001 979 93 1003 981 28 1226 1168 93 879 853 67 1227 1169 67 877 851 67 1228 1170 67 1227 1169 67 879 853 67 1229 1171 67 1228 1170 67 879 853 67 795 771 74 1230 1172 71 793 769 71 1231 1173 111 1230 1172 71 795 771 74 1232 1174 110 1231 1173 111 795 771 74 1233 1177 112 1231 1176 111 1232 1175 110 1234 1178 113 1231 1176 111 1233 1177 112 1235 1179 114 1234 1178 113 1233 1177 112 817 792 77 1236 1180 28 818 793 28 839 1181 28 1236 1180 28 817 792 77 778 1182 79 839 1181 28 817 792 77 980 958 55 1237 1184 28 664 1183 62 1238 1185 28 1237 1184 28 980 958 55 668 658 28 1238 1185 28 980 958 55 720 708 74 1239 1186 71 718 706 71 1192 1187 111 1239 1186 71 720 708 74 1191 1188 110 1192 1187 111 720 708 74 884 858 33 690 678 19 691 679 19 1240 677 42 690 678 19 884 858 33 379 381 2 1240 677 42 884 858 33 583 583 47 367 369 32 585 585 19 365 367 29 367 369 32 583 583 47 582 582 29 365 367 29 583 583 47 1241 1191 125 1032 1190 67 1031 1189 67 1242 1192 126 1032 1190 67 1241 1191 125 1243 1193 106 1242 1192 126 1241 1191 125 1246 1196 127 1245 1195 128 1244 1194 127 1247 1197 19 1245 1195 128 1246 1196 127 1247 1197 19 1249 1198 129 1248 1195 129 1250 1199 19 1249 1198 129 1247 1197 19 1250 1199 19 1252 1200 130 1251 1198 130 1253 1201 131 1252 1200 130 1250 1199 19 1256 1201 132 1255 1194 133 1254 1200 132 1257 1196 133 1255 1194 133 1256 1201 132 1260 1204 19 1259 1203 134 1258 1202 134 1261 1205 19 1259 1203 134 1260 1204 19 1264 1208 19 1263 1207 134 1262 1206 134 1265 1209 19 1263 1207 134 1264 1208 19 1268 1212 19 1267 1211 135 1266 1210 134 1269 1213 19 1267 1211 135 1268 1212 19 1272 1216 19 1271 1215 136 1270 1214 135 1273 1217 19 1271 1215 136 1272 1216 19 1276 1220 19 1275 1219 135 1274 1218 136 1277 1221 19 1275 1219 135 1276 1220 19 1280 1224 19 1279 1223 134 1278 1222 135 1281 1225 19 1279 1223 134 1280 1224 19 1284 1228 19 1283 1227 134 1282 1226 134 1285 1229 19 1283 1227 134 1284 1228 19 1288 1232 19 1287 1231 137 1286 1230 134 1289 1233 19 1287 1231 137 1288 1232 19 1292 1236 19 1291 1235 135 1290 1234 137 1293 1237 19 1291 1235 135 1292 1236 19 1296 1240 19 1295 1239 137 1294 1238 135 1297 1241 19 1295 1239 137 1296 1240 19 1300 1244 19 1299 1243 134 1298 1242 137 1301 1245 19 1299 1243 134 1300 1244 19 1304 1248 19 1303 1247 134 1302 1246 134 1305 1249 19 1303 1247 134 1304 1248 19 1308 1252 19 1307 1251 135 1306 1250 134 1309 1253 19 1307 1251 135 1308 1252 19 1312 1256 19 1311 1255 135 1310 1254 135 1313 1257 19 1311 1255 135 1312 1256 19 1316 1260 19 1315 1259 135 1314 1258 135 1317 1261 19 1315 1259 135 1316 1260 19 1320 1264 19 1319 1263 134 1318 1262 135 1321 1265 19 1319 1263 134 1320 1264 19 1324 1268 19 1323 1267 134 1322 1266 134 1325 1269 19 1323 1267 134 1324 1268 19 1328 1272 19 1327 1271 135 1326 1270 134 1329 1273 19 1327 1271 135 1328 1272 19 1332 1276 19 1331 1275 136 1330 1274 135 1333 1277 19 1331 1275 136 1332 1276 19 1336 1280 19 1335 1279 135 1334 1278 136 1337 1281 19 1335 1279 135 1336 1280 19 1340 1284 19 1339 1283 138 1338 1282 135 1341 1285 19 1339 1283 138 1340 1284 19 1344 1288 19 1343 1287 134 1342 1286 139 1345 1289 19 1343 1287 134 1344 1288 19 1348 1292 19 1347 1291 140 1346 1290 140 1349 1293 19 1347 1291 140 1348 1292 19 1352 1296 19 1351 1295 141 1350 1294 137 1353 1297 19 1351 1295 141 1352 1296 19 1356 1300 19 1355 1299 142 1354 1298 141 1357 1301 19 1355 1299 142 1356 1300 19 1360 1304 19 1359 1303 143 1358 1302 142 1361 1305 19 1359 1303 143 1360 1304 19 1364 1308 19 1363 1307 137 1362 1306 141 1365 1309 19 1363 1307 137 1364 1308 19 1250 1199 19 1367 1196 140 1366 1201 140 1247 1197 19 1367 1196 140 1250 1199 19 1370 1312 19 1369 1311 2 1368 1310 28 1371 1313 144 1369 1311 2 1370 1312 19 1371 1313 144 1372 1314 2 1369 1311 2 1373 1315 145 1372 1314 2 1371 1313 144 1373 1315 145 1374 1316 146 1372 1314 2 1375 1317 146 1374 1316 146 1373 1315 145 1375 1317 146 1368 1310 28 1374 1316 146 1370 1312 19 1368 1310 28 1375 1317 146 1378 1320 145 1377 1319 2 1376 1318 2 1379 1321 144 1377 1319 2 1378 1320 145 1379 1321 144 1380 1322 28 1377 1319 2 1381 1323 19 1380 1322 28 1379 1321 144 1381 1323 19 1382 1324 146 1380 1322 28 1383 1325 146 1382 1324 146 1381 1323 19 1383 1325 146 1376 1318 2 1382 1324 146 1378 1320 145 1376 1318 2 1383 1325 146 1385 1327 19 1368 1310 28 1384 1326 28 1386 1328 19 1368 1310 28 1385 1327 19 1386 1328 19 1374 1316 146 1368 1310 28 1387 1329 146 1374 1316 146 1386 1328 19 1387 1329 146 1388 1330 136 1374 1316 146 1389 1331 19 1388 1330 136 1387 1329 146 1389 1331 19 1384 1326 28 1388 1330 136 1385 1327 19 1384 1326 28 1389 1331 19 1390 1332 146 1380 1322 28 1382 1324 146 1391 1333 19 1380 1322 28 1390 1332 146 1391 1333 19 1392 1334 28 1380 1322 28 1393 1335 19 1392 1334 28 1391 1333 19 1393 1335 19 1394 1336 135 1392 1334 28 1395 1337 19 1394 1336 135 1393 1335 19 1395 1337 19 1382 1324 146 1394 1336 135 1390 1332 146 1382 1324 146 1395 1337 19 1387 1329 146 1385 1327 19 1389 1331 19 1386 1328 19 1385 1327 19 1387 1329 146 1373 1315 145 1370 1312 19 1375 1317 146 1371 1313 144 1370 1312 19 1373 1315 145 1398 1340 147 1397 1339 147 1396 1338 147 1399 1341 147 1397 1339 147 1398 1340 147 1402 1344 147 1401 1343 147 1400 1342 147 1403 1345 147 1401 1343 147 1402 1344 147 1400 1348 147 1404 1347 28 1384 1346 28 1401 1349 147 1404 1347 28 1400 1348 147 1396 1352 147 1392 1351 28 1405 1350 28 1397 1353 147 1392 1351 28 1396 1352 147 1407 1355 147 1406 1354 148 1401 1343 147 1408 1356 147 1406 1354 148 1407 1355 147 1410 1358 147 1396 1338 147 1409 1357 149 1411 1359 147 1396 1338 147 1410 1358 147 1409 1361 149 1405 1350 28 1412 1360 149 1396 1352 147 1405 1350 28 1409 1361 149 1401 1349 147 1413 1362 148 1404 1347 28 1406 1363 148 1413 1362 148 1401 1349 147 1414 1365 150 1405 1364 28 1392 1334 28 1415 1366 19 1405 1364 28 1414 1365 150 1415 1366 19 1416 1195 151 1405 1364 28 1417 1367 19 1416 1195 151 1415 1366 19 1417 1367 19 1419 1194 130 1418 1195 130 1420 1368 152 1419 1194 130 1417 1367 19 1423 1371 150 1422 1370 153 1421 1369 150 1424 1372 19 1422 1370 153 1423 1371 150 1424 1372 19 1404 1373 28 1425 1370 151 1426 1374 19 1404 1373 28 1424 1372 19 1426 1374 19 1384 1326 28 1404 1373 28 1427 1375 150 1384 1326 28 1426 1374 19 1417 1367 19 1429 1365 135 1428 1368 134 1415 1366 19 1429 1365 135 1417 1367 19 1426 1374 19 1431 1371 134 1430 1375 135 1424 1372 19 1431 1371 134 1426 1374 19 1432 1377 147 1384 1346 28 1368 1376 28 1400 1348 147 1384 1346 28 1432 1377 147 1433 1379 154 1368 1376 28 1369 1378 2 1432 1377 147 1368 1376 28 1433 1379 154 1397 1353 147 1380 1380 28 1392 1351 28 1434 1381 147 1380 1380 28 1397 1353 147 1381 1323 19 1378 1320 145 1383 1325 146 1379 1321 144 1378 1320 145 1381 1323 19 1393 1335 19 1390 1332 146 1395 1337 19 1391 1333 19 1390 1332 146 1393 1335 19 1437 1384 19 1436 1383 2 1435 1382 28 1438 1385 144 1436 1383 2 1437 1384 19 1438 1385 144 1439 1386 2 1436 1383 2 1440 1387 145 1439 1386 2 1438 1385 144 1440 1387 145 1441 1388 146 1439 1386 2 1442 1389 146 1441 1388 146 1440 1387 145 1442 1389 146 1435 1382 28 1441 1388 146 1437 1384 19 1435 1382 28 1442 1389 146 1445 1392 145 1444 1391 2 1443 1390 2 1446 1393 144 1444 1391 2 1445 1392 145 1446 1393 144 1447 1394 28 1444 1391 2 1448 1395 19 1447 1394 28 1446 1393 144 1448 1395 19 1449 1396 146 1447 1394 28 1450 1397 146 1449 1396 146 1448 1395 19 1450 1397 146 1443 1390 2 1449 1396 146 1445 1392 145 1443 1390 2 1450 1397 146 1452 1399 19 1435 1382 28 1451 1398 28 1453 1400 19 1435 1382 28 1452 1399 19 1453 1400 19 1441 1388 146 1435 1382 28 1454 1401 146 1441 1388 146 1453 1400 19 1454 1401 146 1455 1402 136 1441 1388 146 1456 1403 19 1455 1402 136 1454 1401 146 1456 1403 19 1451 1398 28 1455 1402 136 1452 1399 19 1451 1398 28 1456 1403 19 1457 1404 146 1447 1394 28 1449 1396 146 1458 1405 19 1447 1394 28 1457 1404 146 1458 1405 19 1459 1406 28 1447 1394 28 1460 1407 19 1459 1406 28 1458 1405 19 1460 1407 19 1461 1408 135 1459 1406 28 1462 1409 19 1461 1408 135 1460 1407 19 1462 1409 19 1449 1396 146 1461 1408 135 1457 1404 146 1449 1396 146 1462 1409 19 1454 1401 146 1452 1399 19 1456 1403 19 1453 1400 19 1452 1399 19 1454 1401 146 1440 1387 145 1437 1384 19 1442 1389 146 1438 1385 144 1437 1384 19 1440 1387 145 1465 1412 147 1464 1411 147 1463 1410 147 1466 1413 147 1464 1411 147 1465 1412 147 1469 1416 147 1468 1415 147 1467 1414 147 1470 1417 147 1468 1415 147 1469 1416 147 1467 1420 147 1471 1419 28 1451 1418 28 1468 1421 147 1471 1419 28 1467 1420 147 1463 1424 147 1459 1423 28 1472 1422 28 1464 1425 147 1459 1423 28 1463 1424 147 1474 1427 147 1473 1426 148 1468 1415 147 1475 1428 147 1473 1426 148 1474 1427 147 1463 1410 147 1477 1430 147 1476 1429 147 1478 1431 149 1477 1430 147 1463 1410 147 1478 1431 149 1479 1432 147 1477 1430 147 1480 1433 148 1479 1432 147 1478 1431 149 1480 1433 148 1481 1434 147 1479 1432 147 1482 1435 149 1481 1434 147 1480 1433 148 1482 1435 149 1483 1436 147 1481 1434 147 1484 1437 155 1483 1436 147 1482 1435 149 1484 1437 155 1485 1438 147 1483 1436 147 1486 1439 149 1485 1438 147 1484 1437 155 1486 1439 149 1487 1440 147 1485 1438 147 1488 1441 149 1487 1440 147 1486 1439 149 1488 1441 149 1489 1442 147 1487 1440 147 1490 1443 156 1489 1442 147 1488 1441 149 1490 1443 156 1491 1444 147 1489 1442 147 1492 1445 149 1491 1444 147 1490 1443 156 1492 1445 149 1493 1446 147 1491 1444 147 1494 1447 149 1493 1446 147 1492 1445 149 1494 1447 149 1495 1448 147 1493 1446 147 1496 1449 157 1495 1448 147 1494 1447 149 1496 1449 157 1497 1450 147 1495 1448 147 1498 1451 148 1497 1450 147 1496 1449 157 1498 1451 148 1499 1452 147 1497 1450 147 1500 1453 148 1499 1452 147 1498 1451 148 1500 1453 148 1501 1454 147 1499 1452 147 1502 1455 149 1501 1454 147 1500 1453 148 1502 1455 149 1503 1456 147 1501 1454 147 1504 1457 149 1503 1456 147 1502 1455 149 1504 1457 149 1505 1458 147 1503 1456 147 1506 1459 156 1505 1458 147 1504 1457 149 1506 1459 156 1507 1460 147 1505 1458 147 1508 1461 148 1507 1460 147 1506 1459 156 1508 1461 148 1509 1462 147 1507 1460 147 1510 1463 158 1509 1462 147 1508 1461 148 1510 1463 158 1511 1464 147 1509 1462 147 1512 1465 149 1511 1464 147 1510 1463 158 1512 1465 149 1513 1466 147 1511 1464 147 1514 1467 149 1513 1466 147 1512 1465 149 1514 1467 149 1515 1468 147 1513 1466 147 1516 1469 149 1515 1468 147 1514 1467 149 1516 1469 149 1517 1470 147 1515 1468 147 1518 1471 148 1517 1470 147 1516 1469 149 1518 1471 148 1519 1472 147 1517 1470 147 1520 1473 148 1519 1472 147 1518 1471 148 1478 1475 149 1472 1422 28 1521 1474 149 1463 1424 147 1472 1422 28 1478 1475 149 1468 1421 147 1522 1476 148 1471 1419 28 1473 1477 148 1522 1476 148 1468 1421 147 1523 1479 150 1472 1478 28 1459 1406 28 1524 1480 19 1472 1478 28 1523 1479 150 1524 1480 19 1525 1481 151 1472 1478 28 1526 1482 19 1525 1481 151 1524 1480 19 1526 1482 19 1528 1483 130 1527 1481 130 1529 1484 152 1528 1483 130 1526 1482 19 1532 1487 150 1531 1486 153 1530 1485 150 1533 1488 19 1531 1486 153 1532 1487 150 1533 1488 19 1471 1489 28 1534 1486 151 1535 1490 19 1471 1489 28 1533 1488 19 1535 1490 19 1451 1398 28 1471 1489 28 1536 1491 150 1451 1398 28 1535 1490 19 1526 1482 19 1538 1479 135 1537 1484 134 1524 1480 19 1538 1479 135 1526 1482 19 1535 1490 19 1540 1487 134 1539 1491 135 1533 1488 19 1540 1487 134 1535 1490 19 1541 1493 147 1451 1418 28 1435 1492 28 1467 1420 147 1451 1418 28 1541 1493 147 1542 1495 154 1435 1492 28 1436 1494 2 1541 1493 147 1435 1492 28 1542 1495 154 1464 1425 147 1447 1496 28 1459 1423 28 1543 1497 147 1447 1496 28 1464 1425 147 1543 1497 147 1444 1498 2 1447 1496 28 1544 1499 154 1444 1498 2 1543 1497 147 1448 1395 19 1445 1392 145 1450 1397 146 1446 1393 144 1445 1392 145 1448 1395 19 1460 1407 19 1457 1404 146 1462 1409 19 1458 1405 19 1457 1404 146 1460 1407 19 1547 1502 159 1546 1501 28 1545 1500 28 1548 1503 160 1546 1501 28 1547 1502 159 1551 1506 160 1550 1505 28 1549 1504 28 1552 1507 159 1550 1505 28 1551 1506 160 1060 1040 19 1554 1026 161 1553 1040 161 1062 1026 19 1554 1026 161 1060 1040 19 1062 1026 19 1555 1025 28 1554 1026 161 1061 1025 19 1555 1025 28 1062 1026 19 1061 1025 19 1556 1039 28 1555 1025 28 1059 1039 19 1556 1039 28 1061 1025 19 1059 1039 19 1557 1037 28 1556 1039 28 1057 1037 19 1557 1037 28 1059 1039 19 1057 1037 19 1558 1038 0 1557 1037 28 1058 1038 19 1558 1038 0 1057 1037 19 1058 1038 19 1553 1040 161 1558 1038 0 1060 1040 19 1553 1040 161 1058 1038 19 1066 1034 19 1560 1036 161 1559 1034 0 1068 1036 19 1560 1036 161 1066 1034 19 1068 1036 19 1561 1035 28 1560 1036 161 1067 1035 19 1561 1035 28 1068 1036 19 1067 1035 19 1562 1033 28 1561 1035 28 1065 1033 19 1562 1033 28 1067 1035 19 1065 1033 19 1563 1031 28 1562 1033 28 1063 1031 19 1563 1031 28 1065 1033 19 1063 1031 19 1564 1032 0 1563 1031 28 1064 1032 19 1564 1032 0 1063 1031 19 1064 1032 19 1559 1034 0 1564 1032 0 1066 1034 19 1559 1034 0 1064 1032 19 1054 1028 19 1566 1030 0 1565 1028 0 1056 1030 19 1566 1030 0 1054 1028 19 1056 1030 19 1567 1029 28 1566 1030 0 1055 1029 19 1567 1029 28 1056 1030 19 1055 1029 19 1568 1027 28 1567 1029 28 1053 1027 19 1568 1027 28 1055 1029 19 1053 1027 19 1555 1025 28 1568 1027 28 1051 1025 19 1555 1025 28 1053 1027 19 1051 1025 19 1554 1026 161 1555 1025 28 1052 1026 19 1554 1026 161 1051 1025 19 1052 1026 19 1565 1028 0 1554 1026 161 1054 1028 19 1565 1028 0 1052 1026 19 1571 1508 19 1570 1509 0 1569 1508 28 1572 1509 19 1570 1509 0 1571 1508 19 1572 1509 19 1573 1510 161 1570 1509 0 1574 1510 19 1573 1510 161 1572 1509 19 1574 1510 19 1575 1511 28 1573 1510 161 1576 1511 19 1575 1511 28 1574 1510 19 1576 1511 19 1569 1508 28 1575 1511 28 1571 1508 19 1569 1508 28 1576 1511 19 1072 1042 19 1578 1044 0 1577 1042 161 1074 1044 19 1578 1044 0 1072 1042 19 1074 1044 19 1579 1043 28 1578 1044 0 1073 1043 19 1579 1043 28 1074 1044 19 1073 1043 19 1580 1041 28 1579 1043 28 1071 1041 19 1580 1041 28 1073 1043 19 1071 1041 19 1561 1035 28 1580 1041 28 1069 1035 19 1561 1035 28 1071 1041 19 1069 1035 19 1560 1036 161 1561 1035 28 1070 1036 19 1560 1036 161 1069 1035 19 1070 1036 19 1577 1042 161 1560 1036 161 1072 1042 19 1577 1042 161 1070 1036 19 1583 1512 19 1582 1513 161 1581 1512 28 1584 1513 19 1582 1513 161 1583 1512 19 1584 1513 19 1585 1514 0 1582 1513 161 1586 1514 19 1585 1514 0 1584 1513 19 1586 1514 19 1587 1515 28 1585 1514 0 1588 1515 19 1587 1515 28 1586 1514 19 1588 1515 19 1581 1512 28 1587 1515 28 1583 1512 19 1581 1512 28 1588 1515 19 1591 1516 19 1590 1517 0 1589 1516 28 1592 1517 19 1590 1517 0 1591 1516 19 1592 1517 19 1582 1513 161 1590 1517 0 1593 1513 19 1582 1513 161 1592 1517 19 1593 1513 19 1581 1512 28 1582 1513 161 1594 1512 19 1581 1512 28 1593 1513 19 1594 1512 19 1589 1516 28 1581 1512 28 1591 1516 19 1589 1516 28 1594 1512 19 1597 1518 19 1596 1519 28 1595 1518 0 1598 1519 19 1596 1519 28 1597 1518 19 1598 1519 19 1575 1511 28 1596 1519 28 1599 1511 19 1575 1511 28 1598 1519 19 1599 1511 19 1573 1510 161 1575 1511 28 1600 1510 19 1573 1510 161 1599 1511 19 1600 1510 19 1595 1518 0 1573 1510 161 1597 1518 19 1595 1518 0 1600 1510 19 1566 1030 0 1589 1516 28 1590 1517 0 1567 1029 28 1589 1516 28 1566 1030 0 1578 1044 0 1569 1508 28 1570 1509 0 1579 1043 28 1569 1508 28 1578 1044 0 1557 1037 28 1595 1518 0 1596 1519 28 1558 1038 0 1595 1518 0 1557 1037 28 1587 1515 28 1564 1032 0 1585 1514 0 1563 1031 28 1564 1032 0 1587 1515 28 1603 1522 67 1602 1521 67 1601 1520 67 1604 1523 67 1602 1521 67 1603 1522 67 1603 1522 67 1606 1525 67 1605 1524 67 1601 1520 67 1606 1525 67 1603 1522 67 1609 1528 67 1608 1527 67 1607 1526 67 1610 1529 67 1608 1527 67 1609 1528 67 1612 1531 67 1601 1520 67 1611 1530 67 1613 1532 67 1601 1520 67 1612 1531 67 1574 1510 19 1571 1508 19 1576 1511 19 1572 1509 19 1571 1508 19 1574 1510 19 1586 1514 19 1583 1512 19 1588 1515 19 1584 1513 19 1583 1512 19 1586 1514 19 1593 1513 19 1591 1516 19 1594 1512 19 1592 1517 19 1591 1516 19 1593 1513 19 1599 1511 19 1597 1518 19 1600 1510 19 1598 1519 19 1597 1518 19 1599 1511 19 1614 1533 28 1569 1508 28 1580 1041 28 1615 1528 28 1569 1508 28 1614 1533 28 1556 1039 28 1616 1534 28 1555 1025 28 1617 1535 28 1616 1534 28 1556 1039 28 1619 1536 28 1616 1534 28 1618 1531 28 1555 1025 28 1616 1534 28 1619 1536 28 1589 1516 28 1621 1538 28 1620 1537 28 1568 1027 28 1621 1538 28 1589 1516 28 1623 1540 28 1622 1539 28 1561 1035 28 1624 1526 28 1622 1539 28 1623 1540 28 1562 1033 28 1626 1542 28 1625 1541 28 1587 1515 28 1626 1542 28 1562 1033 28 1628 1544 67 1603 1522 67 1627 1543 67 1604 1523 67 1603 1522 67 1628 1544 67 1627 1543 67 1605 1524 67 1629 1545 67 1603 1522 67 1605 1524 67 1627 1543 67 1632 1546 147 1631 1547 19 1630 1546 28 1633 1548 19 1631 1547 19 1632 1546 147 1611 1530 67 1630 1546 28 1631 1547 19 1602 1521 67 1630 1546 28 1611 1530 67 1633 1548 19 1635 1549 19 1634 1531 19 1636 1550 19 1635 1549 19 1633 1548 19 1636 1550 19 1638 1552 147 1637 1551 19 1632 1546 147 1638 1552 147 1636 1550 19 1641 1553 147 1640 1552 28 1639 1553 28 1638 1552 147 1640 1552 28 1641 1553 147 1604 1523 67 1639 1553 28 1640 1552 28 1628 1544 67 1639 1553 28 1604 1523 67 1644 1536 147 1643 1537 19 1642 1538 147 1635 1549 19 1643 1537 19 1644 1536 147 1647 1556 19 1646 1555 28 1645 1554 19 1648 1557 147 1646 1555 28 1647 1556 19 1606 1525 67 1645 1554 19 1646 1555 28 1649 1558 67 1645 1554 19 1606 1525 67 1652 1555 19 1651 1526 19 1650 1559 19 1647 1556 19 1651 1526 19 1652 1555 19 1637 1551 19 1654 1561 147 1653 1560 19 1641 1553 147 1654 1561 147 1637 1551 19 1653 1560 19 1656 1563 147 1655 1562 19 1654 1561 147 1656 1563 147 1653 1560 19 1648 1557 147 1655 1562 19 1657 1564 147 1652 1555 19 1655 1562 19 1648 1557 147 1657 1564 147 1659 1563 28 1658 1565 28 1656 1563 147 1659 1563 28 1657 1564 147 1629 1545 67 1658 1565 28 1659 1563 28 1605 1524 67 1658 1565 28 1629 1545 67 1662 1537 147 1661 1566 19 1660 1512 147 1643 1537 19 1661 1566 19 1662 1537 147 1660 1512 147 1664 1542 19 1663 1542 147 1661 1566 19 1664 1542 19 1660 1512 147 1650 1559 19 1665 1541 147 1664 1542 19 1666 1540 147 1665 1541 147 1650 1559 19 1667 1567 28 1569 1508 28 1615 1528 28 1575 1511 28 1569 1508 28 1667 1567 28 1610 1529 67 1615 1528 28 1614 1533 28 1609 1528 67 1615 1528 28 1610 1529 67 1575 1511 28 1668 1532 28 1596 1519 28 1667 1567 28 1668 1532 28 1575 1511 28 1613 1532 67 1617 1535 28 1668 1532 28 1669 1535 67 1617 1535 28 1613 1532 67 1596 1519 28 1617 1535 28 1556 1039 28 1668 1532 28 1617 1535 28 1596 1519 28 1634 1531 19 1619 1536 28 1618 1531 28 1644 1536 147 1619 1536 28 1634 1531 19 1670 1534 67 1618 1531 28 1616 1534 28 1612 1531 67 1618 1531 28 1670 1534 67 1555 1025 28 1621 1538 28 1568 1027 28 1619 1536 28 1621 1538 28 1555 1025 28 1642 1538 147 1620 1537 28 1621 1538 28 1662 1537 147 1620 1537 28 1642 1538 147 1589 1516 28 1671 1568 28 1581 1512 28 1620 1537 28 1671 1568 28 1589 1516 28 1666 1540 147 1624 1526 28 1623 1540 28 1651 1526 19 1624 1526 28 1666 1540 147 1607 1526 67 1622 1539 28 1624 1526 28 1608 1527 67 1622 1539 28 1607 1526 67 1581 1512 28 1626 1542 28 1587 1515 28 1671 1568 28 1626 1542 28 1581 1512 28 1623 1540 28 1562 1033 28 1625 1541 28 1561 1035 28 1562 1033 28 1623 1540 28 1663 1542 147 1625 1541 28 1626 1542 28 1665 1541 147 1625 1541 28 1663 1542 147 1634 1531 19 1631 1547 19 1633 1548 19 1618 1531 28 1631 1547 19 1634 1531 19 1632 1546 147 1640 1552 28 1638 1552 147 1630 1546 28 1640 1552 28 1632 1546 147 1636 1550 19 1643 1537 19 1635 1549 19 1637 1551 19 1643 1537 19 1636 1550 19 1657 1564 147 1646 1555 28 1648 1557 147 1658 1565 28 1646 1555 28 1657 1564 147 1650 1559 19 1655 1562 19 1652 1555 19 1664 1542 19 1655 1562 19 1650 1559 19 1617 1535 28 1670 1534 67 1616 1534 28 1669 1535 67 1670 1534 67 1617 1535 28 1642 1538 147 1619 1536 28 1644 1536 147 1621 1538 28 1619 1536 28 1642 1538 147 1662 1537 147 1671 1568 28 1620 1537 28 1660 1512 147 1671 1568 28 1662 1537 147 1647 1556 19 1624 1526 28 1651 1526 19 1645 1554 19 1624 1526 28 1647 1556 19 1622 1539 28 1610 1529 67 1614 1533 28 1608 1527 67 1610 1529 67 1622 1539 28 1626 1542 28 1660 1512 147 1663 1542 147 1671 1568 28 1660 1512 147 1626 1542 28 1623 1540 28 1665 1541 147 1666 1540 147 1625 1541 28 1665 1541 147 1623 1540 28 1649 1558 67 1609 1528 67 1607 1526 67 1601 1520 67 1609 1528 67 1649 1558 67 1667 1567 28 1613 1532 67 1668 1532 28 1601 1520 67 1613 1532 67 1667 1567 28 1618 1531 28 1611 1530 67 1631 1547 19 1612 1531 67 1611 1530 67 1618 1531 28 1609 1528 67 1667 1567 28 1615 1528 28 1601 1520 67 1667 1567 28 1609 1528 67 1645 1554 19 1607 1526 67 1624 1526 28 1649 1558 67 1607 1526 67 1645 1554 19 1630 1546 28 1604 1523 67 1640 1552 28 1602 1521 67 1604 1523 67 1630 1546 28 1628 1544 67 1672 1569 28 1639 1553 28 1627 1543 67 1672 1569 28 1628 1544 67 1658 1565 28 1606 1525 67 1646 1555 28 1605 1524 67 1606 1525 67 1658 1565 28 1659 1563 28 1627 1543 67 1629 1545 67 1672 1569 28 1627 1543 67 1659 1563 28 1639 1553 28 1654 1561 147 1641 1553 147 1672 1569 28 1654 1561 147 1639 1553 28 1656 1563 147 1672 1569 28 1659 1563 28 1654 1561 147 1672 1569 28 1656 1563 147 1637 1551 19 1661 1566 19 1643 1537 19 1653 1560 19 1661 1566 19 1637 1551 19 1670 1534 67 1613 1532 67 1612 1531 67 1669 1535 67 1613 1532 67 1670 1534 67 1653 1560 19 1664 1542 19 1661 1566 19 1655 1562 19 1664 1542 19 1653 1560 19 1048 1040 19 1674 1026 161 1673 1040 161 1050 1026 19 1674 1026 161 1048 1040 19 1050 1026 19 1675 1025 28 1674 1026 161 1049 1025 19 1675 1025 28 1050 1026 19 1049 1025 19 1676 1039 28 1675 1025 28 1047 1039 19 1676 1039 28 1049 1025 19 1047 1039 19 1677 1037 28 1676 1039 28 1045 1037 19 1677 1037 28 1047 1039 19 1045 1037 19 1678 1038 0 1677 1037 28 1046 1038 19 1678 1038 0 1045 1037 19 1046 1038 19 1673 1040 161 1678 1038 0 1048 1040 19 1673 1040 161 1046 1038 19 1042 1034 19 1680 1036 161 1679 1034 0 1044 1036 19 1680 1036 161 1042 1034 19 1044 1036 19 1681 1035 28 1680 1036 161 1043 1035 19 1681 1035 28 1044 1036 19 1043 1035 19 1682 1033 28 1681 1035 28 1041 1033 19 1682 1033 28 1043 1035 19 1041 1033 19 1683 1031 28 1682 1033 28 1039 1031 19 1683 1031 28 1041 1033 19 1039 1031 19 1684 1032 0 1683 1031 28 1040 1032 19 1684 1032 0 1039 1031 19 1040 1032 19 1679 1034 0 1684 1032 0 1042 1034 19 1679 1034 0 1040 1032 19 1036 1028 19 1686 1030 0 1685 1028 0 1038 1030 19 1686 1030 0 1036 1028 19 1038 1030 19 1687 1029 28 1686 1030 0 1037 1029 19 1687 1029 28 1038 1030 19 1037 1029 19 1688 1027 28 1687 1029 28 1035 1027 19 1688 1027 28 1037 1029 19 1035 1027 19 1675 1025 28 1688 1027 28 1033 1025 19 1675 1025 28 1035 1027 19 1033 1025 19 1674 1026 161 1675 1025 28 1034 1026 19 1674 1026 161 1033 1025 19 1034 1026 19 1685 1028 0 1674 1026 161 1036 1028 19 1685 1028 0 1034 1026 19 1691 1508 19 1690 1509 0 1689 1508 28 1692 1509 19 1690 1509 0 1691 1508 19 1692 1509 19 1693 1510 161 1690 1509 0 1694 1510 19 1693 1510 161 1692 1509 19 1694 1510 19 1695 1511 28 1693 1510 161 1696 1511 19 1695 1511 28 1694 1510 19 1696 1511 19 1689 1508 28 1695 1511 28 1691 1508 19 1689 1508 28 1696 1511 19 1078 1042 19 1698 1044 0 1697 1042 161 1080 1044 19 1698 1044 0 1078 1042 19 1080 1044 19 1699 1043 28 1698 1044 0 1079 1043 19 1699 1043 28 1080 1044 19 1079 1043 19 1700 1041 28 1699 1043 28 1077 1041 19 1700 1041 28 1079 1043 19 1077 1041 19 1681 1035 28 1700 1041 28 1075 1035 19 1681 1035 28 1077 1041 19 1075 1035 19 1680 1036 161 1681 1035 28 1076 1036 19 1680 1036 161 1075 1035 19 1076 1036 19 1697 1042 161 1680 1036 161 1078 1042 19 1697 1042 161 1076 1036 19 1703 1512 19 1702 1513 161 1701 1512 28 1704 1513 19 1702 1513 161 1703 1512 19 1704 1513 19 1705 1514 0 1702 1513 161 1706 1514 19 1705 1514 0 1704 1513 19 1706 1514 19 1707 1515 28 1705 1514 0 1708 1515 19 1707 1515 28 1706 1514 19 1708 1515 19 1701 1512 28 1707 1515 28 1703 1512 19 1701 1512 28 1708 1515 19 1711 1516 19 1710 1517 0 1709 1516 28 1712 1517 19 1710 1517 0 1711 1516 19 1712 1517 19 1702 1513 161 1710 1517 0 1713 1513 19 1702 1513 161 1712 1517 19 1713 1513 19 1701 1512 28 1702 1513 161 1714 1512 19 1701 1512 28 1713 1513 19 1714 1512 19 1709 1516 28 1701 1512 28 1711 1516 19 1709 1516 28 1714 1512 19 1717 1518 19 1716 1519 28 1715 1518 0 1718 1519 19 1716 1519 28 1717 1518 19 1718 1519 19 1695 1511 28 1716 1519 28 1719 1511 19 1695 1511 28 1718 1519 19 1719 1511 19 1693 1510 161 1695 1511 28 1720 1510 19 1693 1510 161 1719 1511 19 1720 1510 19 1715 1518 0 1693 1510 161 1717 1518 19 1715 1518 0 1720 1510 19 1686 1030 0 1709 1516 28 1710 1517 0 1687 1029 28 1709 1516 28 1686 1030 0 1698 1044 0 1689 1508 28 1690 1509 0 1699 1043 28 1689 1508 28 1698 1044 0 1677 1037 28 1715 1518 0 1716 1519 28 1678 1038 0 1715 1518 0 1677 1037 28 1707 1515 28 1684 1032 0 1705 1514 0 1683 1031 28 1684 1032 0 1707 1515 28 1723 1522 67 1722 1521 67 1721 1520 67 1724 1523 67 1722 1521 67 1723 1522 67 1723 1522 67 1726 1525 67 1725 1524 67 1721 1520 67 1726 1525 67 1723 1522 67 1729 1528 67 1728 1527 67 1727 1526 67 1730 1529 67 1728 1527 67 1729 1528 67 1732 1531 67 1721 1520 67 1731 1530 67 1733 1532 67 1721 1520 67 1732 1531 67 1694 1510 19 1691 1508 19 1696 1511 19 1692 1509 19 1691 1508 19 1694 1510 19 1706 1514 19 1703 1512 19 1708 1515 19 1704 1513 19 1703 1512 19 1706 1514 19 1713 1513 19 1711 1516 19 1714 1512 19 1712 1517 19 1711 1516 19 1713 1513 19 1719 1511 19 1717 1518 19 1720 1510 19 1718 1519 19 1717 1518 19 1719 1511 19 1734 1533 28 1689 1508 28 1700 1041 28 1735 1528 28 1689 1508 28 1734 1533 28 1676 1039 28 1736 1534 28 1675 1025 28 1737 1535 28 1736 1534 28 1676 1039 28 1739 1536 28 1736 1534 28 1738 1531 28 1675 1025 28 1736 1534 28 1739 1536 28 1709 1516 28 1741 1538 28 1740 1537 28 1688 1027 28 1741 1538 28 1709 1516 28 1743 1540 28 1742 1539 28 1681 1035 28 1744 1526 28 1742 1539 28 1743 1540 28 1682 1033 28 1746 1542 28 1745 1541 28 1707 1515 28 1746 1542 28 1682 1033 28 1748 1544 67 1723 1522 67 1747 1543 67 1724 1523 67 1723 1522 67 1748 1544 67 1747 1543 67 1725 1524 67 1749 1545 67 1723 1522 67 1725 1524 67 1747 1543 67 1752 1546 147 1751 1547 19 1750 1546 28 1753 1548 19 1751 1547 19 1752 1546 147 1731 1530 67 1750 1546 28 1751 1547 19 1722 1521 67 1750 1546 28 1731 1530 67 1753 1548 19 1755 1549 19 1754 1531 19 1756 1550 19 1755 1549 19 1753 1548 19 1756 1550 19 1758 1552 147 1757 1551 19 1752 1546 147 1758 1552 147 1756 1550 19 1761 1553 147 1760 1552 28 1759 1553 28 1758 1552 147 1760 1552 28 1761 1553 147 1724 1523 67 1759 1553 28 1760 1552 28 1748 1544 67 1759 1553 28 1724 1523 67 1764 1536 147 1763 1537 19 1762 1538 147 1755 1549 19 1763 1537 19 1764 1536 147 1767 1556 19 1766 1555 28 1765 1554 19 1768 1557 147 1766 1555 28 1767 1556 19 1726 1525 67 1765 1554 19 1766 1555 28 1769 1558 67 1765 1554 19 1726 1525 67 1772 1555 19 1771 1526 19 1770 1559 19 1767 1556 19 1771 1526 19 1772 1555 19 1757 1551 19 1774 1561 147 1773 1560 19 1761 1553 147 1774 1561 147 1757 1551 19 1773 1560 19 1776 1563 147 1775 1562 19 1774 1561 147 1776 1563 147 1773 1560 19 1768 1557 147 1775 1562 19 1777 1564 147 1772 1555 19 1775 1562 19 1768 1557 147 1777 1564 147 1779 1563 28 1778 1565 28 1776 1563 147 1779 1563 28 1777 1564 147 1749 1545 67 1778 1565 28 1779 1563 28 1725 1524 67 1778 1565 28 1749 1545 67 1782 1537 147 1781 1566 19 1780 1512 147 1763 1537 19 1781 1566 19 1782 1537 147 1780 1512 147 1784 1542 19 1783 1542 147 1781 1566 19 1784 1542 19 1780 1512 147 1770 1559 19 1785 1541 147 1784 1542 19 1786 1540 147 1785 1541 147 1770 1559 19 1787 1567 28 1689 1508 28 1735 1528 28 1695 1511 28 1689 1508 28 1787 1567 28 1730 1529 67 1735 1528 28 1734 1533 28 1729 1528 67 1735 1528 28 1730 1529 67 1695 1511 28 1788 1532 28 1716 1519 28 1787 1567 28 1788 1532 28 1695 1511 28 1733 1532 67 1737 1535 28 1788 1532 28 1789 1535 67 1737 1535 28 1733 1532 67 1716 1519 28 1737 1535 28 1676 1039 28 1788 1532 28 1737 1535 28 1716 1519 28 1754 1531 19 1739 1536 28 1738 1531 28 1764 1536 147 1739 1536 28 1754 1531 19 1790 1534 67 1738 1531 28 1736 1534 28 1732 1531 67 1738 1531 28 1790 1534 67 1675 1025 28 1741 1538 28 1688 1027 28 1739 1536 28 1741 1538 28 1675 1025 28 1762 1538 147 1740 1537 28 1741 1538 28 1782 1537 147 1740 1537 28 1762 1538 147 1709 1516 28 1791 1568 28 1701 1512 28 1740 1537 28 1791 1568 28 1709 1516 28 1734 1533 28 1681 1035 28 1742 1539 28 1700 1041 28 1681 1035 28 1734 1533 28 1727 1526 67 1742 1539 28 1744 1526 28 1728 1527 67 1742 1539 28 1727 1526 67 1701 1512 28 1746 1542 28 1707 1515 28 1791 1568 28 1746 1542 28 1701 1512 28 1743 1540 28 1682 1033 28 1745 1541 28 1681 1035 28 1682 1033 28 1743 1540 28 1783 1542 147 1745 1541 28 1746 1542 28 1785 1541 147 1745 1541 28 1783 1542 147 1754 1531 19 1751 1547 19 1753 1548 19 1738 1531 28 1751 1547 19 1754 1531 19 1752 1546 147 1760 1552 28 1758 1552 147 1750 1546 28 1760 1552 28 1752 1546 147 1756 1550 19 1763 1537 19 1755 1549 19 1757 1551 19 1763 1537 19 1756 1550 19 1777 1564 147 1766 1555 28 1768 1557 147 1778 1565 28 1766 1555 28 1777 1564 147 1770 1559 19 1775 1562 19 1772 1555 19 1784 1542 19 1775 1562 19 1770 1559 19 1737 1535 28 1790 1534 67 1736 1534 28 1789 1535 67 1790 1534 67 1737 1535 28 1762 1538 147 1739 1536 28 1764 1536 147 1741 1538 28 1739 1536 28 1762 1538 147 1782 1537 147 1791 1568 28 1740 1537 28 1780 1512 147 1791 1568 28 1782 1537 147 1767 1556 19 1744 1526 28 1771 1526 19 1765 1554 19 1744 1526 28 1767 1556 19 1742 1539 28 1730 1529 67 1734 1533 28 1728 1527 67 1730 1529 67 1742 1539 28 1746 1542 28 1780 1512 147 1783 1542 147 1791 1568 28 1780 1512 147 1746 1542 28 1743 1540 28 1785 1541 147 1786 1540 147 1745 1541 28 1785 1541 147 1743 1540 28 1769 1558 67 1729 1528 67 1727 1526 67 1721 1520 67 1729 1528 67 1769 1558 67 1787 1567 28 1733 1532 67 1788 1532 28 1721 1520 67 1733 1532 67 1787 1567 28 1738 1531 28 1731 1530 67 1751 1547 19 1732 1531 67 1731 1530 67 1738 1531 28 1729 1528 67 1787 1567 28 1735 1528 28 1721 1520 67 1787 1567 28 1729 1528 67 1765 1554 19 1727 1526 67 1744 1526 28 1769 1558 67 1727 1526 67 1765 1554 19 1750 1546 28 1724 1523 67 1760 1552 28 1722 1521 67 1724 1523 67 1750 1546 28 1748 1544 67 1792 1569 28 1759 1553 28 1747 1543 67 1792 1569 28 1748 1544 67 1778 1565 28 1726 1525 67 1766 1555 28 1725 1524 67 1726 1525 67 1778 1565 28 1779 1563 28 1747 1543 67 1749 1545 67 1792 1569 28 1747 1543 67 1779 1563 28 1759 1553 28 1774 1561 147 1761 1553 147 1792 1569 28 1774 1561 147 1759 1553 28 1776 1563 147 1792 1569 28 1779 1563 28 1774 1561 147 1792 1569 28 1776 1563 147 1757 1551 19 1781 1566 19 1763 1537 19 1773 1560 19 1781 1566 19 1757 1551 19 1790 1534 67 1733 1532 67 1732 1531 67 1789 1535 67 1733 1532 67 1790 1534 67 1773 1560 19 1784 1542 19 1781 1566 19 1775 1562 19 1784 1542 19 1773 1560 19 1794 773 40 536 536 19 1793 534 40 1168 1106 19 536 536 19 1794 773 40 1434 1381 147 1377 1570 2 1380 1380 28 1795 1571 154 1377 1570 2 1434 1381 147 803 778 28 627 1154 28 677 667 28 1084 1047 28 627 1154 28 803 778 28 837 812 2 801 776 28 800 775 2 886 860 28 801 776 28 837 812 2 802 777 28 886 860 28 888 862 28 801 776 28 886 860 28 802 777 28 648 638 2 652 642 28 650 640 2 857 831 28 652 642 28 648 638 2 858 832 28 652 1572 28 857 831 28 1172 1107 28 652 1572 28 858 832 28 547 547 28 497 497 29 885 859 29 1796 1573 28 497 497 29 547 547 28 887 861 28 652 1572 28 1172 1107 28 653 643 28 652 1572 28 887 861 28 620 615 28 376 1108 28 634 625 28 622 616 28 376 1108 28 620 615 28 377 379 2 884 858 33 375 377 2 379 381 2 884 858 33 377 379 2 416 418 2 1798 414 82 1797 441 43 414 416 2 1798 414 82 416 418 2 1786 1540 147 1744 1526 28 1743 1540 28 1771 1526 19 1744 1526 28 1786 1540 147 1098 1050 28 417 419 28 419 421 28 827 802 28 417 419 28 1098 1050 28 832 807 28 749 733 28 830 805 28 748 732 28 749 733 28 832 807 28 407 409 19 753 737 33 405 407 19 409 411 33 753 737 33 407 409 19 411 413 34 883 857 2 409 411 33 413 415 2 883 857 2 411 413 34 468 469 30 1799 1574 28 475 476 28 470 471 28 1799 1574 28 468 469 30 383 385 28 787 763 28 381 383 28 1101 1051 28 787 763 28 383 385 28 1101 1051 28 520 1575 28 787 763 28 1106 1052 28 520 1575 28 1101 1051 28 459 460 2 518 518 2 461 462 33 520 520 28 518 518 2 459 460 2 520 1575 28 1107 1053 28 521 521 28 1106 1052 28 1107 1053 28 520 1575 28 1546 1578 28 1801 1577 147 1800 1576 28 1802 1579 147 1801 1577 147 1546 1578 28 1802 1579 147 1803 1580 147 1801 1577 147 1804 1581 147 1803 1580 147 1802 1579 147 610 610 28 392 1144 28 694 682 28 612 611 28 392 1144 28 610 610 28 486 486 19 562 561 19 484 484 33 488 488 19 562 561 19 486 486 19 488 488 19 561 560 19 562 561 19 490 490 38 561 560 19 488 488 19 490 490 38 560 559 46 561 560 19 454 455 29 560 559 46 490 490 38 1807 1584 147 1806 1583 147 1805 1582 147 1808 1585 147 1806 1583 147 1807 1584 147 1808 1585 147 1809 1586 28 1806 1583 147 1549 1587 28 1809 1586 28 1808 1585 147 1810 1588 28 508 508 29 558 557 28 510 510 28 508 508 29 1810 1588 28 880 1589 67 1802 1579 147 1546 1578 28 878 1590 67 1802 1579 147 880 1589 67 878 1590 67 1804 1581 147 1802 1579 147 876 1591 67 1804 1581 147 878 1590 67 1227 1592 67 1808 1585 147 1807 1584 147 1228 1593 67 1808 1585 147 1227 1592 67 1228 1593 67 1549 1587 28 1808 1585 147 1229 1594 67 1549 1587 28 1228 1593 67 1813 1597 147 1812 1596 147 1811 1595 147 1814 1598 147 1812 1596 147 1813 1597 147 1814 1598 147 1806 1583 147 1812 1596 147 1805 1582 147 1806 1583 147 1814 1598 147 616 613 28 396 398 28 614 612 28 398 400 28 396 398 28 616 613 28 1817 1601 147 1816 1600 147 1815 1599 147 1818 1602 147 1816 1600 147 1817 1601 147 1803 1580 147 1815 1599 147 1801 1577 147 1817 1601 147 1815 1599 147 1803 1580 147 1819 1603 2 1433 1379 154 1369 1378 2 1820 1604 162 1433 1379 154 1819 1603 2 1820 1607 162 1821 1606 147 1433 1605 154 1822 1608 163 1821 1606 147 1820 1607 162 1824 1611 28 1795 1610 154 1823 1609 164 1825 1612 162 1795 1610 154 1824 1611 28 1825 1613 162 1377 1570 2 1795 1571 154 1826 1614 2 1377 1570 2 1825 1613 162 1399 1341 147 1434 1615 147 1397 1339 147 1827 1616 147 1434 1615 147 1399 1341 147 1827 1616 147 1795 1610 154 1434 1615 147 1823 1609 164 1795 1610 154 1827 1616 147 1828 1618 147 1400 1342 147 1432 1617 147 1402 1344 147 1400 1342 147 1828 1618 147 1821 1606 147 1432 1617 147 1433 1605 154 1828 1618 147 1432 1617 147 1821 1606 147 1829 1619 2 1542 1495 154 1436 1494 2 1830 1620 162 1542 1495 154 1829 1619 2 1833 1227 165 1832 1622 150 1831 1621 150 1285 1229 19 1832 1622 150 1833 1227 165 1156 1094 19 1834 1623 19 1155 1093 19 1157 1095 19 1834 1623 19 1156 1094 19 1835 1625 19 980 958 55 666 1624 19 981 959 19 980 958 55 1835 1625 19 1836 1626 19 642 633 59 644 635 19 1213 1156 19 642 633 59 1836 1626 19 1839 1629 168 1838 1628 167 1837 1627 166 1840 1630 169 1838 1628 167 1839 1629 168 1842 1632 171 1841 1631 170 1837 1627 166 1843 1633 172 1841 1631 170 1842 1632 171 1408 1356 147 1845 1634 149 1844 1354 149 1846 1635 147 1845 1634 149 1408 1356 147 1614 1533 28 1561 1035 28 1622 1539 28 1580 1041 28 1561 1035 28 1614 1533 28 1475 1428 147 1848 1636 149 1847 1426 149 1849 1637 147 1848 1636 149 1475 1428 147 1849 1637 147 1850 1638 155 1848 1636 149 1851 1639 147 1850 1638 155 1849 1637 147 1851 1639 147 1852 1640 173 1850 1638 155 1853 1641 147 1852 1640 173 1851 1639 147 1853 1641 147 1854 1642 150 1852 1640 173 1855 1643 147 1854 1642 150 1853 1641 147 1855 1643 147 1856 1644 149 1854 1642 150 1857 1645 147 1856 1644 149 1855 1643 147 1857 1645 147 1409 1357 149 1856 1644 149 1410 1358 147 1409 1357 149 1857 1645 147 1858 1648 158 1512 1647 149 1510 1646 158 1859 1649 149 1512 1647 149 1858 1648 158 1859 1649 149 1514 1650 149 1512 1647 149 1860 1651 149 1514 1650 149 1859 1649 149 1860 1651 149 1516 1652 149 1514 1650 149 1861 1653 149 1516 1652 149 1860 1651 149 1510 1656 158 1862 1655 148 1858 1654 158 1508 1657 148 1862 1655 148 1510 1656 158 1508 1657 148 1863 1658 156 1862 1655 148 1506 1659 156 1863 1658 156 1508 1657 148 1506 1659 156 1864 1660 149 1863 1658 156 1504 1661 149 1864 1660 149 1506 1659 156 1504 1661 149 1865 1662 149 1864 1660 149 1502 1663 149 1865 1662 149 1504 1661 149 1502 1663 149 1866 1664 148 1865 1662 149 1500 1665 148 1866 1664 148 1502 1663 149 1500 1665 148 1867 1666 148 1866 1664 148 1498 1667 148 1867 1666 148 1500 1665 148 1498 1670 148 1868 1669 157 1867 1668 148 1496 1671 157 1868 1669 157 1498 1670 148 1496 1671 157 1869 1672 149 1868 1669 157 1494 1673 149 1869 1672 149 1496 1671 157 1494 1673 149 1870 1674 149 1869 1672 149 1492 1675 149 1870 1674 149 1494 1673 149 1492 1675 149 1871 1676 156 1870 1674 149 1490 1677 156 1871 1676 156 1492 1675 149 1490 1677 156 1872 1678 149 1871 1676 156 1488 1679 149 1872 1678 149 1490 1677 156 1488 1679 149 1873 1680 149 1872 1678 149 1486 1681 149 1873 1680 149 1488 1679 149 1486 1681 149 1874 1682 155 1873 1680 149 1484 1683 155 1874 1682 155 1486 1681 149 1484 1683 155 1875 1684 149 1874 1682 155 1482 1685 149 1875 1684 149 1484 1683 155 1482 1685 149 1876 1686 148 1875 1684 149 1480 1687 148 1876 1686 148 1482 1685 149 1830 1690 162 1877 1689 164 1542 1688 154 1878 1691 28 1877 1689 164 1830 1690 162 1880 1694 28 1544 1693 154 1879 1692 164 1881 1695 162 1544 1693 154 1880 1694 28 1881 1696 162 1444 1498 2 1544 1499 154 1882 1697 2 1444 1498 2 1881 1696 162 1466 1413 147 1543 1698 147 1464 1411 147 1883 1699 147 1543 1698 147 1466 1413 147 1884 1700 107 1022 1004 99 1024 1006 101 1241 1191 125 1022 1004 99 1884 1700 107 1031 1189 67 1022 1004 99 1241 1191 125 1020 1002 67 1022 1004 99 1031 1189 67 707 1017 67 1015 997 94 709 995 67 1028 1019 105 1015 997 94 707 1017 67 1030 1021 107 1015 997 94 1028 1019 105 1017 999 96 1015 997 94 1030 1021 107 1887 1702 2 1886 999 175 1885 1701 174 1888 1000 174 1886 999 175 1887 1702 2 1891 1705 19 1890 1704 176 1889 1703 19 1887 1706 2 1890 1704 176 1891 1705 19 1889 1709 19 1892 1708 177 1891 1707 19 1893 1710 178 1892 1708 177 1889 1709 19 1895 1713 179 1893 1712 178 1894 1711 19 1896 1714 179 1893 1712 178 1895 1713 179 1883 1699 147 1544 1693 154 1543 1698 147 1879 1692 164 1544 1693 154 1883 1699 147 1899 1717 19 1898 1716 181 1897 1715 180 1900 1718 181 1898 1716 181 1899 1717 19 1902 1721 19 1900 1720 181 1901 1719 19 1898 1722 181 1900 1720 181 1902 1721 19 1903 1724 182 1887 1702 2 1891 1723 19 1904 1000 182 1887 1702 2 1903 1724 182 1906 1727 182 1903 1726 182 1905 1725 19 1904 1728 182 1903 1726 182 1906 1727 182 1909 1731 19 1908 1730 183 1907 1729 19 1910 1732 184 1908 1730 183 1909 1731 19 1912 1735 186 1907 1734 19 1911 1733 185 1909 1736 19 1907 1734 19 1912 1735 186 1915 1012 189 1914 1737 188 1913 1015 187 1916 1738 190 1914 1737 188 1915 1012 189 1913 1005 187 1918 1739 174 1917 1006 191 1919 1740 2 1918 1739 174 1913 1005 187 1920 1742 19 1897 1715 180 1919 1741 2 1899 1717 19 1897 1715 180 1920 1742 19 1920 1742 19 1921 1718 192 1899 1717 19 1908 1743 183 1921 1718 192 1920 1742 19 1924 1746 193 1923 1745 182 1922 1744 19 1925 1747 182 1923 1745 182 1924 1746 193 1925 1747 182 1909 1736 19 1912 1735 186 1924 1746 193 1909 1736 19 1925 1747 182 1902 1750 19 1927 1749 180 1926 1748 180 1928 1751 181 1927 1749 180 1902 1750 19 1931 1754 194 1930 1753 19 1929 1752 194 1932 1755 195 1930 1753 19 1931 1754 194 1926 1758 180 1934 1757 19 1933 1756 19 1927 1759 180 1934 1757 19 1926 1758 180 1936 1761 196 1896 1714 179 1935 1760 19 1937 1762 103 1896 1714 179 1936 1761 196 1939 1765 180 1935 1764 19 1938 1763 19 1940 1766 180 1935 1764 19 1939 1765 180 1938 1768 19 1942 1021 198 1941 1767 197 1943 999 199 1942 1021 198 1938 1768 19 1946 1771 200 1945 1770 0 1944 1769 0 1947 1772 201 1945 1770 0 1946 1771 200 1950 1762 202 1949 1774 0 1948 1773 0 1951 1775 203 1949 1774 0 1950 1762 202 1954 1778 19 1953 1777 204 1952 1776 204 1955 1779 19 1953 1777 204 1954 1778 19 1958 1782 174 1957 1781 19 1956 1780 174 1959 1783 19 1957 1781 19 1958 1782 174 1961 1771 179 1934 1784 19 1960 1772 205 1962 1785 206 1934 1784 19 1961 1771 179 1933 1788 19 1964 1787 204 1963 1786 207 1934 1789 19 1964 1787 204 1933 1788 19 1967 1006 199 1966 1790 197 1965 1700 198 1933 1791 19 1966 1790 197 1967 1006 199 1952 1792 204 1940 1766 180 1939 1765 180 1953 1793 204 1940 1766 180 1952 1792 204 1968 1795 208 1937 1762 103 1955 1794 19 1969 1775 209 1937 1762 103 1968 1795 208 1970 1798 210 1955 1797 19 1954 1796 19 1971 1799 210 1955 1797 19 1970 1798 210 1954 1801 19 1973 1020 211 1972 1800 211 1942 1021 198 1973 1020 211 1954 1801 19 1965 1700 198 1975 1802 211 1974 1193 211 1957 1803 19 1975 1802 211 1965 1700 198 1959 1806 19 1976 1805 189 1957 1804 19 1977 1807 189 1976 1805 189 1959 1806 19 1978 1809 212 1959 1808 19 1961 1771 179 1979 1810 212 1959 1808 19 1978 1809 212 1980 1812 147 1467 1414 147 1541 1811 147 1469 1416 147 1467 1414 147 1980 1812 147 1983 1815 19 1982 1814 28 1981 1813 28 1984 1816 19 1982 1814 28 1983 1815 19 1984 1819 19 1545 1818 28 1982 1817 28 1547 1820 159 1545 1818 28 1984 1819 19 1986 1823 19 1985 1822 28 1981 1821 28 1987 1824 213 1985 1822 28 1986 1823 19 1987 1827 213 1988 1826 28 1985 1825 28 1989 1828 214 1988 1826 28 1987 1827 213 1989 1831 214 1990 1830 28 1988 1829 28 1991 1832 19 1990 1830 28 1989 1831 214 1991 1832 19 1981 1821 28 1990 1830 28 1986 1823 19 1981 1821 28 1991 1832 19 1993 1834 214 1992 1833 28 1988 1826 28 1994 1835 55 1992 1833 28 1993 1834 214 1994 1838 55 1995 1837 28 1992 1836 28 1996 1839 19 1995 1837 28 1994 1838 55 1996 1839 19 1990 1830 28 1995 1837 28 1997 1840 19 1990 1830 28 1996 1839 19 1997 1840 19 1988 1829 28 1990 1830 28 1993 1841 214 1988 1829 28 1997 1840 19 1877 1689 164 1541 1811 147 1542 1688 154 1980 1812 147 1541 1811 147 1877 1689 164 1552 1844 159 1998 1843 28 1550 1842 28 1999 1845 19 1998 1843 28 1552 1844 159 1999 1848 19 1995 1847 28 1998 1846 28 2000 1849 19 1995 1847 28 1999 1848 19 1983 1850 19 1547 1820 159 1984 1819 19 1548 1851 160 1547 1820 159 1983 1850 19 1989 1831 214 1986 1823 19 1991 1832 19 1987 1824 213 1986 1823 19 1989 1831 214 1996 1839 19 1993 1841 214 1997 1840 19 1994 1838 55 1993 1841 214 1996 1839 19 1552 1844 159 2000 1852 19 1999 1845 19 1551 1853 160 2000 1852 19 1552 1844 159 881 1855 67 1546 1578 28 1985 1854 28 880 1589 67 1546 1578 28 881 1855 67 1985 1825 28 2001 1857 67 881 1856 67 1988 1826 28 2001 1857 67 1985 1825 28 1229 1594 67 1992 1858 28 1549 1587 28 2002 1859 67 1992 1858 28 1229 1594 67 2002 1860 67 1988 1826 28 1992 1833 28 2001 1857 67 1988 1826 28 2002 1860 67 2001 1861 67 879 853 67 881 855 67 2002 1862 67 879 853 67 2001 1861 67 2004 1864 19 1800 1576 28 2003 1863 28 2005 1865 144 1800 1576 28 2004 1864 19 2005 1868 144 2006 1867 2 1800 1866 28 2007 1869 145 2006 1867 2 2005 1868 144 2007 1869 145 2008 1870 146 2006 1867 2 2009 1871 146 2008 1870 146 2007 1869 145 2009 1871 146 2003 1872 28 2008 1870 146 2004 1873 19 2003 1872 28 2009 1871 146 1480 1687 148 1521 1474 149 1876 1686 148 1478 1475 149 1521 1474 149 1480 1687 148 1847 1477 149 2011 1874 149 2010 1476 149 1848 1875 149 2011 1874 149 1847 1477 149 1848 1875 149 2012 1876 155 2011 1874 149 1850 1877 155 2012 1876 155 1848 1875 149 1850 1877 155 2013 1878 173 2012 1876 155 1852 1879 173 2013 1878 173 1850 1877 155 1852 1879 173 2014 1880 150 2013 1878 173 1854 1881 150 2014 1880 150 1852 1879 173 2015 1882 215 956 932 19 954 930 19 2016 1883 216 956 932 19 2015 1882 215 958 934 91 2016 1883 216 2017 1884 217 956 932 19 2016 1883 216 958 934 91 2019 1886 218 834 809 19 2018 1885 213 1193 1131 112 834 809 19 2019 1886 218 1193 1131 112 833 808 19 834 809 19 1191 1129 110 833 808 19 1193 1131 112 1191 1129 110 590 590 19 833 808 19 720 1887 74 590 590 19 1191 1129 110 720 1887 74 588 588 19 590 590 19 719 1888 73 588 588 19 720 1887 74 719 1888 73 587 587 19 588 588 19 717 1889 72 587 587 19 719 1888 73 717 1892 72 816 1891 19 587 1890 19 715 1893 70 816 1891 19 717 1892 72 715 1893 70 815 940 19 816 1891 19 713 1894 68 815 940 19 715 1893 70 713 1894 68 963 941 19 815 940 19 1208 1895 115 963 941 19 713 1894 68 1208 1895 115 964 942 19 963 941 19 2020 1896 219 964 942 19 1208 1895 115 2020 1896 219 2021 1897 213 964 942 19 2022 1898 220 2021 1897 213 2020 1896 219 2023 1899 217 968 946 19 970 948 91 2024 1900 216 968 946 19 2023 1899 217 966 944 19 2024 1900 216 2025 1901 215 968 946 19 2024 1900 216 966 944 19 1209 1902 116 2020 1896 219 1208 1895 115 2026 1903 121 2020 1896 219 1209 1902 116 2026 1903 121 2022 1898 220 2020 1896 219 2027 1904 114 2022 1898 220 2026 1903 121 2028 1905 221 2024 1900 216 2023 1899 217 2029 1906 222 2024 1900 216 2028 1905 221 2025 1901 215 2029 1906 222 2030 1907 223 2024 1900 216 2029 1906 222 2025 1901 215 2031 1908 224 2016 1883 216 2015 1882 215 2032 1909 222 2016 1883 216 2031 1908 224 2017 1884 217 2032 1909 222 2033 1910 225 2016 1883 216 2032 1909 222 2017 1884 217 835 810 19 2018 1885 213 834 809 19 2034 1911 213 2018 1885 213 835 810 19 820 795 28 591 591 49 589 589 48 960 936 28 591 591 49 820 795 28 1854 1881 150 2035 1912 149 2014 1880 150 1856 1913 149 2035 1912 149 1854 1881 150 1856 1913 149 1412 1360 149 2035 1912 149 1409 1361 149 1412 1360 149 1856 1913 149 2037 1916 145 1809 1915 28 2036 1914 2 2038 1917 144 1809 1915 28 2037 1916 145 2038 1919 144 2039 1918 28 1809 1586 28 2040 1920 19 2039 1918 28 2038 1919 144 2040 1923 19 2041 1922 146 2039 1921 28 2042 1924 146 2041 1922 146 2040 1923 19 1844 1363 149 2044 1925 149 2043 1362 149 1845 1926 149 2044 1925 149 1844 1363 149 2042 1924 146 2036 1914 2 2041 1922 146 2037 1916 145 2036 1914 2 2042 1924 146 2046 1928 19 2003 1863 28 2045 1927 28 2047 1929 19 2003 1863 28 2046 1928 19 2047 1930 19 2008 1870 146 2003 1872 28 2048 1931 146 2008 1870 146 2047 1930 19 2048 1931 146 2049 1932 136 2008 1870 146 2050 1933 19 2049 1932 136 2048 1931 146 2050 1933 19 2045 1934 28 2049 1932 136 2046 1935 19 2045 1934 28 2050 1933 19 1861 1653 149 1518 1936 148 1516 1652 149 2051 1937 148 1518 1936 148 1861 1653 149 2051 1937 148 1520 1938 148 1518 1936 148 2052 1939 148 1520 1938 148 2051 1937 148 2055 1203 150 2054 1941 130 2053 1940 150 1261 1205 19 2054 1941 130 2055 1203 150 1261 1205 19 2057 1370 129 2056 1941 226 1260 1204 19 2057 1370 129 1261 1205 19 1187 1942 112 972 950 19 971 949 19 1186 1943 110 972 950 19 1187 1942 112 1260 1204 19 2059 1369 165 2058 1370 150 2060 1202 127 2059 1369 165 1260 1204 19 2061 1946 215 967 1945 19 965 1944 19 2062 1947 216 967 1945 19 2061 1946 215 969 1949 91 2062 1947 216 2063 1948 217 967 1945 19 2062 1947 216 969 1949 91 971 1951 19 2064 1950 218 1187 1125 112 2065 1952 213 2064 1950 218 971 1951 19 1186 1943 110 781 759 19 972 950 19 814 1953 74 781 759 19 1186 1943 110 814 1953 74 783 761 19 781 759 19 813 1954 73 783 761 19 814 1953 74 813 1954 73 784 762 19 783 761 19 811 1955 72 784 762 19 813 1954 73 811 1955 72 973 951 19 784 762 19 809 1956 70 973 951 19 811 1955 72 809 1956 70 856 830 19 973 951 19 807 1957 68 856 830 19 809 1956 70 807 1957 68 2066 1958 19 856 830 19 1165 1959 115 2066 1958 19 807 1957 68 1165 1959 115 2067 1960 19 2066 1958 19 2068 1961 219 2067 1960 19 1165 1959 115 2068 1964 219 2069 1963 213 2067 1962 19 2070 1965 220 2069 1963 213 2068 1964 219 2073 1202 227 2072 1940 227 2071 1369 227 2074 1203 227 2072 1940 227 2073 1202 227 975 1968 19 2076 1967 216 2075 1966 215 977 1969 19 2076 1967 216 975 1968 19 1166 1971 116 2068 1964 219 1165 1970 115 2077 1972 121 2068 1964 219 1166 1971 116 2077 1972 121 2070 1965 220 2068 1964 219 2078 1973 114 2070 1965 220 2077 1972 121 2080 1975 221 2076 1967 216 2079 1974 217 2081 1976 222 2076 1967 216 2080 1975 221 2075 1966 215 2081 1976 222 2082 1977 223 2076 1967 216 2081 1976 222 2075 1966 215 2083 1978 224 2062 1947 216 2061 1946 215 2084 1979 222 2062 1947 216 2083 1978 224 2063 1948 217 2084 1979 222 2085 1980 225 2062 1947 216 2084 1979 222 2063 1948 217 2065 1981 213 964 942 19 2021 1897 213 971 949 19 964 942 19 2065 1981 213 2088 1207 165 2087 1983 150 2086 1982 150 1265 1209 19 2087 1983 150 2088 1207 165 1265 1209 19 2090 1984 151 2089 1983 228 1264 1208 19 2090 1984 151 1265 1209 19 1264 1208 19 2092 1985 153 2091 1984 153 2093 1206 153 2092 1985 153 1264 1208 19 2096 1206 227 2095 1982 227 2094 1985 227 2097 1207 227 2095 1982 227 2096 1206 227 2100 1211 150 2099 1987 131 2098 1986 153 1269 1213 19 2099 1987 131 2100 1211 150 1269 1213 19 2102 1983 151 2101 1987 103 1268 1212 19 2102 1983 151 1269 1213 19 2066 1958 19 855 829 83 856 830 19 2067 1960 19 855 829 83 2066 1958 19 2103 1988 146 2039 1921 28 2041 1922 146 2104 1989 19 2039 1921 28 2103 1988 146 2104 1991 19 2105 1990 28 2039 1918 28 2106 1992 19 2105 1990 28 2104 1991 19 2106 1995 19 2107 1994 135 2105 1993 28 2108 1996 19 2107 1994 135 2106 1995 19 2108 1996 19 2041 1922 146 2107 1994 135 2103 1988 146 2041 1922 146 2108 1996 19 2048 1931 146 2046 1935 19 2050 1933 19 2047 1930 19 2046 1935 19 2048 1931 146 2007 1869 145 2004 1873 19 2009 1871 146 2005 1868 144 2004 1873 19 2007 1869 145 2110 1998 147 1811 1595 147 2109 1997 147 1813 1597 147 1811 1595 147 2110 1998 147 1818 1602 147 2111 1999 147 1816 1600 147 2112 2000 147 2111 1999 147 1818 1602 147 1268 1212 19 2113 1982 149 2087 1983 150 2114 1210 127 2113 1982 149 1268 1212 19 2117 1210 6 2116 1986 3 2115 1982 6 2118 1211 3 2116 1986 3 2117 1210 6 2121 1215 131 2120 2002 130 2119 2001 131 1273 1217 19 2120 2002 130 2121 1215 131 1273 1217 19 2123 1987 151 2122 2002 151 1272 1216 19 2123 1987 151 1273 1217 19 1272 1216 19 2125 1986 229 2124 1987 229 2126 1214 229 2125 1986 229 1272 1216 19 2127 2003 215 976 954 19 974 952 19 2128 2004 216 976 954 19 2127 2003 215 978 956 91 2128 2004 216 2129 2005 217 976 954 19 2128 2004 216 978 956 91 2131 2007 218 854 828 19 2130 2006 213 1233 1177 112 854 828 19 2131 2007 218 1233 1177 112 667 657 19 854 828 19 1232 1175 110 667 657 19 1233 1177 112 1232 1175 110 666 656 19 667 657 19 795 2008 74 666 656 19 1232 1175 110 795 2008 74 1835 2009 19 666 656 19 794 2010 73 1835 2009 19 795 2008 74 794 2010 73 981 2011 19 1835 2009 19 792 2012 72 981 2011 19 794 2010 73 792 2013 72 982 960 19 981 959 19 790 2014 70 982 960 19 792 2013 72 790 2014 70 852 826 19 982 960 19 788 2015 68 852 826 19 790 2014 70 788 2015 68 2132 2016 19 852 826 19 1215 2017 115 2132 2016 19 788 2015 68 1215 2017 115 2133 2018 19 2132 2016 19 2134 2019 219 2133 2018 19 1215 2017 115 2134 2019 219 2135 2020 213 2133 2018 19 2136 2021 220 2135 2020 213 2134 2019 219 2137 2022 217 986 964 19 988 966 91 2138 2023 216 986 964 19 2137 2022 217 984 962 19 2138 2023 216 2139 2024 215 986 964 19 2138 2023 216 984 962 19 1216 2025 116 2134 2019 219 1215 2017 115 2140 2026 121 2134 2019 219 1216 2025 116 2140 2026 121 2136 2021 220 2134 2019 219 2141 2027 114 2136 2021 220 2140 2026 121 2142 2028 221 2138 2023 216 2137 2022 217 2143 2029 222 2138 2023 216 2142 2028 221 2139 2024 215 2143 2029 222 2144 2030 223 2138 2023 216 2143 2029 222 2139 2024 215 2145 2031 224 2128 2004 216 2127 2003 215 2146 2032 222 2128 2004 216 2145 2031 224 2129 2005 217 2146 2032 222 2147 2033 225 2128 2004 216 2146 2032 222 2129 2005 217 2130 2006 213 2067 1960 19 2069 2034 213 854 828 19 2067 1960 19 2130 2006 213 2150 1214 8 2149 2001 3 2148 1986 8 2151 1215 3 2149 2001 3 2150 1214 8 2154 1219 230 2153 2036 230 2152 2035 230 1277 1221 19 2153 2036 230 2154 1219 230 1277 1221 19 2122 2002 151 2155 2036 151 1276 1220 19 2122 2002 151 1277 1221 19 1276 1220 19 2156 2001 130 2120 2002 130 2157 1218 131 2156 2001 130 1276 1220 19 2132 2016 19 851 825 19 852 826 19 2133 2018 19 851 825 19 2132 2016 19 1816 1600 147 2158 2037 28 2045 1927 28 2111 1999 147 2158 2037 28 1816 1600 147 2109 1997 147 2105 1990 28 2159 2038 28 1811 1595 147 2105 1990 28 2109 1997 147 2160 2040 147 1520 1473 148 2111 2039 147 1519 1472 147 1520 1473 148 2160 2040 147 1846 1635 147 2109 2041 147 1845 1634 149 2161 2042 147 2109 2041 147 1846 1635 147 1845 1926 149 2159 2043 28 2044 1925 149 2109 2044 147 2159 2043 28 1845 1926 149 2111 2046 147 2052 1939 148 2158 2045 28 1520 1938 148 2052 1939 148 2111 2046 147 2164 2049 74 2163 2048 71 2162 2047 73 2165 2050 71 2163 2048 71 2164 2049 74 2164 2051 74 842 816 19 675 665 19 2162 2052 73 842 816 19 2164 2051 74 2167 1218 3 2166 2035 3 2149 2001 3 2168 1219 3 2166 2035 3 2167 1218 3 1162 2053 112 676 666 19 850 824 19 1160 2054 110 676 666 19 1162 2053 112 2171 1223 127 2170 2056 231 2169 2055 127 1281 1225 19 2170 2056 231 2171 1223 127 1281 1225 19 2173 2036 228 2172 2056 226 1280 1224 19 2173 2036 228 1281 1225 19 1280 1224 19 2175 2035 233 2174 2036 232 2176 1222 233 2175 2035 233 1280 1224 19 2177 2059 215 985 2058 19 983 2057 19 2178 2060 216 985 2058 19 2177 2059 215 987 2062 91 2178 2060 216 2179 2061 217 985 2058 19 2178 2060 216 987 2062 91 850 2064 19 2180 2063 218 1162 1100 112 2181 2065 213 2180 2063 218 850 2064 19 1160 2054 110 675 665 19 676 666 19 2164 2051 74 675 665 19 1160 2054 110 2162 2052 73 844 818 19 842 816 19 2182 2066 72 844 818 19 2162 2052 73 2183 2067 224 2178 2060 216 2177 2059 215 2184 2068 222 2178 2060 216 2183 2067 224 2179 2061 217 2184 2068 222 2185 2069 225 2178 2060 216 2184 2068 222 2179 2061 217 1161 2071 111 2164 2049 74 1160 2070 110 2165 2050 71 2164 2049 74 1161 2071 111 2163 2048 71 2182 2072 72 2162 2047 73 2186 2073 234 2182 2072 72 2163 2048 71 2181 2074 213 2133 2018 19 2135 2020 213 850 824 19 2133 2018 19 2181 2074 213 843 817 55 2187 2075 28 989 967 28 845 819 28 2187 2075 28 843 817 55 2188 2076 150 2159 2038 28 2105 1990 28 2189 2077 19 2159 2038 28 2188 2076 150 2189 2079 19 2190 1941 151 2159 2078 28 2191 2080 19 2190 1941 151 2189 2079 19 2191 2080 19 2192 1940 130 2054 1941 130 2193 2081 152 2192 1940 130 2191 2080 19 2195 2082 150 2091 1984 153 2194 1985 150 2196 2083 19 2091 1984 153 2195 2082 150 2197 2086 70 643 2085 19 1190 2084 19 2198 2087 68 643 2085 19 2197 2086 70 2199 2088 69 2198 2087 68 2197 2086 70 2200 2089 117 2198 2087 68 2199 2088 69 2198 2087 68 2202 2091 116 2201 2090 115 2200 2089 117 2202 2091 116 2198 2087 68 2198 2092 68 644 635 19 643 634 19 2201 2093 115 644 635 19 2198 2092 68 2203 2095 235 1190 2084 19 1000 2094 19 2197 2086 70 1190 2084 19 2203 2095 235 2201 2093 115 1836 1626 19 644 635 19 2204 2096 219 1836 1626 19 2201 2093 115 2204 2099 219 2205 2098 213 1836 2097 19 2206 2100 220 2205 2098 213 2204 2099 219 2207 2103 217 993 2102 19 995 2101 91 2208 2104 216 993 2102 19 2207 2103 217 991 2106 19 2208 2104 216 2209 2105 215 993 2102 19 2208 2104 216 991 2106 19 2210 2107 236 2197 2086 70 2203 2095 235 2199 2088 69 2197 2086 70 2210 2107 236 2202 2109 116 2204 2099 219 2201 2108 115 2211 2110 121 2204 2099 219 2202 2109 116 2211 2110 121 2206 2100 220 2204 2099 219 2212 2111 114 2206 2100 220 2211 2110 121 2213 2112 221 2208 2104 216 2207 2103 217 2214 2113 222 2208 2104 216 2213 2112 221 2209 2105 215 2214 2113 222 2215 2114 223 2208 2104 216 2214 2113 222 2209 2105 215 2196 2083 19 2158 2115 28 2090 1984 151 2216 2116 19 2158 2115 28 2196 2083 19 2216 2117 19 2045 1927 28 2158 2037 28 2217 2118 150 2045 1927 28 2216 2117 19 2191 2080 19 2219 2119 135 2218 2081 134 2189 2079 19 2219 2119 135 2191 2080 19 2216 2116 19 2221 2082 134 2220 2120 135 2196 2083 19 2221 2082 134 2216 2116 19 1815 1599 147 2045 1927 28 2003 1863 28 1816 1600 147 2045 1927 28 1815 1599 147 1801 1577 147 2003 1863 28 1800 1576 28 1815 1599 147 2003 1863 28 1801 1577 147 2223 1222 3 2222 2055 16 2166 2035 3 2224 1223 16 2222 2055 16 2223 1222 3 1285 1229 19 2172 2056 226 2225 1622 226 1284 1228 19 2172 2056 226 1285 1229 19 1284 1228 19 2227 2055 237 2226 2056 150 2228 1226 237 2227 2055 237 1284 1228 19 2231 1226 227 2230 1621 227 2229 2055 227 2232 1227 227 2230 1621 227 2231 1226 227 2235 1231 150 2234 2122 150 2233 2121 150 1289 1233 19 2234 2122 150 2235 1231 150 2236 2123 215 992 970 19 990 968 19 2237 2124 216 992 970 19 2236 2123 215 994 972 91 2237 2124 216 2238 2125 217 992 970 19 2237 2124 216 994 972 91 2240 2127 218 1213 1156 19 2239 2126 213 1181 1117 112 1213 1156 19 2240 2127 218 1181 1117 112 1212 1155 19 1213 1156 19 1180 1115 110 1212 1155 19 1181 1117 112 1180 1115 110 638 629 19 1212 1155 19 771 2128 74 638 629 19 1180 1115 110 771 2128 74 636 627 19 638 629 19 770 2129 73 636 627 19 771 2128 74 770 2129 73 635 626 19 636 627 19 768 2130 72 635 626 19 770 2129 73 768 2133 72 822 2132 19 635 2131 19 766 2134 70 822 2132 19 768 2133 72 766 2134 70 821 983 19 822 2132 19 764 2135 68 821 983 19 766 2134 70 764 2135 68 1004 984 19 821 983 19 1174 2136 115 1004 984 19 764 2135 68 1174 2136 115 1005 985 19 1004 984 19 2241 2137 219 1005 985 19 1174 2136 115 2241 2137 219 2242 2138 213 1005 985 19 2243 2139 220 2242 2138 213 2241 2137 219 2244 2140 217 1009 989 19 1011 991 91 2245 2141 216 1009 989 19 2244 2140 217 1007 987 19 2245 2141 216 2246 2142 215 1009 989 19 2245 2141 216 1007 987 19 1175 2143 116 2241 2137 219 1174 2136 115 2247 2144 121 2241 2137 219 1175 2143 116 2247 2144 121 2243 2139 220 2241 2137 219 2248 2145 114 2243 2139 220 2247 2144 121 2249 2146 221 2245 2141 216 2244 2140 217 2250 2147 222 2245 2141 216 2249 2146 221 2246 2142 215 2250 2147 222 2251 2148 223 2245 2141 216 2250 2147 222 2246 2142 215 2252 2149 224 2237 2124 216 2236 2123 215 2253 2150 222 2237 2124 216 2252 2149 224 2238 2125 217 2253 2150 222 2254 2151 225 2237 2124 216 2253 2150 222 2238 2125 217 1836 1626 19 2239 2126 213 1213 1156 19 2205 2152 213 2239 2126 213 1836 1626 19 826 801 28 639 630 56 637 628 55 996 974 28 639 630 56 826 801 28 1289 1233 19 2256 1622 228 2255 2122 129 1288 1232 19 2256 1622 228 1289 1233 19 1288 1232 19 2257 1621 155 1832 1622 150 2258 1230 127 2257 1621 155 1288 1232 19 2261 1230 16 2260 2121 10 2259 1621 16 2262 1231 10 2260 2121 10 2261 1230 16 2265 1235 153 2264 2154 131 2263 2153 153 1293 1237 19 2264 2154 131 2265 1235 153 1811 1595 147 2039 1918 28 2105 1990 28 1812 1596 147 2039 1918 28 1811 1595 147 1812 1596 147 1809 1586 28 2039 1918 28 1806 1583 147 1809 1586 28 1812 1596 147 2040 1923 19 2037 1916 145 2042 1924 146 2038 1917 144 2037 1916 145 2040 1923 19 1293 1237 19 2267 2122 226 2266 2154 226 1292 1236 19 2267 2122 226 1293 1237 19 2106 1995 19 2103 1988 146 2108 1996 19 2104 1989 19 2103 1988 146 2106 1995 19 1292 1236 19 2269 2121 229 2268 2122 229 2270 1234 229 2269 2121 229 1292 1236 19 2273 1234 3 2272 2153 6 2271 2121 3 2274 1235 6 2272 2153 6 2273 1234 3 2277 1239 229 2276 2156 230 2275 2155 232 1297 1241 19 2276 2156 230 2277 1239 229 1297 1241 19 2279 2154 151 2278 2156 151 1296 1240 19 2279 2154 151 1297 1241 19 1205 2157 112 1013 993 19 1012 992 19 1204 2158 110 1013 993 19 1205 2157 112 1296 1240 19 2263 2153 153 2264 2154 131 2280 1238 150 2263 2153 153 1296 1240 19 2281 2161 215 1008 2160 19 1006 2159 19 2282 2162 216 1008 2160 19 2281 2161 215 2079 1974 217 977 1969 19 979 2163 91 2076 1967 216 977 1969 19 2079 1974 217 1012 2165 19 2283 2164 218 1205 1147 112 2284 2166 213 2283 2164 218 1012 2165 19 1204 2158 110 725 713 19 1013 993 19 744 2167 74 725 713 19 1204 2158 110 744 2167 74 727 715 19 725 713 19 743 2168 73 727 715 19 744 2167 74 743 2168 73 728 716 19 727 715 19 741 2169 72 728 716 19 743 2168 73 741 2169 72 1014 994 19 728 716 19 739 2170 70 1014 994 19 741 2169 72 739 2170 70 595 595 19 1014 994 19 737 2171 68 595 595 19 739 2170 70 737 2171 68 596 596 19 595 595 19 1198 2172 115 596 596 19 737 2171 68 1198 2172 115 835 810 19 596 596 19 2285 2173 219 835 810 19 1198 2172 115 2285 2176 219 2034 2175 213 835 2174 19 2286 2177 220 2034 2175 213 2285 2176 219 2287 2180 217 957 2179 19 959 2178 91 2288 2181 216 957 2179 19 2287 2180 217 955 2183 19 2288 2181 216 2289 2182 215 957 2179 19 2288 2181 216 955 2183 19 1199 2185 118 2285 2176 219 1198 2184 115 2290 2186 121 2285 2176 219 1199 2185 118 2290 2186 121 2286 2177 220 2285 2176 219 2291 2187 114 2286 2177 220 2290 2186 121 2292 2188 238 2288 2181 216 2287 2180 217 2293 2189 239 2288 2181 216 2292 2188 238 2289 2182 215 2293 2189 239 2294 2190 240 2288 2181 216 2293 2189 239 2289 2182 215 2295 2191 224 2282 2162 216 2281 2161 215 2296 2192 239 2282 2162 216 2295 2191 224 2298 2194 217 2296 2192 239 2297 2193 238 2282 2162 216 2296 2192 239 2298 2194 217 2284 2195 213 1005 985 19 2242 2138 213 1012 992 19 1005 985 19 2284 2195 213 2300 1238 6 2299 2155 3 2272 2153 6 2301 1239 3 2299 2155 3 2300 1238 6 2304 1243 142 2303 2197 165 2302 2196 241 1301 1245 19 2303 2197 165 2304 1243 142 1301 1245 19 2278 2156 151 2305 2197 151 1300 1244 19 2278 2156 151 1301 1245 19 1300 1244 19 2307 2155 130 2306 2156 130 2308 1242 153 2307 2155 130 1300 1244 19 2311 2200 242 2310 2199 118 2309 2198 70 2312 2201 69 2310 2199 118 2311 2200 242 846 820 19 2309 2203 70 2313 2202 123 2311 2204 242 2309 2203 70 846 820 19 2315 2206 123 2309 2203 70 2314 2205 243 2313 2202 123 2309 2203 70 2315 2206 123 1840 1630 169 2317 2208 245 2316 2207 244 2318 2209 246 2317 2208 245 1840 1630 169 2319 2210 128 2210 2107 236 2203 2095 235 1843 1633 172 2210 2107 236 2319 2210 128 1001 2211 93 1841 1631 170 2319 2210 128 1226 2212 93 1841 1631 170 1001 2211 93 1220 2213 122 2318 2209 246 1840 1630 169 1222 2214 123 2318 2209 246 1220 2213 122 2322 1242 6 2321 2196 13 2320 2155 6 2323 1243 13 2321 2196 13 2322 1242 6 2326 1247 247 2325 2216 127 2324 2215 127 1305 1249 19 2325 2216 127 2326 1247 247 1305 1249 19 2328 2197 226 2327 2216 226 1304 1248 19 2328 2197 226 1305 1249 19 1304 1248 19 2302 2196 241 2303 2197 165 2329 1246 241 2302 2196 241 1304 1248 19 2332 1246 227 2331 2215 133 2330 2196 227 2333 1247 133 2331 2215 133 2332 1246 227 2336 1251 150 2335 2218 130 2334 2217 150 1309 1253 19 2335 2218 130 2336 1251 150 1905 2220 19 1910 1732 184 1922 2219 19 1892 1708 177 1910 1732 184 1905 2220 19 1901 2223 19 1960 2222 205 2337 2221 205 1921 2224 192 1960 2222 205 1901 2223 19 2338 2225 0 1950 1762 202 1948 1773 0 2339 1714 201 1950 1762 202 2338 2225 0 2341 1712 74 2338 2225 0 2340 2226 0 2339 1714 201 2338 2225 0 2341 1712 74 2343 1708 249 2340 2228 0 2342 2227 248 2341 1710 74 2340 2228 0 2343 1708 249 2342 2227 248 2344 1732 250 2343 1708 249 2345 2229 248 2344 1732 250 2342 2227 248 2347 1730 252 2345 2229 248 2346 2230 251 2344 1732 250 2345 2229 248 2347 1730 252 2349 2233 230 2346 2232 251 2348 2231 0 2347 2234 252 2346 2232 251 2349 2233 230 1947 1772 201 2348 2231 0 1945 1770 0 2349 2233 230 2348 2231 0 1947 1772 201 2350 2235 0 1946 1771 200 1944 1769 0 2351 1809 253 1946 1771 200 2350 2235 0 1935 2238 19 1929 2237 194 1938 2236 19 1931 2239 194 1929 2237 194 1935 2238 19 2353 2242 254 1894 2241 19 2352 2240 254 1930 2243 19 1894 2241 19 2353 2242 254 1890 1704 176 2352 2244 254 1889 1703 19 2353 2245 254 2352 2244 254 1890 1704 176 1923 1745 182 1905 1725 19 1922 1744 19 1906 1727 182 1905 1725 19 1923 1745 182 1907 1734 19 2354 2246 255 1911 1733 185 2355 2247 255 2354 2246 255 1907 1734 19 2355 2248 255 1919 1740 2 2354 1005 255 1920 2249 19 1919 1740 2 2355 2248 255 1964 1787 204 1956 2250 174 1963 1786 207 1958 2251 174 1956 2250 174 1964 1787 204 1888 1011 174 2356 2252 190 1915 1012 189 2357 2253 188 2356 2252 190 1888 1011 174 2314 2205 243 1223 1165 59 2315 2206 123 2358 2254 256 1223 1165 59 2314 2205 243 2358 2256 256 1222 2214 123 1223 2255 59 2318 2209 246 1222 2214 123 2358 2256 256 2358 2256 256 2360 2258 121 2359 2257 111 2314 2259 243 2360 2258 121 2358 2256 256 2359 2257 111 2318 2209 246 2358 2256 256 2317 2208 245 2318 2209 246 2359 2257 111 1225 2261 28 1220 1162 122 1224 2260 124 1219 1161 28 1220 1162 122 1225 2261 28 1309 1253 19 2362 2216 151 2361 2218 151 1308 1252 19 2362 2216 151 1309 1253 19 2363 2262 28 1223 1165 59 1221 1163 28 2364 2263 28 1223 1165 59 2363 2262 28 2364 2263 28 2315 2206 123 1223 1165 59 848 822 28 2315 2206 123 2364 2263 28 1308 1252 19 2324 2215 127 2325 2216 127 2365 1250 127 2324 2215 127 1308 1252 19 1220 2213 122 1839 1629 168 1224 2264 124 1840 1630 169 1839 1629 168 1220 2213 122 1839 1629 168 1226 2212 93 1224 2264 124 1841 1631 170 1226 2212 93 1839 1629 168 1001 2211 93 2203 2095 235 1000 2094 19 2319 2210 128 2203 2095 235 1001 2211 93 2368 1250 257 2367 2217 3 2366 2215 257 2369 1251 3 2367 2217 3 2368 1250 257 1019 2265 67 710 698 67 712 700 67 1020 1022 67 710 698 67 1019 2265 67 2372 1255 150 2371 2267 130 2370 2266 150 1313 1257 19 2371 2267 130 2372 1255 150 2182 2066 72 846 820 19 844 818 19 2311 2204 242 846 820 19 2182 2066 72 2186 2073 234 2311 2200 242 2182 2072 72 2312 2201 69 2311 2200 242 2186 2073 234 2313 2202 123 848 822 28 846 820 19 2315 2206 123 848 822 28 2313 2202 123 1451 1398 28 2374 1485 16 2373 1402 6 2375 1491 5 2374 1485 16 1451 1398 28 2377 1483 257 1459 1406 28 2376 1408 6 2378 1484 257 1459 1406 28 2377 1483 257 2045 1934 28 2380 1985 16 2379 1932 6 2381 2120 5 2380 1985 16 2045 1934 28 2383 1940 257 2105 1993 28 2382 1994 6 2384 2081 257 2105 1993 28 2383 1940 257 1384 1326 28 2386 1369 16 2385 1330 6 2387 1375 5 2386 1369 16 1384 1326 28 2389 1194 257 1392 1334 28 2388 1336 6 2390 1368 257 1392 1334 28 2389 1194 257 1313 1257 19 2361 2218 151 2391 2267 129 1312 1256 19 2361 2218 151 1313 1257 19 1312 1256 19 2393 2217 233 2392 2218 232 2394 1254 233 2393 2217 233 1312 1256 19 2396 1254 3 2395 2266 10 2367 2217 3 2397 1255 10 2395 2266 10 2396 1254 3 2400 1259 130 2399 2269 229 2398 2268 130 1317 1261 19 2399 2269 229 2400 1259 130 1317 1261 19 2391 2267 129 2401 2269 129 1316 1260 19 2391 2267 129 1317 1261 19 1316 1260 19 2370 2266 150 2402 2267 153 2403 1258 150 2370 2266 150 1316 1260 19 2406 1258 5 2405 2268 3 2404 2266 5 2407 1259 3 2405 2268 3 2406 1258 5 2410 1263 127 2409 2271 150 2408 2270 127 1321 1265 19 2409 2271 150 2410 1263 127 1321 1265 19 2412 2269 226 2411 2271 129 1320 1264 19 2412 2269 226 1321 1265 19 1320 1264 19 2414 2268 150 2413 2269 131 2415 1262 150 2414 2268 150 1320 1264 19 2418 1262 5 2417 2270 16 2416 2268 5 2419 1263 16 2417 2270 16 2418 1262 5 888 862 28 1171 284 53 1169 282 53 887 861 28 1171 284 53 888 862 28 2422 1267 153 2421 2273 130 2420 2272 153 1325 1269 19 2421 2273 130 2422 1267 153 1325 1269 19 2424 2271 151 2423 2273 151 1324 1268 19 2424 2271 151 1325 1269 19 2425 358 53 803 778 28 1170 360 52 1085 356 53 803 778 28 2425 358 53 858 832 28 1089 288 53 1172 1107 28 776 754 28 1089 288 53 858 832 28 1324 1268 19 2408 2270 127 2409 2271 150 2426 1266 127 2408 2270 127 1324 1268 19 2429 1266 258 2428 2272 259 2427 2270 258 2430 1267 258 2428 2272 259 2429 1266 258 2433 1271 130 2432 2275 130 2431 2274 130 1329 1273 19 2432 2275 130 2433 1271 130 1329 1273 19 2423 2273 151 2434 2275 151 1328 1272 19 2423 2273 151 1329 1273 19 1328 1272 19 2420 2272 153 2421 2273 130 2435 1270 150 2420 2272 153 1328 1272 19 2438 1270 16 2437 2274 3 2436 2272 13 2439 1271 10 2437 2274 3 2438 1270 16 2442 1275 233 2441 2277 232 2440 2276 233 1333 1277 19 2441 2277 232 2442 1275 233 1333 1277 19 2434 2275 151 2443 2277 151 1332 1276 19 2434 2275 151 1333 1277 19 1332 1276 19 2445 2274 229 2444 2275 232 2446 1274 229 2445 2274 229 1332 1276 19 2448 1274 3 2447 2276 3 2437 2274 3 2449 1275 3 2447 2276 3 2448 1274 3 2452 1279 229 2451 2279 232 2450 2278 229 1337 1281 19 2451 2279 232 2452 1279 229 1337 1281 19 2454 2277 228 2453 2279 151 1336 1280 19 2454 2277 228 1337 1281 19 1336 1280 19 2456 2276 230 2455 2277 230 2457 1278 232 2456 2276 230 1336 1280 19 2459 1278 3 2458 2278 3 2447 2276 3 2460 1279 3 2458 2278 3 2459 1278 3 1339 1283 138 2462 2281 150 2461 2280 260 1341 1285 19 2462 2281 150 1339 1283 138 1341 1285 19 2453 2279 151 2463 2281 151 1340 1284 19 2453 2279 151 1341 1285 19 1340 1284 19 2465 2278 153 2464 2279 153 2466 1282 150 2465 2278 153 1340 1284 19 2468 1282 10 2461 2280 260 2467 2278 10 1339 1283 138 2461 2280 260 2468 1282 10 2471 1287 150 2470 1481 261 2469 1483 150 1345 1289 19 2470 1481 261 2471 1287 150 1345 1289 19 2463 2281 151 1525 1481 151 1344 1288 19 2463 2281 151 1345 1289 19 703 691 28 701 689 66 1117 1055 28 702 690 29 701 689 66 703 691 28 657 647 28 655 645 39 704 692 28 656 646 29 655 645 39 657 647 28 580 580 28 578 578 29 658 648 28 579 579 29 578 578 29 580 580 28 1344 1288 19 2461 2280 260 2462 2281 150 1342 1286 139 2461 2280 260 1344 1288 19 1342 1286 139 2472 1483 227 2461 2280 260 2473 1287 227 2472 1483 227 1342 1286 139 2474 2282 19 355 357 19 1211 1153 19 1124 1062 19 355 357 19 2474 2282 19 285 287 19 862 836 19 283 285 19 287 289 19 862 836 19 285 287 19 2477 1291 153 2476 2284 130 2475 2283 131 1349 1293 19 2476 2284 130 2477 1291 153 1349 1293 19 1534 1486 151 2478 2284 151 1348 1292 19 1534 1486 151 1349 1293 19 1348 1292 19 1530 1485 150 2479 1486 131 2480 1290 150 1530 1485 150 1348 1292 19 2483 1290 4 2482 2283 4 2481 1485 262 2484 1291 4 2482 2283 4 2483 1290 4 2487 1295 232 2486 2286 230 2485 2285 232 1353 1297 19 2486 2286 230 2487 1295 232 1353 1297 19 2478 2284 151 2488 2286 129 1352 1296 19 2478 2284 151 1353 1297 19 1352 1296 19 2490 2283 165 2489 2284 150 2491 1294 127 2490 2283 165 1352 1296 19 2494 1294 3 2493 2285 263 2492 2283 3 2495 1295 263 2493 2285 263 2494 1294 3 2498 1299 230 2497 2288 264 2496 2287 230 1357 1301 19 2497 2288 264 2498 1299 230 1357 1301 19 2500 2286 226 2499 2288 226 1356 1300 19 2500 2286 226 1357 1301 19 1356 1300 19 2485 2285 232 2501 2286 232 2502 1298 232 2485 2285 232 1356 1300 19 2505 1298 215 2504 2287 215 2503 2285 215 2506 1299 215 2504 2287 215 2505 1298 215 2509 1303 229 2508 2290 232 2507 2289 229 1361 1305 19 2508 2290 232 2509 1303 229 1361 1305 19 2511 2288 151 2510 2290 226 1360 1304 19 2511 2288 151 1361 1305 19 1360 1304 19 2513 2287 232 2512 2288 232 2514 1302 232 2513 2287 232 1360 1304 19 2516 1302 215 2515 2289 265 2504 2287 215 2517 1303 265 2515 2289 265 2516 1302 215 2519 1307 150 1251 1198 130 2518 1200 150 1365 1309 19 1251 1198 130 2519 1307 150 1365 1309 19 2510 2290 226 2520 1198 226 1364 1308 19 2510 2290 226 1365 1309 19 1364 1308 19 2507 2289 229 2508 2290 232 2521 1306 229 2507 2289 229 1364 1308 19 2524 1306 14 2523 1200 3 2522 2289 14 2525 1307 3 2523 1200 3 2524 1306 14 1010 2291 91 2282 2162 216 2298 2194 217 1008 2160 19 2282 2162 216 1010 2291 91 849 823 82 569 569 2 416 418 2 1195 1133 114 1193 1131 112 2019 1886 218 1726 1525 67 1721 1520 67 1769 1558 67 1834 1623 19 1157 1095 19 1154 1092 19 1154 1092 19 1153 1091 19 1834 1623 19 1785 1541 147 1783 1542 147 1784 1542 19 1164 1102 114 1162 1100 112 2180 2063 218 1707 1515 28 1682 1033 28 1683 1031 28 1152 1090 19 1155 1093 19 1834 1623 19 1834 1623 19 2474 2282 19 1211 1153 19 850 824 19 851 825 19 2133 2018 19 1777 1564 147 1775 1562 19 1776 1563 147 1834 1623 19 1127 1065 19 1128 1066 19 1770 1559 19 1771 1526 19 1786 1540 147 422 424 28 420 422 28 698 686 28 1834 1623 19 1153 1091 19 1150 1088 19 1767 1556 19 1772 1555 19 1768 1557 147 1579 1043 28 1580 1041 28 1569 1508 28 1762 1538 147 1763 1537 19 1782 1537 147 1126 1064 19 1125 1063 19 1834 1623 19 1128 1066 19 1131 1069 19 1834 1623 19 1589 1516 28 1567 1029 28 1568 1027 28 1758 1552 147 1761 1553 147 1757 1551 19 1834 1623 19 861 835 19 862 836 19 1754 1531 19 1755 1549 19 1764 1536 147 1243 1193 106 1241 1191 125 1884 1700 107 401 772 28 686 675 28 684 673 2 1901 2223 19 1928 2221 181 1902 2292 19 1841 1631 170 1839 1629 168 1837 1627 166 1834 1623 19 1151 1089 19 1152 1090 19 392 394 28 390 392 2 694 682 28 1752 1546 147 1756 1550 19 1753 1548 19 1150 1088 19 1149 1087 19 1834 1623 19 1148 1086 19 1151 1089 19 1834 1623 19 1834 1623 19 1149 1087 19 1146 1084 19 560 559 46 454 455 29 559 558 29 1132 1070 19 1135 1073 19 1834 1623 19 1699 1043 28 1700 1041 28 1689 1508 28 853 827 34 393 395 2 395 397 2 1834 1623 19 1147 1085 19 1148 1086 19 2310 2199 118 2526 2293 106 2309 2198 70 1722 1521 67 1731 1530 67 1721 1520 67 1124 1062 19 2474 2282 19 1834 1623 19 1189 1127 114 1187 1125 112 2064 1950 218 1134 1072 19 1133 1071 19 1834 1623 19 2374 1485 16 2375 1491 5 2527 1487 16 433 435 29 431 433 31 875 849 29 1459 1406 28 2378 1484 257 2528 1479 3 1146 1084 19 1145 1083 19 1834 1623 19 2380 1985 16 2381 2120 5 2529 2082 16 630 621 2 632 623 2 681 533 43 2105 1993 28 2384 2081 257 2530 2119 3 1144 1082 19 1147 1085 19 1834 1623 19 2386 1369 16 2387 1375 5 2531 1371 16 401 403 28 403 405 28 686 675 28 1392 1334 28 2390 1368 257 2532 1365 3 2309 2198 70 2526 2293 106 2314 2259 243 1834 1623 19 1145 1083 19 1142 1080 19 862 836 19 1127 1065 19 1834 1623 19 1834 1623 19 1143 1081 19 1144 1082 19 2314 2259 243 2526 2293 106 2360 2258 121 2000 2295 19 1992 1858 28 1995 2294 28 1142 1080 19 1141 1079 19 1834 1623 19 497 497 29 1796 1573 28 499 499 28 1140 1078 19 1143 1081 19 1834 1623 19 1834 1623 19 1141 1079 19 1138 1076 19 1834 1623 19 1139 1077 19 1140 1078 19 679 669 2 549 548 43 1083 1046 33 1138 1076 19 1137 1075 19 1834 1623 19 1183 1119 114 1181 1117 112 2240 2127 218 1136 1074 19 1139 1077 19 1834 1623 19 1834 1623 19 1137 1075 19 1134 1072 19 1834 1623 19 1135 1073 19 1136 1074 19 662 652 28 664 654 62 1237 2296 28 374 376 2 372 374 33 1214 533 34 1638 1552 147 1641 1553 147 1637 1551 19 1606 1525 67 1601 1520 67 1649 1558 67 1665 1541 147 1663 1542 147 1664 1542 19 1657 1564 147 1655 1562 19 1656 1563 147 1650 1559 19 1651 1526 19 1666 1540 147 1834 1623 19 1129 1067 19 1126 1064 19 2111 1999 147 2112 2000 147 2160 2297 147 1834 1623 19 1131 1069 19 1132 1070 19 1647 1556 19 1652 1555 19 1648 1557 147 1548 2299 160 1983 2298 19 1985 1854 28 879 853 67 2002 1862 67 1229 1171 67 1834 1623 19 1133 1071 19 1130 1068 19 2161 2300 147 2110 1998 147 2109 1997 147 1130 1068 19 1129 1067 19 1834 1623 19 1932 2303 195 1894 2302 19 1930 2301 19 500 500 29 502 502 28 1116 1054 29 1642 1538 147 1643 1537 19 1662 1537 147 1634 1531 19 1635 1549 19 1644 1536 147 1632 1546 147 1636 1550 19 1633 1548 19 556 555 19 540 540 31 538 538 19 1235 1179 114 1233 1177 112 2131 2007 218 1602 1521 67 1611 1530 67 1601 1520 67 854 828 19 855 829 83 2067 1960 19 1709 1516 28 1687 1029 28 1688 1027 28 1211 1153 19 859 833 19 1834 1623 19 1401 1343 147 1403 1345 147 1407 1355 147 624 617 28 382 384 28 380 382 28 1992 1858 28 1551 2304 160 1549 1587 28 860 834 19 861 835 19 1834 1623 19 542 542 44 557 556 31 806 781 29 1468 1415 147 1470 1417 147 1474 1427 147 664 654 62 666 656 19 980 2305 55 1207 1149 90 1205 1147 112 2283 2164 218 2000 2295 19 1551 2304 160 1992 1858 28 1556 1039 28 1557 1037 28 1596 1519 28 1985 1854 28 1983 2298 19 1981 2306 28 1834 1623 19 859 833 19 860 834 19 1548 2299 160 1985 1854 28 1546 1578 28 595 595 19 593 593 50 961 937 77 1841 1631 170 1843 1633 172 2319 2210 128 1676 1039 28 1677 1037 28 1716 1519 28 1411 1359 147 1398 1340 147 1396 1338 147 1587 1515 28 1562 1033 28 1563 1031 28 567 566 2 698 686 28 420 568 28 1834 1623 19 1125 1063 19 1124 1062 19 1838 1628 167 1840 1630 169 2316 2207 244 1476 1429 147 1465 1412 147 1463 1410 147 2535 2309 266 2534 2308 267 2533 2307 266 2536 2310 267 2534 2308 267 2535 2309 266 2537 2311 266 2536 2310 267 2535 2309 266 2538 2312 267 2536 2310 267 2537 2311 266 2539 2313 266 2538 2312 267 2537 2311 266 2540 2314 267 2538 2312 267 2539 2313 266 2541 2315 266 2540 2314 267 2539 2313 266 2542 2316 267 2540 2314 267 2541 2315 266 2543 2317 266 2542 2316 267 2541 2315 266 2544 2318 267 2542 2316 267 2543 2317 266 2545 2319 266 2544 2318 267 2543 2317 266 2546 2320 267 2544 2318 267 2545 2319 266 2547 2321 266 2546 2320 267 2545 2319 266 2548 2322 267 2546 2320 267 2547 2321 266 2549 2323 266 2548 2322 267 2547 2321 266 2550 2324 267 2548 2322 267 2549 2323 266 2551 2325 266 2550 2324 267 2549 2323 266 2552 2326 267 2550 2324 267 2551 2325 266 2553 2327 266 2552 2326 267 2551 2325 266 2554 2328 267 2552 2326 267 2553 2327 266 2555 2329 266 2554 2328 267 2553 2327 266 2556 2330 267 2554 2328 267 2555 2329 266 2557 2331 266 2556 2330 267 2555 2329 266 2558 2332 267 2556 2330 267 2557 2331 266 2559 2333 266 2558 2332 267 2557 2331 266 2560 2334 267 2558 2332 267 2559 2333 266 2563 2337 266 2562 2336 267 2561 2335 266 2564 2338 267 2562 2336 267 2563 2337 266 2565 2339 266 2564 2338 267 2563 2337 266 2566 2340 267 2564 2338 267 2565 2339 266 2567 2341 266 2566 2340 267 2565 2339 266 2568 2342 267 2566 2340 267 2567 2341 266 2569 2343 266 2568 2342 267 2567 2341 266 2570 2344 267 2568 2342 267 2569 2343 266 2571 2345 266 2570 2344 267 2569 2343 266 2572 2346 267 2570 2344 267 2571 2345 266 2573 2347 266 2572 2346 267 2571 2345 266 2574 2348 267 2572 2346 267 2573 2347 266 2575 2349 266 2574 2348 267 2573 2347 266 2576 2350 267 2574 2348 267 2575 2349 266 2577 2351 266 2576 2350 267 2575 2349 266 2578 2352 267 2576 2350 267 2577 2351 266 2579 2353 266 2578 2352 267 2577 2351 266 2580 2354 267 2578 2352 267 2579 2353 266 2581 2355 266 2580 2354 267 2579 2353 266 2582 2356 267 2580 2354 267 2581 2355 266 2583 2357 266 2582 2356 267 2581 2355 266 2584 2358 267 2582 2356 267 2583 2357 266 2585 2307 266 2584 2358 267 2583 2357 266 2586 2308 267 2584 2358 267 2585 2307 266 2587 2309 266 2586 2308 267 2585 2307 266 2588 2310 267 2586 2308 267 2587 2309 266 2591 2337 266 2590 2336 267 2589 2335 266 2592 2338 267 2590 2336 267 2591 2337 266 2593 2339 266 2592 2338 267 2591 2337 266 2594 2340 267 2592 2338 267 2593 2339 266 2595 2341 266 2594 2340 267 2593 2339 266 2596 2342 267 2594 2340 267 2595 2341 266 2597 2343 266 2596 2342 267 2595 2341 266 2598 2344 267 2596 2342 267 2597 2343 266 2599 2345 266 2598 2344 267 2597 2343 266 2600 2346 267 2598 2344 267 2599 2345 266 2601 2347 266 2600 2346 267 2599 2345 266 2602 2348 267 2600 2346 267 2601 2347 266 2603 2349 266 2602 2348 267 2601 2347 266 2604 2350 267 2602 2348 267 2603 2349 266 2605 2351 266 2604 2350 267 2603 2349 266 2606 2352 267 2604 2350 267 2605 2351 266 2607 2353 266 2606 2352 267 2605 2351 266 2608 2354 267 2606 2352 267 2607 2353 266 2609 2355 266 2608 2354 267 2607 2353 266 2610 2356 267 2608 2354 267 2609 2355 266 2611 2357 266 2610 2356 267 2609 2355 266 2612 2358 267 2610 2356 267 2611 2357 266 2613 2307 266 2612 2358 267 2611 2357 266 2614 2308 267 2612 2358 267 2613 2307 266 2615 2309 266 2614 2308 267 2613 2307 266 2616 2310 267 2614 2308 267 2615 2309 266 2619 2337 266 2618 2336 267 2617 2335 266 2620 2338 267 2618 2336 267 2619 2337 266 2621 2339 266 2620 2338 267 2619 2337 266 2622 2340 267 2620 2338 267 2621 2339 266 2623 2341 266 2622 2340 267 2621 2339 266 2624 2342 267 2622 2340 267 2623 2341 266 2625 2343 266 2624 2342 267 2623 2341 266 2626 2344 267 2624 2342 267 2625 2343 266 2627 2345 266 2626 2344 267 2625 2343 266 2628 2346 267 2626 2344 267 2627 2345 266 2629 2347 266 2628 2346 267 2627 2345 266 2630 2348 267 2628 2346 267 2629 2347 266 2631 2349 266 2630 2348 267 2629 2347 266 2632 2350 267 2630 2348 267 2631 2349 266 2633 2351 266 2632 2350 267 2631 2349 266 2634 2352 267 2632 2350 267 2633 2351 266 2635 2353 266 2634 2352 267 2633 2351 266 2636 2354 267 2634 2352 267 2635 2353 266 2637 2355 266 2636 2354 267 2635 2353 266 2638 2356 267 2636 2354 267 2637 2355 266 2639 2357 266 2638 2356 267 2637 2355 266 2640 2358 267 2638 2356 267 2639 2357 266 2643 2323 266 2642 2322 267 2641 2321 266 2644 2324 267 2642 2322 267 2643 2323 266 2645 2325 266 2644 2324 267 2643 2323 266 2646 2326 267 2644 2324 267 2645 2325 266 2647 2327 266 2646 2326 267 2645 2325 266 2648 2328 267 2646 2326 267 2647 2327 266 2649 2329 266 2648 2328 267 2647 2327 266 2650 2330 267 2648 2328 267 2649 2329 266 2651 2331 266 2650 2330 267 2649 2329 266 2652 2332 267 2650 2330 267 2651 2331 266 2653 2333 266 2652 2332 267 2651 2331 266 2654 2334 267 2652 2332 267 2653 2333 266 2655 2359 266 2654 2334 267 2653 2333 266 2656 2360 267 2654 2334 267 2655 2359 266 2657 2361 266 2656 2360 267 2655 2359 266 2658 2362 267 2656 2360 267 2657 2361 266 2659 2363 266 2658 2362 267 2657 2361 266 2660 2364 267 2658 2362 267 2659 2363 266 2661 2365 266 2660 2364 267 2659 2363 266 2662 2366 267 2660 2364 267 2661 2365 266 2665 2349 266 2664 2348 267 2663 2347 266 2666 2350 267 2664 2348 267 2665 2349 266 2667 2351 266 2666 2350 267 2665 2349 266 2668 2352 267 2666 2350 267 2667 2351 266 2669 2353 266 2668 2352 267 2667 2351 266 2670 2354 267 2668 2352 267 2669 2353 266 2671 2355 266 2670 2354 267 2669 2353 266 2672 2356 267 2670 2354 267 2671 2355 266 2673 2357 266 2672 2356 267 2671 2355 266 2674 2358 267 2672 2356 267 2673 2357 266 2675 2307 266 2674 2358 267 2673 2357 266 2676 2308 267 2674 2358 267 2675 2307 266 2677 2309 266 2676 2308 267 2675 2307 266 2678 2310 267 2676 2308 267 2677 2309 266 2679 2311 266 2678 2310 267 2677 2309 266 2680 2312 267 2678 2310 267 2679 2311 266 2683 2325 266 2682 2324 267 2681 2323 266 2684 2326 267 2682 2324 267 2683 2325 266 2685 2327 266 2684 2326 267 2683 2325 266 2686 2328 267 2684 2326 267 2685 2327 266 2687 2329 266 2686 2328 267 2685 2327 266 2688 2330 267 2686 2328 267 2687 2329 266 2689 2331 266 2688 2330 267 2687 2329 266 2690 2332 267 2688 2330 267 2689 2331 266 2691 2333 266 2690 2332 267 2689 2331 266 2692 2334 267 2690 2332 267 2691 2333 266 2693 2359 266 2692 2334 267 2691 2333 266 2694 2360 267 2692 2334 267 2693 2359 266 2695 2361 266 2694 2360 267 2693 2359 266 2696 2362 267 2694 2360 267 2695 2361 266 2699 2325 266 2698 2324 267 2697 2323 266 2700 2326 267 2698 2324 267 2699 2325 266 2701 2327 266 2700 2326 267 2699 2325 266 2702 2328 267 2700 2326 267 2701 2327 266 2703 2329 266 2702 2328 267 2701 2327 266 2704 2330 267 2702 2328 267 2703 2329 266 2705 2331 266 2704 2330 267 2703 2329 266 2706 2332 267 2704 2330 267 2705 2331 266 2707 2333 266 2706 2332 267 2705 2331 266 2708 2334 267 2706 2332 267 2707 2333 266 2709 2359 266 2708 2334 267 2707 2333 266 2710 2360 267 2708 2334 267 2709 2359 266 2711 2361 266 2710 2360 267 2709 2359 266 2712 2362 267 2710 2360 267 2711 2361 266 2715 2331 266 2714 2330 267 2713 2329 266 2716 2332 267 2714 2330 267 2715 2331 266 2717 2333 266 2716 2332 267 2715 2331 266 2718 2334 267 2716 2332 267 2717 2333 266 2719 2359 266 2718 2334 267 2717 2333 266 2720 2360 267 2718 2334 267 2719 2359 266 2721 2361 266 2720 2360 267 2719 2359 266 2722 2362 267 2720 2360 267 2721 2361 266 2723 2363 266 2722 2362 267 2721 2361 266 2724 2364 267 2722 2362 267 2723 2363 266 2725 2365 266 2724 2364 267 2723 2363 266 2726 2366 267 2724 2364 267 2725 2365 266 2729 2341 266 2728 2340 267 2727 2339 266 2730 2342 267 2728 2340 267 2729 2341 266 2731 2343 266 2730 2342 267 2729 2341 266 2732 2344 267 2730 2342 267 2731 2343 266 2733 2345 266 2732 2344 267 2731 2343 266 2734 2346 267 2732 2344 267 2733 2345 266 2735 2347 266 2734 2346 267 2733 2345 266 2736 2348 267 2734 2346 267 2735 2347 266 2737 2349 266 2736 2348 267 2735 2347 266 2738 2350 267 2736 2348 267 2737 2349 266 2739 2351 266 2738 2350 267 2737 2349 266 2740 2352 267 2738 2350 267 2739 2351 266 2743 2347 266 2742 2346 267 2741 2345 266 2744 2348 267 2742 2346 267 2743 2347 266 2745 2349 266 2744 2348 267 2743 2347 266 2746 2350 267 2744 2348 267 2745 2349 266 2747 2351 266 2746 2350 267 2745 2349 266 2748 2352 267 2746 2350 267 2747 2351 266 2749 2353 266 2748 2352 267 2747 2351 266 2750 2354 267 2748 2352 267 2749 2353 266 2751 2355 266 2750 2354 267 2749 2353 266 2752 2356 267 2750 2354 267 2751 2355 266 2753 2357 266 2752 2356 267 2751 2355 266 2754 2358 267 2752 2356 267 2753 2357 266 2757 2369 266 2756 2368 267 2755 2367 266 2758 2370 267 2756 2368 267 2757 2369 266 2759 2335 266 2758 2370 267 2757 2369 266 2760 2336 267 2758 2370 267 2759 2335 266 2761 2337 266 2760 2336 267 2759 2335 266 2762 2338 267 2760 2336 267 2761 2337 266 2765 2365 266 2764 2364 267 2763 2363 266 2766 2366 267 2764 2364 267 2765 2365 266 2767 2367 266 2766 2366 267 2765 2365 266 2768 2368 267 2766 2366 267 2767 2367 266 2769 2369 266 2768 2368 267 2767 2367 266 2770 2370 267 2768 2368 267 2769 2369 266 2773 2365 266 2772 2364 267 2771 2363 266 2774 2366 267 2772 2364 267 2773 2365 266 2775 2367 266 2774 2366 267 2773 2365 266 2776 2368 267 2774 2366 267 2775 2367 266 2777 2369 266 2776 2368 267 2775 2367 266 2778 2370 267 2776 2368 267 2777 2369 266 2781 2347 266 2780 2346 267 2779 2345 266 2782 2348 267 2780 2346 267 2781 2347 266 2783 2349 266 2782 2348 267 2781 2347 266 2784 2350 267 2782 2348 267 2783 2349 266 2785 2351 266 2784 2350 267 2783 2349 266 2786 2352 267 2784 2350 267 2785 2351 266 2787 2353 266 2740 2352 267 2739 2351 266 2788 2354 267 2740 2352 267 2787 2353 266 2789 2355 266 2788 2354 267 2787 2353 266 2790 2356 267 2788 2354 267 2789 2355 266 2791 2357 266 2790 2356 267 2789 2355 266 2792 2358 267 2790 2356 267 2791 2357 266 2795 2320 267 2794 2321 266 2793 2322 267 2796 2319 266 2794 2321 266 2795 2320 267 2797 2318 267 2796 2319 266 2795 2320 267 2798 2317 266 2796 2319 266 2797 2318 267 2799 2316 267 2798 2317 266 2797 2318 267 2800 2315 266 2798 2317 266 2799 2316 267 2803 2307 266 2802 2358 267 2801 2357 266 2804 2308 267 2802 2358 267 2803 2307 266 2805 2309 266 2804 2308 267 2803 2307 266 2806 2310 267 2804 2308 267 2805 2309 266 2807 2311 266 2806 2310 267 2805 2309 266 2808 2312 267 2806 2310 267 2807 2311 266 2811 2321 266 2810 2320 267 2809 2319 266 2812 2322 267 2810 2320 267 2811 2321 266 2813 2323 266 2812 2322 267 2811 2321 266 2814 2324 267 2812 2322 267 2813 2323 266 2815 2325 266 2814 2324 267 2813 2323 266 2816 2326 267 2814 2324 267 2815 2325 266 2817 2320 267 2641 2321 266 2642 2322 267 2818 2319 266 2641 2321 266 2817 2320 267 2819 2318 267 2818 2319 266 2817 2320 267 2820 2317 266 2818 2319 266 2819 2318 267 2821 2316 267 2820 2317 266 2819 2318 267 2822 2315 266 2820 2317 266 2821 2316 267 2823 2367 266 2662 2366 267 2661 2365 266 2824 2368 267 2662 2366 267 2823 2367 266 2825 2369 266 2824 2368 267 2823 2367 266 2826 2370 267 2824 2368 267 2825 2369 266 2617 2335 266 2826 2370 267 2825 2369 266 2618 2336 267 2826 2370 267 2617 2335 266 2829 240 267 2828 2362 267 2827 2364 267 2830 2360 267 2828 2362 267 2829 240 267 2560 2334 267 2830 2360 267 2829 240 267 2831 2359 266 2830 2360 267 2560 2334 267 2559 2333 266 2831 2359 266 2560 2334 267 2833 240 267 2832 2356 267 2802 2358 267 2834 2354 267 2832 2356 267 2833 240 267 2786 2352 267 2834 2354 267 2833 240 267 2835 2353 266 2834 2354 267 2786 2352 267 2785 2351 266 2835 2353 266 2786 2352 267 2837 240 267 2836 2344 267 2742 2346 267 2838 2342 267 2836 2344 267 2837 240 267 2839 2340 267 2838 2342 267 2837 240 267 2840 2341 266 2838 2342 267 2839 2340 267 2841 2339 266 2840 2341 266 2839 2340 267 2833 240 267 2843 2316 267 2842 2318 267 2844 2314 267 2843 2316 267 2833 240 267 2808 2312 267 2844 2314 267 2833 240 267 2845 2313 266 2844 2314 267 2808 2312 267 2807 2311 266 2845 2313 266 2808 2312 267 2846 240 267 2664 2348 267 2666 2350 267 2847 2346 267 2664 2348 267 2846 240 267 2848 2344 267 2847 2346 267 2846 240 267 2849 2345 266 2847 2346 267 2848 2344 267 2850 2343 266 2849 2345 266 2848 2344 267 2829 240 267 2852 2368 267 2851 2370 267 2853 2366 267 2852 2368 267 2829 240 267 2827 2364 267 2853 2366 267 2829 240 267 2854 2365 266 2853 2366 267 2827 2364 267 2855 2363 266 2854 2365 266 2827 2364 267 2857 2322 267 2846 240 267 2856 2320 267 2858 2324 267 2846 240 267 2857 2322 267 2859 2323 266 2858 2324 267 2857 2322 267 2860 2325 266 2858 2324 267 2859 2323 266 2862 2335 266 2851 2370 267 2861 2369 266 2863 2336 267 2851 2370 267 2862 2335 266 2864 2337 266 2863 2336 267 2862 2335 266 2865 2338 267 2863 2336 267 2864 2337 266 2866 2339 266 2762 2338 267 2761 2337 266 2867 2340 267 2762 2338 267 2866 2339 266 2868 2341 266 2867 2340 267 2866 2339 266 2869 2342 267 2867 2340 267 2868 2341 266 2871 2336 267 2846 240 267 2870 2370 267 2872 2338 267 2846 240 267 2871 2336 267 2873 2337 266 2872 2338 267 2871 2336 267 2874 2339 266 2872 2338 267 2873 2337 266 2875 2343 266 2869 2342 267 2868 2341 266 2876 2344 267 2869 2342 267 2875 2343 266 2779 2345 266 2876 2344 267 2875 2343 266 2780 2346 267 2876 2344 267 2779 2345 266 2879 2315 266 2878 2314 267 2877 2313 266 2880 2316 267 2878 2314 267 2879 2315 266 2881 2317 266 2880 2316 267 2879 2315 266 2882 2318 267 2880 2316 267 2881 2317 266 2885 2359 266 2884 2334 267 2883 2333 266 2886 2360 267 2884 2334 267 2885 2359 266 2887 2361 266 2886 2360 267 2885 2359 266 2888 2362 267 2886 2360 267 2887 2361 266 2889 2363 266 2888 2362 267 2887 2361 266 2890 2364 267 2888 2362 267 2889 2363 266 2891 2365 266 2890 2364 267 2889 2363 266 2892 2366 267 2890 2364 267 2891 2365 266 2895 2365 266 2894 2364 267 2893 2363 266 2896 2366 267 2894 2364 267 2895 2365 266 2755 2367 266 2896 2366 267 2895 2365 266 2756 2368 267 2896 2366 267 2755 2367 266 2897 2367 266 2892 2366 267 2891 2365 266 2898 2368 267 2892 2366 267 2897 2367 266 2899 2369 266 2898 2368 267 2897 2367 266 2900 2370 267 2898 2368 267 2899 2369 266 2833 240 267 2901 2362 267 2894 2364 267 2902 2360 267 2901 2362 267 2833 240 267 2903 2334 267 2902 2360 267 2833 240 267 2904 2359 266 2902 2360 267 2903 2334 267 2905 2307 266 2754 2358 267 2753 2357 266 2906 2308 267 2754 2358 267 2905 2307 266 2907 2309 266 2906 2308 267 2905 2307 266 2908 2310 267 2906 2308 267 2907 2309 266 2910 2317 266 2843 2316 267 2909 2315 266 2842 2318 267 2843 2316 267 2910 2317 266 2809 2319 266 2842 2318 267 2910 2317 266 2810 2320 267 2842 2318 267 2809 2319 266 2913 2321 266 2912 2320 267 2911 2319 266 2914 2322 267 2912 2320 267 2913 2321 266 2697 2323 266 2914 2322 267 2913 2321 266 2698 2324 267 2914 2322 267 2697 2323 266 2856 2320 267 2915 2321 266 2857 2322 267 2916 2319 266 2915 2321 266 2856 2320 267 2917 2318 267 2916 2319 266 2856 2320 267 2918 2317 266 2916 2319 266 2917 2318 267 2919 2323 266 2793 2322 267 2794 2321 266 2920 2324 267 2793 2322 267 2919 2323 266 2921 2325 266 2920 2324 267 2919 2323 266 2922 2326 267 2920 2324 267 2921 2325 266 2924 2332 267 2833 240 267 2923 2330 267 2903 2334 267 2833 240 267 2924 2332 267 2925 2333 266 2903 2334 267 2924 2332 267 2904 2359 266 2903 2334 267 2925 2333 266 2928 2315 266 2927 2314 267 2926 2313 266 2929 2316 267 2927 2314 267 2928 2315 266 2930 2317 266 2929 2316 267 2928 2315 266 2931 2318 267 2929 2316 267 2930 2317 266 2908 2310 267 2837 240 267 2906 2308 267 2932 2312 267 2837 240 267 2908 2310 267 2933 2311 266 2932 2312 267 2908 2310 267 2934 2313 266 2932 2312 267 2933 2311 266 2937 2321 266 2936 2320 267 2935 2319 266 2938 2322 267 2936 2320 267 2937 2321 266 2681 2323 266 2938 2322 267 2937 2321 266 2682 2324 267 2938 2322 267 2681 2323 266 2941 2309 266 2940 2308 267 2939 2307 266 2942 2310 267 2940 2308 267 2941 2309 266 2943 2311 266 2942 2310 267 2941 2309 266 2944 2312 267 2942 2310 267 2943 2311 266 2945 2313 266 2944 2312 267 2943 2311 266 2946 2314 267 2944 2312 267 2945 2313 266 2822 2315 266 2946 2314 267 2945 2313 266 2821 2316 267 2946 2314 267 2822 2315 266 2947 2340 267 2846 240 267 2872 2338 267 2948 2342 267 2846 240 267 2947 2340 267 2949 2341 266 2948 2342 267 2947 2340 267 2850 2343 266 2948 2342 267 2949 2341 266 2846 240 267 2670 2354 267 2672 2356 267 2668 2352 267 2670 2354 267 2846 240 267 2666 2350 267 2668 2352 267 2846 240 267 2951 2332 267 2837 240 267 2950 2330 267 2884 2334 267 2837 240 267 2951 2332 267 2883 2333 266 2884 2334 267 2951 2332 267 2952 2316 267 2917 2318 267 2846 240 267 2918 2317 266 2917 2318 267 2952 2316 267 2953 2315 266 2918 2317 266 2952 2316 267 2792 2358 267 2534 2308 267 2829 240 267 2533 2307 266 2534 2308 267 2792 2358 267 2791 2357 266 2533 2307 266 2792 2358 267 2680 2312 267 2954 2314 267 2846 240 267 2955 2313 266 2954 2314 267 2680 2312 267 2679 2311 266 2955 2313 266 2680 2312 267 2833 240 267 2756 2368 267 2758 2370 267 2896 2366 267 2756 2368 267 2833 240 267 2894 2364 267 2896 2366 267 2833 240 267 2956 2328 267 2833 240 267 2816 2326 267 2923 2330 267 2833 240 267 2956 2328 267 2957 2329 266 2923 2330 267 2956 2328 267 2958 2338 267 2839 2340 267 2837 240 267 2841 2339 266 2839 2340 267 2958 2338 267 2959 2337 266 2841 2339 266 2958 2338 267 2833 240 267 2812 2322 267 2814 2324 267 2810 2320 267 2812 2322 267 2833 240 267 2842 2318 267 2810 2320 267 2833 240 267 2846 240 267 2716 2332 267 2718 2334 267 2714 2330 267 2716 2332 267 2846 240 267 2960 2328 267 2714 2330 267 2846 240 267 2833 240 267 2762 2338 267 2867 2340 267 2760 2336 267 2762 2338 267 2833 240 267 2758 2370 267 2760 2336 267 2833 240 267 2833 240 267 2784 2350 267 2786 2352 267 2782 2348 267 2784 2350 267 2833 240 267 2780 2346 267 2782 2348 267 2833 240 267 2846 240 267 2722 2362 267 2724 2364 267 2720 2360 267 2722 2362 267 2846 240 267 2718 2334 267 2720 2360 267 2846 240 267 2846 240 267 2676 2308 267 2678 2310 267 2674 2358 267 2676 2308 267 2846 240 267 2672 2356 267 2674 2358 267 2846 240 267 2961 240 267 2694 2360 267 2696 2362 267 2692 2334 267 2694 2360 267 2961 240 267 2690 2332 267 2692 2334 267 2961 240 267 2962 240 267 2710 2360 267 2712 2362 267 2708 2334 267 2710 2360 267 2962 240 267 2706 2332 267 2708 2334 267 2962 240 267 2963 2314 267 2837 240 267 2932 2312 267 2799 2316 267 2837 240 267 2963 2314 267 2800 2315 266 2799 2316 267 2963 2314 267 2964 2326 267 2846 240 267 2858 2324 267 2960 2328 267 2846 240 267 2964 2326 267 2965 2327 266 2960 2328 267 2964 2326 267 2833 240 267 2876 2344 267 2780 2346 267 2869 2342 267 2876 2344 267 2833 240 267 2867 2340 267 2869 2342 267 2833 240 267 2966 240 267 2638 2356 267 2640 2358 267 2636 2354 267 2638 2356 267 2966 240 267 2634 2352 267 2636 2354 267 2966 240 267 2969 2373 267 2968 2372 267 2967 2371 267 2970 2374 267 2968 2372 267 2969 2373 267 2970 2374 267 2971 2375 267 2968 2372 267 2972 2376 267 2971 2375 267 2970 2374 267 2972 2376 267 2973 2377 267 2971 2375 267 2974 2378 267 2973 2377 267 2972 2376 267 2974 2378 267 2975 2379 267 2973 2377 267 2976 2380 267 2975 2379 267 2974 2378 267 2976 2380 267 2977 2381 267 2975 2379 267 2978 2382 267 2977 2381 267 2976 2380 267 2978 2382 267 2979 2383 267 2977 2381 267 2980 2384 267 2979 2383 267 2978 2382 267 2980 2384 267 2981 2385 267 2979 2383 267 2982 2386 267 2981 2385 267 2980 2384 267 2982 2386 267 2983 2387 267 2981 2385 267 2984 2388 267 2983 2387 267 2982 2386 267 2984 2388 267 2985 2389 267 2983 2387 267 2986 2390 267 2985 2389 267 2984 2388 267 2986 2390 267 2987 2391 267 2985 2389 267 2988 2392 267 2987 2391 267 2986 2390 267 2988 2392 267 2989 2393 267 2987 2391 267 2990 2394 267 2989 2393 267 2988 2392 267 2990 2394 267 2991 2395 267 2989 2393 267 2992 2396 267 2991 2395 267 2990 2394 267 2992 2396 267 2993 2397 267 2991 2395 267 2994 2398 267 2993 2397 267 2992 2396 267 2997 2401 267 2996 2400 267 2995 2399 267 2998 2402 267 2996 2400 267 2997 2401 267 2998 2402 267 2999 2403 267 2996 2400 267 3000 2404 267 2999 2403 267 2998 2402 267 3000 2404 267 3001 2405 267 2999 2403 267 3002 2406 267 3001 2405 267 3000 2404 267 3002 2406 267 3003 2407 267 3001 2405 267 3004 2408 267 3003 2407 267 3002 2406 267 3004 2408 267 3005 2409 267 3003 2407 267 3006 2410 267 3005 2409 267 3004 2408 267 3006 2410 267 3007 2411 267 3005 2409 267 3008 2412 267 3007 2411 267 3006 2410 267 3008 2412 267 3009 2413 267 3007 2411 267 3010 2414 267 3009 2413 267 3008 2412 267 3010 2414 267 3011 2415 267 3009 2413 267 3012 2416 267 3011 2415 267 3010 2414 267 3012 2416 267 3013 2417 267 3011 2415 267 3014 2418 267 3013 2417 267 3012 2416 267 3014 2418 267 3015 2419 267 3013 2417 267 3016 2420 267 3015 2419 267 3014 2418 267 3016 2420 267 3017 2421 267 3015 2419 267 3018 2422 267 3017 2421 267 3016 2420 267 3018 2422 267 3019 2423 267 3017 2421 267 3020 2424 267 3019 2423 267 3018 2422 267 3020 2424 267 2994 2398 267 3019 2423 267 2993 2397 267 2994 2398 267 3020 2424 267 3023 2425 267 3022 2426 268 3021 2425 268 3024 2426 267 3022 2426 268 3023 2425 267 3024 2426 267 3025 2427 268 3022 2426 268 3026 2427 267 3025 2427 268 3024 2426 267 3026 2427 267 3027 2428 268 3025 2427 268 3028 2428 267 3027 2428 268 3026 2427 267 3028 2428 267 3029 2429 268 3027 2428 268 3030 2429 267 3029 2429 268 3028 2428 267 3030 2429 267 3031 2430 268 3029 2429 268 3032 2430 267 3031 2430 268 3030 2429 267 3032 2430 267 3033 2431 268 3031 2430 268 3034 2431 267 3033 2431 268 3032 2430 267 3034 2431 267 3035 2432 268 3033 2431 268 3036 2432 267 3035 2432 268 3034 2431 267 3036 2432 267 3037 2433 268 3035 2432 268 3038 2433 267 3037 2433 268 3036 2432 267 3038 2433 267 3039 2434 268 3037 2433 268 3040 2434 267 3039 2434 268 3038 2433 267 3040 2434 267 3041 2435 268 3039 2434 268 3042 2435 267 3041 2435 268 3040 2434 267 3042 2435 267 3043 2436 268 3041 2435 268 3044 2436 267 3043 2436 268 3042 2435 267 3044 2436 267 3045 2437 268 3043 2436 268 3046 2437 267 3045 2437 268 3044 2436 267 3046 2437 267 3047 2438 268 3045 2437 268 3048 2438 267 3047 2438 268 3046 2437 267 3048 2438 267 3049 2439 268 3047 2438 268 3050 2439 267 3049 2439 268 3048 2438 267 3050 2439 267 3051 2440 268 3049 2439 268 3052 2440 267 3051 2440 268 3050 2439 267 3052 2440 267 3053 2441 268 3051 2440 268 3054 2441 267 3053 2441 268 3052 2440 267 3054 2441 267 3055 2442 268 3053 2441 268 3056 2442 267 3055 2442 268 3054 2441 267 3056 2442 267 3057 2443 268 3055 2442 268 3058 2443 267 3057 2443 268 3056 2442 267 3058 2443 267 3059 2444 268 3057 2443 268 3060 2444 267 3059 2444 268 3058 2443 267 3060 2444 267 3061 2445 268 3059 2444 268 3062 2445 267 3061 2445 268 3060 2444 267 3062 2445 267 3063 2446 268 3061 2445 268 3064 2446 267 3063 2446 268 3062 2445 267 3064 2446 267 3065 2447 268 3063 2446 268 3066 2447 267 3065 2447 268 3064 2446 267 3066 2447 267 3067 2448 268 3065 2447 268 3068 2448 267 3067 2448 268 3066 2447 267 3068 2448 267 3069 2449 268 3067 2448 268 3070 2449 267 3069 2449 268 3068 2448 267 3070 2449 267 3071 2450 268 3069 2449 268 3072 2450 267 3071 2450 268 3070 2449 267 3072 2450 267 3073 2451 268 3071 2450 268 3074 2451 267 3073 2451 268 3072 2450 267 3074 2451 267 3075 2452 268 3073 2451 268 3076 2452 267 3075 2452 268 3074 2451 267 3076 2452 267 3077 2453 268 3075 2452 268 3078 2453 267 3077 2453 268 3076 2452 267 3078 2453 267 3079 2454 268 3077 2453 268 3080 2454 267 3079 2454 268 3078 2453 267 3080 2454 267 3081 2455 268 3079 2454 268 3082 2455 267 3081 2455 268 3080 2454 267 3082 2455 267 3083 2456 268 3081 2455 268 3084 2456 267 3083 2456 268 3082 2455 267 3084 2456 267 3021 2425 268 3083 2456 268 3023 2425 267 3021 2425 268 3084 2456 267 3087 2321 267 3086 2387 267 3085 2323 267 3088 2385 267 3086 2387 267 3087 2321 267 3085 2323 267 3090 2389 267 3089 2325 267 3086 2387 267 3090 2389 267 3085 2323 267 3089 2325 267 3092 2391 267 3091 2327 267 3090 2389 267 3092 2391 267 3089 2325 267 3091 2327 267 3094 2393 267 3093 2329 267 3092 2391 267 3094 2393 267 3091 2327 267 3093 2329 267 3096 2395 267 3095 2331 267 3094 2393 267 3096 2395 267 3093 2329 267 3095 2331 267 3098 2397 267 3097 2333 267 3096 2395 267 3098 2397 267 3095 2331 267 3097 2333 267 3100 2424 267 3099 2359 267 3098 2397 267 3100 2424 267 3097 2333 267 3099 2359 267 3102 2422 267 3101 2361 267 3100 2424 267 3102 2422 267 3099 2359 267 3101 2361 267 3104 2420 267 3103 2363 267 3102 2422 267 3104 2420 267 3101 2361 267 3103 2363 267 3106 2418 267 3105 2365 267 3104 2420 267 3106 2418 267 3103 2363 267 3105 2365 267 3108 2416 267 3107 2367 267 3106 2418 267 3108 2416 267 3105 2365 267 3107 2367 267 3110 2414 267 3109 2369 267 3108 2416 267 3110 2414 267 3107 2367 267 3109 2369 267 3112 2412 267 3111 2335 267 3110 2414 267 3112 2412 267 3109 2369 267 3111 2335 267 3114 2410 267 3113 2337 267 3112 2412 267 3114 2410 267 3111 2335 267 3113 2337 267 3116 2408 267 3115 2339 267 3114 2410 267 3116 2408 267 3113 2337 267 3115 2339 267 3118 2406 267 3117 2341 267 3116 2408 267 3118 2406 267 3115 2339 267 3117 2341 267 3120 2404 267 3119 2343 267 3118 2406 267 3120 2404 267 3117 2341 267 3119 2343 267 3122 2402 267 3121 2345 267 3120 2404 267 3122 2402 267 3119 2343 267 3121 2345 267 3124 2401 267 3123 2347 267 3122 2402 267 3124 2401 267 3121 2345 267 3123 2347 267 3126 2457 267 3125 2349 267 3124 2401 267 3126 2457 267 3123 2347 267 3125 2349 267 3128 2458 267 3127 2351 267 3126 2457 267 3128 2458 267 3125 2349 267 3127 2351 267 3130 2459 267 3129 2353 267 3128 2458 267 3130 2459 267 3127 2351 267 3129 2353 267 3132 2460 267 3131 2355 267 3130 2459 267 3132 2460 267 3129 2353 267 3131 2355 267 3134 2461 267 3133 2357 267 3132 2460 267 3134 2461 267 3131 2355 267 3133 2357 267 3136 2371 267 3135 2307 267 3134 2461 267 3136 2371 267 3133 2357 267 3135 2307 267 3138 2372 267 3137 2309 267 3136 2371 267 3138 2372 267 3135 2307 267 3137 2309 267 3140 2375 267 3139 2311 267 3138 2372 267 3140 2375 267 3137 2309 267 3139 2311 267 3142 2377 267 3141 2313 267 3140 2375 267 3142 2377 267 3139 2311 267 3141 2313 267 3144 2379 267 3143 2315 267 3142 2377 267 3144 2379 267 3141 2313 267 3143 2315 267 3146 2381 267 3145 2317 267 3144 2379 267 3146 2381 267 3143 2315 267 3088 2385 267 3148 2319 267 3147 2383 267 3087 2321 267 3148 2319 267 3088 2385 267 3145 2317 267 3147 2383 267 3148 2319 267 3146 2381 267 3147 2383 267 3145 2317 267 3151 2426 267 3150 2394 267 3149 2427 267 3152 2396 267 3150 2394 267 3151 2426 267 3149 2427 267 3154 2392 267 3153 2428 267 3150 2394 267 3154 2392 267 3149 2427 267 3153 2428 267 3156 2390 267 3155 2429 267 3154 2392 267 3156 2390 267 3153 2428 267 3155 2429 267 3158 2388 267 3157 2430 267 3156 2390 267 3158 2388 267 3155 2429 267 3157 2430 267 3160 2386 267 3159 2431 267 3158 2388 267 3160 2386 267 3157 2430 267 3159 2431 267 3162 2384 267 3161 2432 267 3160 2386 267 3162 2384 267 3159 2431 267 3161 2432 267 3164 2382 267 3163 2433 267 3162 2384 267 3164 2382 267 3161 2432 267 3163 2433 267 3166 2380 267 3165 2434 267 3164 2382 267 3166 2380 267 3163 2433 267 3165 2434 267 3168 2378 267 3167 2435 267 3166 2380 267 3168 2378 267 3165 2434 267 3167 2435 267 3170 2376 267 3169 2436 267 3168 2378 267 3170 2376 267 3167 2435 267 3169 2436 267 3172 2374 267 3171 2437 267 3170 2376 267 3172 2374 267 3169 2436 267 3171 2437 267 3174 2373 267 3173 2438 267 3172 2374 267 3174 2373 267 3171 2437 267 3173 2438 267 3176 2462 267 3175 2439 267 3174 2373 267 3176 2462 267 3173 2438 267 3175 2439 267 3178 2463 267 3177 2440 267 3176 2462 267 3178 2463 267 3175 2439 267 3177 2440 267 3180 2464 267 3179 2441 267 3178 2463 267 3180 2464 267 3177 2440 267 3179 2441 267 3182 2465 267 3181 2442 267 3180 2464 267 3182 2465 267 3179 2441 267 3181 2442 267 3184 2466 267 3183 2443 267 3182 2465 267 3184 2466 267 3181 2442 267 3183 2443 267 3186 2399 267 3185 2444 267 3184 2466 267 3186 2399 267 3183 2443 267 3185 2444 267 3188 2400 267 3187 2445 267 3186 2399 267 3188 2400 267 3185 2444 267 3187 2445 267 3190 2403 267 3189 2446 267 3188 2400 267 3190 2403 267 3187 2445 267 3189 2446 267 3192 2405 267 3191 2447 267 3190 2403 267 3192 2405 267 3189 2446 267 3191 2447 267 3194 2407 267 3193 2448 267 3192 2405 267 3194 2407 267 3191 2447 267 3193 2448 267 3196 2409 267 3195 2449 267 3194 2407 267 3196 2409 267 3193 2448 267 3195 2449 267 3198 2411 267 3197 2450 267 3196 2409 267 3198 2411 267 3195 2449 267 3197 2450 267 3200 2413 267 3199 2451 267 3198 2411 267 3200 2413 267 3197 2450 267 3199 2451 267 3202 2415 267 3201 2452 267 3200 2413 267 3202 2415 267 3199 2451 267 3201 2452 267 3204 2417 267 3203 2453 267 3202 2415 267 3204 2417 267 3201 2452 267 3203 2453 267 3206 2419 267 3205 2454 267 3204 2417 267 3206 2419 267 3203 2453 267 3205 2454 267 3208 2421 267 3207 2455 267 3206 2419 267 3208 2421 267 3205 2454 267 3207 2455 267 3210 2423 267 3209 2456 267 3208 2421 267 3210 2423 267 3207 2455 267 3209 2456 267 3212 2398 267 3211 2425 267 3210 2423 267 3212 2398 267 3209 2456 267 3152 2396 267 3211 2425 267 3212 2398 267 3151 2426 267 3211 2425 267 3152 2396 267 2794 2321 266 3148 2319 267 3087 2321 267 2796 2319 266 3148 2319 267 2794 2321 266 2919 2323 266 3087 2321 267 3085 2323 267 2794 2321 266 3087 2321 267 2919 2323 266 2921 2325 266 3085 2323 267 3089 2325 267 2919 2323 266 3085 2323 267 2921 2325 266 3213 2327 266 3089 2325 267 3091 2327 267 2921 2325 266 3089 2325 267 3213 2327 266 3214 2329 266 3091 2327 267 3093 2329 267 3213 2327 266 3091 2327 267 3214 2329 266 3215 2331 266 3093 2329 267 3095 2331 267 3214 2329 266 3093 2329 267 3215 2331 266 3218 2442 267 3217 2466 267 3216 2443 267 3219 2465 267 3217 2466 267 3218 2442 267 2885 2359 266 3097 2333 267 3099 2359 267 2883 2333 266 3097 2333 267 2885 2359 266 2887 2361 266 3099 2359 267 3101 2361 267 2885 2359 266 3099 2359 267 2887 2361 266 2889 2363 266 3101 2361 267 3103 2363 267 2887 2361 266 3101 2361 267 2889 2363 266 2891 2365 266 3103 2363 267 3105 2365 267 2889 2363 266 3103 2363 267 2891 2365 266 2897 2367 266 3105 2365 267 3107 2367 267 2891 2365 266 3105 2365 267 2897 2367 266 2899 2369 266 3107 2367 267 3109 2369 267 2897 2367 266 3107 2367 267 2899 2369 266 3220 2335 266 3109 2369 267 3111 2335 267 2899 2369 266 3109 2369 267 3220 2335 266 2959 2337 266 3111 2335 267 3113 2337 267 3220 2335 266 3111 2335 267 2959 2337 266 2841 2339 266 3113 2337 267 3115 2339 267 2959 2337 266 3113 2337 267 2841 2339 266 2840 2341 266 3115 2339 267 3117 2341 267 2841 2339 266 3115 2339 267 2840 2341 266 3221 2343 266 3117 2341 267 3119 2343 267 2840 2341 266 3117 2341 267 3221 2343 266 2741 2345 266 3119 2343 267 3121 2345 267 3221 2343 266 3119 2343 267 2741 2345 266 2743 2347 266 3121 2345 267 3123 2347 267 2741 2345 266 3121 2345 267 2743 2347 266 2745 2349 266 3123 2347 267 3125 2349 267 2743 2347 266 3123 2347 267 2745 2349 266 2747 2351 266 3125 2349 267 3127 2351 267 2745 2349 266 3125 2349 267 2747 2351 266 2749 2353 266 3127 2351 267 3129 2353 267 2747 2351 266 3127 2351 267 2749 2353 266 2751 2355 266 3129 2353 267 3131 2355 267 2749 2353 266 3129 2353 267 2751 2355 266 2753 2357 266 3131 2355 267 3133 2357 267 2751 2355 266 3131 2355 267 2753 2357 266 2905 2307 266 3133 2357 267 3135 2307 267 2753 2357 266 3133 2357 267 2905 2307 266 2907 2309 266 3135 2307 267 3137 2309 267 2905 2307 266 3135 2307 267 2907 2309 266 2933 2311 266 3137 2309 267 3139 2311 267 2907 2309 266 3137 2309 267 2933 2311 266 2934 2313 266 3139 2311 267 3141 2313 267 2933 2311 266 3139 2311 267 2934 2313 266 2800 2315 266 3141 2313 267 3143 2315 267 2934 2313 266 3141 2313 267 2800 2315 266 2798 2317 266 3143 2315 267 3145 2317 267 2800 2315 266 3143 2315 267 2798 2317 266 2796 2319 266 3145 2317 267 3148 2319 267 2798 2317 266 3145 2317 267 2796 2319 266 2920 2324 267 2837 240 267 2793 2322 267 2922 2326 267 2837 240 267 2920 2324 267 3222 2328 267 2837 240 267 2922 2326 267 2950 2330 267 2837 240 267 3222 2328 267 2886 2360 267 2837 240 267 2884 2334 267 2888 2362 267 2837 240 267 2886 2360 267 3213 2327 266 2922 2326 267 2921 2325 266 3222 2328 267 2922 2326 267 3213 2327 266 3214 2329 266 3222 2328 267 3213 2327 266 2950 2330 267 3222 2328 267 3214 2329 266 3215 2331 266 2950 2330 267 3214 2329 266 2951 2332 267 2950 2330 267 3215 2331 266 2890 2364 267 2837 240 267 2888 2362 267 2892 2366 267 2837 240 267 2890 2364 267 2898 2368 267 2837 240 267 2892 2366 267 2900 2370 267 2837 240 267 2898 2368 267 3223 2336 267 2837 240 267 2900 2370 267 2958 2338 267 2837 240 267 3223 2336 267 3220 2335 266 2900 2370 267 2899 2369 266 3223 2336 267 2900 2370 267 3220 2335 266 2959 2337 266 3223 2336 267 3220 2335 266 2958 2338 267 3223 2336 267 2959 2337 266 3221 2343 266 2838 2342 267 2840 2341 266 2836 2344 267 2838 2342 267 3221 2343 266 2741 2345 266 2836 2344 267 3221 2343 266 2742 2346 267 2836 2344 267 2741 2345 266 2746 2350 267 2837 240 267 2744 2348 267 2748 2352 267 2837 240 267 2746 2350 267 2750 2354 267 2837 240 267 2748 2352 267 2752 2356 267 2837 240 267 2750 2354 267 3098 2397 267 3152 2396 267 3212 2398 267 3096 2395 267 3152 2396 267 3098 2397 267 3096 2395 267 3150 2394 267 3152 2396 267 3094 2393 267 3150 2394 267 3096 2395 267 3094 2393 267 3154 2392 267 3150 2394 267 3092 2391 267 3154 2392 267 3094 2393 267 3092 2391 267 3156 2390 267 3154 2392 267 3090 2389 267 3156 2390 267 3092 2391 267 3090 2389 267 3158 2388 267 3156 2390 267 3086 2387 267 3158 2388 267 3090 2389 267 3086 2387 267 3160 2386 267 3158 2388 267 3088 2385 267 3160 2386 267 3086 2387 267 3088 2385 267 3162 2384 267 3160 2386 267 3147 2383 267 3162 2384 267 3088 2385 267 3147 2383 267 3164 2382 267 3162 2384 267 3146 2381 267 3164 2382 267 3147 2383 267 3146 2381 267 3166 2380 267 3164 2382 267 3144 2379 267 3166 2380 267 3146 2381 267 3144 2379 267 3168 2378 267 3166 2380 267 3142 2377 267 3168 2378 267 3144 2379 267 3142 2377 267 3170 2376 267 3168 2378 267 3140 2375 267 3170 2376 267 3142 2377 267 3140 2375 267 3172 2374 267 3170 2376 267 3138 2372 267 3172 2374 267 3140 2375 267 3138 2372 267 3174 2373 267 3172 2374 267 3136 2371 267 3174 2373 267 3138 2372 267 3136 2371 267 3176 2462 267 3174 2373 267 3134 2461 267 3176 2462 267 3136 2371 267 3134 2461 267 3178 2463 267 3176 2462 267 3132 2460 267 3178 2463 267 3134 2461 267 3132 2460 267 3180 2464 267 3178 2463 267 3130 2459 267 3180 2464 267 3132 2460 267 3130 2459 267 3182 2465 267 3180 2464 267 3128 2458 267 3182 2465 267 3130 2459 267 3128 2458 267 3184 2466 267 3182 2465 267 3126 2457 267 3184 2466 267 3128 2458 267 3126 2457 267 3186 2399 267 3184 2466 267 3124 2401 267 3186 2399 267 3126 2457 267 3124 2401 267 3188 2400 267 3186 2399 267 3122 2402 267 3188 2400 267 3124 2401 267 3122 2402 267 3190 2403 267 3188 2400 267 3120 2404 267 3190 2403 267 3122 2402 267 3120 2404 267 3192 2405 267 3190 2403 267 3118 2406 267 3192 2405 267 3120 2404 267 3118 2406 267 3194 2407 267 3192 2405 267 3116 2408 267 3194 2407 267 3118 2406 267 3116 2408 267 3196 2409 267 3194 2407 267 3114 2410 267 3196 2409 267 3116 2408 267 3114 2410 267 3198 2411 267 3196 2409 267 3112 2412 267 3198 2411 267 3114 2410 267 3112 2412 267 3200 2413 267 3198 2411 267 3110 2414 267 3200 2413 267 3112 2412 267 3110 2414 267 3202 2415 267 3200 2413 267 3108 2416 267 3202 2415 267 3110 2414 267 3108 2416 267 3204 2417 267 3202 2415 267 3106 2418 267 3204 2417 267 3108 2416 267 3106 2418 267 3206 2419 267 3204 2417 267 3104 2420 267 3206 2419 267 3106 2418 267 3104 2420 267 3208 2421 267 3206 2419 267 3102 2422 267 3208 2421 267 3104 2420 267 3102 2422 267 3210 2423 267 3208 2421 267 3100 2424 267 3210 2423 267 3102 2422 267 3100 2424 267 3212 2398 267 3210 2423 267 3098 2397 267 3212 2398 267 3100 2424 267 3211 2425 267 3225 2426 268 3224 2425 268 3151 2426 267 3225 2426 268 3211 2425 267 3151 2426 267 3226 2427 268 3225 2426 268 3149 2427 267 3226 2427 268 3151 2426 267 3149 2427 267 3227 2428 268 3226 2427 268 3153 2428 267 3227 2428 268 3149 2427 267 3153 2428 267 3228 2429 268 3227 2428 268 3155 2429 267 3228 2429 268 3153 2428 267 3155 2429 267 3229 2430 268 3228 2429 268 3157 2430 267 3229 2430 268 3155 2429 267 3157 2430 267 3230 2431 268 3229 2430 268 3159 2431 267 3230 2431 268 3157 2430 267 3159 2431 267 3231 2432 268 3230 2431 268 3161 2432 267 3231 2432 268 3159 2431 267 3161 2432 267 3232 2433 268 3231 2432 268 3163 2433 267 3232 2433 268 3161 2432 267 3163 2433 267 3233 2434 268 3232 2433 268 3165 2434 267 3233 2434 268 3163 2433 267 3165 2434 267 3234 2435 268 3233 2434 268 3167 2435 267 3234 2435 268 3165 2434 267 3167 2435 267 3235 2436 268 3234 2435 268 3169 2436 267 3235 2436 268 3167 2435 267 3169 2436 267 3236 2437 268 3235 2436 268 3171 2437 267 3236 2437 268 3169 2436 267 3171 2437 267 3237 2438 268 3236 2437 268 3173 2438 267 3237 2438 268 3171 2437 267 3173 2438 267 3238 2439 268 3237 2438 268 3175 2439 267 3238 2439 268 3173 2438 267 3175 2439 267 3239 2440 268 3238 2439 268 3177 2440 267 3239 2440 268 3175 2439 267 3177 2440 267 3240 2441 268 3239 2440 268 3179 2441 267 3240 2441 268 3177 2440 267 3179 2441 267 3241 2442 268 3240 2441 268 3181 2442 267 3241 2442 268 3179 2441 267 3181 2442 267 3242 2443 268 3241 2442 268 3183 2443 267 3242 2443 268 3181 2442 267 3183 2443 267 3243 2444 268 3242 2443 268 3185 2444 267 3243 2444 268 3183 2443 267 3185 2444 267 3244 2445 268 3243 2444 268 3187 2445 267 3244 2445 268 3185 2444 267 3187 2445 267 3245 2446 268 3244 2445 268 3189 2446 267 3245 2446 268 3187 2445 267 3189 2446 267 3246 2447 268 3245 2446 268 3191 2447 267 3246 2447 268 3189 2446 267 3191 2447 267 3247 2448 268 3246 2447 268 3193 2448 267 3247 2448 268 3191 2447 267 3193 2448 267 3248 2449 268 3247 2448 268 3195 2449 267 3248 2449 268 3193 2448 267 3195 2449 267 3249 2450 268 3248 2449 268 3197 2450 267 3249 2450 268 3195 2449 267 3197 2450 267 3250 2451 268 3249 2450 268 3199 2451 267 3250 2451 268 3197 2450 267 3199 2451 267 3251 2452 268 3250 2451 268 3201 2452 267 3251 2452 268 3199 2451 267 3201 2452 267 3252 2453 268 3251 2452 268 3203 2453 267 3252 2453 268 3201 2452 267 3203 2453 267 3253 2454 268 3252 2453 268 3205 2454 267 3253 2454 268 3203 2453 267 3205 2454 267 3254 2455 268 3253 2454 268 3207 2455 267 3254 2455 268 3205 2454 267 3207 2455 267 3255 2456 268 3254 2455 268 3209 2456 267 3255 2456 268 3207 2455 267 3209 2456 267 3224 2425 268 3255 2456 268 3211 2425 267 3224 2425 268 3209 2456 267 3258 2321 267 3257 2387 267 3256 2323 267 3259 2385 267 3257 2387 267 3258 2321 267 3256 2323 267 3261 2389 267 3260 2325 267 3257 2387 267 3261 2389 267 3256 2323 267 3260 2325 267 3263 2391 267 3262 2327 267 3261 2389 267 3263 2391 267 3260 2325 267 3262 2327 267 3265 2393 267 3264 2329 267 3263 2391 267 3265 2393 267 3262 2327 267 3264 2329 267 3267 2395 267 3266 2331 267 3265 2393 267 3267 2395 267 3264 2329 267 3266 2331 267 3269 2397 267 3268 2333 267 3267 2395 267 3269 2397 267 3266 2331 267 3268 2333 267 3271 2424 267 3270 2359 267 3269 2397 267 3271 2424 267 3268 2333 267 3270 2359 267 3273 2422 267 3272 2361 267 3271 2424 267 3273 2422 267 3270 2359 267 3272 2361 267 3275 2420 267 3274 2363 267 3273 2422 267 3275 2420 267 3272 2361 267 3274 2363 267 3277 2418 267 3276 2365 267 3275 2420 267 3277 2418 267 3274 2363 267 3276 2365 267 3279 2416 267 3278 2367 267 3277 2418 267 3279 2416 267 3276 2365 267 3278 2367 267 3281 2414 267 3280 2369 267 3279 2416 267 3281 2414 267 3278 2367 267 3280 2369 267 3283 2412 267 3282 2335 267 3281 2414 267 3283 2412 267 3280 2369 267 3282 2335 267 3285 2410 267 3284 2337 267 3283 2412 267 3285 2410 267 3282 2335 267 3284 2337 267 3287 2408 267 3286 2339 267 3285 2410 267 3287 2408 267 3284 2337 267 3286 2339 267 3289 2406 267 3288 2341 267 3287 2408 267 3289 2406 267 3286 2339 267 3288 2341 267 3291 2404 267 3290 2343 267 3289 2406 267 3291 2404 267 3288 2341 267 3290 2343 267 3293 2402 267 3292 2345 267 3291 2404 267 3293 2402 267 3290 2343 267 3292 2345 267 3295 2401 267 3294 2347 267 3293 2402 267 3295 2401 267 3292 2345 267 3294 2347 267 3297 2457 267 3296 2349 267 3295 2401 267 3297 2457 267 3294 2347 267 3296 2349 267 3299 2458 267 3298 2351 267 3297 2457 267 3299 2458 267 3296 2349 267 3298 2351 267 3301 2459 267 3300 2353 267 3299 2458 267 3301 2459 267 3298 2351 267 3300 2353 267 3303 2460 267 3302 2355 267 3301 2459 267 3303 2460 267 3300 2353 267 3302 2355 267 3305 2461 267 3304 2357 267 3303 2460 267 3305 2461 267 3302 2355 267 3304 2357 267 3307 2371 267 3306 2307 267 3305 2461 267 3307 2371 267 3304 2357 267 3306 2307 267 3309 2372 267 3308 2309 267 3307 2371 267 3309 2372 267 3306 2307 267 3308 2309 267 3311 2375 267 3310 2311 267 3309 2372 267 3311 2375 267 3308 2309 267 3310 2311 267 3313 2377 267 3312 2313 267 3311 2375 267 3313 2377 267 3310 2311 267 3312 2313 267 3315 2379 267 3314 2315 267 3313 2377 267 3315 2379 267 3312 2313 267 3314 2315 267 3317 2381 267 3316 2317 267 3315 2379 267 3317 2381 267 3314 2315 267 3259 2385 267 3319 2319 267 3318 2383 267 3258 2321 267 3319 2319 267 3259 2385 267 3316 2317 267 3318 2383 267 3319 2319 267 3317 2381 267 3318 2383 267 3316 2317 267 3322 2426 267 3321 2394 267 3320 2427 267 3323 2396 267 3321 2394 267 3322 2426 267 3320 2427 267 3325 2392 267 3324 2428 267 3321 2394 267 3325 2392 267 3320 2427 267 3324 2428 267 3327 2390 267 3326 2429 267 3325 2392 267 3327 2390 267 3324 2428 267 3326 2429 267 3329 2388 267 3328 2430 267 3327 2390 267 3329 2388 267 3326 2429 267 3328 2430 267 3331 2386 267 3330 2431 267 3329 2388 267 3331 2386 267 3328 2430 267 3330 2431 267 3333 2384 267 3332 2432 267 3331 2386 267 3333 2384 267 3330 2431 267 3332 2432 267 3335 2382 267 3334 2433 267 3333 2384 267 3335 2382 267 3332 2432 267 3334 2433 267 3337 2380 267 3336 2434 267 3335 2382 267 3337 2380 267 3334 2433 267 3336 2434 267 3339 2378 267 3338 2435 267 3337 2380 267 3339 2378 267 3336 2434 267 3338 2435 267 3341 2376 267 3340 2436 267 3339 2378 267 3341 2376 267 3338 2435 267 3340 2436 267 3343 2374 267 3342 2437 267 3341 2376 267 3343 2374 267 3340 2436 267 3342 2437 267 3345 2373 267 3344 2438 267 3343 2374 267 3345 2373 267 3342 2437 267 3344 2438 267 3347 2462 267 3346 2439 267 3345 2373 267 3347 2462 267 3344 2438 267 3346 2439 267 3349 2463 267 3348 2440 267 3347 2462 267 3349 2463 267 3346 2439 267 3348 2440 267 3351 2464 267 3350 2441 267 3349 2463 267 3351 2464 267 3348 2440 267 3350 2441 267 3219 2465 267 3218 2442 267 3351 2464 267 3219 2465 267 3350 2441 267 3216 2443 267 3353 2399 267 3352 2444 267 3217 2466 267 3353 2399 267 3216 2443 267 3352 2444 267 3355 2400 267 3354 2445 267 3353 2399 267 3355 2400 267 3352 2444 267 3354 2445 267 3357 2403 267 3356 2446 267 3355 2400 267 3357 2403 267 3354 2445 267 3356 2446 267 3359 2405 267 3358 2447 267 3357 2403 267 3359 2405 267 3356 2446 267 3358 2447 267 3361 2407 267 3360 2448 267 3359 2405 267 3361 2407 267 3358 2447 267 3360 2448 267 3363 2409 267 3362 2449 267 3361 2407 267 3363 2409 267 3360 2448 267 3362 2449 267 3365 2411 267 3364 2450 267 3363 2409 267 3365 2411 267 3362 2449 267 3364 2450 267 3367 2413 267 3366 2451 267 3365 2411 267 3367 2413 267 3364 2450 267 3366 2451 267 3369 2415 267 3368 2452 267 3367 2413 267 3369 2415 267 3366 2451 267 3368 2452 267 3371 2417 267 3370 2453 267 3369 2415 267 3371 2417 267 3368 2452 267 3370 2453 267 3373 2419 267 3372 2454 267 3371 2417 267 3373 2419 267 3370 2453 267 3372 2454 267 3375 2421 267 3374 2455 267 3373 2419 267 3375 2421 267 3372 2454 267 3374 2455 267 3377 2423 267 3376 2456 267 3375 2421 267 3377 2423 267 3374 2455 267 3376 2456 267 3379 2398 267 3378 2425 267 3377 2423 267 3379 2398 267 3376 2456 267 3323 2396 267 3378 2425 267 3379 2398 267 3322 2426 267 3378 2425 267 3323 2396 267 2913 2321 266 3319 2319 267 3258 2321 267 2911 2319 266 3319 2319 267 2913 2321 266 2697 2323 266 3258 2321 267 3256 2323 267 2913 2321 266 3258 2321 267 2697 2323 266 2699 2325 266 3256 2323 267 3260 2325 267 2697 2323 266 3256 2323 267 2699 2325 266 2701 2327 266 3260 2325 267 3262 2327 267 2699 2325 266 3260 2325 267 2701 2327 266 2703 2329 266 3262 2327 267 3264 2329 267 2701 2327 266 3262 2327 267 2703 2329 266 2705 2331 266 3264 2329 267 3266 2331 267 2703 2329 266 3264 2329 267 2705 2331 266 2707 2333 266 3266 2331 267 3268 2333 267 2705 2331 266 3266 2331 267 2707 2333 266 2709 2359 266 3268 2333 267 3270 2359 267 2707 2333 266 3268 2333 267 2709 2359 266 2711 2361 266 3270 2359 267 3272 2361 267 2709 2359 266 3270 2359 267 2711 2361 266 2771 2363 266 3272 2361 267 3274 2363 267 2711 2361 266 3272 2361 267 2771 2363 266 2773 2365 266 3274 2363 267 3276 2365 267 2771 2363 266 3274 2363 267 2773 2365 266 2775 2367 266 3276 2365 267 3278 2367 267 2773 2365 266 3276 2365 267 2775 2367 266 2777 2369 266 3278 2367 267 3280 2369 267 2775 2367 266 3278 2367 267 2777 2369 266 2561 2335 266 3280 2369 267 3282 2335 267 2777 2369 266 3280 2369 267 2561 2335 266 2563 2337 266 3282 2335 267 3284 2337 267 2561 2335 266 3282 2335 267 2563 2337 266 2565 2339 266 3284 2337 267 3286 2339 267 2563 2337 266 3284 2337 267 2565 2339 266 2567 2341 266 3286 2339 267 3288 2341 267 2565 2339 266 3286 2339 267 2567 2341 266 2569 2343 266 3288 2341 267 3290 2343 267 2567 2341 266 3288 2341 267 2569 2343 266 2571 2345 266 3290 2343 267 3292 2345 267 2569 2343 266 3290 2343 267 2571 2345 266 2573 2347 266 3292 2345 267 3294 2347 267 2571 2345 266 3292 2345 267 2573 2347 266 2575 2349 266 3294 2347 267 3296 2349 267 2573 2347 266 3294 2347 267 2575 2349 266 2577 2351 266 3296 2349 267 3298 2351 267 2575 2349 266 3296 2349 267 2577 2351 266 2579 2353 266 3298 2351 267 3300 2353 267 2577 2351 266 3298 2351 267 2579 2353 266 2581 2355 266 3300 2353 267 3302 2355 267 2579 2353 266 3300 2353 267 2581 2355 266 2583 2357 266 3302 2355 267 3304 2357 267 2581 2355 266 3302 2355 267 2583 2357 266 2585 2307 266 3304 2357 267 3306 2307 267 2583 2357 266 3304 2357 267 2585 2307 266 2587 2309 266 3306 2307 267 3308 2309 267 2585 2307 266 3306 2307 267 2587 2309 266 3380 2311 266 3308 2309 267 3310 2311 267 2587 2309 266 3308 2309 267 3380 2311 266 2926 2313 266 3310 2311 267 3312 2313 267 3380 2311 266 3310 2311 267 2926 2313 266 2928 2315 266 3312 2313 267 3314 2315 267 2926 2313 266 3312 2313 267 2928 2315 266 2930 2317 266 3314 2315 267 3316 2317 267 2928 2315 266 3314 2315 267 2930 2317 266 2911 2319 266 3316 2317 267 3319 2319 267 2930 2317 266 3316 2317 267 2911 2319 266 2771 2363 266 2712 2362 267 2711 2361 266 2772 2364 267 2712 2362 267 2771 2363 266 2561 2335 266 2778 2370 267 2777 2369 266 2562 2336 267 2778 2370 267 2561 2335 266 3380 2311 266 2588 2310 267 2587 2309 266 3381 2312 267 2588 2310 267 3380 2311 266 2926 2313 266 3381 2312 267 3380 2311 266 2927 2314 267 3381 2312 267 2926 2313 266 2911 2319 266 2931 2318 267 2930 2317 266 2912 2320 267 2931 2318 267 2911 2319 266 3353 2399 267 3297 2457 267 3295 2401 267 3217 2466 267 3297 2457 267 3353 2399 267 3217 2466 267 3299 2458 267 3297 2457 267 3219 2465 267 3299 2458 267 3217 2466 267 3219 2465 267 3301 2459 267 3299 2458 267 3351 2464 267 3301 2459 267 3219 2465 267 3351 2464 267 3303 2460 267 3301 2459 267 3349 2463 267 3303 2460 267 3351 2464 267 3349 2463 267 3305 2461 267 3303 2460 267 3347 2462 267 3305 2461 267 3349 2463 267 3347 2462 267 3307 2371 267 3305 2461 267 3345 2373 267 3307 2371 267 3347 2462 267 3345 2373 267 3309 2372 267 3307 2371 267 3343 2374 267 3309 2372 267 3345 2373 267 3343 2374 267 3311 2375 267 3309 2372 267 3341 2376 267 3311 2375 267 3343 2374 267 3341 2376 267 3313 2377 267 3311 2375 267 3339 2378 267 3313 2377 267 3341 2376 267 3339 2378 267 3315 2379 267 3313 2377 267 3337 2380 267 3315 2379 267 3339 2378 267 3337 2380 267 3317 2381 267 3315 2379 267 3335 2382 267 3317 2381 267 3337 2380 267 3335 2382 267 3318 2383 267 3317 2381 267 3333 2384 267 3318 2383 267 3335 2382 267 3333 2384 267 3259 2385 267 3318 2383 267 3331 2386 267 3259 2385 267 3333 2384 267 3331 2386 267 3257 2387 267 3259 2385 267 3329 2388 267 3257 2387 267 3331 2386 267 3329 2388 267 3261 2389 267 3257 2387 267 3327 2390 267 3261 2389 267 3329 2388 267 3327 2390 267 3263 2391 267 3261 2389 267 3325 2392 267 3263 2391 267 3327 2390 267 3325 2392 267 3265 2393 267 3263 2391 267 3321 2394 267 3265 2393 267 3325 2392 267 3321 2394 267 3267 2395 267 3265 2393 267 3323 2396 267 3267 2395 267 3321 2394 267 3323 2396 267 3269 2397 267 3267 2395 267 3379 2398 267 3269 2397 267 3323 2396 267 3295 2401 267 3355 2400 267 3353 2399 267 3293 2402 267 3355 2400 267 3295 2401 267 3293 2402 267 3357 2403 267 3355 2400 267 3291 2404 267 3357 2403 267 3293 2402 267 3291 2404 267 3359 2405 267 3357 2403 267 3289 2406 267 3359 2405 267 3291 2404 267 3289 2406 267 3361 2407 267 3359 2405 267 3287 2408 267 3361 2407 267 3289 2406 267 3287 2408 267 3363 2409 267 3361 2407 267 3285 2410 267 3363 2409 267 3287 2408 267 3285 2410 267 3365 2411 267 3363 2409 267 3283 2412 267 3365 2411 267 3285 2410 267 3283 2412 267 3367 2413 267 3365 2411 267 3281 2414 267 3367 2413 267 3283 2412 267 3281 2414 267 3369 2415 267 3367 2413 267 3279 2416 267 3369 2415 267 3281 2414 267 3279 2416 267 3371 2417 267 3369 2415 267 3277 2418 267 3371 2417 267 3279 2416 267 3277 2418 267 3373 2419 267 3371 2417 267 3275 2420 267 3373 2419 267 3277 2418 267 3275 2420 267 3375 2421 267 3373 2419 267 3273 2422 267 3375 2421 267 3275 2420 267 3273 2422 267 3377 2423 267 3375 2421 267 3271 2424 267 3377 2423 267 3273 2422 267 3271 2424 267 3379 2398 267 3377 2423 267 3269 2397 267 3379 2398 267 3271 2424 267 3378 2425 267 3383 2426 268 3382 2425 268 3322 2426 267 3383 2426 268 3378 2425 267 3322 2426 267 3384 2427 268 3383 2426 268 3320 2427 267 3384 2427 268 3322 2426 267 3320 2427 267 3385 2428 268 3384 2427 268 3324 2428 267 3385 2428 268 3320 2427 267 3324 2428 267 3386 2429 268 3385 2428 268 3326 2429 267 3386 2429 268 3324 2428 267 3326 2429 267 3387 2430 268 3386 2429 268 3328 2430 267 3387 2430 268 3326 2429 267 3328 2430 267 3388 2431 268 3387 2430 268 3330 2431 267 3388 2431 268 3328 2430 267 3330 2431 267 3389 2432 268 3388 2431 268 3332 2432 267 3389 2432 268 3330 2431 267 3332 2432 267 3390 2433 268 3389 2432 268 3334 2433 267 3390 2433 268 3332 2432 267 3334 2433 267 3391 2434 268 3390 2433 268 3336 2434 267 3391 2434 268 3334 2433 267 3336 2434 267 3392 2435 268 3391 2434 268 3338 2435 267 3392 2435 268 3336 2434 267 3338 2435 267 3393 2436 268 3392 2435 268 3340 2436 267 3393 2436 268 3338 2435 267 3340 2436 267 3394 2437 268 3393 2436 268 3342 2437 267 3394 2437 268 3340 2436 267 3342 2437 267 3395 2438 268 3394 2437 268 3344 2438 267 3395 2438 268 3342 2437 267 3344 2438 267 3396 2439 268 3395 2438 268 3346 2439 267 3396 2439 268 3344 2438 267 3346 2439 267 3397 2440 268 3396 2439 268 3348 2440 267 3397 2440 268 3346 2439 267 3348 2440 267 3398 2441 268 3397 2440 268 3350 2441 267 3398 2441 268 3348 2440 267 3350 2441 267 3399 2442 268 3398 2441 268 3218 2442 267 3399 2442 268 3350 2441 267 3218 2442 267 3400 2443 268 3399 2442 268 3216 2443 267 3400 2443 268 3218 2442 267 3216 2443 267 3401 2444 268 3400 2443 268 3352 2444 267 3401 2444 268 3216 2443 267 3352 2444 267 3402 2445 268 3401 2444 268 3354 2445 267 3402 2445 268 3352 2444 267 3354 2445 267 3403 2446 268 3402 2445 268 3356 2446 267 3403 2446 268 3354 2445 267 3356 2446 267 3404 2447 268 3403 2446 268 3358 2447 267 3404 2447 268 3356 2446 267 3358 2447 267 3405 2448 268 3404 2447 268 3360 2448 267 3405 2448 268 3358 2447 267 3360 2448 267 3406 2449 268 3405 2448 268 3362 2449 267 3406 2449 268 3360 2448 267 3362 2449 267 3407 2450 268 3406 2449 268 3364 2450 267 3407 2450 268 3362 2449 267 3364 2450 267 3408 2451 268 3407 2450 268 3366 2451 267 3408 2451 268 3364 2450 267 3366 2451 267 3409 2452 268 3408 2451 268 3368 2452 267 3409 2452 268 3366 2451 267 3368 2452 267 3410 2453 268 3409 2452 268 3370 2453 267 3410 2453 268 3368 2452 267 3370 2453 267 3411 2454 268 3410 2453 268 3372 2454 267 3411 2454 268 3370 2453 267 3372 2454 267 3412 2455 268 3411 2454 268 3374 2455 267 3412 2455 268 3372 2454 267 3374 2455 267 3413 2456 268 3412 2455 268 3376 2456 267 3413 2456 268 3374 2455 267 3376 2456 267 3382 2425 268 3413 2456 268 3378 2425 267 3382 2425 268 3376 2456 267 3416 2321 267 3415 2387 267 3414 2323 267 3417 2385 267 3415 2387 267 3416 2321 267 3414 2323 267 3419 2389 267 3418 2325 267 3415 2387 267 3419 2389 267 3414 2323 267 3418 2325 267 3421 2391 267 3420 2327 267 3419 2389 267 3421 2391 267 3418 2325 267 3420 2327 267 3423 2393 267 3422 2329 267 3421 2391 267 3423 2393 267 3420 2327 267 3422 2329 267 3425 2395 267 3424 2331 267 3423 2393 267 3425 2395 267 3422 2329 267 3424 2331 267 3427 2397 267 3426 2333 267 3425 2395 267 3427 2397 267 3424 2331 267 3426 2333 267 3429 2424 267 3428 2359 267 3427 2397 267 3429 2424 267 3426 2333 267 3428 2359 267 3431 2422 267 3430 2361 267 3429 2424 267 3431 2422 267 3428 2359 267 3430 2361 267 3433 2420 267 3432 2363 267 3431 2422 267 3433 2420 267 3430 2361 267 3432 2363 267 3435 2418 267 3434 2365 267 3433 2420 267 3435 2418 267 3432 2363 267 3434 2365 267 3437 2416 267 3436 2367 267 3435 2418 267 3437 2416 267 3434 2365 267 3436 2367 267 3439 2414 267 3438 2369 267 3437 2416 267 3439 2414 267 3436 2367 267 3438 2369 267 3441 2412 267 3440 2335 267 3439 2414 267 3441 2412 267 3438 2369 267 3440 2335 267 3443 2410 267 3442 2337 267 3441 2412 267 3443 2410 267 3440 2335 267 3442 2337 267 3445 2408 267 3444 2339 267 3443 2410 267 3445 2408 267 3442 2337 267 3444 2339 267 3447 2406 267 3446 2341 267 3445 2408 267 3447 2406 267 3444 2339 267 3446 2341 267 3449 2404 267 3448 2343 267 3447 2406 267 3449 2404 267 3446 2341 267 3448 2343 267 3451 2402 267 3450 2345 267 3449 2404 267 3451 2402 267 3448 2343 267 3450 2345 267 3453 2401 267 3452 2347 267 3451 2402 267 3453 2401 267 3450 2345 267 3452 2347 267 3455 2457 267 3454 2349 267 3453 2401 267 3455 2457 267 3452 2347 267 3454 2349 267 3457 2458 267 3456 2351 267 3455 2457 267 3457 2458 267 3454 2349 267 3456 2351 267 3459 2459 267 3458 2353 267 3457 2458 267 3459 2459 267 3456 2351 267 3458 2353 267 3461 2460 267 3460 2355 267 3459 2459 267 3461 2460 267 3458 2353 267 3460 2355 267 3463 2461 267 3462 2357 267 3461 2460 267 3463 2461 267 3460 2355 267 3462 2357 267 3465 2371 267 3464 2307 267 3463 2461 267 3465 2371 267 3462 2357 267 3464 2307 267 3467 2372 267 3466 2309 267 3465 2371 267 3467 2372 267 3464 2307 267 3466 2309 267 3469 2375 267 3468 2311 267 3467 2372 267 3469 2375 267 3466 2309 267 3468 2311 267 3471 2377 267 3470 2313 267 3469 2375 267 3471 2377 267 3468 2311 267 3470 2313 267 3473 2379 267 3472 2315 267 3471 2377 267 3473 2379 267 3470 2313 267 3472 2315 267 3475 2381 267 3474 2317 267 3473 2379 267 3475 2381 267 3472 2315 267 3417 2385 267 3477 2319 267 3476 2383 267 3416 2321 267 3477 2319 267 3417 2385 267 3474 2317 267 3476 2383 267 3477 2319 267 3475 2381 267 3476 2383 267 3474 2317 267 3480 2426 267 3479 2394 267 3478 2427 267 3481 2396 267 3479 2394 267 3480 2426 267 3478 2427 267 3483 2392 267 3482 2428 267 3479 2394 267 3483 2392 267 3478 2427 267 3482 2428 267 3485 2390 267 3484 2429 267 3483 2392 267 3485 2390 267 3482 2428 267 3484 2429 267 3487 2388 267 3486 2430 267 3485 2390 267 3487 2388 267 3484 2429 267 3486 2430 267 3489 2386 267 3488 2431 267 3487 2388 267 3489 2386 267 3486 2430 267 3488 2431 267 3491 2384 267 3490 2432 267 3489 2386 267 3491 2384 267 3488 2431 267 3490 2432 267 3493 2382 267 3492 2433 267 3491 2384 267 3493 2382 267 3490 2432 267 3492 2433 267 3495 2380 267 3494 2434 267 3493 2382 267 3495 2380 267 3492 2433 267 3494 2434 267 3497 2378 267 3496 2435 267 3495 2380 267 3497 2378 267 3494 2434 267 3496 2435 267 3499 2376 267 3498 2436 267 3497 2378 267 3499 2376 267 3496 2435 267 3498 2436 267 3501 2374 267 3500 2437 267 3499 2376 267 3501 2374 267 3498 2436 267 3500 2437 267 3503 2373 267 3502 2438 267 3501 2374 267 3503 2373 267 3500 2437 267 3502 2438 267 3505 2462 267 3504 2439 267 3503 2373 267 3505 2462 267 3502 2438 267 3504 2439 267 3507 2463 267 3506 2440 267 3505 2462 267 3507 2463 267 3504 2439 267 3506 2440 267 3509 2464 267 3508 2441 267 3507 2463 267 3509 2464 267 3506 2440 267 3508 2441 267 3511 2465 267 3510 2442 267 3509 2464 267 3511 2465 267 3508 2441 267 3510 2442 267 3513 2466 267 3512 2443 267 3511 2465 267 3513 2466 267 3510 2442 267 3512 2443 267 3515 2399 267 3514 2444 267 3513 2466 267 3515 2399 267 3512 2443 267 3514 2444 267 3517 2400 267 3516 2445 267 3515 2399 267 3517 2400 267 3514 2444 267 3516 2445 267 3519 2403 267 3518 2446 267 3517 2400 267 3519 2403 267 3516 2445 267 3518 2446 267 3521 2405 267 3520 2447 267 3519 2403 267 3521 2405 267 3518 2446 267 3520 2447 267 3523 2407 267 3522 2448 267 3521 2405 267 3523 2407 267 3520 2447 267 3522 2448 267 3525 2409 267 3524 2449 267 3523 2407 267 3525 2409 267 3522 2448 267 3524 2449 267 3527 2411 267 3526 2450 267 3525 2409 267 3527 2411 267 3524 2449 267 3526 2450 267 3529 2413 267 3528 2451 267 3527 2411 267 3529 2413 267 3526 2450 267 3528 2451 267 3531 2415 267 3530 2452 267 3529 2413 267 3531 2415 267 3528 2451 267 3530 2452 267 3533 2417 267 3532 2453 267 3531 2415 267 3533 2417 267 3530 2452 267 3532 2453 267 3535 2419 267 3534 2454 267 3533 2417 267 3535 2419 267 3532 2453 267 3534 2454 267 3537 2421 267 3536 2455 267 3535 2419 267 3537 2421 267 3534 2454 267 3536 2455 267 3539 2423 267 3538 2456 267 3537 2421 267 3539 2423 267 3536 2455 267 3538 2456 267 3541 2398 267 3540 2425 267 3539 2423 267 3541 2398 267 3538 2456 267 3481 2396 267 3540 2425 267 3541 2398 267 3480 2426 267 3540 2425 267 3481 2396 267 2811 2321 266 3477 2319 267 3416 2321 267 2809 2319 266 3477 2319 267 2811 2321 266 2813 2323 266 3416 2321 267 3414 2323 267 2811 2321 266 3416 2321 267 2813 2323 266 2815 2325 266 3414 2323 267 3418 2325 267 2813 2323 266 3414 2323 267 2815 2325 266 3542 2327 266 3418 2325 267 3420 2327 267 2815 2325 266 3418 2325 267 3542 2327 266 2957 2329 266 3420 2327 267 3422 2329 267 3542 2327 266 3420 2327 267 2957 2329 266 3543 2331 266 3422 2329 267 3424 2331 267 2957 2329 266 3422 2329 267 3543 2331 266 2925 2333 266 3424 2331 267 3426 2333 267 3543 2331 266 3424 2331 267 2925 2333 266 2904 2359 266 3426 2333 267 3428 2359 267 2925 2333 266 3426 2333 267 2904 2359 266 3544 2361 266 3428 2359 267 3430 2361 267 2904 2359 266 3428 2359 267 3544 2361 266 2893 2363 266 3430 2361 267 3432 2363 267 3544 2361 266 3430 2361 267 2893 2363 266 2895 2365 266 3432 2363 267 3434 2365 267 2893 2363 266 3432 2363 267 2895 2365 266 2755 2367 266 3434 2365 267 3436 2367 267 2895 2365 266 3434 2365 267 2755 2367 266 2757 2369 266 3436 2367 267 3438 2369 267 2755 2367 266 3436 2367 267 2757 2369 266 2759 2335 266 3438 2369 267 3440 2335 267 2757 2369 266 3438 2369 267 2759 2335 266 2761 2337 266 3440 2335 267 3442 2337 267 2759 2335 266 3440 2335 267 2761 2337 266 2866 2339 266 3442 2337 267 3444 2339 267 2761 2337 266 3442 2337 267 2866 2339 266 2868 2341 266 3444 2339 267 3446 2341 267 2866 2339 266 3444 2339 267 2868 2341 266 2875 2343 266 3446 2341 267 3448 2343 267 2868 2341 266 3446 2341 267 2875 2343 266 2779 2345 266 3448 2343 267 3450 2345 267 2875 2343 266 3448 2343 267 2779 2345 266 2781 2347 266 3450 2345 267 3452 2347 267 2779 2345 266 3450 2345 267 2781 2347 266 2783 2349 266 3452 2347 267 3454 2349 267 2781 2347 266 3452 2347 267 2783 2349 266 2785 2351 266 3454 2349 267 3456 2351 267 2783 2349 266 3454 2349 267 2785 2351 266 2835 2353 266 3456 2351 267 3458 2353 267 2785 2351 266 3456 2351 267 2835 2353 266 3545 2355 266 3458 2353 267 3460 2355 267 2835 2353 266 3458 2353 267 3545 2355 266 2801 2357 266 3460 2355 267 3462 2357 267 3545 2355 266 3460 2355 267 2801 2357 266 2803 2307 266 3462 2357 267 3464 2307 267 2801 2357 266 3462 2357 267 2803 2307 266 2805 2309 266 3464 2307 267 3466 2309 267 2803 2307 266 3464 2307 267 2805 2309 266 2807 2311 266 3466 2309 267 3468 2311 267 2805 2309 266 3466 2309 267 2807 2311 266 2845 2313 266 3468 2311 267 3470 2313 267 2807 2311 266 3468 2311 267 2845 2313 266 2909 2315 266 3470 2313 267 3472 2315 267 2845 2313 266 3470 2313 267 2909 2315 266 2910 2317 266 3472 2315 267 3474 2317 267 2909 2315 266 3472 2315 267 2910 2317 266 2809 2319 266 3474 2317 267 3477 2319 267 2910 2317 266 3474 2317 267 2809 2319 266 3547 2321 267 2983 2387 267 3546 2323 267 2981 2385 267 2983 2387 267 3547 2321 267 3546 2323 267 2985 2389 267 3548 2325 267 2983 2387 267 2985 2389 267 3546 2323 267 3548 2325 267 2987 2391 267 3549 2327 267 2985 2389 267 2987 2391 267 3548 2325 267 3549 2327 267 2989 2393 267 3550 2329 267 2987 2391 267 2989 2393 267 3549 2327 267 3550 2329 267 2991 2395 267 3551 2331 267 2989 2393 267 2991 2395 267 3550 2329 267 3551 2331 267 2993 2397 267 3552 2333 267 2991 2395 267 2993 2397 267 3551 2331 267 3552 2333 267 3020 2424 267 3553 2359 267 2993 2397 267 3020 2424 267 3552 2333 267 3553 2359 267 3018 2422 267 3554 2361 267 3020 2424 267 3018 2422 267 3553 2359 267 3554 2361 267 3016 2420 267 3555 2363 267 3018 2422 267 3016 2420 267 3554 2361 267 3555 2363 267 3014 2418 267 3556 2365 267 3016 2420 267 3014 2418 267 3555 2363 267 3556 2365 267 3012 2416 267 3557 2367 267 3014 2418 267 3012 2416 267 3556 2365 267 3557 2367 267 3010 2414 267 3558 2369 267 3012 2416 267 3010 2414 267 3557 2367 267 3558 2369 267 3008 2412 267 3559 2335 267 3010 2414 267 3008 2412 267 3558 2369 267 3559 2335 267 3006 2410 267 3560 2337 267 3008 2412 267 3006 2410 267 3559 2335 267 3560 2337 267 3004 2408 267 3561 2339 267 3006 2410 267 3004 2408 267 3560 2337 267 3561 2339 267 3002 2406 267 3562 2341 267 3004 2408 267 3002 2406 267 3561 2339 267 3542 2327 266 2816 2326 267 2815 2325 266 2956 2328 267 2816 2326 267 3542 2327 266 3543 2331 266 2923 2330 267 2957 2329 266 2924 2332 267 2923 2330 267 3543 2331 266 2893 2363 266 2901 2362 267 3544 2361 266 2894 2364 267 2901 2362 267 2893 2363 266 3544 2361 266 2902 2360 267 2904 2359 266 2901 2362 267 2902 2360 267 3544 2361 266 3545 2355 266 2834 2354 267 2835 2353 266 2832 2356 267 2834 2354 267 3545 2355 266 2801 2357 266 2832 2356 267 3545 2355 266 2802 2358 267 2832 2356 267 2801 2357 266 2806 2310 267 2833 240 267 2804 2308 267 2808 2312 267 2833 240 267 2806 2310 267 2909 2315 266 2844 2314 267 2845 2313 266 2843 2316 267 2844 2314 267 2909 2315 266 3495 2380 267 3475 2381 267 3473 2379 267 3493 2382 267 3475 2381 267 3495 2380 267 3493 2382 267 3476 2383 267 3475 2381 267 3491 2384 267 3476 2383 267 3493 2382 267 3491 2384 267 3417 2385 267 3476 2383 267 3489 2386 267 3417 2385 267 3491 2384 267 3489 2386 267 3415 2387 267 3417 2385 267 3487 2388 267 3415 2387 267 3489 2386 267 3487 2388 267 3419 2389 267 3415 2387 267 3485 2390 267 3419 2389 267 3487 2388 267 3485 2390 267 3421 2391 267 3419 2389 267 3483 2392 267 3421 2391 267 3485 2390 267 3483 2392 267 3423 2393 267 3421 2391 267 3479 2394 267 3423 2393 267 3483 2392 267 3479 2394 267 3425 2395 267 3423 2393 267 3481 2396 267 3425 2395 267 3479 2394 267 3481 2396 267 3427 2397 267 3425 2395 267 3541 2398 267 3427 2397 267 3481 2396 267 3473 2379 267 3497 2378 267 3495 2380 267 3471 2377 267 3497 2378 267 3473 2379 267 3471 2377 267 3499 2376 267 3497 2378 267 3469 2375 267 3499 2376 267 3471 2377 267 3469 2375 267 3501 2374 267 3499 2376 267 3467 2372 267 3501 2374 267 3469 2375 267 3467 2372 267 3503 2373 267 3501 2374 267 3465 2371 267 3503 2373 267 3467 2372 267 3465 2371 267 3505 2462 267 3503 2373 267 3463 2461 267 3505 2462 267 3465 2371 267 3463 2461 267 3507 2463 267 3505 2462 267 3461 2460 267 3507 2463 267 3463 2461 267 3461 2460 267 3509 2464 267 3507 2463 267 3459 2459 267 3509 2464 267 3461 2460 267 3459 2459 267 3511 2465 267 3509 2464 267 3457 2458 267 3511 2465 267 3459 2459 267 3457 2458 267 3513 2466 267 3511 2465 267 3455 2457 267 3513 2466 267 3457 2458 267 3455 2457 267 3515 2399 267 3513 2466 267 3453 2401 267 3515 2399 267 3455 2457 267 3453 2401 267 3517 2400 267 3515 2399 267 3451 2402 267 3517 2400 267 3453 2401 267 3451 2402 267 3519 2403 267 3517 2400 267 3449 2404 267 3519 2403 267 3451 2402 267 3449 2404 267 3521 2405 267 3519 2403 267 3447 2406 267 3521 2405 267 3449 2404 267 3447 2406 267 3523 2407 267 3521 2405 267 3445 2408 267 3523 2407 267 3447 2406 267 3445 2408 267 3525 2409 267 3523 2407 267 3443 2410 267 3525 2409 267 3445 2408 267 3443 2410 267 3527 2411 267 3525 2409 267 3441 2412 267 3527 2411 267 3443 2410 267 3441 2412 267 3529 2413 267 3527 2411 267 3439 2414 267 3529 2413 267 3441 2412 267 3439 2414 267 3531 2415 267 3529 2413 267 3437 2416 267 3531 2415 267 3439 2414 267 3437 2416 267 3533 2417 267 3531 2415 267 3435 2418 267 3533 2417 267 3437 2416 267 3435 2418 267 3535 2419 267 3533 2417 267 3433 2420 267 3535 2419 267 3435 2418 267 3433 2420 267 3537 2421 267 3535 2419 267 3431 2422 267 3537 2421 267 3433 2420 267 3431 2422 267 3539 2423 267 3537 2421 267 3429 2424 267 3539 2423 267 3431 2422 267 3429 2424 267 3541 2398 267 3539 2423 267 3427 2397 267 3541 2398 267 3429 2424 267 3540 2425 267 3564 2426 268 3563 2425 268 3480 2426 267 3564 2426 268 3540 2425 267 3480 2426 267 3565 2427 268 3564 2426 268 3478 2427 267 3565 2427 268 3480 2426 267 3478 2427 267 3566 2428 268 3565 2427 268 3482 2428 267 3566 2428 268 3478 2427 267 3482 2428 267 3567 2429 268 3566 2428 268 3484 2429 267 3567 2429 268 3482 2428 267 3484 2429 267 3568 2430 268 3567 2429 268 3486 2430 267 3568 2430 268 3484 2429 267 3486 2430 267 3569 2431 268 3568 2430 268 3488 2431 267 3569 2431 268 3486 2430 267 3488 2431 267 3570 2432 268 3569 2431 268 3490 2432 267 3570 2432 268 3488 2431 267 3490 2432 267 3571 2433 268 3570 2432 268 3492 2433 267 3571 2433 268 3490 2432 267 3492 2433 267 3572 2434 268 3571 2433 268 3494 2434 267 3572 2434 268 3492 2433 267 3494 2434 267 3573 2435 268 3572 2434 268 3496 2435 267 3573 2435 268 3494 2434 267 3496 2435 267 3574 2436 268 3573 2435 268 3498 2436 267 3574 2436 268 3496 2435 267 3498 2436 267 3575 2437 268 3574 2436 268 3500 2437 267 3575 2437 268 3498 2436 267 3500 2437 267 3576 2438 268 3575 2437 268 3502 2438 267 3576 2438 268 3500 2437 267 3502 2438 267 3577 2439 268 3576 2438 268 3504 2439 267 3577 2439 268 3502 2438 267 3504 2439 267 3578 2440 268 3577 2439 268 3506 2440 267 3578 2440 268 3504 2439 267 3506 2440 267 3579 2441 268 3578 2440 268 3508 2441 267 3579 2441 268 3506 2440 267 3508 2441 267 3580 2442 268 3579 2441 268 3510 2442 267 3580 2442 268 3508 2441 267 3510 2442 267 3581 2443 268 3580 2442 268 3512 2443 267 3581 2443 268 3510 2442 267 3512 2443 267 3582 2444 268 3581 2443 268 3514 2444 267 3582 2444 268 3512 2443 267 3514 2444 267 3583 2445 268 3582 2444 268 3516 2445 267 3583 2445 268 3514 2444 267 3516 2445 267 3584 2446 268 3583 2445 268 3518 2446 267 3584 2446 268 3516 2445 267 3518 2446 267 3585 2447 268 3584 2446 268 3520 2447 267 3585 2447 268 3518 2446 267 3520 2447 267 3586 2448 268 3585 2447 268 3522 2448 267 3586 2448 268 3520 2447 267 3522 2448 267 3587 2449 268 3586 2448 268 3524 2449 267 3587 2449 268 3522 2448 267 3524 2449 267 3588 2450 268 3587 2449 268 3526 2450 267 3588 2450 268 3524 2449 267 3526 2450 267 3589 2451 268 3588 2450 268 3528 2451 267 3589 2451 268 3526 2450 267 3528 2451 267 3590 2452 268 3589 2451 268 3530 2452 267 3590 2452 268 3528 2451 267 3530 2452 267 3591 2453 268 3590 2452 268 3532 2453 267 3591 2453 268 3530 2452 267 3532 2453 267 3592 2454 268 3591 2453 268 3534 2454 267 3592 2454 268 3532 2453 267 3534 2454 267 3593 2455 268 3592 2454 268 3536 2455 267 3593 2455 268 3534 2454 267 3536 2455 267 3594 2456 268 3593 2455 268 3538 2456 267 3594 2456 268 3536 2455 267 3538 2456 267 3563 2425 268 3594 2456 268 3540 2425 267 3563 2425 268 3538 2456 267 3597 2321 267 3596 2387 267 3595 2323 267 3598 2385 267 3596 2387 267 3597 2321 267 3595 2323 267 3600 2389 267 3599 2325 267 3596 2387 267 3600 2389 267 3595 2323 267 3599 2325 267 3602 2391 267 3601 2327 267 3600 2389 267 3602 2391 267 3599 2325 267 3601 2327 267 3604 2393 267 3603 2329 267 3602 2391 267 3604 2393 267 3601 2327 267 3603 2329 267 3606 2395 267 3605 2331 267 3604 2393 267 3606 2395 267 3603 2329 267 3605 2331 267 3608 2397 267 3607 2333 267 3606 2395 267 3608 2397 267 3605 2331 267 3607 2333 267 3610 2424 267 3609 2359 267 3608 2397 267 3610 2424 267 3607 2333 267 3609 2359 267 3612 2422 267 3611 2361 267 3610 2424 267 3612 2422 267 3609 2359 267 3611 2361 267 3614 2420 267 3613 2363 267 3612 2422 267 3614 2420 267 3611 2361 267 3613 2363 267 3616 2418 267 3615 2365 267 3614 2420 267 3616 2418 267 3613 2363 267 3615 2365 267 3618 2416 267 3617 2367 267 3616 2418 267 3618 2416 267 3615 2365 267 3617 2367 267 3620 2414 267 3619 2369 267 3618 2416 267 3620 2414 267 3617 2367 267 3619 2369 267 3622 2412 267 3621 2335 267 3620 2414 267 3622 2412 267 3619 2369 267 3621 2335 267 3624 2410 267 3623 2337 267 3622 2412 267 3624 2410 267 3621 2335 267 3623 2337 267 3626 2408 267 3625 2339 267 3624 2410 267 3626 2408 267 3623 2337 267 3625 2339 267 3628 2406 267 3627 2341 267 3626 2408 267 3628 2406 267 3625 2339 267 3627 2341 267 3630 2404 267 3629 2343 267 3628 2406 267 3630 2404 267 3627 2341 267 3629 2343 267 3632 2402 267 3631 2345 267 3630 2404 267 3632 2402 267 3629 2343 267 3631 2345 267 3634 2401 267 3633 2347 267 3632 2402 267 3634 2401 267 3631 2345 267 3633 2347 267 3636 2457 267 3635 2349 267 3634 2401 267 3636 2457 267 3633 2347 267 3635 2349 267 3638 2458 267 3637 2351 267 3636 2457 267 3638 2458 267 3635 2349 267 3637 2351 267 3640 2459 267 3639 2353 267 3638 2458 267 3640 2459 267 3637 2351 267 3639 2353 267 3642 2460 267 3641 2355 267 3640 2459 267 3642 2460 267 3639 2353 267 3641 2355 267 3644 2461 267 3643 2357 267 3642 2460 267 3644 2461 267 3641 2355 267 3643 2357 267 3646 2371 267 3645 2307 267 3644 2461 267 3646 2371 267 3643 2357 267 3645 2307 267 3648 2372 267 3647 2309 267 3646 2371 267 3648 2372 267 3645 2307 267 3647 2309 267 3650 2375 267 3649 2311 267 3648 2372 267 3650 2375 267 3647 2309 267 3649 2311 267 3652 2377 267 3651 2313 267 3650 2375 267 3652 2377 267 3649 2311 267 3651 2313 267 3654 2379 267 3653 2315 267 3652 2377 267 3654 2379 267 3651 2313 267 3653 2315 267 3656 2381 267 3655 2317 267 3654 2379 267 3656 2381 267 3653 2315 267 3598 2385 267 3658 2319 267 3657 2383 267 3597 2321 267 3658 2319 267 3598 2385 267 3655 2317 267 3657 2383 267 3658 2319 267 3656 2381 267 3657 2383 267 3655 2317 267 3661 2426 267 3660 2394 267 3659 2427 267 3662 2396 267 3660 2394 267 3661 2426 267 3659 2427 267 3664 2392 267 3663 2428 267 3660 2394 267 3664 2392 267 3659 2427 267 3663 2428 267 3666 2390 267 3665 2429 267 3664 2392 267 3666 2390 267 3663 2428 267 3665 2429 267 3668 2388 267 3667 2430 267 3666 2390 267 3668 2388 267 3665 2429 267 3667 2430 267 3670 2386 267 3669 2431 267 3668 2388 267 3670 2386 267 3667 2430 267 3669 2431 267 3672 2384 267 3671 2432 267 3670 2386 267 3672 2384 267 3669 2431 267 3671 2432 267 3674 2382 267 3673 2433 267 3672 2384 267 3674 2382 267 3671 2432 267 3673 2433 267 3676 2380 267 3675 2434 267 3674 2382 267 3676 2380 267 3673 2433 267 3675 2434 267 3678 2378 267 3677 2435 267 3676 2380 267 3678 2378 267 3675 2434 267 3677 2435 267 3680 2376 267 3679 2436 267 3678 2378 267 3680 2376 267 3677 2435 267 3679 2436 267 3682 2374 267 3681 2437 267 3680 2376 267 3682 2374 267 3679 2436 267 3681 2437 267 3684 2373 267 3683 2438 267 3682 2374 267 3684 2373 267 3681 2437 267 3683 2438 267 3686 2462 267 3685 2439 267 3684 2373 267 3686 2462 267 3683 2438 267 3685 2439 267 3688 2463 267 3687 2440 267 3686 2462 267 3688 2463 267 3685 2439 267 3687 2440 267 3690 2464 267 3689 2441 267 3688 2463 267 3690 2464 267 3687 2440 267 3689 2441 267 3692 2465 267 3691 2442 267 3690 2464 267 3692 2465 267 3689 2441 267 3691 2442 267 3694 2466 267 3693 2443 267 3692 2465 267 3694 2466 267 3691 2442 267 3693 2443 267 3696 2399 267 3695 2444 267 3694 2466 267 3696 2399 267 3693 2443 267 3695 2444 267 3698 2400 267 3697 2445 267 3696 2399 267 3698 2400 267 3695 2444 267 3697 2445 267 3700 2403 267 3699 2446 267 3698 2400 267 3700 2403 267 3697 2445 267 3699 2446 267 3702 2405 267 3701 2447 267 3700 2403 267 3702 2405 267 3699 2446 267 3701 2447 267 3704 2407 267 3703 2448 267 3702 2405 267 3704 2407 267 3701 2447 267 3703 2448 267 3706 2409 267 3705 2449 267 3704 2407 267 3706 2409 267 3703 2448 267 3705 2449 267 3708 2411 267 3707 2450 267 3706 2409 267 3708 2411 267 3705 2449 267 3707 2450 267 3710 2413 267 3709 2451 267 3708 2411 267 3710 2413 267 3707 2450 267 3709 2451 267 3712 2415 267 3711 2452 267 3710 2413 267 3712 2415 267 3709 2451 267 3711 2452 267 3714 2417 267 3713 2453 267 3712 2415 267 3714 2417 267 3711 2452 267 3713 2453 267 3716 2419 267 3715 2454 267 3714 2417 267 3716 2419 267 3713 2453 267 3715 2454 267 3718 2421 267 3717 2455 267 3716 2419 267 3718 2421 267 3715 2454 267 3717 2455 267 3720 2423 267 3719 2456 267 3718 2421 267 3720 2423 267 3717 2455 267 3719 2456 267 3722 2398 267 3721 2425 267 3720 2423 267 3722 2398 267 3719 2456 267 3662 2396 267 3721 2425 267 3722 2398 267 3661 2426 267 3721 2425 267 3662 2396 267 2915 2321 266 3658 2319 267 3597 2321 267 2916 2319 266 3658 2319 267 2915 2321 266 2859 2323 266 3597 2321 267 3595 2323 267 2915 2321 266 3597 2321 267 2859 2323 266 2860 2325 266 3595 2323 267 3599 2325 267 2859 2323 266 3595 2323 267 2860 2325 266 2965 2327 266 3599 2325 267 3601 2327 267 2860 2325 266 3599 2325 267 2965 2327 266 2713 2329 266 3601 2327 267 3603 2329 267 2965 2327 266 3601 2327 267 2713 2329 266 2715 2331 266 3603 2329 267 3605 2331 267 2713 2329 266 3603 2329 267 2715 2331 266 2717 2333 266 3605 2331 267 3607 2333 267 2715 2331 266 3605 2331 267 2717 2333 266 2719 2359 266 3607 2333 267 3609 2359 267 2717 2333 266 3607 2333 267 2719 2359 266 2721 2361 266 3609 2359 267 3611 2361 267 2719 2359 266 3609 2359 267 2721 2361 266 2723 2363 266 3611 2361 267 3613 2363 267 2721 2361 266 3611 2361 267 2723 2363 266 2725 2365 266 3613 2363 267 3615 2365 267 2723 2363 266 3613 2363 267 2725 2365 266 3723 2367 266 3615 2365 267 3617 2367 267 2725 2365 266 3615 2365 267 3723 2367 266 3724 2369 266 3617 2367 267 3619 2369 267 3723 2367 266 3617 2367 267 3724 2369 266 3725 2335 266 3619 2369 267 3621 2335 267 3724 2369 266 3619 2369 267 3725 2335 266 2873 2337 266 3621 2335 267 3623 2337 267 3725 2335 266 3621 2335 267 2873 2337 266 2874 2339 266 3623 2337 267 3625 2339 267 2873 2337 266 3623 2337 267 2874 2339 266 2949 2341 266 3625 2339 267 3627 2341 267 2874 2339 266 3625 2339 267 2949 2341 266 2850 2343 266 3627 2341 267 3629 2343 267 2949 2341 266 3627 2341 267 2850 2343 266 2849 2345 266 3629 2343 267 3631 2345 267 2850 2343 266 3629 2343 267 2849 2345 266 2663 2347 266 3631 2345 267 3633 2347 267 2849 2345 266 3631 2345 267 2663 2347 266 2665 2349 266 3633 2347 267 3635 2349 267 2663 2347 266 3633 2347 267 2665 2349 266 2667 2351 266 3635 2349 267 3637 2351 267 2665 2349 266 3635 2349 267 2667 2351 266 2669 2353 266 3637 2351 267 3639 2353 267 2667 2351 266 3637 2351 267 2669 2353 266 2671 2355 266 3639 2353 267 3641 2355 267 2669 2353 266 3639 2353 267 2671 2355 266 2673 2357 266 3641 2355 267 3643 2357 267 2671 2355 266 3641 2355 267 2673 2357 266 2675 2307 266 3643 2357 267 3645 2307 267 2673 2357 266 3643 2357 267 2675 2307 266 2677 2309 266 3645 2307 267 3647 2309 267 2675 2307 266 3645 2307 267 2677 2309 266 2679 2311 266 3647 2309 267 3649 2311 267 2677 2309 266 3647 2309 267 2679 2311 266 2955 2313 266 3649 2311 267 3651 2313 267 2679 2311 266 3649 2311 267 2955 2313 266 2953 2315 266 3651 2313 267 3653 2315 267 2955 2313 266 3651 2313 267 2953 2315 266 2918 2317 266 3653 2315 267 3655 2317 267 2953 2315 266 3653 2315 267 2918 2317 266 2916 2319 266 3655 2317 267 3658 2319 267 2918 2317 266 3655 2317 267 2916 2319 266 3562 2341 267 3000 2404 267 3726 2343 267 3002 2406 267 3000 2404 267 3562 2341 267 3726 2343 267 2998 2402 267 3727 2345 267 3000 2404 267 2998 2402 267 3726 2343 267 3727 2345 267 2997 2401 267 3728 2347 267 2998 2402 267 2997 2401 267 3727 2345 267 3728 2347 267 3730 2457 267 3729 2349 267 2997 2401 267 3730 2457 267 3728 2347 267 3729 2349 267 3732 2458 267 3731 2351 267 3730 2457 267 3732 2458 267 3729 2349 267 3731 2351 267 3734 2459 267 3733 2353 267 3732 2458 267 3734 2459 267 3731 2351 267 3733 2353 267 3736 2460 267 3735 2355 267 3734 2459 267 3736 2460 267 3733 2353 267 3735 2355 267 3738 2461 267 3737 2357 267 3736 2460 267 3738 2461 267 3735 2355 267 3737 2357 267 2967 2371 267 3739 2307 267 3738 2461 267 2967 2371 267 3737 2357 267 3739 2307 267 2968 2372 267 3740 2309 267 2967 2371 267 2968 2372 267 3739 2307 267 3740 2309 267 2971 2375 267 3741 2311 267 2968 2372 267 2971 2375 267 3740 2309 267 3741 2311 267 2973 2377 267 3742 2313 267 2971 2375 267 2973 2377 267 3741 2311 267 3742 2313 267 2975 2379 267 3743 2315 267 2973 2377 267 2975 2379 267 3742 2313 267 3743 2315 267 2977 2381 267 3744 2317 267 2975 2379 267 2977 2381 267 3743 2315 267 2981 2385 267 3745 2319 267 2979 2383 267 3547 2321 267 3745 2319 267 2981 2385 267 3744 2317 267 2979 2383 267 3745 2319 267 2977 2381 267 2979 2383 267 3744 2317 267 3024 2426 267 2990 2394 267 3026 2427 267 2992 2396 267 2990 2394 267 3024 2426 267 3026 2427 267 2988 2392 267 3028 2428 267 2990 2394 267 2988 2392 267 3026 2427 267 3028 2428 267 2986 2390 267 3030 2429 267 2988 2392 267 2986 2390 267 3028 2428 267 3030 2429 267 2984 2388 267 3032 2430 267 2986 2390 267 2984 2388 267 3030 2429 267 3032 2430 267 2982 2386 267 3034 2431 267 2984 2388 267 2982 2386 267 3032 2430 267 3034 2431 267 2980 2384 267 3036 2432 267 2982 2386 267 2980 2384 267 3034 2431 267 3036 2432 267 2978 2382 267 3038 2433 267 2980 2384 267 2978 2382 267 3036 2432 267 3038 2433 267 2976 2380 267 3040 2434 267 2978 2382 267 2976 2380 267 3038 2433 267 3040 2434 267 2974 2378 267 3042 2435 267 2976 2380 267 2974 2378 267 3040 2434 267 3042 2435 267 2972 2376 267 3044 2436 267 2974 2378 267 2972 2376 267 3042 2435 267 3044 2436 267 2970 2374 267 3046 2437 267 2972 2376 267 2970 2374 267 3044 2436 267 3046 2437 267 2969 2373 267 3048 2438 267 2970 2374 267 2969 2373 267 3046 2437 267 3048 2438 267 3746 2462 267 3050 2439 267 2969 2373 267 3746 2462 267 3048 2438 267 3050 2439 267 3747 2463 267 3052 2440 267 3746 2462 267 3747 2463 267 3050 2439 267 3052 2440 267 3748 2464 267 3054 2441 267 3747 2463 267 3748 2464 267 3052 2440 267 3054 2441 267 3749 2465 267 3056 2442 267 3748 2464 267 3749 2465 267 3054 2441 267 2713 2329 266 2960 2328 267 2965 2327 266 2714 2330 267 2960 2328 267 2713 2329 266 3723 2367 266 2726 2366 267 2725 2365 266 3750 2368 267 2726 2366 267 3723 2367 266 3724 2369 266 3750 2368 267 3723 2367 266 2870 2370 267 3750 2368 267 3724 2369 266 3725 2335 266 2870 2370 267 3724 2369 266 2871 2336 267 2870 2370 267 3725 2335 266 2663 2347 266 2847 2346 267 2849 2345 266 2664 2348 267 2847 2346 267 2663 2347 266 2953 2315 266 2954 2314 267 2955 2313 266 2952 2316 267 2954 2314 267 2953 2315 266 3666 2390 267 3602 2391 267 3600 2389 267 3664 2392 267 3602 2391 267 3666 2390 267 3664 2392 267 3604 2393 267 3602 2391 267 3660 2394 267 3604 2393 267 3664 2392 267 3660 2394 267 3606 2395 267 3604 2393 267 3662 2396 267 3606 2395 267 3660 2394 267 3662 2396 267 3608 2397 267 3606 2395 267 3722 2398 267 3608 2397 267 3662 2396 267 3600 2389 267 3668 2388 267 3666 2390 267 3596 2387 267 3668 2388 267 3600 2389 267 3596 2387 267 3670 2386 267 3668 2388 267 3598 2385 267 3670 2386 267 3596 2387 267 3598 2385 267 3672 2384 267 3670 2386 267 3657 2383 267 3672 2384 267 3598 2385 267 3657 2383 267 3674 2382 267 3672 2384 267 3656 2381 267 3674 2382 267 3657 2383 267 3656 2381 267 3676 2380 267 3674 2382 267 3654 2379 267 3676 2380 267 3656 2381 267 3654 2379 267 3678 2378 267 3676 2380 267 3652 2377 267 3678 2378 267 3654 2379 267 3652 2377 267 3680 2376 267 3678 2378 267 3650 2375 267 3680 2376 267 3652 2377 267 3650 2375 267 3682 2374 267 3680 2376 267 3648 2372 267 3682 2374 267 3650 2375 267 3648 2372 267 3684 2373 267 3682 2374 267 3646 2371 267 3684 2373 267 3648 2372 267 3646 2371 267 3686 2462 267 3684 2373 267 3644 2461 267 3686 2462 267 3646 2371 267 3644 2461 267 3688 2463 267 3686 2462 267 3642 2460 267 3688 2463 267 3644 2461 267 3642 2460 267 3690 2464 267 3688 2463 267 3640 2459 267 3690 2464 267 3642 2460 267 3640 2459 267 3692 2465 267 3690 2464 267 3638 2458 267 3692 2465 267 3640 2459 267 3638 2458 267 3694 2466 267 3692 2465 267 3636 2457 267 3694 2466 267 3638 2458 267 3636 2457 267 3696 2399 267 3694 2466 267 3634 2401 267 3696 2399 267 3636 2457 267 3634 2401 267 3698 2400 267 3696 2399 267 3632 2402 267 3698 2400 267 3634 2401 267 3632 2402 267 3700 2403 267 3698 2400 267 3630 2404 267 3700 2403 267 3632 2402 267 3630 2404 267 3702 2405 267 3700 2403 267 3628 2406 267 3702 2405 267 3630 2404 267 3628 2406 267 3704 2407 267 3702 2405 267 3626 2408 267 3704 2407 267 3628 2406 267 3626 2408 267 3706 2409 267 3704 2407 267 3624 2410 267 3706 2409 267 3626 2408 267 3624 2410 267 3708 2411 267 3706 2409 267 3622 2412 267 3708 2411 267 3624 2410 267 3622 2412 267 3710 2413 267 3708 2411 267 3620 2414 267 3710 2413 267 3622 2412 267 3620 2414 267 3712 2415 267 3710 2413 267 3618 2416 267 3712 2415 267 3620 2414 267 3618 2416 267 3714 2417 267 3712 2415 267 3616 2418 267 3714 2417 267 3618 2416 267 3616 2418 267 3716 2419 267 3714 2417 267 3614 2420 267 3716 2419 267 3616 2418 267 3614 2420 267 3718 2421 267 3716 2419 267 3612 2422 267 3718 2421 267 3614 2420 267 3612 2422 267 3720 2423 267 3718 2421 267 3610 2424 267 3720 2423 267 3612 2422 267 3610 2424 267 3722 2398 267 3720 2423 267 3608 2397 267 3722 2398 267 3610 2424 267 3721 2425 267 3752 2426 268 3751 2425 268 3661 2426 267 3752 2426 268 3721 2425 267 3661 2426 267 3753 2427 268 3752 2426 268 3659 2427 267 3753 2427 268 3661 2426 267 3659 2427 267 3754 2428 268 3753 2427 268 3663 2428 267 3754 2428 268 3659 2427 267 3663 2428 267 3755 2429 268 3754 2428 268 3665 2429 267 3755 2429 268 3663 2428 267 3665 2429 267 3756 2430 268 3755 2429 268 3667 2430 267 3756 2430 268 3665 2429 267 3667 2430 267 3757 2431 268 3756 2430 268 3669 2431 267 3757 2431 268 3667 2430 267 3669 2431 267 3758 2432 268 3757 2431 268 3671 2432 267 3758 2432 268 3669 2431 267 3671 2432 267 3759 2433 268 3758 2432 268 3673 2433 267 3759 2433 268 3671 2432 267 3673 2433 267 3760 2434 268 3759 2433 268 3675 2434 267 3760 2434 268 3673 2433 267 3675 2434 267 3761 2435 268 3760 2434 268 3677 2435 267 3761 2435 268 3675 2434 267 3677 2435 267 3762 2436 268 3761 2435 268 3679 2436 267 3762 2436 268 3677 2435 267 3679 2436 267 3763 2437 268 3762 2436 268 3681 2437 267 3763 2437 268 3679 2436 267 3681 2437 267 3764 2438 268 3763 2437 268 3683 2438 267 3764 2438 268 3681 2437 267 3683 2438 267 3765 2439 268 3764 2438 268 3685 2439 267 3765 2439 268 3683 2438 267 3685 2439 267 3766 2440 268 3765 2439 268 3687 2440 267 3766 2440 268 3685 2439 267 3687 2440 267 3767 2441 268 3766 2440 268 3689 2441 267 3767 2441 268 3687 2440 267 3689 2441 267 3768 2442 268 3767 2441 268 3691 2442 267 3768 2442 268 3689 2441 267 3691 2442 267 3769 2443 268 3768 2442 268 3693 2443 267 3769 2443 268 3691 2442 267 3693 2443 267 3770 2444 268 3769 2443 268 3695 2444 267 3770 2444 268 3693 2443 267 3695 2444 267 3771 2445 268 3770 2444 268 3697 2445 267 3771 2445 268 3695 2444 267 3697 2445 267 3772 2446 268 3771 2445 268 3699 2446 267 3772 2446 268 3697 2445 267 3699 2446 267 3773 2447 268 3772 2446 268 3701 2447 267 3773 2447 268 3699 2446 267 3701 2447 267 3774 2448 268 3773 2447 268 3703 2448 267 3774 2448 268 3701 2447 267 3703 2448 267 3775 2449 268 3774 2448 268 3705 2449 267 3775 2449 268 3703 2448 267 3705 2449 267 3776 2450 268 3775 2449 268 3707 2450 267 3776 2450 268 3705 2449 267 3707 2450 267 3777 2451 268 3776 2450 268 3709 2451 267 3777 2451 268 3707 2450 267 3709 2451 267 3778 2452 268 3777 2451 268 3711 2452 267 3778 2452 268 3709 2451 267 3711 2452 267 3779 2453 268 3778 2452 268 3713 2453 267 3779 2453 268 3711 2452 267 3713 2453 267 3780 2454 268 3779 2453 268 3715 2454 267 3780 2454 268 3713 2453 267 3715 2454 267 3781 2455 268 3780 2454 268 3717 2455 267 3781 2455 268 3715 2454 267 3717 2455 267 3782 2456 268 3781 2455 268 3719 2456 267 3782 2456 268 3717 2455 267 3719 2456 267 3751 2425 268 3782 2456 268 3721 2425 267 3751 2425 268 3719 2456 267 3785 2321 267 3784 2387 267 3783 2323 267 3786 2385 267 3784 2387 267 3785 2321 267 3783 2323 267 3788 2389 267 3787 2325 267 3784 2387 267 3788 2389 267 3783 2323 267 3787 2325 267 3790 2391 267 3789 2327 267 3788 2389 267 3790 2391 267 3787 2325 267 3789 2327 267 3792 2393 267 3791 2329 267 3790 2391 267 3792 2393 267 3789 2327 267 3791 2329 267 3794 2395 267 3793 2331 267 3792 2393 267 3794 2395 267 3791 2329 267 3793 2331 267 3796 2397 267 3795 2333 267 3794 2395 267 3796 2397 267 3793 2331 267 3795 2333 267 3798 2424 267 3797 2359 267 3796 2397 267 3798 2424 267 3795 2333 267 3797 2359 267 3800 2422 267 3799 2361 267 3798 2424 267 3800 2422 267 3797 2359 267 3799 2361 267 3802 2420 267 3801 2363 267 3800 2422 267 3802 2420 267 3799 2361 267 3801 2363 267 3804 2418 267 3803 2365 267 3802 2420 267 3804 2418 267 3801 2363 267 3803 2365 267 3806 2416 267 3805 2367 267 3804 2418 267 3806 2416 267 3803 2365 267 3805 2367 267 3808 2414 267 3807 2369 267 3806 2416 267 3808 2414 267 3805 2367 267 3807 2369 267 3810 2412 267 3809 2335 267 3808 2414 267 3810 2412 267 3807 2369 267 3809 2335 267 3812 2410 267 3811 2337 267 3810 2412 267 3812 2410 267 3809 2335 267 3811 2337 267 3814 2408 267 3813 2339 267 3812 2410 267 3814 2408 267 3811 2337 267 3813 2339 267 3816 2406 267 3815 2341 267 3814 2408 267 3816 2406 267 3813 2339 267 3815 2341 267 3818 2404 267 3817 2343 267 3816 2406 267 3818 2404 267 3815 2341 267 3817 2343 267 3820 2402 267 3819 2345 267 3818 2404 267 3820 2402 267 3817 2343 267 3819 2345 267 3822 2401 267 3821 2347 267 3820 2402 267 3822 2401 267 3819 2345 267 3821 2347 267 3824 2457 267 3823 2349 267 3822 2401 267 3824 2457 267 3821 2347 267 3823 2349 267 3826 2458 267 3825 2351 267 3824 2457 267 3826 2458 267 3823 2349 267 3825 2351 267 3828 2459 267 3827 2353 267 3826 2458 267 3828 2459 267 3825 2351 267 3827 2353 267 3830 2460 267 3829 2355 267 3828 2459 267 3830 2460 267 3827 2353 267 3829 2355 267 3832 2461 267 3831 2357 267 3830 2460 267 3832 2461 267 3829 2355 267 3831 2357 267 3834 2371 267 3833 2307 267 3832 2461 267 3834 2371 267 3831 2357 267 3833 2307 267 3836 2372 267 3835 2309 267 3834 2371 267 3836 2372 267 3833 2307 267 3835 2309 267 3838 2375 267 3837 2311 267 3836 2372 267 3838 2375 267 3835 2309 267 3837 2311 267 3840 2377 267 3839 2313 267 3838 2375 267 3840 2377 267 3837 2311 267 3839 2313 267 3842 2379 267 3841 2315 267 3840 2377 267 3842 2379 267 3839 2313 267 3841 2315 267 3844 2381 267 3843 2317 267 3842 2379 267 3844 2381 267 3841 2315 267 3786 2385 267 3846 2319 267 3845 2383 267 3785 2321 267 3846 2319 267 3786 2385 267 3843 2317 267 3845 2383 267 3846 2319 267 3844 2381 267 3845 2383 267 3843 2317 267 3849 2426 267 3848 2394 267 3847 2427 267 3850 2396 267 3848 2394 267 3849 2426 267 3847 2427 267 3852 2392 267 3851 2428 267 3848 2394 267 3852 2392 267 3847 2427 267 3851 2428 267 3854 2390 267 3853 2429 267 3852 2392 267 3854 2390 267 3851 2428 267 3853 2429 267 3856 2388 267 3855 2430 267 3854 2390 267 3856 2388 267 3853 2429 267 3855 2430 267 3858 2386 267 3857 2431 267 3856 2388 267 3858 2386 267 3855 2430 267 3857 2431 267 3860 2384 267 3859 2432 267 3858 2386 267 3860 2384 267 3857 2431 267 3859 2432 267 3862 2382 267 3861 2433 267 3860 2384 267 3862 2382 267 3859 2432 267 3861 2433 267 3864 2380 267 3863 2434 267 3862 2382 267 3864 2380 267 3861 2433 267 3863 2434 267 3866 2378 267 3865 2435 267 3864 2380 267 3866 2378 267 3863 2434 267 3865 2435 267 3868 2376 267 3867 2436 267 3866 2378 267 3868 2376 267 3865 2435 267 3867 2436 267 3870 2374 267 3869 2437 267 3868 2376 267 3870 2374 267 3867 2436 267 3869 2437 267 3872 2373 267 3871 2438 267 3870 2374 267 3872 2373 267 3869 2437 267 3871 2438 267 3874 2462 267 3873 2439 267 3872 2373 267 3874 2462 267 3871 2438 267 3873 2439 267 3876 2463 267 3875 2440 267 3874 2462 267 3876 2463 267 3873 2439 267 3875 2440 267 3878 2464 267 3877 2441 267 3876 2463 267 3878 2464 267 3875 2440 267 3877 2441 267 3880 2465 267 3879 2442 267 3878 2464 267 3880 2465 267 3877 2441 267 3879 2442 267 3882 2466 267 3881 2443 267 3880 2465 267 3882 2466 267 3879 2442 267 3881 2443 267 3884 2399 267 3883 2444 267 3882 2466 267 3884 2399 267 3881 2443 267 3883 2444 267 3886 2400 267 3885 2445 267 3884 2399 267 3886 2400 267 3883 2444 267 3885 2445 267 3888 2403 267 3887 2446 267 3886 2400 267 3888 2403 267 3885 2445 267 3887 2446 267 3890 2405 267 3889 2447 267 3888 2403 267 3890 2405 267 3887 2446 267 3889 2447 267 3892 2407 267 3891 2448 267 3890 2405 267 3892 2407 267 3889 2447 267 3891 2448 267 3894 2409 267 3893 2449 267 3892 2407 267 3894 2409 267 3891 2448 267 3893 2449 267 3896 2411 267 3895 2450 267 3894 2409 267 3896 2411 267 3893 2449 267 3895 2450 267 3898 2413 267 3897 2451 267 3896 2411 267 3898 2413 267 3895 2450 267 3897 2451 267 3900 2415 267 3899 2452 267 3898 2413 267 3900 2415 267 3897 2451 267 3899 2452 267 3902 2417 267 3901 2453 267 3900 2415 267 3902 2417 267 3899 2452 267 3901 2453 267 3904 2419 267 3903 2454 267 3902 2417 267 3904 2419 267 3901 2453 267 3903 2454 267 3906 2421 267 3905 2455 267 3904 2419 267 3906 2421 267 3903 2454 267 3905 2455 267 3908 2423 267 3907 2456 267 3906 2421 267 3908 2423 267 3905 2455 267 3907 2456 267 3910 2398 267 3909 2425 267 3908 2423 267 3910 2398 267 3907 2456 267 3850 2396 267 3909 2425 267 3910 2398 267 3849 2426 267 3909 2425 267 3850 2396 267 2547 2321 266 3846 2319 267 3785 2321 267 2545 2319 266 3846 2319 267 2547 2321 266 2549 2323 266 3785 2321 267 3783 2323 267 2547 2321 266 3785 2321 267 2549 2323 266 2551 2325 266 3783 2323 267 3787 2325 267 2549 2323 266 3783 2323 267 2551 2325 266 2553 2327 266 3787 2325 267 3789 2327 267 2551 2325 266 3787 2325 267 2553 2327 266 2555 2329 266 3789 2327 267 3791 2329 267 2553 2327 266 3789 2327 267 2555 2329 266 2557 2331 266 3791 2329 267 3793 2331 267 2555 2329 266 3791 2329 267 2557 2331 266 2559 2333 266 3793 2331 267 3795 2333 267 2557 2331 266 3793 2331 267 2559 2333 266 2831 2359 266 3795 2333 267 3797 2359 267 2559 2333 266 3795 2333 267 2831 2359 266 3911 2361 266 3797 2359 267 3799 2361 267 2831 2359 266 3797 2359 267 3911 2361 266 2855 2363 266 3799 2361 267 3801 2363 267 3911 2361 266 3799 2361 267 2855 2363 266 2854 2365 266 3801 2363 267 3803 2365 267 2855 2363 266 3801 2363 267 2854 2365 266 3912 2367 266 3803 2365 267 3805 2367 267 2854 2365 266 3803 2365 267 3912 2367 266 2861 2369 266 3805 2367 267 3807 2369 267 3912 2367 266 3805 2367 267 2861 2369 266 2862 2335 266 3807 2369 267 3809 2335 267 2861 2369 266 3807 2369 267 2862 2335 266 2864 2337 266 3809 2335 267 3811 2337 267 2862 2335 266 3809 2335 267 2864 2337 266 2727 2339 266 3811 2337 267 3813 2339 267 2864 2337 266 3811 2337 267 2727 2339 266 2729 2341 266 3813 2339 267 3815 2341 267 2727 2339 266 3813 2339 267 2729 2341 266 2731 2343 266 3815 2341 267 3817 2343 267 2729 2341 266 3815 2341 267 2731 2343 266 2733 2345 266 3817 2343 267 3819 2345 267 2731 2343 266 3817 2343 267 2733 2345 266 2735 2347 266 3819 2345 267 3821 2347 267 2733 2345 266 3819 2345 267 2735 2347 266 2737 2349 266 3821 2347 267 3823 2349 267 2735 2347 266 3821 2347 267 2737 2349 266 2739 2351 266 3823 2349 267 3825 2351 267 2737 2349 266 3823 2349 267 2739 2351 266 2787 2353 266 3825 2351 267 3827 2353 267 2739 2351 266 3825 2351 267 2787 2353 266 2789 2355 266 3827 2353 267 3829 2355 267 2787 2353 266 3827 2353 267 2789 2355 266 2791 2357 266 3829 2355 267 3831 2357 267 2789 2355 266 3829 2355 267 2791 2357 266 2533 2307 266 3831 2357 267 3833 2307 267 2791 2357 266 3831 2357 267 2533 2307 266 2535 2309 266 3833 2307 267 3835 2309 267 2533 2307 266 3833 2307 267 2535 2309 266 2537 2311 266 3835 2309 267 3837 2311 267 2535 2309 266 3835 2309 267 2537 2311 266 2539 2313 266 3837 2311 267 3839 2313 267 2537 2311 266 3837 2311 267 2539 2313 266 2541 2315 266 3839 2313 267 3841 2315 267 2539 2313 266 3839 2313 267 2541 2315 266 2543 2317 266 3841 2315 267 3843 2317 267 2541 2315 266 3841 2315 267 2543 2317 266 2545 2319 266 3843 2317 267 3846 2319 267 2543 2317 266 3843 2317 267 2545 2319 266 3056 2442 267 3913 2466 267 3058 2443 267 3749 2465 267 3913 2466 267 3056 2442 267 3058 2443 267 2995 2399 267 3060 2444 267 3913 2466 267 2995 2399 267 3058 2443 267 3060 2444 267 2996 2400 267 3062 2445 267 2995 2399 267 2996 2400 267 3060 2444 267 3062 2445 267 2999 2403 267 3064 2446 267 2996 2400 267 2999 2403 267 3062 2445 267 3064 2446 267 3001 2405 267 3066 2447 267 2999 2403 267 3001 2405 267 3064 2446 267 3066 2447 267 3003 2407 267 3068 2448 267 3001 2405 267 3003 2407 267 3066 2447 267 3068 2448 267 3005 2409 267 3070 2449 267 3003 2407 267 3005 2409 267 3068 2448 267 3070 2449 267 3007 2411 267 3072 2450 267 3005 2409 267 3007 2411 267 3070 2449 267 3072 2450 267 3009 2413 267 3074 2451 267 3007 2411 267 3009 2413 267 3072 2450 267 3074 2451 267 3011 2415 267 3076 2452 267 3009 2413 267 3011 2415 267 3074 2451 267 3076 2452 267 3013 2417 267 3078 2453 267 3011 2415 267 3013 2417 267 3076 2452 267 3078 2453 267 3015 2419 267 3080 2454 267 3013 2417 267 3015 2419 267 3078 2453 267 3080 2454 267 3017 2421 267 3082 2455 267 3015 2419 267 3017 2421 267 3080 2454 267 3082 2455 267 3019 2423 267 3084 2456 267 3017 2421 267 3019 2423 267 3082 2455 267 3084 2456 267 2994 2398 267 3023 2425 267 3019 2423 267 2994 2398 267 3084 2456 267 2992 2396 267 3023 2425 267 2994 2398 267 3024 2426 267 3023 2425 267 2992 2396 267 2937 2321 266 3745 2319 267 3547 2321 267 2935 2319 266 3745 2319 267 2937 2321 266 2681 2323 266 3547 2321 267 3546 2323 267 2937 2321 266 3547 2321 267 2681 2323 266 2683 2325 266 3546 2323 267 3548 2325 267 2681 2323 266 3546 2323 267 2683 2325 266 2685 2327 266 3548 2325 267 3549 2327 267 2683 2325 266 3548 2325 267 2685 2327 266 2687 2329 266 3549 2327 267 3550 2329 267 2685 2327 266 3549 2327 267 2687 2329 266 2689 2331 266 3550 2329 267 3551 2331 267 2687 2329 266 3550 2329 267 2689 2331 266 2691 2333 266 3551 2331 267 3552 2333 267 2689 2331 266 3551 2331 267 2691 2333 266 2693 2359 266 3552 2333 267 3553 2359 267 2691 2333 266 3552 2333 267 2693 2359 266 2695 2361 266 3553 2359 267 3554 2361 267 2693 2359 266 3553 2359 267 2695 2361 266 2763 2363 266 3554 2361 267 3555 2363 267 2695 2361 266 3554 2361 267 2763 2363 266 2765 2365 266 3555 2363 267 3556 2365 267 2763 2363 266 3555 2363 267 2765 2365 266 2767 2367 266 3556 2365 267 3557 2367 267 2765 2365 266 3556 2365 267 2767 2367 266 2769 2369 266 3557 2367 267 3558 2369 267 2767 2367 266 3557 2367 267 2769 2369 266 2589 2335 266 3558 2369 267 3559 2335 267 2769 2369 266 3558 2369 267 2589 2335 266 2591 2337 266 3559 2335 267 3560 2337 267 2589 2335 266 3559 2335 267 2591 2337 266 2593 2339 266 3560 2337 267 3561 2339 267 2591 2337 266 3560 2337 267 2593 2339 266 3911 2361 266 2830 2360 267 2831 2359 266 2828 2362 267 2830 2360 267 3911 2361 266 2855 2363 266 2828 2362 267 3911 2361 266 2827 2364 267 2828 2362 267 2855 2363 266 3912 2367 266 2853 2366 267 2854 2365 266 2852 2368 267 2853 2366 267 3912 2367 266 2861 2369 266 2852 2368 267 3912 2367 266 2851 2370 267 2852 2368 267 2861 2369 266 2865 2338 267 2829 240 267 2863 2336 267 2728 2340 267 2829 240 267 2865 2338 267 2727 2339 266 2865 2338 267 2864 2337 266 2728 2340 267 2865 2338 267 2727 2339 266 2730 2342 267 2829 240 267 2728 2340 267 2732 2344 267 2829 240 267 2730 2342 267 2736 2348 267 2829 240 267 2734 2346 267 2738 2350 267 2829 240 267 2736 2348 267 2740 2352 267 2829 240 267 2738 2350 267 2788 2354 267 2829 240 267 2740 2352 267 2790 2356 267 2829 240 267 2788 2354 267 2792 2358 267 2829 240 267 2790 2356 267 2538 2312 267 2829 240 267 2536 2310 267 2540 2314 267 2829 240 267 2538 2312 267 2542 2316 267 2829 240 267 2540 2314 267 2544 2318 267 2829 240 267 2542 2316 267 2546 2320 267 2829 240 267 2544 2318 267 2548 2322 267 2829 240 267 2546 2320 267 2556 2330 267 2829 240 267 2554 2328 267 2558 2332 267 2829 240 267 2556 2330 267 3848 2394 267 3794 2395 267 3792 2393 267 3850 2396 267 3794 2395 267 3848 2394 267 3850 2396 267 3796 2397 267 3794 2395 267 3910 2398 267 3796 2397 267 3850 2396 267 3792 2393 267 3852 2392 267 3848 2394 267 3790 2391 267 3852 2392 267 3792 2393 267 3790 2391 267 3854 2390 267 3852 2392 267 3788 2389 267 3854 2390 267 3790 2391 267 3788 2389 267 3856 2388 267 3854 2390 267 3784 2387 267 3856 2388 267 3788 2389 267 3784 2387 267 3858 2386 267 3856 2388 267 3786 2385 267 3858 2386 267 3784 2387 267 3786 2385 267 3860 2384 267 3858 2386 267 3845 2383 267 3860 2384 267 3786 2385 267 3845 2383 267 3862 2382 267 3860 2384 267 3844 2381 267 3862 2382 267 3845 2383 267 3844 2381 267 3864 2380 267 3862 2382 267 3842 2379 267 3864 2380 267 3844 2381 267 3842 2379 267 3866 2378 267 3864 2380 267 3840 2377 267 3866 2378 267 3842 2379 267 3840 2377 267 3868 2376 267 3866 2378 267 3838 2375 267 3868 2376 267 3840 2377 267 3838 2375 267 3870 2374 267 3868 2376 267 3836 2372 267 3870 2374 267 3838 2375 267 3836 2372 267 3872 2373 267 3870 2374 267 3834 2371 267 3872 2373 267 3836 2372 267 3834 2371 267 3874 2462 267 3872 2373 267 3832 2461 267 3874 2462 267 3834 2371 267 3832 2461 267 3876 2463 267 3874 2462 267 3830 2460 267 3876 2463 267 3832 2461 267 3830 2460 267 3878 2464 267 3876 2463 267 3828 2459 267 3878 2464 267 3830 2460 267 3828 2459 267 3880 2465 267 3878 2464 267 3826 2458 267 3880 2465 267 3828 2459 267 3826 2458 267 3882 2466 267 3880 2465 267 3824 2457 267 3882 2466 267 3826 2458 267 3824 2457 267 3884 2399 267 3882 2466 267 3822 2401 267 3884 2399 267 3824 2457 267 3822 2401 267 3886 2400 267 3884 2399 267 3820 2402 267 3886 2400 267 3822 2401 267 3820 2402 267 3888 2403 267 3886 2400 267 3818 2404 267 3888 2403 267 3820 2402 267 3818 2404 267 3890 2405 267 3888 2403 267 3816 2406 267 3890 2405 267 3818 2404 267 3816 2406 267 3892 2407 267 3890 2405 267 3814 2408 267 3892 2407 267 3816 2406 267 3814 2408 267 3894 2409 267 3892 2407 267 3812 2410 267 3894 2409 267 3814 2408 267 3812 2410 267 3896 2411 267 3894 2409 267 3810 2412 267 3896 2411 267 3812 2410 267 3810 2412 267 3898 2413 267 3896 2411 267 3808 2414 267 3898 2413 267 3810 2412 267 3808 2414 267 3900 2415 267 3898 2413 267 3806 2416 267 3900 2415 267 3808 2414 267 3806 2416 267 3902 2417 267 3900 2415 267 3804 2418 267 3902 2417 267 3806 2416 267 3804 2418 267 3904 2419 267 3902 2417 267 3802 2420 267 3904 2419 267 3804 2418 267 3802 2420 267 3906 2421 267 3904 2419 267 3800 2422 267 3906 2421 267 3802 2420 267 3800 2422 267 3908 2423 267 3906 2421 267 3798 2424 267 3908 2423 267 3800 2422 267 3798 2424 267 3910 2398 267 3908 2423 267 3796 2397 267 3910 2398 267 3798 2424 267 3909 2425 267 3915 2426 268 3914 2425 268 3849 2426 267 3915 2426 268 3909 2425 267 3849 2426 267 3916 2427 268 3915 2426 268 3847 2427 267 3916 2427 268 3849 2426 267 3847 2427 267 3917 2428 268 3916 2427 268 3851 2428 267 3917 2428 268 3847 2427 267 3851 2428 267 3918 2429 268 3917 2428 268 3853 2429 267 3918 2429 268 3851 2428 267 3853 2429 267 3919 2430 268 3918 2429 268 3855 2430 267 3919 2430 268 3853 2429 267 3855 2430 267 3920 2431 268 3919 2430 268 3857 2431 267 3920 2431 268 3855 2430 267 3857 2431 267 3921 2432 268 3920 2431 268 3859 2432 267 3921 2432 268 3857 2431 267 3859 2432 267 3922 2433 268 3921 2432 268 3861 2433 267 3922 2433 268 3859 2432 267 3861 2433 267 3923 2434 268 3922 2433 268 3863 2434 267 3923 2434 268 3861 2433 267 3863 2434 267 3924 2435 268 3923 2434 268 3865 2435 267 3924 2435 268 3863 2434 267 3865 2435 267 3925 2436 268 3924 2435 268 3867 2436 267 3925 2436 268 3865 2435 267 3867 2436 267 3926 2437 268 3925 2436 268 3869 2437 267 3926 2437 268 3867 2436 267 3869 2437 267 3927 2438 268 3926 2437 268 3871 2438 267 3927 2438 268 3869 2437 267 3871 2438 267 3928 2439 268 3927 2438 268 3873 2439 267 3928 2439 268 3871 2438 267 3873 2439 267 3929 2440 268 3928 2439 268 3875 2440 267 3929 2440 268 3873 2439 267 3875 2440 267 3930 2441 268 3929 2440 268 3877 2441 267 3930 2441 268 3875 2440 267 3877 2441 267 3931 2442 268 3930 2441 268 3879 2442 267 3931 2442 268 3877 2441 267 3879 2442 267 3932 2443 268 3931 2442 268 3881 2443 267 3932 2443 268 3879 2442 267 3881 2443 267 3933 2444 268 3932 2443 268 3883 2444 267 3933 2444 268 3881 2443 267 3883 2444 267 3934 2445 268 3933 2444 268 3885 2445 267 3934 2445 268 3883 2444 267 3885 2445 267 3935 2446 268 3934 2445 268 3887 2446 267 3935 2446 268 3885 2445 267 3887 2446 267 3936 2447 268 3935 2446 268 3889 2447 267 3936 2447 268 3887 2446 267 3889 2447 267 3937 2448 268 3936 2447 268 3891 2448 267 3937 2448 268 3889 2447 267 3891 2448 267 3938 2449 268 3937 2448 268 3893 2449 267 3938 2449 268 3891 2448 267 3893 2449 267 3939 2450 268 3938 2449 268 3895 2450 267 3939 2450 268 3893 2449 267 3895 2450 267 3940 2451 268 3939 2450 268 3897 2451 267 3940 2451 268 3895 2450 267 3897 2451 267 3941 2452 268 3940 2451 268 3899 2452 267 3941 2452 268 3897 2451 267 3899 2452 267 3942 2453 268 3941 2452 268 3901 2453 267 3942 2453 268 3899 2452 267 3901 2453 267 3943 2454 268 3942 2453 268 3903 2454 267 3943 2454 268 3901 2453 267 3903 2454 267 3944 2455 268 3943 2454 268 3905 2455 267 3944 2455 268 3903 2454 267 3905 2455 267 3945 2456 268 3944 2455 268 3907 2456 267 3945 2456 268 3905 2455 267 3907 2456 267 3914 2425 268 3945 2456 268 3909 2425 267 3914 2425 268 3907 2456 267 3948 2321 267 3947 2387 267 3946 2323 267 3949 2385 267 3947 2387 267 3948 2321 267 3946 2323 267 3951 2389 267 3950 2325 267 3947 2387 267 3951 2389 267 3946 2323 267 3950 2325 267 3953 2391 267 3952 2327 267 3951 2389 267 3953 2391 267 3950 2325 267 3952 2327 267 3955 2393 267 3954 2329 267 3953 2391 267 3955 2393 267 3952 2327 267 3954 2329 267 3957 2395 267 3956 2331 267 3955 2393 267 3957 2395 267 3954 2329 267 3956 2331 267 3959 2397 267 3958 2333 267 3957 2395 267 3959 2397 267 3956 2331 267 3958 2333 267 3961 2424 267 3960 2359 267 3959 2397 267 3961 2424 267 3958 2333 267 3960 2359 267 3963 2422 267 3962 2361 267 3961 2424 267 3963 2422 267 3960 2359 267 3962 2361 267 3965 2420 267 3964 2363 267 3963 2422 267 3965 2420 267 3962 2361 267 3964 2363 267 3967 2418 267 3966 2365 267 3965 2420 267 3967 2418 267 3964 2363 267 3966 2365 267 3969 2416 267 3968 2367 267 3967 2418 267 3969 2416 267 3966 2365 267 3968 2367 267 3971 2414 267 3970 2369 267 3969 2416 267 3971 2414 267 3968 2367 267 3970 2369 267 3973 2412 267 3972 2335 267 3971 2414 267 3973 2412 267 3970 2369 267 3972 2335 267 3975 2410 267 3974 2337 267 3973 2412 267 3975 2410 267 3972 2335 267 3974 2337 267 3977 2408 267 3976 2339 267 3975 2410 267 3977 2408 267 3974 2337 267 3976 2339 267 3979 2406 267 3978 2341 267 3977 2408 267 3979 2406 267 3976 2339 267 3978 2341 267 3981 2404 267 3980 2343 267 3979 2406 267 3981 2404 267 3978 2341 267 3980 2343 267 3983 2402 267 3982 2345 267 3981 2404 267 3983 2402 267 3980 2343 267 3982 2345 267 3985 2401 267 3984 2347 267 3983 2402 267 3985 2401 267 3982 2345 267 3984 2347 267 3987 2457 267 3986 2349 267 3985 2401 267 3987 2457 267 3984 2347 267 3986 2349 267 3989 2458 267 3988 2351 267 3987 2457 267 3989 2458 267 3986 2349 267 3988 2351 267 3991 2459 267 3990 2353 267 3989 2458 267 3991 2459 267 3988 2351 267 3990 2353 267 3993 2460 267 3992 2355 267 3991 2459 267 3993 2460 267 3990 2353 267 3992 2355 267 3995 2461 267 3994 2357 267 3993 2460 267 3995 2461 267 3992 2355 267 3994 2357 267 3997 2371 267 3996 2307 267 3995 2461 267 3997 2371 267 3994 2357 267 3996 2307 267 3999 2372 267 3998 2309 267 3997 2371 267 3999 2372 267 3996 2307 267 3998 2309 267 4001 2375 267 4000 2311 267 3999 2372 267 4001 2375 267 3998 2309 267 4000 2311 267 4003 2377 267 4002 2313 267 4001 2375 267 4003 2377 267 4000 2311 267 4002 2313 267 4005 2379 267 4004 2315 267 4003 2377 267 4005 2379 267 4002 2313 267 4004 2315 267 4007 2381 267 4006 2317 267 4005 2379 267 4007 2381 267 4004 2315 267 3949 2385 267 4009 2319 267 4008 2383 267 3948 2321 267 4009 2319 267 3949 2385 267 4006 2317 267 4008 2383 267 4009 2319 267 4007 2381 267 4008 2383 267 4006 2317 267 4012 2426 267 4011 2394 267 4010 2427 267 4013 2396 267 4011 2394 267 4012 2426 267 4010 2427 267 4015 2392 267 4014 2428 267 4011 2394 267 4015 2392 267 4010 2427 267 4014 2428 267 4017 2390 267 4016 2429 267 4015 2392 267 4017 2390 267 4014 2428 267 4016 2429 267 4019 2388 267 4018 2430 267 4017 2390 267 4019 2388 267 4016 2429 267 4018 2430 267 4021 2386 267 4020 2431 267 4019 2388 267 4021 2386 267 4018 2430 267 4020 2431 267 4023 2384 267 4022 2432 267 4021 2386 267 4023 2384 267 4020 2431 267 4022 2432 267 4025 2382 267 4024 2433 267 4023 2384 267 4025 2382 267 4022 2432 267 4024 2433 267 4027 2380 267 4026 2434 267 4025 2382 267 4027 2380 267 4024 2433 267 4026 2434 267 4029 2378 267 4028 2435 267 4027 2380 267 4029 2378 267 4026 2434 267 4028 2435 267 4031 2376 267 4030 2436 267 4029 2378 267 4031 2376 267 4028 2435 267 4030 2436 267 4033 2374 267 4032 2437 267 4031 2376 267 4033 2374 267 4030 2436 267 4032 2437 267 4035 2373 267 4034 2438 267 4033 2374 267 4035 2373 267 4032 2437 267 4034 2438 267 4037 2462 267 4036 2439 267 4035 2373 267 4037 2462 267 4034 2438 267 4036 2439 267 4039 2463 267 4038 2440 267 4037 2462 267 4039 2463 267 4036 2439 267 4038 2440 267 4041 2464 267 4040 2441 267 4039 2463 267 4041 2464 267 4038 2440 267 4040 2441 267 4043 2465 267 4042 2442 267 4041 2464 267 4043 2465 267 4040 2441 267 4042 2442 267 4045 2466 267 4044 2443 267 4043 2465 267 4045 2466 267 4042 2442 267 4044 2443 267 4047 2399 267 4046 2444 267 4045 2466 267 4047 2399 267 4044 2443 267 4046 2444 267 4049 2400 267 4048 2445 267 4047 2399 267 4049 2400 267 4046 2444 267 4048 2445 267 4051 2403 267 4050 2446 267 4049 2400 267 4051 2403 267 4048 2445 267 4050 2446 267 4053 2405 267 4052 2447 267 4051 2403 267 4053 2405 267 4050 2446 267 4052 2447 267 4055 2407 267 4054 2448 267 4053 2405 267 4055 2407 267 4052 2447 267 4054 2448 267 4057 2409 267 4056 2449 267 4055 2407 267 4057 2409 267 4054 2448 267 4056 2449 267 4059 2411 267 4058 2450 267 4057 2409 267 4059 2411 267 4056 2449 267 4058 2450 267 4061 2413 267 4060 2451 267 4059 2411 267 4061 2413 267 4058 2450 267 4060 2451 267 4063 2415 267 4062 2452 267 4061 2413 267 4063 2415 267 4060 2451 267 4062 2452 267 4065 2417 267 4064 2453 267 4063 2415 267 4065 2417 267 4062 2452 267 4064 2453 267 4067 2419 267 4066 2454 267 4065 2417 267 4067 2419 267 4064 2453 267 4066 2454 267 4069 2421 267 4068 2455 267 4067 2419 267 4069 2421 267 4066 2454 267 4068 2455 267 4071 2423 267 4070 2456 267 4069 2421 267 4071 2423 267 4068 2455 267 4070 2456 267 4073 2398 267 4072 2425 267 4071 2423 267 4073 2398 267 4070 2456 267 4013 2396 267 4072 2425 267 4073 2398 267 4012 2426 267 4072 2425 267 4013 2396 267 2641 2321 266 4009 2319 267 3948 2321 267 2818 2319 266 4009 2319 267 2641 2321 266 2643 2323 266 3948 2321 267 3946 2323 267 2641 2321 266 3948 2321 267 2643 2323 266 2645 2325 266 3946 2323 267 3950 2325 267 2643 2323 266 3946 2323 267 2645 2325 266 2647 2327 266 3950 2325 267 3952 2327 267 2645 2325 266 3950 2325 267 2647 2327 266 2649 2329 266 3952 2327 267 3954 2329 267 2647 2327 266 3952 2327 267 2649 2329 266 2651 2331 266 3954 2329 267 3956 2331 267 2649 2329 266 3954 2329 267 2651 2331 266 2653 2333 266 3956 2331 267 3958 2333 267 2651 2331 266 3956 2331 267 2653 2333 266 2655 2359 266 3958 2333 267 3960 2359 267 2653 2333 266 3958 2333 267 2655 2359 266 2657 2361 266 3960 2359 267 3962 2361 267 2655 2359 266 3960 2359 267 2657 2361 266 2659 2363 266 3962 2361 267 3964 2363 267 2657 2361 266 3962 2361 267 2659 2363 266 2661 2365 266 3964 2363 267 3966 2365 267 2659 2363 266 3964 2363 267 2661 2365 266 2823 2367 266 3966 2365 267 3968 2367 267 2661 2365 266 3966 2365 267 2823 2367 266 2825 2369 266 3968 2367 267 3970 2369 267 2823 2367 266 3968 2367 267 2825 2369 266 2617 2335 266 3970 2369 267 3972 2335 267 2825 2369 266 3970 2369 267 2617 2335 266 2619 2337 266 3972 2335 267 3974 2337 267 2617 2335 266 3972 2335 267 2619 2337 266 2621 2339 266 3974 2337 267 3976 2339 267 2619 2337 266 3974 2337 267 2621 2339 266 2623 2341 266 3976 2339 267 3978 2341 267 2621 2339 266 3976 2339 267 2623 2341 266 2625 2343 266 3978 2341 267 3980 2343 267 2623 2341 266 3978 2341 267 2625 2343 266 2627 2345 266 3980 2343 267 3982 2345 267 2625 2343 266 3980 2343 267 2627 2345 266 2629 2347 266 3982 2345 267 3984 2347 267 2627 2345 266 3982 2345 267 2629 2347 266 2631 2349 266 3984 2347 267 3986 2349 267 2629 2347 266 3984 2347 267 2631 2349 266 2633 2351 266 3986 2349 267 3988 2351 267 2631 2349 266 3986 2349 267 2633 2351 266 2635 2353 266 3988 2351 267 3990 2353 267 2633 2351 266 3988 2351 267 2635 2353 266 2637 2355 266 3990 2353 267 3992 2355 267 2635 2353 266 3990 2353 267 2637 2355 266 2639 2357 266 3992 2355 267 3994 2357 267 2637 2355 266 3992 2355 267 2639 2357 266 2939 2307 266 3994 2357 267 3996 2307 267 2639 2357 266 3994 2357 267 2939 2307 266 2941 2309 266 3996 2307 267 3998 2309 267 2939 2307 266 3996 2307 267 2941 2309 266 2943 2311 266 3998 2309 267 4000 2311 267 2941 2309 266 3998 2309 267 2943 2311 266 2945 2313 266 4000 2311 267 4002 2313 267 2943 2311 266 4000 2311 267 2945 2313 266 2822 2315 266 4002 2313 267 4004 2315 267 2945 2313 266 4002 2313 267 2822 2315 266 2820 2317 266 4004 2315 267 4006 2317 267 2822 2315 266 4004 2315 267 2820 2317 266 2818 2319 266 4006 2317 267 4009 2319 267 2820 2317 266 4006 2317 267 2818 2319 266 2595 2341 266 3561 2339 267 3562 2341 267 2593 2339 266 3561 2339 267 2595 2341 266 2597 2343 266 3562 2341 267 3726 2343 267 2595 2341 266 3562 2341 267 2597 2343 266 2599 2345 266 3726 2343 267 3727 2345 267 2597 2343 266 3726 2343 267 2599 2345 266 2601 2347 266 3727 2345 267 3728 2347 267 2599 2345 266 3727 2345 267 2601 2347 266 2603 2349 266 3728 2347 267 3729 2349 267 2601 2347 266 3728 2347 267 2603 2349 266 2605 2351 266 3729 2349 267 3731 2351 267 2603 2349 266 3729 2349 267 2605 2351 266 2607 2353 266 3731 2351 267 3733 2353 267 2605 2351 266 3731 2351 267 2607 2353 266 2609 2355 266 3733 2353 267 3735 2355 267 2607 2353 266 3733 2353 267 2609 2355 266 2611 2357 266 3735 2355 267 3737 2357 267 2609 2355 266 3735 2355 267 2611 2357 266 2613 2307 266 3737 2357 267 3739 2307 267 2611 2357 266 3737 2357 267 2613 2307 266 2615 2309 266 3739 2307 267 3740 2309 267 2613 2307 266 3739 2307 267 2615 2309 266 4074 2311 266 3740 2309 267 3741 2311 267 2615 2309 266 3740 2309 267 4074 2311 266 2877 2313 266 3741 2311 267 3742 2313 267 4074 2311 266 3741 2311 267 2877 2313 266 2879 2315 266 3742 2313 267 3743 2315 267 2877 2313 266 3742 2313 267 2879 2315 266 2881 2317 266 3743 2315 267 3744 2317 267 2879 2315 266 3743 2315 267 2881 2317 266 2935 2319 266 3744 2317 267 3745 2319 267 2881 2317 266 3744 2317 267 2935 2319 266 2763 2363 266 2696 2362 267 2695 2361 266 2764 2364 267 2696 2362 267 2763 2363 266 2883 2333 266 3095 2331 267 3097 2333 267 3215 2331 266 3095 2331 267 2883 2333 266 2589 2335 266 2770 2370 267 2769 2369 266 2590 2336 267 2770 2370 267 2589 2335 266 2754 2358 267 2837 240 267 2752 2356 267 2906 2308 267 2837 240 267 2754 2358 267 2795 2320 267 2837 240 267 2797 2318 267 2793 2322 267 2837 240 267 2795 2320 267 3750 2368 267 2846 240 267 2726 2366 267 2870 2370 267 2846 240 267 3750 2368 267 2552 2326 267 2829 240 267 2550 2324 267 2554 2328 267 2829 240 267 2552 2326 267 4074 2311 266 2616 2310 267 2615 2309 266 4075 2312 267 2616 2310 267 4074 2311 266 2939 2307 266 2640 2358 267 2639 2357 266 2940 2308 267 2640 2358 267 2939 2307 266 2877 2313 266 4075 2312 267 4074 2311 266 2878 2314 267 4075 2312 267 2877 2313 266 2935 2319 266 2882 2318 267 2881 2317 266 2936 2320 267 2882 2318 267 2935 2319 266 4015 2392 267 3955 2393 267 3953 2391 267 4011 2394 267 3955 2393 267 4015 2392 267 4011 2394 267 3957 2395 267 3955 2393 267 4013 2396 267 3957 2395 267 4011 2394 267 4013 2396 267 3959 2397 267 3957 2395 267 4073 2398 267 3959 2397 267 4013 2396 267 3953 2391 267 4017 2390 267 4015 2392 267 3951 2389 267 4017 2390 267 3953 2391 267 3951 2389 267 4019 2388 267 4017 2390 267 3947 2387 267 4019 2388 267 3951 2389 267 3947 2387 267 4021 2386 267 4019 2388 267 3949 2385 267 4021 2386 267 3947 2387 267 3949 2385 267 4023 2384 267 4021 2386 267 4008 2383 267 4023 2384 267 3949 2385 267 4008 2383 267 4025 2382 267 4023 2384 267 4007 2381 267 4025 2382 267 4008 2383 267 4007 2381 267 4027 2380 267 4025 2382 267 4005 2379 267 4027 2380 267 4007 2381 267 4005 2379 267 4029 2378 267 4027 2380 267 4003 2377 267 4029 2378 267 4005 2379 267 4003 2377 267 4031 2376 267 4029 2378 267 4001 2375 267 4031 2376 267 4003 2377 267 4001 2375 267 4033 2374 267 4031 2376 267 3999 2372 267 4033 2374 267 4001 2375 267 3999 2372 267 4035 2373 267 4033 2374 267 3997 2371 267 4035 2373 267 3999 2372 267 3997 2371 267 4037 2462 267 4035 2373 267 3995 2461 267 4037 2462 267 3997 2371 267 3995 2461 267 4039 2463 267 4037 2462 267 3993 2460 267 4039 2463 267 3995 2461 267 3993 2460 267 4041 2464 267 4039 2463 267 3991 2459 267 4041 2464 267 3993 2460 267 3991 2459 267 4043 2465 267 4041 2464 267 3989 2458 267 4043 2465 267 3991 2459 267 3989 2458 267 4045 2466 267 4043 2465 267 3987 2457 267 4045 2466 267 3989 2458 267 3987 2457 267 4047 2399 267 4045 2466 267 3985 2401 267 4047 2399 267 3987 2457 267 3985 2401 267 4049 2400 267 4047 2399 267 3983 2402 267 4049 2400 267 3985 2401 267 3983 2402 267 4051 2403 267 4049 2400 267 3981 2404 267 4051 2403 267 3983 2402 267 3981 2404 267 4053 2405 267 4051 2403 267 3979 2406 267 4053 2405 267 3981 2404 267 3979 2406 267 4055 2407 267 4053 2405 267 3977 2408 267 4055 2407 267 3979 2406 267 3977 2408 267 4057 2409 267 4055 2407 267 3975 2410 267 4057 2409 267 3977 2408 267 3975 2410 267 4059 2411 267 4057 2409 267 3973 2412 267 4059 2411 267 3975 2410 267 3973 2412 267 4061 2413 267 4059 2411 267 3971 2414 267 4061 2413 267 3973 2412 267 3971 2414 267 4063 2415 267 4061 2413 267 3969 2416 267 4063 2415 267 3971 2414 267 3969 2416 267 4065 2417 267 4063 2415 267 3967 2418 267 4065 2417 267 3969 2416 267 3967 2418 267 4067 2419 267 4065 2417 267 3965 2420 267 4067 2419 267 3967 2418 267 3965 2420 267 4069 2421 267 4067 2419 267 3963 2422 267 4069 2421 267 3965 2420 267 3963 2422 267 4071 2423 267 4069 2421 267 3961 2424 267 4071 2423 267 3963 2422 267 3961 2424 267 4073 2398 267 4071 2423 267 3959 2397 267 4073 2398 267 3961 2424 267 4072 2425 267 4077 2426 268 4076 2425 268 4012 2426 267 4077 2426 268 4072 2425 267 4012 2426 267 4078 2427 268 4077 2426 268 4010 2427 267 4078 2427 268 4012 2426 267 4010 2427 267 4079 2428 268 4078 2427 268 4014 2428 267 4079 2428 268 4010 2427 267 4014 2428 267 4080 2429 268 4079 2428 268 4016 2429 267 4080 2429 268 4014 2428 267 4016 2429 267 4081 2430 268 4080 2429 268 4018 2430 267 4081 2430 268 4016 2429 267 4018 2430 267 4082 2431 268 4081 2430 268 4020 2431 267 4082 2431 268 4018 2430 267 4020 2431 267 4083 2432 268 4082 2431 268 4022 2432 267 4083 2432 268 4020 2431 267 4022 2432 267 4084 2433 268 4083 2432 268 4024 2433 267 4084 2433 268 4022 2432 267 4024 2433 267 4085 2434 268 4084 2433 268 4026 2434 267 4085 2434 268 4024 2433 267 4026 2434 267 4086 2435 268 4085 2434 268 4028 2435 267 4086 2435 268 4026 2434 267 4028 2435 267 4087 2436 268 4086 2435 268 4030 2436 267 4087 2436 268 4028 2435 267 4030 2436 267 4088 2437 268 4087 2436 268 4032 2437 267 4088 2437 268 4030 2436 267 4032 2437 267 4089 2438 268 4088 2437 268 4034 2438 267 4089 2438 268 4032 2437 267 4034 2438 267 4090 2439 268 4089 2438 268 4036 2439 267 4090 2439 268 4034 2438 267 4036 2439 267 4091 2440 268 4090 2439 268 4038 2440 267 4091 2440 268 4036 2439 267 4038 2440 267 4092 2441 268 4091 2440 268 4040 2441 267 4092 2441 268 4038 2440 267 4040 2441 267 4093 2442 268 4092 2441 268 4042 2442 267 4093 2442 268 4040 2441 267 4042 2442 267 4094 2443 268 4093 2442 268 4044 2443 267 4094 2443 268 4042 2442 267 4044 2443 267 4095 2444 268 4094 2443 268 4046 2444 267 4095 2444 268 4044 2443 267 4046 2444 267 4096 2445 268 4095 2444 268 4048 2445 267 4096 2445 268 4046 2444 267 4048 2445 267 4097 2446 268 4096 2445 268 4050 2446 267 4097 2446 268 4048 2445 267 4050 2446 267 4098 2447 268 4097 2446 268 4052 2447 267 4098 2447 268 4050 2446 267 4052 2447 267 4099 2448 268 4098 2447 268 4054 2448 267 4099 2448 268 4052 2447 267 4054 2448 267 4100 2449 268 4099 2448 268 4056 2449 267 4100 2449 268 4054 2448 267 4056 2449 267 4101 2450 268 4100 2449 268 4058 2450 267 4101 2450 268 4056 2449 267 4058 2450 267 4102 2451 268 4101 2450 268 4060 2451 267 4102 2451 268 4058 2450 267 4060 2451 267 4103 2452 268 4102 2451 268 4062 2452 267 4103 2452 268 4060 2451 267 4062 2452 267 4104 2453 268 4103 2452 268 4064 2453 267 4104 2453 268 4062 2452 267 4064 2453 267 4105 2454 268 4104 2453 268 4066 2454 267 4105 2454 268 4064 2453 267 4066 2454 267 4106 2455 268 4105 2454 268 4068 2455 267 4106 2455 268 4066 2454 267 4068 2455 267 4107 2456 268 4106 2455 268 4070 2456 267 4107 2456 268 4068 2455 267 4070 2456 267 4076 2425 268 4107 2456 268 4072 2425 267 4076 2425 268 4070 2456 267 2995 2399 267 3730 2457 267 2997 2401 267 3913 2466 267 3730 2457 267 2995 2399 267 2764 2364 267 2961 240 267 2696 2362 267 2766 2366 267 2961 240 267 2764 2364 267 2768 2368 267 2961 240 267 2766 2366 267 2770 2370 267 2961 240 267 2768 2368 267 2590 2336 267 2961 240 267 2770 2370 267 2592 2338 267 2961 240 267 2590 2336 267 2594 2340 267 2961 240 267 2592 2338 267 2596 2342 267 2961 240 267 2594 2340 267 2598 2344 267 2961 240 267 2596 2342 267 2600 2346 267 2961 240 267 2598 2344 267 2602 2348 267 2961 240 267 2600 2346 267 2604 2350 267 2961 240 267 2602 2348 267 2606 2352 267 2961 240 267 2604 2350 267 2608 2354 267 2961 240 267 2606 2352 267 2610 2356 267 2961 240 267 2608 2354 267 2612 2358 267 2961 240 267 2610 2356 267 2614 2308 267 2961 240 267 2612 2358 267 2616 2310 267 2961 240 267 2614 2308 267 4075 2312 267 2961 240 267 2616 2310 267 2878 2314 267 2961 240 267 4075 2312 267 2880 2316 267 2961 240 267 2878 2314 267 2882 2318 267 2961 240 267 2880 2316 267 2936 2320 267 2961 240 267 2882 2318 267 2938 2322 267 2961 240 267 2936 2320 267 2682 2324 267 2961 240 267 2938 2322 267 2684 2326 267 2961 240 267 2682 2324 267 2686 2328 267 2961 240 267 2684 2326 267 2688 2330 267 2961 240 267 2686 2328 267 3913 2466 267 3732 2458 267 3730 2457 267 3749 2465 267 3732 2458 267 3913 2466 267 2772 2364 267 2962 240 267 2712 2362 267 2774 2366 267 2962 240 267 2772 2364 267 2776 2368 267 2962 240 267 2774 2366 267 2778 2370 267 2962 240 267 2776 2368 267 2562 2336 267 2962 240 267 2778 2370 267 2564 2338 267 2962 240 267 2562 2336 267 2566 2340 267 2962 240 267 2564 2338 267 2568 2342 267 2962 240 267 2566 2340 267 2570 2344 267 2962 240 267 2568 2342 267 2572 2346 267 2962 240 267 2570 2344 267 2574 2348 267 2962 240 267 2572 2346 267 2576 2350 267 2962 240 267 2574 2348 267 2578 2352 267 2962 240 267 2576 2350 267 2580 2354 267 2962 240 267 2578 2352 267 2582 2356 267 2962 240 267 2580 2354 267 2584 2358 267 2962 240 267 2582 2356 267 2586 2308 267 2962 240 267 2584 2358 267 2588 2310 267 2962 240 267 2586 2308 267 3381 2312 267 2962 240 267 2588 2310 267 2927 2314 267 2962 240 267 3381 2312 267 2929 2316 267 2962 240 267 2927 2314 267 2931 2318 267 2962 240 267 2929 2316 267 2912 2320 267 2962 240 267 2931 2318 267 2914 2322 267 2962 240 267 2912 2320 267 2698 2324 267 2962 240 267 2914 2322 267 2700 2326 267 2962 240 267 2698 2324 267 2702 2328 267 2962 240 267 2700 2326 267 2704 2330 267 2962 240 267 2702 2328 267 3749 2465 267 3734 2459 267 3732 2458 267 3748 2464 267 3734 2459 267 3749 2465 267 2934 2313 266 2963 2314 267 2932 2312 267 2800 2315 266 2963 2314 267 2934 2313 266 3748 2464 267 3736 2460 267 3734 2459 267 3747 2463 267 3736 2460 267 3748 2464 267 2860 2325 266 2964 2326 267 2858 2324 267 2965 2327 266 2964 2326 267 2860 2325 266 3747 2463 267 3738 2461 267 3736 2460 267 3746 2462 267 3738 2461 267 3747 2463 267 2948 2342 267 2848 2344 267 2846 240 267 2850 2343 266 2848 2344 267 2948 2342 267 2874 2339 266 2947 2340 267 2872 2338 267 2949 2341 266 2947 2340 267 2874 2339 266 3746 2462 267 2967 2371 267 3738 2461 267 2969 2373 267 2967 2371 267 3746 2462 267 2940 2308 267 2966 240 267 2640 2358 267 2942 2310 267 2966 240 267 2940 2308 267 2944 2312 267 2966 240 267 2942 2310 267 2946 2314 267 2966 240 267 2944 2312 267 2821 2316 267 2966 240 267 2946 2314 267 2819 2318 267 2966 240 267 2821 2316 267 2817 2320 267 2966 240 267 2819 2318 267 2642 2322 267 2966 240 267 2817 2320 267 2644 2324 267 2966 240 267 2642 2322 267 2646 2326 267 2966 240 267 2644 2324 267 2648 2328 267 2966 240 267 2646 2326 267 2650 2330 267 2966 240 267 2648 2328 267 2652 2332 267 2966 240 267 2650 2330 267 2654 2334 267 2966 240 267 2652 2332 267 2656 2360 267 2966 240 267 2654 2334 267 2658 2362 267 2966 240 267 2656 2360 267 2660 2364 267 2966 240 267 2658 2362 267 2662 2366 267 2966 240 267 2660 2364 267 2824 2368 267 2966 240 267 2662 2366 267 2826 2370 267 2966 240 267 2824 2368 267 2618 2336 267 2966 240 267 2826 2370 267 2620 2338 267 2966 240 267 2618 2336 267 2622 2340 267 2966 240 267 2620 2338 267 2624 2342 267 2966 240 267 2622 2340 267 2626 2344 267 2966 240 267 2624 2342 267 2628 2346 267 2966 240 267 2626 2344 267 2630 2348 267 2966 240 267 2628 2346 267 2632 2350 267 2966 240 267 2630 2348 267 2724 2364 267 2726 2366 267 2846 240 267 2732 2344 267 2734 2346 267 2829 240 267 2851 2370 267 2863 2336 267 2829 240 267 2688 2330 267 2690 2332 267 2961 240 267 2917 2318 267 2856 2320 267 2846 240 267 2534 2308 267 2536 2310 267 2829 240 267 2908 2310 267 2907 2309 266 2933 2311 266 2799 2316 267 2797 2318 267 2837 240 267 2802 2358 267 2804 2308 267 2833 240 267 2857 2322 267 2915 2321 266 2859 2323 266 2924 2332 267 3543 2331 266 2925 2333 266 2954 2314 267 2952 2316 267 2846 240 267 2678 2310 267 2680 2312 267 2846 240 267 2742 2346 267 2744 2348 267 2837 240 267 2956 2328 267 3542 2327 266 2957 2329 266 2871 2336 267 3725 2335 266 2873 2337 266 2814 2324 267 2816 2326 267 2833 240 267 2548 2322 267 2550 2324 267 2829 240 267 2951 2332 267 3215 2331 266 2883 2333 266 2704 2330 267 2706 2332 267 2962 240 267 2558 2332 267 2560 2334 267 2829 240 267 2632 2350 267 2634 2352 267 2966 240 267</p>
                </polylist>
            </mesh>
        </geometry>
        <geometry id="mesh1">
            <mesh>
                <source id="points1">
                    <float_array id="pointarray1" count="3537">727.8125 782.0625 0 718.8125 782 113.8125 730.6875 772.625 115.6875 692.1875 782.0625 224.875 703.5625 772.625 228.5625 648.4375 782 330.375 659.125 772.625 335.8125 588.8125 782.0625 427.8125 598.5 772.625 434.8125 514.625 782 514.625 523.0625 772.625 523.0625 427.8125 782.0625 588.8125 434.8125 772.625 598.5 330.375 782 648.4375 335.8125 772.625 659.125 224.875 782.0625 692.1875 228.5625 772.625 703.5625 113.8125 782 718.8125 115.6875 772.625 730.6875 0 782.0625 727.8125 0 772.625 739.8125 -113.8125 782 718.8125 -115.6875 772.625 730.6875 -224.875 782.0625 692.1875 -228.5625 772.625 703.5625 -330.375 782 648.4375 -335.8125 772.625 659.125 -427.8125 782.0625 588.8125 -434.8125 772.625 598.5 -514.625 782 514.625 -523.125 772.625 523.125 -588.8125 782.0625 427.8125 -598.5 772.625 434.8125 -648.4375 782 330.375 -659.125 772.625 335.8125 -692.1875 782.0625 224.875 -703.5625 772.625 228.5625 -718.8125 782 113.8125 -730.6875 772.625 115.6875 -727.8125 782.0625 0 -739.8125 772.625 0 -718.8125 782 -113.8125 -730.6875 772.625 -115.6875 -692.1875 782.0625 -224.875 -703.5625 772.625 -228.5625 -648.4375 782 -330.375 -659.125 772.625 -335.8125 -588.8125 782.0625 -427.8125 -598.5 772.625 -434.8125 -514.625 782 -514.625 -523.125 772.625 -523.125 -427.8125 782.0625 -588.8125 -434.8125 772.625 -598.5 -330.375 782 -648.4375 -335.8125 772.625 -659.125 -224.875 782.0625 -692.1875 -228.5625 772.625 -703.5625 -113.8125 782 -718.8125 -115.6875 772.625 -730.6875 0 782.0625 -727.8125 0 772.625 -739.8125 221.5 810.9375 -681.8125 316.1875 842.5625 -620.625 325.4375 810.875 -638.75 409.3125 842.6875 -563.4375 421.375 810.9375 -580 492.5 842.5625 -492.5 506.875 810.875 -506.875 563.4375 842.6875 -409.3125 580 810.9375 -421.375 620.625 842.5625 -316.1875 638.75 810.875 -325.4375 662.3125 842.6875 -215.1875 681.8125 810.9375 -221.5 687.9375 842.5625 -108.9375 708.0625 810.875 -112.125 696.4375 842.6875 0 716.9375 810.9375 0 687.9375 842.5625 108.9375 708.0625 810.875 112.125 662.3125 842.6875 215.1875 681.8125 810.9375 221.5 620.625 842.5625 316.1875 638.75 810.875 325.4375 563.4375 842.6875 409.3125 580 810.9375 421.375 492.5 842.5625 492.5 506.875 810.875 506.875 409.3125 842.6875 563.4375 421.375 810.9375 580 316.1875 842.5625 620.625 325.4375 810.875 638.75 215.1875 842.6875 662.3125 221.5 810.9375 681.8125 108.9375 842.5625 687.9375 112.125 810.875 708.0625 0 842.6875 696.4375 0 810.9375 716.9375 -108.9375 842.5625 687.9375 -112.125 810.875 708.0625 -215.1875 842.6875 662.3125 -221.5 810.9375 681.8125 -316.1875 842.5625 620.625 -325.4375 810.875 638.75 -409.3125 842.6875 563.4375 -421.375 810.9375 580 -492.5 842.5625 492.5 -506.875 810.875 506.875 -563.4375 842.6875 409.3125 -580 810.9375 421.375 -620.625 842.5625 316.1875 -638.75 810.875 325.4375 -662.3125 842.6875 215.1875 -681.8125 810.9375 221.5 -708.0625 810.875 112.125 483.25 889.1875 483.25 552.9375 889.1875 401.75 557.625 889.1875 405.125 608.9375 889.1875 310.25 614.125 889.125 312.875 650.0625 889.1875 211.1875 655.5 889.1875 213 675.0625 889.1875 106.875 680.75 889.125 107.8125 683.5 889.1875 0 689.25 889.1875 0 675.0625 889.1875 -106.875 680.75 889.125 -107.8125 650.0625 889.1875 -211.1875 655.5 889.1875 -213 608.9375 889.1875 -310.25 614.125 889.125 -312.875 552.9375 889.1875 -401.75 557.625 889.1875 -405.125 483.25 889.1875 -483.25 487.375 889.125 -487.375 401.75 889.1875 -552.9375 405.125 889.1875 -557.625 310.25 889.1875 -608.9375 312.875 889.125 -614.125 -608.9375 889.1875 310.25 -552.9375 889.1875 401.75 -557.625 889.1875 405.125 -483.25 889.1875 483.25 -487.375 889.125 487.375 -401.75 889.1875 552.9375 -405.125 889.1875 557.625 -310.25 889.1875 608.9375 -312.875 889.125 614.125 -211.1875 889.1875 650.0625 -213 889.1875 655.5 -106.875 889.1875 675.0625 -107.8125 889.125 680.75 0 889.1875 683.5 0 889.1875 689.25 106.875 889.1875 675.0625 107.8125 889.125 680.75 211.1875 889.1875 650.0625 213 889.1875 655.5 310.25 889.1875 608.9375 312.875 889.125 614.125 405.125 889.1875 557.625 588.8125 782.0625 -427.8125 648.4375 782 -330.375 692.1875 782.0625 -224.875 718.8125 782 -113.8125 692.1875 782.0625 224.875 -552.4375 -120 708.4375 -547.375 -80.125 713.5 -637.0625 -120 637.0625 -637.0625 -79.8125 637.0625 -713.5625 -80.125 547.3125 -712.9375 29.8125 546.9375 -775.125 -79.8125 446.9375 -774.5 30.0625 446.625 708.4375 -120 552.4375 713.5 -80.125 547.375 637.0625 -120 637.0625 637.0625 -79.8125 637.0625 547.375 -80.125 713.5625 546.9375 29.8125 712.9375 446.9375 -79.8125 775.125 446.625 30.0625 774.5 713.5 439.125 -547.375 713.5 508.9375 -547.375 775.125 439.875 -446.9375 775.125 509.6875 -446.9375 827.625 439.8125 -346.25 827.625 509.625 -346.25 864.1875 509.6875 -232.0625 -588.8125 782.0625 -427.8125 -648.4375 782 -330.375 -638.75 810.875 -325.4375 -692.1875 782.0625 -224.875 -681.8125 810.9375 -221.5 -708.0625 810.875 -112.125 -124.3125 42.3125 1274.9375 -132.75 45.75 1275 -124.3125 42.3125 1105 -132.75 45.75 1105 -124.3125 42.3125 901.4375 -132.75 45.75 902.25 132.75 45.75 1275 124.3125 42.3125 1275 132.75 45.75 1105 124.3125 42.3125 1105 132.75 45.75 902.25 124.3125 42.3125 901.4375 117.3125 29.8125 1275 117.3125 29.8125 1104.9375 124.3125 42.3125 901.4375 117.3125 29.8125 899.8125 -117.3125 29.8125 1274.9375 -117.3125 29.8125 1105 -117.3125 29.8125 899.8125 -124.3125 42.3125 901.4375 -325.4375 810.875 -638.75 -421.375 810.9375 -580 -409.3125 842.6875 -563.4375 -506.875 810.875 -506.875 -492.5 842.5625 -492.5 -563.4375 842.6875 -409.3125 -580 810.9375 -421.375 -620.625 842.5625 -316.1875 -662.3125 842.6875 -215.1875 -687.9375 842.5625 -108.9375 -696.4375 842.6875 0 -716.9375 810.9375 0 -687.9375 842.5625 108.9375 -400.6875 872.6875 -551.5 -482 872.75 -482 -483.25 889.1875 -483.25 -551.5 872.6875 -400.6875 -552.9375 889.1875 -401.75 -608.9375 889.1875 -310.25 -311 854.9375 -610.375 -402.6875 855 -554.25 -484.4375 854.9375 -484.4375 -215.1875 842.6875 -662.3125 -316.1875 842.5625 -620.625 -554.25 855 -402.6875 -610.375 854.9375 -311 -651.5625 855 -211.6875 -676.625 854.9375 -107.125 891.625 45.75 -117.4375 900.9375 42.5625 0 900.9375 30.0625 0 896.6875 42.3125 117.3125 890.875 29.8125 117.3125 863.4375 30.0625 231.8125 0 30.0625 1275 0 42.5625 1275 0 46 1275 -676.625 854.9375 107.125 -651.5625 855 211.6875 -610.375 854.9375 311 -554.25 855 402.6875 -484.4375 854.9375 484.4375 -402.6875 855 554.25 -311 854.9375 610.375 -211.6875 855 651.5625 -107.125 854.9375 676.625 0 855 685.0625 107.125 854.9375 676.625 211.6875 855 651.5625 311 854.9375 610.375 -117.4375 -80.125 1274.9375 -117.4375 -80.125 1105 -117.4375 -80.125 900.5625 117.4375 -80.125 1275 117.4375 -80.125 1105 117.4375 -80.125 900.5625 402.6875 855 554.25 484.4375 854.9375 484.4375 676.625 854.9375 -107.125 651.5625 855 -211.6875 648.375 872.6875 -210.625 610.375 854.9375 -311 607.375 872.75 -309.4375 551.5 872.6875 -400.6875 681.6875 872.6875 0 673.25 872.75 -106.625 900.9375 46.3125 0 902.5625 45.75 117.3125 896.6875 42.3125 117.3125 868.5 42.5625 242.125 -126.125 -80.0625 889.5625 -126 29.8125 888.8125 -179.0625 -79.9375 876.875 -178.9375 29.9375 876.125 -232.0625 -79.8125 864.1875 -231.8125 30.0625 863.4375 554.25 855 402.6875 610.375 854.9375 311 651.5625 855 211.6875 676.625 854.9375 107.125 685.0625 855 0 401.75 889.1875 552.9375 487.375 889.125 487.375 -607.375 872.75 -309.4375 -648.375 872.6875 -210.625 -673.25 872.75 -106.625 -681.6875 872.6875 0 -685.0625 855 0 -673.25 872.75 106.625 -648.375 872.6875 210.625 -607.375 872.75 309.4375 -551.5 872.6875 400.6875 400.6875 872.6875 -551.5 482 872.75 -482 -482 872.75 482 -400.6875 872.6875 551.5 -309.4375 872.75 607.375 -210.625 872.6875 648.375 210.625 872.6875 -648.375 309.4375 872.75 -607.375 311 854.9375 -610.375 402.6875 855 -554.25 484.4375 854.9375 -484.4375 554.25 855 -402.6875 -106.625 872.75 673.25 0 872.6875 681.6875 106.625 872.75 673.25 210.625 872.6875 648.375 309.4375 872.75 607.375 400.6875 872.6875 551.5 482 872.75 482 551.5 872.6875 400.6875 607.375 872.75 309.4375 648.375 872.6875 210.625 673.25 872.75 106.625 -650.0625 889.1875 -211.1875 -675.0625 889.1875 -106.875 -683.5 889.1875 0 -675.0625 889.1875 106.875 -650.0625 889.1875 211.1875 -718.8125 782 -113.8125 -727.8125 782.0625 0 427.8125 782.0625 -588.8125 514.625 782 -514.625 648.4375 782 330.375 588.8125 782.0625 427.8125 514.625 782 514.625 427.8125 782.0625 588.8125 -224.875 782.0625 -692.1875 -330.375 782 -648.4375 -427.8125 782.0625 -588.8125 -514.625 782 -514.625 -718.8125 782 113.8125 -692.1875 782.0625 224.875 -648.4375 782 330.375 -588.8125 782.0625 427.8125 -514.625 782 514.625 -427.8125 782.0625 588.8125 -330.375 782 648.4375 -224.875 782.0625 692.1875 -113.8125 782 718.8125 0 782.0625 727.8125 113.8125 782 718.8125 224.875 782.0625 692.1875 330.375 782 648.4375 -210.625 872.6875 -648.375 -309.4375 872.75 -607.375 -310.25 889.1875 -608.9375 -401.75 889.1875 -552.9375 712.9375 29.8125 546.9375 775.125 -79.8125 446.9375 774.5 30.0625 446.625 438.875 46 798.75 442.875 42.5625 785.375 555.25 45.75 721.1875 551.0625 42.3125 717 640.625 42.5625 640.625 717 42.3125 551.0625 721.1875 45.75 555.25 644.8125 46 644.8125 900.9375 509.5 0 887.8125 509.3125 116.8125 878.9375 501.5 115.375 867.4375 509.4375 219.5 860.9375 501.9375 215.4375 900.9375 439.875 0 892.125 444.75 115.6875 900.125 439.4375 116.9375 866.4375 445.125 249.4375 872.75 439.5625 253.5625 636.5 30.0625 636.5 717 42.3125 551.0625 785.375 42.5625 442.875 442.875 42.5625 785.375 551.0625 42.3125 717 864.1875 -79.8125 232.0625 891.625 -80.125 117.4375 900.9375 -79.8125 0 -637.0625 -79.8125 -637.0625 -713.5 -80.125 -547.375 -712.9375 29.8125 -546.9375 -775.125 -79.8125 -446.9375 -774.5 30.0625 -446.625 -446.625 30.0625 -774.5 -446.9375 -79.8125 -775.125 -546.9375 29.8125 -712.9375 -547.375 -80.125 -713.5 -438.875 46 -798.75 -442.875 42.5625 -785.375 -555.25 45.75 -721.1875 -551.0625 42.3125 -717 -640.625 42.5625 -640.625 -717 42.3125 -551.0625 -721.1875 45.75 -555.25 -644.8125 46 -644.8125 -636.5 30.0625 -636.5 -717 42.3125 -551.0625 -785.375 42.5625 -442.875 -442.875 42.5625 -785.375 -551.0625 42.3125 -717 -900.375 18.125 0 -891.0625 18 117.375 -890.875 29.8125 117.3125 -877.875 18 174.75 -863.4375 30.0625 231.8125 -875.1875 46 -254.4375 -868.5 42.5625 -242.125 -902.5625 45.75 -117.3125 -896.6875 42.3125 -117.3125 -905.9375 42.5625 0 -896.6875 42.3125 117.3125 -902.5625 45.75 117.3125 -911.875 46 0 -900.1875 30.0625 0 -896.6875 42.3125 117.3125 -868.5 42.5625 242.125 -868.5 42.5625 -242.125 -863.4375 30.0625 -231.8125 -896.6875 42.3125 -117.3125 -890.875 29.8125 -117.3125 -546.9375 29.8125 712.9375 -446.9375 -79.8125 775.125 -446.625 30.0625 774.5 -798.75 46 438.875 -785.375 42.5625 442.875 -721.1875 45.75 555.25 -717 42.3125 551.0625 -640.625 42.5625 640.625 -551.0625 42.3125 717 -555.25 45.75 721.1875 -644.8125 46 644.8125 -636.5 30.0625 636.5 -551.0625 42.3125 717 -442.875 42.5625 785.375 864.1875 439.875 -232.0625 891.625 509.25 -117.4375 891.625 439.4375 -117.4375 -680.75 889.125 107.8125 -655.5 889.1875 213 -108.9375 842.5625 -687.9375 -112.125 810.875 -708.0625 -221.5 810.9375 -681.8125 0 889.1875 -683.5 0 872.6875 -681.6875 -106.875 889.1875 -675.0625 -106.625 872.75 -673.25 108.9375 842.5625 -687.9375 107.125 854.9375 -676.625 215.1875 842.6875 -662.3125 211.6875 855 -651.5625 703.5625 772.625 -228.5625 692.1875 782.0625 -224.875 730.6875 772.625 -115.6875 -107.125 854.9375 -676.625 -211.6875 855 -651.5625 0 855 -685.0625 0 842.6875 -696.4375 106.625 872.75 -673.25 106.875 889.1875 -675.0625 211.1875 889.1875 -650.0625 0 810.9375 -716.9375 0 782.0625 -727.8125 -113.8125 782 -718.8125 112.125 810.875 -708.0625 0 855 -685.0625 113.8125 782 -718.8125 224.875 782.0625 -692.1875 775.125 -79.8125 -446.9375 775.125 46.3125 -446.9375 827.625 -79.875 -346.25 827.625 46.25 -346.25 864.1875 46.3125 -232.0625 -785.375 42.5625 442.875 -717 42.3125 551.0625 864.1875 -79.8125 -232.0625 891.625 -80.125 -117.4375 -877.875 18 -174.75 -891.0625 18 -117.375 113.8125 782 -718.8125 115.6875 772.625 -730.6875 224.875 782.0625 -692.1875 228.5625 772.625 -703.5625 330.375 782 -648.4375 335.8125 772.625 -659.125 427.8125 782.0625 -588.8125 434.8125 772.625 -598.5 523.0625 772.625 -523.0625 588.8125 782.0625 -427.8125 598.5 772.625 -434.8125 659.125 772.625 -335.8125 739.8125 772.625 0 -211.1875 889.1875 -650.0625 -213 889.1875 -655.5 -312.875 889.125 -614.125 330.375 782 -648.4375 -864.1875 -79.8125 232.0625 -877.875 -79.9375 174.75 -405.125 889.1875 -557.625 -487.375 889.125 -487.375 -557.625 889.1875 -405.125 -614.125 889.125 -312.875 -655.5 889.1875 -213 -680.75 889.125 -107.8125 -689.25 889.1875 0 -614.125 889.125 312.875 -223.6875 509.375 717.5 -349.125 509.375 665.5 -218.8125 502.3125 712.25 -348.875 502.3125 658.375 -331.4375 439.5 693.9375 -256.3125 439.5 725 -331.375 444.9375 686.25 -250.9375 444.9375 719.625 -342.25 439.5 698.25 -347.125 444.8125 691.9375 -359.75 509.375 670.25 -363.8125 502.625 664.9375 -670.25 509.375 359.75 -665.5 509.375 349.125 -664.9375 502.625 363.8125 -658.375 502.3125 348.875 -693.9375 439.5 331.4375 -698.25 439.5 342.25 -686.25 444.9375 331.375 -691.9375 444.8125 347.125 -762.5 509.4375 432.625 -756.75 502.5 436 -791.875 439.5625 411.25 -785.375 445 415.25 -411.25 439.5625 791.875 -415.25 445 785.375 -432.625 509.4375 762.5 -436 502.5 756.75 -458.125 509.4375 768.625 -456.4375 501.9375 761.0625 -545.125 509.3125 710.375 -539.8125 501.5 703.1875 -634.3125 509.4375 634.3125 -627.9375 501.5 627.9375 -710.375 509.3125 545.125 -703.1875 501.5 539.8125 -768.625 509.4375 458.125 -761.0625 501.9375 456.375 -437.8125 439.5625 796.4375 -436.25 445.125 789.0625 -548.9375 445 712.6875 -553.75 439.4375 719.125 -637.3125 445 637.3125 -643 439.5625 643 -712.6875 445 548.9375 -719.125 439.4375 553.75 -796.4375 439.5625 437.8125 -789.0625 445.125 436.25 -717.5 509.375 223.6875 -712.25 502.3125 218.8125 -725 439.5 256.3125 -719.625 444.9375 250.9375 -735.75 439.5 251.6875 -734.75 444.8125 243.75 -728.375 509.375 219.5625 -727.5 502.625 212.875 -728.375 509.375 -219.5625 -717.5 509.375 -223.6875 -727.5 502.625 -212.875 -712.25 502.3125 -218.8125 -725 439.5 -256.3125 -735.75 439.5 -251.6875 -719.625 444.9375 -250.9375 -734.75 444.8125 -243.75 -845.0625 509.4375 -233.25 -843.375 502.5 -226.75 -850.75 439.5625 -269.125 -848.9375 445 -261.6875 -850.75 439.5625 269.125 -848.9375 445 261.6875 -845.0625 509.4375 233.25 -843.375 502.5 226.75 -867.4375 509.4375 219.5 -860.9375 501.9375 215.4375 -887.8125 509.3125 116.8125 -878.9375 501.5 115.5 -897.0625 509.4375 0 -888.0625 501.5 0 -887.8125 509.3125 -116.8125 -878.9375 501.5 -115.5 -867.4375 509.4375 -219.5 -860.9375 501.9375 -215.4375 -872.75 439.5625 253.5625 -866.4375 445.125 249.4375 -892.125 445 115.75 -900.125 439.4375 116.9375 -901.3125 445 0 -909.375 439.5625 0 -892.125 445 -115.75 -900.125 439.4375 -116.9375 -872.75 439.5625 -253.5625 -866.4375 445.125 -249.4375 -665.5 509.375 -349.125 -658.375 502.3125 -348.875 -693.9375 439.5 -331.4375 -686.25 444.9375 -331.375 -698.25 439.5 -342.25 -691.9375 444.8125 -347.125 -670.25 509.375 -359.75 -664.9375 502.625 -363.8125 -359.75 509.375 -670.25 -349.125 509.375 -665.5 -363.8125 502.625 -664.9375 -348.875 502.3125 -658.375 -331.4375 439.5 -693.9375 -342.25 439.5 -698.25 -331.375 444.9375 -686.25 -347.125 444.8125 -691.9375 -432.625 509.4375 -762.5 -436 502.5 -756.75 -411.25 439.5625 -791.875 -415.25 445 -785.375 -791.875 439.5625 -411.25 -785.375 445 -415.25 -762.5 509.4375 -432.625 -756.75 502.5 -436 -768.625 509.4375 -458.125 -761.0625 501.9375 -456.4375 -710.375 509.3125 -545.125 -703.1875 501.5 -539.8125 -634.3125 509.4375 -634.3125 -627.9375 501.5 -627.9375 -545.125 509.3125 -710.375 -539.75 501.5 -703.1875 -458.125 509.4375 -768.625 -456.375 501.9375 -761.0625 -796.4375 439.5625 -437.8125 -789.0625 445.125 -436.25 -712.6875 445 -548.9375 -719.125 439.4375 -553.75 -637.3125 445 -637.3125 -643 439.5625 -643 -548.9375 445 -712.6875 -553.75 439.4375 -719.125 -437.8125 439.5625 -796.4375 -436.25 445.125 -789.0625 -223.6875 509.375 -717.5 -218.8125 502.3125 -712.25 -256.3125 439.5 -725 -250.9375 444.9375 -719.625 -251.6875 439.5 -735.75 -243.75 444.8125 -734.75 -219.5625 509.375 -728.375 -212.875 502.625 -727.5 -269.125 439.5625 -850.75 -261.6875 445 -848.9375 -233.25 509.4375 -845.0625 -226.75 502.5 -843.375 -219.5 509.4375 -867.4375 -215.4375 501.9375 -860.9375 -116.8125 509.3125 -887.8125 -115.5 501.5 -878.9375 0 509.375 -897.0625 0 501.5 -888.0625 -253.5625 439.5625 -872.75 -249.4375 445.125 -866.4375 -116.9375 439.4375 -900.125 -115.75 445 -892.125 0 439.5625 -909.375 0 444.9375 -901.3125 728.375 509.375 219.5625 717.5 509.375 223.6875 727.5 502.625 212.875 712.25 502.3125 218.8125 725 439.5 256.3125 735.75 439.5 251.6875 719.625 444.9375 250.9375 734.75 444.8125 243.75 845.0625 509.4375 233.25 843.375 502.5 226.75 850.75 439.5625 269.125 848.9375 445 261.6875 665.5 509.375 349.125 658.375 502.3125 348.875 693.9375 439.5 331.4375 686.25 444.9375 331.375 698.25 439.5 342.25 691.9375 444.8125 347.125 670.25 509.375 359.75 664.9375 502.625 363.8125 359.75 509.375 670.25 349.125 509.375 665.5 363.8125 502.625 664.9375 348.875 502.3125 658.375 331.4375 439.5 693.9375 342.25 439.5 698.25 331.375 444.9375 686.25 347.125 444.8125 691.9375 432.625 509.4375 762.5 436 502.5 756.75 411.25 439.5625 791.875 415.25 445 785.375 791.875 439.5625 411.25 785.375 445 415.25 762.5 509.4375 432.625 756.75 502.5 436 768.625 509.4375 458.125 761.0625 501.9375 456.4375 710.375 509.3125 545.125 703.1875 501.5 539.8125 634.3125 509.4375 634.3125 627.9375 501.5 627.9375 545.125 509.3125 710.375 539.75 501.5 703.1875 458.125 509.4375 768.625 456.375 501.9375 761.0625 796.4375 439.5625 437.8125 789.0625 445.125 436.25 712.6875 445 548.9375 719.125 439.4375 553.75 637.3125 445 637.3125 643 439.5625 643 548.9375 445 712.6875 553.75 439.4375 719.125 437.8125 439.5625 796.4375 436.25 445.125 789.0625 223.6875 509.375 717.5 218.8125 502.3125 712.25 256.3125 439.5 725 250.9375 444.9375 719.625 251.6875 439.5 735.75 243.75 444.8125 734.75 219.5625 509.375 728.375 212.875 502.625 727.5 -219.5625 509.375 728.375 -212.875 502.625 727.5 -251.6875 439.5 735.75 -243.75 444.8125 734.75 -233.25 509.4375 845.0625 -226.75 502.5 843.375 -269.125 439.5625 850.75 -261.6875 445 848.9375 269.125 439.5625 850.75 261.6875 445 848.9375 233.25 509.4375 845.0625 226.75 502.5 843.375 547.375 439.4375 -713.5 446.9375 439.5625 -775.125 547.375 509.25 -713.5 446.9375 509.375 -775.125 637.0625 509.125 -637.0625 637.0625 439.3125 -637.0625 219.5 509.4375 867.4375 215.4375 501.9375 860.9375 116.8125 509.3125 887.8125 115.5 501.5 878.9375 0 509.4375 897.0625 0 501.5 888.0625 -116.8125 509.3125 887.8125 -115.5 501.5 878.9375 -219.5 509.4375 867.4375 -215.4375 501.9375 860.9375 253.5625 439.5625 872.75 249.4375 445.125 866.4375 115.75 445 892.125 116.9375 439.4375 900.125 0 445 901.3125 0 439.5625 909.375 -115.75 445 892.125 -116.9375 439.4375 900.125 -253.5625 439.5625 872.75 -249.4375 445.125 866.4375 116.8125 509.25 -887.8125 0 501.5 -888.0625 115.5625 501.5 -878.875 116.9375 439.4375 -900.125 115.6875 444.6875 -892.125 -246.5625 42.4375 719.875 -334.625 42.4375 683.375 -237.5625 29.9375 713.4375 -336.4375 29.9375 672.5 -239.875 461.0625 709.5 -332.0625 461.0625 671.3125 -257.125 45.875 727.4375 -332.5 45.875 696.1875 -237.8125 -79.9375 714.1875 -336.8125 -80 673.1875 -347.6875 -79.9375 677.6875 -347.375 29.9375 677 -345.5 42.4375 687.75 -343.375 45.875 700.5 -350 460.3125 678 -678 460.3125 350 -671.3125 461.0625 332.0625 -696.1875 45.875 332.5 -683.375 42.4375 334.625 -700.5 45.875 343.375 -687.75 42.4375 345.5 -672.5 29.9375 336.4375 -677 29.9375 347.375 -673.1875 -79.9375 336.8125 -677.6875 -79.9375 347.6875 -767.6875 460.3125 416.8125 -794.1875 46 412.3125 -780.375 42.5 416.5 -769.0625 30.0625 420.375 -769.75 -79.875 420.6875 -420.6875 -79.875 769.75 -420.375 30.0625 769.0625 -416.5 42.5 780.375 -412.3125 46 794.1875 -416.8125 460.3125 767.6875 -785.375 42.5625 442.875 -640.625 42.5625 640.625 -442.875 42.5625 785.375 -434.0625 460.8125 769.8125 -537.8125 462.8125 700.625 -625.6875 462.9375 625.6875 -700.625 462.8125 537.8125 -769.8125 460.8125 434.0625 -769.8125 460.8125 434.0625 -434.0625 460.8125 769.8125 -537.8125 462.8125 700.625 -625.6875 462.9375 625.6875 -700.625 462.8125 537.8125 -769.8125 460.8125 434.0625 -769.8125 460.8125 434.0625 -442.875 42.5625 785.375 -438.875 46 798.75 -785.375 42.5625 442.875 -442.875 42.5625 785.375 -719.875 42.4375 246.5625 -713.4375 29.9375 237.5625 -709.5 461.0625 239.875 -727.4375 45.875 257.125 -714.1875 -80 237.8125 -725.0625 -79.9375 233.3125 -724.3125 29.9375 233.0625 -730.625 42.4375 241.9375 -738.125 45.875 252.5 -726.875 460.3125 231.875 -726.875 460.3125 -231.875 -709.5 461.0625 -239.875 -727.4375 45.875 -257.125 -719.875 42.4375 -246.5625 -738.125 45.875 -252.5 -730.625 42.4375 -241.9375 -713.4375 29.9375 -237.5625 -724.3125 29.9375 -233.0625 -714.1875 -79.9375 -237.8125 -725.0625 -79.9375 -233.3125 -837.625 460.3125 -248.0625 -853.125 46 -270 -846.3125 42.5 -257.25 -841.0625 30.0625 -246.5 -841.8125 -79.875 -246.75 -841.8125 -79.875 246.75 -841.0625 30.0625 246.5 -846.3125 42.5 257.25 -853.125 46 270 -837.625 460.3125 248.0625 -868.5 42.5625 -242.125 -905.9375 42.5625 0 -868.5 42.5625 242.125 -851.25 460.8125 237.375 -875.75 462.8125 115.125 -884.875 462.9375 0 -875.75 462.8125 -115.125 -851.25 460.8125 -237.375 -851.25 460.8125 -237.375 -851.25 460.8125 237.375 -875.75 462.8125 115.125 -884.875 462.9375 0 -875.75 462.8125 -115.125 -851.25 460.8125 -237.375 -851.25 460.8125 -237.375 -868.5 42.5625 242.125 -875.1875 46 254.4375 -868.5 42.5625 -242.125 -864.1875 -79.8125 -232.0625 -868.5 42.5625 242.125 -877.875 -79.9375 -174.75 -683.375 42.4375 -334.625 -672.5 29.9375 -336.4375 -671.3125 461.0625 -332.0625 -696.1875 45.875 -332.5 -673.1875 -80 -336.8125 -677.6875 -79.9375 -347.6875 -677 29.9375 -347.375 -687.75 42.4375 -345.5 -700.5 45.875 -343.375 -678 460.3125 -350 -350 460.3125 -678 -332.0625 461.0625 -671.3125 -332.5 45.875 -696.1875 -334.625 42.4375 -683.375 -343.375 45.875 -700.5 -345.5 42.4375 -687.75 -336.4375 29.9375 -672.5 -347.375 29.9375 -677 -336.8125 -79.9375 -673.1875 -347.6875 -79.9375 -677.6875 -416.8125 460.3125 -767.6875 -412.3125 46 -794.1875 -416.5 42.5 -780.375 -420.375 30.0625 -769.0625 -420.6875 -79.875 -769.75 -769.75 -79.875 -420.6875 -769.0625 30.0625 -420.375 -780.375 42.5 -416.5 -794.1875 46 -412.3125 -767.6875 460.3125 -416.8125 -442.875 42.5625 -785.375 -640.625 42.5625 -640.625 -785.375 42.5625 -442.875 -769.8125 460.8125 -434.0625 -700.625 462.8125 -537.8125 -625.6875 462.9375 -625.6875 -537.8125 462.8125 -700.625 -434.0625 460.8125 -769.8125 -434.0625 460.8125 -769.8125 -769.8125 460.8125 -434.0625 -700.625 462.8125 -537.8125 -625.6875 462.9375 -625.6875 -537.8125 462.8125 -700.625 -434.0625 460.8125 -769.8125 -434.0625 460.8125 -769.8125 -785.375 42.5625 -442.875 -798.75 46 -438.875 -442.875 42.5625 -785.375 -785.375 42.5625 -442.875 -246.5625 42.4375 -719.875 -237.5625 29.9375 -713.4375 -239.875 461.0625 -709.5 -257.125 45.875 -727.4375 -237.8125 -80 -714.1875 -233.3125 -79.9375 -725.0625 -233.0625 29.9375 -724.3125 -241.9375 42.4375 -730.625 -252.5 45.875 -738.125 -231.875 460.3125 -726.875 -246.75 -79.875 -841.8125 -246.5 30.0625 -841.0625 -257.25 42.5 -846.3125 -270 46 -853.125 -248.0625 460.3125 -837.625 0 42.5625 -905.9375 0 30.0625 -900.1875 -117.3125 42.3125 -896.6875 -117.3125 29.8125 -890.875 -242.125 42.5625 -868.5 -231.8125 30.0625 -863.4375 -242.125 42.5625 -868.5 -237.375 460.8125 -851.25 -115.125 462.8125 -875.75 0 462.9375 -884.875 -237.375 460.8125 -851.25 -115.125 462.8125 -875.75 0 462.9375 -884.875 -242.125 42.5625 -868.5 -254.4375 46 -875.1875 -232.0625 -79.8125 -864.1875 0 46 -911.875 0 42.5625 -905.9375 -117.3125 45.75 -902.5625 -117.3125 42.3125 -896.6875 -242.125 42.5625 -868.5 0 -79.8125 -900.9375 -117.4375 -80.125 -891.625 726.875 460.3125 231.875 709.5 461.0625 239.875 727.4375 45.875 257.125 719.875 42.4375 246.5625 738.125 45.875 252.5 730.625 42.4375 241.9375 713.4375 29.9375 237.5625 724.3125 29.9375 233.0625 714.1875 -79.9375 237.8125 725.0625 -79.9375 233.3125 837.625 460.3125 248.0625 853.125 46 270 846.3125 42.5 257.25 841.0625 30.0625 246.5 841.8125 -79.875 246.75 868.5 42.5625 242.125 900.9375 509.5 0 888.1875 465.3125 0 875.625 463.4375 115.0625 851.25 460.8125 237.375 851.25 460.8125 237.375 888.1875 465.3125 0 875.625 463.4375 115.0625 900.9375 439.875 0 851.25 460.8125 237.375 851.25 460.8125 237.375 875.1875 46 254.4375 868.5 42.5625 242.125 683.375 42.4375 334.625 672.5 29.9375 336.4375 671.3125 461.0625 332.0625 696.1875 45.875 332.5 673.1875 -80 336.8125 677.6875 -79.9375 347.6875 677 29.9375 347.375 687.75 42.4375 345.5 700.5 45.875 343.375 678 460.3125 350 350 460.3125 678 332.0625 461.0625 671.3125 332.5 45.875 696.1875 334.625 42.4375 683.375 343.375 45.875 700.5 345.5 42.4375 687.75 336.4375 29.9375 672.5 347.375 29.9375 677 336.8125 -79.9375 673.1875 347.6875 -79.9375 677.6875 416.8125 460.3125 767.6875 412.3125 46 794.1875 416.5 42.5 780.375 420.375 30.0625 769.0625 420.6875 -79.875 769.75 769.75 -79.875 420.6875 769.0625 30.0625 420.375 780.375 42.5 416.5 794.1875 46 412.3125 767.6875 460.3125 416.8125 442.875 42.5625 785.375 640.625 42.5625 640.625 785.375 42.5625 442.875 769.8125 460.8125 434.0625 700.625 462.8125 537.8125 625.6875 462.9375 625.6875 537.8125 462.8125 700.625 434.0625 460.8125 769.8125 434.0625 460.8125 769.8125 769.8125 460.8125 434.0625 700.625 462.8125 537.8125 625.6875 462.9375 625.6875 537.8125 462.8125 700.625 434.0625 460.8125 769.8125 434.0625 460.8125 769.8125 785.375 42.5625 442.875 798.75 46 438.875 442.875 42.5625 785.375 785.375 42.5625 442.875 246.5625 42.4375 719.875 237.5625 29.9375 713.4375 239.875 461.0625 709.5 257.125 45.875 727.4375 237.8125 -80 714.1875 233.3125 -79.9375 725.0625 233.0625 29.9375 724.3125 241.9375 42.4375 730.625 252.5 45.875 738.125 231.875 460.3125 726.875 -231.875 460.3125 726.875 -252.5 45.875 738.125 -241.9375 42.4375 730.625 -233.0625 29.9375 724.3125 -233.3125 -79.9375 725.0625 -248.0625 460.3125 837.625 -270 46 853.125 -257.25 42.5 846.3125 -246.5 30.0625 841.0625 -246.75 -79.875 841.8125 246.75 -79.875 841.8125 246.5 30.0625 841.0625 257.25 42.5 846.3125 270 46 853.125 248.0625 460.3125 837.625 231.8125 30.0625 863.4375 178.9375 29.9375 876.125 232.0625 -79.8125 864.1875 179.0625 -79.9375 876.875 232.0625 46.0625 -864.1875 340.625 46 -827.9375 232.0625 42.5625 -864.1875 232.0625 30.0625 -864.1875 340.625 -79.875 -827.9375 232.0625 -79.8125 -864.1875 0 889.1875 -689.25 107.8125 889.125 -680.75 213 889.1875 -655.5 242.125 42.5625 868.5 178.125 42.375 883.25 -178.125 42.375 883.25 -141.5 42.25 891.375 126 29.8125 888.8125 126.125 -80.0625 889.5625 340.625 439.5625 -827.9375 340.625 509.375 -827.9375 446.9375 46.0625 -775.125 446.9375 -79.8125 -775.125 547.375 45.75 -713.5 637.0625 45.75 -637.0625 547.375 -80.125 -713.5 637.0625 -79.8125 -637.0625 713.5 45.5 -547.375 713.5 -80.125 -547.375 -107.8125 889.125 -680.75 -242.125 42.5625 868.5 -242.125 42.5625 868.5 141.5 42.25 891.375 242.125 42.5625 868.5 237.375 460.8125 851.25 115.125 462.8125 875.75 0 462.9375 884.875 -115.125 462.8125 875.75 -237.375 460.8125 851.25 -237.375 460.8125 851.25 237.375 460.8125 851.25 115.125 462.8125 875.75 0 462.9375 884.875 -115.125 462.8125 875.75 -237.375 460.8125 851.25 -237.375 460.8125 851.25 242.125 42.5625 868.5 254.4375 46 875.1875 -254.4375 46 875.1875 -242.125 42.5625 868.5 0 -79.8125 1275 117.3125 42.3125 -896.6875 117.3125 29.8125 -890.875 0 42.5625 -905.9375 0 462.9375 -884.875 114.9375 463.5 -875.625 228.5625 465.0625 -851.9375 232.0625 509.375 -864.1875 0 462.9375 -884.875 114.9375 463.5 -875.625 232.0625 439.5625 -864.1875 228.5625 465.0625 -851.9375 117.3125 45.75 -902.5625 117.3125 42.3125 -896.6875 0 42.5625 -905.9375 117.4375 -80.125 -891.625 -713.625 -115 547.3125 -708.5625 -120 552.375 141.5 42.25 891.375 124.3125 42.3125 901.4375 -141.5 42.25 891.375 -124.3125 42.3125 901.4375 -132.75 45.75 902.25 232.0625 509.375 -864.1875 868.5 42.5625 242.125 -183.5625 45.875 891.3125 -183.5625 44.3125 887.1875 -124.3125 42.3125 901.4375 -178.125 42.375 883.25 -242.125 42.5625 868.5 183.5625 45.875 891.3125 183.5625 44.3125 887.1875 178.125 42.375 883.25 242.125 42.5625 868.5 888.1875 465.3125 0 228.5625 465.0625 -851.9375 -141.5 42.25 891.375 141.5 42.25 891.375 132.75 45.75 902.25 124.3125 42.3125 901.4375 900.9375 509.5 0 888.1875 465.3125 0 713.5 -115 547.375 547.3125 -115 713.625 552.375 -120 708.5625 232.0625 439.5625 -864.1875 -547.375 -115 713.5</float_array>
                    <technique_common>
                        <accessor count="1179" source="#pointarray1" stride="3">
                            <param name="X" type="float"/>
                            <param name="Y" type="float"/>
                            <param name="Z" type="float"/>
                        </accessor>
                    </technique_common>
                </source>
                <source id="uvs1">
                    <float_array id="uvarray1" count="2010">6.421875 7.1875 5.830078125 7.185546875 5.830078125 7.0859375 5.236328125 7.1875 5.236328125 7.0859375 4.64453125 7.185546875 4.64453125 7.0859375 4.052734375 7.1875 4.052734375 7.0859375 3.4609375 7.185546875 3.4609375 7.0859375 2.8671875 7.1875 2.8671875 7.0859375 2.275390625 7.185546875 2.275390625 7.0859375 1.68359375 7.1875 1.68359375 7.0859375 1.091796875 7.185546875 1.091796875 7.0859375 0.5 7.1875 0.5 7.0859375 -0.091796875 7.185546875 -0.091796875 7.0859375 -0.68359375 7.1875 -0.68359375 7.0859375 -1.275390625 7.185546875 -1.275390625 7.0859375 -1.8671875 7.1875 -1.8671875 7.0859375 -2.4609375 7.185546875 -2.4609375 7.0859375 -3.052734375 7.1875 -3.052734375 7.0859375 -3.64453125 7.185546875 -3.64453125 7.0859375 -4.236328125 7.1875 -4.236328125 7.0859375 -4.828125 7.185546875 -4.828125 7.0859375 -5.421875 7.1875 -5.421875 7.0859375 -6.013671875 7.185546875 -6.013671875 7.0859375 -6.60546875 7.1875 -6.60546875 7.0859375 -7.197265625 7.185546875 -7.197265625 7.0859375 -7.791015625 7.1875 -7.791015625 7.0859375 -8.3828125 7.185546875 -8.3828125 7.0859375 -8.974609375 7.1875 -8.974609375 7.0859375 -9.56640625 7.185546875 -9.56640625 7.0859375 -10.158203125 7.1875 -10.158203125 7.0859375 -10.751953125 7.185546875 -10.751953125 7.0859375 -11.34375 7.1875 -11.34375 7.0859375 11.16015625 7.3984375 10.56640625 7.578125 10.56640625 7.396484375 9.974609375 7.578125 9.974609375 7.3984375 9.3828125 7.578125 9.3828125 7.396484375 8.791015625 7.578125 8.791015625 7.3984375 8.19921875 7.578125 8.19921875 7.396484375 7.60546875 7.578125 7.60546875 7.3984375 7.013671875 7.578125 7.013671875 7.396484375 6.421875 7.578125 6.421875 7.3984375 5.830078125 7.578125 5.830078125 7.396484375 5.236328125 7.578125 5.236328125 7.3984375 4.64453125 7.578125 4.64453125 7.396484375 4.052734375 7.578125 4.052734375 7.3984375 3.4609375 7.578125 3.4609375 7.396484375 2.8671875 7.578125 2.8671875 7.3984375 2.275390625 7.578125 2.275390625 7.396484375 1.68359375 7.578125 1.68359375 7.3984375 1.091796875 7.578125 1.091796875 7.396484375 0.5 7.578125 0.5 7.3984375 -0.091796875 7.578125 -0.091796875 7.396484375 -0.68359375 7.578125 -0.68359375 7.3984375 -1.275390625 7.578125 -1.275390625 7.396484375 -1.8671875 7.578125 -1.8671875 7.3984375 -2.4609375 7.578125 -2.4609375 7.396484375 -3.052734375 7.578125 -3.052734375 7.3984375 -3.64453125 7.578125 -3.64453125 7.396484375 -4.236328125 7.578125 -4.236328125 7.3984375 -4.828125 7.396484375 3.4609375 7.87109375 4.052734375 7.87109375 4.64453125 7.87109375 5.236328125 7.87109375 5.830078125 7.87109375 6.421875 7.87109375 7.013671875 7.87109375 7.60546875 7.87109375 8.19921875 7.87109375 8.791015625 7.87109375 9.3828125 7.87109375 9.974609375 7.87109375 10.56640625 7.87109375 -3.64453125 7.87109375 -3.052734375 7.87109375 -2.4609375 7.87109375 -1.8671875 7.87109375 -1.275390625 7.87109375 -0.68359375 7.87109375 -0.091796875 7.87109375 0.5 7.87109375 1.091796875 7.87109375 1.68359375 7.87109375 2.275390625 7.87109375 2.8671875 7.87109375 8.791015625 7.1875 8.19921875 7.185546875 7.60546875 7.1875 7.013671875 7.185546875 -2.5703125 -3.58203125 -2.533203125 -3.45703125 -3.140625 -3.58203125 -3.140625 -3.455078125 -3.748046875 -3.45703125 -3.748046875 -3.052734375 -4.357421875 -3.455078125 -4.35546875 -3.05078125 4.7109375 -3.58203125 4.748046875 -3.45703125 4.140625 -3.58203125 4.140625 -3.455078125 3.533203125 -3.45703125 3.533203125 -3.052734375 2.923828125 -3.455078125 2.923828125 -3.05078125 14.552734375 -2.033203125 14.552734375 -1.529296875 13.724609375 -2.02734375 13.724609375 -1.5234375 12.923828125 -2.02734375 12.923828125 -1.5234375 12.078125 -1.5234375 -7.197265625 7.396484375 -6.60546875 7.3984375 -6.013671875 7.396484375 0.048828125 -3.005859375 0.017578125 -2.994140625 -0.017578125 -3.005859375 -0.052734375 -2.994140625 -0.134765625 -3.005859375 -0.17578125 -2.994140625 0.98046875 -2.994140625 0.94921875 -3.005859375 1.052734375 -2.994140625 1.01953125 -3.005859375 1.17578125 -2.994140625 1.134765625 -3.005859375 -0.955078125 -3.052734375 0.09375 -3.052734375 1.099609375 -3.052734375 1.955078125 -3.052734375 0.904296875 -3.052734375 -0.099609375 -3.052734375 -9.56640625 7.396484375 -8.974609375 7.3984375 -8.974609375 7.578125 -8.3828125 7.396484375 -8.3828125 7.578125 -7.791015625 7.578125 -7.791015625 7.3984375 -7.197265625 7.578125 -6.60546875 7.578125 -6.013671875 7.578125 -5.421875 7.578125 -5.421875 7.3984375 -4.828125 7.578125 -8.974609375 7.7890625 -8.3828125 7.7890625 -8.3828125 7.87109375 -7.791015625 7.7890625 -7.791015625 7.87109375 -7.197265625 7.87109375 -9.56640625 7.6953125 -8.974609375 7.6953125 -8.3828125 7.6953125 -10.158203125 7.578125 -9.56640625 7.578125 -7.791015625 7.6953125 -7.197265625 7.6953125 -6.60546875 7.6953125 -6.013671875 7.6953125 8.388671875 -2.994140625 7.78125 -3.005859375 7.78125 -3.05078125 7.1796875 -3.005859375 7.17578125 -3.052734375 6.56640625 -3.05078125 0.5 -3.05078125 0.5 -3.005859375 0.5 -2.9921875 -4.828125 7.6953125 -4.236328125 7.6953125 -3.64453125 7.6953125 -3.052734375 7.6953125 -2.4609375 7.6953125 -1.8671875 7.6953125 -1.275390625 7.6953125 -0.68359375 7.6953125 -0.091796875 7.6953125 0.5 7.6953125 1.091796875 7.6953125 1.68359375 7.6953125 2.275390625 7.6953125 1.95703125 -3.45703125 0.904296875 -3.45703125 -0.099609375 -3.45703125 -0.955078125 -3.45703125 0.09375 -3.45703125 1.1015625 -3.45703125 2.869140625 7.6953125 3.4609375 7.6953125 7.013671875 7.6953125 7.60546875 7.6953125 7.60546875 7.7890625 8.19921875 7.6953125 8.19921875 7.7890625 8.791015625 7.7890625 6.421875 7.7890625 7.013671875 7.7890625 7.78125 -2.9921875 7.18359375 -2.994140625 6.521484375 -3.005859375 -0.15234375 -3.45703125 -0.15234375 -3.052734375 -0.43359375 -3.45703125 -0.43359375 -3.052734375 -0.71484375 -3.455078125 -0.71484375 -3.05078125 4.052734375 7.6953125 4.64453125 7.6953125 5.236328125 7.6953125 5.830078125 7.6953125 6.421875 7.6953125 -7.197265625 7.7890625 -6.60546875 7.7890625 -6.013671875 7.7890625 -5.421875 7.7890625 -5.421875 7.6953125 -4.828125 7.7890625 -4.236328125 7.7890625 -3.64453125 7.7890625 -3.052734375 7.7890625 9.974609375 7.7890625 9.3828125 7.7890625 -2.4609375 7.7890625 -1.8671875 7.7890625 -1.275390625 7.7890625 -0.68359375 7.7890625 11.16015625 7.7890625 10.56640625 7.7890625 10.56640625 7.6953125 9.974609375 7.6953125 9.3828125 7.6953125 8.791015625 7.6953125 -0.091796875 7.7890625 0.5 7.7890625 1.091796875 7.7890625 1.68359375 7.7890625 2.275390625 7.7890625 2.8671875 7.7890625 3.4609375 7.7890625 4.052734375 7.7890625 4.64453125 7.7890625 5.236328125 7.7890625 5.830078125 7.7890625 -6.60546875 7.87109375 -6.013671875 7.87109375 -5.421875 7.87109375 -4.828125 7.87109375 -4.236328125 7.87109375 9.974609375 7.1875 9.3828125 7.185546875 -10.158203125 7.7890625 -9.56640625 7.7890625 -9.56640625 7.87109375 -8.974609375 7.87109375 4.748046875 -3.052734375 5.357421875 -3.455078125 5.357421875 -3.05078125 2.828125 -2.9921875 2.87890625 -3.005859375 3.541015625 -2.994140625 3.537109375 -3.005859375 4.140625 -3.005859375 4.744140625 -3.005859375 4.740234375 -2.994140625 4.140625 -2.9921875 10.419921875 -1.552734375 9.59375 -1.525390625 9.595703125 -1.58203125 8.85546875 -1.525390625 8.87109375 -1.580078125 10.419921875 -2.01171875 9.60546875 -1.9921875 9.603515625 -2.03125 8.650390625 -1.990234375 8.634765625 -2.029296875 4.140625 -3.05078125 5.40234375 -3.005859375 6.56640625 -3.455078125 7.173828125 -3.45703125 7.78125 -3.455078125 -10.423828125 -3.455078125 -9.81640625 -3.45703125 -9.81640625 -3.052734375 -9.20703125 -3.455078125 -9.20703125 -3.05078125 -11.638671875 -3.05078125 -11.638671875 -3.455078125 -11.03125 -3.052734375 -11.03125 -3.45703125 -11.734375 -2.9921875 -11.68359375 -3.005859375 -11.0234375 -2.994140625 -11.02734375 -3.005859375 -10.423828125 -3.005859375 -9.8203125 -3.005859375 -9.82421875 -2.994140625 -10.423828125 -2.9921875 -10.423828125 -3.05078125 -9.162109375 -3.005859375 -6.78125 -3.095703125 -6.173828125 -3.095703125 -6.173828125 -3.052734375 -5.87109375 -3.095703125 -5.56640625 -3.05078125 -8.09375 -2.9921875 -8.04296875 -3.005859375 -7.380859375 -2.994140625 -7.384765625 -3.005859375 -6.78125 -3.005859375 -6.177734375 -3.005859375 -6.181640625 -2.994140625 -6.78125 -2.9921875 -6.78125 -3.05078125 -5.521484375 -3.005859375 -7.998046875 -3.05078125 -7.388671875 -3.052734375 -2.533203125 -3.052734375 -1.923828125 -3.455078125 -1.923828125 -3.05078125 -4.451171875 -2.9921875 -4.400390625 -3.005859375 -3.740234375 -2.994140625 -3.744140625 -3.005859375 -3.140625 -3.005859375 -2.537109375 -3.005859375 -2.541015625 -2.994140625 -3.140625 -2.9921875 -3.140625 -3.05078125 -1.87890625 -3.005859375 12.078125 -2.02734375 11.24609375 -1.5546875 11.24609375 -2.013671875 -10.751953125 7.578125 -10.751953125 7.396484375 -10.158203125 7.3984375 -11.34375 7.87109375 -11.34375 7.7890625 -10.751953125 7.87109375 -10.751953125 7.7890625 11.751953125 7.578125 11.751953125 7.6953125 11.16015625 7.578125 11.16015625 7.6953125 7.60546875 7.0859375 7.013671875 7.0859375 -10.751953125 7.6953125 -10.158203125 7.6953125 -11.34375 7.6953125 -11.34375 7.578125 11.751953125 7.7890625 11.751953125 7.87109375 11.16015625 7.87109375 -11.34375 7.3984375 11.751953125 7.396484375 12.34375 7.6953125 12.34375 7.7890625 11.751953125 7.185546875 11.16015625 7.1875 10.20703125 -3.455078125 10.20703125 -2.9921875 9.619140625 -3.455078125 9.619140625 -2.9921875 8.998046875 -2.9921875 8.998046875 -3.455078125 8.388671875 -3.45703125 -7.693359375 -3.095703125 -7.388671875 -3.095703125 12.34375 7.1875 12.34375 7.0859375 11.751953125 7.0859375 11.16015625 7.0859375 10.56640625 7.185546875 10.56640625 7.0859375 9.974609375 7.0859375 9.3828125 7.0859375 8.791015625 7.0859375 8.19921875 7.0859375 6.421875 7.0859375 -10.158203125 7.87109375 12.34375 7.578125 12.34375 7.3984375 -5.564453125 -3.455078125 -5.87109375 -3.45703125 -1.408203125 -1.525390625 -2.55078125 -1.525390625 -1.380859375 -1.576171875 -2.576171875 -1.576171875 -2.3125 -2.029296875 -1.64453125 -2.029296875 -2.33984375 -1.990234375 -1.6171875 -1.990234375 -2.376953125 -2.029296875 -2.435546875 -1.9921875 -2.609375 -1.525390625 -2.66015625 -1.57421875 -6.30859375 -1.525390625 -6.369140625 -1.525390625 -6.2578125 -1.57421875 -6.341796875 -1.576171875 -6.60546875 -2.029296875 -6.541015625 -2.029296875 -6.578125 -1.990234375 -6.482421875 -1.9921875 -6.16015625 -1.525390625 -6.119140625 -1.57421875 -6.39453125 -2.029296875 -6.34765625 -1.990234375 -2.5234375 -2.029296875 -2.5703125 -1.990234375 -2.7578125 -1.525390625 -2.80078125 -1.57421875 -2.89453125 -1.525390625 -2.91015625 -1.580078125 -3.6328125 -1.525390625 -3.634765625 -1.58203125 -4.458984375 -1.525390625 -4.458984375 -1.58203125 -5.28515625 -1.525390625 -5.28515625 -1.58203125 -6.025390625 -1.525390625 -6.0078125 -1.580078125 -2.673828125 -2.029296875 -2.689453125 -1.990234375 -3.64453125 -1.990234375 -3.642578125 -2.03125 -4.458984375 -1.990234375 -4.458984375 -2.029296875 -5.275390625 -1.990234375 -5.275390625 -2.03125 -6.24609375 -2.029296875 -6.23046875 -1.990234375 -7.51171875 -1.525390625 -7.537109375 -1.576171875 -7.2734375 -2.029296875 -7.30078125 -1.990234375 -7.337890625 -2.029296875 -7.396484375 -1.9921875 -7.5703125 -1.525390625 -7.62109375 -1.57421875 -11.26953125 -1.525390625 -11.328125 -1.525390625 -11.21875 -1.57421875 -11.302734375 -1.576171875 -11.56640625 -2.029296875 -11.501953125 -2.029296875 -11.5390625 -1.990234375 -11.443359375 -1.9921875 -11.12109375 -1.525390625 -11.078125 -1.57421875 -11.35546875 -2.029296875 -11.30859375 -1.990234375 -7.484375 -2.029296875 -7.53125 -1.990234375 -7.71875 -1.525390625 -7.76171875 -1.57421875 -7.853515625 -1.525390625 -7.87109375 -1.580078125 -8.59375 -1.525390625 -8.59375 -1.58203125 -9.419921875 -1.525390625 -9.419921875 -1.58203125 -10.24609375 -1.525390625 -10.24609375 -1.58203125 -10.986328125 -1.525390625 -10.96875 -1.580078125 -7.634765625 -2.029296875 -7.650390625 -1.990234375 -8.60546875 -1.990234375 -8.603515625 -2.03125 -9.419921875 -1.990234375 -9.419921875 -2.029296875 -10.234375 -1.990234375 -10.236328125 -2.03125 -11.205078125 -2.029296875 -11.189453125 -1.990234375 -12.470703125 -1.525390625 -12.498046875 -1.576171875 -12.234375 -2.029296875 -12.26171875 -1.990234375 -12.298828125 -2.029296875 -12.357421875 -1.9921875 -12.53125 -1.525390625 -12.58203125 -1.57421875 -16.23046875 -1.525390625 -16.2890625 -1.525390625 -16.1796875 -1.57421875 -16.263671875 -1.576171875 -16.52734375 -2.029296875 -16.462890625 -2.029296875 -16.5 -1.990234375 -16.404296875 -1.9921875 -16.08203125 -1.525390625 -16.0390625 -1.57421875 -16.31640625 -2.029296875 -16.26953125 -1.990234375 -12.4453125 -2.029296875 -12.4921875 -1.990234375 -12.6796875 -1.525390625 -12.720703125 -1.57421875 -12.814453125 -1.525390625 -12.83203125 -1.580078125 -13.5546875 -1.525390625 -13.5546875 -1.58203125 -14.380859375 -1.525390625 -14.380859375 -1.58203125 -15.20703125 -1.525390625 -15.205078125 -1.58203125 -15.9453125 -1.525390625 -15.9296875 -1.580078125 -12.59375 -2.029296875 -12.609375 -1.990234375 -13.56640625 -1.990234375 -13.564453125 -2.03125 -14.380859375 -1.990234375 -14.380859375 -2.029296875 -15.1953125 -1.990234375 -15.197265625 -2.03125 -16.166015625 -2.029296875 -16.150390625 -1.990234375 -17.431640625 -1.525390625 -17.458984375 -1.576171875 -17.1953125 -2.029296875 -17.22265625 -1.990234375 -17.259765625 -2.029296875 -17.318359375 -1.9921875 -17.4921875 -1.525390625 -17.54296875 -1.57421875 -17.40625 -2.029296875 -17.453125 -1.990234375 -17.640625 -1.525390625 -17.681640625 -1.57421875 -17.775390625 -1.525390625 -17.79296875 -1.580078125 -18.513671875 -1.525390625 -18.515625 -1.58203125 -19.341796875 -1.525390625 -19.341796875 -1.58203125 -17.5546875 -2.029296875 -17.5703125 -1.990234375 -18.525390625 -2.03125 -18.525390625 -1.990234375 -19.341796875 -2.029296875 -19.341796875 -1.990234375 8.5703125 -1.525390625 8.51171875 -1.525390625 8.62109375 -1.57421875 8.537109375 -1.576171875 8.2734375 -2.029296875 8.337890625 -2.029296875 8.30078125 -1.990234375 8.396484375 -1.9921875 8.71875 -1.525390625 8.76171875 -1.57421875 8.484375 -2.029296875 8.53125 -1.990234375 7.369140625 -1.525390625 7.341796875 -1.576171875 7.60546875 -2.029296875 7.578125 -1.990234375 7.541015625 -2.029296875 7.482421875 -1.9921875 7.30859375 -1.525390625 7.2578125 -1.57421875 3.611328125 -1.525390625 3.55078125 -1.525390625 3.662109375 -1.57421875 3.576171875 -1.576171875 3.3125 -2.029296875 3.376953125 -2.029296875 3.33984375 -1.990234375 3.435546875 -1.9921875 3.7578125 -1.525390625 3.80078125 -1.57421875 3.525390625 -2.029296875 3.5703125 -1.990234375 7.39453125 -2.029296875 7.34765625 -1.990234375 7.16015625 -1.525390625 7.119140625 -1.57421875 7.025390625 -1.525390625 7.0078125 -1.580078125 6.287109375 -1.525390625 6.28515625 -1.58203125 5.458984375 -1.525390625 5.458984375 -1.58203125 4.6328125 -1.525390625 4.634765625 -1.58203125 3.89453125 -1.525390625 3.91015625 -1.580078125 7.24609375 -2.029296875 7.23046875 -1.990234375 6.275390625 -1.990234375 6.275390625 -2.03125 5.458984375 -1.990234375 5.458984375 -2.029296875 4.64453125 -1.990234375 4.64453125 -2.03125 3.673828125 -2.029296875 3.689453125 -1.990234375 2.408203125 -1.525390625 2.3828125 -1.576171875 2.646484375 -2.029296875 2.619140625 -1.990234375 2.58203125 -2.029296875 2.5234375 -1.9921875 2.34765625 -1.525390625 2.296875 -1.57421875 -1.34765625 -1.525390625 -1.296875 -1.57421875 -1.580078125 -2.029296875 -1.521484375 -1.9921875 -1.19921875 -1.525390625 -1.158203125 -1.57421875 -1.43359375 -2.029296875 -1.38671875 -1.990234375 2.43359375 -2.029296875 2.388671875 -1.990234375 2.201171875 -1.525390625 2.158203125 -1.57421875 16.208984375 -2.03125 17.037109375 -2.029296875 16.208984375 -1.525390625 17.037109375 -1.525390625 15.380859375 -1.52734375 15.380859375 -2.03125 2.064453125 -1.525390625 2.048828125 -1.580078125 1.326171875 -1.525390625 1.32421875 -1.58203125 0.5 -1.525390625 0.5 -1.58203125 -0.326171875 -1.525390625 -0.32421875 -1.58203125 -1.064453125 -1.525390625 -1.046875 -1.580078125 2.28515625 -2.029296875 2.26953125 -1.990234375 1.314453125 -1.990234375 1.314453125 -2.03125 0.5 -1.990234375 0.5 -2.029296875 -0.314453125 -1.990234375 -0.314453125 -2.03125 -1.28515625 -2.029296875 -1.26953125 -1.990234375 20.341796875 -1.525390625 19.515625 -1.525390625 20.341796875 -1.58203125 19.515625 -1.58203125 19.525390625 -2.03125 20.341796875 -2.029296875 19.52734375 -1.9921875 20.341796875 -1.990234375 -1.029296875 -3.005859375 -1.609375 -3.005859375 -0.990234375 -3.052734375 -1.650390625 -3.052734375 -1.55859375 -1.875 -2.400390625 -1.875 -1.07421875 -2.994140625 -1.564453125 -2.994140625 -0.990234375 -3.45703125 -1.650390625 -3.45703125 -1.697265625 -3.45703125 -1.697265625 -3.052734375 -1.658203125 -3.005859375 -1.611328125 -2.994140625 -2.5078125 -1.87890625 -6.41015625 -1.87890625 -6.51953125 -1.875 -4.71484375 -2.994140625 -4.669921875 -3.005859375 -4.66796875 -2.994140625 -4.623046875 -3.005859375 -4.630859375 -3.052734375 -4.583984375 -3.052734375 -4.630859375 -3.45703125 -4.583984375 -3.45703125 -6.27734375 -1.87890625 -4.5625 -2.9921875 -4.5078125 -3.005859375 -4.462890625 -3.05078125 -9.099609375 -0.45703125 -9.099609375 -0.044921875 -9.96875 -0.45703125 -9.96875 -0.044921875 -1.771484375 -3.005859375 -1.818359375 -3.05078125 -1.71875 -2.9921875 -2.640625 -1.87890625 -2.7421875 -1.876953125 -3.6328125 -1.861328125 -4.458984375 -1.861328125 -5.28515625 -1.861328125 -6.177734375 -1.876953125 -1.828125 -2.9921875 -4.462890625 -3.455078125 -1.818359375 -3.455078125 -5.251953125 -3.005859375 -5.291015625 -3.052734375 -7.361328125 -1.875 -5.20703125 -2.994140625 -5.291015625 -3.45703125 -5.337890625 -3.45703125 -5.337890625 -3.052734375 -5.298828125 -3.005859375 -5.25390625 -2.994140625 -7.46875 -1.87890625 -11.37109375 -1.87890625 -11.478515625 -1.875 -8.357421875 -2.994140625 -8.3125 -3.005859375 -8.310546875 -2.994140625 -8.263671875 -3.005859375 -8.271484375 -3.052734375 -8.224609375 -3.052734375 -8.271484375 -3.45703125 -8.224609375 -3.45703125 -11.23828125 -1.87890625 -8.203125 -2.9921875 -8.150390625 -3.005859375 -8.103515625 -3.05078125 -5.4140625 -3.005859375 -5.458984375 -3.05078125 -5.361328125 -2.9921875 -7.6015625 -1.87890625 -7.703125 -1.876953125 -8.59375 -1.861328125 -9.419921875 -1.861328125 -10.24609375 -1.861328125 -11.13671875 -1.876953125 -5.470703125 -2.9921875 -8.103515625 -3.455078125 -7.998046875 -3.455078125 -5.458984375 -3.455078125 -7.693359375 -3.45703125 -8.892578125 -3.005859375 -8.93359375 -3.052734375 -12.3203125 -1.875 -8.84765625 -2.994140625 -8.93359375 -3.45703125 -8.98046875 -3.45703125 -8.98046875 -3.052734375 -8.939453125 -3.005859375 -8.89453125 -2.994140625 -12.4296875 -1.87890625 -16.33203125 -1.87890625 -16.439453125 -1.875 -11.998046875 -2.994140625 -11.953125 -3.005859375 -11.951171875 -2.994140625 -11.90625 -3.005859375 -11.9140625 -3.052734375 -11.8671875 -3.052734375 -11.9140625 -3.45703125 -11.8671875 -3.45703125 -16.19921875 -1.87890625 -11.84375 -2.9921875 -11.791015625 -3.005859375 -11.74609375 -3.05078125 -9.0546875 -3.005859375 -9.1015625 -3.05078125 -9.001953125 -2.9921875 -12.5625 -1.87890625 -6.951171875 -0.86328125 -6.951171875 -0.560546875 -5.896484375 -0.86328125 -5.896484375 -0.560546875 -12.662109375 -1.876953125 -13.5546875 -1.861328125 -14.380859375 -1.861328125 -15.20703125 -1.861328125 -16.09765625 -1.876953125 -9.111328125 -2.9921875 -11.74609375 -3.455078125 -9.1015625 -3.455078125 -12.53515625 -3.005859375 -12.57421875 -3.052734375 -17.28125 -1.875 -12.48828125 -2.994140625 -12.57421875 -3.45703125 -12.62109375 -3.45703125 -12.62109375 -3.052734375 -12.58203125 -3.005859375 -12.537109375 -2.994140625 -17.390625 -1.87890625 -12.6953125 -3.005859375 -12.7421875 -3.05078125 -12.642578125 -2.9921875 -17.521484375 -1.87890625 -14.064453125 -3.005859375 -14.064453125 -3.05078125 -13.4609375 -3.005859375 -13.45703125 -3.052734375 -12.8046875 -3.005859375 -12.84765625 -3.05078125 -17.623046875 -1.876953125 -18.515625 -1.861328125 -19.341796875 -1.861328125 -12.751953125 -2.9921875 -12.7421875 -3.455078125 -12.84765625 -3.455078125 -14.064453125 -2.9921875 -13.46484375 -2.994140625 -14.064453125 -3.455078125 -13.45703125 -3.45703125 8.46875 -1.87890625 8.361328125 -1.875 6.20703125 -2.994140625 6.251953125 -3.005859375 6.25390625 -2.994140625 6.298828125 -3.005859375 6.291015625 -3.052734375 6.337890625 -3.052734375 6.291015625 -3.45703125 6.337890625 -3.45703125 8.6015625 -1.87890625 6.361328125 -2.9921875 6.4140625 -3.005859375 6.4609375 -3.05078125 10.419921875 -1.84375 9.595703125 -1.857421875 8.703125 -1.876953125 6.470703125 -2.9921875 6.458984375 -3.455078125 5.669921875 -3.005859375 5.630859375 -3.052734375 7.51953125 -1.875 5.716796875 -2.994140625 5.630859375 -3.45703125 5.583984375 -3.45703125 5.583984375 -3.052734375 5.623046875 -3.005859375 5.669921875 -2.994140625 7.41015625 -1.87890625 3.509765625 -1.87890625 3.400390625 -1.875 2.564453125 -2.994140625 2.611328125 -3.005859375 2.61328125 -2.994140625 2.658203125 -3.005859375 2.650390625 -3.052734375 2.697265625 -3.052734375 2.650390625 -3.45703125 2.697265625 -3.45703125 3.640625 -1.87890625 2.71875 -2.9921875 2.771484375 -3.005859375 2.818359375 -3.05078125 5.509765625 -3.005859375 5.462890625 -3.05078125 5.5625 -2.9921875 7.279296875 -1.87890625 7.177734375 -1.876953125 6.28515625 -1.861328125 5.458984375 -1.861328125 4.634765625 -1.861328125 3.7421875 -1.876953125 5.453125 -2.9921875 2.818359375 -3.455078125 5.462890625 -3.455078125 2.029296875 -3.005859375 1.990234375 -3.052734375 2.55859375 -1.875 2.07421875 -2.994140625 1.990234375 -3.45703125 1.943359375 -3.45703125 1.943359375 -3.052734375 1.982421875 -3.005859375 2.02734375 -2.994140625 2.44921875 -1.87890625 -1.44921875 -1.87890625 -1.02734375 -2.994140625 -0.982421875 -3.005859375 -0.94140625 -3.052734375 -0.94140625 -3.45703125 -1.318359375 -1.87890625 -0.919921875 -2.9921875 -0.8671875 -3.005859375 -0.8203125 -3.05078125 -9.302734375 -0.044921875 -9.302734375 -0.45703125 1.8671875 -3.005859375 1.8203125 -3.05078125 1.919921875 -2.9921875 2.318359375 -1.87890625 1.71484375 -3.05078125 1.43359375 -3.052734375 1.71484375 -3.455078125 1.43359375 -3.45703125 13.849609375 -2.9921875 13.255859375 -2.9921875 13.849609375 -3.005859375 13.849609375 -3.05078125 13.255859375 -3.455078125 13.849609375 -3.455078125 12.34375 7.87109375 1.759765625 -3.005859375 1.421875 -3.005859375 -0.421875 -3.005859375 -0.228515625 -3.005859375 1.15234375 -3.052734375 1.15234375 -3.45703125 17.876953125 -2.013671875 17.876953125 -1.5546875 12.640625 -2.9921875 12.640625 -3.455078125 12.03125 -2.994140625 11.423828125 -2.994140625 12.03125 -3.45703125 11.423828125 -3.455078125 10.81640625 -2.994140625 10.81640625 -3.45703125 -0.759765625 -3.005859375 1.228515625 -3.005859375 2.216796875 -1.876953125 1.32421875 -1.861328125 0.5 -1.861328125 -0.32421875 -1.861328125 -1.216796875 -1.876953125 1.810546875 -2.9921875 -0.810546875 -2.9921875 -0.8203125 -3.455078125 1.822265625 -3.455078125 0.5 -3.455078125 14.4609375 -3.005859375 14.45703125 -3.052734375 15.064453125 -3.005859375 15.064453125 -3.05078125 20.341796875 -1.861328125 19.517578125 -1.857421875 18.685546875 -1.845703125 18.68359375 -1.5546875 18.685546875 -2.01171875 14.46484375 -2.994140625 15.064453125 -2.9921875 14.45703125 -3.45703125 15.064453125 -3.455078125 -3.748046875 -3.556640625 -3.7109375 -3.58203125 -0.44140625 -2.994140625 -0.4453125 -3 1.44140625 -2.994140625 1.4453125 -3 4.748046875 -3.556640625 3.533203125 -3.556640625 3.5703125 -3.58203125 -2.533203125 -3.556640625</float_array>
                    <technique_common>
                        <accessor count="1005" source="#uvarray1" stride="2">
                            <param name="S" type="float"/>
                            <param name="T" type="float"/>
                        </accessor>
                    </technique_common>
                </source>
                <source id="colors1">
                    <float_array id="colorarray1" count="760">0.8431372549019608 0.8352941176470589 0.803921568627451 1 0.6 0.6 0.6 1 0.803921568627451 0.796078431372549 0.7686274509803922 1 0.8392156862745098 0.8313725490196079 0.796078431372549 1 0.796078431372549 0.792156862745098 0.7607843137254902 1 0.8 0.796078431372549 0.7647058823529411 1 0.8352941176470589 0.8313725490196079 0.796078431372549 1 0.8392156862745098 0.8313725490196079 0.8 1 0.8352941176470589 0.8274509803921568 0.796078431372549 1 0.796078431372549 0.792156862745098 0.7647058823529411 1 0.8 0.792156862745098 0.7647058823529411 1 0.8 0.796078431372549 0.7686274509803922 1 0.8431372549019608 0.8352941176470589 0.8 1 0.8470588235294118 0.8392156862745098 0.803921568627451 1 0.8313725490196079 0.8196078431372549 0.7843137254901961 1 0.8313725490196079 0.8235294117647058 0.788235294117647 1 0.8352941176470589 0.8235294117647058 0.788235294117647 1 0.8549019607843137 0.8470588235294118 0.8117647058823529 1 0.8509803921568627 0.8431372549019608 0.8117647058823529 1 0.8549019607843137 0.8470588235294118 0.8156862745098039 1 0.8509803921568627 0.8470588235294118 0.8117647058823529 1 0.8509803921568627 0.8431372549019608 0.807843137254902 1 1 1 1 1 0.8470588235294118 0.8392156862745098 0.807843137254902 1 0.8 0.8 0.8 1 0.7529411764705882 0.7529411764705882 0.7529411764705882 1 0.7686274509803922 0.7647058823529411 0.7411764705882353 1 0.7647058823529411 0.7607843137254902 0.7411764705882353 1 0.6666666666666666 0.6588235294117647 0.6235294117647059 1 0.6705882352941176 0.6627450980392157 0.6274509803921569 1 0.6941176470588235 0.6862745098039216 0.6509803921568628 1 0.6980392156862745 0.6862745098039216 0.6549019607843137 1 0 0 0 1 0.45098039215686275 0.44313725490196076 0.4196078431372549 1 0.44313725490196076 0.4392156862745098 0.41568627450980394 1 0.5215686274509804 0.5137254901960784 0.47843137254901963 1 0.3333333333333333 0.32941176470588235 0.3137254901960784 1 0.3137254901960784 0.30980392156862746 0.29411764705882354 1 0.5215686274509804 0.5098039215686274 0.4745098039215686 1 0.6784313725490196 0.6745098039215687 0.6588235294117647 1 0.5803921568627451 0.5725490196078431 0.5372549019607843 1 1 1 0.9725490196078431 1 0.803921568627451 0.8 0.7764705882352941 1 1 0.996078431372549 0.9647058823529412 1 0.7803921568627451 0.7725490196078432 0.7372549019607844 1 0.7529411764705882 0.7450980392156863 0.7098039215686275 1 0.8156862745098039 0.807843137254902 0.7686274509803922 1 0.9019607843137255 0.9019607843137255 0.8980392156862745 1 0.7450980392156863 0.7333333333333333 0.7019607843137254 1 0.7686274509803922 0.7607843137254902 0.7254901960784313 1 0.8156862745098039 0.803921568627451 0.7686274509803922 1 0.8156862745098039 0.807843137254902 0.7725490196078432 1 0.4392156862745098 0.43529411764705883 0.41568627450980394 1 0.6352941176470588 0.6274509803921569 0.596078431372549 1 0.4117647058823529 0.40784313725490196 0.38823529411764707 1 0.6313725490196078 0.6235294117647059 0.5882352941176471 1 0.8980392156862745 0.8980392156862745 0.8980392156862745 1 0.6588235294117647 0.6509803921568628 0.611764705882353 1 0.6235294117647059 0.611764705882353 0.5764705882352941 1 0.7294117647058823 0.7215686274509804 0.6862745098039216 1 0.7333333333333333 0.7254901960784313 0.6901960784313725 1 0.7529411764705882 0.7450980392156863 0.7058823529411765 1 0.7568627450980392 0.7490196078431373 0.7098039215686275 1 0.7764705882352941 0.7686274509803922 0.7372549019607844 1 0.8274509803921568 0.8196078431372549 0.7843137254901961 1 0.6627450980392157 0.6549019607843137 0.6196078431372549 1 0.6470588235294118 0.6392156862745098 0.6 1 0.6352941176470588 0.6274509803921569 0.592156862745098 1 0.6666666666666666 0.6549019607843137 0.6196078431372549 1 0.6078431372549019 0.6 0.5647058823529412 1 0.6666666666666666 0.6588235294117647 0.6274509803921569 1 0.611764705882353 0.6039215686274509 0.5686274509803921 1 0.9058823529411765 0.8980392156862745 0.8666666666666667 1 0.9254901960784314 0.9176470588235294 0.8823529411764706 1 0.8862745098039215 0.8784313725490196 0.8431372549019608 1 0.9176470588235294 0.9098039215686274 0.8784313725490196 1 0.8784313725490196 0.8705882352941177 0.8392156862745098 1 0.7647058823529411 0.7568627450980392 0.7215686274509804 1 0.7607843137254902 0.7529411764705882 0.7176470588235294 1 0.7490196078431373 0.7411764705882353 0.7098039215686275 1 0.615686274509804 0.6078431372549019 0.5725490196078431 1 0.7490196078431373 0.7411764705882353 0.7019607843137254 1 0.7529411764705882 0.7411764705882353 0.7058823529411765 1 0.7058823529411765 0.6980392156862745 0.6627450980392157 1 0.6588235294117647 0.6470588235294118 0.615686274509804 1 0.8352941176470589 0.8235294117647058 0.792156862745098 1 0.7725490196078432 0.7647058823529411 0.7294117647058823 1 0.807843137254902 0.8 0.7764705882352941 1 0.8352941176470589 0.8274509803921568 0.792156862745098 1 0.803921568627451 0.796078431372549 0.7725490196078432 1 0.7450980392156863 0.7411764705882353 0.7215686274509804 1 0.9803921568627451 0.9725490196078431 0.9411764705882353 1 1 0.9921568627450981 0.9607843137254902 1 0.2549019607843137 0.24705882352941178 0.21176470588235294 1 0.5882352941176471 0.5803921568627451 0.5450980392156862 1 0.23921568627450981 0.23137254901960785 0.19607843137254902 1 0.4666666666666667 0.4588235294117647 0.42745098039215684 1 0.23921568627450981 0.23137254901960785 0.2 1 0.37254901960784315 0.36470588235294116 0.32941176470588235 1 0.6039215686274509 0.596078431372549 0.5607843137254902 1 0.38823529411764707 0.3803921568627451 0.34901960784313724 1 0.7215686274509804 0.7137254901960784 0.6823529411764706 1 0.39215686274509803 0.3843137254901961 0.34901960784313724 1 0.7254901960784313 0.7176470588235294 0.6823529411764706 1 0.611764705882353 0.6039215686274509 0.5725490196078431 1 0.6705882352941176 0.6627450980392157 0.6313725490196078 1 0.6078431372549019 0.596078431372549 0.5607843137254902 1 0.9254901960784314 0.9176470588235294 0.8862745098039215 1 0.9294117647058824 0.9215686274509803 0.8862745098039215 1 0.8862745098039215 0.8784313725490196 0.8470588235294118 1 0.8901960784313725 0.8823529411764706 0.8509803921568627 1 0.8901960784313725 0.8823529411764706 0.8470588235294118 1 0.38823529411764707 0.3803921568627451 0.34509803921568627 1 0.7215686274509804 0.7137254901960784 0.6784313725490196 1 0.3686274509803922 0.3607843137254902 0.32941176470588235 1 0.6039215686274509 0.592156862745098 0.5607843137254902 1 0.6078431372549019 0.6 0.5686274509803921 1 0.6588235294117647 0.6509803921568628 0.615686274509804 1 0.6666666666666666 0.6549019607843137 0.6235294117647059 1 0.6078431372549019 0.6039215686274509 0.5686274509803921 1 0.9137254901960784 0.9098039215686274 0.8745098039215686 1 0.9215686274509803 0.9137254901960784 0.8823529411764706 1 0.8823529411764706 0.8745098039215686 0.8431372549019608 1 0.9215686274509803 0.9137254901960784 0.8784313725490196 1 0.9137254901960784 0.9058823529411765 0.8745098039215686 1 0.8901960784313725 0.8784313725490196 0.8470588235294118 1 0.7843137254901961 0.7764705882352941 0.7411764705882353 1 0.6274509803921569 0.6196078431372549 0.5843137254901961 1 0.30980392156862746 0.30196078431372547 0.2627450980392157 1 0.33725490196078434 0.32941176470588235 0.29411764705882354 1 0.4823529411764706 0.4745098039215686 0.44313725490196076 1 0.3137254901960784 0.30196078431372547 0.26666666666666666 1 0.788235294117647 0.7764705882352941 0.7411764705882353 1 0.615686274509804 0.6078431372549019 0.5764705882352941 1 0.47843137254901963 0.47058823529411764 0.43529411764705883 1 0.44313725490196076 0.43529411764705883 0.4 1 0.8705882352941177 0.8627450980392157 0.8274509803921568 1 0.6470588235294118 0.6392156862745098 0.6078431372549019 1 0.6431372549019608 0.6352941176470588 0.6039215686274509 1 0.4392156862745098 0.43137254901960786 0.396078431372549 1 0.4745098039215686 0.4666666666666667 0.43137254901960786 1 0.6745098039215687 0.6666666666666666 0.6313725490196078 1 0.7764705882352941 0.7686274509803922 0.7333333333333333 1 0.796078431372549 0.788235294117647 0.7568627450980392 1 0.792156862745098 0.7803921568627451 0.7450980392156863 1 0.796078431372549 0.788235294117647 0.7529411764705882 1 0.792156862745098 0.7843137254901961 0.7529411764705882 1 0.803921568627451 0.796078431372549 0.7647058823529411 1 0.807843137254902 0.8 0.7686274509803922 1 0.5686274509803921 0.5607843137254902 0.5254901960784314 1 0.5725490196078431 0.5647058823529412 0.5294117647058824 1 0.6392156862745098 0.6313725490196078 0.592156862745098 1 0.8 0.792156862745098 0.7568627450980392 1 0.6823529411764706 0.6745098039215687 0.6392156862745098 1 0.6431372549019608 0.6392156862745098 0.6078431372549019 1 0.6627450980392157 0.6549019607843137 0.615686274509804 1 0.6431372549019608 0.6313725490196078 0.596078431372549 1 0.6470588235294118 0.6392156862745098 0.6039215686274509 1 0.788235294117647 0.7803921568627451 0.7411764705882353 1 0.6274509803921569 0.6196078431372549 0.5803921568627451 1 0.6235294117647059 0.615686274509804 0.5803921568627451 1 0.4745098039215686 0.4666666666666667 0.43529411764705883 1 0.8666666666666667 0.8588235294117647 0.8274509803921568 1 0.8666666666666667 0.8588235294117647 0.8235294117647058 1 0.4392156862745098 0.43137254901960786 0.39215686274509803 1 0.7254901960784313 0.7176470588235294 0.6862745098039216 1 0.7411764705882353 0.7333333333333333 0.6980392156862745 1 0.7019607843137254 0.6941176470588235 0.6588235294117647 1 0.7568627450980392 0.7490196078431373 0.7176470588235294 1 0.7568627450980392 0.7490196078431373 0.7137254901960784 1 0.792156862745098 0.7843137254901961 0.7490196078431373 1 0.6901960784313725 0.6823529411764706 0.6470588235294118 1 0.7529411764705882 0.7450980392156863 0.7137254901960784 1 0.7843137254901961 0.7764705882352941 0.7450980392156863 1 0.788235294117647 0.7803921568627451 0.7450980392156863 1 0.792156862745098 0.7843137254901961 0.7568627450980392 1 0.5647058823529412 0.5568627450980392 0.5215686274509804 1 0.9137254901960784 0.9058823529411765 0.8705882352941177 1 0.6627450980392157 0.6509803921568628 0.615686274509804 1 0.5843137254901961 0.5843137254901961 0.5843137254901961 1 0.615686274509804 0.615686274509804 0.615686274509804 1 0.7058823529411765 0.6941176470588235 0.6627450980392157 1 0.7019607843137254 0.6941176470588235 0.6627450980392157 1 0.6392156862745098 0.6313725490196078 0.596078431372549 1 0.6 0.592156862745098 0.5568627450980392 1 0.6784313725490196 0.6705882352941176 0.6313725490196078 1 0.6 0.596078431372549 0.5607843137254902 1 0.803921568627451 0.796078431372549 0.7607843137254902 1 0.6588235294117647 0.6470588235294118 0.611764705882353 1 0.8941176470588236 0.8862745098039215 0.8509803921568627 1</float_array>
                    <technique_common>
                        <accessor count="190" source="#colorarray1" stride="4">
                            <param name="R" type="float"/>
                            <param name="G" type="float"/>
                            <param name="B" type="float"/>
                            <param name="A" type="float"/>
                        </accessor>
                    </technique_common>
                </source>
                <vertices id="vertices1">
                    <input semantic="POSITION" source="#points1"/>
                </vertices>
                <polylist count="1614" material="Material1">
                    <input offset="0" semantic="VERTEX" source="#vertices1"/>
                    <input offset="1" semantic="TEXCOORD" source="#uvs1" set="0"/>
                    <input offset="2" semantic="COLOR" source="#colors1" set="0"/>
                    <vcount>3 3 3 3 3 3 3 3 3 3 3 3 3 3 3 3 3 3 3 3 3 3 3 3 3 3 3 3 3 3 3 3 3 3 3 3 3 3 3 3 3 3 3 3 3 3 3 3 3 3 3 3 3 3 3 3 3 3 3 3 3 3 3 3 3 3 3 3 3 3 3 3 3 3 3 3 3 3 3 3 3 3 3 3 3 3 3 3 3 3 3 3 3 3 3 3 3 3 3 3 3 3 3 3 3 3 3 3 3 3 3 3 3 3 3 3 3 3 3 3 3 3 3 3 3 3 3 3 3 3 3 3 3 3 3 3 3 3 3 3 3 3 3 3 3 3 3 3 3 3 3 3 3 3 3 3 3 3 3 3 3 3 3 3 3 3 3 3 3 3 3 3 3 3 3 3 3 3 3 3 3 3 3 3 3 3 3 3 3 3 3 3 3 3 3 3 3 3 3 3 3 3 3 3 3 3 3 3 3 3 3 3 3 3 3 3 3 3 3 3 3 3 3 3 3 3 3 3 3 3 3 3 3 3 3 3 3 3 3 3 3 3 3 3 3 3 3 3 3 3 3 3 3 3 3 3 3 3 3 3 3 3 3 3 3 3 3 3 3 3 3 3 3 3 3 3 3 3 3 3 3 3 3 3 3 3 3 3 3 3 3 3 3 3 3 3 3 3 3 3 3 3 3 3 3 3 3 3 3 3 3 3 3 3 3 3 3 3 3 3 3 3 3 3 3 3 3 3 3 3 3 3 3 3 3 3 3 3 3 3 3 3 3 3 3 3 3 3 3 3 3 3 3 3 3 3 3 3 3 3 3 3 3 3 3 3 3 3 3 3 3 3 3 3 3 3 3 3 3 3 3 3 3 3 3 3 3 3 3 3 3 3 3 3 3 3 3 3 3 3 3 3 3 3 3 3 3 3 3 3 3 3 3 3 3 3 3 3 3 3 3 3 3 3 3 3 3 3 3 3 3 3 3 3 3 3 3 3 3 3 3 3 3 3 3 3 3 3 3 3 3 3 3 3 3 3 3 3 3 3 3 3 3 3 3 3 3 3 3 3 3 3 3 3 3 3 3 3 3 3 3 3 3 3 3 3 3 3 3 3 3 3 3 3 3 3 3 3 3 3 3 3 3 3 3 3 3 3 3 3 3 3 3 3 3 3 3 3 3 3 3 3 3 3 3 3 3 3 3 3 3 3 3 3 3 3 3 3 3 3 3 3 3 3 3 3 3 3 3 3 3 3 3 3 3 3 3 3 3 3 3 3 3 3 3 3 3 3 3 3 3 3 3 3 3 3 3 3 3 3 3 3 3 3 3 3 3 3 3 3 3 3 3 3 3 3 3 3 3 3 3 3 3 3 3 3 3 3 3 3 3 3 3 3 3 3 3 3 3 3 3 3 3 3 3 3 3 3 3 3 3 3 3 3 3 3 3 3 3 3 3 3 3 3 3 3 3 3 3 3 3 3 3 3 3 3 3 3 3 3 3 3 3 3 3 3 3 3 3 3 3 3 3 3 3 3 3 3 3 3 3 3 3 3 3 3 3 3 3 3 3 3 3 3 3 3 3 3 3 3 3 3 3 3 3 3 3 3 3 3 3 3 3 3 3 3 3 3 3 3 3 3 3 3 3 3 3 3 3 3 3 3 3 3 3 3 3 3 3 3 3 3 3 3 3 3 3 3 3 3 3 3 3 3 3 3 3 3 3 3 3 3 3 3 3 3 3 3 3 3 3 3 3 3 3 3 3 3 3 3 3 3 3 3 3 3 3 3 3 3 3 3 3 3 3 3 3 3 3 3 3 3 3 3 3 3 3 3 3 3 3 3 3 3 3 3 3 3 3 3 3 3 3 3 3 3 3 3 3 3 3 3 3 3 3 3 3 3 3 3 3 3 3 3 3 3 3 3 3 3 3 3 3 3 3 3 3 3 3 3 3 3 3 3 3 3 3 3 3 3 3 3 3 3 3 3 3 3 3 3 3 3 3 3 3 3 3 3 3 3 3 3 3 3 3 3 3 3 3 3 3 3 3 3 3 3 3 3 3 3 3 3 3 3 3 3 3 3 3 3 3 3 3 3 3 3 3 3 3 3 3 3 3 3 3 3 3 3 3 3 3 3 3 3 3 3 3 3 3 3 3 3 3 3 3 3 3 3 3 3 3 3 3 3 3 3 3 3 3 3 3 3 3 3 3 3 3 3 3 3 3 3 3 3 3 3 3 3 3 3 3 3 3 3 3 3 3 3 3 3 3 3 3 3 3 3 3 3 3 3 3 3 3 3 3 3 3 3 3 3 3 3 3 3 3 3 3 3 3 3 3 3 3 3 3 3 3 3 3 3 3 3 3 3 3 3 3 3 3 3 3 3 3 3 3 3 3 3 3 3 3 3 3 3 3 3 3 3 3 3 3 3 3 3 3 3 3 3 3 3 3 3 3 3 3 3 3 3 3 3 3 3 3 3 3 3 3 3 3 3 3 3 3 3 3 3 3 3 3 3 3 3 3 3 3 3 3 3 3 3 3 3 3 3 3 3 3 3 3 3 3 3 3 3 3 3 3 3 3 3 3 3 3 3 3 3 3 3 3 3 3 3 3 3 3 3 3 3 3 3 3 3 3 3 3 3 3 3 3 3 3 3 3 3 3 3 3 3 3 3 3 3 3 3 3 3 3 3 3 3 3 3 3 3 3 3 3 3 3 3 3 3 3 3 3 3 3 3 3 3 3 3 3 3 3 3 3 3 3 3 3 3 3 3 3 3 3 3 3 3 3 3 3 3 3 3 3 3 3 3 3 3 3 3 3 3 3 3 3 3 3 3 3 3 3 3 3 3 3 3 3 3 3 3 3 3 3 3 3 3 3 3 3 3 3 3 3 3 3 3 3 3 3 3 3 3 3 3 3 3 3 3 3 3 3 3 3 3 3 3 3 3 3 3 3 3 3 3 3 3 3 3 3 3 3 3 3 3 3 3 3 3 3 3 3 3 3 3 3 3 3 3 3 3 3 3 3 3 3 3 3 3 3 3 3 3 3 3 3 3 3 3 3 3 3 3 3 3 3 3 3 3 3 3 3 3 3 3 3 3 3 3 3 3 3 3 3 3 3 3 3 3 3 3 3 3 3 3 3 3 3 3 3 3 3 3 3 3 3 3 3 3 3 3 3 3 3 3 3 3 3 3 3 3 3 3 3 3 3 3 3 3 3 3 3 3 3 3 3 3 3 3 3 3 3 3 3 3 3 3 3 3 3 3 3 3 3 3 3 3 3 3 3 3 3 3 3 3 3 3 3 3 3 3 3 3 3 3 3 3 3 3 3 3 3 3 3 3 3 3 3 3 3 3 3 3 3 3 3 3 3 3 3 3 3 3 3 3 3 3 3 3 3 3 3 3 3 3 3 3 3 3 3 3 3 3 3 3 3 3 3 3 3 3 3 3 3 3 3 3 3 3 3 3 3 3 3 3 3 3 3 3 3 3 3 3 3 3 3 3 3 3 3 3 3 3 3 3 3 3 3 3 3 3 3 3 3 3 3 3 3 3 3 3 3 3 3 3 3 3 3 3 3 3 3 3 3 3 3 3 3 3 3 3 3 3 3 3 3 3 3 3 3 3 3 3 3 3 3 3 3 3 3 3</vcount>
                    <p>2 2 1 1 1 0 0 0 0 3 3 2 1 1 0 2 2 1 4 4 1 3 3 2 2 2 1 5 5 3 3 3 2 4 4 1 6 6 1 5 5 3 4 4 1 7 7 4 5 5 3 6 6 1 8 8 1 7 7 4 6 6 1 9 9 3 7 7 4 8 8 1 10 10 1 9 9 3 8 8 1 11 11 5 9 9 3 10 10 1 12 12 1 11 11 5 10 10 1 13 13 6 11 11 5 12 12 1 14 14 1 13 13 6 12 12 1 15 15 2 13 13 6 14 14 1 16 16 1 15 15 2 14 14 1 17 17 7 15 15 2 16 16 1 18 18 1 17 17 7 16 16 1 19 19 0 17 17 7 18 18 1 20 20 1 19 19 0 18 18 1 21 21 8 19 19 0 20 20 1 22 22 1 21 21 8 20 20 1 23 23 2 21 21 8 22 22 1 24 24 1 23 23 2 22 22 1 25 25 7 23 23 2 24 24 1 26 26 1 25 25 7 24 24 1 27 27 9 25 25 7 26 26 1 28 28 1 27 27 9 26 26 1 29 29 3 27 27 9 28 28 1 30 30 1 29 29 3 28 28 1 31 31 4 29 29 3 30 30 1 32 32 1 31 31 4 30 30 1 33 33 8 31 31 4 32 32 1 34 34 1 33 33 8 32 32 1 35 35 2 33 33 8 34 34 1 36 36 1 35 35 2 34 34 1 37 37 3 35 35 2 36 36 1 38 38 1 37 37 3 36 36 1 39 39 8 37 37 3 38 38 1 40 40 1 39 39 8 38 38 1 41 41 3 39 39 8 40 40 1 42 42 1 41 41 3 40 40 1 43 43 2 41 41 3 42 42 1 44 44 1 43 43 2 42 42 1 45 45 3 43 43 2 44 44 1 46 46 1 45 45 3 44 44 1 47 47 10 45 45 3 46 46 1 48 48 1 47 47 10 46 46 1 49 49 3 47 47 10 48 48 1 50 50 1 49 49 3 48 48 1 51 51 11 49 49 3 50 50 1 52 52 1 51 51 11 50 50 1 53 53 8 51 51 11 52 52 1 54 54 1 53 53 8 52 52 1 55 55 10 53 53 8 54 54 1 56 56 1 55 55 10 54 54 1 57 57 7 55 55 10 56 56 1 58 58 1 57 57 7 56 56 1 59 59 12 57 57 7 58 58 1 60 60 1 59 59 12 58 58 1 63 63 14 62 62 12 61 61 13 64 64 13 62 62 12 63 63 14 65 65 15 64 64 13 63 63 14 66 66 12 64 64 13 65 65 15 67 67 16 66 66 12 65 65 15 68 68 12 66 66 12 67 67 16 69 69 15 68 68 12 67 67 16 70 70 12 68 68 12 69 69 15 71 71 15 70 70 12 69 69 15 72 72 0 70 70 12 71 71 15 73 73 15 72 72 0 71 71 15 74 74 12 72 72 0 73 73 15 75 75 15 74 74 12 73 73 15 76 76 13 74 74 12 75 75 15 77 77 15 76 76 13 75 75 15 78 78 0 76 76 13 77 77 15 79 79 15 78 78 0 77 77 15 80 80 12 78 78 0 79 79 15 81 81 15 80 80 12 79 79 15 82 82 12 80 80 12 81 81 15 83 83 15 82 82 12 81 81 15 84 84 0 82 82 12 83 83 15 85 85 15 84 84 0 83 83 15 86 86 0 84 84 0 85 85 15 87 87 12 86 86 0 85 85 15 88 88 0 86 86 0 87 87 12 89 89 12 88 88 0 87 87 12 90 90 13 88 88 0 89 89 12 91 91 0 90 90 13 89 89 12 92 92 17 90 90 13 91 91 0 93 93 13 92 92 17 91 91 0 94 94 18 92 92 17 93 93 13 95 95 13 94 94 18 93 93 13 96 96 19 94 94 18 95 95 13 97 97 13 96 96 19 95 95 13 98 98 17 96 96 19 97 97 13 99 99 0 98 98 17 97 97 13 100 100 20 98 98 17 99 99 0 101 101 0 100 100 20 99 99 0 102 102 17 100 100 20 101 101 0 103 103 0 102 102 17 101 101 0 104 104 17 102 102 17 103 103 0 105 105 13 104 104 17 103 103 0 106 106 18 104 104 17 105 105 13 107 107 13 106 106 18 105 105 13 108 108 18 106 106 18 107 107 13 109 109 13 108 108 18 107 107 13 110 110 18 108 108 18 109 109 13 111 111 0 110 110 18 109 109 13 112 112 21 110 110 18 111 111 0 113 113 0 112 112 21 111 111 0 114 114 13 112 112 21 113 113 0 117 116 1 116 116 22 115 115 22 118 117 22 116 116 22 117 116 1 119 117 1 118 117 22 117 116 1 120 118 22 118 117 22 119 117 1 121 118 1 120 118 22 119 117 1 122 119 22 120 118 22 121 118 1 123 119 1 122 119 22 121 118 1 124 120 22 122 119 22 123 119 1 125 120 1 124 120 22 123 119 1 126 121 22 124 120 22 125 120 1 127 121 1 126 121 22 125 120 1 128 122 22 126 121 22 127 121 1 129 122 1 128 122 22 127 121 1 130 123 22 128 122 22 129 122 1 131 123 1 130 123 22 129 122 1 132 124 22 130 123 22 131 123 1 133 124 1 132 124 22 131 123 1 134 125 22 132 124 22 133 124 1 135 125 1 134 125 22 133 124 1 136 126 22 134 125 22 135 125 1 137 126 1 136 126 22 135 125 1 138 127 22 136 126 22 137 126 1 139 127 1 138 127 22 137 126 1 142 129 1 141 129 22 140 128 22 143 130 22 141 129 22 142 129 1 144 130 1 143 130 22 142 129 1 145 131 22 143 130 22 144 130 1 146 131 1 145 131 22 144 130 1 147 132 22 145 131 22 146 131 1 148 132 1 147 132 22 146 131 1 149 133 22 147 132 22 148 132 1 150 133 1 149 133 22 148 132 1 151 134 22 149 133 22 150 133 1 152 134 1 151 134 22 150 133 1 153 135 22 151 134 22 152 134 1 154 135 1 153 135 22 152 134 1 155 136 22 153 135 22 154 135 1 156 136 1 155 136 22 154 135 1 157 137 22 155 136 22 156 136 1 158 137 1 157 137 22 156 136 1 159 138 22 157 137 22 158 137 1 160 138 1 159 138 22 158 137 1 161 139 1 159 138 22 160 138 1 162 140 23 69 69 15 67 67 16 71 71 15 69 69 15 162 140 23 163 141 23 71 71 15 162 140 23 73 73 15 71 71 15 163 141 23 164 142 0 73 73 15 163 141 23 75 75 15 73 73 15 164 142 0 165 143 0 75 75 15 164 142 0 77 77 15 75 75 15 165 143 0 0 0 0 77 77 15 165 143 0 79 79 15 77 77 15 0 0 0 1 1 0 79 79 15 0 0 0 166 3 15 79 79 15 1 1 0 169 146 25 168 145 24 167 144 1 170 147 24 168 145 24 169 146 25 171 148 24 170 147 24 169 146 25 172 149 22 170 147 24 171 148 24 173 150 26 172 149 22 171 148 24 174 151 22 172 149 22 173 150 26 177 154 25 176 153 24 175 152 1 178 155 24 176 153 24 177 154 25 179 156 24 178 155 24 177 154 25 180 157 22 178 155 24 179 156 24 181 158 27 180 157 22 179 156 24 182 159 22 180 157 22 181 158 27 185 162 22 184 161 28 183 160 22 186 163 29 184 161 28 185 162 22 187 164 22 186 163 29 185 162 22 188 165 30 186 163 29 187 164 22 189 166 31 188 165 30 187 164 22 192 167 13 191 45 16 190 47 15 193 43 15 191 45 16 192 167 13 194 168 0 193 43 15 192 167 13 195 169 0 193 43 15 194 168 0 198 172 33 197 171 32 196 170 32 199 173 34 197 171 32 198 172 33 200 174 35 199 173 34 198 172 33 201 175 35 199 173 34 200 174 35 204 178 36 203 177 32 202 176 32 205 179 37 203 177 32 204 178 36 206 180 38 205 179 37 204 178 36 207 181 38 205 179 37 206 180 38 205 179 37 208 182 32 203 177 32 209 183 39 208 182 32 205 179 37 210 181 40 209 183 39 205 179 37 211 184 41 209 183 39 210 181 40 213 186 42 196 170 32 212 185 32 198 172 33 196 170 32 213 186 42 214 187 43 198 172 33 213 186 42 215 174 40 198 172 33 214 187 43 218 190 18 217 189 13 216 188 0 219 191 13 217 189 13 218 190 18 220 192 18 219 191 13 218 190 18 221 193 18 219 191 13 220 192 18 221 193 18 222 194 0 219 191 13 192 167 13 222 194 0 221 193 18 223 195 18 192 167 13 221 193 18 224 196 21 192 167 13 223 195 18 224 196 21 194 168 0 192 167 13 195 169 0 194 168 0 224 196 21 225 197 21 195 169 0 224 196 21 226 198 18 195 169 0 225 197 21 226 198 18 227 199 13 195 169 0 114 114 13 227 199 13 226 198 18 228 200 17 114 114 13 226 198 18 112 112 21 114 114 13 228 200 17 231 203 22 230 202 44 229 201 44 232 204 45 230 202 44 231 203 22 233 205 22 232 204 45 231 203 22 234 206 22 232 204 45 233 205 22 229 201 44 236 208 46 235 207 18 237 209 46 236 208 46 229 201 44 230 202 44 237 209 46 229 201 44 232 204 45 237 209 46 230 202 44 235 207 18 239 211 18 238 210 18 218 190 18 239 211 18 235 207 18 236 208 46 218 190 18 235 207 18 237 209 46 218 190 18 236 208 46 237 209 46 220 192 18 218 190 18 221 193 18 220 192 18 237 209 46 240 212 46 221 193 18 237 209 46 241 213 46 221 193 18 240 212 46 241 213 46 223 195 18 221 193 18 224 196 21 223 195 18 241 213 46 242 214 46 224 196 21 241 213 46 243 215 46 224 196 21 242 214 46 246 218 22 245 217 48 244 216 47 247 219 49 245 217 48 246 218 22 248 220 22 247 219 49 246 218 22 249 221 22 247 219 49 248 220 22 196 170 32 250 222 32 212 185 32 251 223 32 250 222 32 196 170 32 197 171 32 251 223 32 196 170 32 252 224 32 251 223 32 197 171 32 253 225 46 228 200 17 226 198 18 112 112 21 228 200 17 253 225 46 254 226 50 112 112 21 253 225 46 255 227 46 112 112 21 254 226 50 255 227 46 110 110 18 112 112 21 108 108 18 110 110 18 255 227 46 256 228 46 108 108 18 255 227 46 257 229 46 108 108 18 256 228 46 257 229 46 106 106 18 108 108 18 104 104 17 106 106 18 257 229 46 258 230 46 104 104 17 257 229 46 259 231 46 104 104 17 258 230 46 259 231 46 102 102 17 104 104 17 100 100 20 102 102 17 259 231 46 260 232 51 100 100 20 259 231 46 261 233 46 100 100 20 260 232 51 261 233 46 98 98 17 100 100 20 96 96 19 98 98 17 261 233 46 262 234 46 96 96 19 261 233 46 263 235 18 96 96 19 262 234 46 263 235 18 94 94 18 96 96 19 92 92 17 94 94 18 263 235 18 264 236 18 92 92 17 263 235 18 265 237 18 92 92 17 264 236 18 267 239 52 212 185 32 266 238 32 213 186 42 212 185 32 267 239 52 268 240 53 213 186 42 267 239 52 214 187 43 213 186 42 268 240 53 209 183 39 269 241 32 208 182 32 270 242 54 269 241 32 209 183 39 211 184 41 270 242 54 209 183 39 271 243 55 270 242 54 211 184 41 265 237 18 90 90 13 92 92 17 88 88 0 90 90 13 265 237 18 272 244 18 88 88 0 265 237 18 273 245 18 88 88 0 272 244 18 276 248 44 275 247 20 274 246 18 277 249 21 275 247 20 276 248 44 278 250 44 277 249 21 276 248 44 279 251 44 277 249 21 278 250 44 126 121 22 281 253 44 280 252 44 276 248 44 281 253 44 126 121 22 128 122 22 276 248 44 126 121 22 130 123 22 276 248 44 128 122 22 245 217 48 282 254 56 244 216 47 283 255 56 282 254 56 245 217 48 284 219 57 283 255 56 245 217 48 285 256 58 283 255 56 284 219 57 130 123 22 278 250 44 276 248 44 279 251 44 278 250 44 130 123 22 132 124 22 279 251 44 130 123 22 134 125 22 279 251 44 132 124 22 288 259 60 287 258 22 286 257 59 289 260 22 287 258 22 288 259 60 290 261 59 289 260 22 288 259 60 291 262 22 289 260 22 290 261 59 72 72 0 275 247 20 277 249 21 274 246 18 275 247 20 72 72 0 74 74 12 274 246 18 72 72 0 76 76 13 274 246 18 74 74 12 273 245 18 86 86 0 88 88 0 84 84 0 86 86 0 273 245 18 292 263 18 84 84 0 273 245 18 293 264 18 84 84 0 292 263 18 293 264 18 82 82 12 84 84 0 80 80 12 82 82 12 293 264 18 294 265 21 80 80 12 293 264 18 295 266 18 80 80 12 294 265 21 295 266 18 78 78 0 80 80 12 76 76 13 78 78 0 295 266 18 296 267 18 76 76 13 295 266 18 274 246 18 76 76 13 296 267 18 161 139 1 297 139 22 159 138 22 115 115 22 297 139 22 161 139 1 298 115 1 115 115 22 161 139 1 117 116 1 115 115 22 298 115 1 232 204 45 240 212 46 237 209 46 241 213 46 240 212 46 232 204 45 299 268 61 241 213 46 232 204 45 300 269 45 241 213 46 299 268 61 300 269 45 242 214 46 241 213 46 243 215 46 242 214 46 300 269 45 301 270 45 243 215 46 300 269 45 302 271 61 243 215 46 301 270 45 302 271 61 303 272 46 243 215 46 253 225 46 303 272 46 302 271 61 304 273 45 253 225 46 302 271 61 305 274 45 253 225 46 304 273 45 305 274 45 254 226 50 253 225 46 255 227 46 254 226 50 305 274 45 306 275 45 255 227 46 305 274 45 307 276 45 255 227 46 306 275 45 308 277 44 136 126 22 138 127 22 134 125 22 136 126 22 308 277 44 309 278 44 134 125 22 308 277 44 279 251 44 134 125 22 309 278 44 307 276 45 256 228 46 255 227 46 257 229 46 256 228 46 307 276 45 310 279 62 257 229 46 307 276 45 311 280 45 257 229 46 310 279 62 311 280 45 258 230 46 257 229 46 259 231 46 258 230 46 311 280 45 312 281 45 259 231 46 311 280 45 313 282 45 259 231 46 312 281 45 316 285 18 315 284 44 314 283 44 308 277 44 315 284 44 316 285 18 317 286 18 308 277 44 316 285 18 318 287 18 308 277 44 317 286 18 318 287 18 309 278 44 308 277 44 279 251 44 309 278 44 318 287 18 319 288 18 279 251 44 318 287 18 277 249 21 279 251 44 319 288 18 313 282 45 260 232 51 259 231 46 261 233 46 260 232 51 313 282 45 320 289 44 261 233 46 313 282 45 321 290 44 261 233 46 320 289 44 321 290 44 262 234 46 261 233 46 263 235 18 262 234 46 321 290 44 322 291 44 263 235 18 321 290 44 323 292 44 263 235 18 322 291 44 323 292 44 264 236 18 263 235 18 265 237 18 264 236 18 323 292 44 324 293 44 265 237 18 323 292 44 325 294 44 265 237 18 324 293 44 325 294 44 272 244 18 265 237 18 273 245 18 272 244 18 325 294 44 326 295 63 273 245 18 325 294 44 327 296 44 273 245 18 326 295 63 327 296 44 292 263 18 273 245 18 293 264 18 292 263 18 327 296 44 328 297 44 293 264 18 327 296 44 329 298 44 293 264 18 328 297 44 329 298 44 294 265 21 293 264 18 295 266 18 294 265 21 329 298 44 330 299 44 295 266 18 329 298 44 280 252 44 295 266 18 330 299 44 280 252 44 296 267 18 295 266 18 274 246 18 296 267 18 280 252 44 281 253 44 274 246 18 280 252 44 276 248 44 274 246 18 281 253 44 234 206 22 299 268 61 232 204 45 300 269 45 299 268 61 234 206 22 331 300 22 300 269 45 234 206 22 332 301 22 300 269 45 331 300 22 332 301 22 301 270 45 300 269 45 302 271 61 301 270 45 332 301 22 333 302 22 302 271 61 332 301 22 334 303 22 302 271 61 333 302 22 334 303 22 304 273 45 302 271 61 305 274 45 304 273 45 334 303 22 335 304 22 305 274 45 334 303 22 140 128 22 305 274 45 335 304 22 140 128 22 306 275 45 305 274 45 307 276 45 306 275 45 140 128 22 141 129 22 307 276 45 140 128 22 143 130 22 307 276 45 141 129 22 143 130 22 310 279 62 307 276 45 311 280 45 310 279 62 143 130 22 145 131 22 311 280 45 143 130 22 147 132 22 311 280 45 145 131 22 195 169 0 336 41 64 193 43 15 337 39 15 336 41 64 195 169 0 227 199 13 337 39 15 195 169 0 114 114 13 337 39 15 227 199 13 147 132 22 312 281 45 311 280 45 313 282 45 312 281 45 147 132 22 149 133 22 313 282 45 147 132 22 151 134 22 313 282 45 149 133 22 64 64 13 317 286 18 316 285 18 318 287 18 317 286 18 64 64 13 66 66 12 318 287 18 64 64 13 68 68 12 318 287 18 66 66 12 68 68 12 319 288 18 318 287 18 277 249 21 319 288 18 68 68 12 70 70 12 277 249 21 68 68 12 72 72 0 277 249 21 70 70 12 151 134 22 320 289 44 313 282 45 321 290 44 320 289 44 151 134 22 153 135 22 321 290 44 151 134 22 155 136 22 321 290 44 153 135 22 155 136 22 322 291 44 321 290 44 323 292 44 322 291 44 155 136 22 157 137 22 323 292 44 155 136 22 159 138 22 323 292 44 157 137 22 338 305 15 65 65 15 63 63 14 67 67 16 65 65 15 338 305 15 339 306 0 67 67 16 338 305 15 162 140 23 67 67 16 339 306 0 166 3 15 81 81 15 79 79 15 83 83 15 81 81 15 166 3 15 340 5 15 83 83 15 166 3 15 341 7 15 83 83 15 340 5 15 341 7 15 85 85 15 83 83 15 87 87 12 85 85 15 341 7 15 342 9 15 87 87 12 341 7 15 343 11 15 87 87 12 342 9 15 159 138 22 324 293 44 323 292 44 325 294 44 324 293 44 159 138 22 297 139 22 325 294 44 159 138 22 115 115 22 325 294 44 297 139 22 216 188 0 345 53 15 344 55 15 346 51 15 345 53 15 216 188 0 217 189 13 346 51 15 216 188 0 219 191 13 346 51 15 217 189 13 219 191 13 347 49 15 346 51 15 190 47 15 347 49 15 219 191 13 222 194 0 190 47 15 219 191 13 192 167 13 190 47 15 222 194 0 115 115 22 326 295 63 325 294 44 327 296 44 326 295 63 115 115 22 116 116 22 327 296 44 115 115 22 118 117 22 327 296 44 116 116 22 114 114 13 348 37 15 337 39 15 349 35 15 348 37 15 114 114 13 113 113 0 349 35 15 114 114 13 111 111 0 349 35 15 113 113 0 111 111 0 350 33 15 349 35 15 351 31 15 350 33 15 111 111 0 109 109 13 351 31 15 111 111 0 107 107 13 351 31 15 109 109 13 107 107 13 352 29 15 351 31 15 353 27 15 352 29 15 107 107 13 105 105 13 353 27 15 107 107 13 103 103 0 353 27 15 105 105 13 103 103 0 354 25 15 353 27 15 355 23 15 354 25 15 103 103 0 101 101 0 355 23 15 103 103 0 99 99 0 355 23 15 101 101 0 99 99 0 356 21 15 355 23 15 357 19 15 356 21 15 99 99 0 97 97 13 357 19 15 99 99 0 95 95 13 357 19 15 97 97 13 95 95 13 358 17 15 357 19 15 359 15 15 358 17 15 95 95 13 93 93 13 359 15 15 95 95 13 91 91 0 359 15 15 93 93 13 91 91 0 360 13 15 359 15 15 343 11 15 360 13 15 91 91 0 89 89 12 343 11 15 91 91 0 87 87 12 343 11 15 89 89 12 118 117 22 328 297 44 327 296 44 329 298 44 328 297 44 118 117 22 120 118 22 329 298 44 118 117 22 122 119 22 329 298 44 120 118 22 363 309 22 362 308 44 361 307 44 229 201 44 362 308 44 363 309 22 364 310 22 229 201 44 363 309 22 231 203 22 229 201 44 364 310 22 122 119 22 330 299 44 329 298 44 280 252 44 330 299 44 122 119 22 124 120 22 280 252 44 122 119 22 126 121 22 280 252 44 124 120 22 243 215 46 225 197 21 224 196 21 226 198 18 225 197 21 243 215 46 303 272 46 226 198 18 243 215 46 253 225 46 226 198 18 303 272 46 365 311 22 176 153 24 178 155 24 366 312 27 176 153 24 365 311 22 367 313 22 366 312 27 365 311 22 370 316 47 369 315 58 368 314 56 371 317 57 369 315 58 370 316 47 372 318 65 371 317 57 370 316 47 372 318 65 374 320 47 373 319 66 375 321 56 374 320 47 372 318 65 370 316 47 375 321 56 372 318 65 378 324 69 377 323 68 376 322 67 379 325 70 377 323 68 378 324 69 380 326 71 379 325 70 378 324 69 383 329 74 382 328 73 381 327 72 384 330 75 382 328 73 383 329 74 385 331 76 384 330 75 383 329 74 387 319 77 365 311 22 386 332 22 367 313 22 365 311 22 387 319 77 388 333 78 367 313 22 387 319 77 390 317 49 182 159 22 389 315 79 180 157 22 182 159 22 390 317 49 386 332 22 180 157 22 390 317 49 248 220 22 391 334 80 249 221 22 392 335 80 391 334 80 248 220 22 393 336 80 392 335 80 248 220 22 396 339 22 395 338 82 394 337 81 397 340 83 395 338 82 396 339 22 398 341 22 397 340 83 396 339 22 401 344 22 400 343 83 399 342 22 402 345 62 400 343 83 401 344 22 394 337 81 402 345 62 401 344 22 405 348 56 404 347 58 403 346 56 406 349 57 404 347 58 405 348 56 407 350 65 406 349 57 405 348 56 407 350 65 409 352 56 408 351 66 410 353 56 409 352 56 407 350 65 405 348 56 410 353 56 407 350 65 412 351 77 396 339 22 411 354 22 398 341 22 396 339 22 412 351 77 413 355 78 398 341 22 412 351 77 415 349 49 399 342 22 414 347 79 401 344 22 399 342 22 415 349 49 411 354 22 401 344 22 415 349 49 418 358 22 417 357 1 416 356 1 419 359 1 417 357 1 418 358 22 420 360 22 419 359 1 418 358 22 423 363 56 422 362 58 421 361 56 424 364 57 422 362 58 423 363 56 425 365 65 424 364 57 423 363 56 425 365 65 427 367 56 426 366 66 428 368 56 427 367 56 425 365 65 423 363 56 428 368 56 425 365 65 430 366 77 418 358 22 429 369 22 420 360 22 418 358 22 430 366 77 431 370 78 420 360 22 430 366 77 434 364 49 433 371 22 432 362 79 435 372 22 433 371 22 434 364 49 429 369 22 435 372 22 434 364 49 436 373 22 168 145 24 170 147 24 437 374 27 168 145 24 436 373 22 438 375 22 437 374 27 436 373 22 441 378 47 440 377 58 439 376 56 442 379 57 440 377 58 441 378 47 443 380 65 442 379 57 441 378 47 443 380 65 445 382 47 444 381 66 446 383 56 445 382 47 443 380 65 441 378 47 446 383 56 443 380 65 448 381 77 436 373 22 447 384 22 438 375 22 436 373 22 448 381 77 449 385 78 438 375 22 448 381 77 450 386 22 189 166 31 187 164 22 451 387 84 189 166 31 450 386 22 452 388 85 451 387 84 450 386 22 454 304 1 334 303 22 453 303 1 335 304 22 334 303 22 454 304 1 140 128 22 335 304 22 454 304 1 238 210 18 456 390 13 455 389 12 457 391 12 456 390 13 238 210 18 216 188 0 457 391 12 238 210 18 460 394 22 459 393 86 458 392 22 461 395 44 459 393 86 460 394 22 361 307 44 461 395 44 460 394 22 464 398 12 463 397 18 462 396 0 465 399 18 463 397 18 464 398 12 316 285 18 465 399 18 464 398 12 468 401 1 467 142 87 466 400 1 165 143 0 467 142 87 468 401 1 0 0 0 165 143 0 468 401 1 361 307 44 469 402 18 461 395 44 470 403 18 469 402 18 361 307 44 235 207 18 470 403 18 361 307 44 469 402 18 472 405 13 471 404 18 455 389 12 472 405 13 469 402 18 238 210 18 455 389 12 469 402 18 314 283 44 474 407 22 473 406 44 475 408 22 474 407 22 314 283 44 138 127 22 475 408 22 314 283 44 456 390 13 477 59 15 476 409 12 478 57 15 477 59 15 456 390 13 344 55 15 478 57 15 456 390 13 61 61 13 462 396 0 479 410 12 464 398 12 462 396 0 61 61 13 62 62 12 464 398 12 61 61 13 463 397 18 459 412 86 480 411 88 473 406 44 459 412 86 463 397 18 314 283 44 473 406 44 463 397 18 482 414 15 479 410 12 481 413 15 61 61 13 479 410 12 482 414 15 63 63 14 61 61 13 482 414 15 485 417 80 484 416 56 483 415 80 486 418 56 484 416 56 485 417 80 487 419 56 486 418 56 485 417 80 489 379 49 174 151 22 488 377 79 172 149 22 174 151 22 489 379 49 447 384 22 172 149 22 489 379 49 490 420 80 487 419 56 485 417 80 244 216 47 487 419 56 490 420 80 491 421 80 244 216 47 490 420 80 435 372 22 492 422 1 433 371 22 493 423 1 492 422 1 435 372 22 416 356 1 493 423 1 435 372 22 465 399 18 314 283 44 463 397 18 316 285 18 314 283 44 465 399 18 60 425 1 494 413 8 59 424 12 495 426 1 494 413 8 60 425 1 495 426 1 496 414 2 494 413 8 497 427 1 496 414 2 495 426 1 497 427 1 498 428 8 496 414 2 499 429 1 498 428 8 497 427 1 499 429 1 500 305 2 498 428 8 501 430 1 500 305 2 499 429 1 501 430 1 339 306 0 500 305 2 502 431 1 339 306 0 501 430 1 502 431 1 503 140 89 339 306 0 504 432 1 503 140 89 502 431 1 504 432 1 163 141 23 503 140 89 505 433 1 163 141 23 504 432 1 505 433 1 467 142 87 163 141 23 466 400 1 467 142 87 505 433 1 506 434 1 0 0 0 468 401 1 2 2 1 0 0 0 506 434 1 508 435 1 363 309 22 507 435 22 509 309 1 363 309 22 508 435 1 507 435 22 361 307 44 460 394 22 363 309 22 361 307 44 507 435 22 459 393 86 469 402 18 480 404 88 461 395 44 469 402 18 459 393 86 472 436 13 463 397 18 471 411 18 462 396 0 463 397 18 472 436 13 62 62 12 316 285 18 464 398 12 64 64 13 316 285 18 62 62 12 477 424 15 479 410 12 476 437 12 481 413 15 479 410 12 477 424 15 510 428 15 63 63 14 482 414 15 338 305 15 63 63 14 510 428 15 457 391 12 344 55 15 456 390 13 216 188 0 344 55 15 457 391 12 511 438 90 419 359 1 420 360 22 512 439 1 419 359 1 511 438 90 509 309 1 364 310 22 363 309 22 513 310 1 364 310 22 509 309 1 476 437 12 462 396 0 472 436 13 479 410 12 462 396 0 476 437 12 513 310 1 231 203 22 364 310 22 514 203 1 231 203 22 513 310 1 362 308 44 235 207 18 361 307 44 229 201 44 235 207 18 362 308 44 470 403 18 238 210 18 469 402 18 235 207 18 238 210 18 470 403 18 472 405 13 456 390 13 476 409 12 455 389 12 456 390 13 472 405 13 239 211 18 216 188 0 238 210 18 218 190 18 216 188 0 239 211 18 514 203 1 233 205 22 231 203 22 515 205 1 233 205 22 514 203 1 515 205 1 234 206 22 233 205 22 516 206 1 234 206 22 515 205 1 516 206 1 331 300 22 234 206 22 517 300 1 331 300 22 516 206 1 517 300 1 332 301 22 331 300 22 518 301 1 332 301 22 517 300 1 518 301 1 333 302 22 332 301 22 519 302 1 333 302 22 518 301 1 519 302 1 334 303 22 333 302 22 453 303 1 334 303 22 519 302 1 520 128 1 140 128 22 454 304 1 142 129 1 140 128 22 520 128 1 523 442 22 522 441 91 521 440 91 524 443 22 522 441 91 523 442 22 527 446 22 526 445 92 525 444 92 528 447 22 526 445 92 527 446 22 530 449 94 525 444 92 529 448 93 527 446 22 525 444 92 530 449 94 524 443 22 531 450 95 522 441 91 532 451 96 531 450 95 524 443 22 535 454 96 534 453 91 533 452 97 536 455 22 534 453 91 535 454 96 539 458 22 538 457 93 537 456 92 540 459 94 538 457 93 539 458 22 542 461 99 533 452 97 541 460 98 535 454 96 533 452 97 542 461 99 540 459 94 543 462 100 538 457 93 544 463 101 543 462 100 540 459 94 546 465 103 529 448 93 545 464 102 530 449 94 529 448 93 546 465 103 532 451 96 547 466 98 531 450 95 548 467 99 547 466 98 532 451 96 548 467 99 549 468 29 547 466 98 550 469 104 549 468 29 548 467 99 550 469 104 551 470 105 549 468 29 552 471 80 551 470 105 550 469 104 552 471 80 553 472 65 551 470 105 554 473 106 553 472 65 552 471 80 554 473 106 555 474 68 553 472 65 556 475 69 555 474 68 554 473 106 556 475 69 557 476 70 555 474 68 558 477 71 557 476 70 556 475 69 558 477 71 541 460 98 557 476 70 542 461 99 541 460 98 558 477 71 560 479 75 545 464 102 559 478 56 546 465 103 545 464 102 560 479 75 559 478 56 561 480 107 560 479 75 562 481 47 561 480 107 559 478 56 562 481 47 563 482 108 561 480 107 564 483 56 563 482 108 562 481 47 564 483 56 565 484 73 563 482 108 566 485 47 565 484 73 564 483 56 568 487 75 566 485 47 567 486 76 565 484 73 566 485 47 568 487 75 544 463 101 567 486 76 543 462 100 568 487 75 567 486 76 544 463 101 536 455 22 569 488 91 534 453 91 570 489 22 569 488 91 536 455 22 572 491 22 537 456 92 571 490 92 539 458 22 537 456 92 572 491 22 574 493 94 571 490 92 573 492 93 572 491 22 571 490 92 574 493 94 570 489 22 575 494 95 569 488 91 576 495 96 575 494 95 570 489 22 579 498 96 578 497 91 577 496 97 580 499 22 578 497 91 579 498 96 583 502 22 582 501 93 581 500 92 584 503 94 582 501 93 583 502 22 586 505 99 577 496 97 585 504 98 579 498 96 577 496 97 586 505 99 584 503 94 587 506 100 582 501 93 588 507 101 587 506 100 584 503 94 590 509 103 573 492 93 589 508 102 574 493 94 573 492 93 590 509 103 576 495 96 591 510 98 575 494 95 592 511 99 591 510 98 576 495 96 592 511 99 593 512 29 591 510 98 594 513 104 593 512 29 592 511 99 594 513 104 595 514 105 593 512 29 596 515 80 595 514 105 594 513 104 596 515 80 597 516 65 595 514 105 598 517 106 597 516 65 596 515 80 598 517 106 599 518 68 597 516 65 600 519 69 599 518 68 598 517 106 600 519 69 601 520 70 599 518 68 602 521 71 601 520 70 600 519 69 602 521 71 585 504 98 601 520 70 586 505 99 585 504 98 602 521 71 604 523 75 589 508 102 603 522 76 590 509 103 589 508 102 604 523 75 603 522 76 605 524 107 604 523 75 606 525 109 605 524 107 603 522 76 606 525 109 607 526 108 605 524 107 608 527 110 607 526 108 606 525 109 608 527 110 609 528 73 607 526 108 610 529 74 609 528 73 608 527 110 612 531 75 610 529 74 611 530 76 609 528 73 610 529 74 612 531 75 588 507 101 611 530 76 587 506 100 612 531 75 611 530 76 588 507 101 580 499 22 613 532 91 578 497 91 614 533 22 613 532 91 580 499 22 616 535 22 581 500 92 615 534 92 583 502 22 581 500 92 616 535 22 618 537 94 615 534 92 617 536 93 616 535 22 615 534 92 618 537 94 614 533 22 619 538 95 613 532 91 620 539 96 619 538 95 614 533 22 623 542 96 622 541 91 621 540 97 624 543 22 622 541 91 623 542 96 627 546 22 626 545 93 625 544 92 628 547 94 626 545 93 627 546 22 630 549 99 621 540 97 629 548 98 623 542 96 621 540 97 630 549 99 628 547 94 631 550 100 626 545 93 632 551 101 631 550 100 628 547 94 634 553 103 617 536 93 633 552 102 618 537 94 617 536 93 634 553 103 620 539 96 635 554 98 619 538 95 636 555 99 635 554 98 620 539 96 636 555 99 637 556 29 635 554 98 638 557 104 637 556 29 636 555 99 638 557 104 639 558 105 637 556 29 640 559 80 639 558 105 638 557 104 640 559 80 641 560 65 639 558 105 642 561 106 641 560 65 640 559 80 642 561 106 643 562 68 641 560 65 644 563 69 643 562 68 642 561 106 644 563 69 645 564 70 643 562 68 646 565 71 645 564 70 644 563 69 646 565 71 629 548 98 645 564 70 630 549 99 629 548 98 646 565 71 648 567 75 633 552 102 647 566 76 634 553 103 633 552 102 648 567 75 647 566 76 649 568 107 648 567 75 650 569 109 649 568 107 647 566 76 650 569 109 651 570 108 649 568 107 652 571 110 651 570 108 650 569 109 652 571 110 653 572 73 651 570 108 654 573 74 653 572 73 652 571 110 656 575 75 654 573 74 655 574 76 653 572 73 654 573 74 656 575 75 632 551 101 655 574 76 631 550 100 656 575 75 655 574 76 632 551 101 624 543 22 657 576 91 622 541 91 658 577 22 657 576 91 624 543 22 660 579 22 625 544 92 659 578 92 627 546 22 625 544 92 660 579 22 662 581 94 659 578 92 661 580 93 660 579 22 659 578 92 662 581 94 658 577 22 663 582 95 657 576 91 664 583 96 663 582 95 658 577 22 666 585 103 661 580 93 665 584 102 662 581 94 661 580 93 666 585 103 664 583 96 667 586 98 663 582 95 668 587 99 667 586 98 664 583 96 668 587 99 669 588 29 667 586 98 670 589 104 669 588 29 668 587 99 670 589 104 671 590 105 669 588 29 672 591 80 671 590 105 670 589 104 672 591 80 673 592 28 671 590 105 674 593 106 673 592 28 672 591 80 676 595 75 665 584 102 675 594 76 666 585 103 665 584 102 676 595 75 678 597 107 675 594 76 677 596 109 676 595 75 675 594 76 678 597 107 680 599 107 677 596 109 679 598 111 678 597 107 677 596 109 680 599 107 683 602 96 682 601 91 681 600 97 684 603 22 682 601 91 683 602 96 687 606 22 686 605 93 685 604 92 688 607 94 686 605 93 687 606 22 690 609 99 681 600 97 689 608 98 683 602 96 681 600 97 690 609 99 688 607 94 691 610 100 686 605 93 692 611 101 691 610 100 688 607 94 380 326 71 689 608 98 379 325 70 690 609 99 689 608 98 380 326 71 692 611 101 385 331 76 691 610 100 384 330 75 385 331 76 692 611 101 684 603 22 693 612 91 682 601 91 694 613 22 693 612 91 684 603 22 696 615 22 685 604 92 695 614 92 687 606 22 685 604 92 696 615 22 698 617 94 695 614 92 697 616 93 696 615 22 695 614 92 698 617 94 694 613 22 699 618 95 693 612 91 700 619 96 699 618 95 694 613 22 703 622 96 702 621 91 701 620 97 704 623 22 702 621 91 703 622 96 707 626 22 706 625 93 705 624 92 708 627 94 706 625 93 707 626 22 710 629 99 701 620 97 709 628 98 703 622 96 701 620 97 710 629 99 708 627 94 711 630 100 706 625 93 712 631 101 711 630 100 708 627 94 714 633 103 697 616 93 713 632 102 698 617 94 697 616 93 714 633 103 700 619 96 715 634 98 699 618 95 716 635 99 715 634 98 700 619 96 716 635 99 717 636 29 715 634 98 718 637 104 717 636 29 716 635 99 718 637 104 719 638 105 717 636 29 720 639 80 719 638 105 718 637 104 720 639 80 721 640 65 719 638 105 722 641 106 721 640 65 720 639 80 722 641 106 723 642 68 721 640 65 724 643 69 723 642 68 722 641 106 724 643 69 725 644 70 723 642 68 726 645 71 725 644 70 724 643 69 726 645 71 709 628 98 725 644 70 710 629 99 709 628 98 726 645 71 728 647 75 713 632 102 727 646 56 714 633 103 713 632 102 728 647 75 727 646 56 729 648 107 728 647 75 730 649 47 729 648 107 727 646 56 730 649 47 731 650 108 729 648 107 732 651 56 731 650 108 730 649 47 732 651 56 733 652 73 731 650 108 734 653 47 733 652 73 732 651 56 736 655 75 734 653 47 735 654 56 733 652 73 734 653 47 736 655 75 712 631 101 735 654 56 711 630 100 736 655 75 735 654 56 712 631 101 704 623 22 737 656 91 702 621 91 738 657 22 737 656 91 704 623 22 740 659 22 705 624 92 739 658 92 707 626 22 705 624 92 740 659 22 742 661 94 739 658 92 741 660 93 740 659 22 739 658 92 742 661 94 738 657 22 743 662 95 737 656 91 744 663 96 743 662 95 738 657 22 746 665 96 521 440 91 745 664 97 523 442 22 521 440 91 746 665 96 528 447 22 747 666 93 526 445 92 748 667 94 747 666 93 528 447 22 750 669 99 745 664 97 749 668 98 746 665 96 745 664 97 750 669 99 748 667 94 751 670 112 747 666 93 752 671 113 751 670 112 748 667 94 754 673 101 741 660 93 753 672 112 742 661 94 741 660 93 754 673 101 744 663 96 755 674 114 743 662 95 756 675 115 755 674 114 744 663 96 759 678 28 758 677 22 757 676 22 760 679 83 758 677 22 759 678 28 759 678 28 762 681 22 761 680 28 757 676 22 762 681 22 759 678 28 761 680 28 183 160 22 184 161 28 762 681 22 183 160 22 761 680 28 756 675 115 763 682 70 755 674 114 764 683 116 763 682 70 756 675 115 764 683 116 765 684 117 763 682 70 766 685 115 765 684 117 764 683 116 766 685 115 767 686 65 765 684 117 768 687 99 767 686 65 766 685 115 768 687 99 769 688 118 767 686 65 770 689 69 769 688 118 768 687 99 770 689 69 771 690 70 769 688 118 772 691 119 771 690 70 770 689 69 772 691 119 749 668 98 771 690 70 750 669 99 749 668 98 772 691 119 774 693 120 753 672 112 773 692 56 754 673 101 753 672 112 774 693 120 773 692 56 775 694 121 774 693 120 776 695 56 775 694 121 773 692 56 776 695 56 777 696 121 775 694 121 778 697 122 777 696 121 776 695 56 778 697 122 779 698 123 777 696 121 780 699 56 779 698 123 778 697 122 782 701 124 780 699 56 781 700 56 779 698 123 780 699 56 782 701 124 752 671 113 781 700 56 751 670 112 782 701 124 781 700 56 752 671 113 784 704 116 783 703 28 673 702 28 785 705 71 783 703 28 784 704 116 787 708 107 679 707 111 786 706 125 680 709 107 679 707 111 787 708 107 790 712 22 789 711 22 788 710 22 791 713 22 789 711 22 790 712 22 792 714 22 524 443 22 523 442 22 793 715 22 524 443 22 792 714 22 528 447 22 793 715 22 792 714 22 527 446 22 793 715 22 528 447 22 788 710 22 795 717 22 794 716 22 789 711 22 795 717 22 788 710 22 796 718 126 791 713 22 790 712 22 797 719 86 791 713 22 796 718 126 798 720 127 791 713 22 797 719 86 799 721 59 791 713 22 798 720 127 789 711 22 799 721 59 800 722 128 791 713 22 799 721 59 789 711 22 800 722 128 795 717 22 789 711 22 801 723 129 795 717 22 800 722 128 530 449 94 793 715 22 527 446 22 802 724 130 793 715 22 530 449 94 802 724 130 524 443 22 793 715 22 532 451 96 524 443 22 802 724 130 804 726 22 535 454 96 803 725 130 536 455 22 535 454 96 804 726 22 539 458 22 803 725 130 540 459 94 804 726 22 803 725 130 539 458 22 807 729 129 806 728 22 805 727 22 808 730 131 806 728 22 807 729 129 808 730 131 809 731 22 806 728 22 810 732 59 809 731 22 808 730 131 810 732 59 811 733 132 809 731 22 812 734 127 811 733 132 810 732 59 803 725 130 542 461 99 813 735 133 535 454 96 542 461 99 803 725 130 540 459 94 813 735 133 544 463 101 803 725 130 813 735 133 540 459 94 814 736 134 808 730 131 807 729 129 815 737 135 808 730 131 814 736 134 815 737 135 810 732 59 808 730 131 816 738 136 810 732 59 815 737 135 816 741 136 812 740 127 810 739 59 817 742 137 812 740 127 816 741 136 818 741 138 799 740 59 798 739 127 819 742 136 799 740 59 818 741 138 800 722 128 819 744 136 820 743 139 799 721 59 819 744 136 800 722 128 820 743 139 801 723 129 800 722 128 821 745 140 801 723 129 820 743 139 546 465 103 802 724 130 530 449 94 822 746 133 802 724 130 546 465 103 822 746 133 532 451 96 802 724 130 548 467 99 532 451 96 822 746 133 823 377 141 816 738 136 815 737 135 174 151 22 816 738 136 823 377 141 824 380 142 447 384 22 489 379 49 448 381 77 447 384 22 824 380 142 819 744 136 825 385 141 820 743 139 438 375 22 825 385 141 819 744 136 826 747 143 548 467 99 822 746 133 550 469 104 548 467 99 826 747 143 826 747 143 552 471 80 550 469 104 827 748 143 552 471 80 826 747 143 827 748 143 554 473 106 552 471 80 828 749 144 554 473 106 827 748 143 828 749 144 556 475 69 554 473 106 829 750 145 556 475 69 828 749 144 558 477 71 829 750 145 830 751 146 556 475 69 829 750 145 558 477 71 542 461 99 831 751 145 813 735 133 558 477 71 831 751 145 542 461 99 560 479 75 822 746 133 546 465 103 826 747 143 822 746 133 560 479 75 560 479 75 833 748 147 832 747 147 561 480 107 833 748 147 560 479 75 561 480 107 834 749 147 833 748 147 563 482 108 834 749 147 561 480 107 563 482 108 835 750 147 834 749 147 565 484 73 835 750 147 563 482 108 836 751 148 565 484 73 568 487 75 835 750 147 565 484 73 836 751 148 813 735 133 568 487 75 544 463 101 837 751 143 568 487 75 813 735 133 838 385 149 821 745 140 820 743 139 839 752 56 821 745 140 838 385 149 439 376 56 815 737 135 814 736 134 840 377 150 815 737 135 439 376 56 174 151 22 817 753 137 816 738 136 173 150 26 817 753 137 174 151 22 437 374 27 819 744 136 818 754 138 438 375 22 819 744 136 437 374 27 841 385 151 445 382 47 839 752 56 444 381 66 445 382 47 841 385 151 447 384 22 170 147 24 172 149 22 436 373 22 170 147 24 447 384 22 809 731 22 842 755 22 806 728 22 843 756 22 842 755 22 809 731 22 804 726 22 570 489 22 536 455 22 844 757 22 570 489 22 804 726 22 539 458 22 844 757 22 804 726 22 572 491 22 844 757 22 539 458 22 806 728 22 845 758 22 805 727 22 842 755 22 845 758 22 806 728 22 811 733 132 843 756 22 809 731 22 846 759 86 843 756 22 811 733 132 847 760 127 843 756 22 846 759 86 848 761 59 843 756 22 847 760 127 842 755 22 848 761 59 849 762 128 843 756 22 848 761 59 842 755 22 849 762 128 845 758 22 842 755 22 850 763 129 845 758 22 849 762 128 574 493 94 844 757 22 572 491 22 851 764 130 844 757 22 574 493 94 851 764 130 570 489 22 844 757 22 576 495 96 570 489 22 851 764 130 853 766 22 579 498 96 852 765 130 580 499 22 579 498 96 853 766 22 583 502 22 852 765 130 584 503 94 853 766 22 852 765 130 583 502 22 856 769 129 855 768 22 854 767 22 857 770 131 855 768 22 856 769 129 857 770 131 858 771 22 855 768 22 859 772 59 858 771 22 857 770 131 859 772 59 860 773 152 858 771 22 861 774 153 860 773 152 859 772 59 852 765 130 586 505 99 862 775 133 579 498 96 586 505 99 852 765 130 584 503 94 862 775 133 588 507 101 852 765 130 862 775 133 584 503 94 863 776 134 857 770 131 856 769 129 864 777 135 857 770 131 863 776 134 864 777 135 859 772 59 857 770 131 865 778 136 859 772 59 864 777 135 865 741 136 861 740 153 859 739 59 866 742 154 861 740 153 865 741 136 867 741 154 848 740 59 847 739 127 868 742 136 848 740 59 867 741 154 849 762 128 868 780 136 869 779 139 848 761 59 868 780 136 849 762 128 869 779 139 850 763 129 849 762 128 870 781 140 850 763 129 869 779 139 590 509 103 851 764 130 574 493 94 871 782 133 851 764 130 590 509 103 871 782 133 576 495 96 851 764 130 592 511 99 576 495 96 871 782 133 872 362 141 865 778 136 864 777 135 433 371 22 865 778 136 872 362 141 873 365 142 429 369 22 434 364 49 430 366 77 429 369 22 873 365 142 868 780 136 874 370 141 869 779 139 420 360 22 874 370 141 868 780 136 875 783 143 592 511 99 871 782 133 594 513 104 592 511 99 875 783 143 875 783 143 596 515 80 594 513 104 876 784 143 596 515 80 875 783 143 876 784 143 598 517 106 596 515 80 877 785 144 598 517 106 876 784 143 877 785 144 600 519 69 598 517 106 878 786 145 600 519 69 877 785 144 602 521 71 878 786 145 879 787 146 600 519 69 878 786 145 602 521 71 586 505 99 880 787 145 862 775 133 602 521 71 880 787 145 586 505 99 604 523 75 871 782 133 590 509 103 875 783 143 871 782 133 604 523 75 604 523 75 882 784 147 881 783 147 605 524 107 882 784 147 604 523 75 605 524 107 883 785 147 882 784 147 607 526 108 883 785 147 605 524 107 607 526 108 884 786 147 883 785 147 609 528 73 884 786 147 607 526 108 885 787 148 609 528 73 612 531 75 884 786 147 609 528 73 885 787 148 862 775 133 612 531 75 588 507 101 886 787 143 612 531 75 862 775 133 887 370 149 870 781 140 869 779 139 888 788 56 870 781 140 887 370 149 421 361 56 864 777 135 863 776 134 889 362 150 864 777 135 421 361 56 433 371 22 866 789 154 865 778 136 890 790 90 866 789 154 433 371 22 511 438 90 868 780 136 867 791 154 420 360 22 868 780 136 511 438 90 891 370 151 427 367 56 888 788 56 426 366 66 427 367 56 891 370 151 492 422 1 890 790 90 433 371 22 892 792 1 890 790 90 492 422 1 429 369 22 416 356 1 435 372 22 418 358 22 416 356 1 429 369 22 858 771 22 893 793 22 855 768 22 894 794 22 893 793 22 858 771 22 853 766 22 614 533 22 580 499 22 895 795 22 614 533 22 853 766 22 583 502 22 895 795 22 853 766 22 616 535 22 895 795 22 583 502 22 855 768 22 896 796 22 854 767 22 893 793 22 896 796 22 855 768 22 860 773 152 894 794 22 858 771 22 897 797 86 894 794 22 860 773 152 898 798 155 894 794 22 897 797 86 899 799 59 894 794 22 898 798 155 893 793 22 899 799 59 900 800 128 894 794 22 899 799 59 893 793 22 900 800 128 896 796 22 893 793 22 901 801 129 896 796 22 900 800 128 618 537 94 895 795 22 616 535 22 902 802 130 895 795 22 618 537 94 902 802 130 614 533 22 895 795 22 620 539 96 614 533 22 902 802 130 904 804 22 623 542 96 903 803 130 624 543 22 623 542 96 904 804 22 627 546 22 903 803 130 628 547 94 904 804 22 903 803 130 627 546 22 907 807 129 906 806 22 905 805 22 908 808 131 906 806 22 907 807 129 908 808 131 909 809 22 906 806 22 910 810 59 909 809 22 908 808 131 910 810 59 911 811 132 909 809 22 912 812 156 911 811 132 910 810 59 903 803 130 630 549 99 913 813 133 623 542 96 630 549 99 903 803 130 628 547 94 913 813 133 632 551 101 903 803 130 913 813 133 628 547 94 914 814 134 908 808 131 907 807 129 915 815 135 908 808 131 914 814 134 915 815 135 910 810 59 908 808 131 916 816 136 910 810 59 915 815 135 916 741 136 912 740 156 910 739 59 917 742 80 912 740 156 916 741 136 918 741 157 899 740 59 898 739 155 919 742 136 899 740 59 918 741 157 900 800 128 919 818 136 920 817 139 899 799 59 919 818 136 900 800 128 920 817 139 901 801 129 900 800 128 921 819 140 901 801 129 920 817 139 634 553 103 902 802 130 618 537 94 922 820 133 902 802 130 634 553 103 922 823 133 620 822 96 902 821 130 636 824 99 620 822 96 922 823 133 923 347 141 916 816 136 915 815 135 399 342 22 916 816 136 923 347 141 924 350 142 411 354 22 415 349 49 412 351 77 411 354 22 924 350 142 919 818 136 925 355 141 920 817 139 398 341 22 925 355 141 919 818 136 926 825 143 636 555 99 922 820 133 638 557 104 636 555 99 926 825 143 926 825 143 640 559 80 638 557 104 927 826 143 640 559 80 926 825 143 927 826 143 642 561 106 640 559 80 928 827 144 642 561 106 927 826 143 928 827 144 644 563 69 642 561 106 929 828 145 644 563 69 928 827 144 646 565 71 929 828 145 930 829 146 644 563 69 929 828 145 646 565 71 630 549 99 931 829 145 913 813 133 646 565 71 931 829 145 630 549 99 648 567 75 922 820 133 634 553 103 926 825 143 922 820 133 648 567 75 648 567 75 933 826 147 932 825 147 649 568 107 933 826 147 648 567 75 649 568 107 934 827 147 933 826 147 651 570 108 934 827 147 649 568 107 651 570 108 935 828 147 934 827 147 653 572 73 935 828 147 651 570 108 936 829 148 653 572 73 656 575 75 935 828 147 653 572 73 936 829 148 913 813 133 656 575 75 632 551 101 937 829 143 656 575 75 913 813 133 938 355 149 921 819 140 920 817 139 939 830 56 921 819 140 938 355 149 403 346 56 915 815 135 914 814 134 940 347 150 915 815 135 403 346 56 399 342 22 917 831 80 916 816 136 400 343 83 917 831 80 399 342 22 397 340 83 919 818 136 918 832 157 398 341 22 919 818 136 397 340 83 941 355 151 409 352 56 939 830 56 408 351 66 409 352 56 941 355 151 411 354 22 394 337 81 401 344 22 396 339 22 394 337 81 411 354 22 909 809 22 942 833 22 906 806 22 943 834 22 942 833 22 909 809 22 904 804 22 658 577 22 624 543 22 944 835 22 658 577 22 904 804 22 627 546 22 944 835 22 904 804 22 660 579 22 944 835 22 627 546 22 906 806 22 945 836 22 905 805 22 942 833 22 945 836 22 906 806 22 911 811 132 943 834 22 909 809 22 946 837 158 943 834 22 911 811 132 947 838 127 943 834 22 946 837 158 948 839 59 943 834 22 947 838 127 942 833 22 948 839 59 949 840 128 943 834 22 948 839 59 942 833 22 949 840 128 945 836 22 942 833 22 950 841 129 945 836 22 949 840 128 662 581 94 944 835 22 660 579 22 951 842 130 944 835 22 662 581 94 951 842 130 658 577 22 944 835 22 664 583 96 658 577 22 951 842 130 952 741 80 948 740 59 947 739 127 953 742 136 948 740 59 952 741 80 949 840 128 953 844 136 954 843 139 948 839 59 953 844 136 949 840 128 954 843 139 950 841 129 949 840 128 955 845 140 950 841 129 954 843 139 666 585 103 951 842 130 662 581 94 956 846 133 951 842 130 666 585 103 956 823 133 664 822 96 951 821 130 668 824 99 664 822 96 956 823 133 959 849 77 958 848 22 957 847 142 960 850 22 958 848 22 959 849 77 962 852 22 959 849 77 961 851 78 960 850 22 959 849 77 962 852 22 953 844 136 963 851 141 954 843 139 962 852 22 963 851 141 953 844 136 964 853 143 668 587 99 956 846 133 670 589 104 668 587 99 964 853 143 964 853 143 672 591 80 670 589 104 965 854 143 672 591 80 964 853 143 674 593 106 965 854 143 966 855 144 672 591 80 965 854 143 674 593 106 676 595 75 956 846 133 666 585 103 964 853 143 956 846 133 676 595 75 676 595 75 968 854 147 967 853 147 678 597 107 968 854 147 676 595 75 969 855 147 678 597 107 680 599 107 968 854 147 678 597 107 969 855 147 970 851 149 955 845 140 954 843 139 971 856 56 955 845 140 970 851 149 972 858 80 953 844 136 952 857 80 962 852 22 953 844 136 972 858 80 975 860 56 974 847 65 973 859 56 976 849 66 974 847 65 975 860 56 977 851 151 975 860 56 971 856 56 976 849 66 975 860 56 977 851 151 960 850 22 978 861 80 958 848 22 979 862 80 978 861 80 960 850 22 972 858 80 960 850 22 962 852 22 979 862 80 960 850 22 972 858 80 981 864 22 683 602 96 980 863 130 684 603 22 683 602 96 981 864 22 687 606 22 980 863 130 688 607 94 981 864 22 980 863 130 687 606 22 984 867 129 983 866 22 982 865 22 985 868 131 983 866 22 984 867 129 985 868 131 986 869 22 983 866 22 987 870 59 986 869 22 985 868 131 987 870 59 988 871 126 986 869 22 989 872 159 988 871 126 987 870 59 980 823 130 690 822 99 990 821 133 683 824 96 690 822 99 980 823 130 688 607 94 990 873 133 692 611 101 980 863 130 990 873 133 688 607 94 991 874 134 985 868 131 984 867 129 992 875 135 985 868 131 991 874 134 992 875 135 987 870 59 985 868 131 993 876 136 987 870 59 992 875 135 993 740 136 989 741 159 987 742 59 994 739 80 989 741 159 993 740 136 995 256 141 993 876 136 992 875 135 249 221 22 993 876 136 995 256 141 997 877 144 378 324 69 996 322 106 998 878 145 378 324 69 997 877 144 380 326 71 998 878 145 999 879 146 378 324 69 998 878 145 380 326 71 690 609 99 1000 879 145 990 873 133 380 326 71 1000 879 145 690 609 99 1003 327 107 1002 878 147 1001 877 147 382 328 73 1002 878 147 1003 327 107 1004 879 148 382 328 73 384 330 75 1002 878 147 382 328 73 1004 879 148 990 873 133 384 330 75 692 611 101 1005 879 143 384 330 75 990 873 133 1006 880 56 992 875 135 991 874 134 1007 256 150 992 875 135 1006 880 56 249 221 22 994 881 80 993 876 136 391 334 80 994 881 80 249 221 22 986 869 22 1008 882 22 983 866 22 1009 883 22 1008 882 22 986 869 22 981 864 22 694 613 22 684 603 22 1010 884 22 694 613 22 981 864 22 687 606 22 1010 884 22 981 864 22 696 615 22 1010 884 22 687 606 22 983 866 22 1011 885 22 982 865 22 1008 882 22 1011 885 22 983 866 22 988 871 126 1009 883 22 986 869 22 1012 886 86 1009 883 22 988 871 126 1013 887 127 1009 883 22 1012 886 86 1014 888 59 1009 883 22 1013 887 127 1008 882 22 1014 888 59 1015 889 128 1009 883 22 1014 888 59 1008 882 22 1015 889 128 1011 885 22 1008 882 22 1016 890 129 1011 885 22 1015 889 128 698 617 94 1010 884 22 696 615 22 1017 891 130 1010 884 22 698 617 94 1017 891 130 694 613 22 1010 884 22 700 619 96 694 613 22 1017 891 130 1019 893 22 703 622 96 1018 892 130 704 623 22 703 622 96 1019 893 22 707 626 22 1018 892 130 708 627 94 1019 893 22 1018 892 130 707 626 22 1022 896 129 1021 895 22 1020 894 22 1023 897 131 1021 895 22 1022 896 129 1023 897 131 1024 898 22 1021 895 22 1025 899 59 1024 898 22 1023 897 131 1025 899 59 1026 900 126 1024 898 22 1027 901 127 1026 900 126 1025 899 59 1018 823 130 710 822 99 1028 821 133 703 824 96 710 822 99 1018 823 130 708 627 94 1028 902 133 712 631 101 1018 892 130 1028 902 133 708 627 94 1029 903 134 1023 897 131 1022 896 129 1030 904 135 1023 897 131 1029 903 134 1030 904 135 1025 899 59 1023 897 131 1031 905 136 1025 899 59 1030 904 135 1031 740 136 1027 741 127 1025 742 59 1032 739 138 1027 741 127 1031 740 136 1033 741 138 1014 740 59 1013 739 127 1034 742 136 1014 740 59 1033 741 138 1015 889 128 1034 907 136 1035 906 139 1014 888 59 1034 907 136 1015 889 128 1035 906 139 1016 890 129 1015 889 128 1036 908 140 1016 890 129 1035 906 139 714 633 103 1017 891 130 698 617 94 1037 909 133 1017 891 130 714 633 103 1037 909 133 700 619 96 1017 891 130 716 635 99 700 619 96 1037 909 133 1038 315 141 1031 905 136 1030 904 135 182 159 22 1031 905 136 1038 315 141 1039 318 142 386 332 22 390 317 49 387 319 77 386 332 22 1039 318 142 1034 907 136 1040 333 141 1035 906 139 367 313 22 1040 333 141 1034 907 136 1041 910 143 716 635 99 1037 909 133 718 637 104 716 635 99 1041 910 143 1041 910 143 720 639 80 718 637 104 1042 911 143 720 639 80 1041 910 143 1042 911 143 722 641 106 720 639 80 1043 912 144 722 641 106 1042 911 143 1043 912 144 724 643 69 722 641 106 1044 913 145 724 643 69 1043 912 144 726 645 71 1044 913 145 1045 914 146 724 643 69 1044 913 145 726 645 71 710 629 99 1046 914 145 1028 902 133 726 645 71 1046 914 145 710 629 99 728 647 75 1037 909 133 714 633 103 1041 910 143 1037 909 133 728 647 75 728 647 75 1048 911 147 1047 910 147 729 648 107 1048 911 147 728 647 75 729 648 107 1049 912 147 1048 911 147 731 650 108 1049 912 147 729 648 107 731 650 108 1050 913 147 1049 912 147 733 652 73 1050 913 147 731 650 108 1051 914 148 733 652 73 736 655 75 1050 913 147 733 652 73 1051 914 148 1028 902 133 736 655 75 712 631 101 1052 914 143 736 655 75 1028 902 133 1053 333 149 1036 908 140 1035 906 139 1054 915 56 1036 908 140 1053 333 149 368 314 56 1030 904 135 1029 903 134 1055 315 150 1030 904 135 368 314 56 182 159 22 1032 916 138 1031 905 136 181 158 27 1032 916 138 182 159 22 366 312 27 1034 907 136 1033 917 138 367 313 22 1034 907 136 366 312 27 1056 333 151 374 320 47 1054 915 56 373 319 66 374 320 47 1056 333 151 386 332 22 178 155 24 180 157 22 365 311 22 178 155 24 386 332 22 1024 898 22 1057 918 22 1021 895 22 1058 919 22 1057 918 22 1024 898 22 1019 893 22 738 657 22 704 623 22 1059 920 22 738 657 22 1019 893 22 707 626 22 1059 920 22 1019 893 22 740 659 22 1059 920 22 707 626 22 1021 895 22 1060 921 22 1020 894 22 1057 918 22 1060 921 22 1021 895 22 1026 900 126 1058 919 22 1024 898 22 1061 922 86 1058 919 22 1026 900 126 1062 923 160 1058 919 22 1061 922 86 1063 924 59 1058 919 22 1062 923 160 1057 918 22 1063 924 59 1064 925 128 1058 919 22 1063 924 59 1057 918 22 1064 925 128 1060 921 22 1057 918 22 1065 926 129 1060 921 22 1064 925 128 742 661 94 1059 920 22 740 659 22 1066 927 130 1059 920 22 742 661 94 1066 927 130 738 657 22 1059 920 22 744 663 96 738 657 22 1066 927 130 792 714 22 746 665 96 1067 928 130 523 442 22 746 665 96 792 714 22 528 447 22 1067 928 130 748 667 94 792 714 22 1067 928 130 528 447 22 1068 929 129 788 710 22 794 716 22 1069 930 131 788 710 22 1068 929 129 1069 930 131 790 712 22 788 710 22 1070 931 59 790 712 22 1069 930 131 1070 931 59 796 718 126 790 712 22 1071 932 160 796 718 126 1070 931 59 1067 823 130 750 822 99 1072 821 133 746 824 96 750 822 99 1067 823 130 748 667 94 1072 933 133 752 671 113 1067 928 130 1072 933 133 748 667 94 1073 934 161 1069 930 131 1068 929 129 1074 935 139 1069 930 131 1073 934 161 1074 935 139 1070 931 59 1069 930 131 1075 936 162 1070 931 59 1074 935 139 1075 937 162 1071 741 160 1070 742 59 1076 938 53 1071 741 160 1075 937 162 1077 741 53 1063 740 59 1062 739 160 1078 742 163 1063 740 59 1077 741 53 1064 925 128 1078 940 163 1079 939 164 1063 924 59 1078 940 163 1064 925 128 1079 939 164 1065 926 129 1064 925 128 1080 941 140 1065 926 129 1079 939 164 754 673 101 1066 927 130 742 661 94 1081 942 133 1066 927 130 754 673 101 1081 942 133 744 663 96 1066 927 130 756 675 115 744 663 96 1081 942 133 1084 945 165 1083 944 22 1082 943 22 1085 946 166 1083 944 22 1084 945 165 491 421 80 246 218 22 244 216 47 393 336 80 246 218 22 491 421 80 1088 949 167 1087 948 47 1086 947 56 1089 950 22 1087 948 47 1088 949 167 1089 950 22 1090 951 80 1087 948 47 1091 952 80 1090 951 80 1089 950 22 458 953 22 1093 407 1 1092 953 1 474 407 22 1093 407 1 458 953 22 474 407 22 1094 408 1 1093 407 1 475 408 22 1094 408 1 474 407 22 1083 944 22 1095 954 168 1082 943 22 1096 955 78 1095 954 168 1083 944 22 475 408 22 139 127 1 1094 408 1 138 127 22 139 127 1 475 408 22 1098 957 169 289 260 22 1097 956 169 287 258 22 289 260 22 1098 957 169 268 240 53 287 258 22 214 187 43 286 257 59 287 258 22 268 240 53 1100 959 59 211 184 41 1099 958 22 271 243 55 211 184 41 1100 959 59 758 677 22 1102 961 171 1101 960 170 760 679 83 1102 961 171 758 677 22 1090 951 80 1103 962 56 1087 948 47 1104 963 80 1103 962 56 1090 951 80 1107 966 80 1106 965 56 1105 964 56 1108 967 80 1106 965 56 1107 966 80 1104 963 80 1105 964 56 1103 962 56 1107 966 80 1105 964 56 1104 963 80 1110 969 80 484 416 56 1109 968 56 483 415 80 484 416 56 1110 969 80 1092 392 1 460 394 22 458 392 22 1111 394 1 460 394 22 1092 392 1 1108 967 80 1109 968 56 1106 965 56 1110 969 80 1109 968 56 1108 967 80 459 412 86 474 407 22 458 953 22 473 406 44 474 407 22 459 412 86 315 284 44 138 127 22 314 283 44 308 277 44 138 127 22 315 284 44 1112 970 28 1075 936 162 1074 935 139 291 262 22 1075 936 162 1112 970 28 1113 970 172 289 260 22 291 262 22 1097 956 169 289 260 22 1113 970 172 1111 394 1 507 435 22 460 394 22 508 435 1 507 435 22 1111 394 1 203 177 32 250 222 32 251 223 32 208 182 32 250 222 32 203 177 32 1096 955 78 1099 958 22 1114 971 78 1083 944 22 1099 958 22 1096 955 78 1078 940 163 1115 954 28 1079 939 164 1082 943 22 1115 954 28 1078 940 163 1116 972 146 756 675 115 1081 942 133 764 683 116 756 675 115 1116 972 146 1116 972 146 766 685 115 764 683 116 1117 973 173 766 685 115 1116 972 146 1117 973 173 768 687 99 766 685 115 1118 974 174 768 687 99 1117 973 173 1118 974 174 770 689 69 768 687 99 1119 975 143 770 689 69 1118 974 174 772 691 119 1119 975 143 1120 976 143 770 689 69 1119 975 143 772 691 119 750 669 99 1121 976 146 1072 933 133 772 691 119 1121 976 146 750 669 99 774 693 120 1081 942 133 754 673 101 1116 972 146 1081 942 133 774 693 120 774 693 120 1123 973 147 1122 972 2 775 694 121 1123 973 147 774 693 120 775 694 121 1124 974 10 1123 973 147 777 696 121 1124 974 10 775 694 121 777 696 121 1125 975 5 1124 974 10 779 698 123 1125 975 5 777 696 121 1126 976 2 779 698 123 782 701 124 1125 975 5 779 698 123 1126 976 2 1072 933 133 782 701 124 752 671 113 1127 976 175 782 701 124 1072 933 133 1128 954 176 1080 941 140 1079 939 164 1129 977 47 1080 941 140 1128 954 176 1130 978 47 1074 935 139 1073 934 161 1131 970 176 1074 935 139 1130 978 47 291 262 22 1076 979 53 1075 936 162 290 261 59 1076 979 53 291 262 22 1084 945 165 1078 940 163 1077 980 53 1082 943 22 1078 940 163 1084 945 165 202 176 32 251 223 32 252 224 32 203 177 32 251 223 32 202 176 32 212 185 32 1132 981 32 266 238 32 250 222 32 1132 981 32 212 185 32 208 182 32 1132 981 32 250 222 32 269 241 32 1132 981 32 208 182 32 1099 958 22 1085 946 166 1100 959 59 1083 944 22 1085 946 166 1099 958 22 1133 982 49 1089 950 22 1088 949 167 1134 983 22 1089 950 22 1133 982 49 958 985 22 1133 982 49 1135 984 86 1134 983 22 1133 982 49 958 985 22 1136 986 170 785 705 71 784 704 116 1137 987 145 785 705 71 1136 986 170 1139 989 71 1137 987 145 1138 988 145 785 705 71 1137 987 145 1139 989 71 680 709 107 1141 987 147 1140 986 2 787 708 107 1141 987 147 680 709 107 1143 988 147 787 708 107 1142 990 177 1141 987 147 787 708 107 1143 988 147 1144 991 56 1088 949 167 1086 947 56 1145 982 57 1088 949 167 1144 991 56 1146 984 178 1144 991 56 973 992 56 1145 982 57 1144 991 56 1146 984 178 1134 983 22 1091 952 80 1089 950 22 1147 993 80 1091 952 80 1134 983 22 978 994 80 1134 983 22 958 985 22 1147 993 80 1134 983 22 978 994 80 1149 996 180 1148 995 179 171 148 24 1149 996 180 171 148 24 169 146 25 1099 958 22 1151 181 182 1150 971 181 1154 175 57 1153 174 57 1152 957 57 1155 989 183 783 703 28 785 705 71 1099 958 22 211 184 41 1151 181 182 249 221 22 1156 256 79 247 219 49 1158 998 184 1130 978 47 1157 997 56 214 187 43 287 258 22 1159 174 185 1161 970 99 1158 998 184 1160 956 184 1129 977 47 1163 1000 186 1162 999 56 1165 954 99 1164 955 186 1163 1000 186 452 388 85 1003 327 107 1166 877 187 1142 990 177 1101 960 170 1167 988 170 1167 988 170 1101 960 170 1102 961 171 285 256 58 1006 880 56 283 255 56 452 388 85 1166 877 187 451 387 84 248 220 22 246 218 22 393 336 80 1159 174 185 287 258 22 1168 957 141 1165 954 99 1163 1000 186 1129 977 47 1171 181 188 1170 180 188 1169 971 57 1161 970 99 1130 978 47 1158 998 184 451 387 84 1173 877 170 1172 322 69 1174 1001 179 175 152 1 176 153 24 1176 1003 1 1175 1002 179 179 156 24 1138 988 145 1102 961 171 1139 989 71 1176 1003 1 179 156 24 177 154 25 786 706 125 1177 990 189 787 708 107 1178 1004 179 167 144 1 168 145 24</p>
                </polylist>
            </mesh>
        </geometry>
        <geometry id="mesh2">
            <mesh>
                <source id="points2">
                    <float_array id="pointarray2" count="1368">-54.4375 -35.3125 343.4375 0 -29.25 313.8125 0 -35.1875 347.75 49.125 -29.3125 309.9375 54.4375 -35.3125 343.4375 99.3125 -29.25 298.4375 110.0625 -35.25 330.75 140.75 -29.25 281.3125 156 -35.25 311.75 184.4375 -29.3125 253.875 204.375 -35.3125 281.375 221.875 -29.25 221.875 245.875 -35.1875 245.875 253.875 -29.3125 184.4375 281.375 -35.3125 204.375 281.3125 -29.25 140.75 311.75 -35.25 156 298.4375 -29.25 99.3125 330.75 -35.25 110.0625 309.9375 -29.3125 49.125 343.4375 -35.3125 54.4375 313.8125 -29.25 0 347.75 -35.1875 0 309.9375 -29.3125 -49.125 343.4375 -35.3125 -54.4375 298.4375 -29.25 -99.3125 330.75 -35.25 -110.0625 281.3125 -29.25 -140.75 311.75 -35.25 -156 253.875 -29.3125 -184.4375 281.375 -35.3125 -204.375 221.875 -29.25 -221.875 245.875 -35.1875 -245.875 184.4375 -29.3125 -253.875 204.375 -35.3125 -281.375 140.75 -29.25 -281.3125 156 -35.25 -311.75 99.3125 -29.25 -298.4375 110.0625 -35.25 -330.75 49.125 -29.3125 -309.9375 54.4375 -35.3125 -343.4375 0 -29.25 -313.8125 0 -35.1875 -347.75 -49.125 -29.3125 -309.9375 -54.4375 -35.3125 -343.4375 -99.3125 -29.25 -298.4375 -110.0625 -35.25 -330.75 -140.75 -29.25 -281.3125 -156 -35.25 -311.75 -184.4375 -29.3125 -253.875 -204.375 -35.3125 -281.375 -221.875 -29.25 -221.875 -245.875 -35.1875 -245.875 -253.875 -29.3125 -184.4375 -281.375 -35.3125 -204.375 -281.3125 -29.25 -140.75 -311.75 -35.25 -156 -298.4375 -29.25 -99.3125 -330.75 -35.25 -110.0625 -309.9375 -29.3125 -49.125 -343.4375 -35.3125 -54.4375 -313.8125 -29.25 0 -347.75 -35.1875 0 -309.9375 -29.3125 49.125 -343.4375 -35.3125 54.4375 -298.4375 -29.25 99.3125 -330.75 -35.25 110.0625 -281.3125 -29.25 140.75 -311.75 -35.25 156 -253.875 -29.3125 184.4375 -281.375 -35.3125 204.375 -221.875 -29.25 221.875 -245.875 -35.1875 245.875 -184.4375 -29.3125 253.875 -204.375 -35.3125 281.375 -140.75 -29.25 281.3125 -156 -35.25 311.75 -99.3125 -29.25 298.4375 -110.0625 -35.25 330.75 -49.125 -29.3125 309.9375 74.0625 -17.625 222.5 57.125 -9.0625 114.1875 104.9375 -17.625 209.6875 74.875 -9.0625 103.0625 137.5 -17.6875 189.3125 90.0625 -9 90.0625 165.4375 -17.5625 165.4375 103.0625 -9.0625 74.875 189.3125 -17.6875 137.5 114.1875 -9.0625 57.125 209.6875 -17.625 104.9375 121.1875 -9.0625 40.3125 222.5 -17.625 74.0625 125.8125 -9.0625 19.9375 231.0625 -17.6875 36.625 127.4375 -9 0 233.9375 -17.5625 0 125.8125 -9.0625 -19.9375 231.0625 -17.6875 -36.625 121.1875 -9.0625 -40.3125 222.5 -17.625 -74.0625 114.1875 -9.0625 -57.125 209.6875 -17.625 -104.9375 103.0625 -9.0625 -74.875 189.3125 -17.6875 -137.5 90.0625 -9 -90.0625 165.4375 -17.5625 -165.4375 74.875 -9.0625 -103.0625 137.5 -17.6875 -189.3125 57.125 -9.0625 -114.1875 104.9375 -17.625 -209.6875 40.3125 -9.0625 -121.1875 74.0625 -17.625 -222.5 19.9375 -9.0625 -125.8125 36.625 -17.6875 -231.0625 0 -9 -127.4375 0 -17.5625 -233.9375 -19.9375 -9.0625 -125.8125 -36.625 -17.6875 -231.0625 -40.3125 -9.0625 -121.1875 -74.0625 -17.625 -222.5 -57.125 -9.0625 -114.1875 -104.9375 -17.625 -209.6875 -74.875 -9.0625 -103.0625 -137.5 -17.6875 -189.3125 -90.0625 -9 -90.0625 -165.4375 -17.5625 -165.4375 -103.0625 -9.0625 -74.875 -189.3125 -17.6875 -137.5 -114.1875 -9.0625 -57.125 -209.6875 -17.625 -104.9375 -121.1875 -9.0625 -40.3125 -222.5 -17.625 -74.0625 -125.8125 -9.0625 -19.9375 -231.0625 -17.6875 -36.625 -127.4375 -9 0 -233.9375 -17.5625 0 -125.8125 -9.0625 19.9375 -231.0625 -17.6875 36.625 -121.1875 -9.0625 40.3125 -222.5 -17.625 74.0625 -114.1875 -9.0625 57.125 -209.6875 -17.625 104.9375 -103.0625 -9.0625 74.875 -189.3125 -17.6875 137.5 -90.0625 -9 90.0625 -165.4375 -17.5625 165.4375 -74.875 -9.0625 103.0625 -137.5 -17.6875 189.3125 -57.125 -9.0625 114.1875 -104.9375 -17.625 209.6875 -40.3125 -9.0625 121.1875 -74.0625 -17.625 222.5 -19.9375 -9.0625 125.8125 -36.625 -17.6875 231.0625 0 -9 127.4375 0 -17.5625 233.9375 19.9375 -9.0625 125.8125 36.625 -17.6875 231.0625 40.3125 -9.0625 121.1875 334 -36.75 -111.1875 347.5625 -39.9375 -55.375 346.8125 -36.8125 -54.9375 351.875 -39.875 0 351.125 -36.6875 0 347.5625 -39.9375 55.375 346.8125 -36.8125 54.9375 334.9375 -39.875 110.5 334 -36.75 111.1875 315 -39.875 158.6875 314.8125 -36.75 157.5 284.9375 -39.9375 206.5625 284.125 -36.8125 206.375 248.8125 -39.875 248.8125 248.3125 -36.6875 248.3125 206.5625 -39.9375 284.9375 206.375 -36.8125 284.125 158.6875 -39.875 315 157.5 -36.75 314.8125 110.5 -39.875 334.9375 111.1875 -36.75 334 55.375 -39.9375 347.5625 54.9375 -36.8125 346.8125 0 -39.875 351.875 0 -36.6875 351.125 -55.375 -39.9375 347.5625 -54.9375 -36.8125 346.8125 -110.5 -39.875 334.9375 -111.1875 -36.75 334 -158.6875 -39.875 315 -157.5 -36.75 314.8125 -206.5625 -39.9375 284.9375 -206.375 -36.8125 284.125 -248.8125 -39.875 248.8125 -248.3125 -36.6875 248.3125 -284.9375 -39.9375 206.5625 -284.125 -36.8125 206.375 -315 -39.875 158.6875 -314.8125 -36.75 157.5 -334.9375 -39.875 110.5 -334 -36.75 111.1875 -347.5625 -39.9375 55.375 -346.8125 -36.8125 54.9375 -351.875 -39.875 0 -351.125 -36.6875 0 -347.5625 -39.9375 -55.375 -346.8125 -36.8125 -54.9375 -334.9375 -39.875 -110.5 -334 -36.75 -111.1875 -315 -39.875 -158.6875 -314.8125 -36.75 -157.5 -284.9375 -39.9375 -206.5625 -284.125 -36.8125 -206.375 -248.8125 -39.875 -248.8125 -248.3125 -36.6875 -248.3125 -206.5625 -39.9375 -284.9375 -206.375 -36.8125 -284.125 -158.6875 -39.875 -315 -157.5 -36.75 -314.8125 -110.5 -39.875 -334.9375 -111.1875 -36.75 -334 -55.375 -39.9375 -347.5625 -54.9375 -36.8125 -346.8125 0 -39.875 -351.875 0 -36.6875 -351.125 55.375 -39.9375 -347.5625 54.9375 -36.8125 -346.8125 110.5 -39.875 -334.9375 111.1875 -36.75 -334 158.6875 -39.875 -315 157.5 -36.75 -314.8125 206.5625 -39.9375 -284.9375 206.375 -36.8125 -284.125 248.8125 -39.875 -248.8125 248.3125 -36.6875 -248.3125 284.9375 -39.9375 -206.5625 284.125 -36.8125 -206.375 315 -39.875 -158.6875 314.8125 -36.75 -157.5 334.9375 -39.875 -110.5 807 -79.9375 -337.375 827.625 -79.875 -346.25 845.0625 -80 -227.0625 864.1875 -79.8125 -232.0625 869.25 -80.125 -117.25 891.625 -80.125 -117.4375 117.4375 -80.125 1275 0 -79.8125 1275 117.4375 -80.125 1105 0 -79.8125 1105 117.4375 -80.125 900.5625 0 -79.8125 900.9375 -117.4375 -80.125 1274.9375 -117.4375 -80.125 1105 -117.4375 -80.125 900.5625 693.6875 -79.9375 -287.3125 720.375 -80.0625 -205.25 741.6875 -80.125 -117.4375 -864.1875 -79.8125 232.0625 -877.875 -79.9375 174.75 -868.8125 -79.9375 174.75 -891.625 -80.125 117.4375 -880.1875 -80.125 117.4375 689.625 -80 -229.625 716.125 -80.125 -113.375 0 -2.8125 0 720.375 -80.0625 205.25 689.625 -79.9375 229.625 741.6875 -80.125 117.4375 716.125 -80.125 113.375 725.125 -79.8125 0 -864.1875 -79.8125 -232.0625 -868.8125 -79.9375 -174.75 -877.875 -79.9375 -174.75 -891.625 -80.125 -117.5 -725.0625 -79.9375 -233.3125 -720.375 -80.0625 -205.25 -841.8125 -79.875 -246.75 -844.75 -80 -221.625 -702.875 -80.0625 -171.5 -795.25 -80.0625 -176 -720.375 -80.0625 205.25 -725.0625 -79.9375 233.3125 -844.75 -80 221.625 -841.8125 -79.875 246.75 434.25 -80 -756.6875 364.1875 -80.0625 -654.5 332.8125 -79.9375 -808.625 287.3125 -79.9375 -693.6875 0 -79.8125 874.125 -106.1875 -80.125 872.0625 446.9375 -79.8125 -775.125 531.75 -80.125 -697.5625 547.375 -80.125 -713.5 697.5625 -80.125 -531.75 758.875 -80 -435.1875 607.5 -80.125 -441.375 654.5 -80.0625 -364.1875 441.375 -80.125 -607.5 325.1875 -80 -650 426.1875 -80.125 -586.5625 531 -79.8125 -531 512.75 -79.8125 -512.75 586.5625 -80.125 -426.1875 621.25 -79.8125 -621.25 713.5 -80.125 -547.375 775.125 -79.8125 -446.9375 637.0625 -79.8125 -637.0625 340.625 -79.875 -827.9375 725.0625 -79.9375 233.3125 841.8125 -79.875 246.75 844.75 -80 221.625 869.25 -80.125 117.25 750.9375 -79.8125 0 714.1875 -79.9375 237.8125 673.1875 -80 336.8125 650 -80 325.1875 878.5625 -79.8125 0 650 -79.9375 -325.1875 864.1875 -79.8125 232.0625 891.625 -80.125 117.4375 900.9375 -79.8125 0 336.8125 -79.9375 673.1875 237.8125 -80 714.1875 325.1875 -79.9375 650 229.625 -80 689.625 -233.3125 -79.9375 725.0625 -205.25 -80.0625 720.375 -246.75 -79.875 841.8125 -221.625 -80 844.75 -229.625 -80 689.625 -117.4375 -80.125 741.6875 -113.375 -80.125 716.125 205.25 -80.0625 720.375 221.625 -80 844.75 117.4375 -80.125 741.6875 106.1875 -80.125 872.0625 113.375 -80.125 716.125 0 -79.8125 750.9375 0 -79.8125 725.125 -237.8125 -79.9375 714.1875 -336.8125 -80 673.1875 -325.1875 -80 650 233.3125 -79.9375 725.0625 246.75 -79.875 841.8125 -673.1875 -79.9375 336.8125 -714.1875 -80 237.8125 -650 -79.9375 325.1875 -689.625 -80 229.625 -714.1875 -79.9375 -237.8125 -673.1875 -80 -336.8125 -689.625 -79.9375 -229.625 -650 -79.9375 -325.1875 -754.0625 -80 -440.625 -775.125 -79.8125 -446.9375 -697.5625 -80.125 -531.75 -713.5 -80.125 -547.375 -347.6875 -79.9375 -677.6875 -364.1875 -80.0625 -654.5 -420.6875 -79.875 -769.75 -440.625 -80 -754.0625 -325.1875 -79.9375 -650 -441.375 -80.125 -607.5 -426.1875 -80.125 -586.5625 -531.75 -80.125 -697.5625 -654.5 -80.0625 -364.1875 -607.5 -80.125 -441.375 -586.5625 -80.125 -426.1875 -531 -79.8125 -531 -512.75 -79.8125 -512.75 -336.8125 -79.9375 -673.1875 -237.8125 -80 -714.1875 -229.625 -80 -689.625 -621.25 -79.8125 -621.25 -677.6875 -79.9375 -347.6875 -769.75 -79.875 -420.6875 -446.9375 -79.8125 -775.125 -547.375 -80.125 -713.5 -637.0625 -79.8125 -637.0625 -221.625 -80 -844.75 -232.0625 -79.8125 -864.1875 -117.25 -80.125 -869.25 -117.4375 -80.125 -891.625 227.9375 -80 -842.125 232.0625 -79.8125 -864.1875 205.25 -80.0625 -720.375 229.625 -80 -689.625 117.4375 -80.125 -741.6875 113.375 -80.125 -716.125 117.25 -80.125 -869.25 -205.25 -80.0625 -720.375 -117.4375 -80.125 -741.6875 -113.375 -80.125 -716.125 0 -79.8125 -750.9375 0 -79.8125 -725.125 0 -79.8125 -878.5625 -233.3125 -79.9375 -725.0625 -246.75 -79.875 -841.8125 117.4375 -80.125 -891.625 0 -79.8125 -900.9375 -713.5625 -80.125 547.3125 -775.125 -79.8125 446.9375 -705.4375 -80.125 539.3125 -737.875 -79.9375 490.75 -539.3125 -80.125 705.4375 -490.75 -79.9375 737.9375 -547.375 -80.125 713.5 -446.9375 -79.8125 775.125 -364.1875 -80.0625 654.5 -440.625 -80 754.0625 -375.6875 -80.0625 618.3125 -437.875 -80.0625 686.8125 -677.6875 -79.9375 347.6875 -654.5 -80.0625 364.1875 -769.75 -79.875 420.6875 -754.0625 -80 440.625 -618.3125 -80.0625 375.6875 -686.8125 -80.0625 437.875 -347.6875 -79.9375 677.6875 -420.6875 -79.875 769.75 547.375 -80.125 713.5625 446.9375 -79.8125 775.125 539.3125 -80.125 705.4375 490.75 -79.9375 737.875 705.4375 -80.125 539.3125 737.9375 -79.9375 490.75 713.5 -80.125 547.375 775.125 -79.8125 446.9375 654.5 -80.0625 364.1875 754.0625 -80 440.625 618.3125 -80.0625 375.6875 686.8125 -80.0625 437.875 347.6875 -79.9375 677.6875 364.1875 -80.0625 654.5 420.6875 -79.875 769.75 440.625 -80 754.0625 375.6875 -80.0625 618.3125 437.875 -80.0625 686.8125 677.6875 -79.9375 347.6875 769.75 -79.875 420.6875 -702.875 -80.0625 171.5 -795.25 -80.0625 176 -702.875 -80.0625 171.5 -650 -79.9375 325.1875 232.0625 -79.8125 864.1875 179.0625 -79.9375 876.875 126.125 -80.0625 889.5625 -179.0625 -79.9375 876.875 -126.125 -80.0625 889.5625 -232.0625 -79.8125 864.1875 -325.1875 -80 650 325.1875 -79.9375 650 -375.6875 -80.0625 618.3125 650 -80 325.1875 -880.1875 -80.125 -117.4375 618.3125 -80.0625 375.6875</float_array>
                    <technique_common>
                        <accessor count="456" source="#pointarray2" stride="3">
                            <param name="X" type="float"/>
                            <param name="Y" type="float"/>
                            <param name="Z" type="float"/>
                        </accessor>
                    </technique_common>
                </source>
                <source id="uvs2">
                    <float_array id="uvarray2" count="898">-0.533203125 -0.25 -0.314453125 -0.314453125 -0.40234375 -0.40234375 -0.177734375 -0.431640625 -0.25 -0.533203125 -0.017578125 -0.533203125 -0.072265625 -0.64453125 0.1328125 -0.595703125 0.09375 -0.71484375 0.318359375 -0.638671875 0.298828125 -0.76171875 0.5 -0.65234375 0.5 -0.77734375 0.6796875 -0.638671875 0.69921875 -0.76171875 0.865234375 -0.595703125 0.904296875 -0.71484375 1.017578125 -0.533203125 1.072265625 -0.64453125 1.177734375 -0.431640625 1.25 -0.533203125 1.314453125 -0.314453125 1.40234375 -0.40234375 1.431640625 -0.177734375 1.533203125 -0.25 1.533203125 -0.017578125 1.64453125 -0.072265625 1.595703125 0.134765625 1.71484375 0.095703125 1.638671875 0.3203125 1.76171875 0.30078125 1.65234375 0.5 1.77734375 0.5 1.638671875 0.681640625 1.76171875 0.701171875 1.595703125 0.8671875 1.71484375 0.90625 1.533203125 1.017578125 1.64453125 1.072265625 1.431640625 1.177734375 1.533203125 1.25 1.314453125 1.314453125 1.40234375 1.40234375 1.177734375 1.431640625 1.25 1.533203125 1.017578125 1.533203125 1.072265625 1.64453125 0.865234375 1.595703125 0.904296875 1.71484375 0.6796875 1.638671875 0.69921875 1.76171875 0.5 1.65234375 0.5 1.77734375 0.318359375 1.638671875 0.298828125 1.76171875 0.1328125 1.595703125 0.09375 1.71484375 -0.017578125 1.533203125 -0.072265625 1.64453125 -0.177734375 1.431640625 -0.25 1.533203125 -0.314453125 1.314453125 -0.40234375 1.40234375 -0.431640625 1.177734375 -0.533203125 1.25 -0.533203125 1.017578125 -0.64453125 1.072265625 -0.595703125 0.8671875 -0.71484375 0.90625 -0.638671875 0.681640625 -0.76171875 0.701171875 -0.65234375 0.5 -0.77734375 0.5 -0.638671875 0.3203125 -0.76171875 0.30078125 -0.595703125 0.134765625 -0.71484375 0.095703125 -0.533203125 -0.017578125 -0.64453125 -0.072265625 -0.431640625 -0.177734375 0.11328125 -0.26953125 0.3515625 0.0546875 0.2265625 -0.31640625 0.42578125 0.0390625 0.365234375 -0.349609375 0.5 0.033203125 0.5 -0.359375 0.572265625 0.0390625 0.6328125 -0.349609375 0.646484375 0.0546875 0.771484375 -0.31640625 0.708984375 0.080078125 0.884765625 -0.26953125 0.7734375 0.12109375 1.00390625 -0.1953125 0.830078125 0.169921875 1.107421875 -0.107421875 0.87890625 0.2265625 1.1953125 -0.00390625 0.919921875 0.291015625 1.26953125 0.115234375 0.9453125 0.353515625 1.31640625 0.228515625 0.9609375 0.427734375 1.349609375 0.3671875 0.966796875 0.5 1.359375 0.5 0.9609375 0.57421875 1.349609375 0.634765625 0.9453125 0.6484375 1.31640625 0.7734375 0.919921875 0.7109375 1.26953125 0.88671875 0.87890625 0.775390625 1.1953125 1.00390625 0.830078125 0.83203125 1.107421875 1.107421875 0.7734375 0.880859375 1.00390625 1.1953125 0.708984375 0.921875 0.884765625 1.26953125 0.646484375 0.947265625 0.771484375 1.31640625 0.572265625 0.962890625 0.6328125 1.349609375 0.5 0.96875 0.5 1.359375 0.42578125 0.962890625 0.365234375 1.349609375 0.3515625 0.947265625 0.2265625 1.31640625 0.2890625 0.921875 0.11328125 1.26953125 0.224609375 0.880859375 -0.00390625 1.1953125 0.16796875 0.83203125 -0.107421875 1.107421875 0.119140625 0.775390625 -0.1953125 1.00390625 0.078125 0.7109375 -0.26953125 0.88671875 0.052734375 0.6484375 -0.31640625 0.7734375 0.037109375 0.57421875 -0.349609375 0.634765625 0.03125 0.5 -0.359375 0.5 0.037109375 0.427734375 -0.349609375 0.3671875 0.052734375 0.353515625 -0.31640625 0.228515625 0.078125 0.291015625 -0.26953125 0.115234375 0.119140625 0.2265625 -0.1953125 -0.00390625 0.16796875 0.169921875 -0.107421875 -0.107421875 0.224609375 0.12109375 -0.00390625 -0.1953125 0.2890625 0.080078125 1.65625 -0.078125 1.546875 -0.2578125 1.54296875 -0.2578125 1.4140625 -0.4140625 1.412109375 -0.412109375 1.2578125 -0.546875 1.2578125 -0.54296875 1.08203125 -0.65625 1.078125 -0.65625 0.90625 -0.73046875 0.908203125 -0.7265625 0.703125 -0.77734375 0.701171875 -0.7734375 0.5 -0.79296875 0.5 -0.791015625 0.294921875 -0.77734375 0.296875 -0.7734375 0.091796875 -0.73046875 0.08984375 -0.7265625 -0.08203125 -0.65625 -0.078125 -0.65625 -0.2578125 -0.546875 -0.2578125 -0.54296875 -0.4140625 -0.4140625 -0.412109375 -0.412109375 -0.546875 -0.2578125 -0.54296875 -0.2578125 -0.65625 -0.08203125 -0.65625 -0.078125 -0.73046875 0.09375 -0.7265625 0.091796875 -0.77734375 0.296875 -0.7734375 0.298828125 -0.79296875 0.5 -0.791015625 0.5 -0.77734375 0.705078125 -0.7734375 0.703125 -0.73046875 0.908203125 -0.7265625 0.91015625 -0.65625 1.08203125 -0.65625 1.078125 -0.546875 1.2578125 -0.54296875 1.2578125 -0.4140625 1.4140625 -0.412109375 1.412109375 -0.2578125 1.546875 -0.2578125 1.54296875 -0.08203125 1.65625 -0.078125 1.65625 0.091796875 1.73046875 0.08984375 1.7265625 0.294921875 1.77734375 0.296875 1.7734375 0.5 1.79296875 0.5 1.791015625 0.703125 1.77734375 0.701171875 1.7734375 0.90625 1.73046875 0.908203125 1.7265625 1.08203125 1.65625 1.078125 1.65625 1.2578125 1.546875 1.2578125 1.54296875 1.4140625 1.4140625 1.412109375 1.412109375 1.546875 1.2578125 1.54296875 1.2578125 1.65625 1.08203125 1.65625 1.078125 1.73046875 0.908203125 1.7265625 0.91015625 1.77734375 0.705078125 1.7734375 0.703125 1.79296875 0.5 1.791015625 0.5 1.77734375 0.296875 1.7734375 0.298828125 1.73046875 0.09375 1.7265625 0.091796875 1.65625 -0.08203125 3.474609375 -0.720703125 3.55078125 -0.75 3.287109375 -1.10546875 3.349609375 -1.142578125 3.064453125 -1.453125 3.123046875 -1.51171875 -2.5078125 -3.119140625 -2.814453125 -2.814453125 -2.06640625 -2.677734375 -2.37109375 -2.37109375 -1.53515625 -2.146484375 -1.841796875 -1.841796875 -3.119140625 -2.5078125 -2.677734375 -2.06640625 -2.146484375 -1.53515625 3.048828125 -0.5546875 2.90625 -0.837890625 2.732421875 -1.12109375 -2.349609375 2.142578125 -2.236328125 2.326171875 -2.212890625 2.302734375 -2.123046875 2.51171875 -2.091796875 2.482421875 2.888671875 -0.6953125 2.65625 -1.06640625 0.5 0.5 1.837890625 -1.90625 1.6953125 -1.888671875 2.12109375 -1.732421875 2.06640625 -1.65625 2.384765625 -1.384765625 -1.142578125 3.349609375 -1.302734375 3.212890625 -1.326171875 3.236328125 -1.51171875 3.123046875 -0.77734375 2.990234375 -0.837890625 2.90625 -1.044921875 3.328125 -1.119140625 3.271484375 -0.880859375 2.771484375 -1.109375 3.0234375 -1.90625 1.837890625 -1.990234375 1.77734375 -2.271484375 2.119140625 -2.328125 2.044921875 3.595703125 1.337890625 3.1484375 1.25390625 3.466796875 1.736328125 3.048828125 1.5546875 -1.771484375 -1.771484375 -2.04296875 -1.490234375 3.67578125 1.3515625 3.6953125 0.931640625 3.77734375 0.93359375 3.6953125 0.0703125 3.603515625 -0.33984375 3.2265625 0.068359375 3.1484375 -0.25390625 3.2265625 0.93359375 3.03515625 1.34375 3.1328125 0.91796875 3.259765625 0.5 3.1640625 0.5 3.1328125 0.083984375 3.728515625 0.5 3.77734375 0.068359375 3.67578125 -0.3515625 3.810546875 0.5 3.537109375 1.765625 1.77734375 -1.990234375 2.044921875 -2.328125 2.119140625 -2.271484375 2.453125 -2.064453125 2.451171875 -1.451171875 1.73828125 -1.974609375 1.373046875 -2.125 1.34375 -2.03515625 2.783203125 -1.783203125 3.03515625 -0.34375 2.142578125 -2.349609375 2.51171875 -2.123046875 2.841796875 -1.841796875 -0.373046875 -2.125 -0.73828125 -1.974609375 -0.34375 -2.03515625 -0.6953125 -1.888671875 -1.990234375 -0.77734375 -1.90625 -0.837890625 -2.328125 -1.044921875 -2.271484375 -1.119140625 -1.888671875 -0.6953125 -1.732421875 -1.12109375 -1.65625 -1.06640625 -0.837890625 -1.90625 -1.119140625 -2.271484375 -1.12109375 -1.732421875 -1.490234375 -2.04296875 -1.06640625 -1.65625 -1.451171875 -1.451171875 -1.384765625 -1.384765625 -1.974609375 -0.73828125 -2.125 -0.373046875 -2.03515625 -0.34375 -0.77734375 -1.990234375 -1.044921875 -2.328125 -2.125 1.373046875 -1.974609375 1.73828125 -2.03515625 1.34375 -1.888671875 1.6953125 -0.73828125 2.974609375 -0.373046875 3.125 -0.6953125 2.888671875 -0.34375 3.03515625 -0.314453125 3.60546875 -0.3515625 3.67578125 0.068359375 3.6953125 0.06640625 3.77734375 1.357421875 3.1640625 1.25390625 3.1484375 1.40625 3.59375 1.314453125 3.60546875 1.34375 3.03515625 0.931640625 3.2265625 0.916015625 3.1328125 0.9296875 3.6953125 -0.25390625 3.1484375 0.06640625 3.2265625 0.08203125 3.1328125 0.5 3.259765625 0.5 3.1640625 1.373046875 3.125 1.73828125 2.974609375 1.6953125 2.888671875 0.5 3.728515625 -0.357421875 3.1640625 -0.40625 3.59375 1.3515625 3.67578125 0.931640625 3.77734375 0.5 3.810546875 2.119140625 3.271484375 2.142578125 3.349609375 2.453125 3.064453125 2.51171875 3.123046875 3.28125 2.095703125 3.349609375 2.142578125 2.90625 1.837890625 2.888671875 1.6953125 2.732421875 2.12109375 2.65625 2.06640625 3.064453125 2.453125 1.837890625 2.90625 2.12109375 2.732421875 2.06640625 2.65625 2.451171875 2.451171875 2.384765625 2.384765625 2.783203125 2.783203125 1.77734375 2.990234375 2.044921875 3.328125 3.123046875 2.51171875 2.841796875 2.841796875 -2.77734375 0.93359375 -2.67578125 1.3515625 -2.734375 0.93359375 -2.693359375 1.140625 -2.734375 0.068359375 -2.693359375 -0.140625 -2.77734375 0.068359375 -2.67578125 -0.3515625 -2.1484375 -0.25390625 -2.60546875 -0.314453125 -2.083984375 -0.12890625 -2.423828125 -0.146484375 -2.1640625 1.357421875 -2.1484375 1.25390625 -2.59375 1.40625 -2.60546875 1.314453125 -2.083984375 1.12890625 -2.423828125 1.146484375 -2.1640625 -0.357421875 -2.59375 -0.40625 0.06640625 -2.77734375 -0.3515625 -2.67578125 0.06640625 -2.734375 -0.140625 -2.693359375 0.931640625 -2.734375 1.140625 -2.693359375 0.931640625 -2.77734375 1.3515625 -2.67578125 1.25390625 -2.1484375 1.314453125 -2.60546875 1.12890625 -2.083984375 1.146484375 -2.423828125 -0.357421875 -2.1640625 -0.25390625 -2.1484375 -0.40625 -2.59375 -0.314453125 -2.60546875 -0.12890625 -2.083984375 -0.146484375 -2.423828125 1.357421875 -2.1640625 1.40625 -2.59375 -1.771484375 1.880859375 -2.0234375 2.109375 -1.142578125 -2.349609375 -1.3125 -2.244140625 -1.484375 -2.138671875 -2.244140625 -1.3125 -2.138671875 -1.484375 -2.349609375 -1.142578125 -1.482421875 3.091796875</float_array>
                    <technique_common>
                        <accessor count="449" source="#uvarray2" stride="2">
                            <param name="S" type="float"/>
                            <param name="T" type="float"/>
                        </accessor>
                    </technique_common>
                </source>
                <source id="colors2">
                    <float_array id="colorarray2" count="208">0.8980392156862745 0.8980392156862745 0.8980392156862745 1 1 1 1 1 0.6 0.6 0.6 1 0.5019607843137255 0.5019607843137255 0.5019607843137255 1 0.8352941176470589 0.8235294117647058 0.7764705882352941 1 0.615686274509804 0.6078431372549019 0.5725490196078431 1 0 0 0 1 0.4117647058823529 0.40784313725490196 0.38823529411764707 1 0.3803921568627451 0.3764705882352941 0.35294117647058826 1 0.6313725490196078 0.6235294117647059 0.5882352941176471 1 0.4392156862745098 0.43529411764705883 0.41568627450980394 1 0.6352941176470588 0.6274509803921569 0.596078431372549 1 0.7450980392156863 0.7411764705882353 0.7215686274509804 1 0.8 0.8 0.8 1 0.5333333333333333 0.5215686274509804 0.4823529411764706 1 0.5333333333333333 0.5254901960784314 0.48627450980392156 1 0.5450980392156862 0.5372549019607843 0.4980392156862745 1 0.5372549019607843 0.5294117647058824 0.48627450980392156 1 0.6823529411764706 0.6745098039215687 0.6392156862745098 1 0.6431372549019608 0.6392156862745098 0.6078431372549019 1 0.5372549019607843 0.5254901960784314 0.48627450980392156 1 0.5450980392156862 0.5333333333333333 0.49411764705882355 1 0.6274509803921569 0.6196078431372549 0.5843137254901961 1 0.5372549019607843 0.5294117647058824 0.49019607843137253 1 0.6274509803921569 0.6196078431372549 0.5803921568627451 1 0.7843137254901961 0.7764705882352941 0.7411764705882353 1 0.7725490196078432 0.7647058823529411 0.7294117647058823 1 0.5333333333333333 0.5254901960784314 0.4823529411764706 1 0.5294117647058824 0.5215686274509804 0.4823529411764706 1 0.6235294117647059 0.615686274509804 0.5803921568627451 1 0.5294117647058824 0.5176470588235295 0.4823529411764706 1 0.5294117647058824 0.5176470588235295 0.47843137254901963 1 0.788235294117647 0.7764705882352941 0.7411764705882353 1 0.8 0.792156862745098 0.7568627450980392 1 0.7058823529411765 0.6980392156862745 0.6627450980392157 1 0.7529411764705882 0.7411764705882353 0.7058823529411765 1 0.6431372549019608 0.6313725490196078 0.596078431372549 1 0.788235294117647 0.7803921568627451 0.7411764705882353 1 0.6627450980392157 0.6549019607843137 0.615686274509804 1 0.6470588235294118 0.6392156862745098 0.6039215686274509 1 0.7568627450980392 0.7490196078431373 0.7098039215686275 1 0.7490196078431373 0.7411764705882353 0.7019607843137254 1 0.7686274509803922 0.7647058823529411 0.7411764705882353 1 0.7647058823529411 0.7607843137254902 0.7411764705882353 1 0.6470588235294118 0.6392156862745098 0.6078431372549019 1 0.6431372549019608 0.6352941176470588 0.6039215686274509 1 0.5411764705882353 0.5333333333333333 0.49019607843137253 1 0.5411764705882353 0.5294117647058824 0.49019607843137253 1 0.7254901960784313 0.7176470588235294 0.6862745098039216 1 0.7411764705882353 0.7333333333333333 0.6980392156862745 1 0.7294117647058823 0.7215686274509804 0.6862745098039216 1 0.7333333333333333 0.7254901960784313 0.6901960784313725 1</float_array>
                    <technique_common>
                        <accessor count="52" source="#colorarray2" stride="4">
                            <param name="R" type="float"/>
                            <param name="G" type="float"/>
                            <param name="B" type="float"/>
                            <param name="A" type="float"/>
                        </accessor>
                    </technique_common>
                </source>
                <vertices id="vertices2">
                    <input semantic="POSITION" source="#points2"/>
                </vertices>
                <polylist count="710" material="Material1">
                    <input offset="0" semantic="VERTEX" source="#vertices2"/>
                    <input offset="1" semantic="TEXCOORD" source="#uvs2" set="0"/>
                    <input offset="2" semantic="COLOR" source="#colors2" set="0"/>
                    <vcount>3 3 3 3 3 3 3 3 3 3 3 3 3 3 3 3 3 3 3 3 3 3 3 3 3 3 3 3 3 3 3 3 3 3 3 3 3 3 3 3 3 3 3 3 3 3 3 3 3 3 3 3 3 3 3 3 3 3 3 3 3 3 3 3 3 3 3 3 3 3 3 3 3 3 3 3 3 3 3 3 3 3 3 3 3 3 3 3 3 3 3 3 3 3 3 3 3 3 3 3 3 3 3 3 3 3 3 3 3 3 3 3 3 3 3 3 3 3 3 3 3 3 3 3 3 3 3 3 3 3 3 3 3 3 3 3 3 3 3 3 3 3 3 3 3 3 3 3 3 3 3 3 3 3 3 3 3 3 3 3 3 3 3 3 3 3 3 3 3 3 3 3 3 3 3 3 3 3 3 3 3 3 3 3 3 3 3 3 3 3 3 3 3 3 3 3 3 3 3 3 3 3 3 3 3 3 3 3 3 3 3 3 3 3 3 3 3 3 3 3 3 3 3 3 3 3 3 3 3 3 3 3 3 3 3 3 3 3 3 3 3 3 3 3 3 3 3 3 3 3 3 3 3 3 3 3 3 3 3 3 3 3 3 3 3 3 3 3 3 3 3 3 3 3 3 3 3 3 3 3 3 3 3 3 3 3 3 3 3 3 3 3 3 3 3 3 3 3 3 3 3 3 3 3 3 3 3 3 3 3 3 3 3 3 3 3 3 3 3 3 3 3 3 3 3 3 3 3 3 3 3 3 3 3 3 3 3 3 3 3 3 3 3 3 3 3 3 3 3 3 3 3 3 3 3 3 3 3 3 3 3 3 3 3 3 3 3 3 3 3 3 3 3 3 3 3 3 3 3 3 3 3 3 3 3 3 3 3 3 3 3 3 3 3 3 3 3 3 3 3 3 3 3 3 3 3 3 3 3 3 3 3 3 3 3 3 3 3 3 3 3 3 3 3 3 3 3 3 3 3 3 3 3 3 3 3 3 3 3 3 3 3 3 3 3 3 3 3 3 3 3 3 3 3 3 3 3 3 3 3 3 3 3 3 3 3 3 3 3 3 3 3 3 3 3 3 3 3 3 3 3 3 3 3 3 3 3 3 3 3 3 3 3 3 3 3 3 3 3 3 3 3 3 3 3 3 3 3 3 3 3 3 3 3 3 3 3 3 3 3 3 3 3 3 3 3 3 3 3 3 3 3 3 3 3 3 3 3 3 3 3 3 3 3 3 3 3 3 3 3 3 3 3 3 3 3 3 3 3 3 3 3 3 3 3 3 3 3 3 3 3 3 3 3 3 3 3 3 3 3 3 3 3 3 3 3 3 3 3 3 3 3 3 3 3 3 3 3 3 3 3 3 3 3 3 3 3 3 3 3 3 3 3 3 3 3 3 3 3 3 3 3 3 3 3 3 3 3 3 3 3 3 3 3 3 3 3 3 3 3 3 3 3 3 3 3 3 3 3 3 3 3 3 3 3 3 3 3 3 3 3 3 3 3 3 3 3 3 3 3 3 3 3 3 3 3 3 3 3 3 3 3 3 3 3 3 3 3 3 3 3 3 3 3 3 3 3 3 3 3 3 3 3 3 3 3 3 3 3 3</vcount>
                    <p>2 2 0 1 1 0 0 0 0 3 3 0 1 1 0 2 2 0 4 4 0 3 3 0 2 2 0 5 5 0 3 3 0 4 4 0 6 6 0 5 5 0 4 4 0 7 7 0 5 5 0 6 6 0 8 8 0 7 7 0 6 6 0 9 9 0 7 7 0 8 8 0 10 10 0 9 9 0 8 8 0 11 11 0 9 9 0 10 10 0 12 12 0 11 11 0 10 10 0 13 13 0 11 11 0 12 12 0 14 14 0 13 13 0 12 12 0 15 15 0 13 13 0 14 14 0 16 16 0 15 15 0 14 14 0 17 17 0 15 15 0 16 16 0 18 18 0 17 17 0 16 16 0 19 19 0 17 17 0 18 18 0 20 20 0 19 19 0 18 18 0 21 21 0 19 19 0 20 20 0 22 22 0 21 21 0 20 20 0 23 23 0 21 21 0 22 22 0 24 24 0 23 23 0 22 22 0 25 25 0 23 23 0 24 24 0 26 26 0 25 25 0 24 24 0 27 27 0 25 25 0 26 26 0 28 28 0 27 27 0 26 26 0 29 29 0 27 27 0 28 28 0 30 30 0 29 29 0 28 28 0 31 31 0 29 29 0 30 30 0 32 32 0 31 31 0 30 30 0 33 33 0 31 31 0 32 32 0 34 34 0 33 33 0 32 32 0 35 35 0 33 33 0 34 34 0 36 36 0 35 35 0 34 34 0 37 37 0 35 35 0 36 36 0 38 38 0 37 37 0 36 36 0 39 39 0 37 37 0 38 38 0 40 40 0 39 39 0 38 38 0 41 41 0 39 39 0 40 40 0 42 42 0 41 41 0 40 40 0 43 43 0 41 41 0 42 42 0 44 44 0 43 43 0 42 42 0 45 45 0 43 43 0 44 44 0 46 46 0 45 45 0 44 44 0 47 47 0 45 45 0 46 46 0 48 48 0 47 47 0 46 46 0 49 49 0 47 47 0 48 48 0 50 50 0 49 49 0 48 48 0 51 51 0 49 49 0 50 50 0 52 52 0 51 51 0 50 50 0 53 53 0 51 51 0 52 52 0 54 54 0 53 53 0 52 52 0 55 55 0 53 53 0 54 54 0 56 56 0 55 55 0 54 54 0 57 57 0 55 55 0 56 56 0 58 58 0 57 57 0 56 56 0 59 59 0 57 57 0 58 58 0 60 60 0 59 59 0 58 58 0 61 61 0 59 59 0 60 60 0 62 62 0 61 61 0 60 60 0 63 63 0 61 61 0 62 62 0 64 64 0 63 63 0 62 62 0 65 65 0 63 63 0 64 64 0 66 66 0 65 65 0 64 64 0 67 67 0 65 65 0 66 66 0 68 68 0 67 67 0 66 66 0 69 69 0 67 67 0 68 68 0 70 70 0 69 69 0 68 68 0 71 71 0 69 69 0 70 70 0 72 72 0 71 71 0 70 70 0 73 73 0 71 71 0 72 72 0 74 74 0 73 73 0 72 72 0 75 75 0 73 73 0 74 74 0 76 76 0 75 75 0 74 74 0 77 77 0 75 75 0 76 76 0 78 78 0 77 77 0 76 76 0 79 79 0 77 77 0 78 78 0 0 0 0 79 79 0 78 78 0 1 1 0 79 79 0 0 0 0 82 82 0 81 81 1 80 80 0 83 83 1 81 81 1 82 82 0 84 84 0 83 83 1 82 82 0 85 85 1 83 83 1 84 84 0 86 86 0 85 85 1 84 84 0 87 87 1 85 85 1 86 86 0 88 88 0 87 87 1 86 86 0 89 89 1 87 87 1 88 88 0 90 90 0 89 89 1 88 88 0 91 91 1 89 89 1 90 90 0 92 92 0 91 91 1 90 90 0 93 93 1 91 91 1 92 92 0 94 94 0 93 93 1 92 92 0 95 95 1 93 93 1 94 94 0 96 96 0 95 95 1 94 94 0 97 97 1 95 95 1 96 96 0 98 98 0 97 97 1 96 96 0 99 99 1 97 97 1 98 98 0 100 100 0 99 99 1 98 98 0 101 101 1 99 99 1 100 100 0 102 102 0 101 101 1 100 100 0 103 103 1 101 101 1 102 102 0 104 104 0 103 103 1 102 102 0 105 105 1 103 103 1 104 104 0 106 106 0 105 105 1 104 104 0 107 107 1 105 105 1 106 106 0 108 108 0 107 107 1 106 106 0 109 109 1 107 107 1 108 108 0 110 110 0 109 109 1 108 108 0 111 111 1 109 109 1 110 110 0 112 112 0 111 111 1 110 110 0 113 113 1 111 111 1 112 112 0 114 114 0 113 113 1 112 112 0 115 115 1 113 113 1 114 114 0 116 116 0 115 115 1 114 114 0 117 117 1 115 115 1 116 116 0 118 118 0 117 117 1 116 116 0 119 119 1 117 117 1 118 118 0 120 120 0 119 119 1 118 118 0 121 121 1 119 119 1 120 120 0 122 122 0 121 121 1 120 120 0 123 123 1 121 121 1 122 122 0 124 124 0 123 123 1 122 122 0 125 125 1 123 123 1 124 124 0 126 126 0 125 125 1 124 124 0 127 127 1 125 125 1 126 126 0 128 128 0 127 127 1 126 126 0 129 129 1 127 127 1 128 128 0 130 130 0 129 129 1 128 128 0 131 131 1 129 129 1 130 130 0 132 132 0 131 131 1 130 130 0 133 133 1 131 131 1 132 132 0 134 134 0 133 133 1 132 132 0 135 135 1 133 133 1 134 134 0 136 136 0 135 135 1 134 134 0 137 137 1 135 135 1 136 136 0 138 138 0 137 137 1 136 136 0 139 139 1 137 137 1 138 138 0 140 140 0 139 139 1 138 138 0 141 141 1 139 139 1 140 140 0 142 142 0 141 141 1 140 140 0 143 143 1 141 141 1 142 142 0 144 144 0 143 143 1 142 142 0 145 145 1 143 143 1 144 144 0 146 146 0 145 145 1 144 144 0 147 147 1 145 145 1 146 146 0 148 148 0 147 147 1 146 146 0 149 149 1 147 147 1 148 148 0 150 150 0 149 149 1 148 148 0 151 151 1 149 149 1 150 150 0 152 152 0 151 151 1 150 150 0 153 153 1 151 151 1 152 152 0 154 154 0 153 153 1 152 152 0 155 155 1 153 153 1 154 154 0 156 156 0 155 155 1 154 154 0 157 157 1 155 155 1 156 156 0 158 158 0 157 157 1 156 156 0 159 159 1 157 157 1 158 158 0 80 80 0 159 159 1 158 158 0 81 81 1 159 159 1 80 80 0 19 19 0 94 94 0 17 17 0 96 96 0 94 94 0 19 19 0 21 21 0 96 96 0 19 19 0 98 98 0 96 96 0 21 21 0 23 23 0 98 98 0 21 21 0 100 100 0 98 98 0 23 23 0 25 25 0 100 100 0 23 23 0 102 102 0 100 100 0 25 25 0 27 27 0 102 102 0 25 25 0 104 104 0 102 102 0 27 27 0 29 29 0 104 104 0 27 27 0 106 106 0 104 104 0 29 29 0 31 31 0 106 106 0 29 29 0 108 108 0 106 106 0 31 31 0 33 33 0 108 108 0 31 31 0 110 110 0 108 108 0 33 33 0 35 35 0 110 110 0 33 33 0 112 112 0 110 110 0 35 35 0 37 37 0 112 112 0 35 35 0 114 114 0 112 112 0 37 37 0 39 39 0 114 114 0 37 37 0 116 116 0 114 114 0 39 39 0 41 41 0 116 116 0 39 39 0 118 118 0 116 116 0 41 41 0 43 43 0 118 118 0 41 41 0 120 120 0 118 118 0 43 43 0 45 45 0 120 120 0 43 43 0 122 122 0 120 120 0 45 45 0 47 47 0 122 122 0 45 45 0 124 124 0 122 122 0 47 47 0 49 49 0 124 124 0 47 47 0 126 126 0 124 124 0 49 49 0 51 51 0 126 126 0 49 49 0 128 128 0 126 126 0 51 51 0 53 53 0 128 128 0 51 51 0 130 130 0 128 128 0 53 53 0 55 55 0 130 130 0 53 53 0 132 132 0 130 130 0 55 55 0 57 57 0 132 132 0 55 55 0 134 134 0 132 132 0 57 57 0 59 59 0 134 134 0 57 57 0 136 136 0 134 134 0 59 59 0 61 61 0 136 136 0 59 59 0 138 138 0 136 136 0 61 61 0 63 63 0 138 138 0 61 61 0 140 140 0 138 138 0 63 63 0 65 65 0 140 140 0 63 63 0 142 142 0 140 140 0 65 65 0 67 67 0 142 142 0 65 65 0 144 144 0 142 142 0 67 67 0 69 69 0 144 144 0 67 67 0 146 146 0 144 144 0 69 69 0 71 71 0 146 146 0 69 69 0 148 148 0 146 146 0 71 71 0 73 73 0 148 148 0 71 71 0 150 150 0 148 148 0 73 73 0 75 75 0 150 150 0 73 73 0 152 152 0 150 150 0 75 75 0 77 77 0 152 152 0 75 75 0 154 154 0 152 152 0 77 77 0 79 79 0 154 154 0 77 77 0 156 156 0 154 154 0 79 79 0 1 1 0 156 156 0 79 79 0 158 158 0 156 156 0 1 1 0 3 3 0 158 158 0 1 1 0 80 80 0 158 158 0 3 3 0 5 5 0 80 80 0 3 3 0 82 82 0 80 80 0 5 5 0 7 7 0 82 82 0 5 5 0 84 84 0 82 82 0 7 7 0 9 9 0 84 84 0 7 7 0 86 86 0 84 84 0 9 9 0 11 11 0 86 86 0 9 9 0 88 88 0 86 86 0 11 11 0 13 13 0 88 88 0 11 11 0 90 90 0 88 88 0 13 13 0 15 15 0 90 90 0 13 13 0 92 92 0 90 90 0 15 15 0 17 17 0 92 92 0 15 15 0 94 94 0 92 92 0 17 17 0 162 162 2 161 161 3 160 160 2 163 163 3 161 161 3 162 162 2 164 164 2 163 163 3 162 162 2 165 165 3 163 163 3 164 164 2 166 166 2 165 165 3 164 164 2 167 167 3 165 165 3 166 166 2 168 168 2 167 167 3 166 166 2 169 169 3 167 167 3 168 168 2 170 170 2 169 169 3 168 168 2 171 171 3 169 169 3 170 170 2 172 172 2 171 171 3 170 170 2 173 173 3 171 171 3 172 172 2 174 174 2 173 173 3 172 172 2 175 175 3 173 173 3 174 174 2 176 176 2 175 175 3 174 174 2 177 177 3 175 175 3 176 176 2 178 178 2 177 177 3 176 176 2 179 179 3 177 177 3 178 178 2 180 180 2 179 179 3 178 178 2 181 181 3 179 179 3 180 180 2 182 182 2 181 181 3 180 180 2 183 183 3 181 181 3 182 182 2 184 184 2 183 183 3 182 182 2 185 185 3 183 183 3 184 184 2 186 186 2 185 185 3 184 184 2 187 187 3 185 185 3 186 186 2 188 188 2 187 187 3 186 186 2 189 189 3 187 187 3 188 188 2 190 190 2 189 189 3 188 188 2 191 191 3 189 189 3 190 190 2 192 192 2 191 191 3 190 190 2 193 193 3 191 191 3 192 192 2 194 194 2 193 193 3 192 192 2 195 195 3 193 193 3 194 194 2 196 196 2 195 195 3 194 194 2 197 197 3 195 195 3 196 196 2 198 198 2 197 197 3 196 196 2 199 199 3 197 197 3 198 198 2 200 200 2 199 199 3 198 198 2 201 201 3 199 199 3 200 200 2 202 202 2 201 201 3 200 200 2 203 203 3 201 201 3 202 202 2 204 204 2 203 203 3 202 202 2 205 205 3 203 203 3 204 204 2 206 206 2 205 205 3 204 204 2 207 207 3 205 205 3 206 206 2 208 208 2 207 207 3 206 206 2 209 209 3 207 207 3 208 208 2 210 210 2 209 209 3 208 208 2 211 211 3 209 209 3 210 210 2 212 212 2 211 211 3 210 210 2 213 213 3 211 211 3 212 212 2 214 214 2 213 213 3 212 212 2 215 215 3 213 213 3 214 214 2 216 216 2 215 215 3 214 214 2 217 217 3 215 215 3 216 216 2 218 218 2 217 217 3 216 216 2 219 219 3 217 217 3 218 218 2 220 220 2 219 219 3 218 218 2 221 221 3 219 219 3 220 220 2 222 222 2 221 221 3 220 220 2 223 223 3 221 221 3 222 222 2 224 224 2 223 223 3 222 222 2 225 225 3 223 223 3 224 224 2 226 226 2 225 225 3 224 224 2 227 227 3 225 225 3 226 226 2 228 228 2 227 227 3 226 226 2 229 229 3 227 227 3 228 228 2 230 230 2 229 229 3 228 228 2 231 231 3 229 229 3 230 230 2 232 232 2 231 231 3 230 230 2 233 233 3 231 231 3 232 232 2 234 234 2 233 233 3 232 232 2 235 235 3 233 233 3 234 234 2 236 236 2 235 235 3 234 234 2 237 237 3 235 235 3 236 236 2 238 238 2 237 237 3 236 236 2 239 239 3 237 237 3 238 238 2 160 160 2 239 239 3 238 238 2 161 161 3 239 239 3 160 160 2 224 224 2 42 42 0 226 226 2 44 44 0 42 42 0 224 224 2 222 222 2 44 44 0 224 224 2 46 46 0 44 44 0 222 222 2 220 220 2 46 46 0 222 222 2 48 48 0 46 46 0 220 220 2 218 218 2 48 48 0 220 220 2 50 50 0 48 48 0 218 218 2 216 216 2 50 50 0 218 218 2 52 52 0 50 50 0 216 216 2 214 214 2 52 52 0 216 216 2 54 54 0 52 52 0 214 214 2 212 212 2 54 54 0 214 214 2 56 56 0 54 54 0 212 212 2 210 210 2 56 56 0 212 212 2 58 58 0 56 56 0 210 210 2 208 208 2 58 58 0 210 210 2 60 60 0 58 58 0 208 208 2 206 206 2 60 60 0 208 208 2 62 62 0 60 60 0 206 206 2 204 204 2 62 62 0 206 206 2 64 64 0 62 62 0 204 204 2 202 202 2 64 64 0 204 204 2 66 66 0 64 64 0 202 202 2 200 200 2 66 66 0 202 202 2 68 68 0 66 66 0 200 200 2 198 198 2 68 68 0 200 200 2 70 70 0 68 68 0 198 198 2 196 196 2 70 70 0 198 198 2 72 72 0 70 70 0 196 196 2 194 194 2 72 72 0 196 196 2 74 74 0 72 72 0 194 194 2 192 192 2 74 74 0 194 194 2 76 76 0 74 74 0 192 192 2 190 190 2 76 76 0 192 192 2 78 78 0 76 76 0 190 190 2 188 188 2 78 78 0 190 190 2 0 0 0 78 78 0 188 188 2 186 186 2 0 0 0 188 188 2 2 2 0 0 0 0 186 186 2 184 184 2 2 2 0 186 186 2 4 4 0 2 2 0 184 184 2 182 182 2 4 4 0 184 184 2 6 6 0 4 4 0 182 182 2 180 180 2 6 6 0 182 182 2 8 8 0 6 6 0 180 180 2 178 178 2 8 8 0 180 180 2 10 10 0 8 8 0 178 178 2 176 176 2 10 10 0 178 178 2 12 12 0 10 10 0 176 176 2 174 174 2 12 12 0 176 176 2 14 14 0 12 12 0 174 174 2 172 172 2 14 14 0 174 174 2 16 16 0 14 14 0 172 172 2 170 170 2 16 16 0 172 172 2 18 18 0 16 16 0 170 170 2 168 168 2 18 18 0 170 170 2 20 20 0 18 18 0 168 168 2 166 166 2 20 20 0 168 168 2 22 22 0 20 20 0 166 166 2 164 164 2 22 22 0 166 166 2 24 24 0 22 22 0 164 164 2 162 162 2 24 24 0 164 164 2 26 26 0 24 24 0 162 162 2 160 160 2 26 26 0 162 162 2 28 28 0 26 26 0 160 160 2 238 238 2 28 28 0 160 160 2 30 30 0 28 28 0 238 238 2 236 236 2 30 30 0 238 238 2 32 32 0 30 30 0 236 236 2 234 234 2 32 32 0 236 236 2 34 34 0 32 32 0 234 234 2 232 232 2 34 34 0 234 234 2 36 36 0 34 34 0 232 232 2 230 230 2 36 36 0 232 232 2 38 38 0 36 36 0 230 230 2 228 228 2 38 38 0 230 230 2 40 40 0 38 38 0 228 228 2 226 226 2 40 40 0 228 228 2 42 42 0 40 40 0 226 226 2 242 242 4 241 241 5 240 240 4 243 243 5 241 241 5 242 242 4 244 244 4 243 243 5 242 242 4 245 245 5 243 243 5 244 244 4 248 248 7 247 247 6 246 246 6 249 249 8 247 247 6 248 248 7 250 250 9 249 249 8 248 248 7 251 251 4 249 249 8 250 250 9 249 249 8 252 252 6 247 247 6 253 253 10 252 252 6 249 249 8 251 251 4 253 253 10 249 249 8 254 254 11 253 253 10 251 251 4 256 256 4 240 240 4 255 255 4 242 242 4 240 240 4 256 256 4 257 257 4 242 242 4 256 256 4 244 244 4 242 242 4 257 257 4 260 260 13 259 259 13 258 258 12 261 261 2 259 259 13 260 260 13 262 262 2 261 261 2 260 260 13 263 263 14 256 256 4 255 255 4 257 257 4 256 256 4 263 263 14 264 264 15 257 257 4 263 263 14 265 265 1 117 117 1 119 119 1 115 115 1 117 117 1 265 265 1 113 113 1 115 115 1 265 265 1 268 268 4 267 267 16 266 266 4 269 269 15 267 267 16 268 268 4 270 270 17 269 269 15 268 268 4 273 273 13 272 272 13 271 271 12 274 274 2 272 272 13 273 273 13 277 277 19 276 276 4 275 275 18 278 278 4 276 276 4 277 277 19 278 278 4 279 279 20 276 276 4 280 280 21 279 279 20 278 278 4 283 283 4 282 282 22 281 281 4 284 284 19 282 282 22 283 283 4 271 271 12 280 280 21 278 278 4 272 272 13 280 280 21 271 271 12 287 287 4 286 286 4 285 285 4 288 288 4 286 286 4 287 287 4 289 289 4 254 254 11 251 251 4 290 290 4 254 254 11 289 289 4 292 292 4 291 291 5 285 285 4 293 293 5 291 291 5 292 292 4 296 296 4 295 295 4 294 294 4 297 297 4 295 295 4 296 296 4 297 297 4 240 240 4 295 295 4 255 255 4 240 240 4 297 297 4 298 298 4 285 285 4 286 286 4 292 292 4 285 285 4 298 298 4 299 299 14 298 298 4 286 286 4 300 300 20 298 298 4 299 299 14 302 302 23 296 296 4 301 301 4 303 303 17 296 296 4 302 302 23 300 300 20 301 301 4 298 298 4 302 302 23 301 301 4 300 300 20 294 294 4 301 301 4 296 296 4 304 304 4 301 301 4 294 294 4 304 304 4 298 298 4 301 301 4 292 292 4 298 298 4 304 304 4 294 294 4 306 306 5 305 305 5 295 295 4 306 306 5 294 294 4 295 295 4 241 241 5 306 306 5 240 240 4 241 241 5 295 295 4 305 305 5 304 304 4 294 294 4 307 307 5 304 304 4 305 305 5 307 307 5 292 292 4 304 304 4 293 293 5 292 292 4 307 307 5 308 308 5 285 285 4 291 291 5 287 287 4 285 285 4 308 308 5 310 310 5 266 266 4 309 309 24 311 311 4 266 266 4 310 310 5 311 311 4 268 268 4 266 266 4 312 312 4 268 268 4 311 311 4 264 264 15 313 313 4 257 257 4 270 270 17 313 313 4 264 264 15 267 267 16 315 315 26 314 314 25 316 316 27 315 315 26 267 267 16 312 312 4 313 313 4 268 268 4 317 317 4 313 313 4 312 312 4 121 121 1 265 265 1 119 119 1 123 123 1 265 265 1 121 121 1 125 125 1 265 265 1 123 123 1 127 127 1 265 265 1 125 125 1 129 129 1 265 265 1 127 127 1 131 131 1 265 265 1 129 129 1 133 133 1 265 265 1 131 131 1 135 135 1 265 265 1 133 133 1 137 137 1 265 265 1 135 135 1 139 139 1 265 265 1 137 137 1 141 141 1 265 265 1 139 139 1 143 143 1 265 265 1 141 141 1 145 145 1 265 265 1 143 143 1 147 147 1 265 265 1 145 145 1 149 149 1 265 265 1 147 147 1 151 151 1 265 265 1 149 149 1 153 153 1 265 265 1 151 151 1 155 155 1 265 265 1 153 153 1 297 297 4 318 318 27 255 255 4 296 296 4 318 318 27 297 297 4 157 157 1 265 265 1 155 155 1 159 159 1 265 265 1 157 157 1 81 81 1 265 265 1 159 159 1 83 83 1 265 265 1 81 81 1 85 85 1 265 265 1 83 83 1 87 87 1 265 265 1 85 85 1 89 89 1 265 265 1 87 87 1 91 91 1 265 265 1 89 89 1 93 93 1 265 265 1 91 91 1 95 95 1 265 265 1 93 93 1 97 97 1 265 265 1 95 95 1 99 99 1 265 265 1 97 97 1 101 101 1 265 265 1 99 99 1 103 103 1 265 265 1 101 101 1 105 105 1 265 265 1 103 103 1 107 107 1 265 265 1 105 105 1 109 109 1 265 265 1 107 107 1 111 111 1 265 265 1 109 109 1 317 317 4 257 257 4 313 313 4 244 244 4 257 257 4 317 317 4 319 319 5 312 312 4 311 311 4 320 320 5 312 312 4 319 319 5 320 320 5 317 317 4 312 312 4 321 321 5 317 317 4 320 320 5 321 321 5 244 244 4 317 317 4 245 245 5 244 244 4 321 321 5 324 324 28 323 323 26 322 322 25 325 325 28 323 323 26 324 324 28 328 328 11 327 327 4 326 326 29 329 329 4 327 327 4 328 328 11 331 331 4 330 330 28 327 327 4 332 332 30 330 330 28 331 331 4 329 329 4 331 331 4 327 327 4 290 290 4 331 331 4 329 329 4 335 335 4 334 334 4 333 333 4 336 336 4 334 334 4 335 335 4 325 325 28 335 335 4 333 333 4 337 337 28 335 335 4 325 325 28 339 339 31 331 331 4 338 338 4 332 332 30 331 331 4 339 339 31 337 337 28 338 338 4 335 335 4 339 339 31 338 338 4 337 337 28 330 330 28 341 341 26 340 340 25 342 342 14 341 341 26 330 330 28 290 290 4 338 338 4 331 331 4 289 289 4 338 338 4 290 290 4 289 289 4 335 335 4 338 338 4 336 336 4 335 335 4 289 289 4 334 334 4 343 343 29 333 333 4 344 344 11 343 343 29 334 334 4 289 289 4 250 250 9 336 336 4 251 251 4 250 250 9 289 289 4 347 347 15 346 346 26 345 345 32 348 348 15 346 346 26 347 347 15 351 351 27 350 350 26 349 349 33 352 352 14 350 350 26 351 351 27 355 355 4 354 354 34 353 353 4 356 356 35 354 354 34 355 355 4 359 359 5 358 358 4 357 357 36 360 360 4 358 358 4 359 359 5 362 362 4 361 361 27 358 358 4 363 363 15 361 361 27 362 362 4 360 360 4 362 362 4 358 358 4 364 364 4 362 362 4 360 360 4 366 366 4 353 353 4 365 365 4 355 355 4 353 353 4 366 366 4 352 352 14 366 366 4 365 365 4 367 367 15 366 366 4 352 352 14 369 369 17 362 362 4 368 368 4 363 363 15 362 362 4 369 369 17 367 367 15 368 368 4 366 366 4 369 369 17 368 368 4 367 367 15 361 361 27 371 371 37 370 370 32 372 372 15 371 371 37 361 361 27 364 364 4 368 368 4 362 362 4 373 373 4 368 368 4 364 364 4 373 373 4 366 366 4 368 368 4 355 355 4 366 366 4 373 373 4 353 353 4 374 374 38 365 365 4 375 375 39 374 374 38 353 353 4 376 376 34 364 364 4 360 360 4 377 377 40 364 364 4 376 376 34 377 377 40 373 373 4 364 364 4 378 378 41 373 373 4 377 377 40 378 378 41 355 355 4 373 373 4 356 356 35 355 355 4 378 378 41 381 381 4 380 380 5 379 379 4 382 382 5 380 380 5 381 381 4 308 308 5 383 383 4 287 287 4 384 384 5 383 383 4 308 308 5 387 387 4 386 386 14 385 385 4 388 388 20 386 386 14 387 387 4 383 383 4 387 387 4 385 385 4 389 389 4 387 387 4 383 383 4 391 391 4 379 379 4 390 390 4 381 381 4 379 379 4 391 391 4 372 372 15 391 391 4 390 390 4 392 392 17 391 391 4 372 372 15 394 394 23 387 387 4 393 393 4 388 388 20 387 387 4 394 394 23 392 392 17 393 393 4 391 391 4 394 394 23 393 393 4 392 392 17 287 287 4 385 385 4 288 288 4 383 383 4 385 385 4 287 287 4 389 389 4 393 393 4 387 387 4 395 395 4 393 393 4 389 389 4 395 395 4 391 391 4 393 393 4 381 381 4 391 391 4 395 395 4 379 379 4 396 396 22 390 390 4 397 397 5 396 396 22 379 379 4 384 384 5 389 389 4 383 383 4 398 398 5 389 389 4 384 384 5 398 398 5 395 395 4 389 389 4 399 399 5 395 395 4 398 398 5 399 399 5 381 381 4 395 395 4 382 382 5 381 381 4 399 399 5 402 402 13 401 401 42 400 400 13 403 403 13 401 401 42 402 402 13 406 406 13 405 405 13 404 404 13 407 407 43 405 405 13 406 406 13 410 410 17 409 409 4 408 408 4 411 411 21 409 409 4 410 410 17 411 411 21 407 407 43 409 409 4 405 405 13 407 407 43 411 411 21 414 414 44 413 413 4 412 412 22 415 415 4 413 413 4 414 414 44 415 415 4 416 416 20 413 413 4 417 417 21 416 416 20 415 415 4 409 409 4 418 418 22 408 408 4 419 419 45 418 418 22 409 409 4 401 401 42 417 417 21 415 415 4 403 403 13 417 417 21 401 401 42 422 422 13 421 421 43 420 420 13 423 423 13 421 421 43 422 422 13 426 426 13 425 425 13 424 424 13 427 427 43 425 425 13 426 426 13 430 430 17 429 429 46 428 428 15 431 431 21 429 429 46 430 430 17 431 431 21 427 427 43 429 429 46 425 425 13 427 427 43 431 431 21 434 434 45 433 433 15 432 432 22 435 435 47 433 433 15 434 434 45 435 435 47 436 436 20 433 433 15 437 437 21 436 436 20 435 435 47 429 429 46 438 438 22 428 428 15 439 439 45 438 438 22 429 429 46 421 421 43 437 437 21 435 435 47 423 423 13 437 437 21 421 421 43 440 440 17 283 283 4 281 281 4 441 441 21 283 283 4 440 440 17 441 441 21 258 258 12 283 283 4 260 260 13 258 258 12 441 441 21 350 350 26 365 365 4 374 374 38 341 341 26 408 408 4 418 418 22 442 440 20 281 281 4 348 348 15 443 347 27 413 413 4 416 416 20 271 271 12 278 278 4 277 277 19 266 266 4 314 314 25 309 309 24 346 346 26 281 281 4 282 282 22 351 351 27 276 276 4 279 279 20 390 390 4 371 371 37 372 372 15 349 349 33 276 276 4 351 351 27 281 281 4 346 346 26 348 348 15 276 276 4 349 349 33 275 275 18 288 288 4 386 386 14 299 299 14 370 370 32 358 358 4 361 361 27 284 284 19 283 283 4 258 258 12 421 421 43 435 435 47 434 434 45 345 345 32 413 413 4 443 347 27 365 365 4 350 350 26 352 352 14 334 334 4 445 443 49 444 442 48 336 336 4 446 444 50 445 443 49 329 329 4 447 445 51 290 290 4 447 445 51 448 446 50 290 290 4 449 447 50 447 445 51 329 329 4 408 408 4 341 341 26 450 342 15 449 447 50 329 329 4 328 328 11 358 358 4 370 370 32 357 357 36 446 444 50 336 336 4 250 250 9 323 323 26 333 333 4 343 343 29 413 413 4 345 345 32 412 412 22 433 433 15 322 322 25 432 432 22 315 315 26 428 428 15 438 438 22 419 419 45 409 409 4 407 407 43 340 340 25 327 327 4 330 330 28 397 397 5 379 379 4 380 380 5 451 324 27 433 433 15 436 436 20 333 333 4 323 323 26 325 325 28 286 286 4 288 288 4 299 299 14 255 255 4 318 318 27 263 263 14 375 375 39 353 353 4 354 354 34 327 327 4 340 340 25 326 326 29 439 439 45 429 429 46 427 427 43 452 410 20 408 408 4 450 342 15 371 371 37 390 390 4 396 396 22 268 268 4 313 313 4 270 270 17 428 428 15 315 315 26 453 316 15 274 274 2 454 448 2 272 272 13 376 376 34 360 360 4 359 359 5 322 322 25 433 433 15 451 324 27 319 319 5 311 311 4 310 310 5 336 336 4 445 443 49 334 334 4 344 344 11 334 334 4 444 442 48 455 430 20 428 428 15 453 316 15 254 254 11 290 290 4 448 446 50 314 314 25 266 266 4 267 267 16 318 318 27 296 296 4 303 303 17 401 401 42 415 415 4 414 414 44 288 288 4 385 385 4 386 386 14 111 111 1 113 113 1 265 265 1</p>
                </polylist>
            </mesh>
        </geometry>
        <geometry id="mesh3">
            <mesh>
                <source id="points3">
                    <float_array id="pointarray3" count="1191">875.1875 46 254.4375 902.5625 45.75 117.3125 873.5625 287.8125 253.875 900.9375 287.625 117.0625 900.125 439.4375 116.9375 900.9375 288.0625 0 900.9375 439.875 0 891.625 287.625 -117.4375 891.625 439.4375 -117.4375 864.1875 288.0625 -232.0625 864.1875 439.875 -232.0625 827.625 288.0625 -346.25 827.625 439.8125 -346.25 775.125 439.875 -446.9375 -875.1875 46 -254.4375 -902.5625 45.75 -117.3125 -873.5625 287.8125 -253.875 -900.9375 287.625 -117.0625 -900.125 439.4375 -116.9375 -910.1875 287.8125 0 -909.375 439.5625 0 -900.9375 287.625 117.0625 -900.125 439.4375 116.9375 -873.5625 287.8125 253.875 -872.75 439.5625 253.5625 -438.875 46 -798.75 -555.25 45.75 -721.1875 -438.1875 287.8125 -797.25 -554.25 287.625 -719.8125 -553.75 439.4375 -719.125 -643.625 287.8125 -643.625 -643 439.5625 -643 -719.8125 287.625 -554.25 -719.125 439.4375 -553.75 -797.25 287.8125 -438.1875 -796.4375 439.5625 -437.8125 -768.625 509.4375 -458.125 -764 536.125 -465.3125 -710.375 509.3125 -545.125 -724.5625 656.625 -529.1875 -634.3125 509.4375 -634.3125 -633.4375 656.6875 -633.4375 -529.1875 656.625 -724.5625 -631.0625 716 -631.0625 -576.25 695.1875 -681.6875 768.625 509.4375 458.125 764 536.125 465.3125 710.375 509.3125 545.125 724.5625 656.625 529.1875 634.3125 509.4375 634.3125 633.4375 656.6875 633.4375 529.1875 656.625 724.5625 631.0625 716 631.0625 576.25 695.1875 681.6875 -867.4375 509.4375 219.5 -869.25 536.125 211.1875 -887.8125 509.3125 116.8125 -886.5625 656.5625 138.125 -897.0625 509.4375 0 -895.8125 656.6875 0 -886.5625 656.625 -138.125 -892.5 716 0 -889.5 695.1875 -74.5 -458.125 509.4375 768.625 -465.3125 536.125 764 -545.125 509.3125 710.375 -529.1875 656.5625 724.5625 -634.3125 509.4375 634.3125 -633.4375 656.6875 633.4375 -724.5625 656.625 529.1875 -631.0625 716 631.0625 -681.6875 695.1875 576.25 -714.9375 656.625 507.1875 -669.25 695.1875 557.125 -615.25 716 615.25 -576.25 695.1875 681.6875 -557.125 695.1875 669.25 -507.1875 656.625 714.9375 507.1875 656.625 714.9375 557.125 695.1875 669.25 615.25 716 615.25 681.6875 695.1875 576.25 669.25 695.1875 557.125 714.9375 656.625 507.1875 -507.1875 656.625 -714.9375 -557.125 695.1875 -669.25 -615.25 716 -615.25 -681.6875 695.1875 -576.25 -669.25 695.1875 -557.125 -714.9375 656.625 -507.1875 -864.1875 656.625 -146.875 -867.1875 695.1875 -79.25 -870.125 716 0 -889.5 695.1875 74.5 -867.1875 695.1875 79.25 -864.1875 656.625 146.875 775.125 716.3125 -446.9375 827.625 716.25 -346.25 775.125 657 -446.9375 827.625 656.9375 -346.25 827.625 509.625 -346.25 864.1875 657 -232.0625 864.1875 509.6875 -232.0625 891.625 509.25 -117.4375 -183.3125 151.4375 890.5 -183.125 287.6875 889.6875 -253.875 287.8125 873.5625 -171.8125 325 890.75 -116.9375 439.4375 900.125 -103.25 394.6875 901.125 0 428.875 909.5625 -188.3125 596.125 880.0625 -116.8125 509.3125 887.8125 -138.125 656.625 886.5625 0 509.4375 897.0625 0 656.6875 895.8125 138.125 656.5625 886.5625 74.5 695.1875 889.5 -845.0625 509.4375 233.25 -846.9375 536.125 224.625 -880.0625 596.125 188.3125 -857.6875 596.125 200.3125 -432.625 509.4375 762.5 -440 536.125 757.6875 -489.0625 596.125 755.4375 -464.8125 596.125 748.125 762.5 509.4375 432.625 757.6875 536.125 440 755.4375 596.125 489.0625 748.125 596.125 464.8125 219.5 509.4375 867.4375 233.25 509.4375 845.0625 211.1875 536.125 869.25 224.625 536.125 846.9375 188.3125 596.125 880.0625 200.3125 596.125 857.6875 146.875 656.625 864.1875 -762.5 509.4375 -432.625 -757.6875 536.125 -440 -755.4375 596.125 -489.0625 -748.125 596.125 -464.8125 513.875 316.9375 746.9375 550.5 316.9375 722.1875 553.75 439.4375 719.125 554.8125 316.9375 720.1875 643 439.5625 643 644.4375 316.9375 644.4375 720.1875 316.9375 554.8125 -514.3125 115.8125 747.5625 -438.875 46 798.75 -514.125 220.0625 747.25 -438.1875 287.8125 797.25 -513.875 316.9375 746.9375 -437.8125 439.5625 796.4375 -553.75 439.4375 719.125 -117.3125 45.75 -902.5625 -254.4375 46 -875.1875 -117.0625 287.625 -900.9375 -253.875 287.8125 -873.5625 -116.9375 439.4375 -900.125 -253.5625 439.5625 -872.75 232.0625 716 -864.1875 340.625 715.9375 -827.9375 232.0625 656.6875 -864.1875 340.625 656.625 -827.9375 232.0625 509.375 -864.1875 340.625 509.375 -827.9375 0 46 -911.875 0 287.8125 -910.1875 0 439.5625 -909.375 446.9375 716 -775.125 547.375 715.9375 -713.5 446.9375 656.6875 -775.125 547.375 656.625 -713.5 446.9375 509.375 -775.125 547.375 509.25 -713.5 637.0625 45.75 -637.0625 547.375 45.75 -713.5 637.0625 287.5625 -637.0625 547.375 287.625 -713.5 637.0625 439.3125 -637.0625 547.375 439.4375 -713.5 446.9375 46.0625 -775.125 446.9375 287.8125 -775.125 446.9375 439.5625 -775.125 713.5 45.5 -547.375 713.5 287.3125 -547.375 713.5 439.125 -547.375 797.25 287.8125 438.1875 796.4375 439.5625 437.8125 746.9375 316.9375 513.875 719.125 439.4375 553.75 722.1875 316.9375 550.5 117.3125 45.75 -902.5625 117.0625 287.625 -900.9375 116.9375 439.4375 -900.125 171.8125 325 890.75 116.9375 439.4375 900.125 103.25 394.6875 901.125 0 439.5625 909.375 514.3125 115.8125 747.5625 514.125 220.0625 747.25 438.1875 287.8125 797.25 437.8125 439.5625 796.4375 183.5625 45.875 891.3125 254.4375 46 875.1875 183.3125 151.4375 890.5 253.875 287.8125 873.5625 183.125 287.6875 889.6875 -200.3125 596.125 -857.6875 -188.3125 596.125 -880.0625 -224.625 536.125 -846.9375 -211.1875 536.125 -869.25 -233.25 509.4375 -845.0625 -219.5 509.4375 -867.4375 -719.125 439.4375 553.75 -796.4375 439.5625 437.8125 -746.9375 316.9375 513.875 -797.25 287.8125 438.1875 -747.25 220.0625 514.125 -747.5625 115.8125 514.3125 -798.75 46 438.875 -721.1875 45.75 555.25 -722.75 115.8125 550.875 -720.625 115.8125 555.125 116.8125 509.3125 887.8125 -270 46 853.125 -254.4375 46 875.1875 -269.4375 287.75 851.5625 -253.5625 439.5625 872.75 -794.1875 46 412.3125 -792.6875 287.75 411.625 864.1875 46.3125 -232.0625 827.625 46.25 -346.25 775.125 46.3125 -446.9375 -411.25 439.5625 791.875 -411.625 287.75 792.6875 -748.125 596.125 464.8125 -755.4375 596.125 489.0625 853.125 46 270 851.5625 287.75 269.4375 872.75 439.5625 253.5625 -853.125 46 -270 -851.5625 287.75 -269.4375 -872.75 439.5625 -253.5625 -412.3125 46 -794.1875 -411.625 287.75 -792.6875 -437.8125 439.5625 -796.4375 464.8125 596.125 748.125 489.0625 596.125 755.4375 -768.625 509.4375 458.125 -710.375 509.3125 545.125 -764 536.125 465.3125 412.3125 46 794.1875 438.875 46 798.75 411.625 287.75 792.6875 -464.8125 596.125 -748.125 -489.0625 596.125 -755.4375 340.625 46 -827.9375 232.0625 46.0625 -864.1875 340.625 287.75 -827.9375 232.0625 287.8125 -864.1875 232.0625 439.5625 -864.1875 861.5625 716 -116.25 891.625 716 -117.4375 840.5625 716.3125 -228.6875 864.1875 716.25 -232.0625 -857.6875 596.125 -200.3125 -880.0625 596.125 -188.3125 -458.125 509.4375 -768.625 -545.125 509.3125 -710.375 -465.3125 536.125 -764 -555.25 45.75 721.1875 -550.875 115.8125 722.75 -555.125 115.8125 720.625 -867.4375 509.4375 -219.5 -887.8125 509.3125 -116.8125 -869.25 536.125 -211.1875 458.125 509.4375 768.625 545.125 509.3125 710.375 465.3125 536.125 764 775.125 288.0625 -446.9375 -845.0625 509.4375 -233.25 -846.9375 536.125 -224.625 -850.75 439.5625 269.125 -851.5625 287.75 269.4375 -794.1875 46 -412.3125 -792.6875 287.75 -411.625 -798.75 46 -438.875 -721.1875 45.75 -555.25 -644.8125 46 -644.8125 -432.625 509.4375 -762.5 -440 536.125 -757.6875 -791.875 439.5625 -411.25 -79.25 695.1875 -867.1875 -74.5 695.1875 -889.5 -146.875 656.625 -864.1875 -138.125 656.5625 -886.5625 -270 46 -853.125 -269.4375 287.75 -851.5625 0 716 -870.125 0 716 -892.5 -269.125 439.5625 -850.75 0 656.6875 -895.8125 0 509.375 -897.0625 -116.8125 509.3125 -887.8125 867.1875 695.1875 79.25 864.1875 656.625 146.875 889.5 695.1875 74.5 886.5625 656.625 138.125 857.6875 596.125 200.3125 880.0625 596.125 188.3125 900.9375 46.3125 0 846.9375 536.125 224.625 845.0625 509.4375 233.25 869.25 536.125 211.1875 867.4375 509.4375 219.5 877.8125 716.25 -1.25 900.9375 716.25 0 887.8125 509.3125 116.8125 895.8125 656.6875 0 900.9375 509.5 0 794.1875 46 412.3125 792.6875 287.75 411.625 798.75 46 438.875 432.625 509.4375 762.5 440 536.125 757.6875 791.875 439.5625 411.25 113.125 656.625 -884.625 111.625 715.9375 -883.3125 637.0625 715.75 -637.0625 637.0625 656.4375 -637.0625 713.5 656.375 -547.375 713.5 715.6875 -547.375 891.625 656.625 -117.4375 -219.5 509.4375 867.4375 -211.1875 536.125 869.25 -233.25 509.4375 845.0625 -224.625 536.125 846.9375 775.125 509.6875 -446.9375 116.8125 509.25 -887.8125 436.375 716 -755.5625 333.6875 715.9375 -806.75 227.5625 716 -842.0625 113.25 715.9375 -860.9375 807.3125 716.25 -335.1875 757.25 716.3125 -432.875 695.9375 715.6875 -536.875 619.125 715.75 -619.8125 253.5625 439.5625 872.75 535.875 715.9375 -695 340.625 439.5625 -827.9375 637.0625 509.125 -637.0625 713.5 508.9375 -547.375 891.625 45.75 -117.4375 270 46 853.125 269.4375 287.75 851.5625 -200.3125 596.125 857.6875 -762.5 509.4375 432.625 -757.6875 536.125 440 -146.875 656.625 864.1875 -74.5 695.1875 889.5 -79.25 695.1875 867.1875 0 716 892.5 0 716 870.125 79.25 695.1875 867.1875 269.125 439.5625 850.75 555.25 45.75 721.1875 550.875 115.8125 722.75 555.125 115.8125 720.625 644.8125 46 644.8125 644.375 115.8125 644.375 721.1875 45.75 555.25 720.625 115.8125 555.125 722.75 115.8125 550.875 747.5625 115.8125 514.3125 747.25 220.0625 514.125 -853.125 46 270 -875.1875 46 254.4375 -183.5625 45.875 891.3125 -550.5 316.9375 722.1875 -554.8125 316.9375 720.1875 -643 439.5625 643 -644.4375 316.9375 644.4375 -720.1875 316.9375 554.8125 -722.1875 316.9375 550.5 -902.5625 45.75 117.3125 -911.875 46 0 -644.375 115.8125 644.375 -644.8125 46 644.8125 -412.3125 46 794.1875 -850.75 439.5625 -269.125 -411.25 439.5625 -791.875 411.25 439.5625 791.875 850.75 439.5625 269.125 -269.125 439.5625 850.75 -791.875 439.5625 411.25</float_array>
                    <technique_common>
                        <accessor count="397" source="#pointarray3" stride="3">
                            <param name="X" type="float"/>
                            <param name="Y" type="float"/>
                            <param name="Z" type="float"/>
                        </accessor>
                    </technique_common>
                </source>
                <source id="uvs3">
                    <float_array id="uvarray3" count="800">13.158203125 -14.8359375 14.6640625 -14.837890625 13.16015625 -12.603515625 14.666015625 -12.60546875 14.666015625 -11.203125 15.931640625 -12.6015625 15.931640625 -11.19921875 17.216796875 -12.60546875 17.216796875 -11.203125 18.50390625 -12.6015625 18.50390625 -11.19921875 19.818359375 -12.6015625 19.818359375 -11.19921875 21.0625 -11.19921875 -17.802734375 -14.8359375 -16.28125 -14.837890625 -17.80078125 -12.603515625 -16.279296875 -12.60546875 -16.279296875 -11.203125 -15 -12.603515625 -15 -11.203125 -13.720703125 -12.60546875 -13.720703125 -11.203125 -12.19921875 -12.603515625 -12.19921875 -11.203125 -25.578125 -14.8359375 -24.05859375 -14.837890625 -25.578125 -12.603515625 -24.05859375 -12.60546875 -24.05859375 -11.203125 -22.779296875 -12.603515625 -22.779296875 -11.203125 -21.5 -12.60546875 -21.5 -11.203125 -19.978515625 -12.603515625 -19.978515625 -11.203125 -20.32421875 -10.556640625 -20.41796875 -10.310546875 -21.484375 -10.55859375 -21.248046875 -9.19921875 -22.779296875 -10.556640625 -22.779296875 -9.19921875 -24.30859375 -9.19921875 -22.779296875 -8.650390625 -23.607421875 -8.841796875 10.662109375 -10.556640625 10.5703125 -10.310546875 9.515625 -10.55859375 9.748046875 -9.19921875 8.232421875 -10.556640625 8.232421875 -9.19921875 6.71484375 -9.19921875 8.232421875 -8.650390625 7.412109375 -8.841796875 -12.544921875 -10.556640625 -12.638671875 -10.310546875 -13.703125 -10.55859375 -13.46875 -9.19921875 -15 -10.556640625 -15 -9.19921875 -16.53125 -9.19921875 -15 -8.650390625 -15.828125 -8.841796875 -4.779296875 -10.556640625 -4.873046875 -10.310546875 -5.93359375 -10.55859375 -5.701171875 -9.19921875 -7.2265625 -10.556640625 -7.2265625 -9.19921875 -8.755859375 -9.19921875 -7.2265625 -8.650390625 -8.052734375 -8.841796875 -8.890625 -9.19921875 -8.126953125 -8.841796875 -6.400390625 -8.841796875 -6.326171875 -8.841796875 -5.5625 -9.19921875 6.580078125 -9.19921875 7.337890625 -8.841796875 9.052734375 -8.841796875 9.126953125 -8.841796875 9.8828125 -9.19921875 -24.447265625 -9.19921875 -23.68359375 -8.841796875 -21.951171875 -8.841796875 -21.876953125 -8.841796875 -21.11328125 -9.19921875 -16.66796875 -9.19921875 -15.90234375 -8.841796875 -14.171875 -8.841796875 -14.095703125 -8.841796875 -13.33203125 -9.19921875 21.0625 -8.6484375 19.818359375 -8.6484375 21.0625 -9.1953125 19.818359375 -9.1953125 19.818359375 -10.556640625 18.50390625 -9.1953125 18.50390625 -10.5546875 17.216796875 -10.55859375 -1.482421875 -13.861328125 -1.482421875 -12.603515625 -2.267578125 -12.603515625 -1.359375 -12.259765625 -0.75390625 -11.203125 -0.60546875 -11.6171875 0.515625 -11.30078125 -1.55859375 -9.7578125 -0.76953125 -10.55859375 -1.00390625 -9.19921875 0.515625 -10.556640625 0.515625 -9.19921875 2.037109375 -9.19921875 1.33984375 -8.841796875 -12.33203125 -10.556640625 -12.431640625 -10.310546875 -12.912109375 -9.7578125 -12.7265625 -9.7578125 -4.56640625 -10.556640625 -4.666015625 -10.310546875 -5.14453125 -9.7578125 -4.9609375 -9.7578125 10.873046875 -10.556640625 10.775390625 -10.310546875 10.298828125 -9.7578125 10.482421875 -9.7578125 2.955078125 -10.556640625 3.166015625 -10.556640625 2.861328125 -10.310546875 3.06640625 -10.310546875 2.58984375 -9.7578125 2.7734375 -9.7578125 2.173828125 -9.19921875 -20.11328125 -10.556640625 -20.212890625 -10.310546875 -20.69140625 -9.7578125 -20.5078125 -9.7578125 6.4375 -12.333984375 6.916015625 -12.333984375 6.96484375 -11.203125 6.966796875 -12.333984375 8.232421875 -11.203125 8.23046875 -12.333984375 9.49609375 -12.333984375 -5.423828125 -14.19140625 -4.43359375 -14.8359375 -5.423828125 -13.228515625 -4.435546875 -12.603515625 -5.423828125 -12.333984375 -4.435546875 -11.203125 -5.951171875 -11.203125 -29.265625 -14.837890625 -27.748046875 -14.8359375 -29.267578125 -12.60546875 -27.75 -12.603515625 -29.267578125 -11.203125 -27.75 -11.203125 28.787109375 -8.650390625 27.525390625 -8.650390625 28.787109375 -9.19921875 27.525390625 -9.19921875 28.787109375 -10.55859375 27.525390625 -10.55859375 31.375 -14.8359375 32.650390625 -14.837890625 31.373046875 -12.603515625 32.6484375 -12.60546875 31.373046875 -11.203125 32.6484375 -11.203125 26.21875 -8.650390625 24.927734375 -8.650390625 26.21875 -9.19921875 24.927734375 -9.19921875 26.21875 -10.55859375 24.927734375 -10.55859375 23.640625 -14.837890625 24.927734375 -14.837890625 23.640625 -12.60546875 24.927734375 -12.60546875 23.640625 -11.205078125 24.927734375 -11.203125 26.21875 -14.833984375 26.21875 -12.603515625 26.21875 -11.203125 22.353515625 -14.83984375 22.353515625 -12.607421875 22.353515625 -11.20703125 11.005859375 -12.603515625 11.00390625 -11.203125 10.0234375 -12.333984375 9.498046875 -11.203125 9.546875 -12.333984375 30.099609375 -14.837890625 30.099609375 -12.60546875 30.099609375 -11.203125 2.390625 -12.259765625 1.787109375 -11.203125 1.638671875 -11.6171875 0.515625 -11.203125 6.4375 -14.19140625 6.4375 -13.228515625 5.455078125 -12.603515625 5.45703125 -11.203125 2.513671875 -14.8359375 3.298828125 -14.8359375 2.513671875 -13.861328125 3.296875 -12.603515625 2.51171875 -12.603515625 -28.279296875 -9.7578125 -28.4609375 -9.7578125 -27.984375 -10.310546875 -28.189453125 -10.310546875 -27.884765625 -10.556640625 -28.095703125 -10.556640625 -8.505859375 -11.203125 -10.0234375 -11.203125 -9.03515625 -12.333984375 -10.025390625 -12.603515625 -9.03515625 -13.228515625 -9.03515625 -14.19140625 -10.025390625 -14.8359375 -8.505859375 -14.837890625 -8.552734375 -14.19140625 -8.50390625 -14.19140625 1.8046875 -10.55859375 -2.501953125 -14.8359375 -2.26953125 -14.8359375 -2.5 -12.603515625 -2.267578125 -11.203125 -10.2578125 -14.8359375 -10.2578125 -12.603515625 18.50390625 -14.83203125 19.818359375 -14.83203125 21.0625 -14.83203125 -4.201171875 -11.203125 -4.201171875 -12.603515625 -9.494140625 -9.7578125 -9.3125 -9.7578125 12.927734375 -14.8359375 12.927734375 -12.603515625 13.16015625 -11.203125 -18.037109375 -14.8359375 -18.03515625 -12.603515625 -17.80078125 -11.203125 -25.8125 -14.8359375 -25.8125 -12.603515625 -25.576171875 -11.203125 5.98046875 -9.7578125 6.162109375 -9.7578125 -9.677734375 -10.556640625 -8.521484375 -10.55859375 -9.583984375 -10.310546875 5.22265625 -14.8359375 5.455078125 -14.8359375 5.224609375 -12.603515625 -25.05078125 -9.7578125 -24.865234375 -9.7578125 27.525390625 -14.8359375 28.787109375 -14.833984375 27.525390625 -12.603515625 28.787109375 -12.603515625 28.787109375 -11.203125 17.24609375 -8.650390625 17.216796875 -8.650390625 18.537109375 -8.6484375 18.50390625 -8.6484375 -17.2734375 -9.7578125 -17.087890625 -9.7578125 -25.232421875 -10.556640625 -24.07421875 -10.55859375 -25.138671875 -10.310546875 -5.951171875 -14.837890625 -5.904296875 -14.19140625 -5.953125 -14.19140625 -17.455078125 -10.556640625 -16.296875 -10.55859375 -17.361328125 -10.310546875 5.798828125 -10.556640625 6.947265625 -10.55859375 5.892578125 -10.310546875 21.0625 -12.6015625 -17.66796875 -10.556640625 -17.568359375 -10.310546875 -11.96484375 -11.203125 -11.96484375 -12.603515625 -19.744140625 -14.8359375 -19.744140625 -12.603515625 -19.9765625 -14.8359375 -21.5 -14.837890625 -22.779296875 -14.8359375 -25.4453125 -10.556640625 -25.345703125 -10.310546875 -19.74609375 -11.203125 -29.64453125 -8.841796875 -29.71875 -8.841796875 -28.8828125 -9.19921875 -29.017578125 -9.19921875 -27.515625 -14.8359375 -27.517578125 -12.603515625 32.271484375 -8.841796875 31.37109375 -8.650390625 32.197265625 -8.841796875 31.373046875 -8.650390625 -27.517578125 -11.203125 31.373046875 -9.19921875 32.8984375 -9.19921875 31.373046875 -10.55859375 32.6640625 -10.55859375 15.037109375 -8.841796875 14.28125 -9.19921875 15.11328125 -8.841796875 14.416015625 -9.19921875 13.68359375 -9.7578125 13.865234375 -9.7578125 15.931640625 -14.83203125 13.390625 -10.310546875 13.291015625 -10.556640625 13.595703125 -10.310546875 13.501953125 -10.556640625 15.9453125 -8.6484375 15.931640625 -8.6484375 14.6484375 -10.55859375 15.931640625 -9.19921875 15.931640625 -10.556640625 11.23828125 -14.8359375 11.236328125 -12.603515625 11.005859375 -14.8359375 5.58984375 -10.556640625 5.6875 -10.310546875 11.236328125 -11.203125 30.1171875 -9.19921875 30.1328125 -8.650390625 23.640625 -8.65234375 23.640625 -9.201171875 22.353515625 -9.201171875 22.353515625 -8.654296875 17.216796875 -9.19921875 -1.923828125 -10.556640625 -1.830078125 -10.310546875 -2.1328125 -10.556640625 -2.033203125 -10.310546875 21.0625 -10.5546875 30.08203125 -10.55859375 26.2109375 -8.650390625 27.505859375 -8.650390625 28.76953125 -8.650390625 30.08203125 -8.650390625 19.791015625 -8.6484375 21.025390625 -8.6484375 22.37890625 -8.654296875 23.64453125 -8.65234375 3.296875 -11.203125 24.90234375 -8.650390625 27.525390625 -11.203125 23.640625 -10.560546875 22.353515625 -10.5625 17.216796875 -14.837890625 3.53125 -14.8359375 3.529296875 -12.603515625 -1.740234375 -9.7578125 -9.888671875 -10.556640625 -9.7890625 -10.310546875 -1.138671875 -9.19921875 -0.3046875 -8.841796875 -0.376953125 -8.841796875 0.515625 -8.650390625 0.517578125 -8.650390625 1.4140625 -8.841796875 3.529296875 -11.203125 -29.251953125 -10.55859375 6.962890625 -14.837890625 6.916015625 -14.19140625 6.966796875 -14.19140625 8.23046875 -14.8359375 8.23046875 -14.19140625 9.5 -14.837890625 9.49609375 -14.19140625 9.546875 -14.19140625 10.0234375 -14.19140625 10.0234375 -13.228515625 -11.962890625 -14.8359375 -12.197265625 -14.8359375 -1.482421875 -14.8359375 -5.904296875 -12.333984375 -5.953125 -12.333984375 -7.228515625 -11.203125 -7.228515625 -12.333984375 -8.501953125 -12.333984375 -8.552734375 -12.333984375 -13.71875 -14.837890625 -15 -14.8359375 -7.228515625 -14.19140625 -7.228515625 -14.8359375 -4.201171875 -14.8359375 -18.03515625 -11.203125 -25.810546875 -11.203125 5.224609375 -11.203125 12.927734375 -11.203125 -2.5 -11.203125 -10.2578125 -11.203125</float_array>
                    <technique_common>
                        <accessor count="400" source="#uvarray3" stride="2">
                            <param name="S" type="float"/>
                            <param name="T" type="float"/>
                        </accessor>
                    </technique_common>
                </source>
                <source id="colors3">
                    <float_array id="colorarray3" count="360">0.8980392156862745 0.8980392156862745 0.8980392156862745 1 0.8862745098039215 0.8784313725490196 0.8431372549019608 1 0.8862745098039215 0.8784313725490196 0.8470588235294118 1 1 1 1 1 0.8901960784313725 0.8823529411764706 0.8509803921568627 1 0.8784313725490196 0.8705882352941177 0.8392156862745098 1 0.6705882352941176 0.6627450980392157 0.6274509803921569 1 0.9098039215686274 0.9019607843137255 0.8666666666666667 1 0.6705882352941176 0.6627450980392157 0.6313725490196078 1 0.9137254901960784 0.9058823529411765 0.8705882352941177 1 0.6627450980392157 0.6549019607843137 0.6196078431372549 1 0.8941176470588236 0.8862745098039215 0.8470588235294118 1 0.8862745098039215 0.8745098039215686 0.8352941176470589 1 0.9098039215686274 0.9019607843137255 0.8705882352941177 1 0.8980392156862745 0.8901960784313725 0.8509803921568627 1 0.615686274509804 0.6039215686274509 0.5686274509803921 1 0.6235294117647059 0.615686274509804 0.5803921568627451 1 0.6352941176470588 0.6274509803921569 0.596078431372549 1 0.9098039215686274 0.9058823529411765 0.8705882352941177 1 0.9058823529411765 0.8980392156862745 0.8666666666666667 1 1 1 0.9803921568627451 1 0.9607843137254902 0.9529411764705882 0.9176470588235294 1 0.9882352941176471 0.9764705882352941 0.9450980392156862 1 0.6941176470588235 0.6862745098039216 0.6509803921568628 1 0.9686274509803922 0.9568627450980393 0.9333333333333333 1 0.6980392156862745 0.6862745098039216 0.6549019607843137 1 0.6901960784313725 0.6823529411764706 0.6509803921568628 1 0.9019607843137255 0.9019607843137255 0.8980392156862745 1 0.9294117647058824 0.9215686274509803 0.8823529411764706 1 0.9019607843137255 0.8941176470588236 0.8627450980392157 1 0.6666666666666666 0.6549019607843137 0.6235294117647059 1 0.8862745098039215 0.8745098039215686 0.8392156862745098 1 0.8901960784313725 0.8784313725490196 0.8431372549019608 1 0.37254901960784315 0.36470588235294116 0.32941176470588235 1 0.6196078431372549 0.615686274509804 0.5803921568627451 1 0.6274509803921569 0.6196078431372549 0.5882352941176471 1 0.6666666666666666 0.6588235294117647 0.6274509803921569 1 0.3686274509803922 0.3607843137254902 0.32941176470588235 1 0.615686274509804 0.6078431372549019 0.5764705882352941 1 0.9019607843137255 0.8941176470588236 0.8588235294117647 1 0.6196078431372549 0.611764705882353 0.5764705882352941 1 0.9921568627450981 0.984313725490196 0.9529411764705882 1 1 1 0.9921568627450981 1 0.9686274509803922 0.9607843137254902 0.9254901960784314 1 1 1 0.9686274509803922 1 0.6666666666666666 0.6588235294117647 0.6235294117647059 1 0.7058823529411765 0.6980392156862745 0.6627450980392157 1 0.8901960784313725 0.8823529411764706 0.8470588235294118 1 0.996078431372549 0.9882352941176471 0.9529411764705882 1 0.9490196078431372 0.9411764705882353 0.9058823529411765 1 0.9686274509803922 0.9607843137254902 0.9294117647058824 1 0.8980392156862745 0.8862745098039215 0.8509803921568627 1 0.8901960784313725 0.8784313725490196 0.8470588235294118 1 0.9254901960784314 0.9176470588235294 0.8823529411764706 1 0.8823529411764706 0.8745098039215686 0.8431372549019608 1 0.6588235294117647 0.6509803921568628 0.615686274509804 1 0.4745098039215686 0.4666666666666667 0.43529411764705883 1 0.5607843137254902 0.5529411764705883 0.5176470588235295 1 0.47843137254901963 0.47058823529411764 0.43529411764705883 1 0.5647058823529412 0.5568627450980392 0.5215686274509804 1 0.39215686274509803 0.3843137254901961 0.34901960784313724 1 0.615686274509804 0.6078431372549019 0.5725490196078431 1 0.6666666666666666 0.6549019607843137 0.6196078431372549 1 0.9019607843137255 0.8980392156862745 0.8627450980392157 1 0.8745098039215686 0.8666666666666667 0.8313725490196079 1 0.6509803921568628 0.6196078431372549 0.5843137254901961 1 0.9137254901960784 0.9137254901960784 0.9137254901960784 1 0.6509803921568628 0.6235294117647059 0.5882352941176471 1 1 0.984313725490196 0.9686274509803922 1 0.4745098039215686 0.4666666666666667 0.43137254901960786 1 0.6313725490196078 0.6235294117647059 0.5882352941176471 1 0.8901960784313725 0.8823529411764706 0.8431372549019608 1 0.6431372549019608 0.6235294117647059 0.592156862745098 1 0.9098039215686274 0.9058823529411765 0.8901960784313725 1 0.9019607843137255 0.8941176470588236 0.8705882352941177 1 0.8980392156862745 0.8901960784313725 0.8549019607843137 1 0.9333333333333333 0.9215686274509803 0.8901960784313725 1 0.9098039215686274 0.9058823529411765 0.8941176470588236 1 0.9058823529411765 0.8980392156862745 0.8627450980392157 1 0.611764705882353 0.6039215686274509 0.5725490196078431 1 0.6196078431372549 0.611764705882353 0.5803921568627451 1 0.5411764705882353 0.5294117647058824 0.4980392156862745 1 0.4666666666666667 0.4588235294117647 0.43137254901960786 1 0.5607843137254902 0.5529411764705883 0.5215686274509804 1 0.6039215686274509 0.592156862745098 0.5607843137254902 1 0.611764705882353 0.6039215686274509 0.5647058823529412 1 0.8941176470588236 0.8823529411764706 0.8470588235294118 1 0.6313725490196078 0.6196078431372549 0.5882352941176471 1 0.38823529411764707 0.3803921568627451 0.34509803921568627 1 0.38823529411764707 0.3803921568627451 0.34901960784313724 1</float_array>
                    <technique_common>
                        <accessor count="90" source="#colorarray3" stride="4">
                            <param name="R" type="float"/>
                            <param name="G" type="float"/>
                            <param name="B" type="float"/>
                            <param name="A" type="float"/>
                        </accessor>
                    </technique_common>
                </source>
                <vertices id="vertices3">
                    <input semantic="POSITION" source="#points3"/>
                </vertices>
                <polylist count="494" material="Material1">
                    <input offset="0" semantic="VERTEX" source="#vertices3"/>
                    <input offset="1" semantic="TEXCOORD" source="#uvs3" set="0"/>
                    <input offset="2" semantic="COLOR" source="#colors3" set="0"/>
                    <vcount>3 3 3 3 3 3 3 3 3 3 3 3 3 3 3 3 3 3 3 3 3 3 3 3 3 3 3 3 3 3 3 3 3 3 3 3 3 3 3 3 3 3 3 3 3 3 3 3 3 3 3 3 3 3 3 3 3 3 3 3 3 3 3 3 3 3 3 3 3 3 3 3 3 3 3 3 3 3 3 3 3 3 3 3 3 3 3 3 3 3 3 3 3 3 3 3 3 3 3 3 3 3 3 3 3 3 3 3 3 3 3 3 3 3 3 3 3 3 3 3 3 3 3 3 3 3 3 3 3 3 3 3 3 3 3 3 3 3 3 3 3 3 3 3 3 3 3 3 3 3 3 3 3 3 3 3 3 3 3 3 3 3 3 3 3 3 3 3 3 3 3 3 3 3 3 3 3 3 3 3 3 3 3 3 3 3 3 3 3 3 3 3 3 3 3 3 3 3 3 3 3 3 3 3 3 3 3 3 3 3 3 3 3 3 3 3 3 3 3 3 3 3 3 3 3 3 3 3 3 3 3 3 3 3 3 3 3 3 3 3 3 3 3 3 3 3 3 3 3 3 3 3 3 3 3 3 3 3 3 3 3 3 3 3 3 3 3 3 3 3 3 3 3 3 3 3 3 3 3 3 3 3 3 3 3 3 3 3 3 3 3 3 3 3 3 3 3 3 3 3 3 3 3 3 3 3 3 3 3 3 3 3 3 3 3 3 3 3 3 3 3 3 3 3 3 3 3 3 3 3 3 3 3 3 3 3 3 3 3 3 3 3 3 3 3 3 3 3 3 3 3 3 3 3 3 3 3 3 3 3 3 3 3 3 3 3 3 3 3 3 3 3 3 3 3 3 3 3 3 3 3 3 3 3 3 3 3 3 3 3 3 3 3 3 3 3 3 3 3 3 3 3 3 3 3 3 3 3 3 3 3 3 3 3 3 3 3 3 3 3 3 3 3 3 3 3 3 3 3 3 3 3 3 3 3 3 3 3 3 3 3 3 3 3 3 3 3 3 3 3 3 3 3 3 3 3 3 3 3 3 3 3 3 3 3 3 3 3 3 3 3 3 3 3 3 3 3 3 3 3 3 3 3 3 3 3 3 3 3 3 3 3 3 3</vcount>
                    <p>2 2 0 1 1 0 0 0 0 3 3 0 1 1 0 2 2 0 4 4 1 3 3 0 2 2 0 5 5 0 3 3 0 4 4 1 6 6 2 5 5 0 4 4 1 7 7 0 5 5 0 6 6 2 8 8 3 7 7 0 6 6 2 9 9 0 7 7 0 8 8 3 10 10 3 9 9 0 8 8 3 11 11 0 9 9 0 10 10 3 12 12 3 11 11 0 10 10 3 13 13 3 11 11 0 12 12 3 16 16 0 15 15 0 14 14 0 17 17 0 15 15 0 16 16 0 18 18 1 17 17 0 16 16 0 19 19 0 17 17 0 18 18 1 20 20 4 19 19 0 18 18 1 21 21 0 19 19 0 20 20 4 22 22 2 21 21 0 20 20 4 23 23 0 21 21 0 22 22 2 24 24 5 23 23 0 22 22 2 27 27 0 26 26 0 25 25 0 28 28 0 26 26 0 27 27 0 29 29 1 28 28 0 27 27 0 30 30 0 28 28 0 29 29 1 31 31 4 30 30 0 29 29 1 32 32 0 30 30 0 31 31 4 33 33 2 32 32 0 31 31 4 34 34 0 32 32 0 33 33 2 35 35 5 34 34 0 33 33 2 38 38 8 37 37 7 36 36 6 39 39 9 37 37 7 38 38 8 40 40 10 39 39 9 38 38 8 41 41 11 39 39 9 40 40 10 42 42 12 41 41 11 40 40 10 43 43 13 41 41 11 42 42 12 44 44 14 43 43 13 42 42 12 47 47 8 46 46 7 45 45 6 48 48 9 46 46 7 47 47 8 49 49 10 48 48 9 47 47 8 50 50 11 48 48 9 49 49 10 51 51 12 50 50 11 49 49 10 52 52 13 50 50 11 51 51 12 53 53 14 52 52 13 51 51 12 56 56 8 55 55 7 54 54 6 57 57 9 55 55 7 56 56 8 58 58 10 57 57 9 56 56 8 59 59 11 57 57 9 58 58 10 60 60 12 59 59 11 58 58 10 61 61 13 59 59 11 60 60 12 62 62 14 61 61 13 60 60 12 65 65 8 64 64 7 63 63 6 66 66 9 64 64 7 65 65 8 67 67 10 66 66 9 65 65 8 68 68 11 66 66 9 67 67 10 69 69 12 68 68 11 67 67 10 70 70 13 68 68 11 69 69 12 71 71 14 70 70 13 69 69 12 73 73 16 71 71 14 72 72 15 70 70 13 71 71 14 73 73 16 74 70 17 70 70 13 73 73 16 75 74 18 70 70 13 74 70 17 76 75 17 75 74 18 74 70 17 77 76 17 75 74 18 76 75 17 79 78 16 53 53 14 78 77 15 52 52 13 53 53 14 79 78 16 80 52 17 52 52 13 79 78 16 81 79 18 52 52 13 80 52 17 82 80 17 81 79 18 80 52 17 83 81 17 81 79 18 82 80 17 85 83 16 44 44 14 84 82 15 43 43 13 44 44 14 85 83 16 86 43 17 43 43 13 85 83 16 87 84 18 43 43 13 86 43 17 88 85 17 87 84 18 86 43 17 89 86 17 87 84 18 88 85 17 91 88 16 62 62 14 90 87 15 61 61 13 62 62 14 91 88 16 92 61 17 61 61 13 91 88 16 93 89 18 61 61 13 92 61 17 94 90 17 93 89 18 92 61 17 95 91 17 93 89 18 94 90 17 98 94 21 97 93 20 96 92 19 99 95 22 97 93 20 98 94 21 100 96 23 99 95 22 98 94 21 101 97 24 99 95 22 100 96 23 102 98 25 101 97 24 100 96 23 103 99 26 101 97 24 102 98 25 106 102 27 105 101 0 104 100 0 107 103 0 105 101 0 106 102 27 108 104 0 107 103 0 106 102 27 109 105 28 107 103 0 108 104 0 110 106 28 109 105 28 108 104 0 113 109 12 112 108 30 111 107 29 114 110 10 112 108 30 113 109 12 115 111 14 114 110 10 113 109 12 116 112 31 114 110 10 115 111 14 117 113 32 116 112 31 115 111 14 55 55 7 118 114 33 54 54 6 119 115 34 118 114 33 55 55 7 120 116 13 119 115 34 55 55 7 121 117 35 119 115 34 120 116 13 95 91 17 121 117 35 120 116 13 64 64 7 122 118 33 63 63 6 123 119 34 122 118 33 64 64 7 124 120 13 123 119 34 64 64 7 125 121 35 123 119 34 124 120 13 77 76 17 125 121 35 124 120 13 46 46 7 126 122 33 45 45 6 127 123 34 126 122 33 46 46 7 128 124 13 127 123 34 46 46 7 129 125 35 127 123 34 128 124 13 83 81 17 129 125 35 128 124 13 132 128 29 131 127 37 130 126 36 133 129 38 131 127 37 132 128 29 134 130 39 133 129 38 132 128 29 135 131 40 133 129 38 134 130 39 136 132 16 135 131 40 134 130 39 37 37 7 137 133 33 36 36 6 138 134 34 137 133 33 37 37 7 139 135 13 138 134 34 37 37 7 140 136 35 138 134 34 139 135 13 89 86 17 140 136 35 139 135 13 143 139 27 142 138 0 141 137 27 144 140 0 142 138 0 143 139 27 145 141 0 144 140 0 143 139 27 146 142 27 144 140 0 145 141 0 147 143 0 146 142 27 145 141 0 150 146 27 149 145 0 148 144 0 151 147 0 149 145 0 150 146 27 152 148 27 151 147 0 150 146 27 153 149 0 151 147 0 152 148 27 154 150 27 153 149 0 152 148 27 157 153 0 156 152 0 155 151 0 158 154 0 156 152 0 157 153 0 159 155 2 158 154 0 157 153 0 160 156 5 158 154 0 159 155 2 163 159 43 162 158 42 161 157 41 164 160 44 162 158 42 163 159 43 165 161 45 164 160 44 163 159 43 166 162 46 164 160 44 165 161 45 168 165 0 155 164 0 167 163 0 157 166 0 155 164 0 168 165 0 169 167 47 157 166 0 168 165 0 159 168 2 157 166 0 169 167 47 172 171 50 171 170 49 170 169 48 173 172 51 171 170 49 172 171 50 174 173 46 173 172 51 172 171 50 175 174 45 173 172 51 174 173 46 178 177 0 177 176 0 176 175 0 179 178 0 177 176 0 178 177 0 180 179 3 179 178 0 178 177 0 181 180 3 179 178 0 180 179 3 179 178 0 182 181 0 177 176 0 183 182 0 182 181 0 179 178 0 181 180 3 183 182 0 179 178 0 184 183 3 183 182 0 181 180 3 186 185 0 176 175 0 185 184 0 178 177 0 176 175 0 186 185 0 187 186 3 178 177 0 186 185 0 180 179 3 178 177 0 187 186 3 190 189 27 189 188 0 188 187 0 191 190 27 189 188 0 190 189 27 192 191 0 191 190 27 190 189 27 147 143 0 191 190 27 192 191 0 194 193 0 167 163 0 193 192 0 168 165 0 167 163 0 194 193 0 195 194 52 168 165 0 194 193 0 169 167 47 168 165 0 195 194 52 198 197 53 197 196 0 196 195 0 199 198 54 197 196 0 198 197 53 110 106 28 199 198 54 198 197 53 108 104 0 199 198 54 110 106 28 202 201 0 201 200 27 200 199 0 141 137 27 201 200 27 202 201 0 203 202 0 141 137 27 202 201 0 143 139 27 141 137 27 203 202 0 206 205 0 205 204 27 204 203 0 207 206 27 205 204 27 206 205 0 208 207 0 207 206 27 206 205 0 196 195 0 207 206 27 208 207 0 211 210 34 210 209 13 209 208 35 212 211 7 210 209 13 211 210 34 213 212 33 212 211 7 211 210 34 214 213 6 212 211 7 213 212 33 217 216 27 216 215 5 215 214 27 218 217 0 216 215 5 217 216 27 219 218 27 218 217 0 217 216 27 220 219 0 218 217 0 219 218 27 220 219 0 221 220 0 218 217 0 222 221 27 221 220 0 220 219 0 223 222 0 222 221 27 220 219 0 224 223 0 222 221 27 223 222 0 225 224 55 132 128 29 130 126 36 134 130 39 132 128 29 225 224 55 116 112 31 134 130 39 225 224 55 228 227 57 227 226 27 226 225 56 106 102 27 227 226 27 228 227 57 229 228 0 106 102 27 228 227 57 231 230 59 221 220 0 230 229 58 218 217 0 221 220 0 231 230 59 216 215 5 218 217 0 231 230 59 11 11 0 232 231 0 9 9 0 233 232 0 232 231 0 11 11 0 234 233 0 233 232 0 11 11 0 236 235 59 153 149 0 235 234 60 151 147 0 153 149 0 236 235 59 149 145 0 151 147 0 236 235 59 72 72 15 238 237 11 237 236 61 69 69 12 238 237 11 72 72 15 71 71 14 69 69 12 72 72 15 240 239 59 0 0 0 239 238 58 2 2 0 0 0 0 240 239 59 241 240 5 2 2 0 240 239 59 164 160 44 170 169 48 162 158 42 172 171 50 170 169 48 164 160 44 174 173 46 172 171 50 164 160 44 243 242 59 14 14 0 242 241 58 16 16 0 14 14 0 243 242 59 244 243 5 16 16 0 243 242 59 246 245 59 25 25 0 245 244 58 27 27 0 25 25 0 246 245 59 247 246 5 27 27 0 246 245 59 78 77 15 249 248 11 248 247 61 51 51 12 249 248 11 78 77 15 53 53 14 51 51 12 78 77 15 252 251 63 251 250 62 250 249 36 69 69 12 251 250 62 252 251 63 238 237 11 69 69 12 252 251 63 255 254 59 254 253 0 253 252 58 202 201 0 254 253 0 255 254 59 203 202 0 202 201 0 255 254 59 84 82 15 257 256 11 256 255 61 42 42 12 257 256 11 84 82 15 44 44 14 42 42 12 84 82 15 260 259 0 259 258 0 258 257 27 261 260 0 259 258 0 260 259 0 262 261 64 261 260 0 260 259 0 265 264 67 264 263 66 263 262 65 266 265 68 264 263 66 265 264 67 97 93 20 266 265 68 265 264 67 90 87 15 268 267 11 267 266 61 60 60 12 268 267 11 90 87 15 62 62 14 60 60 12 90 87 15 271 270 63 270 269 62 269 268 36 42 42 12 270 269 62 271 270 63 257 256 11 42 42 12 271 270 63 272 271 27 148 144 0 149 145 0 273 272 0 148 144 0 272 271 27 274 273 0 273 272 0 272 271 27 277 276 63 276 275 62 275 274 36 60 60 12 276 275 62 277 276 63 268 267 11 60 60 12 277 276 63 261 260 0 193 192 0 259 258 0 194 193 0 193 192 0 261 260 0 195 194 52 194 193 0 261 260 0 280 279 63 279 278 62 278 277 36 51 51 12 279 278 62 280 279 63 249 248 11 51 51 12 280 279 63 281 280 0 185 184 0 234 233 0 186 185 0 185 184 0 281 280 0 187 186 3 186 185 0 281 280 0 282 281 33 277 276 63 275 274 36 283 282 38 277 276 63 282 281 33 283 282 38 268 267 11 277 276 63 267 266 61 268 267 11 283 282 38 95 91 17 57 57 9 93 89 18 120 116 13 57 57 9 95 91 17 285 284 59 24 24 5 284 283 60 23 23 0 24 24 5 285 284 59 61 61 13 57 57 9 59 59 11 93 89 18 57 57 9 61 61 13 288 287 0 287 286 59 286 285 69 34 34 0 287 286 59 288 287 0 288 287 0 32 32 0 34 34 0 289 288 0 32 32 0 288 287 0 289 288 0 30 30 0 32 32 0 290 289 0 30 30 0 289 288 0 290 289 0 28 28 0 30 30 0 26 26 0 28 28 0 290 289 0 291 290 33 271 270 63 269 268 36 292 291 38 271 270 63 291 290 33 292 291 38 257 256 11 271 270 63 256 255 61 257 256 11 292 291 38 89 86 17 39 39 9 87 84 18 139 135 13 39 39 9 89 86 17 287 286 59 35 35 5 293 292 60 34 34 0 35 35 5 287 286 59 43 43 13 39 39 9 41 41 11 87 84 18 39 39 9 43 43 13 296 295 17 295 294 18 294 293 17 297 296 9 295 294 18 296 295 17 156 152 0 299 298 59 298 297 69 158 154 0 299 298 59 156 152 0 295 301 18 300 300 70 294 299 17 301 302 51 300 300 70 295 301 18 210 209 13 296 295 17 209 208 35 297 296 9 296 295 17 210 209 13 299 298 59 160 156 5 302 303 60 158 154 0 160 156 5 299 298 59 301 302 51 297 305 9 303 304 71 295 301 18 297 305 9 301 302 51 297 305 9 304 306 45 303 304 71 305 307 8 304 306 45 297 305 9 308 310 14 307 309 15 306 308 16 309 311 12 307 309 15 308 310 14 307 309 15 311 313 11 310 312 61 309 311 12 311 313 11 307 309 15 3 3 0 312 314 0 1 1 0 5 5 0 312 314 0 3 3 0 315 317 63 314 316 33 313 315 38 316 318 36 314 316 33 315 317 63 311 313 11 313 315 38 310 312 61 315 317 63 313 315 38 311 313 11 318 320 73 306 308 16 317 319 72 308 310 14 306 308 16 318 320 73 309 311 12 315 317 63 311 313 11 319 321 62 315 317 63 309 311 12 309 311 12 318 320 73 320 322 74 308 310 14 318 320 73 309 311 12 321 323 10 309 311 12 320 322 74 319 321 62 309 311 12 321 323 10 324 326 0 323 325 59 322 324 69 188 187 0 323 325 59 324 326 0 325 327 33 280 279 63 278 277 36 326 328 38 280 279 63 325 327 33 326 328 38 249 248 11 280 279 63 248 247 61 249 248 11 326 328 38 83 81 17 48 48 9 81 79 18 128 124 13 48 48 9 83 81 17 323 325 59 189 188 0 327 329 60 188 187 0 189 188 0 323 325 59 52 52 13 48 48 9 50 50 11 81 79 18 48 48 9 52 52 13 329 331 75 303 304 71 328 330 39 301 302 51 303 304 71 329 331 75 161 157 41 328 330 39 163 159 43 329 331 75 328 330 39 161 157 41 171 170 49 331 333 11 330 332 28 173 172 51 331 333 11 171 170 49 333 335 76 331 333 11 332 334 75 330 332 28 331 333 11 333 335 76 332 334 75 96 92 19 333 335 76 98 94 21 96 92 19 332 334 75 99 95 22 266 265 68 97 93 20 101 97 24 266 265 68 99 95 22 266 265 68 334 336 77 264 263 66 101 97 24 334 336 77 266 265 68 320 322 74 264 263 66 334 336 77 318 320 73 264 263 66 320 322 74 337 339 33 336 338 78 335 337 36 338 340 38 336 338 78 337 339 33 98 94 21 339 341 6 100 96 23 332 334 75 339 341 6 98 94 21 328 330 39 165 161 45 163 159 43 340 342 45 165 161 45 328 330 39 341 343 38 162 158 42 170 169 48 342 344 79 162 158 42 341 343 38 343 345 80 162 158 42 342 344 79 161 157 41 162 158 42 343 345 80 344 346 16 161 157 41 343 345 80 329 331 75 161 157 41 344 346 16 345 347 81 97 93 20 265 264 67 346 348 82 97 93 20 345 347 81 346 348 82 96 92 19 97 93 20 347 349 83 96 92 19 346 348 82 348 350 84 333 335 76 347 349 83 330 332 28 333 335 76 348 350 84 207 206 27 197 196 0 349 351 0 196 195 0 197 196 0 207 206 27 182 181 0 260 259 0 258 257 27 183 182 0 260 259 0 182 181 0 171 170 49 348 350 84 350 352 35 330 332 28 348 350 84 171 170 49 170 169 48 350 352 35 341 343 38 171 170 49 350 352 35 170 169 48 260 259 0 184 183 3 351 353 42 183 182 0 184 183 3 260 259 0 352 354 45 173 172 51 175 174 45 331 333 11 173 172 51 352 354 45 332 334 75 352 354 45 353 355 45 331 333 11 352 354 45 332 334 75 5 5 0 354 356 27 312 314 0 7 7 0 354 356 27 5 5 0 7 7 0 232 231 0 354 356 27 9 9 0 232 231 0 7 7 0 264 263 66 317 319 72 263 262 65 318 320 73 317 319 72 264 263 66 321 323 10 334 336 77 103 99 26 320 322 74 334 336 77 321 323 10 205 204 27 356 358 57 355 357 69 207 206 27 356 358 57 205 204 27 338 340 38 111 107 29 336 338 78 357 359 80 111 107 29 338 340 38 358 360 33 252 251 63 250 249 36 359 361 38 252 251 63 358 360 33 357 359 80 113 109 12 111 107 29 360 362 85 113 109 12 357 359 80 360 362 85 361 363 32 113 109 12 362 364 16 361 363 32 360 362 85 362 364 16 363 365 86 361 363 32 364 366 17 363 365 86 362 364 16 364 366 17 117 113 32 363 365 86 365 367 87 117 113 32 364 366 17 365 367 87 116 112 31 117 113 32 136 132 16 116 112 31 365 367 87 356 358 57 349 351 0 366 368 88 207 206 27 349 351 0 356 358 57 359 361 38 238 237 11 252 251 63 237 236 61 238 237 11 359 361 38 77 76 17 66 66 9 75 74 18 124 120 13 66 66 9 77 76 17 305 369 8 212 211 7 214 213 6 297 296 9 212 211 7 305 369 8 301 302 51 344 346 16 300 300 70 329 331 75 344 346 16 301 302 51 328 330 39 304 306 45 340 342 45 303 304 71 304 306 45 328 330 39 368 371 0 367 370 27 200 199 0 369 372 0 367 370 27 368 371 0 254 253 0 200 199 0 367 370 27 202 201 0 200 199 0 254 253 0 369 372 0 370 373 0 367 370 27 371 374 27 370 373 0 369 372 0 371 374 27 372 375 27 370 373 0 373 376 0 372 375 27 371 374 27 374 377 0 372 375 27 373 376 0 375 378 0 372 375 27 374 377 0 375 378 0 324 326 0 372 375 27 376 379 27 324 326 0 375 378 0 376 379 27 188 187 0 324 326 0 190 189 27 188 187 0 376 379 27 336 338 78 112 108 30 335 337 36 111 107 29 112 108 30 336 338 78 361 363 32 115 111 14 113 109 12 363 365 86 115 111 14 361 363 32 70 70 13 66 66 9 68 68 11 75 74 18 66 66 9 70 70 13 378 381 0 285 284 59 377 380 69 23 23 0 285 284 59 378 381 0 227 226 27 104 100 0 379 382 0 106 102 27 104 100 0 227 226 27 380 383 0 154 150 27 152 148 27 381 384 0 154 150 27 380 383 0 381 384 0 382 385 0 154 150 27 383 386 27 382 385 0 381 384 0 383 386 27 215 214 27 382 385 0 384 387 0 215 214 27 383 386 27 385 388 0 215 214 27 384 387 0 217 216 27 215 214 27 385 388 0 378 381 0 21 21 0 23 23 0 386 389 0 21 21 0 378 381 0 386 389 0 19 19 0 21 21 0 387 390 0 19 19 0 386 389 0 272 271 27 388 391 27 274 273 0 389 392 0 388 391 27 272 271 27 389 392 0 224 223 0 388 391 27 222 221 27 224 223 0 389 392 0 387 390 0 17 17 0 19 19 0 15 15 0 17 17 0 387 390 0 11 11 0 281 280 0 234 233 0 13 13 3 281 280 0 11 11 0 114 110 10 116 112 31 225 224 55 117 113 32 115 111 14 363 365 86 316 318 36 315 317 63 319 321 62 51 51 12 49 49 10 279 278 62 174 173 46 164 160 44 166 162 46 260 259 0 351 353 42 262 261 64 261 260 0 262 261 64 195 194 52 60 60 12 58 58 10 276 275 62 42 42 12 40 40 10 270 269 62 236 235 59 390 393 69 149 145 0 48 48 9 128 124 13 46 46 7 16 16 0 244 243 5 18 18 1 57 57 9 120 116 13 55 55 7 27 27 0 247 246 5 29 29 1 39 39 9 139 135 13 37 37 7 243 242 59 391 394 89 244 243 5 246 245 59 392 395 89 247 246 5 347 349 83 333 335 76 96 92 19 147 143 0 145 141 0 191 190 27 255 254 59 393 396 89 203 202 0 2 2 0 241 240 5 4 4 1 240 239 59 394 397 89 241 240 5 136 132 16 134 130 39 116 112 31 228 227 57 395 398 88 229 228 0 339 341 6 332 334 75 353 355 45 297 296 9 210 209 13 212 211 7 69 69 12 67 67 10 251 250 62 66 66 9 124 120 13 64 64 7 101 97 24 103 99 26 334 336 77 106 102 27 229 228 0 108 104 0 231 230 59 396 399 89 216 215 5 281 280 0 13 13 3 187 186 3</p>
                </polylist>
            </mesh>
        </geometry>
        <geometry id="mesh4">
            <mesh>
                <source id="points4">
                    <float_array id="pointarray4" count="762">372.0625 -120 186.125 382.125 -120 127.25 394.75 -120 131.4375 396.8125 -120 62.8125 409.9375 -120 64.875 401.8125 -120 0 415.0625 -120 0 396.8125 -120 -62.8125 409.9375 -120 -64.875 382.125 -120 -127.25 394.75 -120 -131.4375 360.1875 -120 -180.1875 372.0625 -120 -186.125 325 -120 -236.125 335.75 -120 -243.9375 284.125 -120 -284.125 293.5 -120 -293.5 236.125 -120 -325 243.9375 -120 -335.75 180.1875 -120 -360.1875 186.125 -120 -372.0625 127.25 -120 -382.125 131.4375 -120 -394.75 62.8125 -120 -396.8125 64.875 -120 -409.9375 0 -120 -401.8125 0 -120 -415.0625 -62.8125 -120 -396.8125 -64.875 -120 -409.9375 -127.25 -120 -382.125 -131.4375 -120 -394.75 -180.1875 -120 -360.1875 -186.125 -120 -372.0625 -236.125 -120 -325 -243.9375 -120 -335.75 -284.125 -120 -284.125 -293.5 -120 -293.5 -325 -120 -236.125 -335.75 -120 -243.9375 -360.1875 -120 -180.1875 -372.0625 -120 -186.125 -382.125 -120 -127.25 -394.75 -120 -131.4375 -396.8125 -120 -62.8125 -409.9375 -120 -64.875 -401.8125 -120 0 -415.0625 -120 0 -396.8125 -120 62.8125 -409.9375 -120 64.875 -382.125 -120 127.25 -394.75 -120 131.4375 -360.1875 -120 180.1875 423.4375 -120 307.625 469.1875 -120 234.75 497.8125 -120 165.75 516.9375 -120 81.875 523.4375 -120 0 516.9375 -120 -81.875 497.8125 -120 -165.75 469.1875 -120 -234.75 423.4375 -120 -307.625 370.125 -120 -370.125 307.625 -120 -423.4375 234.75 -120 -469.1875 165.75 -120 -497.8125 81.875 -120 -516.9375 0 -120 -523.4375 -81.875 -120 -516.9375 -165.75 -120 -497.8125 -234.75 -120 -469.1875 -307.625 -120 -423.4375 -370.125 -120 -370.125 -423.4375 -120 -307.625 -469.1875 -120 -234.75 -497.8125 -120 -165.75 -516.9375 -120 -81.875 -523.4375 -120 0 -516.9375 -120 81.875 447.75 -120 447.75 512.25 -120 372.1875 567.6875 -120 284 602.25 -120 200.5625 625.4375 -120 99 633.25 -120 0 625.4375 -120 -99 602.25 -120 -200.5625 567.6875 -120 -284 512.25 -120 -372.1875 447.75 -120 -447.75 372.1875 -120 -512.25 284 -120 -567.6875 200.5625 -120 -602.25 99 -120 -625.4375 0 -120 -633.25 -99 -120 -625.4375 -200.5625 -120 -602.25 -284 -120 -567.6875 -372.1875 -120 -512.25 -447.75 -120 -447.75 -512.25 -120 -372.1875 -567.6875 -120 -284 -602.25 -120 -200.5625 -625.4375 -120 -99 -633.25 -120 0 -639.8125 -120 -101.3125 -796.375 -120 0 -716.125 -120 -106.5 -716.125 -120 0 -649.125 -120 -95.9375 -656.125 -120 0 -647.875 -120 0 -625.4375 -120 99 -497.8125 -120 165.75 -372.0625 -120 186.125 -325 -120 236.125 -639.8125 -120 101.3125 -602.25 -120 200.5625 -469.1875 -120 234.75 -335.75 -120 243.9375 -284.125 -120 284.125 290.5625 -120 580.75 205.1875 -120 616.125 284 -120 567.6875 200.5625 -120 602.25 234.75 -120 469.1875 165.75 -120 497.8125 186.125 -120 372.0625 131.4375 -120 394.75 180.1875 -120 360.1875 127.25 -120 382.125 101.3125 -120 639.8125 99 -120 625.4375 81.875 -120 516.9375 64.875 -120 409.9375 62.8125 -120 396.8125 0 -120 647.875 0 -120 633.25 0 -120 523.4375 0 -120 415.0625 0 -120 401.8125 -101.3125 -120 639.8125 -99 -120 625.4375 -81.875 -120 516.9375 -64.875 -120 409.9375 -62.8125 -120 396.8125 -205.1875 -120 616.125 -200.5625 -120 602.25 -165.75 -120 497.8125 -131.4375 -120 394.75 -127.25 -120 382.125 -290.5625 -120 580.75 -284 -120 567.6875 -234.75 -120 469.1875 -186.125 -120 372.0625 -180.1875 -120 360.1875 -1317.5 -120 112.25 -1317.5 -120 0 -891.625 -120 110.3125 -900.625 -120 0 -880.1875 -120 110.25 -883.5625 -120 0 -796.375 -120 -110.0625 372.1875 -120 512.25 307.625 -120 423.4375 370.125 -120 370.125 335.75 -120 243.9375 360.1875 -120 180.1875 563.125 -120 563.125 431.0625 -120 581.6875 506.375 -120 506.375 391.1875 -120 526.875 463.9375 -120 463.9375 380.75 -120 524.0625 458.125 -120 458.125 512.25 -120 372.1875 -563.125 -120 563.125 -581.6875 -120 431.0625 -506.375 -120 506.375 -526.875 -120 391.1875 -463.9375 -120 463.9375 -524.0625 -120 380.75 -458.125 -120 458.125 -447.75 -120 447.75 -372.1875 -120 512.25 -796.375 -120 110.0625 -716.125 -120 106.5 -649.125 -120 95.9375 -544.375 -120 700.375 -485.25 -120 641 -431.0625 -120 581.6875 -391.1875 -120 526.875 -380.75 -120 524.0625 -372.1875 -120 512.25 -307.625 -120 423.4375 -243.9375 -120 335.75 -236.125 -120 325 -370.125 -120 370.125 -293.5 -120 293.5 236.125 -120 325 243.9375 -120 335.75 700.375 -120 544.375 641 -120 485.25 581.6875 -120 431.0625 526.875 -120 391.1875 524.0625 -120 380.75 -1317.5 -120 -112.25 -891.625 -120 -110.375 -880.1875 -120 -110.25 -552.4375 -120 708.4375 -637.0625 -120 637.0625 -624.75 -120 624.75 -641 -120 485.25 325 -120 236.125 293.5 -120 293.5 284.125 -120 284.125 708.4375 -120 552.4375 637.0625 -120 637.0625 624.75 -120 624.75 485.25 -120 641 -567.6875 -120 284 -423.4375 -120 307.625 -512.25 -120 372.1875 -616.125 -120 205.1875 -580.75 -120 290.5625 -708.5625 -120 552.375 -700.375 -120 544.375 552.375 -120 708.5625 544.375 -120 700.375 372.1875 -120 512.25 284 -120 567.6875 -512.25 -120 372.1875 -567.6875 -120 284 -616.125 -120 -205.1875 -580.75 -120 -290.5625 639.8125 -120 -101.3125 647.875 -120 0 639.8125 -120 101.3125 616.125 -120 205.1875 580.75 -120 290.5625 101.3125 -120 -639.8125 205.1875 -120 -616.125 0 -120 -647.875 -101.3125 -120 -639.8125 290.5625 -120 -580.75 380.75 -120 -524.0625 458.125 -120 -458.125 -205.1875 -120 -616.125 524.0625 -120 -380.75 -290.5625 -120 -580.75 -380.75 -120 -524.0625 580.75 -120 -290.5625 -458.125 -120 -458.125 616.125 -120 -205.1875 -524.0625 -120 -380.75</float_array>
                    <technique_common>
                        <accessor count="254" source="#pointarray4" stride="3">
                            <param name="X" type="float"/>
                            <param name="Y" type="float"/>
                            <param name="Z" type="float"/>
                        </accessor>
                    </technique_common>
                </source>
                <source id="uvs4">
                    <float_array id="uvarray4" count="496">0.982421875 -0.951171875 1.162109375 -0.82421875 1.18359375 -0.8671875 1.3671875 -0.693359375 1.396484375 -0.734375 1.54296875 -0.54296875 1.578125 -0.578125 1.693359375 -0.3671875 1.734375 -0.396484375 1.82421875 -0.162109375 1.8671875 -0.18359375 1.904296875 0.033203125 1.951171875 0.017578125 1.958984375 0.26953125 2.005859375 0.26171875 1.9765625 0.5 2.025390625 0.5 1.958984375 0.732421875 2.005859375 0.740234375 1.904296875 0.96875 1.951171875 0.984375 1.82421875 1.162109375 1.8671875 1.18359375 1.693359375 1.3671875 1.734375 1.396484375 1.54296875 1.54296875 1.578125 1.578125 1.3671875 1.693359375 1.396484375 1.734375 1.162109375 1.82421875 1.18359375 1.8671875 0.966796875 1.904296875 0.982421875 1.951171875 0.73046875 1.958984375 0.73828125 2.005859375 0.5 1.9765625 0.5 2.025390625 0.267578125 1.958984375 0.259765625 2.005859375 0.03125 1.904296875 0.015625 1.951171875 -0.162109375 1.82421875 -0.18359375 1.8671875 -0.3671875 1.693359375 -0.396484375 1.734375 -0.54296875 1.54296875 -0.578125 1.578125 -0.693359375 1.3671875 -0.734375 1.396484375 -0.82421875 1.162109375 -0.8671875 1.18359375 -0.904296875 0.96875 0.80078125 -1.400390625 1.109375 -1.330078125 1.361328125 -1.224609375 1.630859375 -1.056640625 1.859375 -0.859375 2.056640625 -0.630859375 2.224609375 -0.361328125 2.330078125 -0.109375 2.400390625 0.19921875 2.423828125 0.5 2.400390625 0.802734375 2.330078125 1.109375 2.224609375 1.361328125 2.056640625 1.630859375 1.859375 1.859375 1.630859375 2.056640625 1.361328125 2.224609375 1.109375 2.330078125 0.80078125 2.400390625 0.5 2.423828125 0.197265625 2.400390625 -0.109375 2.330078125 -0.361328125 2.224609375 -0.630859375 2.056640625 -0.859375 1.859375 -1.056640625 1.630859375 0.5 -1.828125 0.86328125 -1.798828125 1.236328125 -1.712890625 1.54296875 -1.5859375 1.8671875 -1.3828125 2.14453125 -1.14453125 2.3828125 -0.8671875 2.5859375 -0.54296875 2.712890625 -0.236328125 2.798828125 0.13671875 2.828125 0.5 2.798828125 0.865234375 2.712890625 1.236328125 2.5859375 1.54296875 2.3828125 1.8671875 2.14453125 2.14453125 1.8671875 2.3828125 1.54296875 2.5859375 1.236328125 2.712890625 0.86328125 2.798828125 0.5 2.828125 0.134765625 2.798828125 -0.236328125 2.712890625 -0.54296875 2.5859375 -0.8671875 2.3828125 -1.14453125 2.14453125 -0.8984375 2.42578125 -1.5703125 2.5703125 -1.083984375 2.638671875 -1.361328125 2.361328125 -0.9375 2.435546875 -1.205078125 2.205078125 -1.18359375 2.18359375 -1.3828125 1.8671875 -1.224609375 1.361328125 -0.951171875 0.984375 -0.958984375 0.732421875 -1.42578125 1.8984375 -1.5859375 1.54296875 -1.330078125 1.109375 -1.005859375 0.740234375 -0.9765625 0.5 -0.25390625 -1.763671875 -0.56640625 -1.634765625 -0.236328125 -1.712890625 -0.54296875 -1.5859375 -0.109375 -1.330078125 -0.361328125 -1.224609375 0.015625 -0.951171875 -0.18359375 -0.8671875 0.03125 -0.904296875 -0.162109375 -0.82421875 -0.8984375 -1.42578125 -0.8671875 -1.3828125 -0.630859375 -1.056640625 -0.396484375 -0.734375 -0.3671875 -0.693359375 -1.18359375 -1.18359375 -1.14453125 -1.14453125 -0.859375 -0.859375 -0.578125 -0.578125 -0.54296875 -0.54296875 -1.42578125 -0.8984375 -1.3828125 -0.8671875 -1.056640625 -0.630859375 -0.734375 -0.396484375 -0.693359375 -0.3671875 -1.634765625 -0.56640625 -1.5859375 -0.54296875 -1.224609375 -0.361328125 -0.8671875 -0.18359375 -0.82421875 -0.162109375 -1.763671875 -0.25390625 -1.712890625 -0.236328125 -1.330078125 -0.109375 -0.951171875 0.017578125 -0.904296875 0.033203125 -3.216796875 3.6328125 -2.923828125 3.923828125 -2.103515625 2.529296875 -1.83984375 2.83984375 -2.07421875 2.5 -1.796875 2.796875 -1.283203125 2.85546875 0.134765625 -1.798828125 0.197265625 -1.400390625 0.5 -1.423828125 0.73828125 -1.005859375 0.966796875 -0.904296875 0.5 -2.427734375 0.107421875 -2.1328125 0.5 -2.1328125 0.146484375 -1.884765625 0.5 -1.912109375 0.126953125 -1.8515625 0.5 -1.880859375 -2.427734375 0.5 -2.1328125 0.892578125 -2.1328125 0.5 -1.884765625 0.853515625 -1.912109375 0.5 -1.8515625 0.873046875 -1.880859375 0.5 -1.828125 0.5 -1.798828125 0.13671875 -1.85546875 2.283203125 -1.638671875 2.083984375 -1.435546875 1.9375 -2.734375 0.095703125 -2.427734375 0.095703125 -2.1328125 0.109375 -1.884765625 0.1484375 -1.8515625 0.12890625 -1.400390625 0.19921875 -1.005859375 0.26171875 -0.958984375 0.26953125 -1.423828125 0.5 -1.025390625 0.5 0.267578125 -0.958984375 0.259765625 -1.005859375 0.904296875 -2.734375 0.904296875 -2.427734375 0.890625 -2.1328125 0.8515625 -1.884765625 0.87109375 -1.8515625 -2.6328125 4.216796875 -1.529296875 3.103515625 -1.5 3.07421875 -2.77734375 0.095703125 -2.810546875 0.5 -2.748046875 0.5 -2.427734375 0.90625 0.73046875 -0.958984375 0.5 -1.025390625 0.5 -0.9765625 0.904296875 -2.77734375 0.5 -2.810546875 0.5 -2.748046875 0.09375 -2.427734375 -1.712890625 1.236328125 -1.400390625 0.802734375 -1.798828125 0.865234375 -1.634765625 1.56640625 -1.763671875 1.25390625 -2.77734375 0.90625 -2.734375 0.90625 0.09375 -2.77734375 0.09375 -2.734375 -0.56640625 2.634765625 -0.25390625 2.763671875 2.42578125 -0.8984375 2.18359375 -1.18359375 1.8984375 -1.42578125 1.56640625 -1.634765625 1.25390625 -1.763671875 2.42578125 1.8984375 2.634765625 1.56640625 2.18359375 2.18359375 1.8984375 2.42578125 2.763671875 1.25390625 2.8515625 0.873046875 2.880859375 0.5 1.56640625 2.634765625 2.8515625 0.12890625 1.25390625 2.763671875 0.87109375 2.8515625 2.763671875 -0.25390625 0.5 2.880859375 2.634765625 -0.56640625 0.126953125 2.8515625</float_array>
                    <technique_common>
                        <accessor count="248" source="#uvarray4" stride="2">
                            <param name="S" type="float"/>
                            <param name="T" type="float"/>
                        </accessor>
                    </technique_common>
                </source>
                <source id="colors4">
                    <float_array id="colorarray4" count="72">0.396078431372549 0.38823529411764707 0.35294117647058826 1 0.396078431372549 0.3843137254901961 0.35294117647058826 1 1 1 1 1 0.6627450980392157 0.6509803921568628 0.615686274509804 1 0.6627450980392157 0.6549019607843137 0.615686274509804 1 0.6666666666666666 0.6549019607843137 0.6196078431372549 1 0.6627450980392157 0.6549019607843137 0.6196078431372549 1 0.6666666666666666 0.6588235294117647 0.6196078431372549 1 0.4 0.4 0.4 1 0.6392156862745098 0.6392156862745098 0.6392156862745098 1 0.6588235294117647 0.6509803921568628 0.615686274509804 1 0 0 0 1 0.5607843137254902 0.5607843137254902 0.5607843137254902 1 0.6 0.6 0.6 1 0.7529411764705882 0.7529411764705882 0.7529411764705882 1 0.6941176470588235 0.6941176470588235 0.6941176470588235 1 0.996078431372549 0.996078431372549 0.996078431372549 1 0.615686274509804 0.615686274509804 0.615686274509804 1</float_array>
                    <technique_common>
                        <accessor count="18" source="#colorarray4" stride="4">
                            <param name="R" type="float"/>
                            <param name="G" type="float"/>
                            <param name="B" type="float"/>
                            <param name="A" type="float"/>
                        </accessor>
                    </technique_common>
                </source>
                <vertices id="vertices4">
                    <input semantic="POSITION" source="#points4"/>
                </vertices>
                <polylist count="384" material="Material1">
                    <input offset="0" semantic="VERTEX" source="#vertices4"/>
                    <input offset="1" semantic="TEXCOORD" source="#uvs4" set="0"/>
                    <input offset="2" semantic="COLOR" source="#colors4" set="0"/>
                    <vcount>3 3 3 3 3 3 3 3 3 3 3 3 3 3 3 3 3 3 3 3 3 3 3 3 3 3 3 3 3 3 3 3 3 3 3 3 3 3 3 3 3 3 3 3 3 3 3 3 3 3 3 3 3 3 3 3 3 3 3 3 3 3 3 3 3 3 3 3 3 3 3 3 3 3 3 3 3 3 3 3 3 3 3 3 3 3 3 3 3 3 3 3 3 3 3 3 3 3 3 3 3 3 3 3 3 3 3 3 3 3 3 3 3 3 3 3 3 3 3 3 3 3 3 3 3 3 3 3 3 3 3 3 3 3 3 3 3 3 3 3 3 3 3 3 3 3 3 3 3 3 3 3 3 3 3 3 3 3 3 3 3 3 3 3 3 3 3 3 3 3 3 3 3 3 3 3 3 3 3 3 3 3 3 3 3 3 3 3 3 3 3 3 3 3 3 3 3 3 3 3 3 3 3 3 3 3 3 3 3 3 3 3 3 3 3 3 3 3 3 3 3 3 3 3 3 3 3 3 3 3 3 3 3 3 3 3 3 3 3 3 3 3 3 3 3 3 3 3 3 3 3 3 3 3 3 3 3 3 3 3 3 3 3 3 3 3 3 3 3 3 3 3 3 3 3 3 3 3 3 3 3 3 3 3 3 3 3 3 3 3 3 3 3 3 3 3 3 3 3 3 3 3 3 3 3 3 3 3 3 3 3 3 3 3 3 3 3 3 3 3 3 3 3 3 3 3 3 3 3 3 3 3 3 3 3 3 3 3 3 3 3 3 3 3 3 3 3 3 3 3 3 3 3 3 3 3 3 3 3 3 3 3 3 3 3 3 3 3 3 3 3 3 3 3 3 3 3 3 3 3 3 3 3 3</vcount>
                    <p>2 2 0 1 1 0 0 0 0 3 3 1 1 1 0 2 2 0 4 4 0 3 3 1 2 2 0 5 5 1 3 3 1 4 4 0 6 6 1 5 5 1 4 4 0 7 7 1 5 5 1 6 6 1 8 8 1 7 7 1 6 6 1 9 9 1 7 7 1 8 8 1 10 10 0 9 9 1 8 8 1 11 11 0 9 9 1 10 10 0 12 12 0 11 11 0 10 10 0 13 13 1 11 11 0 12 12 0 14 14 0 13 13 1 12 12 0 15 15 1 13 13 1 14 14 0 16 16 0 15 15 1 14 14 0 17 17 0 15 15 1 16 16 0 18 18 0 17 17 0 16 16 0 19 19 0 17 17 0 18 18 0 20 20 0 19 19 0 18 18 0 21 21 0 19 19 0 20 20 0 22 22 0 21 21 0 20 20 0 23 23 0 21 21 0 22 22 0 24 24 0 23 23 0 22 22 0 25 25 0 23 23 0 24 24 0 26 26 0 25 25 0 24 24 0 27 27 0 25 25 0 26 26 0 28 28 0 27 27 0 26 26 0 29 29 0 27 27 0 28 28 0 30 30 0 29 29 0 28 28 0 31 31 0 29 29 0 30 30 0 32 32 0 31 31 0 30 30 0 33 33 0 31 31 0 32 32 0 34 34 0 33 33 0 32 32 0 35 35 0 33 33 0 34 34 0 36 36 0 35 35 0 34 34 0 37 37 0 35 35 0 36 36 0 38 38 0 37 37 0 36 36 0 39 39 0 37 37 0 38 38 0 40 40 0 39 39 0 38 38 0 41 41 0 39 39 0 40 40 0 42 42 0 41 41 0 40 40 0 43 43 0 41 41 0 42 42 0 44 44 0 43 43 0 42 42 0 45 45 0 43 43 0 44 44 0 46 46 0 45 45 0 44 44 0 47 47 0 45 45 0 46 46 0 48 48 0 47 47 0 46 46 0 49 49 0 47 47 0 48 48 0 50 50 0 49 49 0 48 48 0 51 51 0 49 49 0 50 50 0 53 53 2 0 0 0 52 52 2 2 2 0 0 0 0 53 53 2 54 54 2 2 2 0 53 53 2 4 4 0 2 2 0 54 54 2 55 55 2 4 4 0 54 54 2 6 6 1 4 4 0 55 55 2 56 56 2 6 6 1 55 55 2 8 8 1 6 6 1 56 56 2 57 57 2 8 8 1 56 56 2 10 10 0 8 8 1 57 57 2 58 58 2 10 10 0 57 57 2 12 12 0 10 10 0 58 58 2 59 59 2 12 12 0 58 58 2 14 14 0 12 12 0 59 59 2 60 60 2 14 14 0 59 59 2 16 16 0 14 14 0 60 60 2 61 61 2 16 16 0 60 60 2 18 18 0 16 16 0 61 61 2 62 62 2 18 18 0 61 61 2 20 20 0 18 18 0 62 62 2 63 63 2 20 20 0 62 62 2 22 22 0 20 20 0 63 63 2 64 64 2 22 22 0 63 63 2 24 24 0 22 22 0 64 64 2 65 65 2 24 24 0 64 64 2 26 26 0 24 24 0 65 65 2 66 66 2 26 26 0 65 65 2 28 28 0 26 26 0 66 66 2 67 67 2 28 28 0 66 66 2 30 30 0 28 28 0 67 67 2 68 68 2 30 30 0 67 67 2 32 32 0 30 30 0 68 68 2 69 69 2 32 32 0 68 68 2 34 34 0 32 32 0 69 69 2 70 70 2 34 34 0 69 69 2 36 36 0 34 34 0 70 70 2 71 71 2 36 36 0 70 70 2 38 38 0 36 36 0 71 71 2 72 72 2 38 38 0 71 71 2 40 40 0 38 38 0 72 72 2 73 73 2 40 40 0 72 72 2 42 42 0 40 40 0 73 73 2 74 74 2 42 42 0 73 73 2 44 44 0 42 42 0 74 74 2 75 75 2 44 44 0 74 74 2 46 46 0 44 44 0 75 75 2 76 76 2 46 46 0 75 75 2 48 48 0 46 46 0 76 76 2 77 77 2 48 48 0 76 76 2 50 50 0 48 48 0 77 77 2 79 79 3 52 52 2 78 78 2 53 53 2 52 52 2 79 79 3 80 80 4 53 53 2 79 79 3 54 54 2 53 53 2 80 80 4 81 81 5 54 54 2 80 80 4 55 55 2 54 54 2 81 81 5 82 82 4 55 55 2 81 81 5 56 56 2 55 55 2 82 82 4 83 83 3 56 56 2 82 82 4 57 57 2 56 56 2 83 83 3 84 84 3 57 57 2 83 83 3 58 58 2 57 57 2 84 84 3 85 85 6 58 58 2 84 84 3 59 59 2 58 58 2 85 85 6 86 86 5 59 59 2 85 85 6 60 60 2 59 59 2 86 86 5 87 87 6 60 60 2 86 86 5 61 61 2 60 60 2 87 87 6 88 88 4 61 61 2 87 87 6 62 62 2 61 61 2 88 88 4 89 89 6 62 62 2 88 88 4 63 63 2 62 62 2 89 89 6 90 90 7 63 63 2 89 89 6 64 64 2 63 63 2 90 90 7 91 91 5 64 64 2 90 90 7 65 65 2 64 64 2 91 91 5 92 92 6 65 65 2 91 91 5 66 66 2 65 65 2 92 92 6 93 93 6 66 66 2 92 92 6 67 67 2 66 66 2 93 93 6 94 94 5 67 67 2 93 93 6 68 68 2 67 67 2 94 94 5 95 95 5 68 68 2 94 94 5 69 69 2 68 68 2 95 95 5 96 96 5 69 69 2 95 95 5 70 70 2 69 69 2 96 96 5 97 97 4 70 70 2 96 96 5 71 71 2 70 70 2 97 97 4 98 98 4 71 71 2 97 97 4 72 72 2 71 71 2 98 98 4 99 99 6 72 72 2 98 98 4 73 73 2 72 72 2 99 99 6 100 100 5 73 73 2 99 99 6 74 74 2 73 73 2 100 100 5 101 101 5 74 74 2 100 100 5 75 75 2 74 74 2 101 101 5 102 102 8 75 75 2 101 101 5 103 103 2 75 75 2 102 102 8 104 104 8 103 103 2 102 102 8 107 107 2 106 106 8 105 105 9 108 108 8 106 106 8 107 107 2 109 109 2 108 108 8 107 107 2 104 104 8 108 108 8 109 109 2 110 110 2 104 104 8 109 109 2 103 103 2 104 104 8 110 110 2 111 111 8 103 103 2 110 110 2 77 77 2 103 103 2 111 111 8 112 112 2 77 77 2 111 111 8 50 50 0 77 77 2 112 112 2 113 113 0 50 50 0 112 112 2 51 51 0 50 50 0 113 113 0 114 114 0 51 51 0 113 113 0 115 115 8 110 110 2 109 109 2 111 111 8 110 110 2 115 115 8 116 116 4 111 111 8 115 115 8 112 112 2 111 111 8 116 116 4 117 117 2 112 112 2 116 116 4 113 113 0 112 112 2 117 117 2 118 118 0 113 113 0 117 117 2 114 114 0 113 113 0 118 118 0 119 119 1 114 114 0 118 118 0 122 122 3 121 121 8 120 120 8 123 123 4 121 121 8 122 122 3 124 124 2 123 123 4 122 122 3 125 125 2 123 123 4 124 124 2 126 126 0 125 125 2 124 124 2 127 127 1 125 125 2 126 126 0 128 128 1 127 127 1 126 126 0 129 129 1 127 127 1 128 128 1 123 123 4 130 130 8 121 121 8 131 131 3 130 130 8 123 123 4 125 125 2 131 131 3 123 123 4 132 132 2 131 131 3 125 125 2 127 127 1 132 132 2 125 125 2 133 133 1 132 132 2 127 127 1 129 129 1 133 133 1 127 127 1 134 134 1 133 133 1 129 129 1 131 131 3 135 135 8 130 130 8 136 136 10 135 135 8 131 131 3 132 132 2 136 136 10 131 131 3 137 137 2 136 136 10 132 132 2 133 133 1 137 137 2 132 132 2 138 138 1 137 137 2 133 133 1 134 134 1 138 138 1 133 133 1 139 139 1 138 138 1 134 134 1 136 136 10 140 140 8 135 135 8 141 141 10 140 140 8 136 136 10 137 137 2 141 141 10 136 136 10 142 142 2 141 141 10 137 137 2 138 138 1 142 142 2 137 137 2 143 143 1 142 142 2 138 138 1 139 139 1 143 143 1 138 138 1 144 144 1 143 143 1 139 139 1 141 141 10 145 145 8 140 140 8 146 146 3 145 145 8 141 141 10 142 142 2 146 146 3 141 141 10 147 147 2 146 146 3 142 142 2 143 143 1 147 147 2 142 142 2 148 148 1 147 147 2 143 143 1 144 144 1 148 148 1 143 143 1 149 149 1 148 148 1 144 144 1 146 146 3 150 150 8 145 145 8 151 151 4 150 150 8 146 146 3 147 147 2 151 151 4 146 146 3 152 152 2 151 151 4 147 147 2 148 148 1 152 152 2 147 147 2 153 153 1 152 152 2 148 148 1 149 149 1 153 153 1 148 148 1 154 154 1 153 153 1 149 149 1 157 157 8 156 156 11 155 155 11 158 158 8 156 156 11 157 157 8 159 159 8 158 158 8 157 157 8 160 160 8 158 158 8 159 159 8 105 105 9 160 160 8 159 159 8 161 161 8 160 160 8 105 105 9 106 106 8 161 161 8 105 105 9 78 78 2 163 163 2 162 162 3 164 164 2 163 163 2 78 78 2 52 52 2 164 164 2 78 78 2 165 165 0 164 164 2 52 52 2 0 0 0 165 165 0 52 52 2 166 166 0 165 165 0 0 0 0 1 1 0 166 166 0 0 0 0 169 169 2 168 168 8 167 167 2 170 170 8 168 168 8 169 169 2 171 171 2 170 170 8 169 169 2 172 172 8 170 170 8 171 171 2 173 173 2 172 172 8 171 171 2 78 78 2 172 172 8 173 173 2 174 79 8 78 78 2 173 173 2 177 176 2 176 175 8 175 174 2 178 177 8 176 175 8 177 176 2 179 178 2 178 177 8 177 176 2 180 179 8 178 177 8 179 178 2 181 180 2 180 179 8 179 178 2 182 181 2 180 179 8 181 180 2 183 182 8 182 181 2 181 180 2 184 183 8 105 105 9 159 159 8 107 107 2 105 105 9 184 183 8 185 184 8 107 107 2 184 183 8 109 109 2 107 107 2 185 184 8 186 185 8 109 109 2 185 184 8 115 115 8 109 109 2 186 185 8 188 187 8 175 174 2 187 186 12 177 176 2 175 174 2 188 187 8 189 188 8 177 176 2 188 187 8 179 178 2 177 176 2 189 188 8 190 189 8 179 178 2 189 188 8 191 190 8 179 178 2 190 189 8 152 152 2 192 182 4 151 151 4 193 191 2 192 182 4 152 152 2 153 153 1 193 191 2 152 152 2 194 192 1 193 191 2 153 153 1 154 154 1 194 192 1 153 153 1 195 193 1 194 192 1 154 154 1 193 191 2 182 181 2 192 182 4 196 194 2 182 181 2 193 191 2 194 192 1 196 194 2 193 191 2 197 195 0 196 194 2 194 192 1 195 193 1 197 195 0 194 192 1 119 119 1 197 195 0 195 193 1 126 126 0 198 196 0 128 128 1 199 197 0 198 196 0 126 126 0 124 124 2 199 197 0 126 126 0 163 163 2 199 197 0 124 124 2 122 122 3 163 163 2 124 124 2 162 162 3 163 163 2 122 122 3 201 199 8 167 167 2 200 198 12 169 169 2 167 167 2 201 199 8 202 200 8 169 169 2 201 199 8 171 171 2 169 169 2 202 200 8 203 201 8 171 171 2 202 200 8 204 202 8 171 171 2 203 201 8 158 158 8 205 203 11 156 156 11 206 204 8 205 203 11 158 158 8 160 160 8 206 204 8 158 158 8 207 205 8 206 204 8 160 160 8 161 161 8 207 205 8 160 160 8 187 186 12 209 207 14 208 206 13 210 208 15 209 207 14 187 186 12 175 174 2 210 208 15 187 186 12 211 209 8 210 208 15 175 174 2 176 175 8 211 209 8 175 174 2 212 210 0 165 165 0 166 166 0 213 211 0 165 165 0 212 210 0 214 212 0 213 211 0 212 210 0 199 197 0 213 211 0 214 212 0 198 196 0 199 197 0 214 212 0 200 198 12 216 214 14 215 213 13 217 215 16 216 214 14 200 198 12 167 167 2 217 215 16 200 198 12 218 216 8 217 215 16 167 167 2 168 168 8 218 216 8 167 167 2 219 217 6 117 117 2 116 116 4 220 218 2 117 117 2 219 217 6 221 219 4 220 218 2 219 217 6 182 181 2 220 218 2 221 219 4 222 220 8 116 116 4 115 115 8 219 217 6 116 116 4 222 220 8 223 221 8 219 217 6 222 220 8 210 208 15 224 222 17 209 207 14 225 223 8 224 222 17 210 208 15 211 209 8 225 223 8 210 208 15 191 190 8 181 180 2 179 178 2 183 182 8 181 180 2 191 190 8 151 151 4 183 182 8 191 190 8 217 215 16 226 224 13 216 214 14 227 225 12 226 224 13 217 215 16 218 216 8 227 225 12 217 215 16 204 202 8 173 173 2 171 171 2 174 79 8 173 173 2 204 202 8 80 80 4 174 79 8 204 202 8 228 162 8 172 172 8 78 78 2 120 120 8 172 172 8 228 162 8 229 122 5 120 120 8 228 162 8 213 211 0 164 164 2 165 165 0 163 163 2 164 164 2 213 211 0 199 197 0 163 163 2 213 211 0 230 219 8 180 179 8 182 181 2 223 221 8 180 179 8 230 219 8 231 217 5 223 221 8 230 219 8 196 194 2 220 218 2 182 181 2 197 195 0 220 218 2 196 194 2 220 218 2 118 118 0 117 117 2 197 195 0 118 118 0 220 218 2 102 102 8 232 226 8 104 104 8 101 101 5 232 226 8 102 102 8 101 101 5 233 227 8 232 226 8 100 100 5 233 227 8 101 101 5 84 84 3 235 229 8 234 228 8 83 83 3 235 229 8 84 84 3 83 83 3 236 230 8 235 229 8 82 82 4 236 230 8 83 83 3 82 82 4 237 231 8 236 230 8 81 81 5 237 231 8 82 82 4 81 81 5 238 232 8 237 231 8 80 80 4 238 232 8 81 81 5 92 92 6 240 234 8 239 233 8 91 91 5 240 234 8 92 92 6 103 103 2 76 76 2 75 75 2 77 77 2 76 76 2 103 103 2 93 93 6 239 233 8 241 235 8 92 92 6 239 233 8 93 93 6 94 94 5 241 235 8 242 236 8 93 93 6 241 235 8 94 94 5 90 90 7 244 238 8 243 237 8 89 89 6 244 238 8 90 90 7 89 89 6 245 239 8 244 238 8 88 88 4 245 239 8 89 89 6 95 95 5 242 236 8 246 240 8 94 94 5 242 236 8 95 95 5 88 88 4 247 241 8 245 239 8 87 87 6 247 241 8 88 88 4 96 96 5 246 240 8 248 242 8 95 95 5 246 240 8 96 96 5 97 97 4 248 242 8 249 243 8 96 96 5 248 242 8 97 97 4 87 87 6 250 244 8 247 241 8 86 86 5 250 244 8 87 87 6 91 91 5 243 237 8 240 234 8 90 90 7 243 237 8 91 91 5 98 98 4 249 243 8 251 245 8 97 97 4 249 243 8 98 98 4 86 86 5 252 246 8 250 244 8 85 85 6 252 246 8 86 86 5 99 99 6 251 245 8 253 247 8 98 98 4 251 245 8 99 99 6 100 100 5 253 247 8 233 227 8 99 99 6 253 247 8 100 100 5 85 85 6 234 228 8 252 246 8 84 84 3 234 228 8 85 85 6 191 190 8 150 150 8 151 151 4 204 202 8 238 232 8 80 80 4 118 118 0 197 195 0 119 119 1</p>
                </polylist>
            </mesh>
        </geometry>
        <geometry id="mesh5">
            <mesh>
                <source id="points5">
                    <float_array id="pointarray5" count="243">103.4375 428.1875 -33.625 103.4375 1495.6875 -33.625 109.1875 428 -17.25 109.1875 1495.4375 -17.25 108.8125 428.1875 0 108.8125 1495.6875 0 109.1875 428 17.25 109.1875 1495.4375 17.25 103.4375 428.1875 33.625 103.4375 1495.6875 33.625 98.5 428 50.1875 98.5 1495.4375 50.1875 88 428.1875 63.9375 88 1495.6875 63.9375 78.125 428 78.125 78.125 1495.4375 78.125 63.9375 428.1875 88 63.9375 1495.6875 88 50.1875 428 98.5 50.1875 1495.4375 98.5 33.625 428.1875 103.4375 33.625 1495.6875 103.4375 17.25 428 109.1875 17.25 1495.4375 109.1875 0 428.1875 108.8125 0 1495.6875 108.8125 -17.25 428 109.1875 -17.25 1495.4375 109.1875 -33.625 428.1875 103.4375 -33.625 1495.6875 103.4375 -50.1875 428 98.5 -50.1875 1495.4375 98.5 -63.9375 428.1875 88 -63.9375 1495.6875 88 -78.125 428 78.125 -78.125 1495.4375 78.125 -88 428.1875 63.9375 -88 1495.6875 63.9375 -98.5 428 50.1875 -98.5 1495.4375 50.1875 -103.4375 428.1875 33.625 -103.4375 1495.6875 33.625 -109.1875 428 17.25 -109.1875 1495.4375 17.25 -108.8125 428.1875 0 -108.8125 1495.6875 0 -109.1875 428 -17.25 -109.1875 1495.4375 -17.25 -103.4375 428.1875 -33.625 -103.4375 1495.6875 -33.625 -98.5 428 -50.1875 -98.5 1495.4375 -50.1875 -88 428.1875 -63.9375 -88 1495.6875 -63.9375 -78.125 428 -78.125 -78.125 1495.4375 -78.125 -63.9375 428.1875 -88 -63.9375 1495.6875 -88 -50.1875 428 -98.5 -50.1875 1495.4375 -98.5 -33.625 428.1875 -103.4375 -33.625 1495.6875 -103.4375 -17.25 428 -109.1875 -17.25 1495.4375 -109.1875 0 428.1875 -108.8125 0 1495.6875 -108.8125 17.25 428 -109.1875 17.25 1495.4375 -109.1875 33.625 428.1875 -103.4375 33.625 1495.6875 -103.4375 50.1875 428 -98.5 50.1875 1495.4375 -98.5 63.9375 428.1875 -88 63.9375 1495.6875 -88 78.125 428 -78.125 78.125 1495.4375 -78.125 88 428.1875 -63.9375 88 1495.6875 -63.9375 98.5 428 -50.1875 98.5 1495.4375 -50.1875 0 1495.5625 0</float_array>
                    <technique_common>
                        <accessor count="81" source="#pointarray5" stride="3">
                            <param name="X" type="float"/>
                            <param name="Y" type="float"/>
                            <param name="Z" type="float"/>
                        </accessor>
                    </technique_common>
                </source>
                <source id="uvs5">
                    <float_array id="uvarray5" count="2">0 1</float_array>
                    <technique_common>
                        <accessor count="1" source="#uvarray5" stride="2">
                            <param name="S" type="float"/>
                            <param name="T" type="float"/>
                        </accessor>
                    </technique_common>
                </source>
                <source id="colors5">
                    <float_array id="colorarray5" count="8">1 1 0.8980392156862745 0 1 1 0.8980392156862745 1</float_array>
                    <technique_common>
                        <accessor count="2" source="#colorarray5" stride="4">
                            <param name="R" type="float"/>
                            <param name="G" type="float"/>
                            <param name="B" type="float"/>
                            <param name="A" type="float"/>
                        </accessor>
                    </technique_common>
                </source>
                <vertices id="vertices5">
                    <input semantic="POSITION" source="#points5"/>
                </vertices>
                <polylist count="120" material="Material1">
                    <input offset="0" semantic="VERTEX" source="#vertices5"/>
                    <input offset="1" semantic="TEXCOORD" source="#uvs5" set="0"/>
                    <input offset="2" semantic="COLOR" source="#colors5" set="0"/>
                    <vcount>3 3 3 3 3 3 3 3 3 3 3 3 3 3 3 3 3 3 3 3 3 3 3 3 3 3 3 3 3 3 3 3 3 3 3 3 3 3 3 3 3 3 3 3 3 3 3 3 3 3 3 3 3 3 3 3 3 3 3 3 3 3 3 3 3 3 3 3 3 3 3 3 3 3 3 3 3 3 3 3 3 3 3 3 3 3 3 3 3 3 3 3 3 3 3 3 3 3 3 3 3 3 3 3 3 3 3 3 3 3 3 3 3 3 3 3 3 3 3 3</vcount>
                    <p>2 0 0 1 0 1 0 0 0 3 0 1 1 0 1 2 0 0 4 0 0 3 0 1 2 0 0 5 0 1 3 0 1 4 0 0 6 0 0 5 0 1 4 0 0 7 0 1 5 0 1 6 0 0 8 0 0 7 0 1 6 0 0 9 0 1 7 0 1 8 0 0 10 0 0 9 0 1 8 0 0 11 0 1 9 0 1 10 0 0 12 0 0 11 0 1 10 0 0 13 0 1 11 0 1 12 0 0 14 0 0 13 0 1 12 0 0 15 0 1 13 0 1 14 0 0 16 0 0 15 0 1 14 0 0 17 0 1 15 0 1 16 0 0 18 0 0 17 0 1 16 0 0 19 0 1 17 0 1 18 0 0 20 0 0 19 0 1 18 0 0 21 0 1 19 0 1 20 0 0 22 0 0 21 0 1 20 0 0 23 0 1 21 0 1 22 0 0 24 0 0 23 0 1 22 0 0 25 0 1 23 0 1 24 0 0 26 0 0 25 0 1 24 0 0 27 0 1 25 0 1 26 0 0 28 0 0 27 0 1 26 0 0 29 0 1 27 0 1 28 0 0 30 0 0 29 0 1 28 0 0 31 0 1 29 0 1 30 0 0 32 0 0 31 0 1 30 0 0 33 0 1 31 0 1 32 0 0 34 0 0 33 0 1 32 0 0 35 0 1 33 0 1 34 0 0 36 0 0 35 0 1 34 0 0 37 0 1 35 0 1 36 0 0 38 0 0 37 0 1 36 0 0 39 0 1 37 0 1 38 0 0 40 0 0 39 0 1 38 0 0 41 0 1 39 0 1 40 0 0 42 0 0 41 0 1 40 0 0 43 0 1 41 0 1 42 0 0 44 0 0 43 0 1 42 0 0 45 0 1 43 0 1 44 0 0 46 0 0 45 0 1 44 0 0 47 0 1 45 0 1 46 0 0 48 0 0 47 0 1 46 0 0 49 0 1 47 0 1 48 0 0 50 0 0 49 0 1 48 0 0 51 0 1 49 0 1 50 0 0 52 0 0 51 0 1 50 0 0 53 0 1 51 0 1 52 0 0 54 0 0 53 0 1 52 0 0 55 0 1 53 0 1 54 0 0 56 0 0 55 0 1 54 0 0 57 0 1 55 0 1 56 0 0 58 0 0 57 0 1 56 0 0 59 0 1 57 0 1 58 0 0 60 0 0 59 0 1 58 0 0 61 0 1 59 0 1 60 0 0 62 0 0 61 0 1 60 0 0 63 0 1 61 0 1 62 0 0 64 0 0 63 0 1 62 0 0 65 0 1 63 0 1 64 0 0 66 0 0 65 0 1 64 0 0 67 0 1 65 0 1 66 0 0 68 0 0 67 0 1 66 0 0 69 0 1 67 0 1 68 0 0 70 0 0 69 0 1 68 0 0 71 0 1 69 0 1 70 0 0 72 0 0 71 0 1 70 0 0 73 0 1 71 0 1 72 0 0 74 0 0 73 0 1 72 0 0 75 0 1 73 0 1 74 0 0 76 0 0 75 0 1 74 0 0 77 0 1 75 0 1 76 0 0 78 0 0 77 0 1 76 0 0 79 0 1 77 0 1 78 0 0 0 0 0 79 0 1 78 0 0 1 0 1 79 0 1 0 0 0 80 0 1 1 0 1 3 0 1 79 0 1 1 0 1 80 0 1 77 0 1 79 0 1 80 0 1 80 0 1 75 0 1 77 0 1 73 0 1 75 0 1 80 0 1 71 0 1 73 0 1 80 0 1 80 0 1 69 0 1 71 0 1 67 0 1 69 0 1 80 0 1 65 0 1 67 0 1 80 0 1 80 0 1 63 0 1 65 0 1 61 0 1 63 0 1 80 0 1 59 0 1 61 0 1 80 0 1 80 0 1 57 0 1 59 0 1 55 0 1 57 0 1 80 0 1 53 0 1 55 0 1 80 0 1 80 0 1 51 0 1 53 0 1 49 0 1 51 0 1 80 0 1 47 0 1 49 0 1 80 0 1 80 0 1 45 0 1 47 0 1 43 0 1 45 0 1 80 0 1 41 0 1 43 0 1 80 0 1 5 0 1 80 0 1 3 0 1 7 0 1 80 0 1 5 0 1 9 0 1 80 0 1 7 0 1 11 0 1 80 0 1 9 0 1 13 0 1 80 0 1 11 0 1 15 0 1 80 0 1 13 0 1 17 0 1 80 0 1 15 0 1 19 0 1 80 0 1 17 0 1 21 0 1 80 0 1 19 0 1 23 0 1 80 0 1 21 0 1 25 0 1 80 0 1 23 0 1 27 0 1 80 0 1 25 0 1 29 0 1 80 0 1 27 0 1 31 0 1 80 0 1 29 0 1 33 0 1 80 0 1 31 0 1 35 0 1 80 0 1 33 0 1 37 0 1 80 0 1 35 0 1 39 0 1 80 0 1 37 0 1 41 0 1 80 0 1 39 0 1</p>
                </polylist>
            </mesh>
        </geometry>
        <geometry id="mesh6">
            <mesh>
                <source id="points6">
                    <float_array id="pointarray6" count="4557">304.5 660.1875 663.25 298.6875 657.5625 665.625 300.5 648.75 664.875 292.25 648.75 668.3125 304.5 637.375 663.25 298.6875 640 665.625 -289.625 676.3125 -669.375 -287.1875 670 -670.375 -294.25 665.1875 -667.5 -288.375 658.875 -669.875 -304.5 660.1875 -663.25 -298.6875 657.5625 -665.625 684.3125 637.375 253.625 681.875 640 259.4375 680.0625 632.3125 263.875 677.625 638.6875 269.75 678.125 621.25 268.5 677.125 627.5625 270.9375 -289.625 621.25 -669.375 -287.1875 627.5625 -670.375 -279.0625 625.5625 -673.75 -279.0625 634.5 -673.75 -268.5 621.25 -678.125 -270.9375 627.5625 -677.125 -669.375 621.25 289.625 -670.375 627.5625 287.1875 -673.75 625.5625 279.0625 -673.75 634.5 279.0625 -678.125 621.25 268.5 -677.125 627.5625 270.9375 -890 301.1875 -32.25 -890 298.0625 -24.8125 -890 307.0625 -19.25 -890 299.625 -11.8125 -890 320.0625 -13.3125 -890 312.6875 -10.25 -890 320.0625 13.3125 -890 312.6875 10.25 -890 307.0625 19.25 -890 299.625 11.8125 -890 301.1875 32.25 -890 298.0625 24.8125 294.25 632.3125 667.5 288.375 638.6875 669.875 289.625 621.25 669.375 287.1875 627.5625 670.375 -890 274.4375 -32.25 -890 277.5 -24.8125 -890 287.8125 -27.1875 -890 287.8125 -16.6875 -890 255.5 -13.3125 -890 262.9375 -10.25 -890 268.5625 -19.25 -890 276 -11.8125 -890 255.5 13.3125 -890 262.9375 10.25 -890 260.5625 0 -890 271.0625 0 -890 287.8125 27.1875 -890 287.8125 16.6875 -890 274.4375 32.25 -890 277.5 24.8125 -890 268.5625 19.25 -890 276 11.8125 -669.375 676.3125 -289.625 -670.375 670 -287.1875 -673.75 672 -279.0625 -673.75 663 -279.0625 -678.125 676.3125 -268.5 -677.125 670 -270.9375 -663.25 637.375 304.5 -665.625 640 298.6875 -667.5 632.3125 294.25 -669.875 638.6875 288.375 -680.0625 665.1875 -263.875 -677.625 658.875 -269.75 -684.3125 660.1875 -253.625 -681.875 657.5625 -259.4375 -663.25 637.375 -304.5 -665.625 640 -298.6875 -664.875 648.75 -300.5 -668.3125 648.75 -292.25 -663.25 660.1875 -304.5 -665.625 657.5625 -298.6875 -289.625 676.3125 669.375 -287.1875 670 670.375 -279.0625 672 673.75 -279.0625 663 673.75 -268.5 676.3125 678.125 -270.9375 670 677.125 -304.5 637.375 663.25 -298.6875 640 665.625 -300.5 648.75 664.875 -292.25 648.75 668.3125 -304.5 660.1875 663.25 -298.6875 657.5625 665.625 -678.125 621.25 -268.5 -677.125 627.5625 -270.9375 -673.75 625.5625 -279.0625 -673.75 634.5 -279.0625 -669.375 621.25 -289.625 -670.375 627.5625 -287.1875 -253.625 637.375 -684.3125 -259.4375 640 -681.875 -257.625 648.75 -682.625 -265.875 648.75 -679.1875 -253.625 660.1875 -684.3125 -259.4375 657.5625 -681.875 -890 315 0 -890 304.5 0 -682.625 648.75 -257.625 -679.1875 648.75 -265.875 -684.3125 637.375 -253.625 -681.875 640 -259.4375 -680.0625 632.3125 -263.875 -677.625 638.6875 -269.75 -294.25 665.1875 667.5 -288.375 658.875 669.875 684.3125 660.1875 253.625 681.875 657.5625 259.4375 682.625 648.75 257.625 679.1875 648.75 265.875 -684.3125 637.375 253.625 -681.875 640 259.4375 -682.625 648.75 257.625 -679.1875 648.75 265.875 -684.3125 660.1875 253.625 -681.875 657.5625 259.4375 -680.0625 632.3125 263.875 -677.625 638.6875 269.75 -263.875 665.1875 680.0625 -269.75 658.875 677.625 -253.625 660.1875 684.3125 -259.4375 657.5625 681.875 -289.625 621.25 669.375 -287.1875 627.5625 670.375 -294.25 632.3125 667.5 -288.375 638.6875 669.875 -268.5 621.25 678.125 -270.9375 627.5625 677.125 -279.0625 625.5625 673.75 -279.0625 634.5 673.75 -257.625 648.75 682.625 -265.875 648.75 679.1875 -253.625 637.375 684.3125 -259.4375 640 681.875 -263.875 632.3125 680.0625 -269.75 638.6875 677.625 289.625 676.3125 669.375 287.1875 670 670.375 294.25 665.1875 667.5 288.375 658.875 669.875 253.625 637.375 684.3125 259.4375 640 681.875 257.625 648.75 682.625 265.875 648.75 679.1875 253.625 660.1875 684.3125 259.4375 657.5625 681.875 279.0625 625.5625 673.75 279.0625 634.5 673.75 268.5 621.25 678.125 270.9375 627.5625 677.125 669.375 621.25 289.625 670.375 627.5625 287.1875 667.5 632.3125 294.25 669.875 638.6875 288.375 663.25 637.375 304.5 665.625 640 298.6875 -304.5 637.375 -663.25 -298.6875 640 -665.625 -294.25 632.3125 -667.5 -288.375 638.6875 -669.875 263.875 632.3125 680.0625 269.75 638.6875 677.625 678.125 676.3125 268.5 677.125 670 270.9375 680.0625 665.1875 263.875 677.625 658.875 269.75 -263.875 632.3125 -680.0625 -269.75 638.6875 -677.625 673.75 625.5625 279.0625 673.75 634.5 279.0625 -300.5 648.75 -664.875 -292.25 648.75 -668.3125 664.875 648.75 300.5 668.3125 648.75 292.25 663.25 660.1875 304.5 665.625 657.5625 298.6875 669.375 676.3125 289.625 670.375 670 287.1875 673.75 672 279.0625 673.75 663 279.0625 -313.375 663.5625 -663.0625 -310.8125 662.75 -662 -314.375 661.9375 -662.6875 -312 660.5625 -661.5 -266.625 684.5625 682.4375 -264.8125 684.125 683.1875 -268.375 684.5625 686.75 -266.625 684.125 687.5 -662.25 632.25 310.1875 -667.625 629.625 297.1875 -661.6875 629.125 307.5625 -665.5625 628 298.125 -681.25 681.9375 -264.3125 -682.25 667.875 -261.875 -681 679.6875 -260.8125 -681.4375 669.5 -259.75 -687.625 665.3125 -248.875 -685.375 668.375 -250.375 -691.3125 691.625 -240 -688.3125 687.4375 -243.1875 -678 656.875 -272.0625 -677.9375 667.8125 -272.25 -674.8125 654.625 -273.1875 -674.6875 661.9375 -273.5625 -682.1875 656.625 -261.9375 -677.625 654.1875 -266.4375 -668.625 615.5625 294.8125 -666 617.8125 297.0625 -690.3125 665.5625 -247.625 -690.4375 663.5625 -247.25 -687.875 662.75 -248.3125 -697.875 691 -241.5625 -697.25 692.625 -243.125 -693.5625 690.9375 -239.8125 -692.9375 692.625 -241.3125 -683.1875 684.125 -264.8125 -694.625 665.5625 -249.4375 -694.75 663.5625 -249.0625 -266.4375 643.3125 677.625 -278.5625 648.75 672.5625 -273.1875 642.9375 674.8125 -273.5625 635.625 674.6875 -687.5 684.125 -266.625 -658.5625 605.9375 319.125 -658.6875 610.0625 314.6875 -671.8125 640.6875 287 -667.625 640.875 297.125 -670.375 642.9375 284 -667.5625 643.3125 290.75 -671.9375 629.75 286.8125 -670.5 635.625 283.625 -663.0625 663.5625 -313.375 -662 662.75 -310.8125 -663.25 665.5625 -313 -662.25 665.3125 -310.1875 -667.375 663.5625 -315.125 -667.5625 665.5625 -314.75 -667.625 656.625 -297.125 -671.8125 656.875 -287 -669.875 658.875 -288.375 -667.625 667.875 -297.1875 -667.5 665.1875 -294.25 -669.5625 682.5625 -292.5 -671.9375 667.8125 -286.8125 -272.25 667.8125 677.9375 -272.0625 656.875 678 -670.375 613.375 295.8125 -671.125 613 294 -669.5625 614.9375 292.5 -661.6875 668.375 -307.5625 -665.5625 669.5 -298.125 -668.625 681.9375 -294.8125 -666 679.6875 -297.0625 -670.5 661.9375 -283.625 -672.5625 648.75 -278.5625 -672.5625 657 -278.5625 -658.5625 691.625 -319.125 -658.6875 687.4375 -314.6875 -670.375 654.625 -284 -667.5625 654.1875 -290.75 -664.9375 604.9375 321.0625 -664.3125 606.5625 322.625 -660.625 604.9375 319.3125 -660 606.5625 320.8125 -670.375 684.125 -295.8125 -671.125 684.5625 -294 -889.6875 263.4375 24.3125 -889.6875 251.5 22.9375 -889.6875 264.8125 36.25 -889.6875 242.4375 45.3125 -664.9375 692.625 -321.0625 -664.3125 691 -322.625 -660.625 692.625 -319.3125 -660 691 -320.8125 673.5 678.125 278.9375 676.5625 684.5 271.5625 670.4375 684.5 286.375 673.5 703.5 278.9375 -674.6875 684.125 -297.5625 -675.4375 684.5625 -295.8125 -663.25 632 313 -674.6875 613.375 297.5625 -675.4375 613 295.8125 -889.6875 287.8125 34.375 -889.6875 278.375 41.875 -889.6875 297.1875 41.875 -889.6875 287.8125 64.125 -667.5625 632 314.75 -671.75 685.625 -292.4375 -670.4375 683.9375 -290.4375 -676.0625 685.625 -294.25 -674.9375 660.1875 -279.5625 -278.9375 619.4375 -673.5 -271.5625 613 -676.5625 -286.375 613 -670.4375 -278.9375 594.0625 -673.5 -266.4375 654.1875 677.625 -270.9375 648.75 675.75 -674.9375 675.8125 -279.5625 -680.3125 682.5625 -266.625 -261.875 667.875 682.25 -266.625 682.5625 680.3125 -670.4375 684.5 -286.375 -673.5 678.125 -278.9375 -679.4375 683.9375 -268.6875 -676.5625 684.5 -271.5625 -674.9375 709.3125 -279.5625 -673.5 703.5 -278.9375 -248.3125 662.75 687.875 -681.8125 685.625 -268.1875 -682.4375 684.5625 -266.625 -283.625 635.625 -670.5 -278.5625 648.75 -672.5625 -278.5625 640.5 -672.5625 -273.5625 635.625 -674.6875 -681.5 709.625 -281 -680.625 709.625 -283.1875 -677.25 709.625 -279.25 -676.3125 709.625 -281.375 -686.125 685.625 -269.9375 -686.75 684.5625 -268.375 -278.9375 619.4375 673.5 -286.375 613 670.4375 -271.5625 613 676.5625 -278.9375 594.0625 673.5 -889.6875 263.4375 -24.3125 -889.6875 264.8125 -36.25 -889.6875 251.5 -22.9375 -889.6875 242.4375 -45.3125 -259.75 628 -681.4375 -250.375 629.125 -685.375 -260.8125 617.8125 -681 -243.1875 610.0625 -688.3125 -261.9375 656.625 682.1875 -313.375 633.9375 663.0625 -314.375 635.625 662.6875 -315.125 633.9375 667.375 -316.1875 635.625 667 -893.8125 270.4375 41.875 -891.5 271.375 39.625 -893.8125 268.125 41.4375 -891.5 268.4375 38.875 -899.3125 270.4375 41.875 -899.3125 268.125 41.4375 -891.5 278.5625 22.3125 -891.5 278.3125 9.4375 -891.5 265.375 22.375 -891.5 248.125 16.375 -891.5 265.5 9.1875 -889.6875 287.8125 -34.375 -889.6875 297.1875 -41.875 -889.6875 278.375 -41.875 -889.6875 287.8125 -64.125 -663.0625 663.5625 313.375 -662 662.75 310.8125 -662.6875 661.9375 314.375 -661.5 660.5625 312 -667.375 663.5625 315.125 -667 661.9375 316.1875 -891.5 248.875 19.3125 -273.1875 642.9375 -674.8125 -266.4375 643.3125 -677.625 -891.5 237.5625 50.1875 -888.5625 280.9375 6.8125 -888.5625 281.375 15.375 -888.5625 272.375 6.375 -888.5625 281.375 -15.375 -888.5625 287.8125 0 -888.5625 287.8125 -9.625 -888.5625 294.1875 -15.375 -667.625 656.625 297.125 -670.5625 648.75 290.125 -665.625 657.5625 298.6875 -668.3125 648.75 292.25 -893.8125 246.3125 19.625 -893.8125 245.875 17.3125 -899.3125 236.375 49.4375 -899.3125 238.3125 51.375 -893.8125 236.375 49.4375 -893.8125 238.3125 51.375 -251.8125 648.75 -684.75 -245.9375 656.75 -687.1875 -245.9375 640.75 -687.1875 -228.4375 648.75 -694.4375 -899.3125 246.3125 19.625 -899.3125 245.875 17.3125 -889.6875 312.125 24.3125 -889.6875 310.8125 36.25 -889.6875 324.0625 22.9375 -889.6875 333.125 45.3125 -664.5625 648.75 304.5 -664.875 648.75 300.5 -663.25 660.1875 304.5 -662 634.75 310.8125 -266.625 684.5625 -682.4375 -266.625 682.5625 -680.3125 -268.1875 685.625 -681.8125 -268.6875 683.9375 -679.4375 -893.8125 305.1875 41.875 -891.5 304.1875 39.625 -893.8125 303.1875 43.1875 -891.5 301.625 41.1875 -298.125 628 665.5625 -307.5625 629.125 661.6875 -297.0625 617.8125 666 -314.6875 610.0625 658.6875 -899.3125 305.1875 41.875 -899.3125 303.1875 43.1875 -891.5 287.8125 31.6875 -891.5 287.8125 13.375 -889.6875 312.125 -24.3125 -889.6875 324.0625 -22.9375 -889.6875 310.8125 -36.25 -889.6875 333.125 -45.3125 -312 637 661.5 -304.5 648.75 664.5625 -312 640.75 659.8125 -306.0625 648.75 662.25 -264.3125 681.9375 681.25 -260.8125 679.6875 681 -259.75 669.5 681.4375 -891.5 274 41.1875 -891.5 287.8125 71 -891.5 297.0625 22.3125 -888.5625 287.8125 9.625 -888.5625 294.1875 15.375 -659.8125 656.75 312 -662.25 648.75 306.0625 -893.8125 272.375 43.1875 -899.3125 286.4375 71.3125 -899.3125 289.125 71.3125 -893.8125 286.4375 71.3125 -893.8125 289.125 71.3125 -899.3125 272.375 43.1875 278.9375 619.4375 673.5 271.5625 613 676.5625 286.375 613 670.4375 278.9375 594.0625 673.5 -661.5 637 312 -659.8125 640.75 312 -651.75 648.75 335.5 -652.5625 648.75 329.5 -669.4375 648.75 286.1875 -667.5625 654.1875 290.75 -893.8125 244.5625 15.375 -891.5 246.625 13.8125 -899.3125 244.5625 15.375 -891.5 274.375 0 -283.625 635.625 670.5 -284 642.9375 670.375 -290.75 643.3125 667.5625 -891.5 256.125 0 -891.5 248.125 -16.375 -891.5 265.5 -9.1875 -248.875 665.3125 687.625 -250.375 668.375 685.375 -889.6875 245.875 9.375 -889.6875 253.375 0 -891.5 246.625 -13.75 -889.6875 245.875 -9.375 -259.75 669.5 -681.4375 -260.8125 679.6875 -681 -250.375 668.375 -685.375 -243.1875 687.4375 -688.3125 -891.5 216.8125 0 -889.6875 223.6875 0 -888.5625 278.125 0 283.625 635.625 670.5 278.5625 648.75 672.5625 278.5625 640.5 672.5625 273.5625 635.625 674.6875 -888.5625 272.375 -6.375 -662.6875 635.625 314.375 -663.0625 633.9375 313.375 -893.8125 244.5625 -15.375 -893.8125 245.875 -17.3125 -899.3125 216.4375 -1.3125 -899.3125 216.4375 1.3125 -893.8125 216.4375 -1.3125 -893.8125 216.4375 1.3125 -243.1875 687.4375 688.3125 -899.3125 244.5625 -15.375 -899.3125 245.875 -17.3125 -657.8125 647.625 338.3125 -657.8125 649.9375 338.3125 -653.5 647.625 336.5 -653.5 649.9375 336.5 259.75 628 681.4375 250.375 629.125 685.375 260.8125 617.8125 681 243.1875 610.0625 688.3125 -667 635.625 316.1875 -667.375 633.9375 315.125 -893.8125 246.3125 -19.625 -891.5 248.875 -19.3125 -899.3125 246.3125 -19.625 -891.5 278.3125 -9.4375 -891.5 265.375 -22.375 -278.9375 678.125 -673.5 -286.375 684.5 -670.4375 -271.5625 684.5 -676.5625 -278.9375 703.5 -673.5 -891.5 271.375 -39.625 -891.5 278.5625 -22.3125 -891.5 268.4375 -38.875 248.875 632.25 687.625 240 605.9375 691.3125 -278.9375 678.125 673.5 -271.5625 684.5 676.5625 -286.375 684.5 670.4375 -278.9375 703.5 673.5 -891.5 237.5625 -50.1875 -888.5625 280.9375 -6.8125 273.1875 642.9375 674.8125 266.4375 643.3125 677.625 -240 691.625 691.3125 -893.8125 268.125 -41.4375 -893.8125 270.4375 -41.875 -899.3125 238.3125 -51.375 -899.3125 236.375 -49.4375 -893.8125 238.3125 -51.375 -893.8125 236.375 -49.4375 -899.3125 268.125 -41.4375 -899.3125 270.4375 -41.875 681.4375 628 259.75 681 617.8125 260.8125 685.375 629.125 250.375 688.3125 610.0625 243.1875 -273.1875 654.625 674.8125 -273.5625 661.9375 674.6875 251.8125 648.75 684.75 245.9375 656.75 687.1875 245.9375 640.75 687.1875 228.4375 648.75 694.4375 -893.8125 272.375 -43.1875 -891.5 274 -41.1875 -899.3125 272.375 -43.1875 -891.5 287.8125 -13.375 -891.5 287.8125 -31.6875 -891.5 304.1875 -39.625 -891.5 297.0625 -22.3125 -671.75 611.875 292.4375 -670.4375 613.625 290.4375 -891.5 301.625 -41.1875 -673.5 619.4375 278.9375 -676.5625 613 271.5625 -670.4375 613 286.375 -673.5 594.0625 278.9375 -891.5 287.8125 -71 -676.0625 611.875 294.25 -893.8125 303.1875 -43.1875 -893.8125 305.1875 -41.875 -899.3125 289.125 -71.3125 -899.3125 286.4375 -71.3125 -893.8125 289.125 -71.3125 -893.8125 286.4375 -71.3125 -899.3125 303.1875 -43.1875 -899.3125 305.1875 -41.875 -674.9375 637.3125 279.5625 -674.9375 621.75 279.5625 -680.3125 614.9375 266.625 -677.9375 629.75 272.25 -893.8125 329.75 17.3125 -891.5 327.4375 16.375 -893.8125 329.25 19.625 -891.5 326.6875 19.3125 -899.3125 329.75 17.3125 -899.3125 329.25 19.625 -891.5 310.125 9.1875 -891.5 297.25 9.4375 -891.5 310.1875 22.375 -312 660.5625 661.5 -312 656.75 659.8125 -247.625 665.5625 690.3125 -247.25 663.5625 690.4375 -891.5 307.125 38.875 -891.5 338 50.1875 -888.5625 294.625 6.8125 -888.5625 303.1875 6.375 -893.8125 307.4375 41.4375 -899.3125 337.25 51.375 -899.3125 339.1875 49.4375 -893.8125 337.25 51.375 -893.8125 339.1875 49.4375 -899.3125 307.4375 41.4375 -679.4375 613.625 268.6875 -674.9375 588.1875 279.5625 -672.5625 640.5 278.5625 -893.8125 307.4375 -41.4375 -891.5 307.125 -38.875 -899.3125 307.4375 -41.4375 -670.5 661.9375 283.625 -672.5625 648.75 278.5625 -670.375 654.625 284 -891.5 297.25 -9.4375 -891.5 310.1875 -22.375 -891.5 327.4375 -16.375 -891.5 310.125 -9.1875 -674.6875 635.625 273.5625 -241.5625 691 697.875 -243.125 692.625 697.25 -239.8125 690.9375 693.5625 -241.3125 692.625 692.9375 674.6875 635.625 273.5625 672.5625 648.75 278.5625 672.5625 640.5 278.5625 670.5 635.625 283.625 -891.5 326.6875 -19.3125 -891.5 338 -50.1875 259.75 669.5 681.4375 260.8125 679.6875 681 250.375 668.375 685.375 243.1875 687.4375 688.3125 -888.5625 294.625 -6.8125 -673.5 678.125 278.9375 -670.4375 684.5 286.375 -676.5625 684.5 271.5625 -673.5 703.5 278.9375 -888.5625 303.1875 -6.375 -681.8125 611.875 268.1875 -682.4375 613 266.625 -893.8125 329.25 -19.625 -893.8125 329.75 -17.3125 -899.3125 339.1875 -49.4375 -899.3125 337.25 -51.375 -893.8125 339.1875 -49.4375 -893.8125 337.25 -51.375 -899.3125 329.25 -19.625 -899.3125 329.75 -17.3125 -681.4375 628 -259.75 -681 617.8125 -260.8125 -685.375 629.125 -250.375 -688.3125 610.0625 -243.1875 -681.5 587.9375 281 -680.625 587.9375 283.1875 -677.25 587.9375 279.25 -676.3125 587.9375 281.375 -686.125 611.875 269.9375 -686.75 613 268.375 -893.8125 331 -15.375 -891.5 329 -13.75 -899.3125 331 -15.375 -891.5 301.1875 0 -891.5 319.5 0 -889.6875 329.6875 -9.375 -889.6875 322.1875 0 -891.5 329 13.8125 -889.6875 329.6875 9.375 -891.5 358.8125 0 -889.6875 351.9375 0 -888.5625 297.4375 0 662.25 648.75 306.0625 659.8125 656.75 312 659.8125 640.75 312 652.5625 648.75 329.5 278.9375 678.125 673.5 286.375 684.5 670.4375 271.5625 684.5 676.5625 278.9375 703.5 673.5 -893.8125 331 15.375 -899.3125 359.125 1.3125 -899.3125 359.125 -1.3125 -893.8125 359.125 1.3125 -893.8125 359.125 -1.3125 -899.3125 331 15.375 -249.4375 665.5625 694.625 -249.0625 663.5625 694.75 -665.5625 628 -298.125 -661.6875 629.125 -307.5625 -666 617.8125 -297.0625 -658.6875 610.0625 -314.6875 -662.25 648.75 -306.0625 -659.8125 656.75 -312 -659.8125 640.75 -312 -652.5625 648.75 -329.5 -259.75 628 681.4375 -260.8125 617.8125 681 -250.375 629.125 685.375 -243.1875 610.0625 688.3125 -313.375 633.9375 -663.0625 -310.8125 634.75 -662 -313 632 -663.25 -310.1875 632.25 -662.25 -315.125 633.9375 -667.375 -314.75 632 -667.5625 -297.125 640.875 -667.625 -287 640.6875 -671.8125 -297.1875 629.625 -667.625 -292.5 614.9375 -669.5625 -286.8125 629.75 -671.9375 -307.5625 629.125 -661.6875 -298.125 628 -665.5625 -294.8125 615.5625 -668.625 -297.0625 617.8125 -666 -319.125 605.9375 -658.5625 -314.6875 610.0625 -658.6875 -284 642.9375 -670.375 -290.75 643.3125 -667.5625 -295.8125 613.375 -670.375 -294 613 -671.125 -321.0625 604.9375 -664.9375 -322.625 606.5625 -664.3125 -319.3125 604.9375 -660.625 -320.8125 606.5625 -660 -297.5625 613.375 -674.6875 -295.8125 613 -675.4375 -315.125 663.5625 -667.375 -316.1875 661.9375 -667 -297.125 656.625 -667.625 -290.125 648.75 -670.5625 -304.5 648.75 -664.5625 -312 656.75 -659.8125 -306.0625 648.75 -662.25 -312 637 -661.5 -312 640.75 -659.8125 -335.5 648.75 -651.75 -329.5 648.75 -652.5625 -286.1875 648.75 -669.4375 -290.75 654.1875 -667.5625 -314.375 635.625 -662.6875 -338.3125 647.625 -657.8125 -338.3125 649.9375 -657.8125 -336.5 647.625 -653.5 -336.5 649.9375 -653.5 -316.1875 635.625 -667 -292.4375 611.875 -671.75 -290.4375 613.625 -670.4375 -294.25 611.875 -676.0625 -279.5625 637.3125 -674.9375 -279.5625 621.75 -674.9375 -266.625 614.9375 -680.3125 -272.25 629.75 -677.9375 -268.6875 613.625 -679.4375 -279.5625 588.1875 -674.9375 -268.1875 611.875 -681.8125 -266.625 613 -682.4375 -281 587.9375 -681.5 -283.1875 587.9375 -680.625 -279.25 587.9375 -677.25 -281.375 587.9375 -676.3125 -269.9375 611.875 -686.125 -268.375 613 -686.75 -264.8125 613.375 -683.1875 -264.3125 615.5625 -681.25 -266.625 613.375 -687.5 -272.0625 640.6875 -678 -261.875 629.625 -682.25 -248.3125 634.75 -687.875 -261.9375 640.875 -682.1875 -248.875 632.25 -687.625 -240 605.9375 -691.3125 -247.625 632 -690.3125 -247.25 633.9375 -690.4375 -241.5625 606.5625 -697.875 -243.125 604.9375 -697.25 -239.8125 606.5625 -693.5625 -241.3125 604.9375 -692.9375 -249.4375 632 -694.625 -249.0625 633.9375 -694.75 -246.25 635.625 -690.875 -247.0625 637 -688.375 -248 635.625 -695.1875 -269 648.75 -679.3125 -254.5625 648.75 -685.25 -248.3125 662.75 -687.875 -261.9375 656.625 -682.1875 -247.0625 660.5625 -688.375 -223.5625 648.75 -698.125 -270.9375 648.75 -675.75 -266.4375 654.1875 -677.625 -246.25 661.9375 -690.875 -247.25 663.5625 -690.4375 -225.875 649.9375 -704.375 -225.875 647.625 -704.375 -224.125 649.9375 -700.0625 -224.125 647.625 -700.0625 -248 661.9375 -695.1875 -249.0625 663.5625 -694.75 -294 684.5625 -671.125 -292.5 682.5625 -669.5625 -295.8125 684.125 -670.375 -294.8125 681.9375 -668.625 -295.8125 684.5625 -675.4375 -297.5625 684.125 -674.6875 -286.8125 667.8125 -671.9375 -287 656.875 -671.8125 -297.1875 667.875 -667.625 -297.0625 679.6875 -666 -298.125 669.5 -665.5625 -310.1875 665.3125 -662.25 -307.5625 668.375 -661.6875 -319.125 691.625 -658.5625 -314.6875 687.4375 -658.6875 -284 654.625 -670.375 -283.625 661.9375 -670.5 -313 665.5625 -663.25 -322.625 691 -664.3125 -321.0625 692.625 -664.9375 -320.8125 690.9375 -660 -319.3125 692.625 -660.625 -314.75 665.5625 -667.5625 -247.625 665.5625 -690.3125 -248.875 665.3125 -687.625 -249.4375 665.5625 -694.625 -272.0625 656.875 -678 -269.75 658.875 -677.625 -261.875 667.875 -682.25 -263.875 665.1875 -680.0625 -268.5 676.3125 -678.125 -272.25 667.8125 -677.9375 -270.9375 670 -677.125 -264.3125 681.9375 -681.25 -240 691.625 -691.3125 -273.1875 654.625 -674.8125 -273.5625 661.9375 -674.6875 -264.8125 684.125 -683.1875 -243.125 692.625 -697.25 -241.5625 691 -697.875 -241.3125 692.625 -692.9375 -239.8125 691 -693.5625 -266.625 684.125 -687.5 -268.375 684.5625 -686.75 -269.9375 685.625 -686.125 -279.5625 660.1875 -674.9375 -279.0625 663 -673.75 -279.5625 675.8125 -674.9375 -279.0625 672 -673.75 -290.4375 683.9375 -670.4375 -279.5625 709.3125 -674.9375 -278.5625 657 -672.5625 -292.4375 685.625 -671.75 -283.1875 709.625 -680.625 -281 709.625 -681.5 -281.375 709.625 -676.3125 -279.25 709.625 -677.25 -294.25 685.625 -676.0625 690.4375 633.9375 247.25 687.875 634.75 248.3125 690.3125 632 247.625 687.625 632.25 248.875 694.75 633.9375 249.0625 694.625 632 249.4375 682.1875 640.875 261.9375 678 640.6875 272.0625 682.25 629.625 261.875 680.3125 614.9375 266.625 677.9375 629.75 272.25 681.25 615.5625 264.3125 691.3125 605.9375 240 674.8125 642.9375 273.1875 677.625 643.3125 266.4375 683.1875 613.375 264.8125 682.4375 613 266.625 697.25 604.9375 243.125 697.875 606.5625 241.5625 692.9375 604.9375 241.3125 693.5625 606.5625 239.8125 687.5 613.375 266.625 686.75 613 268.375 690.4375 663.5625 247.25 687.875 662.75 248.3125 690.875 661.9375 246.25 688.375 660.5625 247.0625 694.75 663.5625 249.0625 695.1875 661.9375 248 682.1875 656.625 261.9375 679.3125 648.75 269 685.25 648.75 254.5625 687.1875 656.75 245.9375 684.75 648.75 251.8125 688.375 637 247.0625 687.1875 640.75 245.9375 698.125 648.75 223.5625 694.4375 648.75 228.4375 675.75 648.75 270.9375 677.625 654.1875 266.4375 690.875 635.625 246.25 704.375 647.625 225.875 704.375 649.9375 225.875 700.0625 647.625 224.125 700.0625 649.9375 224.125 695.1875 635.625 248 681.8125 611.875 268.1875 679.4375 613.625 268.6875 686.125 611.875 269.9375 674.9375 637.3125 279.5625 674.9375 621.75 279.5625 669.5625 614.9375 292.5 671.9375 629.75 286.8125 676.5625 613 271.5625 673.5 619.4375 278.9375 670.4375 613.625 290.4375 670.4375 613 286.375 674.9375 588.1875 279.5625 673.5 594.0625 278.9375 671.75 611.875 292.4375 671.125 613 294 680.625 587.9375 283.1875 681.5 587.9375 281 676.3125 587.9375 281.375 677.25 587.9375 279.25 676.0625 611.875 294.25 675.4375 613 295.8125 670.375 613.375 295.8125 668.625 615.5625 294.8125 674.6875 613.375 297.5625 671.8125 640.6875 287 667.625 629.625 297.1875 662 634.75 310.8125 667.625 640.875 297.125 666 617.8125 297.0625 665.5625 628 298.125 662.25 632.25 310.1875 661.6875 629.125 307.5625 658.5625 605.9375 319.125 658.6875 610.0625 314.6875 670.375 642.9375 284 667.5625 643.3125 290.75 663.25 632 313 663.0625 633.9375 313.375 664.3125 606.5625 322.625 664.9375 604.9375 321.0625 660 606.5625 320.8125 660.625 604.9375 319.3125 667.5625 632 314.75 667.375 633.9375 315.125 662.6875 635.625 314.375 661.5 637 312 667 635.625 316.1875 670.5625 648.75 290.125 664.5625 648.75 304.5 662 662.75 310.8125 667.625 656.625 297.125 661.5 660.5625 312 651.75 648.75 335.5 669.4375 648.75 286.1875 667.5625 654.1875 290.75 662.6875 661.9375 314.375 663.0625 663.5625 313.375 657.8125 649.9375 338.3125 657.8125 647.625 338.3125 653.5 649.9375 336.5 653.5 647.625 336.5 667 661.9375 316.1875 667.375 663.5625 315.125 682.4375 684.5625 266.625 680.3125 682.5625 266.625 683.1875 684.125 264.8125 681.25 681.9375 264.3125 686.75 684.5625 268.375 687.5 684.125 266.625 677.9375 667.8125 272.25 678 656.875 272.0625 682.25 667.875 261.875 681 679.6875 260.8125 681.4375 669.5 259.75 687.625 665.3125 248.875 685.375 668.375 250.375 691.3125 691.625 240 688.3125 687.4375 243.1875 674.8125 654.625 273.1875 674.6875 661.9375 273.5625 690.3125 665.5625 247.625 697.875 691 241.5625 697.25 692.625 243.125 693.5625 690.9375 239.8125 692.9375 692.625 241.3125 694.625 665.5625 249.4375 663.25 665.5625 313 662.25 665.3125 310.1875 667.5625 665.5625 314.75 671.8125 656.875 287 669.875 658.875 288.375 667.625 667.875 297.1875 667.5 665.1875 294.25 669.5625 682.5625 292.5 671.9375 667.8125 286.8125 661.6875 668.375 307.5625 665.5625 669.5 298.125 668.625 681.9375 294.8125 666 679.6875 297.0625 658.5625 691.625 319.125 658.6875 687.4375 314.6875 670.375 654.625 284 670.5 661.9375 283.625 670.375 684.125 295.8125 671.125 684.5625 294 664.9375 692.625 321.0625 664.3125 691 322.625 660.625 692.625 319.3125 660 691 320.8125 674.6875 684.125 297.5625 675.4375 684.5625 295.8125 671.75 685.625 292.4375 670.4375 683.9375 290.4375 676.0625 685.625 294.25 674.9375 660.1875 279.5625 674.9375 675.8125 279.5625 679.4375 683.9375 268.6875 674.9375 709.3125 279.5625 672.5625 657 278.5625 681.8125 685.625 268.1875 681.5 709.625 281 680.625 709.625 283.1875 677.25 709.625 279.25 676.3125 709.625 281.375 686.125 685.625 269.9375 313.375 633.9375 663.0625 310.8125 634.75 662 313 632 663.25 310.1875 632.25 662.25 315.125 633.9375 667.375 314.75 632 667.5625 297.125 640.875 667.625 287 640.6875 671.8125 297.1875 629.625 667.625 292.5 614.9375 669.5625 286.8125 629.75 671.9375 307.5625 629.125 661.6875 298.125 628 665.5625 294.8125 615.5625 668.625 297.0625 617.8125 666 319.125 605.9375 658.5625 314.6875 610.0625 658.6875 284 642.9375 670.375 290.75 643.3125 667.5625 295.8125 613.375 670.375 294 613 671.125 321.0625 604.9375 664.9375 322.625 606.5625 664.3125 319.3125 604.9375 660.625 320.8125 606.5625 660 297.5625 613.375 674.6875 295.8125 613 675.4375 313.375 663.5625 663.0625 310.8125 662.75 662 314.375 661.9375 662.6875 312 660.5625 661.5 315.125 663.5625 667.375 316.1875 661.9375 667 297.125 656.625 667.625 290.125 648.75 670.5625 304.5 648.75 664.5625 312 656.75 659.8125 306.0625 648.75 662.25 312 637 661.5 312 640.75 659.8125 335.5 648.75 651.75 329.5 648.75 652.5625 286.1875 648.75 669.4375 290.75 654.1875 667.5625 314.375 635.625 662.6875 338.3125 647.625 657.8125 338.3125 649.9375 657.8125 336.5 647.625 653.5 336.5 649.9375 653.5 316.1875 635.625 667 292.4375 611.875 671.75 290.4375 613.625 670.4375 294.25 611.875 676.0625 279.5625 637.3125 674.9375 279.5625 621.75 674.9375 266.625 614.9375 680.3125 272.25 629.75 677.9375 268.6875 613.625 679.4375 279.5625 588.1875 674.9375 268.1875 611.875 681.8125 266.625 613 682.4375 281 587.9375 681.5 283.1875 587.9375 680.625 279.25 587.9375 677.25 281.375 587.9375 676.3125 269.9375 611.875 686.125 268.375 613 686.75 264.8125 613.375 683.1875 264.3125 615.5625 681.25 266.625 613.375 687.5 272.0625 640.6875 678 261.875 629.625 682.25 248.3125 634.75 687.875 261.9375 640.875 682.1875 -674.9375 637.3125 -279.5625 -671.9375 629.75 -286.8125 247.625 632 690.3125 247.25 633.9375 690.4375 241.5625 606.5625 697.875 243.125 604.9375 697.25 239.8125 606.5625 693.5625 241.3125 604.9375 692.9375 249.4375 632 694.625 249.0625 633.9375 694.75 246.25 635.625 690.875 247.0625 637 688.375 248 635.625 695.1875 269 648.75 679.3125 254.5625 648.75 685.25 248.3125 662.75 687.875 261.9375 656.625 682.1875 247.0625 660.5625 688.375 223.5625 648.75 698.125 270.9375 648.75 675.75 266.4375 654.1875 677.625 246.25 661.9375 690.875 247.25 663.5625 690.4375 225.875 649.9375 704.375 225.875 647.625 704.375 224.125 649.9375 700.0625 224.125 647.625 700.0625 248 661.9375 695.1875 249.0625 663.5625 694.75 294 684.5625 671.125 292.5 682.5625 669.5625 295.8125 684.125 670.375 294.8125 681.9375 668.625 295.8125 684.5625 675.4375 297.5625 684.125 674.6875 286.8125 667.8125 671.9375 287 656.875 671.8125 297.1875 667.875 667.625 297.0625 679.6875 666 298.125 669.5 665.5625 310.1875 665.3125 662.25 307.5625 668.375 661.6875 319.125 691.625 658.5625 314.6875 687.4375 658.6875 284 654.625 670.375 283.625 661.9375 670.5 313 665.5625 663.25 322.625 691 664.3125 321.0625 692.625 664.9375 320.8125 690.9375 660 319.3125 692.625 660.625 314.75 665.5625 667.5625 247.625 665.5625 690.3125 248.875 665.3125 687.625 249.4375 665.5625 694.625 272.0625 656.875 678 269.75 658.875 677.625 261.875 667.875 682.25 263.875 665.1875 680.0625 266.625 682.5625 680.3125 268.5 676.3125 678.125 272.25 667.8125 677.9375 270.9375 670 677.125 264.3125 681.9375 681.25 240 691.625 691.3125 273.1875 654.625 674.8125 273.5625 661.9375 674.6875 264.8125 684.125 683.1875 266.625 684.5625 682.4375 243.125 692.625 697.25 241.5625 691 697.875 241.3125 692.625 692.9375 239.8125 691 693.5625 266.625 684.125 687.5 268.375 684.5625 686.75 268.1875 685.625 681.8125 268.6875 683.9375 679.4375 269.9375 685.625 686.125 279.5625 660.1875 674.9375 279.0625 663 673.75 279.5625 675.8125 674.9375 279.0625 672 673.75 290.4375 683.9375 670.4375 279.5625 709.3125 674.9375 278.5625 657 672.5625 292.4375 685.625 671.75 283.1875 709.625 680.625 281 709.625 681.5 281.375 709.625 676.3125 279.25 709.625 677.25 294.25 685.625 676.0625 -247.25 633.9375 690.4375 -248.3125 634.75 687.875 -247.625 632 690.3125 -248.875 632.25 687.625 -249.0625 633.9375 694.75 -249.4375 632 694.625 -261.9375 640.875 682.1875 -272.0625 640.6875 678 -261.875 629.625 682.25 -266.625 614.9375 680.3125 -272.25 629.75 677.9375 -264.3125 615.5625 681.25 -240 605.9375 691.3125 -264.8125 613.375 683.1875 -266.625 613 682.4375 -243.125 604.9375 697.25 -241.5625 606.5625 697.875 -241.3125 604.9375 692.9375 -239.8125 606.5625 693.5625 -266.625 613.375 687.5 -268.375 613 686.75 -246.25 661.9375 690.875 -247.0625 660.5625 688.375 -248 661.9375 695.1875 -269 648.75 679.3125 -254.5625 648.75 685.25 -245.9375 656.75 687.1875 -251.8125 648.75 684.75 -247.0625 637 688.375 -245.9375 640.75 687.1875 -223.5625 648.75 698.125 -228.4375 648.75 694.4375 -246.25 635.625 690.875 -225.875 647.625 704.375 -225.875 649.9375 704.375 -224.125 647.625 700.0625 -224.125 649.9375 700.0625 -248 635.625 695.1875 -268.1875 611.875 681.8125 -268.6875 613.625 679.4375 -269.9375 611.875 686.125 -279.5625 637.3125 674.9375 -279.5625 621.75 674.9375 -292.5 614.9375 669.5625 -286.8125 629.75 671.9375 -290.4375 613.625 670.4375 -279.5625 588.1875 674.9375 -278.5625 640.5 672.5625 -292.4375 611.875 671.75 -294 613 671.125 -283.1875 587.9375 680.625 -281 587.9375 681.5 -281.375 587.9375 676.3125 -279.25 587.9375 677.25 -294.25 611.875 676.0625 -295.8125 613 675.4375 -295.8125 613.375 670.375 -294.8125 615.5625 668.625 -297.5625 613.375 674.6875 -287 640.6875 671.8125 -297.1875 629.625 667.625 -310.8125 634.75 662 -297.125 640.875 667.625 -310.1875 632.25 662.25 -319.125 605.9375 658.5625 -313 632 663.25 -322.625 606.5625 664.3125 -321.0625 604.9375 664.9375 -320.8125 606.5625 660 -319.3125 604.9375 660.625 -314.75 632 667.5625 -683.1875 613.375 264.8125 -681.25 615.5625 264.3125 -687.5 613.375 266.625 -678 640.6875 272.0625 -682.25 629.625 261.875 -687.875 634.75 248.3125 -682.1875 640.875 261.9375 -335.5 648.75 651.75 -329.5 648.75 652.5625 -681 617.8125 260.8125 -681.4375 628 259.75 -687.625 632.25 248.875 -685.375 629.125 250.375 -691.3125 605.9375 240 -688.3125 610.0625 243.1875 -674.8125 642.9375 273.1875 -677.625 643.3125 266.4375 -690.3125 632 247.625 -690.4375 633.9375 247.25 -697.875 606.5625 241.5625 -697.25 604.9375 243.125 -693.5625 606.5625 239.8125 -692.9375 604.9375 241.3125 -694.625 632 249.4375 -694.75 633.9375 249.0625 -290.125 648.75 670.5625 -286.1875 648.75 669.4375 -297.125 656.625 667.625 -290.75 654.1875 667.5625 -690.875 635.625 246.25 -688.375 637 247.0625 -695.1875 635.625 248 -679.3125 648.75 269 -685.25 648.75 254.5625 -687.875 662.75 248.3125 -682.1875 656.625 261.9375 -313.375 663.5625 663.0625 -310.8125 662.75 662 -313 665.5625 663.25 -310.1875 665.3125 662.25 -315.125 663.5625 667.375 -314.75 665.5625 667.5625 -687.1875 640.75 245.9375 -684.75 648.75 251.8125 -688.375 660.5625 247.0625 -687.1875 656.75 245.9375 -698.125 648.75 223.5625 -694.4375 648.75 228.4375 -675.75 648.75 270.9375 -677.625 654.1875 266.4375 -287 656.875 671.8125 -690.875 661.9375 246.25 -690.4375 663.5625 247.25 -704.375 649.9375 225.875 -704.375 647.625 225.875 -700.0625 649.9375 224.125 -700.0625 647.625 224.125 -695.1875 661.9375 248 -694.75 663.5625 249.0625 -297.1875 667.875 667.625 -292.5 682.5625 669.5625 -286.8125 667.8125 671.9375 -671.125 684.5625 294 -669.5625 682.5625 292.5 -670.375 684.125 295.8125 -668.625 681.9375 294.8125 -675.4375 684.5625 295.8125 -674.6875 684.125 297.5625 -671.9375 667.8125 286.8125 -671.8125 656.875 287 -670.375 670 287.1875 -669.875 658.875 288.375 -667.625 667.875 297.1875 -667.5 665.1875 294.25 -669.375 676.3125 289.625 -314.375 661.9375 662.6875 -307.5625 668.375 661.6875 -298.125 669.5 665.5625 -666 679.6875 297.0625 -665.5625 669.5 298.125 -662.25 665.3125 310.1875 -661.6875 668.375 307.5625 -658.5625 691.625 319.125 -658.6875 687.4375 314.6875 -294.8125 681.9375 668.625 -297.0625 679.6875 666 -663.25 665.5625 313 -664.3125 691 322.625 -664.9375 692.625 321.0625 -660 690.9375 320.8125 -660.625 692.625 319.3125 -667.5625 665.5625 314.75 -319.125 691.625 658.5625 -314.6875 687.4375 658.6875 -284 654.625 670.375 -283.625 661.9375 670.5 -690.3125 665.5625 247.625 -687.625 665.3125 248.875 -694.625 665.5625 249.4375 -678 656.875 272.0625 -677.625 658.875 269.75 -682.25 667.875 261.875 -680.0625 665.1875 263.875 -680.3125 682.5625 266.625 -678.125 676.3125 268.5 -677.9375 667.8125 272.25 -677.125 670 270.9375 -338.3125 649.9375 657.8125 -338.3125 647.625 657.8125 -336.5 649.9375 653.5 -336.5 647.625 653.5 -295.8125 684.125 670.375 -294 684.5625 671.125 -685.375 668.375 250.375 -681.4375 669.5 259.75 -681.25 681.9375 264.3125 -681 679.6875 260.8125 -691.3125 691.625 240 -688.3125 687.4375 243.1875 -674.8125 654.625 273.1875 -674.6875 661.9375 273.5625 -321.0625 692.625 664.9375 -322.625 691 664.3125 -319.3125 692.625 660.625 -320.8125 691 660 -683.1875 684.125 264.8125 -682.4375 684.5625 266.625 -697.25 692.625 243.125 -697.875 691 241.5625 -692.9375 692.625 241.3125 -693.5625 691 239.8125 -687.5 684.125 266.625 -686.75 684.5625 268.375 -297.5625 684.125 674.6875 -295.8125 684.5625 675.4375 -681.8125 685.625 268.1875 -679.4375 683.9375 268.6875 -686.125 685.625 269.9375 -674.9375 660.1875 279.5625 -673.75 663 279.0625 -674.9375 675.8125 279.5625 -673.75 672 279.0625 -670.4375 683.9375 290.4375 -674.9375 709.3125 279.5625 -672.5625 657 278.5625 -316.1875 661.9375 667 -671.75 685.625 292.4375 -680.625 709.625 283.1875 -681.5 709.625 281 -676.3125 709.625 281.375 -677.25 709.625 279.25 -676.0625 685.625 294.25 -690.4375 633.9375 -247.25 -687.875 634.75 -248.3125 -690.3125 632 -247.625 -687.625 632.25 -248.875 -694.75 633.9375 -249.0625 -694.625 632 -249.4375 -682.1875 640.875 -261.9375 -678 640.6875 -272.0625 -682.25 629.625 -261.875 -680.3125 614.9375 -266.625 -677.9375 629.75 -272.25 -292.4375 685.625 671.75 -290.4375 683.9375 670.4375 -294.25 685.625 676.0625 -681.25 615.5625 -264.3125 -691.3125 605.9375 -240 -674.8125 642.9375 -273.1875 -677.625 643.3125 -266.4375 -674.6875 635.625 -273.5625 -279.5625 660.1875 674.9375 -683.1875 613.375 -264.8125 -682.4375 613 -266.625 -697.25 604.9375 -243.125 -697.875 606.5625 -241.5625 -692.9375 604.9375 -241.3125 -693.5625 606.5625 -239.8125 -687.5 613.375 -266.625 -686.75 613 -268.375 -279.5625 675.8125 674.9375 -690.875 661.9375 -246.25 -688.375 660.5625 -247.0625 -695.1875 661.9375 -248 -679.3125 648.75 -269 -685.25 648.75 -254.5625 -687.1875 656.75 -245.9375 -684.75 648.75 -251.8125 -688.375 637 -247.0625 -687.1875 640.75 -245.9375 -698.125 648.75 -223.5625 -694.4375 648.75 -228.4375 -675.75 648.75 -270.9375 -268.6875 683.9375 679.4375 -690.875 635.625 -246.25 -704.375 647.625 -225.875 -704.375 649.9375 -225.875 -700.0625 647.625 -224.125 -700.0625 649.9375 -224.125 -695.1875 635.625 -248 -279.5625 709.3125 674.9375 -278.5625 657 672.5625 -681.8125 611.875 -268.1875 -679.4375 613.625 -268.6875 -686.125 611.875 -269.9375 -674.9375 621.75 -279.5625 -669.5625 614.9375 -292.5 -268.1875 685.625 681.8125 -676.5625 613 -271.5625 -673.5 619.4375 -278.9375 -670.4375 613.625 -290.4375 -670.4375 613 -286.375 -674.9375 588.1875 -279.5625 -673.5 594.0625 -278.9375 -672.5625 640.5 -278.5625 -670.5 635.625 -283.625 -281 709.625 681.5 -283.1875 709.625 680.625 -279.25 709.625 677.25 -281.375 709.625 676.3125 -671.75 611.875 -292.4375 -671.125 613 -294 -680.625 587.9375 -283.1875 -681.5 587.9375 -281 -676.3125 587.9375 -281.375 -677.25 587.9375 -279.25 -676.0625 611.875 -294.25 -675.4375 613 -295.8125 -269.9375 685.625 686.125 -670.375 613.375 -295.8125 -668.625 615.5625 -294.8125 -674.6875 613.375 -297.5625 -671.8125 640.6875 -287 -669.875 638.6875 -288.375 -667.625 629.625 -297.1875 -667.5 632.3125 -294.25 -662 634.75 -310.8125 -667.625 640.875 -297.125 -662.25 632.25 -310.1875 -658.5625 605.9375 -319.125 -670.375 642.9375 -284 -667.5625 643.3125 -290.75 -663.25 632 -313 -663.0625 633.9375 -313.375 -664.3125 606.5625 -322.625 -664.9375 604.9375 -321.0625 -660 606.5625 -320.8125 -660.625 604.9375 -319.3125 -667.5625 632 -314.75 -667.375 633.9375 -315.125 -662.6875 635.625 -314.375 -661.5 637 -312 -667 635.625 -316.1875 -670.5625 648.75 -290.125 -664.5625 648.75 -304.5 -661.5 660.5625 -312 -651.75 648.75 -335.5 -669.4375 648.75 -286.1875 -662.6875 661.9375 -314.375 -657.8125 649.9375 -338.3125 -657.8125 647.625 -338.3125 -653.5 649.9375 -336.5 -653.5 647.625 -336.5 -667 661.9375 -316.1875</float_array>
                    <technique_common>
                        <accessor count="1519" source="#pointarray6" stride="3">
                            <param name="X" type="float"/>
                            <param name="Y" type="float"/>
                            <param name="Z" type="float"/>
                        </accessor>
                    </technique_common>
                </source>
                <source id="uvs6">
                    <float_array id="uvarray6" count="58">0.43359375 0.66015625 0.4375 0.6484375 0.421875 0.578125 0.447265625 0.552734375 0.33984375 0.56640625 0.3515625 0.5625 0.400390625 0.73828125 0.412109375 0.708984375 0.388671875 0.734375 0.384765625 0.716796875 0.4140625 0.5859375 0.369140625 0.705078125 0.404296875 0.595703125 0.283203125 0.615234375 0.294921875 0.630859375 0.224609375 0.775390625 0.244140625 0.755859375 0.458984375 0.541015625 0.44140625 0.640625 0.474609375 0.525390625 0.462890625 0.587890625 0.359375 0.55859375 0.412109375 0.537109375 0.265625 0.611328125 0.26171875 0.599609375 0.291015625 0.587890625 0.2109375 0.779296875 0.220703125 0.7890625 0.5 0.5</float_array>
                    <technique_common>
                        <accessor count="29" source="#uvarray6" stride="2">
                            <param name="S" type="float"/>
                            <param name="T" type="float"/>
                        </accessor>
                    </technique_common>
                </source>
                <source id="colors6">
                    <float_array id="colorarray6" count="24">1 1 1 1 0.9058823529411765 0.9058823529411765 0.9058823529411765 1 0.807843137254902 0.807843137254902 0.807843137254902 1 0.40784313725490196 0.40784313725490196 0.40784313725490196 1 0.7058823529411765 0.7058823529411765 0.7058823529411765 1 0.8274509803921568 0.8274509803921568 0.8274509803921568 1</float_array>
                    <technique_common>
                        <accessor count="6" source="#colorarray6" stride="4">
                            <param name="R" type="float"/>
                            <param name="G" type="float"/>
                            <param name="B" type="float"/>
                            <param name="A" type="float"/>
                        </accessor>
                    </technique_common>
                </source>
                <vertices id="vertices6">
                    <input semantic="POSITION" source="#points6"/>
                </vertices>
                <polylist count="2744" material="Material1">
                    <input offset="0" semantic="VERTEX" source="#vertices6"/>
                    <input offset="1" semantic="TEXCOORD" source="#uvs6" set="0"/>
                    <input offset="2" semantic="COLOR" source="#colors6" set="0"/>
                    <vcount>3 3 3 3 3 3 3 3 3 3 3 3 3 3 3 3 3 3 3 3 3 3 3 3 3 3 3 3 3 3 3 3 3 3 3 3 3 3 3 3 3 3 3 3 3 3 3 3 3 3 3 3 3 3 3 3 3 3 3 3 3 3 3 3 3 3 3 3 3 3 3 3 3 3 3 3 3 3 3 3 3 3 3 3 3 3 3 3 3 3 3 3 3 3 3 3 3 3 3 3 3 3 3 3 3 3 3 3 3 3 3 3 3 3 3 3 3 3 3 3 3 3 3 3 3 3 3 3 3 3 3 3 3 3 3 3 3 3 3 3 3 3 3 3 3 3 3 3 3 3 3 3 3 3 3 3 3 3 3 3 3 3 3 3 3 3 3 3 3 3 3 3 3 3 3 3 3 3 3 3 3 3 3 3 3 3 3 3 3 3 3 3 3 3 3 3 3 3 3 3 3 3 3 3 3 3 3 3 3 3 3 3 3 3 3 3 3 3 3 3 3 3 3 3 3 3 3 3 3 3 3 3 3 3 3 3 3 3 3 3 3 3 3 3 3 3 3 3 3 3 3 3 3 3 3 3 3 3 3 3 3 3 3 3 3 3 3 3 3 3 3 3 3 3 3 3 3 3 3 3 3 3 3 3 3 3 3 3 3 3 3 3 3 3 3 3 3 3 3 3 3 3 3 3 3 3 3 3 3 3 3 3 3 3 3 3 3 3 3 3 3 3 3 3 3 3 3 3 3 3 3 3 3 3 3 3 3 3 3 3 3 3 3 3 3 3 3 3 3 3 3 3 3 3 3 3 3 3 3 3 3 3 3 3 3 3 3 3 3 3 3 3 3 3 3 3 3 3 3 3 3 3 3 3 3 3 3 3 3 3 3 3 3 3 3 3 3 3 3 3 3 3 3 3 3 3 3 3 3 3 3 3 3 3 3 3 3 3 3 3 3 3 3 3 3 3 3 3 3 3 3 3 3 3 3 3 3 3 3 3 3 3 3 3 3 3 3 3 3 3 3 3 3 3 3 3 3 3 3 3 3 3 3 3 3 3 3 3 3 3 3 3 3 3 3 3 3 3 3 3 3 3 3 3 3 3 3 3 3 3 3 3 3 3 3 3 3 3 3 3 3 3 3 3 3 3 3 3 3 3 3 3 3 3 3 3 3 3 3 3 3 3 3 3 3 3 3 3 3 3 3 3 3 3 3 3 3 3 3 3 3 3 3 3 3 3 3 3 3 3 3 3 3 3 3 3 3 3 3 3 3 3 3 3 3 3 3 3 3 3 3 3 3 3 3 3 3 3 3 3 3 3 3 3 3 3 3 3 3 3 3 3 3 3 3 3 3 3 3 3 3 3 3 3 3 3 3 3 3 3 3 3 3 3 3 3 3 3 3 3 3 3 3 3 3 3 3 3 3 3 3 3 3 3 3 3 3 3 3 3 3 3 3 3 3 3 3 3 3 3 3 3 3 3 3 3 3 3 3 3 3 3 3 3 3 3 3 3 3 3 3 3 3 3 3 3 3 3 3 3 3 3 3 3 3 3 3 3 3 3 3 3 3 3 3 3 3 3 3 3 3 3 3 3 3 3 3 3 3 3 3 3 3 3 3 3 3 3 3 3 3 3 3 3 3 3 3 3 3 3 3 3 3 3 3 3 3 3 3 3 3 3 3 3 3 3 3 3 3 3 3 3 3 3 3 3 3 3 3 3 3 3 3 3 3 3 3 3 3 3 3 3 3 3 3 3 3 3 3 3 3 3 3 3 3 3 3 3 3 3 3 3 3 3 3 3 3 3 3 3 3 3 3 3 3 3 3 3 3 3 3 3 3 3 3 3 3 3 3 3 3 3 3 3 3 3 3 3 3 3 3 3 3 3 3 3 3 3 3 3 3 3 3 3 3 3 3 3 3 3 3 3 3 3 3 3 3 3 3 3 3 3 3 3 3 3 3 3 3 3 3 3 3 3 3 3 3 3 3 3 3 3 3 3 3 3 3 3 3 3 3 3 3 3 3 3 3 3 3 3 3 3 3 3 3 3 3 3 3 3 3 3 3 3 3 3 3 3 3 3 3 3 3 3 3 3 3 3 3 3 3 3 3 3 3 3 3 3 3 3 3 3 3 3 3 3 3 3 3 3 3 3 3 3 3 3 3 3 3 3 3 3 3 3 3 3 3 3 3 3 3 3 3 3 3 3 3 3 3 3 3 3 3 3 3 3 3 3 3 3 3 3 3 3 3 3 3 3 3 3 3 3 3 3 3 3 3 3 3 3 3 3 3 3 3 3 3 3 3 3 3 3 3 3 3 3 3 3 3 3 3 3 3 3 3 3 3 3 3 3 3 3 3 3 3 3 3 3 3 3 3 3 3 3 3 3 3 3 3 3 3 3 3 3 3 3 3 3 3 3 3 3 3 3 3 3 3 3 3 3 3 3 3 3 3 3 3 3 3 3 3 3 3 3 3 3 3 3 3 3 3 3 3 3 3 3 3 3 3 3 3 3 3 3 3 3 3 3 3 3 3 3 3 3 3 3 3 3 3 3 3 3 3 3 3 3 3 3 3 3 3 3 3 3 3 3 3 3 3 3 3 3 3 3 3 3 3 3 3 3 3 3 3 3 3 3 3 3 3 3 3 3 3 3 3 3 3 3 3 3 3 3 3 3 3 3 3 3 3 3 3 3 3 3 3 3 3 3 3 3 3 3 3 3 3 3 3 3 3 3 3 3 3 3 3 3 3 3 3 3 3 3 3 3 3 3 3 3 3 3 3 3 3 3 3 3 3 3 3 3 3 3 3 3 3 3 3 3 3 3 3 3 3 3 3 3 3 3 3 3 3 3 3 3 3 3 3 3 3 3 3 3 3 3 3 3 3 3 3 3 3 3 3 3 3 3 3 3 3 3 3 3 3 3 3 3 3 3 3 3 3 3 3 3 3 3 3 3 3 3 3 3 3 3 3 3 3 3 3 3 3 3 3 3 3 3 3 3 3 3 3 3 3 3 3 3 3 3 3 3 3 3 3 3 3 3 3 3 3 3 3 3 3 3 3 3 3 3 3 3 3 3 3 3 3 3 3 3 3 3 3 3 3 3 3 3 3 3 3 3 3 3 3 3 3 3 3 3 3 3 3 3 3 3 3 3 3 3 3 3 3 3 3 3 3 3 3 3 3 3 3 3 3 3 3 3 3 3 3 3 3 3 3 3 3 3 3 3 3 3 3 3 3 3 3 3 3 3 3 3 3 3 3 3 3 3 3 3 3 3 3 3 3 3 3 3 3 3 3 3 3 3 3 3 3 3 3 3 3 3 3 3 3 3 3 3 3 3 3 3 3 3 3 3 3 3 3 3 3 3 3 3 3 3 3 3 3 3 3 3 3 3 3 3 3 3 3 3 3 3 3 3 3 3 3 3 3 3 3 3 3 3 3 3 3 3 3 3 3 3 3 3 3 3 3 3 3 3 3 3 3 3 3 3 3 3 3 3 3 3 3 3 3 3 3 3 3 3 3 3 3 3 3 3 3 3 3 3 3 3 3 3 3 3 3 3 3 3 3 3 3 3 3 3 3 3 3 3 3 3 3 3 3 3 3 3 3 3 3 3 3 3 3 3 3 3 3 3 3 3 3 3 3 3 3 3 3 3 3 3 3 3 3 3 3 3 3 3 3 3 3 3 3 3 3 3 3 3 3 3 3 3 3 3 3 3 3 3 3 3 3 3 3 3 3 3 3 3 3 3 3 3 3 3 3 3 3 3 3 3 3 3 3 3 3 3 3 3 3 3 3 3 3 3 3 3 3 3 3 3 3 3 3 3 3 3 3 3 3 3 3 3 3 3 3 3 3 3 3 3 3 3 3 3 3 3 3 3 3 3 3 3 3 3 3 3 3 3 3 3 3 3 3 3 3 3 3 3 3 3 3 3 3 3 3 3 3 3 3 3 3 3 3 3 3 3 3 3 3 3 3 3 3 3 3 3 3 3 3 3 3 3 3 3 3 3 3 3 3 3 3 3 3 3 3 3 3 3 3 3 3 3 3 3 3 3 3 3 3 3 3 3 3 3 3 3 3 3 3 3 3 3 3 3 3 3 3 3 3 3 3 3 3 3 3 3 3 3 3 3 3 3 3 3 3 3 3 3 3 3 3 3 3 3 3 3 3 3 3 3 3 3 3 3 3 3 3 3 3 3 3 3 3 3 3 3 3 3 3 3 3 3 3 3 3 3 3 3 3 3 3 3 3 3 3 3 3 3 3 3 3 3 3 3 3 3 3 3 3 3 3 3 3 3 3 3 3 3 3 3 3 3 3 3 3 3 3 3 3 3 3 3 3 3 3 3 3 3 3 3 3 3 3 3 3 3 3 3 3 3 3 3 3 3 3 3 3 3 3 3 3 3 3 3 3 3 3 3 3 3 3 3 3 3 3 3 3 3 3 3 3 3 3 3 3 3 3 3 3 3 3 3 3 3 3 3 3 3 3 3 3 3 3 3 3 3 3 3 3 3 3 3 3 3 3 3 3 3 3 3 3 3 3 3 3 3 3 3 3 3 3 3 3 3 3 3 3 3 3 3 3 3 3 3 3 3 3 3 3 3 3 3 3 3 3 3 3 3 3 3 3 3 3 3 3 3 3 3 3 3 3 3 3 3 3 3 3 3 3 3 3 3 3 3 3 3 3 3 3 3 3 3 3 3 3 3 3 3 3 3 3 3 3 3 3 3 3 3 3 3 3 3 3 3 3 3 3 3 3 3 3 3 3 3 3 3 3 3 3 3 3 3 3 3 3 3 3 3 3 3 3 3 3 3 3 3 3 3 3 3 3 3 3 3 3 3 3 3 3 3 3 3 3 3 3 3 3 3 3 3 3 3 3 3 3 3 3 3 3 3 3 3 3 3 3 3 3 3 3 3 3 3 3 3 3 3 3 3 3 3 3 3 3 3 3 3 3 3 3 3 3 3 3 3 3 3 3 3 3 3 3 3 3 3 3 3 3 3 3 3 3 3 3 3 3 3 3 3 3 3 3 3 3 3 3 3 3 3 3 3 3 3 3 3 3 3 3 3 3 3 3 3 3 3 3 3 3 3 3 3 3 3 3 3 3 3 3 3 3 3 3 3 3 3 3 3 3 3 3 3 3 3 3 3 3 3 3 3 3 3 3 3 3 3 3 3 3 3 3 3 3 3 3 3 3 3 3 3 3 3 3 3 3 3 3 3 3 3 3 3 3 3 3 3 3 3 3 3 3 3 3 3 3 3 3 3 3 3 3 3 3 3 3 3 3 3 3 3 3 3 3 3 3 3 3 3 3 3 3 3 3 3 3 3 3 3 3 3 3 3 3 3 3 3 3 3 3 3 3 3 3 3 3 3 3 3 3 3 3 3 3 3 3 3 3 3 3 3 3 3 3 3 3 3 3 3 3 3 3 3 3 3 3 3 3 3 3 3 3 3 3 3 3 3 3 3 3 3 3 3 3 3 3 3 3 3 3 3 3 3 3 3 3 3 3 3 3 3 3 3 3 3 3 3 3 3 3 3 3 3 3 3 3 3 3 3 3 3 3 3 3 3 3 3 3 3 3 3 3 3 3 3 3 3 3 3 3 3 3 3 3 3 3 3 3 3 3 3 3 3 3 3 3 3 3 3 3 3 3 3 3 3 3 3 3 3 3 3 3 3 3 3 3 3 3 3 3 3 3 3 3 3 3 3 3 3 3 3 3 3 3 3 3 3 3 3 3 3 3 3 3 3 3 3 3 3 3 3 3 3 3 3 3 3 3 3 3 3 3 3 3 3 3 3 3 3 3 3 3 3 3 3 3 3 3 3 3 3 3 3 3 3 3 3 3 3 3 3 3 3 3 3 3 3 3 3 3 3 3 3 3 3 3 3 3 3 3 3 3 3 3 3 3 3 3 3 3 3 3 3 3 3 3 3 3 3 3 3 3 3 3 3 3 3 3 3 3 3 3 3 3 3 3 3 3 3 3 3 3 3 3 3 3 3 3 3 3 3 3 3 3 3 3 3 3 3 3 3 3 3 3 3 3 3 3 3 3 3 3 3 3 3 3 3 3 3 3 3 3 3 3 3 3 3 3 3 3 3 3 3 3 3 3 3 3 3 3 3 3 3 3 3 3 3 3 3 3 3 3 3 3 3 3 3 3 3 3 3 3 3 3 3 3 3</vcount>
                    <p>2 2 0 1 1 0 0 0 0 3 3 0 1 1 0 2 2 0 4 4 0 3 3 0 2 2 0 5 5 0 3 3 0 4 4 0 8 2 0 7 1 0 6 0 0 9 3 0 7 1 0 8 2 0 10 4 0 9 3 0 8 2 0 11 5 0 9 3 0 10 4 0 14 2 0 13 1 0 12 0 0 15 3 0 13 1 0 14 2 0 16 4 0 15 3 0 14 2 0 17 5 0 15 3 0 16 4 0 20 2 0 19 1 0 18 0 0 21 3 0 19 1 0 20 2 0 22 4 0 21 3 0 20 2 0 23 5 0 21 3 0 22 4 0 26 2 0 25 1 0 24 0 0 27 3 0 25 1 0 26 2 0 28 4 0 27 3 0 26 2 0 29 5 0 27 3 0 28 4 0 32 2 0 31 1 0 30 0 0 33 3 0 31 1 0 32 2 0 34 4 0 33 3 0 32 2 0 35 5 0 33 3 0 34 4 0 38 2 0 37 1 0 36 0 0 39 3 0 37 1 0 38 2 0 40 4 0 39 3 0 38 2 0 41 5 0 39 3 0 40 4 0 42 2 0 5 1 0 4 0 0 43 3 0 5 1 0 42 2 0 44 4 0 43 3 0 42 2 0 45 5 0 43 3 0 44 4 0 48 2 0 47 1 0 46 0 0 49 3 0 47 1 0 48 2 0 30 4 0 49 3 0 48 2 0 31 5 0 49 3 0 30 4 0 52 2 0 51 1 0 50 0 0 53 3 0 51 1 0 52 2 0 46 4 0 53 3 0 52 2 0 47 5 0 53 3 0 46 4 0 56 2 0 55 1 0 54 0 0 57 3 0 55 1 0 56 2 0 50 4 0 57 3 0 56 2 0 51 5 0 57 3 0 50 4 0 58 2 0 41 1 0 40 0 0 59 3 0 41 1 0 58 2 0 60 4 0 59 3 0 58 2 0 61 5 0 59 3 0 60 4 0 62 2 0 61 1 0 60 0 0 63 3 0 61 1 0 62 2 0 54 4 0 63 3 0 62 2 0 55 5 0 63 3 0 54 4 0 66 2 0 65 1 0 64 0 0 67 3 0 65 1 0 66 2 0 68 4 0 67 3 0 66 2 0 69 5 0 67 3 0 68 4 0 72 2 0 71 1 0 70 0 0 73 3 0 71 1 0 72 2 0 24 4 0 73 3 0 72 2 0 25 5 0 73 3 0 24 4 0 74 2 0 69 1 0 68 0 0 75 3 0 69 1 0 74 2 0 76 4 0 75 3 0 74 2 0 77 5 0 75 3 0 76 4 0 80 2 0 79 1 0 78 0 0 81 3 0 79 1 0 80 2 0 82 4 0 81 3 0 80 2 0 83 5 0 81 3 0 82 4 0 86 2 0 85 1 0 84 0 0 87 3 0 85 1 0 86 2 0 88 4 0 87 3 0 86 2 0 89 5 0 87 3 0 88 4 0 92 2 0 91 1 0 90 0 0 93 3 0 91 1 0 92 2 0 94 4 0 93 3 0 92 2 0 95 5 0 93 3 0 94 4 0 98 2 0 97 1 0 96 0 0 99 3 0 97 1 0 98 2 0 100 4 0 99 3 0 98 2 0 101 5 0 99 3 0 100 4 0 104 2 0 103 1 0 102 0 0 105 3 0 103 1 0 104 2 0 106 4 0 105 3 0 104 2 0 107 5 0 105 3 0 106 4 0 108 2 0 35 1 0 34 0 0 109 3 0 35 1 0 108 2 0 36 4 0 109 3 0 108 2 0 37 5 0 109 3 0 36 4 0 110 2 0 77 1 0 76 0 0 111 3 0 77 1 0 110 2 0 112 4 0 111 3 0 110 2 0 113 5 0 111 3 0 112 4 0 114 2 0 113 1 0 112 0 0 115 3 0 113 1 0 114 2 0 96 4 0 115 3 0 114 2 0 97 5 0 115 3 0 96 4 0 116 2 0 95 1 0 94 0 0 117 3 0 95 1 0 116 2 0 84 4 0 117 3 0 116 2 0 85 5 0 117 3 0 84 4 0 120 2 0 119 1 0 118 0 0 121 3 0 119 1 0 120 2 0 12 4 0 121 3 0 120 2 0 13 5 0 121 3 0 12 4 0 124 2 0 123 1 0 122 0 0 125 3 0 123 1 0 124 2 0 126 4 0 125 3 0 124 2 0 127 5 0 125 3 0 126 4 0 128 2 0 29 1 0 28 0 0 129 3 0 29 1 0 128 2 0 122 4 0 129 3 0 128 2 0 123 5 0 129 3 0 122 4 0 130 2 0 89 1 0 88 0 0 131 3 0 89 1 0 130 2 0 132 4 0 131 3 0 130 2 0 133 5 0 131 3 0 132 4 0 136 2 0 135 1 0 134 0 0 137 3 0 135 1 0 136 2 0 90 4 0 137 3 0 136 2 0 91 5 0 137 3 0 90 4 0 140 2 0 139 1 0 138 0 0 141 3 0 139 1 0 140 2 0 134 4 0 141 3 0 140 2 0 135 5 0 141 3 0 134 4 0 142 2 0 133 1 0 132 0 0 143 3 0 133 1 0 142 2 0 144 4 0 143 3 0 142 2 0 145 5 0 143 3 0 144 4 0 146 2 0 145 1 0 144 0 0 147 3 0 145 1 0 146 2 0 138 4 0 147 3 0 146 2 0 139 5 0 147 3 0 138 4 0 150 2 0 149 1 0 148 0 0 151 3 0 149 1 0 150 2 0 0 4 0 151 3 0 150 2 0 1 5 0 151 3 0 0 4 0 154 2 0 153 1 0 152 0 0 155 3 0 153 1 0 154 2 0 156 4 0 155 3 0 154 2 0 157 5 0 155 3 0 156 4 0 158 2 0 45 1 0 44 0 0 159 3 0 45 1 0 158 2 0 160 4 0 159 3 0 158 2 0 161 5 0 159 3 0 160 4 0 164 2 0 163 1 0 162 0 0 165 3 0 163 1 0 164 2 0 166 4 0 165 3 0 164 2 0 167 5 0 165 3 0 166 4 0 170 2 0 169 1 0 168 0 0 171 3 0 169 1 0 170 2 0 18 4 0 171 3 0 170 2 0 19 5 0 171 3 0 18 4 0 172 2 0 161 1 0 160 0 0 173 3 0 161 1 0 172 2 0 152 4 0 173 3 0 172 2 0 153 5 0 173 3 0 152 4 0 176 2 0 175 1 0 174 0 0 177 3 0 175 1 0 176 2 0 118 4 0 177 3 0 176 2 0 119 5 0 177 3 0 118 4 0 178 2 0 23 1 0 22 0 0 179 3 0 23 1 0 178 2 0 102 4 0 179 3 0 178 2 0 103 5 0 179 3 0 102 4 0 180 2 0 17 1 0 16 0 0 181 3 0 17 1 0 180 2 0 162 4 0 181 3 0 180 2 0 163 5 0 181 3 0 162 4 0 182 2 0 11 1 0 10 0 0 183 3 0 11 1 0 182 2 0 168 4 0 183 3 0 182 2 0 169 5 0 183 3 0 168 4 0 184 2 0 167 1 0 166 0 0 185 3 0 167 1 0 184 2 0 186 4 0 185 3 0 184 2 0 187 5 0 185 3 0 186 4 0 190 2 0 189 1 0 188 0 0 191 3 0 189 1 0 190 2 0 174 4 0 191 3 0 190 2 0 175 5 0 191 3 0 174 4 0 194 8 1 193 7 2 192 6 1 195 9 2 193 7 2 194 8 1 198 6 3 197 8 1 196 6 1 199 8 3 197 8 1 198 6 3 202 11 0 201 10 4 200 9 2 203 12 0 201 10 4 202 11 0 206 11 0 205 10 4 204 9 2 207 12 0 205 10 4 206 11 0 207 12 0 208 13 2 205 10 4 209 14 0 208 13 2 207 12 0 209 14 0 210 15 5 208 13 2 211 16 0 210 15 5 209 14 0 211 16 0 204 9 2 210 15 5 206 11 0 204 9 2 211 16 0 214 19 0 213 18 4 212 17 4 215 20 0 213 18 4 214 19 0 217 22 0 212 17 4 216 21 4 214 19 0 212 17 4 217 22 0 203 12 0 218 13 2 201 10 4 219 14 0 218 13 2 203 12 0 221 24 1 208 13 2 220 23 1 222 25 2 208 13 2 221 24 1 225 26 1 224 27 3 223 26 3 226 27 1 224 27 3 225 26 1 226 27 1 204 9 2 227 8 1 210 15 5 204 9 2 226 27 1 228 23 3 221 24 1 220 23 1 229 24 3 221 24 1 228 23 3 210 15 5 220 23 1 208 13 2 225 26 1 220 23 1 210 15 5 232 19 0 231 28 1 230 20 0 233 22 0 231 28 1 232 19 0 227 8 1 224 27 3 226 27 1 234 8 3 224 27 3 227 8 1 225 26 1 228 23 3 220 23 1 223 26 3 228 23 3 225 26 1 219 14 0 235 15 5 218 13 2 236 16 0 235 15 5 219 14 0 236 16 0 200 9 2 235 15 5 202 11 0 200 9 2 236 16 0 239 19 0 238 18 4 237 17 4 240 20 0 238 18 4 239 19 0 242 22 0 237 17 4 241 21 4 239 19 0 237 17 4 242 22 0 245 8 1 244 7 2 243 6 1 246 9 2 244 7 2 245 8 1 247 6 3 245 8 1 243 6 1 248 8 3 245 8 1 247 6 3 83 1 0 250 17 4 249 18 4 251 3 0 250 17 4 83 1 0 253 2 0 244 7 2 252 10 4 82 0 0 244 7 2 253 2 0 64 4 0 252 10 4 254 25 2 253 2 0 252 10 4 64 4 0 251 3 0 255 21 4 250 17 4 65 5 0 255 21 4 251 3 0 89 1 0 257 17 4 256 18 4 131 3 0 257 17 4 89 1 0 259 24 1 218 13 2 258 23 1 260 25 2 218 13 2 259 24 1 261 11 0 252 10 4 246 9 2 262 12 0 252 10 4 261 11 0 262 12 0 263 13 2 252 10 4 264 14 0 263 13 2 262 12 0 267 19 0 266 28 1 265 20 0 215 22 0 266 28 1 267 19 0 264 14 0 268 15 5 263 13 2 269 16 0 268 15 5 264 14 0 269 16 0 246 9 2 268 15 5 261 11 0 246 9 2 269 16 0 270 19 0 249 18 4 250 17 4 271 20 0 249 18 4 270 19 0 265 22 0 250 17 4 255 21 4 270 19 0 250 17 4 265 22 0 274 26 1 273 27 3 272 26 3 275 27 1 273 27 3 274 26 1 277 24 1 263 13 2 276 23 1 254 25 2 263 13 2 277 24 1 280 11 0 279 14 0 278 12 0 281 16 0 279 14 0 280 11 0 284 26 1 283 27 3 282 26 3 285 27 1 283 27 3 284 26 1 288 11 0 287 14 0 286 12 0 289 16 0 287 14 0 288 11 0 285 27 1 246 9 2 245 8 1 268 15 5 246 9 2 285 27 1 290 23 3 277 24 1 276 23 1 291 24 3 277 24 1 290 23 3 268 15 5 276 23 1 263 13 2 284 26 1 276 23 1 268 15 5 245 8 1 283 27 3 285 27 1 248 8 3 283 27 3 245 8 1 284 26 1 290 23 3 276 23 1 282 26 3 290 23 3 284 26 1 275 27 1 200 9 2 292 8 1 235 15 5 200 9 2 275 27 1 293 23 3 259 24 1 258 23 1 294 24 3 259 24 1 293 23 3 235 15 5 258 23 1 218 13 2 274 26 1 258 23 1 235 15 5 297 11 0 296 14 0 295 12 0 298 16 0 296 14 0 297 11 0 253 2 0 83 1 0 82 0 0 251 3 0 83 1 0 253 2 0 251 3 0 64 4 0 65 5 0 253 2 0 64 4 0 251 3 0 292 8 1 273 27 3 275 27 1 299 8 3 273 27 3 292 8 1 300 8 1 254 7 2 277 6 1 301 9 2 254 7 2 300 8 1 291 6 3 300 8 1 277 6 1 302 8 3 300 8 1 291 6 3 65 1 0 303 17 4 255 18 4 67 3 0 303 17 4 65 1 0 306 11 0 305 14 0 304 12 0 307 16 0 305 14 0 306 11 0 309 19 0 231 28 1 308 20 0 230 22 0 231 28 1 309 19 0 66 2 0 254 7 2 310 10 4 64 0 0 254 7 2 66 2 0 68 4 0 310 10 4 311 25 2 66 2 0 310 10 4 68 4 0 67 3 0 213 21 4 303 17 4 69 5 0 213 21 4 67 3 0 274 26 1 293 23 3 258 23 1 272 26 3 293 23 3 274 26 1 130 2 0 313 7 2 312 10 4 88 0 0 313 7 2 130 2 0 314 11 0 310 10 4 301 9 2 315 12 0 310 10 4 314 11 0 315 12 0 316 13 2 310 10 4 317 14 0 316 13 2 315 12 0 317 14 0 318 15 5 316 13 2 319 16 0 318 15 5 317 14 0 319 16 0 301 9 2 318 15 5 314 11 0 301 9 2 319 16 0 267 19 0 255 18 4 303 17 4 265 20 0 255 18 4 267 19 0 215 22 0 303 17 4 213 21 4 267 19 0 303 17 4 215 22 0 132 4 0 312 10 4 320 25 2 130 2 0 312 10 4 132 4 0 322 24 1 316 13 2 321 23 1 311 25 2 316 13 2 322 24 1 325 19 0 324 28 1 323 20 0 326 22 0 324 28 1 325 19 0 329 26 1 328 27 3 327 26 3 330 27 1 328 27 3 329 26 1 330 27 1 301 9 2 300 8 1 318 15 5 301 9 2 330 27 1 331 23 3 322 24 1 321 23 1 332 24 3 322 24 1 331 23 3 318 15 5 321 23 1 316 13 2 329 26 1 321 23 1 318 15 5 300 8 1 328 27 3 330 27 1 302 8 3 328 27 3 300 8 1 335 11 0 334 14 0 333 12 0 336 16 0 334 14 0 335 11 0 329 26 1 331 23 3 321 23 1 327 26 3 331 23 3 329 26 1 339 11 0 338 14 0 337 12 0 340 16 0 338 14 0 339 11 0 343 11 0 342 14 0 341 12 0 344 16 0 342 14 0 343 11 0 131 3 0 345 21 4 257 17 4 133 5 0 345 21 4 131 3 0 348 6 3 347 8 1 346 6 1 349 8 3 347 8 1 348 6 3 352 8 1 351 7 2 350 6 1 353 9 2 351 7 2 352 8 1 354 6 3 352 8 1 350 6 1 355 8 3 352 8 1 354 6 3 61 1 0 357 17 4 356 18 4 63 3 0 357 17 4 61 1 0 62 2 0 351 7 2 358 10 4 60 0 0 351 7 2 62 2 0 54 4 0 358 10 4 359 25 2 62 2 0 358 10 4 54 4 0 63 3 0 360 21 4 357 17 4 55 5 0 360 21 4 63 3 0 363 11 0 362 14 0 361 12 0 364 16 0 362 14 0 363 11 0 367 8 1 366 7 2 365 6 1 368 9 2 366 7 2 367 8 1 369 6 3 367 8 1 365 6 1 370 8 3 367 8 1 369 6 3 280 11 0 358 10 4 353 9 2 278 12 0 358 10 4 280 11 0 278 12 0 371 13 2 358 10 4 279 14 0 371 13 2 278 12 0 372 19 0 324 28 1 326 20 0 373 22 0 324 28 1 372 19 0 279 14 0 374 15 5 371 13 2 281 16 0 374 15 5 279 14 0 281 16 0 353 9 2 374 15 5 280 11 0 353 9 2 281 16 0 375 19 0 356 18 4 357 17 4 376 20 0 356 18 4 375 19 0 377 22 0 357 17 4 360 21 4 375 19 0 357 17 4 377 22 0 380 19 0 379 28 1 378 20 0 381 22 0 379 28 1 380 19 0 384 1 0 383 17 4 382 18 4 385 3 0 383 17 4 384 1 0 387 24 1 371 13 2 386 23 1 359 25 2 371 13 2 387 24 1 390 26 1 389 27 3 388 26 3 391 27 1 389 27 3 390 26 1 394 11 0 393 14 0 392 12 0 395 16 0 393 14 0 394 11 0 391 27 1 353 9 2 352 8 1 374 15 5 353 9 2 391 27 1 396 23 3 387 24 1 386 23 1 397 24 3 387 24 1 396 23 3 374 15 5 386 23 1 371 13 2 390 26 1 386 23 1 374 15 5 352 8 1 389 27 3 391 27 1 355 8 3 389 27 3 352 8 1 400 11 0 399 14 0 398 12 0 401 16 0 399 14 0 400 11 0 390 26 1 396 23 3 386 23 1 388 26 3 396 23 3 390 26 1 403 2 0 366 7 2 402 10 4 404 0 0 366 7 2 403 2 0 70 4 0 402 10 4 405 25 2 403 2 0 402 10 4 70 4 0 385 3 0 238 21 4 383 17 4 71 5 0 238 21 4 385 3 0 408 8 1 407 7 2 406 6 1 409 9 2 407 7 2 408 8 1 412 8 1 411 7 2 410 6 1 413 9 2 411 7 2 412 8 1 416 11 0 415 14 0 414 12 0 417 16 0 415 14 0 416 11 0 418 6 3 412 8 1 410 6 1 419 8 3 412 8 1 418 6 3 58 2 0 411 7 2 420 10 4 40 0 0 411 7 2 58 2 0 60 4 0 420 10 4 351 25 2 58 2 0 420 10 4 60 4 0 59 3 0 356 21 4 421 17 4 61 5 0 356 21 4 59 3 0 424 11 0 423 14 0 422 12 0 425 16 0 423 14 0 424 11 0 428 11 0 427 10 4 426 9 2 429 12 0 427 10 4 428 11 0 431 11 0 312 10 4 430 9 2 432 12 0 312 10 4 431 11 0 297 11 0 420 10 4 413 9 2 295 12 0 420 10 4 297 11 0 295 12 0 433 13 2 420 10 4 296 14 0 433 13 2 295 12 0 296 14 0 434 15 5 433 13 2 298 16 0 434 15 5 296 14 0 298 16 0 413 9 2 434 15 5 297 11 0 413 9 2 298 16 0 436 19 0 435 18 4 421 17 4 437 20 0 435 18 4 436 19 0 376 22 0 421 17 4 356 21 4 436 19 0 421 17 4 376 22 0 438 11 0 402 10 4 368 9 2 439 12 0 402 10 4 438 11 0 350 24 1 433 13 2 440 23 1 351 25 2 433 13 2 350 24 1 443 26 1 442 27 3 441 26 3 444 27 1 442 27 3 443 26 1 444 27 1 413 9 2 412 8 1 434 15 5 413 9 2 444 27 1 445 23 3 350 24 1 440 23 1 354 24 3 350 24 1 445 23 3 434 15 5 440 23 1 433 13 2 443 26 1 440 23 1 434 15 5 412 8 1 442 27 3 444 27 1 419 8 3 442 27 3 412 8 1 443 26 1 445 23 3 440 23 1 441 26 3 445 23 3 443 26 1 448 11 0 447 14 0 446 12 0 449 16 0 447 14 0 448 11 0 439 12 0 450 13 2 402 10 4 451 14 0 450 13 2 439 12 0 451 14 0 452 15 5 450 13 2 453 16 0 452 15 5 451 14 0 453 16 0 368 9 2 452 15 5 438 11 0 368 9 2 453 16 0 454 19 0 382 18 4 383 17 4 455 20 0 382 18 4 454 19 0 456 8 1 359 7 2 387 6 1 457 9 2 359 7 2 456 8 1 397 6 3 456 8 1 387 6 1 458 8 3 456 8 1 397 6 3 55 1 0 459 17 4 360 18 4 57 3 0 459 17 4 55 1 0 461 19 0 231 28 1 460 20 0 462 22 0 231 28 1 461 19 0 56 2 0 359 7 2 463 10 4 54 0 0 359 7 2 56 2 0 50 4 0 463 10 4 464 25 2 56 2 0 463 10 4 50 4 0 57 3 0 465 21 4 459 17 4 51 5 0 465 21 4 57 3 0 240 22 0 383 17 4 238 21 4 454 19 0 383 17 4 240 22 0 432 12 0 466 13 2 312 10 4 467 14 0 466 13 2 432 12 0 468 11 0 463 10 4 457 9 2 469 12 0 463 10 4 468 11 0 469 12 0 470 13 2 463 10 4 471 14 0 470 13 2 469 12 0 474 11 0 473 14 0 472 12 0 475 16 0 473 14 0 474 11 0 471 14 0 476 15 5 470 13 2 477 16 0 476 15 5 471 14 0 477 16 0 457 9 2 476 15 5 468 11 0 457 9 2 477 16 0 478 19 0 360 18 4 459 17 4 377 20 0 360 18 4 478 19 0 481 19 0 480 28 1 479 20 0 482 22 0 480 28 1 481 19 0 483 22 0 459 17 4 465 21 4 478 19 0 459 17 4 483 22 0 485 24 1 450 13 2 484 23 1 405 25 2 450 13 2 485 24 1 487 24 1 470 13 2 486 23 1 464 25 2 470 13 2 487 24 1 490 26 1 489 27 3 488 26 3 491 27 1 489 27 3 490 26 1 491 27 1 457 9 2 456 8 1 476 15 5 457 9 2 491 27 1 431 11 0 467 14 0 432 12 0 492 16 0 467 14 0 431 11 0 493 23 3 487 24 1 486 23 1 494 24 3 487 24 1 493 23 3 476 15 5 486 23 1 470 13 2 490 26 1 486 23 1 476 15 5 456 8 1 489 27 3 491 27 1 458 8 3 489 27 3 456 8 1 490 26 1 493 23 3 486 23 1 488 26 3 493 23 3 490 26 1 497 26 1 496 27 3 495 26 3 498 27 1 496 27 3 497 26 1 498 27 1 368 9 2 367 8 1 452 15 5 368 9 2 498 27 1 501 11 0 500 14 0 499 12 0 502 16 0 500 14 0 501 11 0 503 23 3 485 24 1 484 23 1 504 24 3 485 24 1 503 23 3 452 15 5 484 23 1 450 13 2 497 26 1 484 23 1 452 15 5 505 8 1 464 7 2 487 6 1 506 9 2 464 7 2 505 8 1 494 6 3 505 8 1 487 6 1 507 8 3 505 8 1 494 6 3 51 1 0 508 17 4 465 18 4 53 3 0 508 17 4 51 1 0 52 2 0 464 7 2 509 10 4 50 0 0 464 7 2 52 2 0 512 11 0 511 14 0 510 12 0 513 16 0 511 14 0 512 11 0 46 4 0 509 10 4 514 25 2 52 2 0 509 10 4 46 4 0 53 3 0 515 21 4 508 17 4 47 5 0 515 21 4 53 3 0 367 8 1 496 27 3 498 27 1 370 8 3 496 27 3 367 8 1 497 26 1 503 23 3 484 23 1 495 26 3 503 23 3 497 26 1 339 11 0 509 10 4 506 9 2 337 12 0 509 10 4 339 11 0 337 12 0 516 13 2 509 10 4 338 14 0 516 13 2 337 12 0 500 14 0 518 15 5 517 13 2 502 16 0 518 15 5 500 14 0 521 11 0 520 14 0 519 12 0 522 16 0 520 14 0 521 11 0 338 14 0 523 15 5 516 13 2 340 16 0 523 15 5 338 14 0 340 16 0 506 9 2 523 15 5 339 11 0 506 9 2 340 16 0 524 19 0 465 18 4 508 17 4 483 20 0 465 18 4 524 19 0 525 19 0 480 28 1 482 20 0 526 22 0 480 28 1 525 19 0 378 22 0 508 17 4 515 21 4 524 19 0 508 17 4 378 22 0 467 14 0 527 15 5 466 13 2 492 16 0 527 15 5 467 14 0 529 24 1 516 13 2 528 23 1 514 25 2 516 13 2 529 24 1 532 26 1 531 27 3 530 26 3 533 27 1 531 27 3 532 26 1 533 27 1 506 9 2 505 8 1 523 15 5 506 9 2 533 27 1 534 23 3 529 24 1 528 23 1 535 24 3 529 24 1 534 23 3 523 15 5 528 23 1 516 13 2 532 26 1 528 23 1 523 15 5 505 8 1 531 27 3 533 27 1 507 8 3 531 27 3 505 8 1 202 11 0 219 14 0 203 12 0 236 16 0 219 14 0 202 11 0 532 26 1 534 23 3 528 23 1 530 26 3 534 23 3 532 26 1 492 16 0 430 9 2 527 15 5 431 11 0 430 9 2 492 16 0 538 11 0 537 14 0 536 12 0 539 16 0 537 14 0 538 11 0 540 19 0 256 18 4 257 17 4 541 20 0 256 18 4 540 19 0 544 11 0 543 14 0 542 12 0 545 16 0 543 14 0 544 11 0 403 2 0 384 1 0 404 0 0 385 3 0 384 1 0 403 2 0 385 3 0 70 4 0 71 5 0 403 2 0 70 4 0 385 3 0 438 11 0 451 14 0 439 12 0 453 16 0 451 14 0 438 11 0 546 8 1 514 7 2 529 6 1 547 9 2 514 7 2 546 8 1 535 6 3 546 8 1 529 6 1 548 8 3 546 8 1 535 6 3 47 1 0 549 17 4 515 18 4 49 3 0 549 17 4 47 1 0 48 2 0 514 7 2 550 10 4 46 0 0 514 7 2 48 2 0 30 4 0 550 10 4 551 25 2 48 2 0 550 10 4 30 4 0 49 3 0 552 21 4 549 17 4 31 5 0 552 21 4 49 3 0 308 22 0 257 17 4 345 21 4 540 19 0 257 17 4 308 22 0 553 8 1 260 7 2 259 6 1 554 9 2 260 7 2 553 8 1 363 11 0 550 10 4 547 9 2 361 12 0 550 10 4 363 11 0 361 12 0 555 13 2 550 10 4 362 14 0 555 13 2 361 12 0 558 11 0 557 14 0 556 12 0 559 16 0 557 14 0 558 11 0 362 14 0 560 15 5 555 13 2 364 16 0 560 15 5 362 14 0 364 16 0 547 9 2 560 15 5 363 11 0 547 9 2 364 16 0 380 19 0 515 18 4 549 17 4 378 20 0 515 18 4 380 19 0 381 22 0 549 17 4 552 21 4 380 19 0 549 17 4 381 22 0 294 6 3 553 8 1 259 6 1 561 8 3 553 8 1 294 6 3 563 24 1 555 13 2 562 23 1 551 25 2 555 13 2 563 24 1 566 26 1 565 27 3 564 26 3 567 27 1 565 27 3 566 26 1 567 27 1 547 9 2 546 8 1 560 15 5 547 9 2 567 27 1 568 23 3 563 24 1 562 23 1 569 24 3 563 24 1 568 23 3 560 15 5 562 23 1 555 13 2 566 26 1 562 23 1 560 15 5 546 8 1 565 27 3 567 27 1 548 8 3 565 27 3 546 8 1 566 26 1 568 23 3 562 23 1 564 26 3 568 23 3 566 26 1 25 1 0 570 17 4 241 18 4 27 3 0 570 17 4 25 1 0 26 2 0 260 7 2 571 10 4 24 0 0 260 7 2 26 2 0 28 4 0 571 10 4 572 25 2 26 2 0 571 10 4 28 4 0 27 3 0 573 21 4 570 17 4 29 5 0 573 21 4 27 3 0 576 8 1 575 7 2 574 6 1 577 9 2 575 7 2 576 8 1 578 6 3 576 8 1 574 6 1 579 8 3 576 8 1 578 6 3 37 1 0 581 17 4 580 18 4 39 3 0 581 17 4 37 1 0 38 2 0 575 7 2 582 10 4 36 0 0 575 7 2 38 2 0 40 4 0 582 10 4 411 25 2 38 2 0 582 10 4 40 4 0 39 3 0 435 21 4 581 17 4 41 5 0 435 21 4 39 3 0 429 12 0 583 13 2 427 10 4 584 14 0 583 13 2 429 12 0 586 24 1 466 13 2 585 23 1 320 25 2 466 13 2 586 24 1 400 11 0 582 10 4 577 9 2 398 12 0 582 10 4 400 11 0 398 12 0 587 13 2 582 10 4 399 14 0 587 13 2 398 12 0 399 14 0 588 15 5 587 13 2 401 16 0 588 15 5 399 14 0 401 16 0 577 9 2 588 15 5 400 11 0 577 9 2 401 16 0 589 19 0 580 18 4 581 17 4 590 20 0 580 18 4 589 19 0 437 22 0 581 17 4 435 21 4 589 19 0 581 17 4 437 22 0 558 11 0 571 10 4 554 9 2 556 12 0 571 10 4 558 11 0 410 24 1 587 13 2 591 23 1 411 25 2 587 13 2 410 24 1 594 26 1 593 27 3 592 26 3 595 27 1 593 27 3 594 26 1 595 27 1 577 9 2 576 8 1 588 15 5 577 9 2 595 27 1 596 23 3 410 24 1 591 23 1 418 24 3 410 24 1 596 23 3 588 15 5 591 23 1 587 13 2 594 26 1 591 23 1 588 15 5 576 8 1 593 27 3 595 27 1 579 8 3 593 27 3 576 8 1 594 26 1 596 23 3 591 23 1 592 26 3 596 23 3 594 26 1 556 12 0 597 13 2 571 10 4 557 14 0 597 13 2 556 12 0 557 14 0 598 15 5 597 13 2 559 16 0 598 15 5 557 14 0 559 16 0 554 9 2 598 15 5 558 11 0 554 9 2 559 16 0 599 19 0 241 18 4 570 17 4 242 20 0 241 18 4 599 19 0 600 8 1 551 7 2 563 6 1 601 9 2 551 7 2 600 8 1 569 6 3 600 8 1 563 6 1 602 8 3 600 8 1 569 6 3 605 19 0 604 28 1 603 20 0 455 22 0 604 28 1 605 19 0 31 1 0 606 17 4 552 18 4 33 3 0 606 17 4 31 1 0 32 2 0 551 7 2 607 10 4 30 0 0 551 7 2 32 2 0 34 4 0 607 10 4 608 25 2 32 2 0 607 10 4 34 4 0 33 3 0 609 21 4 606 17 4 35 5 0 609 21 4 33 3 0 610 22 0 570 17 4 573 21 4 599 19 0 570 17 4 610 22 0 613 26 1 612 27 3 611 26 3 614 27 1 612 27 3 613 26 1 617 19 0 616 28 1 615 20 0 618 22 0 616 28 1 617 19 0 424 11 0 607 10 4 601 9 2 422 12 0 607 10 4 424 11 0 422 12 0 619 13 2 607 10 4 423 14 0 619 13 2 422 12 0 423 14 0 620 15 5 619 13 2 425 16 0 620 15 5 423 14 0 623 11 0 622 14 0 621 12 0 624 16 0 622 14 0 623 11 0 425 16 0 601 9 2 620 15 5 424 11 0 601 9 2 425 16 0 625 19 0 552 18 4 606 17 4 381 20 0 552 18 4 625 19 0 628 11 0 627 14 0 626 12 0 629 16 0 627 14 0 628 11 0 630 22 0 606 17 4 609 21 4 625 19 0 606 17 4 630 22 0 632 24 1 597 13 2 631 23 1 572 25 2 597 13 2 632 24 1 634 24 1 619 13 2 633 23 1 608 25 2 619 13 2 634 24 1 637 26 1 636 27 3 635 26 3 638 27 1 636 27 3 637 26 1 638 27 1 601 9 2 600 8 1 620 15 5 601 9 2 638 27 1 639 23 3 634 24 1 633 23 1 640 24 3 634 24 1 639 23 3 620 15 5 633 23 1 619 13 2 637 26 1 633 23 1 620 15 5 600 8 1 636 27 3 638 27 1 602 8 3 636 27 3 600 8 1 637 26 1 639 23 3 633 23 1 635 26 3 639 23 3 637 26 1 643 11 0 642 14 0 641 12 0 644 16 0 642 14 0 643 11 0 647 26 1 646 27 3 645 26 3 648 27 1 646 27 3 647 26 1 648 27 1 554 9 2 553 8 1 598 15 5 554 9 2 648 27 1 649 23 3 632 24 1 631 23 1 650 24 3 632 24 1 649 23 3 598 15 5 631 23 1 597 13 2 647 26 1 631 23 1 598 15 5 651 8 1 608 7 2 634 6 1 652 9 2 608 7 2 651 8 1 640 6 3 651 8 1 634 6 1 653 8 3 651 8 1 640 6 3 35 1 0 654 17 4 609 18 4 109 3 0 654 17 4 35 1 0 108 2 0 608 7 2 655 10 4 34 0 0 608 7 2 108 2 0 36 4 0 655 10 4 575 25 2 108 2 0 655 10 4 36 4 0 109 3 0 580 21 4 654 17 4 37 5 0 580 21 4 109 3 0 553 8 1 646 27 3 648 27 1 561 8 3 646 27 3 553 8 1 647 26 1 649 23 3 631 23 1 645 26 3 649 23 3 647 26 1 656 11 0 655 10 4 652 9 2 657 12 0 655 10 4 656 11 0 657 12 0 658 13 2 655 10 4 659 14 0 658 13 2 657 12 0 659 14 0 660 15 5 658 13 2 661 16 0 660 15 5 659 14 0 661 16 0 652 9 2 660 15 5 656 11 0 652 9 2 661 16 0 662 19 0 609 18 4 654 17 4 630 20 0 609 18 4 662 19 0 665 11 0 664 14 0 663 12 0 666 16 0 664 14 0 665 11 0 590 22 0 654 17 4 580 21 4 662 19 0 654 17 4 590 22 0 669 11 0 668 14 0 667 12 0 670 16 0 668 14 0 669 11 0 614 27 1 430 9 2 197 8 1 527 15 5 430 9 2 614 27 1 574 24 1 658 13 2 671 23 1 575 25 2 658 13 2 574 24 1 674 26 1 673 27 3 672 26 3 675 27 1 673 27 3 674 26 1 675 27 1 652 9 2 651 8 1 660 15 5 652 9 2 675 27 1 676 23 3 574 24 1 671 23 1 578 24 3 574 24 1 676 23 3 660 15 5 671 23 1 658 13 2 674 26 1 671 23 1 660 15 5 651 8 1 673 27 3 675 27 1 653 8 3 673 27 3 651 8 1 674 26 1 676 23 3 671 23 1 672 26 3 676 23 3 674 26 1 677 23 3 586 24 1 585 23 1 678 24 3 586 24 1 677 23 3 527 15 5 585 23 1 466 13 2 613 26 1 585 23 1 527 15 5 41 1 0 421 17 4 435 18 4 59 3 0 421 17 4 41 1 0 681 11 0 680 14 0 679 12 0 682 16 0 680 14 0 681 11 0 685 11 0 684 14 0 683 12 0 686 16 0 684 14 0 685 11 0 689 11 0 688 14 0 687 12 0 690 16 0 688 14 0 689 11 0 693 8 1 692 7 2 691 6 1 694 9 2 692 7 2 693 8 1 695 6 3 693 8 1 691 6 1 696 8 3 693 8 1 695 6 3 169 1 0 698 17 4 697 18 4 171 3 0 698 17 4 169 1 0 170 2 0 692 7 2 699 10 4 168 0 0 692 7 2 170 2 0 18 4 0 699 10 4 700 25 2 170 2 0 699 10 4 18 4 0 171 3 0 701 21 4 698 17 4 19 5 0 701 21 4 171 3 0 702 11 0 699 10 4 694 9 2 703 12 0 699 10 4 702 11 0 703 12 0 704 13 2 699 10 4 705 14 0 704 13 2 703 12 0 705 14 0 706 15 5 704 13 2 707 16 0 706 15 5 705 14 0 707 16 0 694 9 2 706 15 5 702 11 0 694 9 2 707 16 0 708 19 0 697 18 4 698 17 4 709 20 0 697 18 4 708 19 0 323 22 0 698 17 4 701 21 4 708 19 0 698 17 4 323 22 0 711 24 1 704 13 2 710 23 1 700 25 2 704 13 2 711 24 1 714 26 1 713 27 3 712 26 3 715 27 1 713 27 3 714 26 1 715 27 1 694 9 2 693 8 1 706 15 5 694 9 2 715 27 1 716 23 3 711 24 1 710 23 1 717 24 3 711 24 1 716 23 3 706 15 5 710 23 1 704 13 2 714 26 1 710 23 1 706 15 5 693 8 1 713 27 3 715 27 1 696 8 3 713 27 3 693 8 1 714 26 1 716 23 3 710 23 1 712 26 3 716 23 3 714 26 1 718 6 3 194 8 1 192 6 1 719 8 3 194 8 1 718 6 3 11 1 0 721 17 4 720 18 4 183 3 0 721 17 4 11 1 0 182 2 0 193 7 2 722 10 4 10 0 0 193 7 2 182 2 0 168 4 0 722 10 4 692 25 2 182 2 0 722 10 4 168 4 0 183 3 0 697 21 4 721 17 4 169 5 0 697 21 4 183 3 0 723 11 0 722 10 4 195 9 2 724 12 0 722 10 4 723 11 0 724 12 0 725 13 2 722 10 4 726 14 0 725 13 2 724 12 0 726 14 0 727 15 5 725 13 2 728 16 0 727 15 5 726 14 0 728 16 0 195 9 2 727 15 5 723 11 0 195 9 2 728 16 0 729 19 0 720 18 4 721 17 4 730 20 0 720 18 4 729 19 0 709 22 0 721 17 4 697 21 4 729 19 0 721 17 4 709 22 0 691 24 1 725 13 2 731 23 1 692 25 2 725 13 2 691 24 1 734 26 1 733 27 3 732 26 3 735 27 1 733 27 3 734 26 1 735 27 1 195 9 2 194 8 1 727 15 5 195 9 2 735 27 1 736 23 3 691 24 1 731 23 1 695 24 3 691 24 1 736 23 3 727 15 5 731 23 1 725 13 2 734 26 1 731 23 1 727 15 5 194 8 1 733 27 3 735 27 1 719 8 3 733 27 3 194 8 1 734 26 1 736 23 3 731 23 1 732 26 3 736 23 3 734 26 1 737 8 1 700 7 2 711 6 1 738 9 2 700 7 2 737 8 1 717 6 3 737 8 1 711 6 1 739 8 3 737 8 1 717 6 3 19 1 0 740 17 4 701 18 4 21 3 0 740 17 4 19 1 0 20 2 0 700 7 2 741 10 4 18 0 0 700 7 2 20 2 0 22 4 0 741 10 4 742 25 2 20 2 0 741 10 4 22 4 0 21 3 0 743 21 4 740 17 4 23 5 0 743 21 4 21 3 0 306 11 0 741 10 4 738 9 2 304 12 0 741 10 4 306 11 0 304 12 0 744 13 2 741 10 4 305 14 0 744 13 2 304 12 0 305 14 0 745 15 5 744 13 2 307 16 0 745 15 5 305 14 0 307 16 0 738 9 2 745 15 5 306 11 0 738 9 2 307 16 0 325 19 0 701 18 4 740 17 4 323 20 0 701 18 4 325 19 0 326 22 0 740 17 4 743 21 4 325 19 0 740 17 4 326 22 0 747 24 1 744 13 2 746 23 1 742 25 2 744 13 2 747 24 1 750 26 1 749 27 3 748 26 3 751 27 1 749 27 3 750 26 1 751 27 1 738 9 2 737 8 1 745 15 5 738 9 2 751 27 1 752 23 3 747 24 1 746 23 1 753 24 3 747 24 1 752 23 3 745 15 5 746 23 1 744 13 2 750 26 1 746 23 1 745 15 5 737 8 1 749 27 3 751 27 1 739 8 3 749 27 3 737 8 1 750 26 1 752 23 3 746 23 1 748 26 3 752 23 3 750 26 1 754 8 1 742 7 2 747 6 1 755 9 2 742 7 2 754 8 1 753 6 3 754 8 1 747 6 1 756 8 3 754 8 1 753 6 3 23 1 0 757 17 4 743 18 4 179 3 0 757 17 4 23 1 0 178 2 0 742 7 2 758 10 4 22 0 0 742 7 2 178 2 0 102 4 0 758 10 4 759 25 2 178 2 0 758 10 4 102 4 0 179 3 0 760 21 4 757 17 4 103 5 0 760 21 4 179 3 0 343 11 0 758 10 4 755 9 2 341 12 0 758 10 4 343 11 0 341 12 0 761 13 2 758 10 4 342 14 0 761 13 2 341 12 0 342 14 0 762 15 5 761 13 2 344 16 0 762 15 5 342 14 0 344 16 0 755 9 2 762 15 5 343 11 0 755 9 2 344 16 0 372 19 0 743 18 4 757 17 4 326 20 0 743 18 4 372 19 0 373 22 0 757 17 4 760 21 4 372 19 0 757 17 4 373 22 0 764 24 1 761 13 2 763 23 1 759 25 2 761 13 2 764 24 1 767 26 1 766 27 3 765 26 3 768 27 1 766 27 3 767 26 1 768 27 1 755 9 2 754 8 1 762 15 5 755 9 2 768 27 1 769 23 3 764 24 1 763 23 1 770 24 3 764 24 1 769 23 3 762 15 5 763 23 1 761 13 2 767 26 1 763 23 1 762 15 5 754 8 1 766 27 3 768 27 1 756 8 3 766 27 3 754 8 1 767 26 1 769 23 3 763 23 1 765 26 3 769 23 3 767 26 1 771 8 1 759 7 2 764 6 1 772 9 2 759 7 2 771 8 1 770 6 3 771 8 1 764 6 1 773 8 3 771 8 1 770 6 3 103 1 0 774 17 4 760 18 4 105 3 0 774 17 4 103 1 0 104 2 0 759 7 2 775 10 4 102 0 0 759 7 2 104 2 0 106 4 0 775 10 4 776 25 2 104 2 0 775 10 4 106 4 0 105 3 0 777 21 4 774 17 4 107 5 0 777 21 4 105 3 0 394 11 0 775 10 4 772 9 2 392 12 0 775 10 4 394 11 0 392 12 0 778 13 2 775 10 4 393 14 0 778 13 2 392 12 0 393 14 0 779 15 5 778 13 2 395 16 0 779 15 5 393 14 0 395 16 0 772 9 2 779 15 5 394 11 0 772 9 2 395 16 0 780 19 0 760 18 4 774 17 4 373 20 0 760 18 4 780 19 0 781 22 0 774 17 4 777 21 4 780 19 0 774 17 4 781 22 0 783 24 1 778 13 2 782 23 1 776 25 2 778 13 2 783 24 1 786 26 1 785 27 3 784 26 3 787 27 1 785 27 3 786 26 1 787 27 1 772 9 2 771 8 1 779 15 5 772 9 2 787 27 1 788 23 3 783 24 1 782 23 1 789 24 3 783 24 1 788 23 3 779 15 5 782 23 1 778 13 2 786 26 1 782 23 1 779 15 5 771 8 1 785 27 3 787 27 1 773 8 3 785 27 3 771 8 1 786 26 1 788 23 3 782 23 1 784 26 3 788 23 3 786 26 1 792 8 1 791 7 2 790 6 1 793 9 2 791 7 2 792 8 1 794 6 3 792 8 1 790 6 1 795 8 3 792 8 1 794 6 3 7 1 0 797 17 4 796 18 4 9 3 0 797 17 4 7 1 0 8 2 0 791 7 2 798 10 4 6 0 0 791 7 2 8 2 0 10 4 0 798 10 4 193 25 2 8 2 0 798 10 4 10 4 0 9 3 0 720 21 4 797 17 4 11 5 0 720 21 4 9 3 0 799 11 0 798 10 4 793 9 2 800 12 0 798 10 4 799 11 0 800 12 0 801 13 2 798 10 4 802 14 0 801 13 2 800 12 0 802 14 0 803 15 5 801 13 2 804 16 0 803 15 5 802 14 0 804 16 0 793 9 2 803 15 5 799 11 0 793 9 2 804 16 0 805 19 0 796 18 4 797 17 4 806 20 0 796 18 4 805 19 0 730 22 0 797 17 4 720 21 4 805 19 0 797 17 4 730 22 0 192 24 1 801 13 2 807 23 1 193 25 2 801 13 2 192 24 1 810 26 1 809 27 3 808 26 3 811 27 1 809 27 3 810 26 1 811 27 1 793 9 2 792 8 1 803 15 5 793 9 2 811 27 1 812 23 3 192 24 1 807 23 1 718 24 3 192 24 1 812 23 3 803 15 5 807 23 1 801 13 2 810 26 1 807 23 1 803 15 5 792 8 1 809 27 3 811 27 1 795 8 3 809 27 3 792 8 1 810 26 1 812 23 3 807 23 1 808 26 3 812 23 3 810 26 1 813 8 1 776 7 2 783 6 1 814 9 2 776 7 2 813 8 1 789 6 3 813 8 1 783 6 1 815 8 3 813 8 1 789 6 3 107 1 0 816 17 4 777 18 4 817 3 0 816 17 4 107 1 0 819 2 0 776 7 2 818 10 4 106 0 0 776 7 2 819 2 0 820 4 0 818 10 4 407 25 2 819 2 0 818 10 4 820 4 0 817 3 0 821 21 4 816 17 4 822 5 0 821 21 4 817 3 0 474 11 0 818 10 4 814 9 2 472 12 0 818 10 4 474 11 0 472 12 0 823 13 2 818 10 4 473 14 0 823 13 2 472 12 0 473 14 0 824 15 5 823 13 2 475 16 0 824 15 5 473 14 0 475 16 0 814 9 2 824 15 5 474 11 0 814 9 2 475 16 0 825 19 0 777 18 4 816 17 4 781 20 0 777 18 4 825 19 0 826 22 0 816 17 4 821 21 4 825 19 0 816 17 4 826 22 0 406 24 1 823 13 2 827 23 1 407 25 2 823 13 2 406 24 1 830 26 1 829 27 3 828 26 3 831 27 1 829 27 3 830 26 1 831 27 1 814 9 2 813 8 1 824 15 5 814 9 2 831 27 1 832 23 3 406 24 1 827 23 1 833 24 3 406 24 1 832 23 3 824 15 5 827 23 1 823 13 2 830 26 1 827 23 1 824 15 5 813 8 1 829 27 3 831 27 1 815 8 3 829 27 3 813 8 1 830 26 1 832 23 3 827 23 1 828 26 3 832 23 3 830 26 1 819 2 0 107 1 0 106 0 0 817 3 0 107 1 0 819 2 0 817 3 0 820 4 0 822 5 0 819 2 0 820 4 0 817 3 0 833 6 3 408 8 1 406 6 1 834 8 3 408 8 1 833 6 3 822 1 0 835 17 4 821 18 4 836 3 0 835 17 4 822 1 0 838 2 0 407 7 2 837 10 4 820 0 0 407 7 2 838 2 0 6 4 0 837 10 4 791 25 2 838 2 0 837 10 4 6 4 0 836 3 0 796 21 4 835 17 4 7 5 0 796 21 4 836 3 0 512 11 0 837 10 4 409 9 2 510 12 0 837 10 4 512 11 0 510 12 0 839 13 2 837 10 4 511 14 0 839 13 2 510 12 0 511 14 0 840 15 5 839 13 2 513 16 0 840 15 5 511 14 0 513 16 0 409 9 2 840 15 5 512 11 0 409 9 2 513 16 0 841 19 0 821 18 4 835 17 4 826 20 0 821 18 4 841 19 0 806 22 0 835 17 4 796 21 4 841 19 0 835 17 4 806 22 0 790 24 1 839 13 2 842 23 1 791 25 2 839 13 2 790 24 1 845 26 1 844 27 3 843 26 3 846 27 1 844 27 3 845 26 1 846 27 1 409 9 2 408 8 1 840 15 5 409 9 2 846 27 1 847 23 3 790 24 1 842 23 1 794 24 3 790 24 1 847 23 3 840 15 5 842 23 1 839 13 2 845 26 1 842 23 1 840 15 5 408 8 1 844 27 3 846 27 1 834 8 3 844 27 3 408 8 1 845 26 1 847 23 3 842 23 1 843 26 3 847 23 3 845 26 1 838 2 0 822 1 0 820 0 0 836 3 0 822 1 0 838 2 0 836 3 0 6 4 0 7 5 0 838 2 0 6 4 0 836 3 0 850 8 1 849 7 2 848 6 1 851 9 2 849 7 2 850 8 1 852 6 3 850 8 1 848 6 1 853 8 3 850 8 1 852 6 3 13 1 0 855 17 4 854 18 4 15 3 0 855 17 4 13 1 0 14 2 0 849 7 2 856 10 4 12 0 0 849 7 2 14 2 0 16 4 0 856 10 4 857 25 2 14 2 0 856 10 4 16 4 0 15 3 0 858 21 4 855 17 4 17 5 0 858 21 4 15 3 0 538 11 0 856 10 4 851 9 2 536 12 0 856 10 4 538 11 0 536 12 0 859 13 2 856 10 4 537 14 0 859 13 2 536 12 0 537 14 0 860 15 5 859 13 2 539 16 0 860 15 5 537 14 0 539 16 0 851 9 2 860 15 5 538 11 0 851 9 2 539 16 0 861 19 0 854 18 4 855 17 4 862 20 0 854 18 4 861 19 0 615 22 0 855 17 4 858 21 4 861 19 0 855 17 4 615 22 0 864 24 1 859 13 2 863 23 1 857 25 2 859 13 2 864 24 1 867 26 1 866 27 3 865 26 3 868 27 1 866 27 3 867 26 1 868 27 1 851 9 2 850 8 1 860 15 5 851 9 2 868 27 1 869 23 3 864 24 1 863 23 1 870 24 3 864 24 1 869 23 3 860 15 5 863 23 1 859 13 2 867 26 1 863 23 1 860 15 5 850 8 1 866 27 3 868 27 1 853 8 3 866 27 3 850 8 1 867 26 1 869 23 3 863 23 1 865 26 3 869 23 3 867 26 1 873 8 1 872 7 2 871 6 1 874 9 2 872 7 2 873 8 1 875 6 3 873 8 1 871 6 1 876 8 3 873 8 1 875 6 3 119 1 0 878 17 4 877 18 4 121 3 0 878 17 4 119 1 0 120 2 0 872 7 2 879 10 4 118 0 0 872 7 2 120 2 0 12 4 0 879 10 4 849 25 2 120 2 0 879 10 4 12 4 0 121 3 0 854 21 4 878 17 4 13 5 0 854 21 4 121 3 0 880 11 0 879 10 4 874 9 2 881 12 0 879 10 4 880 11 0 881 12 0 882 13 2 879 10 4 883 14 0 882 13 2 881 12 0 883 14 0 884 15 5 882 13 2 885 16 0 884 15 5 883 14 0 885 16 0 874 9 2 884 15 5 880 11 0 874 9 2 885 16 0 886 19 0 877 18 4 878 17 4 887 20 0 877 18 4 886 19 0 862 22 0 878 17 4 854 21 4 886 19 0 878 17 4 862 22 0 848 24 1 882 13 2 888 23 1 849 25 2 882 13 2 848 24 1 891 26 1 890 27 3 889 26 3 892 27 1 890 27 3 891 26 1 892 27 1 874 9 2 873 8 1 884 15 5 874 9 2 892 27 1 893 23 3 848 24 1 888 23 1 852 24 3 848 24 1 893 23 3 884 15 5 888 23 1 882 13 2 891 26 1 888 23 1 884 15 5 873 8 1 890 27 3 892 27 1 876 8 3 890 27 3 873 8 1 891 26 1 893 23 3 888 23 1 889 26 3 893 23 3 891 26 1 894 8 1 857 7 2 864 6 1 895 9 2 857 7 2 894 8 1 870 6 3 894 8 1 864 6 1 896 8 3 894 8 1 870 6 3 17 1 0 897 17 4 858 18 4 181 3 0 897 17 4 17 1 0 180 2 0 857 7 2 898 10 4 16 0 0 857 7 2 180 2 0 162 4 0 898 10 4 899 25 2 180 2 0 898 10 4 162 4 0 181 3 0 900 21 4 897 17 4 163 5 0 900 21 4 181 3 0 901 11 0 898 10 4 895 9 2 902 12 0 898 10 4 901 11 0 902 12 0 903 13 2 898 10 4 904 14 0 903 13 2 902 12 0 904 14 0 905 15 5 903 13 2 906 16 0 905 15 5 904 14 0 906 16 0 895 9 2 905 15 5 901 11 0 895 9 2 906 16 0 617 19 0 858 18 4 897 17 4 615 20 0 858 18 4 617 19 0 618 22 0 897 17 4 900 21 4 617 19 0 897 17 4 618 22 0 908 24 1 903 13 2 907 23 1 899 25 2 903 13 2 908 24 1 911 26 1 910 27 3 909 26 3 912 27 1 910 27 3 911 26 1 912 27 1 895 9 2 894 8 1 905 15 5 895 9 2 912 27 1 913 23 3 908 24 1 907 23 1 914 24 3 908 24 1 913 23 3 905 15 5 907 23 1 903 13 2 911 26 1 907 23 1 905 15 5 894 8 1 910 27 3 912 27 1 896 8 3 910 27 3 894 8 1 911 26 1 913 23 3 907 23 1 909 26 3 913 23 3 911 26 1 915 8 1 899 7 2 908 6 1 916 9 2 899 7 2 915 8 1 914 6 3 915 8 1 908 6 1 917 8 3 915 8 1 914 6 3 163 1 0 918 17 4 900 18 4 165 3 0 918 17 4 163 1 0 164 2 0 899 7 2 919 10 4 162 0 0 899 7 2 164 2 0 166 4 0 919 10 4 920 25 2 164 2 0 919 10 4 166 4 0 165 3 0 921 21 4 918 17 4 167 5 0 921 21 4 165 3 0 922 11 0 919 10 4 916 9 2 923 12 0 919 10 4 922 11 0 923 12 0 924 13 2 919 10 4 925 14 0 924 13 2 923 12 0 925 14 0 926 15 5 924 13 2 927 16 0 926 15 5 925 14 0 927 16 0 916 9 2 926 15 5 922 11 0 916 9 2 927 16 0 928 19 0 900 18 4 918 17 4 618 20 0 900 18 4 928 19 0 929 22 0 918 17 4 921 21 4 928 19 0 918 17 4 929 22 0 931 24 1 924 13 2 930 23 1 920 25 2 924 13 2 931 24 1 934 26 1 933 27 3 932 26 3 935 27 1 933 27 3 934 26 1 935 27 1 916 9 2 915 8 1 926 15 5 916 9 2 935 27 1 936 23 3 931 24 1 930 23 1 937 24 3 931 24 1 936 23 3 926 15 5 930 23 1 924 13 2 934 26 1 930 23 1 926 15 5 915 8 1 933 27 3 935 27 1 917 8 3 933 27 3 915 8 1 934 26 1 936 23 3 930 23 1 932 26 3 936 23 3 934 26 1 938 8 1 920 7 2 931 6 1 939 9 2 920 7 2 938 8 1 937 6 3 938 8 1 931 6 1 940 8 3 938 8 1 937 6 3 167 1 0 941 17 4 921 18 4 185 3 0 941 17 4 167 1 0 184 2 0 920 7 2 942 10 4 166 0 0 920 7 2 184 2 0 186 4 0 942 10 4 943 25 2 184 2 0 942 10 4 186 4 0 185 3 0 944 21 4 941 17 4 187 5 0 944 21 4 185 3 0 665 11 0 942 10 4 939 9 2 663 12 0 942 10 4 665 11 0 663 12 0 945 13 2 942 10 4 664 14 0 945 13 2 663 12 0 664 14 0 946 15 5 945 13 2 666 16 0 946 15 5 664 14 0 666 16 0 939 9 2 946 15 5 665 11 0 939 9 2 666 16 0 947 19 0 921 18 4 941 17 4 929 20 0 921 18 4 947 19 0 948 22 0 941 17 4 944 21 4 947 19 0 941 17 4 948 22 0 950 24 1 945 13 2 949 23 1 943 25 2 945 13 2 950 24 1 953 26 1 952 27 3 951 26 3 954 27 1 952 27 3 953 26 1 954 27 1 939 9 2 938 8 1 946 15 5 939 9 2 954 27 1 955 23 3 950 24 1 949 23 1 956 24 3 950 24 1 955 23 3 946 15 5 949 23 1 945 13 2 953 26 1 949 23 1 946 15 5 938 8 1 952 27 3 954 27 1 940 8 3 952 27 3 938 8 1 953 26 1 955 23 3 949 23 1 951 26 3 955 23 3 953 26 1 959 8 1 958 7 2 957 6 1 960 9 2 958 7 2 959 8 1 961 6 3 959 8 1 957 6 1 962 8 3 959 8 1 961 6 3 175 1 0 964 17 4 963 18 4 177 3 0 964 17 4 175 1 0 176 2 0 958 7 2 965 10 4 174 0 0 958 7 2 176 2 0 118 4 0 965 10 4 872 25 2 176 2 0 965 10 4 118 4 0 177 3 0 877 21 4 964 17 4 119 5 0 877 21 4 177 3 0 966 11 0 965 10 4 960 9 2 967 12 0 965 10 4 966 11 0 967 12 0 968 13 2 965 10 4 969 14 0 968 13 2 967 12 0 969 14 0 970 15 5 968 13 2 971 16 0 970 15 5 969 14 0 971 16 0 960 9 2 970 15 5 966 11 0 960 9 2 971 16 0 972 19 0 963 18 4 964 17 4 973 20 0 963 18 4 972 19 0 887 22 0 964 17 4 877 21 4 972 19 0 964 17 4 887 22 0 871 24 1 968 13 2 974 23 1 872 25 2 968 13 2 871 24 1 977 26 1 976 27 3 975 26 3 978 27 1 976 27 3 977 26 1 978 27 1 960 9 2 959 8 1 970 15 5 960 9 2 978 27 1 979 23 3 871 24 1 974 23 1 875 24 3 871 24 1 979 23 3 970 15 5 974 23 1 968 13 2 977 26 1 974 23 1 970 15 5 959 8 1 976 27 3 978 27 1 962 8 3 976 27 3 959 8 1 977 26 1 979 23 3 974 23 1 975 26 3 979 23 3 977 26 1 980 8 1 943 7 2 950 6 1 981 9 2 943 7 2 980 8 1 956 6 3 980 8 1 950 6 1 982 8 3 980 8 1 956 6 3 187 1 0 983 17 4 944 18 4 984 3 0 983 17 4 187 1 0 986 2 0 943 7 2 985 10 4 186 0 0 943 7 2 986 2 0 188 4 0 985 10 4 987 25 2 986 2 0 985 10 4 188 4 0 984 3 0 988 21 4 983 17 4 189 5 0 988 21 4 984 3 0 989 11 0 985 10 4 981 9 2 990 12 0 985 10 4 989 11 0 990 12 0 991 13 2 985 10 4 992 14 0 991 13 2 990 12 0 992 14 0 993 15 5 991 13 2 994 16 0 993 15 5 992 14 0 994 16 0 981 9 2 993 15 5 989 11 0 981 9 2 994 16 0 995 19 0 944 18 4 983 17 4 948 20 0 944 18 4 995 19 0 996 22 0 983 17 4 988 21 4 995 19 0 983 17 4 996 22 0 998 24 1 991 13 2 997 23 1 987 25 2 991 13 2 998 24 1 1001 26 1 1000 27 3 999 26 3 1002 27 1 1000 27 3 1001 26 1 1002 27 1 981 9 2 980 8 1 993 15 5 981 9 2 1002 27 1 1003 23 3 998 24 1 997 23 1 1004 24 3 998 24 1 1003 23 3 993 15 5 997 23 1 991 13 2 1001 26 1 997 23 1 993 15 5 980 8 1 1000 27 3 1002 27 1 982 8 3 1000 27 3 980 8 1 1001 26 1 1003 23 3 997 23 1 999 26 3 1003 23 3 1001 26 1 986 2 0 187 1 0 186 0 0 984 3 0 187 1 0 986 2 0 984 3 0 188 4 0 189 5 0 986 2 0 188 4 0 984 3 0 1005 8 1 987 7 2 998 6 1 1006 9 2 987 7 2 1005 8 1 1004 6 3 1005 8 1 998 6 1 1007 8 3 1005 8 1 1004 6 3 189 1 0 1008 17 4 988 18 4 191 3 0 1008 17 4 189 1 0 190 2 0 987 7 2 1009 10 4 188 0 0 987 7 2 190 2 0 174 4 0 1009 10 4 958 25 2 190 2 0 1009 10 4 174 4 0 191 3 0 963 21 4 1008 17 4 175 5 0 963 21 4 191 3 0 288 11 0 1009 10 4 1006 9 2 286 12 0 1009 10 4 288 11 0 286 12 0 1010 13 2 1009 10 4 287 14 0 1010 13 2 286 12 0 287 14 0 1011 15 5 1010 13 2 289 16 0 1011 15 5 287 14 0 289 16 0 1006 9 2 1011 15 5 288 11 0 1006 9 2 289 16 0 1012 19 0 988 18 4 1008 17 4 996 20 0 988 18 4 1012 19 0 973 22 0 1008 17 4 963 21 4 1012 19 0 1008 17 4 973 22 0 957 24 1 1010 13 2 1013 23 1 958 25 2 1010 13 2 957 24 1 1016 26 1 1015 27 3 1014 26 3 1017 27 1 1015 27 3 1016 26 1 1017 27 1 1006 9 2 1005 8 1 1011 15 5 1006 9 2 1017 27 1 1018 23 3 957 24 1 1013 23 1 961 24 3 957 24 1 1018 23 3 1011 15 5 1013 23 1 1010 13 2 1016 26 1 1013 23 1 1011 15 5 1005 8 1 1015 27 3 1017 27 1 1007 8 3 1015 27 3 1005 8 1 1016 26 1 1018 23 3 1013 23 1 1014 26 3 1018 23 3 1016 26 1 1021 8 1 1020 7 2 1019 6 1 1022 9 2 1020 7 2 1021 8 1 1023 6 3 1021 8 1 1019 6 1 1024 8 3 1021 8 1 1023 6 3 5 1 0 1026 17 4 1025 18 4 43 3 0 1026 17 4 5 1 0 42 2 0 1020 7 2 1027 10 4 4 0 0 1020 7 2 42 2 0 44 4 0 1027 10 4 1028 25 2 42 2 0 1027 10 4 44 4 0 43 3 0 1029 21 4 1026 17 4 45 5 0 1029 21 4 43 3 0 1030 11 0 1027 10 4 1022 9 2 1031 12 0 1027 10 4 1030 11 0 1031 12 0 1032 13 2 1027 10 4 1033 14 0 1032 13 2 1031 12 0 1033 14 0 1034 15 5 1032 13 2 1035 16 0 1034 15 5 1033 14 0 1035 16 0 1022 9 2 1034 15 5 1030 11 0 1022 9 2 1035 16 0 1036 19 0 1025 18 4 1026 17 4 1037 20 0 1025 18 4 1036 19 0 479 22 0 1026 17 4 1029 21 4 1036 19 0 1026 17 4 479 22 0 1039 24 1 1032 13 2 1038 23 1 1028 25 2 1032 13 2 1039 24 1 1042 26 1 1041 27 3 1040 26 3 1043 27 1 1041 27 3 1042 26 1 1043 27 1 1022 9 2 1021 8 1 1034 15 5 1022 9 2 1043 27 1 1044 23 3 1039 24 1 1038 23 1 1045 24 3 1039 24 1 1044 23 3 1034 15 5 1038 23 1 1032 13 2 1042 26 1 1038 23 1 1034 15 5 1021 8 1 1041 27 3 1043 27 1 1024 8 3 1041 27 3 1021 8 1 1042 26 1 1044 23 3 1038 23 1 1040 26 3 1044 23 3 1042 26 1 1048 8 1 1047 7 2 1046 6 1 1049 9 2 1047 7 2 1048 8 1 1050 6 3 1048 8 1 1046 6 1 1051 8 3 1048 8 1 1050 6 3 1 1 0 1053 17 4 1052 18 4 3 3 0 1053 17 4 1 1 0 2 2 0 1047 7 2 1054 10 4 0 0 0 1047 7 2 2 2 0 4 4 0 1054 10 4 1020 25 2 2 2 0 1054 10 4 4 4 0 3 3 0 1025 21 4 1053 17 4 5 5 0 1025 21 4 3 3 0 1055 11 0 1054 10 4 1049 9 2 1056 12 0 1054 10 4 1055 11 0 1056 12 0 1057 13 2 1054 10 4 1058 14 0 1057 13 2 1056 12 0 1058 14 0 1059 15 5 1057 13 2 1060 16 0 1059 15 5 1058 14 0 1060 16 0 1049 9 2 1059 15 5 1055 11 0 1049 9 2 1060 16 0 1061 19 0 1052 18 4 1053 17 4 1062 20 0 1052 18 4 1061 19 0 1037 22 0 1053 17 4 1025 21 4 1061 19 0 1053 17 4 1037 22 0 1019 24 1 1057 13 2 1063 23 1 1020 25 2 1057 13 2 1019 24 1 1066 26 1 1065 27 3 1064 26 3 1067 27 1 1065 27 3 1066 26 1 1067 27 1 1049 9 2 1048 8 1 1059 15 5 1049 9 2 1067 27 1 1068 23 3 1019 24 1 1063 23 1 1023 24 3 1019 24 1 1068 23 3 1059 15 5 1063 23 1 1057 13 2 1066 26 1 1063 23 1 1059 15 5 1048 8 1 1065 27 3 1067 27 1 1051 8 3 1065 27 3 1048 8 1 1066 26 1 1068 23 3 1063 23 1 1064 26 3 1068 23 3 1066 26 1 1069 8 1 1028 7 2 1039 6 1 1070 9 2 1028 7 2 1069 8 1 1045 6 3 1069 8 1 1039 6 1 1071 8 3 1069 8 1 1045 6 3 45 1 0 1072 17 4 1029 18 4 159 3 0 1072 17 4 45 1 0 158 2 0 1028 7 2 1073 10 4 44 0 0 1028 7 2 158 2 0 160 4 0 1073 10 4 1074 25 2 158 2 0 1073 10 4 160 4 0 159 3 0 1075 21 4 1072 17 4 161 5 0 1075 21 4 159 3 0 448 11 0 1073 10 4 1070 9 2 446 12 0 1073 10 4 448 11 0 446 12 0 1076 13 2 1073 10 4 447 14 0 1076 13 2 446 12 0 447 14 0 1077 15 5 1076 13 2 449 16 0 1077 15 5 447 14 0 449 16 0 1070 9 2 1077 15 5 448 11 0 1070 9 2 449 16 0 481 19 0 1029 18 4 1072 17 4 479 20 0 1029 18 4 481 19 0 482 22 0 1072 17 4 1075 21 4 481 19 0 1072 17 4 482 22 0 1079 24 1 1076 13 2 1078 23 1 1074 25 2 1076 13 2 1079 24 1 1082 26 1 1081 27 3 1080 26 3 1083 27 1 1081 27 3 1082 26 1 1083 27 1 1070 9 2 1069 8 1 1077 15 5 1070 9 2 1083 27 1 1084 23 3 1079 24 1 1078 23 1 1085 24 3 1079 24 1 1084 23 3 1077 15 5 1078 23 1 1076 13 2 1082 26 1 1078 23 1 1077 15 5 1069 8 1 1081 27 3 1083 27 1 1071 8 3 1081 27 3 1069 8 1 1082 26 1 1084 23 3 1078 23 1 1080 26 3 1084 23 3 1082 26 1 1086 8 1 1074 7 2 1079 6 1 1087 9 2 1074 7 2 1086 8 1 1085 6 3 1086 8 1 1079 6 1 1088 8 3 1086 8 1 1085 6 3 161 1 0 1089 17 4 1075 18 4 173 3 0 1089 17 4 161 1 0 172 2 0 1074 7 2 1090 10 4 160 0 0 1074 7 2 172 2 0 152 4 0 1090 10 4 1091 25 2 172 2 0 1090 10 4 152 4 0 173 3 0 1092 21 4 1089 17 4 153 5 0 1092 21 4 173 3 0 501 11 0 1090 10 4 1087 9 2 499 12 0 1090 10 4 501 11 0 499 12 0 517 13 2 1090 10 4 500 14 0 517 13 2 499 12 0 99 3 0 1094 21 4 1093 17 4 101 5 0 1094 21 4 99 3 0 502 16 0 1087 9 2 518 15 5 501 11 0 1087 9 2 502 16 0 525 19 0 1075 18 4 1089 17 4 482 20 0 1075 18 4 525 19 0 526 22 0 1089 17 4 1092 21 4 525 19 0 1089 17 4 526 22 0 1096 24 1 517 13 2 1095 23 1 1091 25 2 517 13 2 1096 24 1 1099 26 1 1098 27 3 1097 26 3 1100 27 1 1098 27 3 1099 26 1 1100 27 1 1087 9 2 1086 8 1 518 15 5 1087 9 2 1100 27 1 1101 23 3 1096 24 1 1095 23 1 1102 24 3 1096 24 1 1101 23 3 518 15 5 1095 23 1 517 13 2 1099 26 1 1095 23 1 518 15 5 1086 8 1 1098 27 3 1100 27 1 1088 8 3 1098 27 3 1086 8 1 1099 26 1 1101 23 3 1095 23 1 1097 26 3 1101 23 3 1099 26 1 1103 8 1 1091 7 2 1096 6 1 1104 9 2 1091 7 2 1103 8 1 1102 6 3 1103 8 1 1096 6 1 1105 8 3 1103 8 1 1102 6 3 153 1 0 1106 17 4 1092 18 4 155 3 0 1106 17 4 153 1 0 154 2 0 1091 7 2 1107 10 4 152 0 0 1091 7 2 154 2 0 156 4 0 1107 10 4 1108 25 2 154 2 0 1107 10 4 156 4 0 155 3 0 1109 21 4 1106 17 4 157 5 0 1109 21 4 155 3 0 544 11 0 1107 10 4 1104 9 2 542 12 0 1107 10 4 544 11 0 542 12 0 1110 13 2 1107 10 4 543 14 0 1110 13 2 542 12 0 543 14 0 1111 15 5 1110 13 2 545 16 0 1111 15 5 543 14 0 545 16 0 1104 9 2 1111 15 5 544 11 0 1104 9 2 545 16 0 1112 19 0 1092 18 4 1106 17 4 526 20 0 1092 18 4 1112 19 0 1113 22 0 1106 17 4 1109 21 4 1112 19 0 1106 17 4 1113 22 0 1115 24 1 1110 13 2 1114 23 1 1108 25 2 1110 13 2 1115 24 1 1118 26 1 1117 27 3 1116 26 3 1119 27 1 1117 27 3 1118 26 1 1119 27 1 1104 9 2 1103 8 1 1111 15 5 1104 9 2 1119 27 1 1120 23 3 1115 24 1 1114 23 1 1121 24 3 1115 24 1 1120 23 3 1111 15 5 1114 23 1 1110 13 2 1118 26 1 1114 23 1 1111 15 5 1103 8 1 1117 27 3 1119 27 1 1105 8 3 1117 27 3 1103 8 1 1118 26 1 1120 23 3 1114 23 1 1116 26 3 1120 23 3 1118 26 1 1124 8 1 1123 7 2 1122 6 1 1125 9 2 1123 7 2 1124 8 1 1126 6 3 1124 8 1 1122 6 1 1127 8 3 1124 8 1 1126 6 3 149 1 0 1129 17 4 1128 18 4 151 3 0 1129 17 4 149 1 0 150 2 0 1123 7 2 1130 10 4 148 0 0 1123 7 2 150 2 0 0 4 0 1130 10 4 1047 25 2 150 2 0 1130 10 4 0 4 0 151 3 0 1052 21 4 1129 17 4 1 5 0 1052 21 4 151 3 0 1131 11 0 1130 10 4 1125 9 2 1132 12 0 1130 10 4 1131 11 0 1132 12 0 1133 13 2 1130 10 4 1134 14 0 1133 13 2 1132 12 0 1134 14 0 1135 15 5 1133 13 2 1136 16 0 1135 15 5 1134 14 0 1136 16 0 1125 9 2 1135 15 5 1131 11 0 1125 9 2 1136 16 0 1137 19 0 1128 18 4 1129 17 4 1138 20 0 1128 18 4 1137 19 0 1062 22 0 1129 17 4 1052 21 4 1137 19 0 1129 17 4 1062 22 0 1046 24 1 1133 13 2 1139 23 1 1047 25 2 1133 13 2 1046 24 1 1142 26 1 1141 27 3 1140 26 3 1143 27 1 1141 27 3 1142 26 1 1143 27 1 1125 9 2 1124 8 1 1135 15 5 1125 9 2 1143 27 1 1144 23 3 1046 24 1 1139 23 1 1050 24 3 1046 24 1 1144 23 3 1135 15 5 1139 23 1 1133 13 2 1142 26 1 1139 23 1 1135 15 5 1124 8 1 1141 27 3 1143 27 1 1127 8 3 1141 27 3 1124 8 1 1142 26 1 1144 23 3 1139 23 1 1140 26 3 1144 23 3 1142 26 1 1145 8 1 1108 7 2 1115 6 1 1146 9 2 1108 7 2 1145 8 1 1121 6 3 1145 8 1 1115 6 1 1147 8 3 1145 8 1 1121 6 3 157 1 0 1148 17 4 1109 18 4 1149 3 0 1148 17 4 157 1 0 1151 2 0 1108 7 2 1150 10 4 156 0 0 1108 7 2 1151 2 0 1153 4 0 1150 10 4 1152 25 2 1151 2 0 1150 10 4 1153 4 0 1149 3 0 1154 21 4 1148 17 4 1155 5 0 1154 21 4 1149 3 0 623 11 0 1150 10 4 1146 9 2 621 12 0 1150 10 4 623 11 0 621 12 0 1156 13 2 1150 10 4 622 14 0 1156 13 2 621 12 0 622 14 0 1157 15 5 1156 13 2 624 16 0 1157 15 5 622 14 0 624 16 0 1146 9 2 1157 15 5 623 11 0 1146 9 2 624 16 0 1158 19 0 1109 18 4 1148 17 4 1113 20 0 1109 18 4 1158 19 0 1159 22 0 1148 17 4 1154 21 4 1158 19 0 1148 17 4 1159 22 0 1161 24 1 1156 13 2 1160 23 1 1152 25 2 1156 13 2 1161 24 1 1164 26 1 1163 27 3 1162 26 3 1165 27 1 1163 27 3 1164 26 1 1165 27 1 1146 9 2 1145 8 1 1157 15 5 1146 9 2 1165 27 1 1166 23 3 1161 24 1 1160 23 1 1167 24 3 1161 24 1 1166 23 3 1157 15 5 1160 23 1 1156 13 2 1164 26 1 1160 23 1 1157 15 5 1145 8 1 1163 27 3 1165 27 1 1147 8 3 1163 27 3 1145 8 1 1164 26 1 1166 23 3 1160 23 1 1162 26 3 1166 23 3 1164 26 1 1151 2 0 157 1 0 156 0 0 1149 3 0 157 1 0 1151 2 0 1149 3 0 1153 4 0 1155 5 0 1151 2 0 1153 4 0 1149 3 0 1168 8 1 1152 7 2 1161 6 1 1169 9 2 1152 7 2 1168 8 1 1167 6 3 1168 8 1 1161 6 1 1170 8 3 1168 8 1 1167 6 3 1155 1 0 1171 17 4 1154 18 4 1172 3 0 1171 17 4 1155 1 0 1174 2 0 1152 7 2 1173 10 4 1153 0 0 1152 7 2 1174 2 0 148 4 0 1173 10 4 1123 25 2 1174 2 0 1173 10 4 148 4 0 1172 3 0 1128 21 4 1171 17 4 149 5 0 1128 21 4 1172 3 0 669 11 0 1173 10 4 1169 9 2 667 12 0 1173 10 4 669 11 0 667 12 0 1175 13 2 1173 10 4 668 14 0 1175 13 2 667 12 0 668 14 0 1176 15 5 1175 13 2 670 16 0 1176 15 5 668 14 0 670 16 0 1169 9 2 1176 15 5 669 11 0 1169 9 2 670 16 0 1177 19 0 1154 18 4 1171 17 4 1159 20 0 1154 18 4 1177 19 0 1138 22 0 1171 17 4 1128 21 4 1177 19 0 1171 17 4 1138 22 0 1122 24 1 1175 13 2 1178 23 1 1123 25 2 1175 13 2 1122 24 1 1181 26 1 1180 27 3 1179 26 3 1182 27 1 1180 27 3 1181 26 1 1182 27 1 1169 9 2 1168 8 1 1176 15 5 1169 9 2 1182 27 1 1183 23 3 1122 24 1 1178 23 1 1126 24 3 1122 24 1 1183 23 3 1176 15 5 1178 23 1 1175 13 2 1181 26 1 1178 23 1 1176 15 5 1168 8 1 1180 27 3 1182 27 1 1170 8 3 1180 27 3 1168 8 1 1181 26 1 1183 23 3 1178 23 1 1179 26 3 1183 23 3 1181 26 1 1174 2 0 1155 1 0 1153 0 0 1172 3 0 1155 1 0 1174 2 0 1172 3 0 148 4 0 149 5 0 1174 2 0 148 4 0 1172 3 0 1186 8 1 1185 7 2 1184 6 1 1187 9 2 1185 7 2 1186 8 1 1188 6 3 1186 8 1 1184 6 1 1189 8 3 1186 8 1 1188 6 3 145 1 0 1191 17 4 1190 18 4 147 3 0 1191 17 4 145 1 0 146 2 0 1185 7 2 1192 10 4 144 0 0 1185 7 2 146 2 0 138 4 0 1192 10 4 1193 25 2 146 2 0 1192 10 4 138 4 0 147 3 0 1194 21 4 1191 17 4 139 5 0 1194 21 4 147 3 0 689 11 0 1192 10 4 1187 9 2 687 12 0 1192 10 4 689 11 0 687 12 0 1195 13 2 1192 10 4 688 14 0 1195 13 2 687 12 0 688 14 0 1196 15 5 1195 13 2 690 16 0 1196 15 5 688 14 0 690 16 0 1187 9 2 1196 15 5 689 11 0 1187 9 2 690 16 0 232 19 0 1190 18 4 1191 17 4 230 20 0 1190 18 4 232 19 0 233 22 0 1191 17 4 1194 21 4 232 19 0 1191 17 4 233 22 0 1198 24 1 1195 13 2 1197 23 1 1193 25 2 1195 13 2 1198 24 1 1201 26 1 1200 27 3 1199 26 3 1202 27 1 1200 27 3 1201 26 1 1202 27 1 1187 9 2 1186 8 1 1196 15 5 1187 9 2 1202 27 1 1203 23 3 1198 24 1 1197 23 1 1204 24 3 1198 24 1 1203 23 3 1196 15 5 1197 23 1 1195 13 2 1201 26 1 1197 23 1 1196 15 5 1186 8 1 1200 27 3 1202 27 1 1189 8 3 1200 27 3 1186 8 1 1201 26 1 1203 23 3 1197 23 1 1199 26 3 1203 23 3 1201 26 1 1205 8 1 320 7 2 586 6 1 1206 9 2 320 7 2 1205 8 1 678 6 3 1205 8 1 586 6 1 1207 8 3 1205 8 1 678 6 3 133 1 0 1208 17 4 345 18 4 143 3 0 1208 17 4 133 1 0 142 2 0 320 7 2 1209 10 4 132 0 0 320 7 2 142 2 0 144 4 0 1209 10 4 1185 25 2 142 2 0 1209 10 4 144 4 0 143 3 0 1190 21 4 1208 17 4 145 5 0 1190 21 4 143 3 0 1210 11 0 1209 10 4 1206 9 2 1211 12 0 1209 10 4 1210 11 0 1211 12 0 1212 13 2 1209 10 4 1213 14 0 1212 13 2 1211 12 0 1213 14 0 1214 15 5 1212 13 2 1215 16 0 1214 15 5 1213 14 0 1215 16 0 1206 9 2 1214 15 5 1210 11 0 1206 9 2 1215 16 0 309 19 0 345 18 4 1208 17 4 308 20 0 345 18 4 309 19 0 230 22 0 1208 17 4 1190 21 4 309 19 0 1208 17 4 230 22 0 1184 24 1 1212 13 2 1216 23 1 1185 25 2 1212 13 2 1184 24 1 1219 26 1 1218 27 3 1217 26 3 1220 27 1 1218 27 3 1219 26 1 1220 27 1 1206 9 2 1205 8 1 1214 15 5 1206 9 2 1220 27 1 1221 23 3 1184 24 1 1216 23 1 1188 24 3 1184 24 1 1221 23 3 1214 15 5 1216 23 1 1212 13 2 1219 26 1 1216 23 1 1214 15 5 1205 8 1 1218 27 3 1220 27 1 1207 8 3 1218 27 3 1205 8 1 1219 26 1 1221 23 3 1216 23 1 1217 26 3 1221 23 3 1219 26 1 1222 8 1 1193 7 2 1198 6 1 1223 9 2 1193 7 2 1222 8 1 1204 6 3 1222 8 1 1198 6 1 1224 8 3 1222 8 1 1204 6 3 139 1 0 1225 17 4 1194 18 4 141 3 0 1225 17 4 139 1 0 140 2 0 1193 7 2 1226 10 4 138 0 0 1193 7 2 140 2 0 134 4 0 1226 10 4 1227 25 2 140 2 0 1226 10 4 134 4 0 141 3 0 1228 21 4 1225 17 4 135 5 0 1228 21 4 141 3 0 335 11 0 1226 10 4 1223 9 2 333 12 0 1226 10 4 335 11 0 333 12 0 1229 13 2 1226 10 4 334 14 0 1229 13 2 333 12 0 334 14 0 1230 15 5 1229 13 2 336 16 0 1230 15 5 334 14 0 336 16 0 1223 9 2 1230 15 5 335 11 0 1223 9 2 336 16 0 1231 19 0 1194 18 4 1225 17 4 233 20 0 1194 18 4 1231 19 0 460 22 0 1225 17 4 1228 21 4 1231 19 0 1225 17 4 460 22 0 1233 24 1 1229 13 2 1232 23 1 1227 25 2 1229 13 2 1233 24 1 1236 26 1 1235 27 3 1234 26 3 1237 27 1 1235 27 3 1236 26 1 1237 27 1 1223 9 2 1222 8 1 1230 15 5 1223 9 2 1237 27 1 1238 23 3 1233 24 1 1232 23 1 1239 24 3 1233 24 1 1238 23 3 1230 15 5 1232 23 1 1229 13 2 1236 26 1 1232 23 1 1230 15 5 1222 8 1 1235 27 3 1237 27 1 1224 8 3 1235 27 3 1222 8 1 1236 26 1 1238 23 3 1232 23 1 1234 26 3 1238 23 3 1236 26 1 1240 8 1 1227 7 2 1233 6 1 1241 9 2 1227 7 2 1240 8 1 1239 6 3 1240 8 1 1233 6 1 1242 8 3 1240 8 1 1239 6 3 135 1 0 1243 17 4 1228 18 4 137 3 0 1243 17 4 135 1 0 136 2 0 1227 7 2 1244 10 4 134 0 0 1227 7 2 136 2 0 90 4 0 1244 10 4 1245 25 2 136 2 0 1244 10 4 90 4 0 137 3 0 1246 21 4 1243 17 4 91 5 0 1246 21 4 137 3 0 416 11 0 1244 10 4 1241 9 2 414 12 0 1244 10 4 416 11 0 414 12 0 1247 13 2 1244 10 4 415 14 0 1247 13 2 414 12 0 415 14 0 1248 15 5 1247 13 2 417 16 0 1248 15 5 415 14 0 417 16 0 1241 9 2 1248 15 5 416 11 0 1241 9 2 417 16 0 461 19 0 1228 18 4 1243 17 4 460 20 0 1228 18 4 461 19 0 462 22 0 1243 17 4 1246 21 4 461 19 0 1243 17 4 462 22 0 346 24 1 1247 13 2 1249 23 1 1245 25 2 1247 13 2 346 24 1 1252 26 1 1251 27 3 1250 26 3 1253 27 1 1251 27 3 1252 26 1 1253 27 1 1241 9 2 1240 8 1 1248 15 5 1241 9 2 1253 27 1 1254 23 3 346 24 1 1249 23 1 348 24 3 346 24 1 1254 23 3 1248 15 5 1249 23 1 1247 13 2 1252 26 1 1249 23 1 1248 15 5 1240 8 1 1251 27 3 1253 27 1 1242 8 3 1251 27 3 1240 8 1 1252 26 1 1254 23 3 1249 23 1 1250 26 3 1254 23 3 1252 26 1 197 8 1 612 27 3 614 27 1 199 8 3 612 27 3 197 8 1 1255 8 1 572 7 2 632 6 1 1256 9 2 572 7 2 1255 8 1 650 6 3 1255 8 1 632 6 1 1257 8 3 1255 8 1 650 6 3 29 1 0 1258 17 4 573 18 4 129 3 0 1258 17 4 29 1 0 128 2 0 572 7 2 1259 10 4 28 0 0 572 7 2 128 2 0 122 4 0 1259 10 4 1260 25 2 128 2 0 1259 10 4 122 4 0 129 3 0 1261 21 4 1258 17 4 123 5 0 1261 21 4 129 3 0 613 26 1 677 23 3 585 23 1 611 26 3 677 23 3 613 26 1 584 14 0 1262 15 5 583 13 2 1263 16 0 1262 15 5 584 14 0 1264 11 0 1259 10 4 1256 9 2 1265 12 0 1259 10 4 1264 11 0 1265 12 0 1266 13 2 1259 10 4 1267 14 0 1266 13 2 1265 12 0 1267 14 0 1268 15 5 1266 13 2 1269 16 0 1268 15 5 1267 14 0 1269 16 0 1256 9 2 1268 15 5 1264 11 0 1256 9 2 1269 16 0 1270 19 0 573 18 4 1258 17 4 610 20 0 573 18 4 1270 19 0 1271 22 0 1258 17 4 1261 21 4 1270 19 0 1258 17 4 1271 22 0 1263 16 0 426 9 2 1262 15 5 428 11 0 426 9 2 1263 16 0 1273 24 1 1266 13 2 1272 23 1 1260 25 2 1266 13 2 1273 24 1 1276 26 1 1275 27 3 1274 26 3 1277 27 1 1275 27 3 1276 26 1 1277 27 1 1256 9 2 1255 8 1 1268 15 5 1256 9 2 1277 27 1 1278 23 3 1273 24 1 1272 23 1 1279 24 3 1273 24 1 1278 23 3 1268 15 5 1272 23 1 1266 13 2 1276 26 1 1272 23 1 1268 15 5 1255 8 1 1275 27 3 1277 27 1 1257 8 3 1275 27 3 1255 8 1 1276 26 1 1278 23 3 1272 23 1 1274 26 3 1278 23 3 1276 26 1 1281 19 0 1246 18 4 1280 17 4 462 20 0 1246 18 4 1281 19 0 1283 22 0 1280 17 4 1282 21 4 1281 19 0 1280 17 4 1283 22 0 1284 8 1 1260 7 2 1273 6 1 1285 9 2 1260 7 2 1284 8 1 1279 6 3 1284 8 1 1273 6 1 1286 8 3 1284 8 1 1279 6 3 123 1 0 1287 17 4 1261 18 4 125 3 0 1287 17 4 123 1 0 124 2 0 1260 7 2 1288 10 4 122 0 0 1260 7 2 124 2 0 126 4 0 1288 10 4 1289 25 2 124 2 0 1288 10 4 126 4 0 125 3 0 1290 21 4 1287 17 4 127 5 0 1290 21 4 125 3 0 1293 8 1 1292 7 2 1291 6 1 1294 9 2 1292 7 2 1293 8 1 1295 6 3 1293 8 1 1291 6 1 1296 8 3 1293 8 1 1295 6 3 1297 11 0 1288 10 4 1285 9 2 1298 12 0 1288 10 4 1297 11 0 1298 12 0 1299 13 2 1288 10 4 1300 14 0 1299 13 2 1298 12 0 1300 14 0 1301 15 5 1299 13 2 1302 16 0 1301 15 5 1300 14 0 1302 16 0 1285 9 2 1301 15 5 1297 11 0 1285 9 2 1302 16 0 1303 19 0 1261 18 4 1287 17 4 1271 20 0 1261 18 4 1303 19 0 1304 22 0 1287 17 4 1290 21 4 1303 19 0 1287 17 4 1304 22 0 95 1 0 1305 17 4 1282 18 4 117 3 0 1305 17 4 95 1 0 1307 24 1 1299 13 2 1306 23 1 1289 25 2 1299 13 2 1307 24 1 1310 26 1 1309 27 3 1308 26 3 1311 27 1 1309 27 3 1310 26 1 1311 27 1 1285 9 2 1284 8 1 1301 15 5 1285 9 2 1311 27 1 1312 23 3 1307 24 1 1306 23 1 1313 24 3 1307 24 1 1312 23 3 1301 15 5 1306 23 1 1299 13 2 1310 26 1 1306 23 1 1301 15 5 1284 8 1 1309 27 3 1311 27 1 1286 8 3 1309 27 3 1284 8 1 1310 26 1 1312 23 3 1306 23 1 1308 26 3 1312 23 3 1310 26 1 116 2 0 1292 7 2 1314 10 4 94 0 0 1292 7 2 116 2 0 84 4 0 1314 10 4 1315 25 2 116 2 0 1314 10 4 84 4 0 117 3 0 1316 21 4 1305 17 4 85 5 0 1316 21 4 117 3 0 91 1 0 1280 17 4 1246 18 4 93 3 0 1280 17 4 91 1 0 1319 8 1 1318 7 2 1317 6 1 1320 9 2 1318 7 2 1319 8 1 1321 6 3 1319 8 1 1317 6 1 1322 8 3 1319 8 1 1321 6 3 1325 1 0 1324 17 4 1323 18 4 1326 3 0 1324 17 4 1325 1 0 1328 2 0 1318 7 2 1327 10 4 1329 0 0 1318 7 2 1328 2 0 404 4 0 1327 10 4 366 25 2 1328 2 0 1327 10 4 404 4 0 1326 3 0 382 21 4 1324 17 4 384 5 0 382 21 4 1326 3 0 1291 24 1 583 13 2 1330 23 1 1292 25 2 583 13 2 1291 24 1 1331 11 0 1314 10 4 1294 9 2 1332 12 0 1314 10 4 1331 11 0 1333 11 0 1327 10 4 1320 9 2 1334 12 0 1327 10 4 1333 11 0 1334 12 0 1335 13 2 1327 10 4 1336 14 0 1335 13 2 1334 12 0 1336 14 0 1337 15 5 1335 13 2 1338 16 0 1337 15 5 1336 14 0 1338 16 0 1320 9 2 1337 15 5 1333 11 0 1320 9 2 1338 16 0 605 19 0 1323 18 4 1324 17 4 603 20 0 1323 18 4 605 19 0 455 22 0 1324 17 4 382 21 4 605 19 0 1324 17 4 455 22 0 1332 12 0 1339 13 2 1314 10 4 1340 14 0 1339 13 2 1332 12 0 365 24 1 1335 13 2 1341 23 1 366 25 2 1335 13 2 365 24 1 1344 26 1 1343 27 3 1342 26 3 1345 27 1 1343 27 3 1344 26 1 1345 27 1 1320 9 2 1319 8 1 1337 15 5 1320 9 2 1345 27 1 1346 23 3 365 24 1 1341 23 1 369 24 3 365 24 1 1346 23 3 1337 15 5 1341 23 1 1335 13 2 1344 26 1 1341 23 1 1337 15 5 1319 8 1 1343 27 3 1345 27 1 1322 8 3 1343 27 3 1319 8 1 1344 26 1 1346 23 3 1341 23 1 1342 26 3 1346 23 3 1344 26 1 1340 14 0 1347 15 5 1339 13 2 1348 16 0 1347 15 5 1340 14 0 1348 16 0 1294 9 2 1347 15 5 1331 11 0 1294 9 2 1348 16 0 1349 19 0 1282 18 4 1305 17 4 1283 20 0 1282 18 4 1349 19 0 1328 2 0 1325 1 0 1329 0 0 1326 3 0 1325 1 0 1328 2 0 1326 3 0 404 4 0 384 5 0 1328 2 0 404 4 0 1326 3 0 1350 22 0 1305 17 4 1316 21 4 1349 19 0 1305 17 4 1350 22 0 1351 8 1 1289 7 2 1307 6 1 1352 9 2 1289 7 2 1351 8 1 1313 6 3 1351 8 1 1307 6 1 1353 8 3 1351 8 1 1313 6 3 127 1 0 1354 17 4 1290 18 4 1355 3 0 1354 17 4 127 1 0 1357 2 0 1289 7 2 1356 10 4 126 0 0 1289 7 2 1357 2 0 1359 4 0 1356 10 4 1358 25 2 1357 2 0 1356 10 4 1359 4 0 1355 3 0 1360 21 4 1354 17 4 1361 5 0 1360 21 4 1355 3 0 1364 26 1 1363 27 3 1362 26 3 1365 27 1 1363 27 3 1364 26 1 1367 24 1 1339 13 2 1366 23 1 1315 25 2 1339 13 2 1367 24 1 1368 11 0 1356 10 4 1352 9 2 1369 12 0 1356 10 4 1368 11 0 1369 12 0 1370 13 2 1356 10 4 1371 14 0 1370 13 2 1369 12 0 1371 14 0 1372 15 5 1370 13 2 1373 16 0 1372 15 5 1371 14 0 1373 16 0 1352 9 2 1372 15 5 1368 11 0 1352 9 2 1373 16 0 1374 19 0 1290 18 4 1354 17 4 1304 20 0 1290 18 4 1374 19 0 1375 22 0 1354 17 4 1360 21 4 1374 19 0 1354 17 4 1375 22 0 1378 26 1 1377 27 3 1376 26 3 1379 27 1 1377 27 3 1378 26 1 1381 24 1 1370 13 2 1380 23 1 1358 25 2 1370 13 2 1381 24 1 1384 26 1 1383 27 3 1382 26 3 1385 27 1 1383 27 3 1384 26 1 1385 27 1 1352 9 2 1351 8 1 1372 15 5 1352 9 2 1385 27 1 1386 23 3 1381 24 1 1380 23 1 1387 24 3 1381 24 1 1386 23 3 1372 15 5 1380 23 1 1370 13 2 1384 26 1 1380 23 1 1372 15 5 1351 8 1 1383 27 3 1385 27 1 1353 8 3 1383 27 3 1351 8 1 1384 26 1 1386 23 3 1380 23 1 1382 26 3 1386 23 3 1384 26 1 1379 27 1 1294 9 2 1293 8 1 1347 15 5 1294 9 2 1379 27 1 1388 23 3 1367 24 1 1366 23 1 1389 24 3 1367 24 1 1388 23 3 1347 15 5 1366 23 1 1339 13 2 1378 26 1 1366 23 1 1347 15 5 1357 2 0 127 1 0 126 0 0 1355 3 0 127 1 0 1357 2 0 1355 3 0 1359 4 0 1361 5 0 1357 2 0 1359 4 0 1355 3 0 1293 8 1 1377 27 3 1379 27 1 1296 8 3 1377 27 3 1293 8 1 1390 8 1 1358 7 2 1381 6 1 1391 9 2 1358 7 2 1390 8 1 1387 6 3 1390 8 1 1381 6 1 1392 8 3 1390 8 1 1387 6 3 1361 1 0 1393 17 4 1360 18 4 1394 3 0 1393 17 4 1361 1 0 1396 2 0 1358 7 2 1395 10 4 1359 0 0 1358 7 2 1396 2 0 1329 4 0 1395 10 4 1318 25 2 1396 2 0 1395 10 4 1329 4 0 1394 3 0 1323 21 4 1393 17 4 1325 5 0 1323 21 4 1394 3 0 1378 26 1 1388 23 3 1366 23 1 1376 26 3 1388 23 3 1378 26 1 1365 27 1 426 9 2 347 8 1 1262 15 5 426 9 2 1365 27 1 628 11 0 1395 10 4 1391 9 2 626 12 0 1395 10 4 628 11 0 626 12 0 1397 13 2 1395 10 4 627 14 0 1397 13 2 626 12 0 627 14 0 1398 15 5 1397 13 2 629 16 0 1398 15 5 627 14 0 629 16 0 1391 9 2 1398 15 5 628 11 0 1391 9 2 629 16 0 1399 19 0 1360 18 4 1393 17 4 1375 20 0 1360 18 4 1399 19 0 603 22 0 1393 17 4 1323 21 4 1399 19 0 1393 17 4 603 22 0 1400 23 3 1291 24 1 1330 23 1 1295 24 3 1291 24 1 1400 23 3 1317 24 1 1397 13 2 1401 23 1 1318 25 2 1397 13 2 1317 24 1 1404 26 1 1403 27 3 1402 26 3 1405 27 1 1403 27 3 1404 26 1 1405 27 1 1391 9 2 1390 8 1 1398 15 5 1391 9 2 1405 27 1 1406 23 3 1317 24 1 1401 23 1 1321 24 3 1317 24 1 1406 23 3 1398 15 5 1401 23 1 1397 13 2 1404 26 1 1401 23 1 1398 15 5 1390 8 1 1403 27 3 1405 27 1 1392 8 3 1403 27 3 1390 8 1 1404 26 1 1406 23 3 1401 23 1 1402 26 3 1406 23 3 1404 26 1 1262 15 5 1330 23 1 583 13 2 1364 26 1 1330 23 1 1262 15 5 1396 2 0 1361 1 0 1359 0 0 1394 3 0 1361 1 0 1396 2 0 1394 3 0 1329 4 0 1325 5 0 1396 2 0 1329 4 0 1394 3 0 347 8 1 1363 27 3 1365 27 1 349 8 3 1363 27 3 347 8 1 1409 8 1 1408 7 2 1407 6 1 1410 9 2 1408 7 2 1409 8 1 1411 6 3 1409 8 1 1407 6 1 1412 8 3 1409 8 1 1411 6 3 113 1 0 1414 17 4 1413 18 4 115 3 0 1414 17 4 113 1 0 114 2 0 1408 7 2 1415 10 4 112 0 0 1408 7 2 114 2 0 96 4 0 1415 10 4 1416 25 2 114 2 0 1415 10 4 96 4 0 115 3 0 1417 21 4 1414 17 4 97 5 0 1417 21 4 115 3 0 1418 8 1 1315 7 2 1367 6 1 1419 9 2 1315 7 2 1418 8 1 1389 6 3 1418 8 1 1367 6 1 1420 8 3 1418 8 1 1389 6 3 643 11 0 1415 10 4 1410 9 2 641 12 0 1415 10 4 643 11 0 641 12 0 1421 13 2 1415 10 4 642 14 0 1421 13 2 641 12 0 642 14 0 1422 15 5 1421 13 2 644 16 0 1422 15 5 642 14 0 644 16 0 1410 9 2 1422 15 5 643 11 0 1410 9 2 644 16 0 1423 19 0 1413 18 4 1414 17 4 1424 20 0 1413 18 4 1423 19 0 1425 22 0 1414 17 4 1417 21 4 1423 19 0 1414 17 4 1425 22 0 85 1 0 1426 17 4 1316 18 4 87 3 0 1426 17 4 85 1 0 1428 24 1 1421 13 2 1427 23 1 1416 25 2 1421 13 2 1428 24 1 1431 26 1 1430 27 3 1429 26 3 1432 27 1 1430 27 3 1431 26 1 1432 27 1 1410 9 2 1409 8 1 1422 15 5 1410 9 2 1432 27 1 1433 23 3 1428 24 1 1427 23 1 1434 24 3 1428 24 1 1433 23 3 1422 15 5 1427 23 1 1421 13 2 1431 26 1 1427 23 1 1422 15 5 1409 8 1 1430 27 3 1432 27 1 1412 8 3 1430 27 3 1409 8 1 1431 26 1 1433 23 3 1427 23 1 1429 26 3 1433 23 3 1431 26 1 86 2 0 1315 7 2 1435 10 4 84 0 0 1315 7 2 86 2 0 88 4 0 1435 10 4 313 25 2 86 2 0 1435 10 4 88 4 0 87 3 0 256 21 4 1426 17 4 89 5 0 256 21 4 87 3 0 1364 26 1 1400 23 3 1330 23 1 1362 26 3 1400 23 3 1364 26 1 1436 8 1 222 7 2 221 6 1 1437 9 2 222 7 2 1436 8 1 229 6 3 1436 8 1 221 6 1 1438 8 3 1436 8 1 229 6 3 77 1 0 1439 17 4 216 18 4 111 3 0 1439 17 4 77 1 0 110 2 0 222 7 2 1440 10 4 76 0 0 222 7 2 110 2 0 112 4 0 1440 10 4 1408 25 2 110 2 0 1440 10 4 112 4 0 111 3 0 1413 21 4 1439 17 4 113 5 0 1413 21 4 111 3 0 92 2 0 1245 7 2 427 10 4 90 0 0 1245 7 2 92 2 0 521 11 0 1435 10 4 1419 9 2 519 12 0 1435 10 4 521 11 0 1441 11 0 1440 10 4 1437 9 2 1442 12 0 1440 10 4 1441 11 0 1442 12 0 1443 13 2 1440 10 4 1444 14 0 1443 13 2 1442 12 0 1444 14 0 1445 15 5 1443 13 2 1446 16 0 1445 15 5 1444 14 0 1446 16 0 1437 9 2 1445 15 5 1441 11 0 1437 9 2 1446 16 0 1447 19 0 216 18 4 1439 17 4 217 20 0 216 18 4 1447 19 0 1424 22 0 1439 17 4 1413 21 4 1447 19 0 1439 17 4 1424 22 0 519 12 0 1448 13 2 1435 10 4 520 14 0 1448 13 2 519 12 0 1407 24 1 1443 13 2 1449 23 1 1408 25 2 1443 13 2 1407 24 1 1452 26 1 1451 27 3 1450 26 3 1453 27 1 1451 27 3 1452 26 1 1453 27 1 1437 9 2 1436 8 1 1445 15 5 1437 9 2 1453 27 1 1454 23 3 1407 24 1 1449 23 1 1411 24 3 1407 24 1 1454 23 3 1445 15 5 1449 23 1 1443 13 2 1452 26 1 1449 23 1 1445 15 5 1436 8 1 1451 27 3 1453 27 1 1438 8 3 1451 27 3 1436 8 1 1452 26 1 1454 23 3 1449 23 1 1450 26 3 1454 23 3 1452 26 1 520 14 0 1455 15 5 1448 13 2 522 16 0 1455 15 5 520 14 0 522 16 0 1419 9 2 1455 15 5 521 11 0 1419 9 2 522 16 0 1456 19 0 1316 18 4 1426 17 4 1350 20 0 1316 18 4 1456 19 0 541 22 0 1426 17 4 256 21 4 1456 19 0 1426 17 4 541 22 0 1457 8 1 1416 7 2 1428 6 1 1458 9 2 1416 7 2 1457 8 1 1434 6 3 1457 8 1 1428 6 1 1459 8 3 1457 8 1 1434 6 3 97 1 0 1093 17 4 1417 18 4 99 3 0 1093 17 4 97 1 0 98 2 0 1416 7 2 1460 10 4 96 0 0 1416 7 2 98 2 0 100 4 0 1460 10 4 1461 25 2 98 2 0 1460 10 4 100 4 0 94 4 0 427 10 4 1292 25 2 92 2 0 427 10 4 94 4 0 196 24 1 1448 13 2 1462 23 1 313 25 2 1448 13 2 196 24 1 1463 11 0 1460 10 4 1458 9 2 1464 12 0 1460 10 4 1463 11 0 1464 12 0 1465 13 2 1460 10 4 1466 14 0 1465 13 2 1464 12 0 1466 14 0 1467 15 5 1465 13 2 1468 16 0 1467 15 5 1466 14 0 1468 16 0 1458 9 2 1467 15 5 1463 11 0 1458 9 2 1468 16 0 1469 19 0 1417 18 4 1093 17 4 1425 20 0 1417 18 4 1469 19 0 1470 22 0 1093 17 4 1094 21 4 1469 19 0 1093 17 4 1470 22 0 1473 26 1 1472 27 3 1471 26 3 1474 27 1 1472 27 3 1473 26 1 1476 24 1 1465 13 2 1475 23 1 1461 25 2 1465 13 2 1476 24 1 1479 26 1 1478 27 3 1477 26 3 1480 27 1 1478 27 3 1479 26 1 1480 27 1 1458 9 2 1457 8 1 1467 15 5 1458 9 2 1480 27 1 1481 23 3 1476 24 1 1475 23 1 1482 24 3 1476 24 1 1481 23 3 1467 15 5 1475 23 1 1465 13 2 1479 26 1 1475 23 1 1467 15 5 1457 8 1 1478 27 3 1480 27 1 1459 8 3 1478 27 3 1457 8 1 1479 26 1 1481 23 3 1475 23 1 1477 26 3 1481 23 3 1479 26 1 1474 27 1 1419 9 2 1418 8 1 1455 15 5 1419 9 2 1474 27 1 1483 23 3 196 24 1 1462 23 1 198 24 3 196 24 1 1483 23 3 1455 15 5 1462 23 1 1448 13 2 1473 26 1 1462 23 1 1455 15 5 1418 8 1 1472 27 3 1474 27 1 1420 8 3 1472 27 3 1418 8 1 1484 8 1 1461 7 2 1476 6 1 1485 9 2 1461 7 2 1484 8 1 1482 6 3 1484 8 1 1476 6 1 1486 8 3 1484 8 1 1482 6 3 101 1 0 1487 17 4 1094 18 4 1488 3 0 1487 17 4 101 1 0 1490 2 0 1461 7 2 1489 10 4 100 0 0 1461 7 2 1490 2 0 78 4 0 1489 10 4 1491 25 2 1490 2 0 1489 10 4 78 4 0 1488 3 0 1492 21 4 1487 17 4 79 5 0 1492 21 4 1488 3 0 1473 26 1 1483 23 3 1462 23 1 1471 26 3 1483 23 3 1473 26 1 93 3 0 1282 21 4 1280 17 4 95 5 0 1282 21 4 93 3 0 681 11 0 1489 10 4 1485 9 2 679 12 0 1489 10 4 681 11 0 679 12 0 1493 13 2 1489 10 4 680 14 0 1493 13 2 679 12 0 680 14 0 1494 15 5 1493 13 2 682 16 0 1494 15 5 680 14 0 682 16 0 1485 9 2 1494 15 5 681 11 0 1485 9 2 682 16 0 1495 19 0 1094 18 4 1487 17 4 1470 20 0 1094 18 4 1495 19 0 1496 22 0 1487 17 4 1492 21 4 1495 19 0 1487 17 4 1496 22 0 1498 24 1 1493 13 2 1497 23 1 1491 25 2 1493 13 2 1498 24 1 1501 26 1 1500 27 3 1499 26 3 1502 27 1 1500 27 3 1501 26 1 1502 27 1 1485 9 2 1484 8 1 1494 15 5 1485 9 2 1502 27 1 1503 23 3 1498 24 1 1497 23 1 1504 24 3 1498 24 1 1503 23 3 1494 15 5 1497 23 1 1493 13 2 1501 26 1 1497 23 1 1494 15 5 1484 8 1 1500 27 3 1502 27 1 1486 8 3 1500 27 3 1484 8 1 1501 26 1 1503 23 3 1497 23 1 1499 26 3 1503 23 3 1501 26 1 1490 2 0 101 1 0 100 0 0 1488 3 0 101 1 0 1490 2 0 1488 3 0 78 4 0 79 5 0 1490 2 0 78 4 0 1488 3 0 347 8 1 1245 7 2 346 6 1 426 9 2 1245 7 2 347 8 1 1505 8 1 1491 7 2 1498 6 1 1506 9 2 1491 7 2 1505 8 1 1504 6 3 1505 8 1 1498 6 1 1507 8 3 1505 8 1 1504 6 3 79 1 0 1508 17 4 1492 18 4 81 3 0 1508 17 4 79 1 0 80 2 0 1491 7 2 1509 10 4 78 0 0 1491 7 2 80 2 0 82 4 0 1509 10 4 244 25 2 80 2 0 1509 10 4 82 4 0 81 3 0 249 21 4 1508 17 4 83 5 0 249 21 4 81 3 0 292 8 1 405 7 2 485 6 1 200 9 2 405 7 2 292 8 1 504 6 3 292 8 1 485 6 1 299 8 3 292 8 1 504 6 3 685 11 0 1509 10 4 1506 9 2 683 12 0 1509 10 4 685 11 0 683 12 0 1510 13 2 1509 10 4 684 14 0 1510 13 2 683 12 0 684 14 0 1511 15 5 1510 13 2 686 16 0 1511 15 5 684 14 0 686 16 0 1506 9 2 1511 15 5 685 11 0 1506 9 2 686 16 0 1512 19 0 1492 18 4 1508 17 4 1496 20 0 1492 18 4 1512 19 0 271 22 0 1508 17 4 249 21 4 1512 19 0 1508 17 4 271 22 0 71 1 0 237 17 4 238 18 4 73 3 0 237 17 4 71 1 0 243 24 1 1510 13 2 1513 23 1 244 25 2 1510 13 2 243 24 1 1516 26 1 1515 27 3 1514 26 3 1517 27 1 1515 27 3 1516 26 1 1517 27 1 1506 9 2 1505 8 1 1511 15 5 1506 9 2 1517 27 1 1518 23 3 243 24 1 1513 23 1 247 24 3 243 24 1 1518 23 3 1511 15 5 1513 23 1 1510 13 2 1516 26 1 1513 23 1 1511 15 5 1505 8 1 1515 27 3 1517 27 1 1507 8 3 1515 27 3 1505 8 1 1516 26 1 1518 23 3 1513 23 1 1514 26 3 1518 23 3 1516 26 1 72 2 0 405 7 2 201 10 4 70 0 0 405 7 2 72 2 0 24 4 0 201 10 4 260 25 2 72 2 0 201 10 4 24 4 0 73 3 0 241 21 4 237 17 4 25 5 0 241 21 4 73 3 0 197 8 1 313 7 2 196 6 1 430 9 2 313 7 2 197 8 1 227 8 1 311 7 2 322 6 1 204 9 2 311 7 2 227 8 1 332 6 3 227 8 1 322 6 1 234 8 3 227 8 1 332 6 3 69 1 0 212 17 4 213 18 4 75 3 0 212 17 4 69 1 0 74 2 0 311 7 2 205 10 4 68 0 0 311 7 2 74 2 0 76 4 0 205 10 4 222 25 2 74 2 0 205 10 4 76 4 0 75 3 0 216 21 4 212 17 4 77 5 0 216 21 4 75 3 0 1196 15 5 1202 27 1 1201 26 1 266 28 1 215 20 0 214 19 0 214 19 0 217 22 0 266 28 1 311 7 2 204 9 2 205 10 4 264 14 0 262 12 0 261 11 0 705 14 0 703 12 0 702 11 0 707 16 0 705 14 0 702 11 0 992 14 0 990 12 0 989 11 0 994 16 0 992 14 0 989 11 0 269 16 0 264 14 0 261 11 0 268 15 5 285 27 1 284 26 1 263 13 2 254 25 2 252 10 4 1195 13 2 1193 25 2 1192 10 4 706 15 5 715 27 1 714 26 1 993 15 5 1002 27 1 1001 26 1 266 28 1 271 20 0 270 19 0 270 19 0 265 22 0 266 28 1 1185 7 2 1187 9 2 1192 10 4 244 7 2 246 9 2 252 10 4 704 13 2 700 25 2 699 10 4 324 28 1 709 20 0 708 19 0 708 19 0 323 22 0 324 28 1 317 14 0 315 12 0 314 11 0 319 16 0 317 14 0 314 11 0 692 7 2 694 9 2 699 10 4 318 15 5 330 27 1 329 26 1 991 13 2 987 25 2 985 10 4 616 28 1 948 20 0 995 19 0 995 19 0 996 22 0 616 28 1 316 13 2 311 25 2 310 10 4 726 14 0 724 12 0 723 11 0 728 16 0 726 14 0 723 11 0 943 7 2 981 9 2 985 10 4 1213 14 0 1211 12 0 1210 11 0 1215 16 0 1213 14 0 1210 11 0 254 7 2 301 9 2 310 10 4 727 15 5 735 27 1 734 26 1 374 15 5 391 27 1 390 26 1 371 13 2 359 25 2 358 10 4 1214 15 5 1220 27 1 1219 26 1 379 28 1 376 20 0 375 19 0 725 13 2 692 25 2 722 10 4 324 28 1 730 20 0 729 19 0 729 19 0 709 22 0 324 28 1 375 19 0 377 22 0 379 28 1 193 7 2 195 9 2 722 10 4 1011 15 5 1017 27 1 1016 26 1 434 15 5 444 27 1 443 26 1 433 13 2 351 25 2 420 10 4 379 28 1 437 20 0 436 19 0 1212 13 2 1185 25 2 1209 10 4 1010 13 2 958 25 2 1009 10 4 616 28 1 996 20 0 1012 19 0 1012 19 0 973 22 0 616 28 1 436 19 0 376 22 0 379 28 1 745 15 5 751 27 1 750 26 1 411 7 2 413 9 2 420 10 4 987 7 2 1006 9 2 1009 10 4 320 7 2 1206 9 2 1209 10 4 471 14 0 469 12 0 468 11 0 477 16 0 471 14 0 468 11 0 476 15 5 491 27 1 490 26 1 470 13 2 464 25 2 463 10 4 744 13 2 742 25 2 741 10 4 379 28 1 377 20 0 478 19 0 1033 14 0 1031 12 0 1030 11 0 700 7 2 738 9 2 741 10 4 1035 16 0 1033 14 0 1030 11 0 478 19 0 483 22 0 379 28 1 359 7 2 457 9 2 463 10 4 1034 15 5 1043 27 1 1042 26 1 523 15 5 533 27 1 532 26 1 516 13 2 514 25 2 509 10 4 379 28 1 483 20 0 524 19 0 1230 15 5 1237 27 1 1236 26 1 762 15 5 768 27 1 767 26 1 524 19 0 378 22 0 379 28 1 464 7 2 506 9 2 509 10 4 1032 13 2 1028 25 2 1027 10 4 480 28 1 1037 20 0 1036 19 0 1036 19 0 479 22 0 480 28 1 761 13 2 759 25 2 758 10 4 560 15 5 567 27 1 566 26 1 1020 7 2 1022 9 2 1027 10 4 742 7 2 755 9 2 758 10 4 555 13 2 551 25 2 550 10 4 1229 13 2 1227 25 2 1226 10 4 231 28 1 233 20 0 1231 19 0 1231 19 0 460 22 0 231 28 1 1058 14 0 1056 12 0 1055 11 0 1060 16 0 1058 14 0 1055 11 0 514 7 2 547 9 2 550 10 4 1193 7 2 1223 9 2 1226 10 4 779 15 5 787 27 1 786 26 1 588 15 5 595 27 1 594 26 1 587 13 2 411 25 2 582 10 4 1059 15 5 1067 27 1 1066 26 1 379 28 1 590 20 0 589 19 0 589 19 0 437 22 0 379 28 1 778 13 2 776 25 2 775 10 4 324 28 1 373 20 0 780 19 0 780 19 0 781 22 0 324 28 1 575 7 2 577 9 2 582 10 4 759 7 2 772 9 2 775 10 4 1057 13 2 1020 25 2 1054 10 4 480 28 1 1062 20 0 1061 19 0 1061 19 0 1037 22 0 480 28 1 620 15 5 638 27 1 637 26 1 619 13 2 608 25 2 607 10 4 802 14 0 800 12 0 799 11 0 804 16 0 802 14 0 799 11 0 1047 7 2 1049 9 2 1054 10 4 379 28 1 381 20 0 625 19 0 1248 15 5 1253 27 1 1252 26 1 625 19 0 630 22 0 379 28 1 551 7 2 601 9 2 607 10 4 659 14 0 657 12 0 656 11 0 803 15 5 811 27 1 810 26 1 661 16 0 659 14 0 656 11 0 660 15 5 675 27 1 674 26 1 658 13 2 575 25 2 655 10 4 379 28 1 630 20 0 662 19 0 1247 13 2 1245 25 2 1244 10 4 801 13 2 193 25 2 798 10 4 324 28 1 806 20 0 805 19 0 805 19 0 730 22 0 324 28 1 791 7 2 793 9 2 798 10 4 1077 15 5 1083 27 1 1082 26 1 662 19 0 590 22 0 379 28 1 608 7 2 652 9 2 655 10 4 351 7 2 353 9 2 358 10 4 584 14 0 429 12 0 428 11 0 1263 16 0 584 14 0 428 11 0 1262 15 5 1365 27 1 1364 26 1 583 13 2 1292 25 2 427 10 4 1076 13 2 1074 25 2 1073 10 4 231 28 1 462 20 0 1281 19 0 824 15 5 831 27 1 830 26 1 1281 19 0 1283 22 0 231 28 1 1028 7 2 1070 9 2 1073 10 4 1245 7 2 426 9 2 427 10 4 527 15 5 614 27 1 613 26 1 466 13 2 320 25 2 312 10 4 823 13 2 407 25 2 818 10 4 324 28 1 781 20 0 825 19 0 825 19 0 826 22 0 324 28 1 231 28 1 541 20 0 540 19 0 776 7 2 814 9 2 818 10 4 1227 7 2 1241 9 2 1244 10 4 540 19 0 308 22 0 231 28 1 313 7 2 430 9 2 312 10 4 1340 14 0 1332 12 0 1331 11 0 1348 16 0 1340 14 0 1331 11 0 1347 15 5 1379 27 1 1378 26 1 1339 13 2 1315 25 2 1314 10 4 518 15 5 1100 27 1 1099 26 1 231 28 1 1283 20 0 1349 19 0 1349 19 0 1350 22 0 231 28 1 1292 7 2 1294 9 2 1314 10 4 1455 15 5 1474 27 1 1473 26 1 1448 13 2 313 25 2 1435 10 4 517 13 2 1091 25 2 1090 10 4 839 13 2 791 25 2 837 10 4 324 28 1 826 20 0 841 19 0 841 19 0 806 22 0 324 28 1 231 28 1 1350 20 0 1456 19 0 1456 19 0 541 22 0 231 28 1 407 7 2 409 9 2 837 10 4 1074 7 2 1087 9 2 1090 10 4 1315 7 2 1419 9 2 1435 10 4 235 15 5 275 27 1 274 26 1 218 13 2 260 25 2 201 10 4 604 28 1 240 20 0 239 19 0 239 19 0 242 22 0 604 28 1 405 7 2 200 9 2 201 10 4 860 15 5 868 27 1 867 26 1 452 15 5 498 27 1 497 26 1 450 13 2 405 25 2 402 10 4 1111 15 5 1119 27 1 1118 26 1 604 28 1 455 20 0 454 19 0 454 19 0 240 22 0 604 28 1 366 7 2 368 9 2 402 10 4 859 13 2 857 25 2 856 10 4 616 28 1 862 20 0 861 19 0 861 19 0 615 22 0 616 28 1 849 7 2 851 9 2 856 10 4 598 15 5 648 27 1 647 26 1 597 13 2 572 25 2 571 10 4 1110 13 2 1108 25 2 1107 10 4 480 28 1 526 20 0 1112 19 0 1112 19 0 1113 22 0 480 28 1 604 28 1 242 20 0 599 19 0 883 14 0 881 12 0 880 11 0 885 16 0 883 14 0 880 11 0 599 19 0 610 22 0 604 28 1 1091 7 2 1104 9 2 1107 10 4 260 7 2 554 9 2 571 10 4 1267 14 0 1265 12 0 1264 11 0 1269 16 0 1267 14 0 1264 11 0 1268 15 5 1277 27 1 1276 26 1 884 15 5 892 27 1 891 26 1 1266 13 2 1260 25 2 1259 10 4 604 28 1 610 20 0 1270 19 0 1134 14 0 1132 12 0 1131 11 0 1136 16 0 1134 14 0 1131 11 0 1270 19 0 1271 22 0 604 28 1 572 7 2 1256 9 2 1259 10 4 1300 14 0 1298 12 0 1297 11 0 882 13 2 849 25 2 879 10 4 616 28 1 887 20 0 886 19 0 886 19 0 862 22 0 616 28 1 1302 16 0 1300 14 0 1297 11 0 1301 15 5 1311 27 1 1310 26 1 872 7 2 874 9 2 879 10 4 1299 13 2 1289 25 2 1288 10 4 1135 15 5 1143 27 1 1142 26 1 604 28 1 1271 20 0 1303 19 0 1303 19 0 1304 22 0 604 28 1 1260 7 2 1285 9 2 1288 10 4 1336 14 0 1334 12 0 1333 11 0 904 14 0 902 12 0 901 11 0 906 16 0 904 14 0 901 11 0 1338 16 0 1336 14 0 1333 11 0 1337 15 5 1345 27 1 1344 26 1 1335 13 2 366 25 2 1327 10 4 1133 13 2 1047 25 2 1130 10 4 480 28 1 1138 20 0 1137 19 0 1137 19 0 1062 22 0 480 28 1 905 15 5 912 27 1 911 26 1 1123 7 2 1125 9 2 1130 10 4 1318 7 2 1320 9 2 1327 10 4 1371 14 0 1369 12 0 1368 11 0 1373 16 0 1371 14 0 1368 11 0 1372 15 5 1385 27 1 1384 26 1 903 13 2 899 25 2 898 10 4 1370 13 2 1358 25 2 1356 10 4 604 28 1 1304 20 0 1374 19 0 857 7 2 895 9 2 898 10 4 1374 19 0 1375 22 0 604 28 1 1289 7 2 1352 9 2 1356 10 4 925 14 0 923 12 0 922 11 0 927 16 0 925 14 0 922 11 0 1398 15 5 1405 27 1 1404 26 1 1397 13 2 1318 25 2 1395 10 4 1157 15 5 1165 27 1 1164 26 1 604 28 1 1375 20 0 1399 19 0 1399 19 0 603 22 0 604 28 1 1358 7 2 1391 9 2 1395 10 4 926 15 5 935 27 1 934 26 1 1422 15 5 1432 27 1 1431 26 1 1421 13 2 1416 25 2 1415 10 4 1156 13 2 1152 25 2 1150 10 4 480 28 1 1113 20 0 1158 19 0 1158 19 0 1159 22 0 480 28 1 924 13 2 920 25 2 919 10 4 616 28 1 618 20 0 928 19 0 928 19 0 929 22 0 616 28 1 266 28 1 1424 20 0 1423 19 0 1423 19 0 1425 22 0 266 28 1 899 7 2 916 9 2 919 10 4 1108 7 2 1146 9 2 1150 10 4 1408 7 2 1410 9 2 1415 10 4 1444 14 0 1442 12 0 1441 11 0 1446 16 0 1444 14 0 1441 11 0 1445 15 5 1453 27 1 1452 26 1 1443 13 2 1408 25 2 1440 10 4 266 28 1 217 20 0 1447 19 0 1447 19 0 1424 22 0 266 28 1 222 7 2 1437 9 2 1440 10 4 1466 14 0 1464 12 0 1463 11 0 946 15 5 954 27 1 953 26 1 1468 16 0 1466 14 0 1463 11 0 1467 15 5 1480 27 1 1479 26 1 1465 13 2 1461 25 2 1460 10 4 1176 15 5 1182 27 1 1181 26 1 266 28 1 1425 20 0 1469 19 0 1469 19 0 1470 22 0 266 28 1 1416 7 2 1458 9 2 1460 10 4 1493 13 2 1491 25 2 1489 10 4 840 15 5 846 27 1 845 26 1 616 28 1 929 20 0 947 19 0 1494 15 5 1502 27 1 1501 26 1 947 19 0 948 22 0 616 28 1 920 7 2 939 9 2 942 10 4 1461 7 2 1485 9 2 1489 10 4 1152 7 2 1169 9 2 1173 10 4 210 15 5 226 27 1 225 26 1 970 15 5 978 27 1 977 26 1 971 16 0 969 14 0 966 11 0 209 14 0 207 12 0 206 11 0 1512 19 0 271 22 0 266 28 1 266 28 1 1496 20 0 1512 19 0 1491 7 2 1506 9 2 1509 10 4 266 28 1 1470 20 0 1495 19 0 1177 19 0 1138 22 0 480 28 1 958 7 2 960 9 2 965 10 4 1495 19 0 1496 22 0 266 28 1 616 28 1 973 20 0 972 19 0 1511 15 5 1517 27 1 1516 26 1 969 14 0 967 12 0 966 11 0 480 28 1 1159 20 0 1177 19 0 972 19 0 887 22 0 616 28 1 968 13 2 872 25 2 965 10 4 211 16 0 209 14 0 206 11 0 1175 13 2 1123 25 2 1173 10 4 208 13 2 222 25 2 205 10 4 945 13 2 943 25 2 942 10 4 1510 13 2 244 25 2 1509 10 4</p>
                </polylist>
            </mesh>
        </geometry>
        <geometry id="mesh7">
            <mesh>
                <source id="points7">
                    <float_array id="pointarray7" count="408">703.125 -98.125 549 549 -98.125 703.125 549.6875 -92.875 665.625 546.5 -92.875 665.625 549.6875 191.875 665.625 546.5 191.875 665.625 551.3125 194.125 667.25 549.6875 196.375 668.8125 657.875 219.0625 773.8125 656.3125 221.3125 775.375 659.5 221.3125 775.375 659.5 247.25 775.375 775.375 221.3125 659.5 775.375 247.25 659.5 775.375 247.25 656.3125 773.8125 249.5625 657.875 668.8125 222.3125 549.6875 667.25 224.625 551.3125 664 224.625 548.125 548.125 224.625 664 537.5 224.625 653.4375 546.5 222.3125 665.625 534.75 222.3125 653.875 528.6875 216.875 647.8125 530.5 219.75 646.4375 528.3125 216.625 644.1875 646.4375 219.75 530.5 644.1875 216.625 528.3125 647.8125 216.875 528.6875 643.9375 208.3125 524.8125 665.625 222.3125 546.5 665.625 196.375 546.5 668.8125 196.375 549.6875 665.625 191.875 549.6875 667.25 194.125 551.3125 773.8125 219.0625 657.875 641.625 210.875 525.6875 525.6875 210.875 641.625 524.8125 208.3125 643.9375 546.5 196.375 665.625 524.8125 196.375 643.9375 524.8125 191.875 643.9375 524.8125 -92.875 643.9375 524.8125 -92.875 640.75 487.375 -98.125 641.5 640.75 -92.875 524.8125 641.5 -98.125 487.375 643.9375 -92.875 524.8125 665.625 -92.875 546.5 665.625 191.875 546.5 665.625 -92.875 549.6875 640.75 206.6875 524.8125 524.8125 206.6875 640.75 640.75 196.375 524.8125 524.8125 196.375 640.75 524.8125 191.875 640.75 640.75 191.875 524.8125 643.9375 191.875 524.8125 643.9375 196.375 524.8125 653.875 222.3125 534.75 650.4375 223.375 534.5625 656.3125 247.25 775.375 549.6875 222.3125 668.8125 551.3125 224.625 667.25 657.875 249.5625 773.8125 775.375 221.3125 656.3125 653.4375 224.625 537.5 534.5625 223.375 650.4375 -549 -98.125 703.125 -703.125 -98.125 549 -665.625 -92.875 549.6875 -665.625 -92.875 546.5 -665.625 191.875 549.6875 -665.625 191.875 546.5 -667.25 194.125 551.3125 -668.8125 196.375 549.6875 -986.9375 251.1875 871.0625 -988.5625 253.4375 869.4375 -988.5625 253.4375 872.625 -988.5625 279.4375 872.625 -872.625 253.4375 988.5625 -872.625 279.4375 988.5625 -869.4375 279.4375 988.5625 -871.0625 281.6875 986.9375 -549.6875 222.3125 668.8125 -551.3125 224.625 667.25 -548.125 224.625 664 -664 224.625 548.125 -653.4375 224.625 537.5 -665.625 222.3125 546.5 -653.875 222.3125 534.75 -647.8125 216.875 528.6875 -646.4375 219.75 530.5 -644.1875 216.625 528.3125 -530.5 219.75 646.4375 -528.3125 216.625 644.1875 -528.6875 216.875 647.8125 -524.8125 208.3125 643.9375 -546.5 222.3125 665.625 -546.5 196.375 665.625 -549.6875 196.375 668.8125 -549.6875 191.875 665.625 -551.3125 194.125 667.25 -871.0625 251.1875 986.9375 -525.6875 210.875 641.625 -641.625 210.875 525.6875 -643.9375 208.3125 524.8125 -665.625 196.375 546.5 -643.9375 196.375 524.8125 -643.9375 191.875 524.8125 -643.9375 -92.875 524.8125 -640.75 -92.875 524.8125 -641.5 -98.125 487.375 -524.8125 -92.875 640.75 -487.375 -98.125 641.5 -524.8125 -92.875 643.9375 -546.5 -92.875 665.625 -546.5 191.875 665.625 -549.6875 -92.875 665.625 -524.8125 206.6875 640.75 -640.75 206.6875 524.8125 -524.8125 196.375 640.75 -640.75 196.375 524.8125 -640.75 191.875 524.8125 -524.8125 191.875 640.75 -524.8125 191.875 643.9375 -524.8125 196.375 643.9375 -534.75 222.3125 653.875 -534.5625 223.375 650.4375 -988.5625 279.4375 869.4375 -668.8125 222.3125 549.6875 -667.25 224.625 551.3125 -986.9375 281.6875 871.0625 -869.4375 253.4375 988.5625 -537.5 224.625 653.4375 -650.4375 223.375 534.5625</float_array>
                    <technique_common>
                        <accessor count="136" source="#pointarray7" stride="3">
                            <param name="X" type="float"/>
                            <param name="Y" type="float"/>
                            <param name="Z" type="float"/>
                        </accessor>
                    </technique_common>
                </source>
                <source id="uvs7">
                    <float_array id="uvarray7" count="124">0.197265625 2.7265625 0.80078125 2.7265625 0.80078125 2.73828125 0.80859375 2.732421875 0.80078125 3.439453125 0.80859375 3.43359375 0.80078125 3.451171875 0.80859375 3.45703125 0.80078125 5.375 0.80859375 5.380859375 0.80078125 5.38671875 0.80078125 5.455078125 0.197265625 5.38671875 0.197265625 5.455078125 0.189453125 5.44921875 0.189453125 3.525390625 0.197265625 3.53125 0.197265625 3.51953125 0.80078125 3.51953125 0.80078125 3.48046875 0.80859375 3.513671875 0.80859375 3.470703125 0.80078125 3.44140625 0.80078125 3.42578125 0.197265625 3.44140625 0.197265625 3.42578125 0.189453125 3.43359375 0.189453125 3.396484375 0.189453125 3.513671875 0.189453125 3.4453125 0.189453125 3.45703125 0.197265625 3.439453125 0.197265625 3.451171875 0.197265625 5.375 0.197265625 3.400390625 0.80078125 3.400390625 0.80859375 3.396484375 0.80859375 3.4453125 0.80859375 3.3671875 0.80859375 3.353515625 0.80859375 2.654296875 0.80078125 2.6484375 0.197265625 2.6484375 0.189453125 2.654296875 0.189453125 2.732421875 0.197265625 2.73828125 0.197265625 3.38671875 0.80078125 3.38671875 0.197265625 3.359375 0.80078125 3.359375 0.80078125 3.34765625 0.197265625 3.34765625 0.189453125 3.353515625 0.189453125 3.3671875 0.189453125 3.470703125 0.197265625 3.466796875 0.80859375 5.44921875 0.80859375 3.525390625 0.80078125 3.53125 0.189453125 5.380859375 0.197265625 3.48046875 0.80078125 3.466796875</float_array>
                    <technique_common>
                        <accessor count="62" source="#uvarray7" stride="2">
                            <param name="S" type="float"/>
                            <param name="T" type="float"/>
                        </accessor>
                    </technique_common>
                </source>
                <source id="colors7">
                    <float_array id="colorarray7" count="16">0.5019607843137255 0.5019607843137255 0.5019607843137255 0 0.5019607843137255 0.5019607843137255 0.5019607843137255 1 0 0 0 1 1 1 1 1</float_array>
                    <technique_common>
                        <accessor count="4" source="#colorarray7" stride="4">
                            <param name="R" type="float"/>
                            <param name="G" type="float"/>
                            <param name="B" type="float"/>
                            <param name="A" type="float"/>
                        </accessor>
                    </technique_common>
                </source>
                <vertices id="vertices7">
                    <input semantic="POSITION" source="#points7"/>
                </vertices>
                <polylist count="260" material="Material1">
                    <input offset="0" semantic="VERTEX" source="#vertices7"/>
                    <input offset="1" semantic="TEXCOORD" source="#uvs7" set="0"/>
                    <input offset="2" semantic="COLOR" source="#colors7" set="0"/>
                    <vcount>3 3 3 3 3 3 3 3 3 3 3 3 3 3 3 3 3 3 3 3 3 3 3 3 3 3 3 3 3 3 3 3 3 3 3 3 3 3 3 3 3 3 3 3 3 3 3 3 3 3 3 3 3 3 3 3 3 3 3 3 3 3 3 3 3 3 3 3 3 3 3 3 3 3 3 3 3 3 3 3 3 3 3 3 3 3 3 3 3 3 3 3 3 3 3 3 3 3 3 3 3 3 3 3 3 3 3 3 3 3 3 3 3 3 3 3 3 3 3 3 3 3 3 3 3 3 3 3 3 3 3 3 3 3 3 3 3 3 3 3 3 3 3 3 3 3 3 3 3 3 3 3 3 3 3 3 3 3 3 3 3 3 3 3 3 3 3 3 3 3 3 3 3 3 3 3 3 3 3 3 3 3 3 3 3 3 3 3 3 3 3 3 3 3 3 3 3 3 3 3 3 3 3 3 3 3 3 3 3 3 3 3 3 3 3 3 3 3 3 3 3 3 3 3 3 3 3 3 3 3 3 3 3 3 3 3 3 3 3 3 3 3 3 3 3 3 3 3 3 3 3 3 3 3 3 3 3 3 3 3</vcount>
                    <p>2 2 1 1 1 0 0 0 0 3 3 1 1 1 0 2 2 1 4 4 1 3 3 1 2 2 1 5 5 1 3 3 1 4 4 1 6 6 1 5 5 1 4 4 1 7 7 1 5 5 1 6 6 1 8 8 2 7 7 1 6 6 1 9 9 2 7 7 1 8 8 2 10 10 2 9 9 2 8 8 2 11 11 2 9 9 2 10 10 2 12 12 2 11 11 2 10 10 2 13 13 2 11 11 2 12 12 2 14 14 2 13 13 2 12 12 2 15 13 2 13 13 2 14 14 2 16 15 1 15 13 2 14 14 2 17 16 3 15 13 2 16 15 1 18 17 3 17 16 3 16 15 1 19 18 3 17 16 3 18 17 3 20 19 3 19 18 3 18 17 3 21 20 1 19 18 3 20 19 3 22 21 1 21 20 1 20 19 3 23 5 1 21 20 1 22 21 1 24 22 3 23 5 1 22 21 1 25 23 3 23 5 1 24 22 3 26 24 3 25 23 3 24 22 3 27 25 3 25 23 3 26 24 3 28 26 1 27 25 3 26 24 3 29 27 1 27 25 3 28 26 1 30 28 1 29 27 1 28 26 1 31 29 1 29 27 1 30 28 1 32 30 1 31 29 1 30 28 1 33 31 1 31 29 1 32 30 1 34 32 1 33 31 1 32 30 1 6 6 1 33 31 1 34 32 1 35 33 2 6 6 1 34 32 1 8 8 2 6 6 1 35 33 2 10 10 2 8 8 2 35 33 2 36 34 3 27 25 3 29 27 1 25 23 3 27 25 3 36 34 3 37 35 3 25 23 3 36 34 3 23 5 1 25 23 3 37 35 3 38 36 1 23 5 1 37 35 3 39 37 1 23 5 1 38 36 1 40 38 1 39 37 1 38 36 1 5 5 1 39 37 1 40 38 1 41 39 1 5 5 1 40 38 1 42 40 1 5 5 1 41 39 1 43 41 1 42 40 1 41 39 1 44 41 0 42 40 1 43 41 1 45 42 1 44 41 0 43 41 1 46 42 0 44 41 0 45 42 1 47 43 1 46 42 0 45 42 1 48 44 1 46 42 0 47 43 1 49 26 1 48 44 1 47 43 1 50 45 1 48 44 1 49 26 1 33 31 1 50 45 1 49 26 1 2 2 1 50 45 1 33 31 1 51 46 3 36 34 3 29 27 1 52 47 3 36 34 3 51 46 3 53 48 3 52 47 3 51 46 3 54 49 3 52 47 3 53 48 3 55 50 3 54 49 3 53 48 3 40 38 1 54 49 3 55 50 3 41 39 1 40 38 1 55 50 3 55 50 3 43 41 1 41 39 1 56 51 3 43 41 1 55 50 3 53 48 3 56 51 3 55 50 3 57 52 1 56 51 3 53 48 3 58 53 1 57 52 1 53 48 3 31 29 1 57 52 1 58 53 1 29 27 1 31 29 1 58 53 1 30 28 1 18 17 3 16 15 1 59 54 1 18 17 3 30 28 1 28 26 1 59 54 1 30 28 1 60 55 3 59 54 1 28 26 1 26 24 3 60 55 3 28 26 1 24 22 3 60 55 3 26 24 3 49 26 1 31 29 1 33 31 1 57 52 1 31 29 1 49 26 1 47 43 1 57 52 1 49 26 1 56 51 3 57 52 1 47 43 1 45 42 1 56 51 3 47 43 1 43 41 1 56 51 3 45 42 1 61 56 2 7 7 1 9 9 2 62 57 1 7 7 1 61 56 2 63 58 3 62 57 1 61 56 2 21 20 1 62 57 1 63 58 3 19 18 3 21 20 1 63 58 3 63 58 3 17 16 3 19 18 3 15 13 2 17 16 3 63 58 3 64 11 2 15 13 2 63 58 3 13 13 2 15 13 2 64 11 2 11 11 2 13 13 2 64 11 2 35 33 2 12 12 2 10 10 2 65 59 2 12 12 2 35 33 2 34 32 1 65 59 2 35 33 2 32 30 1 65 59 2 34 32 1 60 55 3 66 60 3 59 54 1 67 61 3 66 60 3 60 55 3 24 22 3 67 61 3 60 55 3 22 21 1 67 61 3 24 22 3 20 19 3 67 61 3 22 21 1 66 60 3 67 61 3 20 19 3 18 17 3 66 60 3 20 19 3 59 54 1 66 60 3 18 17 3 52 47 3 37 35 3 36 34 3 38 36 1 37 35 3 52 47 3 54 49 3 38 36 1 52 47 3 40 38 1 38 36 1 54 49 3 61 56 2 64 11 2 63 58 3 11 11 2 64 11 2 61 56 2 9 9 2 11 11 2 61 56 2 0 0 0 50 45 1 2 2 1 48 44 1 50 45 1 0 0 0 46 42 0 48 44 1 0 0 0 4 4 1 33 31 1 6 6 1 2 2 1 33 31 1 4 4 1 65 59 2 14 14 2 12 12 2 32 30 1 14 14 2 65 59 2 32 30 1 16 15 1 14 14 2 30 28 1 16 15 1 32 30 1 1 1 0 42 40 1 44 41 0 3 3 1 42 40 1 1 1 0 7 7 1 39 37 1 5 5 1 62 57 1 39 37 1 7 7 1 21 20 1 39 37 1 62 57 1 23 5 1 39 37 1 21 20 1 51 46 3 58 53 1 53 48 3 29 27 1 58 53 1 51 46 3 42 40 1 3 3 1 5 5 1 70 2 1 69 1 0 68 0 0 71 3 1 69 1 0 70 2 1 72 4 1 71 3 1 70 2 1 73 5 1 71 3 1 72 4 1 74 6 1 73 5 1 72 4 1 75 7 1 73 5 1 74 6 1 76 8 2 75 7 1 74 6 1 77 9 2 75 7 1 76 8 2 78 10 2 77 9 2 76 8 2 79 11 2 77 9 2 78 10 2 80 12 2 79 11 2 78 10 2 81 13 2 79 11 2 80 12 2 82 14 2 81 13 2 80 12 2 83 13 2 81 13 2 82 14 2 84 15 1 83 13 2 82 14 2 85 16 3 83 13 2 84 15 1 86 17 3 85 16 3 84 15 1 87 18 3 85 16 3 86 17 3 88 19 3 87 18 3 86 17 3 89 20 1 87 18 3 88 19 3 90 21 1 89 20 1 88 19 3 91 5 1 89 20 1 90 21 1 92 22 3 91 5 1 90 21 1 93 23 3 91 5 1 92 22 3 94 24 3 93 23 3 92 22 3 95 25 3 93 23 3 94 24 3 96 26 1 95 25 3 94 24 3 97 27 1 95 25 3 96 26 1 98 28 1 97 27 1 96 26 1 99 29 1 97 27 1 98 28 1 100 30 1 99 29 1 98 28 1 101 31 1 99 29 1 100 30 1 102 32 1 101 31 1 100 30 1 74 6 1 101 31 1 102 32 1 103 33 2 74 6 1 102 32 1 76 8 2 74 6 1 103 33 2 78 10 2 76 8 2 103 33 2 104 34 3 95 25 3 97 27 1 93 23 3 95 25 3 104 34 3 105 35 3 93 23 3 104 34 3 91 5 1 93 23 3 105 35 3 106 36 1 91 5 1 105 35 3 107 37 1 91 5 1 106 36 1 108 38 1 107 37 1 106 36 1 73 5 1 107 37 1 108 38 1 109 39 1 73 5 1 108 38 1 110 40 1 73 5 1 109 39 1 111 41 1 110 40 1 109 39 1 112 41 0 110 40 1 111 41 1 113 42 1 112 41 0 111 41 1 114 42 0 112 41 0 113 42 1 115 43 1 114 42 0 113 42 1 116 44 1 114 42 0 115 43 1 117 26 1 116 44 1 115 43 1 118 45 1 116 44 1 117 26 1 101 31 1 118 45 1 117 26 1 70 2 1 118 45 1 101 31 1 119 46 3 104 34 3 97 27 1 120 47 3 104 34 3 119 46 3 121 48 3 120 47 3 119 46 3 122 49 3 120 47 3 121 48 3 123 50 3 122 49 3 121 48 3 108 38 1 122 49 3 123 50 3 109 39 1 108 38 1 123 50 3 123 50 3 111 41 1 109 39 1 124 51 3 111 41 1 123 50 3 121 48 3 124 51 3 123 50 3 125 52 1 124 51 3 121 48 3 126 53 1 125 52 1 121 48 3 99 29 1 125 52 1 126 53 1 97 27 1 99 29 1 126 53 1 98 28 1 86 17 3 84 15 1 127 54 1 86 17 3 98 28 1 96 26 1 127 54 1 98 28 1 128 55 3 127 54 1 96 26 1 94 24 3 128 55 3 96 26 1 92 22 3 128 55 3 94 24 3 117 26 1 99 29 1 101 31 1 125 52 1 99 29 1 117 26 1 115 43 1 125 52 1 117 26 1 124 51 3 125 52 1 115 43 1 113 42 1 124 51 3 115 43 1 111 41 1 124 51 3 113 42 1 129 56 2 75 7 1 77 9 2 130 57 1 75 7 1 129 56 2 131 58 3 130 57 1 129 56 2 89 20 1 130 57 1 131 58 3 87 18 3 89 20 1 131 58 3 131 58 3 85 16 3 87 18 3 83 13 2 85 16 3 131 58 3 132 11 2 83 13 2 131 58 3 81 13 2 83 13 2 132 11 2 79 11 2 81 13 2 132 11 2 103 33 2 80 12 2 78 10 2 133 59 2 80 12 2 103 33 2 102 32 1 133 59 2 103 33 2 100 30 1 133 59 2 102 32 1 128 55 3 134 60 3 127 54 1 135 61 3 134 60 3 128 55 3 92 22 3 135 61 3 128 55 3 90 21 1 135 61 3 92 22 3 88 19 3 135 61 3 90 21 1 134 60 3 135 61 3 88 19 3 86 17 3 134 60 3 88 19 3 127 54 1 134 60 3 86 17 3 120 47 3 105 35 3 104 34 3 106 36 1 105 35 3 120 47 3 122 49 3 106 36 1 120 47 3 108 38 1 106 36 1 122 49 3 129 56 2 132 11 2 131 58 3 79 11 2 132 11 2 129 56 2 77 9 2 79 11 2 129 56 2 68 0 0 118 45 1 70 2 1 116 44 1 118 45 1 68 0 0 114 42 0 116 44 1 68 0 0 72 4 1 101 31 1 74 6 1 70 2 1 101 31 1 72 4 1 133 59 2 82 14 2 80 12 2 100 30 1 82 14 2 133 59 2 100 30 1 84 15 1 82 14 2 98 28 1 84 15 1 100 30 1 69 1 0 110 40 1 112 41 0 71 3 1 110 40 1 69 1 0 75 7 1 107 37 1 73 5 1 130 57 1 107 37 1 75 7 1 89 20 1 107 37 1 130 57 1 91 5 1 107 37 1 89 20 1 119 46 3 126 53 1 121 48 3 97 27 1 126 53 1 119 46 3 110 40 1 71 3 1 73 5 1</p>
                </polylist>
            </mesh>
        </geometry>
        <geometry id="mesh8">
            <mesh>
                <source id="points8">
                    <float_array id="pointarray8" count="681">0 -97 424.75 66.4375 -97 419.5 0 -97 521 81.4375 -97 514.5 0 -97 619.625 96.875 -97 611.9375 103.25 -97 652 196.25 -97 589.25 209.0625 -97 627.8125 277.875 -97 555.4375 296.0625 -97 591.75 364.125 -97 501.25 388 -97 534 720.6875 -97 547.25 639.75 -97 639.75 631.9375 -97 463 553.625 -97 553.625 586.25 -97 422.25 510.4375 -97 510.4375 534 -97 388 466.8125 -97 466.8125 501.25 -97 364.125 438.125 -97 438.125 547.25 -97 720.6875 463 -97 631.9375 422.25 -97 586.25 -547.25 -97 720.6875 -639.75 -97 639.75 -464.25 -97 630.6875 -553.5 -97 553.5 -423.75 -97 584.75 -510.3125 -97 510.3125 -388 -97 534 -466.8125 -97 466.8125 -364.125 -97 501.25 -438.125 -97 438.125 -720.6875 -97 547.25 -630.6875 -97 464.25 -584.75 -97 423.75 -534 -97 388 -501.25 -97 364.125 0 -97 660.125 -103.25 -97 652 -96.875 -97 611.9375 -209.0625 -97 627.8125 -196.25 -97 589.25 -296.0625 -97 591.75 -277.875 -97 555.4375 -652 -97 -103.25 -660.125 -97 0 -712.1875 -97 -117.9375 -720.625 -97 0 -1007 -97 -124.875 -1013.8125 -97 0 -1329.375 -97 -130.375 -1339.6875 -97 0 -652 -97 103.25 -712.1875 -97 117.9375 -1007 -97 124.875 -1329.375 -97 130.375 0 -97 -390.75 -61.125 -97 -385.9375 0 -97 -424.75 -66.4375 -97 -419.5 0 -97 -521 -81.4375 -97 -514.5 0 -97 -619.625 -96.875 -97 -611.9375 -123.75 -97 -371.625 -134.5 -97 -403.9375 -165 -97 -495.4375 -196.25 -97 -589.25 -175.25 -97 -350.25 -190.5 -97 -380.75 -233.625 -97 -467 -277.875 -97 -555.4375 -229.625 -97 -316.125 -249.625 -97 -343.625 -306.1875 -97 -421.4375 -364.125 -97 -501.25 -276.3125 -97 -276.3125 -300.3125 -97 -300.3125 -368.375 -97 -368.375 -438.125 -97 -438.125 -316.125 -97 -229.625 -343.625 -97 -249.625 -421.4375 -97 -306.1875 -501.25 -97 -364.125 -350.25 -97 -175.25 -380.75 -97 -190.5 -467 -97 -233.625 -555.4375 -97 -277.875 -371.625 -97 -123.75 -403.9375 -97 -134.5 -495.4375 -97 -165 -589.25 -97 -196.25 -385.9375 -97 -61.125 -419.5 -97 -66.4375 -514.5 -97 -81.4375 -611.9375 -97 -96.875 -390.75 -97 0 -424.75 -97 0 -521 -97 0 -619.625 -97 0 -385.9375 -97 61.125 -419.5 -97 66.4375 -514.5 -97 81.4375 -611.9375 -97 96.875 -371.625 -97 123.75 -403.9375 -97 134.5 -495.4375 -97 165 -589.25 -97 196.25 -350.25 -97 175.25 -380.75 -97 190.5 -467 -97 233.625 -555.4375 -97 277.875 -316.125 -97 229.625 -343.625 -97 249.625 -421.4375 -97 306.1875 -276.3125 -97 276.3125 -300.3125 -97 300.3125 -368.375 -97 368.375 -229.625 -97 316.125 -249.625 -97 343.625 -306.1875 -97 421.4375 -175.25 -97 350.25 -190.5 -97 380.75 -233.625 -97 467 -123.75 -97 371.625 -134.5 -97 403.9375 -165 -97 495.4375 229.625 -97 -316.125 175.25 -97 -350.25 249.625 -97 -343.625 190.5 -97 -380.75 306.1875 -97 -421.4375 233.625 -97 -467 364.125 -97 -501.25 277.875 -97 -555.4375 -66.4375 -97 419.5 -81.4375 -97 514.5 123.75 -97 -371.625 134.5 -97 -403.9375 165 -97 -495.4375 196.25 -97 -589.25 61.125 -97 -385.9375 66.4375 -97 -419.5 81.4375 -97 -514.5 96.875 -97 -611.9375 385.9375 -97 61.125 390.75 -97 0 419.5 -97 66.4375 424.75 -97 0 514.5 -97 81.4375 521 -97 0 611.9375 -97 96.875 619.625 -97 0 61.125 -97 385.9375 123.75 -97 371.625 134.5 -97 403.9375 165 -97 495.4375 175.25 -97 350.25 190.5 -97 380.75 233.625 -97 467 229.625 -97 316.125 249.625 -97 343.625 306.1875 -97 421.4375 276.3125 -97 276.3125 300.3125 -97 300.3125 368.375 -97 368.375 316.125 -97 229.625 343.625 -97 249.625 421.4375 -97 306.1875 350.25 -97 175.25 380.75 -97 190.5 467 -97 233.625 555.4375 -97 277.875 371.625 -97 123.75 403.9375 -97 134.5 495.4375 -97 165 589.25 -97 196.25 385.9375 -97 -61.125 419.5 -97 -66.4375 514.5 -97 -81.4375 611.9375 -97 -96.875 371.625 -97 -123.75 403.9375 -97 -134.5 495.4375 -97 -165 589.25 -97 -196.25 350.25 -97 -175.25 380.75 -97 -190.5 467 -97 -233.625 555.4375 -97 -277.875 316.125 -97 -229.625 343.625 -97 -249.625 421.4375 -97 -306.1875 501.25 -97 -364.125 276.3125 -97 -276.3125 300.3125 -97 -300.3125 368.375 -97 -368.375 438.125 -97 -438.125 -61.125 -97 385.9375 0 -97 390.75 0 -97 -660.125 -103.25 -97 -652 -209.0625 -97 -627.8125 -296.0625 -97 -591.75 -388 -97 -534 -466.8125 -97 -466.8125 -534 -97 -388 103.25 -97 -652 209.0625 -97 -627.8125 296.0625 -97 -591.75 388 -97 -534 466.8125 -97 -466.8125 534 -97 -388 591.75 -97 -296.0625 627.8125 -97 -209.0625 652 -97 -103.25 660.125 -97 0 652 -97 103.25 627.8125 -97 209.0625 591.75 -97 296.0625 -591.75 -97 296.0625 -627.8125 -97 209.0625 -627.8125 -97 -209.0625 -591.75 -97 -296.0625</float_array>
                    <technique_common>
                        <accessor count="227" source="#pointarray8" stride="3">
                            <param name="X" type="float"/>
                            <param name="Y" type="float"/>
                            <param name="Z" type="float"/>
                        </accessor>
                    </technique_common>
                </source>
                <source id="uvs8">
                    <float_array id="uvarray8" count="382">0.5 -0.16796875 0.798828125 -0.16796875 0.5 0.5 0.798828125 0.5 0.798828125 -0.5 1.11328125 -0.16796875 1.11328125 -0.5 1.384765625 -0.16796875 1.384765625 -0.5 1.69921875 -0.16796875 1.69921875 -0.5 2.259765625 1.212890625 2 1.212890625 2.291015625 0.986328125 2 0.986328125 2.306640625 0.26171875 2 0.26171875 2.298828125 -0.5 2 -0.5 2.298828125 -0.16796875 2 -0.16796875 1.740234375 1.212890625 1.70703125 0.986328125 1.69140625 0.26171875 -0.73828125 1.212890625 -0.998046875 1.212890625 -0.7109375 0.986328125 -0.998046875 0.986328125 -0.697265625 0.26171875 -0.998046875 0.26171875 -0.69921875 -0.5 -0.998046875 -0.5 -0.69921875 -0.16796875 -0.998046875 -0.16796875 -1.2578125 1.212890625 -1.287109375 0.986328125 -1.30078125 0.26171875 -1.298828125 -0.5 -1.298828125 -0.16796875 0.5 -0.5 0.19921875 -0.5 0.19921875 -0.16796875 -0.11328125 -0.5 -0.11328125 -0.16796875 -0.384765625 -0.5 -0.384765625 -0.16796875 -2.798828125 -0.5 -2.498046875 -0.5 -2.8125 -0.775390625 -2.498046875 -0.775390625 -2.734375 -1.998046875 -2.498046875 -1.998046875 -2.685546875 -3.94921875 -2.498046875 -3.94921875 -2.19921875 -0.5 -2.185546875 -0.775390625 -2.263671875 -1.998046875 -2.3125 -3.94921875 -5.498046875 -0.50390625 -5.19921875 -0.50390625 -5.498046875 -0.16796875 -5.19921875 -0.16796875 -5.498046875 0.5 -5.19921875 0.5 -4.884765625 -0.50390625 -4.884765625 -0.16796875 -4.884765625 0.5 -4.61328125 -0.50390625 -4.61328125 -0.16796875 -4.61328125 0.5 -4.298828125 -0.50390625 -4.298828125 -0.16796875 -4.298828125 0.5 -3.998046875 -0.50390625 -3.998046875 -0.16796875 -3.998046875 0.5 -3.69921875 -0.50390625 -3.69921875 -0.16796875 -3.69921875 0.5 -3.384765625 -0.50390625 -3.384765625 -0.16796875 -3.384765625 0.5 -3.11328125 -0.50390625 -3.11328125 -0.16796875 -3.11328125 0.5 -2.798828125 -0.50390625 -2.798828125 -0.16796875 -2.798828125 0.5 -2.498046875 -0.50390625 -2.498046875 -0.16796875 -2.498046875 0.5 -2.19921875 -0.50390625 -2.19921875 -0.16796875 -2.19921875 0.5 -1.884765625 -0.50390625 -1.884765625 -0.16796875 -1.884765625 0.5 -1.61328125 -0.50390625 -1.61328125 -0.16796875 -1.61328125 0.5 -1.298828125 -0.50390625 -1.298828125 0.5 -0.998046875 -0.50390625 -0.998046875 0.5 -0.69921875 -0.50390625 -0.69921875 0.5 -0.384765625 -0.50390625 -0.384765625 0.5 -0.11328125 -0.50390625 -0.11328125 0.5 5.298828125 -0.50390625 5.61328125 -0.50390625 5.298828125 -0.16796875 5.61328125 -0.16796875 5.298828125 0.5 5.61328125 0.5 0.19921875 0.5 5.884765625 -0.50390625 5.884765625 -0.16796875 5.884765625 0.5 6.19921875 -0.50390625 6.5 -0.50390625 6.19921875 -0.16796875 6.5 -0.16796875 6.19921875 0.5 6.5 0.5 3.19921875 -0.50390625 3.5 -0.50390625 3.19921875 -0.16796875 3.5 -0.16796875 3.19921875 0.5 3.5 0.5 0.798828125 -0.50390625 1.11328125 -0.50390625 1.11328125 0.5 1.384765625 -0.50390625 1.384765625 0.5 1.69921875 -0.50390625 1.69921875 0.5 2 -0.50390625 2 0.5 2.298828125 -0.50390625 2.298828125 0.5 2.61328125 -0.50390625 2.61328125 -0.16796875 2.61328125 0.5 2.884765625 -0.50390625 2.884765625 -0.16796875 2.884765625 0.5 3.798828125 -0.50390625 3.798828125 -0.16796875 3.798828125 0.5 4.11328125 -0.50390625 4.11328125 -0.16796875 4.11328125 0.5 4.384765625 -0.50390625 4.384765625 -0.16796875 4.384765625 0.5 4.69921875 -0.50390625 4.69921875 -0.16796875 4.69921875 0.5 5 -0.50390625 5 -0.16796875 5 0.5 0.19921875 -0.50390625 0.5 -0.50390625 -5.498046875 -0.5 -5.19921875 -0.5 -4.884765625 -0.5 -4.61328125 -0.5 -4.298828125 -0.5 -3.998046875 -0.5 -3.69921875 -0.5 6.5 -0.5 6.19921875 -0.5 5.884765625 -0.5 5.61328125 -0.5 5.298828125 -0.5 5 -0.5 4.69921875 -0.5 4.384765625 -0.5 4.11328125 -0.5 3.798828125 -0.5 3.5 -0.5 3.19921875 -0.5 2.884765625 -0.5 2.61328125 -0.5 -1.61328125 -0.5 -1.884765625 -0.5 -3.11328125 -0.5 -3.384765625 -0.5</float_array>
                    <technique_common>
                        <accessor count="191" source="#uvarray8" stride="2">
                            <param name="S" type="float"/>
                            <param name="T" type="float"/>
                        </accessor>
                    </technique_common>
                </source>
                <source id="colors8">
                    <float_array id="colorarray8" count="8">1 1 1 1 1 1 1 0.2</float_array>
                    <technique_common>
                        <accessor count="2" source="#colorarray8" stride="4">
                            <param name="R" type="float"/>
                            <param name="G" type="float"/>
                            <param name="B" type="float"/>
                            <param name="A" type="float"/>
                        </accessor>
                    </technique_common>
                </source>
                <vertices id="vertices8">
                    <input semantic="POSITION" source="#points8"/>
                </vertices>
                <polylist count="356" material="Material1">
                    <input offset="0" semantic="VERTEX" source="#vertices8"/>
                    <input offset="1" semantic="TEXCOORD" source="#uvs8" set="0"/>
                    <input offset="2" semantic="COLOR" source="#colors8" set="0"/>
                    <vcount>3 3 3 3 3 3 3 3 3 3 3 3 3 3 3 3 3 3 3 3 3 3 3 3 3 3 3 3 3 3 3 3 3 3 3 3 3 3 3 3 3 3 3 3 3 3 3 3 3 3 3 3 3 3 3 3 3 3 3 3 3 3 3 3 3 3 3 3 3 3 3 3 3 3 3 3 3 3 3 3 3 3 3 3 3 3 3 3 3 3 3 3 3 3 3 3 3 3 3 3 3 3 3 3 3 3 3 3 3 3 3 3 3 3 3 3 3 3 3 3 3 3 3 3 3 3 3 3 3 3 3 3 3 3 3 3 3 3 3 3 3 3 3 3 3 3 3 3 3 3 3 3 3 3 3 3 3 3 3 3 3 3 3 3 3 3 3 3 3 3 3 3 3 3 3 3 3 3 3 3 3 3 3 3 3 3 3 3 3 3 3 3 3 3 3 3 3 3 3 3 3 3 3 3 3 3 3 3 3 3 3 3 3 3 3 3 3 3 3 3 3 3 3 3 3 3 3 3 3 3 3 3 3 3 3 3 3 3 3 3 3 3 3 3 3 3 3 3 3 3 3 3 3 3 3 3 3 3 3 3 3 3 3 3 3 3 3 3 3 3 3 3 3 3 3 3 3 3 3 3 3 3 3 3 3 3 3 3 3 3 3 3 3 3 3 3 3 3 3 3 3 3 3 3 3 3 3 3 3 3 3 3 3 3 3 3 3 3 3 3 3 3 3 3 3 3 3 3 3 3 3 3 3 3 3 3 3 3 3 3 3 3 3 3 3 3 3 3 3 3 3 3 3 3 3 3</vcount>
                    <p>2 2 1 1 1 0 0 0 0 3 3 1 1 1 0 2 2 1 4 0 0 3 3 1 2 2 1 5 1 0 3 3 1 4 0 0 6 4 0 5 1 0 4 0 0 7 5 0 5 1 0 6 4 0 8 6 0 7 5 0 6 4 0 9 7 0 7 5 0 8 6 0 10 8 0 9 7 0 8 6 0 11 9 0 9 7 0 10 8 0 12 10 0 11 9 0 10 8 0 15 13 0 14 12 0 13 11 0 16 14 1 14 12 0 15 13 0 17 15 0 16 14 1 15 13 0 18 16 1 16 14 1 17 15 0 19 17 0 18 16 1 17 15 0 20 18 1 18 16 1 19 17 0 21 19 0 20 18 1 19 17 0 22 20 1 20 18 1 21 19 0 16 14 1 23 21 0 14 12 0 24 22 0 23 21 0 16 14 1 18 16 1 24 22 0 16 14 1 25 23 0 24 22 0 18 16 1 20 18 1 25 23 0 18 16 1 12 10 0 25 23 0 20 18 1 22 20 1 12 10 0 20 18 1 11 9 0 12 10 0 22 20 1 28 26 0 27 25 0 26 24 0 29 27 1 27 25 0 28 26 0 30 28 0 29 27 1 28 26 0 31 29 1 29 27 1 30 28 0 32 30 0 31 29 1 30 28 0 33 31 1 31 29 1 32 30 0 34 32 0 33 31 1 32 30 0 35 33 1 33 31 1 34 32 0 29 27 1 36 34 0 27 25 0 37 35 0 36 34 0 29 27 1 31 29 1 37 35 0 29 27 1 38 36 0 37 35 0 31 29 1 33 31 1 38 36 0 31 29 1 39 37 0 38 36 0 33 31 1 35 33 1 39 37 0 33 31 1 40 38 0 39 37 0 35 33 1 43 41 0 42 40 0 41 39 0 44 42 0 42 40 0 43 41 0 45 43 0 44 42 0 43 41 0 46 44 0 44 42 0 45 43 0 47 45 0 46 44 0 45 43 0 32 30 0 46 44 0 47 45 0 34 32 0 32 30 0 47 45 0 50 48 0 49 47 1 48 46 0 51 49 1 49 47 1 50 48 0 52 50 0 51 49 1 50 48 0 53 51 1 51 49 1 52 50 0 54 52 0 53 51 1 52 50 0 55 53 1 53 51 1 54 52 0 51 49 1 56 54 0 49 47 1 57 55 0 56 54 0 51 49 1 53 51 1 57 55 0 51 49 1 58 56 0 57 55 0 53 51 1 55 53 1 58 56 0 53 51 1 59 57 0 58 56 0 55 53 1 62 60 0 61 59 0 60 58 0 63 61 0 61 59 0 62 60 0 64 62 1 63 61 0 62 60 0 65 63 1 63 61 0 64 62 1 66 60 0 65 63 1 64 62 1 67 61 0 65 63 1 66 60 0 63 61 0 68 64 0 61 59 0 69 65 0 68 64 0 63 61 0 65 63 1 69 65 0 63 61 0 70 66 1 69 65 0 65 63 1 67 61 0 70 66 1 65 63 1 71 65 0 70 66 1 67 61 0 69 65 0 72 67 0 68 64 0 73 68 0 72 67 0 69 65 0 70 66 1 73 68 0 69 65 0 74 69 1 73 68 0 70 66 1 71 65 0 74 69 1 70 66 1 75 68 0 74 69 1 71 65 0 73 68 0 76 70 0 72 67 0 77 71 0 76 70 0 73 68 0 74 69 1 77 71 0 73 68 0 78 72 1 77 71 0 74 69 1 75 68 0 78 72 1 74 69 1 79 71 0 78 72 1 75 68 0 77 71 0 80 73 0 76 70 0 81 74 0 80 73 0 77 71 0 78 72 1 81 74 0 77 71 0 82 75 1 81 74 0 78 72 1 79 71 0 82 75 1 78 72 1 83 74 0 82 75 1 79 71 0 81 74 0 84 76 0 80 73 0 85 77 0 84 76 0 81 74 0 82 75 1 85 77 0 81 74 0 86 78 1 85 77 0 82 75 1 83 74 0 86 78 1 82 75 1 87 77 0 86 78 1 83 74 0 85 77 0 88 79 0 84 76 0 89 80 0 88 79 0 85 77 0 86 78 1 89 80 0 85 77 0 90 81 1 89 80 0 86 78 1 87 77 0 90 81 1 86 78 1 91 80 0 90 81 1 87 77 0 89 80 0 92 82 0 88 79 0 93 83 0 92 82 0 89 80 0 90 81 1 93 83 0 89 80 0 94 84 1 93 83 0 90 81 1 91 80 0 94 84 1 90 81 1 95 83 0 94 84 1 91 80 0 93 83 0 96 85 0 92 82 0 97 86 0 96 85 0 93 83 0 94 84 1 97 86 0 93 83 0 98 87 1 97 86 0 94 84 1 95 83 0 98 87 1 94 84 1 99 86 0 98 87 1 95 83 0 97 86 0 100 88 0 96 85 0 101 89 0 100 88 0 97 86 0 98 87 1 101 89 0 97 86 0 102 90 1 101 89 0 98 87 1 99 86 0 102 90 1 98 87 1 103 89 1 102 90 1 99 86 0 101 89 0 104 91 0 100 88 0 105 92 0 104 91 0 101 89 0 102 90 1 105 92 0 101 89 0 106 93 1 105 92 0 102 90 1 103 89 1 106 93 1 102 90 1 107 92 0 106 93 1 103 89 1 105 92 0 108 94 0 104 91 0 109 95 0 108 94 0 105 92 0 106 93 1 109 95 0 105 92 0 110 96 1 109 95 0 106 93 1 107 92 0 110 96 1 106 93 1 111 95 0 110 96 1 107 92 0 109 95 0 112 97 0 108 94 0 113 98 0 112 97 0 109 95 0 110 96 1 113 98 0 109 95 0 114 99 1 113 98 0 110 96 1 111 95 0 114 99 1 110 96 1 115 98 0 114 99 1 111 95 0 113 98 0 116 100 0 112 97 0 117 38 0 116 100 0 113 98 0 114 99 1 117 38 0 113 98 0 118 101 1 117 38 0 114 99 1 115 98 0 118 101 1 114 99 1 40 38 0 118 101 1 115 98 0 117 38 0 119 102 0 116 100 0 120 33 0 119 102 0 117 38 0 118 101 1 120 33 0 117 38 0 121 103 1 120 33 0 118 101 1 40 38 0 121 103 1 118 101 1 35 33 1 121 103 1 40 38 0 120 33 0 122 104 0 119 102 0 123 32 0 122 104 0 120 33 0 121 103 1 123 32 0 120 33 0 124 105 1 123 32 0 121 103 1 35 33 1 124 105 1 121 103 1 34 32 0 124 105 1 35 33 1 123 32 0 125 106 0 122 104 0 126 45 0 125 106 0 123 32 0 124 105 1 126 45 0 123 32 0 127 107 1 126 45 0 124 105 1 34 32 0 127 107 1 124 105 1 47 45 0 127 107 1 34 32 0 126 45 0 128 108 0 125 106 0 129 43 0 128 108 0 126 45 0 127 107 1 129 43 0 126 45 0 130 109 1 129 43 0 127 107 1 47 45 0 130 109 1 127 107 1 45 43 0 130 109 1 47 45 0 133 112 0 132 111 0 131 110 0 134 113 0 132 111 0 133 112 0 135 114 1 134 113 0 133 112 0 136 115 1 134 113 0 135 114 1 137 112 0 136 115 1 135 114 1 138 113 0 136 115 1 137 112 0 140 116 1 0 0 0 139 41 0 2 2 1 0 0 0 140 116 1 43 41 0 2 2 1 140 116 1 4 0 0 2 2 1 43 41 0 41 39 0 4 0 0 43 41 0 6 4 0 4 0 0 41 39 0 134 113 0 141 117 0 132 111 0 142 118 0 141 117 0 134 113 0 136 115 1 142 118 0 134 113 0 143 119 1 142 118 0 136 115 1 138 113 0 143 119 1 136 115 1 144 118 0 143 119 1 138 113 0 146 122 0 60 121 0 145 120 0 62 123 0 60 121 0 146 122 0 147 124 1 62 123 0 146 122 0 64 125 1 62 123 0 147 124 1 148 122 0 64 125 1 147 124 1 66 123 0 64 125 1 148 122 0 151 128 0 150 127 0 149 126 0 152 129 0 150 127 0 151 128 0 153 130 1 152 129 0 151 128 0 154 131 1 152 129 0 153 130 1 155 128 0 154 131 1 153 130 1 156 129 0 154 131 1 155 128 0 1 1 0 158 133 0 157 132 0 159 5 0 158 133 0 1 1 0 3 3 1 159 5 0 1 1 0 160 134 1 159 5 0 3 3 1 5 1 0 160 134 1 3 3 1 7 5 0 160 134 1 5 1 0 159 5 0 161 135 0 158 133 0 162 7 0 161 135 0 159 5 0 160 134 1 162 7 0 159 5 0 163 136 1 162 7 0 160 134 1 7 5 0 163 136 1 160 134 1 9 7 0 163 136 1 7 5 0 162 7 0 164 137 0 161 135 0 165 9 0 164 137 0 162 7 0 163 136 1 165 9 0 162 7 0 166 138 1 165 9 0 163 136 1 9 7 0 166 138 1 163 136 1 11 9 0 166 138 1 9 7 0 165 9 0 167 139 0 164 137 0 168 20 0 167 139 0 165 9 0 166 138 1 168 20 0 165 9 0 169 140 1 168 20 0 166 138 1 11 9 0 169 140 1 166 138 1 22 20 1 169 140 1 11 9 0 168 20 0 170 141 0 167 139 0 171 19 0 170 141 0 168 20 0 169 140 1 171 19 0 168 20 0 172 142 1 171 19 0 169 140 1 22 20 1 172 142 1 169 140 1 21 19 0 172 142 1 22 20 1 171 19 0 173 143 0 170 141 0 174 144 0 173 143 0 171 19 0 172 142 1 174 144 0 171 19 0 175 145 1 174 144 0 172 142 1 21 19 0 175 145 1 172 142 1 176 144 0 175 145 1 21 19 0 174 144 0 177 146 0 173 143 0 178 147 0 177 146 0 174 144 0 175 145 1 178 147 0 174 144 0 179 148 1 178 147 0 175 145 1 176 144 0 179 148 1 175 145 1 180 147 0 179 148 1 176 144 0 178 147 0 149 126 0 177 146 0 151 128 0 149 126 0 178 147 0 179 148 1 151 128 0 178 147 0 153 130 1 151 128 0 179 148 1 180 147 0 153 130 1 179 148 1 155 128 0 153 130 1 180 147 0 142 118 0 145 120 0 141 117 0 146 122 0 145 120 0 142 118 0 143 119 1 146 122 0 142 118 0 147 124 1 146 122 0 143 119 1 144 118 0 147 124 1 143 119 1 148 122 0 147 124 1 144 118 0 152 129 0 181 149 0 150 127 0 182 150 0 181 149 0 152 129 0 154 131 1 182 150 0 152 129 0 183 151 1 182 150 0 154 131 1 156 129 0 183 151 1 154 131 1 184 150 0 183 151 1 156 129 0 182 150 0 185 152 0 181 149 0 186 153 0 185 152 0 182 150 0 183 151 1 186 153 0 182 150 0 187 154 1 186 153 0 183 151 1 184 150 0 187 154 1 183 151 1 188 153 0 187 154 1 184 150 0 186 153 0 189 155 0 185 152 0 190 156 0 189 155 0 186 153 0 187 154 1 190 156 0 186 153 0 191 157 1 190 156 0 187 154 1 188 153 0 191 157 1 187 154 1 192 156 0 191 157 1 188 153 0 190 156 0 193 158 0 189 155 0 194 159 0 193 158 0 190 156 0 191 157 1 194 159 0 190 156 0 195 160 1 194 159 0 191 157 1 192 156 0 195 160 1 191 157 1 196 159 0 195 160 1 192 156 0 194 159 0 197 161 0 193 158 0 198 162 0 197 161 0 194 159 0 195 160 1 198 162 0 194 159 0 199 163 1 198 162 0 195 160 1 196 159 0 199 163 1 195 160 1 200 162 0 199 163 1 196 159 0 198 162 0 131 110 0 197 161 0 133 112 0 131 110 0 198 162 0 199 163 1 133 112 0 198 162 0 135 114 1 133 112 0 199 163 1 200 162 0 135 114 1 199 163 1 137 112 0 135 114 1 200 162 0 130 109 1 139 41 0 129 43 0 140 116 1 139 41 0 130 109 1 45 43 0 140 116 1 130 109 1 43 41 0 140 116 1 45 43 0 129 43 0 201 164 0 128 108 0 139 41 0 201 164 0 129 43 0 139 41 0 202 165 0 201 164 0 0 0 0 202 165 0 139 41 0 0 0 0 157 132 0 202 165 0 1 1 0 157 132 0 0 0 0 203 166 0 67 61 0 66 60 0 204 167 0 67 61 0 203 166 0 204 167 0 71 65 0 67 61 0 205 168 0 71 65 0 204 167 0 205 168 0 75 68 0 71 65 0 206 169 0 75 68 0 205 168 0 206 169 0 79 71 0 75 68 0 207 170 0 79 71 0 206 169 0 207 170 0 83 74 0 79 71 0 208 171 0 83 74 0 207 170 0 208 171 0 87 77 0 83 74 0 209 172 0 87 77 0 208 171 0 66 123 0 210 174 0 203 173 0 148 122 0 210 174 0 66 123 0 148 122 0 211 175 0 210 174 0 144 118 0 211 175 0 148 122 0 144 118 0 212 176 0 211 175 0 138 113 0 212 176 0 144 118 0 138 113 0 213 177 0 212 176 0 137 112 0 213 177 0 138 113 0 137 112 0 214 178 0 213 177 0 200 162 0 214 178 0 137 112 0 200 162 0 215 179 0 214 178 0 196 159 0 215 179 0 200 162 0 196 159 0 216 180 0 215 179 0 192 156 0 216 180 0 196 159 0 192 156 0 217 181 0 216 180 0 188 153 0 217 181 0 192 156 0 188 153 0 218 182 0 217 181 0 184 150 0 218 182 0 188 153 0 184 150 0 219 183 0 218 182 0 156 129 0 219 183 0 184 150 0 156 129 0 220 184 0 219 183 0 155 128 0 220 184 0 156 129 0 155 128 0 221 185 0 220 184 0 180 147 0 221 185 0 155 128 0 180 147 0 222 186 0 221 185 0 176 144 0 222 186 0 180 147 0 176 144 0 19 17 0 222 186 0 21 19 0 19 17 0 176 144 0 40 38 0 223 187 0 39 37 0 115 98 0 223 187 0 40 38 0 115 98 0 224 188 0 223 187 0 111 95 0 224 188 0 115 98 0 111 95 0 56 54 0 224 188 0 107 92 0 56 54 0 111 95 0 107 92 0 49 47 1 56 54 0 103 89 1 49 47 1 107 92 0 103 89 1 48 46 0 49 47 1 99 86 0 48 46 0 103 89 1 99 86 0 225 189 0 48 46 0 95 83 0 225 189 0 99 86 0 95 83 0 226 190 0 225 189 0 91 80 0 226 190 0 95 83 0 91 80 0 209 172 0 226 190 0 87 77 0 209 172 0 91 80 0</p>
                </polylist>
            </mesh>
        </geometry>
    </library_geometries>
    <library_visual_scenes>
        <visual_scene id="VisualSceneNode">
            <node id="node0" name="m0" type="NODE">
                <instance_geometry url="#mesh0">
                    <bind_material>
                        <technique_common>
                            <instance_material symbol="Material1" target="#mat1">
                                <bind_vertex_input semantic="UVSET0" input_semantic="TEXCOORD" input_set="0"></bind_vertex_input>
                            </instance_material>
                        </technique_common>
                    </bind_material>
                </instance_geometry>
            </node>
            <node id="node1" name="m1" type="NODE">
                <instance_geometry url="#mesh1">
                    <bind_material>
                        <technique_common>
                            <instance_material symbol="Material1" target="#mat0">
                                <bind_vertex_input semantic="UVSET0" input_semantic="TEXCOORD" input_set="0"></bind_vertex_input>
                            </instance_material>
                        </technique_common>
                    </bind_material>
                </instance_geometry>
            </node>
            <node id="node2" name="m2" type="NODE">
                <instance_geometry url="#mesh2">
                    <bind_material>
                        <technique_common>
                            <instance_material symbol="Material1" target="#mat2">
                                <bind_vertex_input semantic="UVSET0" input_semantic="TEXCOORD" input_set="0"></bind_vertex_input>
                            </instance_material>
                        </technique_common>
                    </bind_material>
                </instance_geometry>
            </node>
            <node id="node3" name="m3" type="NODE">
                <instance_geometry url="#mesh3">
                    <bind_material>
                        <technique_common>
                            <instance_material symbol="Material1" target="#mat3">
                                <bind_vertex_input semantic="UVSET0" input_semantic="TEXCOORD" input_set="0"></bind_vertex_input>
                            </instance_material>
                        </technique_common>
                    </bind_material>
                </instance_geometry>
            </node>
            <node id="node4" name="m4" type="NODE">
                <instance_geometry url="#mesh4">
                    <bind_material>
                        <technique_common>
                            <instance_material symbol="Material1" target="#mat4">
                                <bind_vertex_input semantic="UVSET0" input_semantic="TEXCOORD" input_set="0"></bind_vertex_input>
                            </instance_material>
                        </technique_common>
                    </bind_material>
                </instance_geometry>
            </node>
            <node id="node5" name="m5" type="NODE">
                <instance_geometry url="#mesh5">
                    <bind_material>
                        <technique_common>
                            <instance_material symbol="Material1" target="#mat8">
                                <bind_vertex_input semantic="UVSET0" input_semantic="TEXCOORD" input_set="0"></bind_vertex_input>
                            </instance_material>
                        </technique_common>
                    </bind_material>
                </instance_geometry>
            </node>
            <node id="node6" name="m6" type="NODE">
                <instance_geometry url="#mesh6">
                    <bind_material>
                        <technique_common>
                            <instance_material symbol="Material1" target="#mat5">
                                <bind_vertex_input semantic="UVSET0" input_semantic="TEXCOORD" input_set="0"></bind_vertex_input>
                            </instance_material>
                        </technique_common>
                    </bind_material>
                </instance_geometry>
            </node>
            <node id="node7" name="m7" type="NODE">
                <instance_geometry url="#mesh7">
                    <bind_material>
                        <technique_common>
                            <instance_material symbol="Material1" target="#mat6">
                                <bind_vertex_input semantic="UVSET0" input_semantic="TEXCOORD" input_set="0"></bind_vertex_input>
                            </instance_material>
                        </technique_common>
                    </bind_material>
                </instance_geometry>
            </node>
            <node id="node8" name="m8" type="NODE">
                <instance_geometry url="#mesh8">
                    <bind_material>
                        <technique_common>
                            <instance_material symbol="Material1" target="#mat7">
                                <bind_vertex_input semantic="UVSET0" input_semantic="TEXCOORD" input_set="0"></bind_vertex_input>
                            </instance_material>
                        </technique_common>
                    </bind_material>
                </instance_geometry>
            </node>
        </visual_scene>
    </library_visual_scenes>
    <scene>
        <instance_visual_scene url="#VisualSceneNode"></instance_visual_scene>
    </scene>
</COLLADA>
