<?xml version="1.0"?>
<COLLADA xmlns="http://www.collada.org/2005/11/COLLADASchema" version="1.4.1">
    <asset>
        <contributor>
            <authoring_tool>J3D Ripoff Exporter</authoring_tool>
        </contributor>
        <created>2023-01-26T05:25:23.170Z</created>
        <modified>2023-01-26T05:25:23.170Z</modified>
		<unit meter="0.01" name="centimeter" ></unit>
        <up_axis>Y_UP</up_axis>
    </asset>
    <library_images>
        <image id="tex0">
            <init_from>AstroPlanetWall.png</init_from>
        </image>
        <image id="tex1">
            <init_from>CometHalo.png</init_from>
        </image>
        <image id="tex2">
            <init_from>IndBendMud.png</init_from>
        </image>
        <image id="tex3">
            <init_from>IndBendMud.png</init_from>
        </image>
        <image id="tex4">
            <init_from>PlanetSun.png</init_from>
        </image>
        <image id="tex5">
            <init_from>OrbitUniverseL.png</init_from>
        </image>
        <image id="tex6">
            <init_from>Galaxy.png</init_from>
        </image>
        <image id="tex7">
            <init_from>GalaxyRiverK.png</init_from>
        </image>
        <image id="tex8">
            <init_from>Skyk.png</init_from>
        </image>
        <image id="tex9">
            <init_from>EarthKsMM.png</init_from>
        </image>
        <image id="tex10">
            <init_from>Cloud01k.png</init_from>
        </image>
        <image id="tex11">
            <init_from>EarthFarK.png</init_from>
        </image>
        <image id="tex_vc">
            <init_from>vertexColors_comet.png</init_from>
        </image>
    </library_images>
    <library_effects>
        <effect id="effect0">
            <profile_COMMON>
                <newparam sid="surface0">
                    <surface type="2D">
                        <init_from>tex1</init_from>
                    </surface>
                </newparam>
                <newparam sid="sampler0">
                    <sampler2D>
                        <source>surface0</source>
                    </sampler2D>
                </newparam>
                <technique sid="COMMON">
                    <blinn>
                        <diffuse>
                            <texture texture="sampler0" texcoord="UVSET0"></texture>
                        </diffuse>
                    </blinn>
                </technique>
            </profile_COMMON>
        </effect>
        <effect id="effect1">
            <profile_COMMON>
                <newparam sid="surface1">
                    <surface type="2D">
                        <init_from>tex0</init_from>
                    </surface>
                </newparam>
                <newparam sid="sampler1">
                    <sampler2D>
                        <source>surface1</source>
                    </sampler2D>
                </newparam>
                <technique sid="COMMON">
                    <blinn>
                        <diffuse>
                            <texture texture="sampler1" texcoord="UVSET0"></texture>
                        </diffuse>
                    </blinn>
                </technique>
            </profile_COMMON>
        </effect>
        <effect id="effect2">
            <profile_COMMON>
                <newparam sid="surface2">
                    <surface type="2D">
                        <init_from>tex2</init_from>
                    </surface>
                </newparam>
                <newparam sid="sampler2">
                    <sampler2D>
                        <source>surface2</source>
                    </sampler2D>
                </newparam>
                <technique sid="COMMON">
                    <blinn>
                        <diffuse>
                            <texture texture="sampler2" texcoord="UVSET0"></texture>
                        </diffuse>
                    </blinn>
                </technique>
            </profile_COMMON>
        </effect>
        <effect id="effect3">
            <profile_COMMON>
                <technique sid="COMMON">
                    <blinn>
                        <diffuse>
                            <color>1 1 1 1</color>
                        </diffuse>
                    </blinn>
                </technique>
            </profile_COMMON>
        </effect>
        <effect id="effect4">
            <profile_COMMON>
                <newparam sid="surface4">
                    <surface type="2D">
                        <init_from>tex9</init_from>
                    </surface>
                </newparam>
                <newparam sid="sampler4">
                    <sampler2D>
                        <source>surface4</source>
                    </sampler2D>
                </newparam>
                <technique sid="COMMON">
                    <blinn>
                        <diffuse>
                            <texture texture="sampler4" texcoord="UVSET0"></texture>
                        </diffuse>
                    </blinn>
                </technique>
            </profile_COMMON>
        </effect>
        <effect id="effect5">
            <profile_COMMON>
                <newparam sid="surface5">
                    <surface type="2D">
                        <init_from>tex9</init_from>
                    </surface>
                </newparam>
                <newparam sid="sampler5">
                    <sampler2D>
                        <source>surface5</source>
                    </sampler2D>
                </newparam>
                <technique sid="COMMON">
                    <blinn>
                        <diffuse>
                            <texture texture="sampler5" texcoord="UVSET0"></texture>
                        </diffuse>
                    </blinn>
                </technique>
            </profile_COMMON>
        </effect>
        <effect id="effect6">
            <profile_COMMON>
                <newparam sid="surface6">
                    <surface type="2D">
                        <init_from>tex8</init_from>
                    </surface>
                </newparam>
                <newparam sid="sampler6">
                    <sampler2D>
                        <source>surface6</source>
                    </sampler2D>
                </newparam>
                <technique sid="COMMON">
                    <blinn>
                        <diffuse>
                            <texture texture="sampler6" texcoord="UVSET0"></texture>
                        </diffuse>
                    </blinn>
                </technique>
            </profile_COMMON>
        </effect>
        <effect id="effect7">
            <profile_COMMON>
                <newparam sid="surface7">
                    <surface type="2D">
                        <init_from>tex5</init_from>
                    </surface>
                </newparam>
                <newparam sid="sampler7">
                    <sampler2D>
                        <source>surface7</source>
                    </sampler2D>
                </newparam>
                <technique sid="COMMON">
                    <blinn>
                        <diffuse>
                            <texture texture="sampler7" texcoord="UVSET0"></texture>
                        </diffuse>
                    </blinn>
                </technique>
            </profile_COMMON>
        </effect>
        <effect id="effect8">
            <profile_COMMON>
                <newparam sid="surface8">
                    <surface type="2D">
                        <init_from>tex4</init_from>
                    </surface>
                </newparam>
                <newparam sid="sampler8">
                    <sampler2D>
                        <source>surface8</source>
                    </sampler2D>
                </newparam>
                <technique sid="COMMON">
                    <blinn>
                        <diffuse>
                            <texture texture="sampler8" texcoord="UVSET0"></texture>
                        </diffuse>
                    </blinn>
                </technique>
            </profile_COMMON>
        </effect>
        <effect id="effect_vc">
            <profile_COMMON>
                <newparam sid="surface_vc">
                    <surface type="2D">
                        <init_from>tex_vc</init_from>
                    </surface>
                </newparam>
                <newparam sid="sampler_vc">
                    <sampler2D>
                        <source>surface_vc</source>
                    </sampler2D>
                </newparam>
                <technique sid="COMMON">
                    <blinn>
                        <diffuse>
                            <texture texture="sampler_vc" texcoord="UVSET0"></texture>
                        </diffuse>
                    </blinn>
                </technique>
            </profile_COMMON>
        </effect>
    </library_effects>
    <library_materials>
        <material id="mat0" name="ACometHalo_v">
            <instance_effect url="#effect0"></instance_effect>
        </material>
        <material id="mat1" name="CometCoreMat_v_x">
            <instance_effect url="#effect1"></instance_effect>
        </material>
        <material id="mat2" name="CometHalo_v">
            <instance_effect url="#effect2"></instance_effect>
        </material>
        <material id="mat3" name="CoreRock">
            <instance_effect url="#effect3"></instance_effect>
        </material>
        <material id="mat4" name="EarthFar_v">
            <instance_effect url="#effect4"></instance_effect>
        </material>
        <material id="mat5" name="EarthNightMat_v">
            <instance_effect url="#effect5"></instance_effect>
        </material>
        <material id="mat6" name="Sky_Mat_v">
            <instance_effect url="#effect6"></instance_effect>
        </material>
        <material id="mat7" name="Space_Mat_v">
            <instance_effect url="#effect7"></instance_effect>
        </material>
        <material id="mat8" name="Sun_Mat_v">
            <instance_effect url="#effect8"></instance_effect>
        </material>
        <material id="mat_vc" name="vertexColors">
            <instance_effect url="#effect_vc"></instance_effect>
        </material>
    </library_materials>
    <library_geometries>
        <geometry id="mesh0">
            <mesh>
                <source id="points0">
                    <float_array id="pointarray0" count="663">567556.8947428756 235905.48193901608 -358052.6440284294 559264.7461428579 247701.09265401855 -371159.9671573662 560520.2145134946 252499.44796509 -367275.4795598265 555208.5706831315 269657.3381713552 -372854.4999779465 558958.718566624 275893.55579174834 -363326.7573555313 557089.9656849577 295386.5891688159 -360938.89541504876 563345.0265551205 298748.77971005917 -346087.6510790107 564135.8550754007 317096.1701390635 -337132.9395719875 572049.6346265901 313754.3333377448 -319037.8553250426 574184.4915213586 328214.5782633065 -306096.87478585355 582833.5437638724 316201.3705294162 -287674.67311913706 585227.260299941 325697.4016931783 -273603.6462036014 594010.0451739631 305562.8845511261 -257704.39004220194 596769.2225508735 312623.6948617434 -240088.88466866908 605174.3375453139 287108.8987586544 -228957.2373400096 624928.3678059777 322155.5326301913 -135936.70056671504 632294.8777090489 296215.47036771703 -131665.13036508556 627180.4484266107 327481.83077651437 -33396.68795923854 634341.3576444486 304893.42164179764 -35653.040350753756 600993.8252007944 359443.95716552343 83208.14474560804 608295.1389290438 340509.82079171436 81618.55170974735 571459.9491624633 362381.6871956104 176659.34016432357 579308.3306665313 347976.2316218731 170962.43140746932 559359.469201532 235387.58505750413 -374416.91253664385 558854.0446221441 241799.3710797599 -373627.67666899203 551783.09947873 248705.3840699449 -385353.9313206532 552703.4993117574 260272.6654761695 -380465.46722948476 548332.058791578 273054.7994919572 -385418.8007906777 551894.4163275999 286521.84145770624 -374505.93763438973 550667.9384048888 302209.2875737679 -372195.84458475164 556814.3369030632 313141.05874034355 -355420.2640943927 557988.1691314421 328187.9776011581 -347148.86978947406 565760.2109204005 332413.26912034885 -326502.36426060303 568078.7531238097 343903.1566650864 -314766.11915165244 576471.2212555896 338998.17196275725 -293150.60329112597 579984.7918994277 347521.38241778256 -275671.9223669092 588227.7611681845 333509.5277451951 -256096.80461672298 610069.8423660536 365130.2999020708 -163850.87467587867 617313.9820456947 345919.25719101855 -147013.93927557464 613632.4913970985 372431.1895702756 -47277.326409576955 620017.5979340376 350743.0949851145 -37410.26916462873 589364.6522834861 398027.4017901245 71293.3181206992 594455.849440388 379257.2630047737 79645.8097790305 557741.6255302913 397473.4077266536 174528.96983272224 563996.9059236883 379423.96751233353 177876.17722657116 560757.098437387 229106.11339932674 -373434.11934824125 552656.9000355616 236147.4996225874 -386964.65451588784 546943.9287804205 256399.89715916436 -392485.66462106165 546394.7079946279 285419.0518731846 -385755.6100148754 551449.0611057365 315862.27086415165 -366131.1536444141 560416.2320217495 339704.68672931 -336627.02007840684 572323.3079797036 353025.808703446 -297234.8071687165 603560.9940566041 377772.5239579309 -184902.7371716954 608571.7229395156 390392.2101435768 -62055.54709450371 586175.1121343905 413899.89846354537 58955.28297098001 551191.4796220389 429628.647051031 155893.1007568204 553341.1472461764 414777.7844326305 166958.70067000645 562472.3319929227 255712.15279554317 -362370.61239021097 563553.6095982175 278354.2874547016 -352836.2552402831 570130.6528309035 296321.0194080625 -331352.206169195 580085.0244851767 303594.619442248 -302710.951066462 591318.4782547513 297778.4753863962 -272744.6528378363 602360.069255349 280765.62809049047 -246751.73299273915 612769.63148953 259537.35524334462 -223695.52443121246 638565.1475267757 270588.04295944155 -134655.71767094012 640586.6726921957 285105.1236744344 -44022.37877564505 615529.0553524931 324262.5053464332 74997.71172747304 586658.5238247841 337569.3194898849 161298.89480908148 564920.9640597518 257020.20838201465 -356931.2409172757 568582.6604633445 276818.25825329206 -342384.62196408265 576978.2061787333 288438.6303560529 -318049.4622522597 587810.397665915 287789.00528335286 -289522.2447913145 599163.9315122829 274926.7671760126 -262540.09113458334 609609.229433643 253807.52490202017 -241722.06755962473 618662.3868045652 232533.35645694347 -224914.7408746136 642781.4937533377 247646.30187907562 -144719.02794984845 645025.1412799556 269943.5820723279 -57769.65965541254 621839.9911887809 312234.28111384215 63949.44569453692 567636.3600158514 256300.52240295694 -351483.5251064394 573649.0310499285 271483.52400183346 -332933.67013635294 583449.0686114512 275989.0856057429 -307332.4951726175 594747.0749554114 268023.3303939448 -280584.38919971033 605734.4043652622 249949.35885713974 -257974.72900270918 614898.7839797934 227252.8813622949 -243203.42466283313 621874.3905319306 208539.5629678674 -232753.52437940412 645132.433918416 225838.61325591974 -160436.89667128876 570377.780857459 253636.09731209092 -346544.51799729746 578371.4734123256 262929.5766496486 -325334.83234058565 589092.6131870556 260282.34763176378 -300132.9585369106 600320.022929515 246284.4276323434 -276705.3977864651 610254.098899582 225224.93150128121 -259580.6607407386 617310.5720147295 203500.90732992787 -251308.28592128967 621567.4959792632 189642.87902962332 -246781.23960223608 617309.4558990288 177461.92875024886 -265921.80693576613 572907.6740158751 249303.09852206698 -342577.9942935466 582378.9547800665 252039.42428085263 -320273.1460083141 593425.1596402791 242890.29679035582 -297111.40303527063 603879.7374292619 224648.24892666406 -278331.86784835404 611925.7262517394 202996.27839384394 -267428.75954495056 616088.2842347301 184616.58572520458 -265577.53020057594 575003.082674986 243738.03942174825 -339956.30805069197 585313.7861591362 239896.29208628065 -318222.024525743 595953.8552546456 225481.00501125804 -298607.79346531734 604800.2518569072 205093.96123935608 -285482.92130341736 610127.6892782158 185210.34242360634 -281045.27261152543 610896.4454646746 172220.85771503628 -284907.0717316953 576468.1559329701 237490.29878631458 -338930.1116439005 586854.1031804606 227671.5847886256 -319404.2969042467 596248.3987805257 209667.26344067743 -304593.03897640447 602636.51444416 189358.2425262033 -297686.7491132654 604638.8961981144 173409.66224676603 -299352.45551811217 602031.6184019404 167421.38771956656 -307540.7219763807 577150.1160804287 231166.76611970933 -339605.8621551499 586757.9361418895 216516.32876793767 -323763.0233396682 594048.2740236338 196881.19440332314 -314630.36782201275 597296.3197554903 178829.47343216202 -313944.09116839606 595816.4899551199 168659.3005715138 -320674.07218746585 576957.6770620929 225374.15018930426 -341933.2874336132 584919.8621775217 207465.0904881727 -330945.2725285357 589373.218451066 188276.63637496385 -327862.7632491768 589168.6020976758 174471.3456145996 -332749.64969580877 584644.3718271363 171484.39485143998 -342845.7397518854 575878.8282512366 220664.0813485328 -345704.2644185601 581424.528117119 201356.23614121747 -340309.21384152886 582597.6767681959 184654.21311204592 -343048.64108672994 579145.3306299795 176758.66184191077 -352200.6704554744 572602.8757905787 181801.74530590553 -363448.48079283535 573994.1485156683 217485.08528582432 -350565.7943099934 576574.8006702334 198768.11223372462 -350963.52014715347 574449.7960437302 186401.0419598094 -358659.6026220386 568504.9973967619 185616.20250880235 -370201.87763926445 571478.0615672263 216143.3042850004 -356048.5402405792 570878.7339221538 199970.70747676498 -361843.8106418828 565919.5832613672 193442.25388148433 -373043.9902963434 558674.2373315752 200369.3515656538 -384743.8433070566 568586.0631890993 216774.72044036578 -361609.72948454006 564988.1778875316 204893.46711173613 -371824.49214834033 558088.2641180969 205211.73390909255 -384635.3530405738 550933.8583767375 219733.26371967388 -394198.2835148721 555337.210071032 223877.12878936203 -385077.07843873417 548112.1703867516 238310.53169092216 -394856.4479468085 544710.3070448787 264562.6019954878 -394580.95797641797 546903.1306107141 296702.7162403647 -381513.8616381193 565626.3798451137 219330.03988737828 -366689.0208268444 559599.2010496536 213114.18047972655 -379851.8783427378 551925.3863026183 220658.860016328 -392168.7016241808 553863.453429017 446377.17880858463 127698.41590434019 551411.1803734617 440533.7308644277 142380.1398416975 586049.0355861171 430981.92260690976 27279.50615194466 585083.4474997872 425275.2909917136 43804.39541341804 605117.8149843499 402784.10509136075 -80362.31007646545 92627.95054797124 414716.110585633 581542.1069433719 87574.31974060164 409542.7297662612 585103.1325815115 263708.975560832 450763.5621580867 498131.06598041346 258002.61252905405 444777.421527794 504650.0635282848 402216.16532256885 462755.0148258014 374836.50981738843 397111.8095383302 456681.4970833782 384497.75062971225 418873.7733388386 384479.4049052204 406794.1627666748 427798.9972766095 377876.41833666014 401047.54508918314 520259.51661426236 370277.800773187 284635.0833392035 528768.6651008693 361622.3241174674 276660.837439226 410254.5140220218 394521.2410151858 409803.727773501 511702.45169712184 382738.8049466939 289167.80037321686 402845.4669594157 407050.7600533468 409825.58227460744 504017.3692919996 397823.53699666675 289858.0155210139 394533.1371541084 434629.50286901253 401309.11138730816 397421.5641993021 420867.6191784497 406893.7112219976 494335.0262117196 429947.7255116108 279937.885437701 498024.1744937011 414086.5578828069 286673.0161923288 84458.62016684198 402356.73650630726 588830.9583273794 254643.07527804363 435951.394117297 511019.1989997997 394443.5239756718 446979.1244681407 393604.4383344387 493285.54049193335 443842.643399127 270298.591404533 498969.4788309919 460490.4048483763 246129.8180647805 494910.8733645533 454380.04208022146 258663.84663198912 83607.04105480036 393878.31970786245 592394.2955848747 253998.24492997065 425174.09045043995 516656.74657578126 85120.77103011479 384951.40518497047 595472.291673353 256163.82781234593 413520.9917260816 521045.5687146825 88858.45598946468 376455.2369133666 597774.5195705462 260940.56146030547 402140.79333405243 523769.55826706695 94447.25886833298 369216.06593852304 599064.8873179514 267848.09957106883 392139.4361857074 524548.5238648196 101322.64355972805 363928.5917482627 599189.0585950845 276177.9001480896 384475.4828474713 523271.6344995162 108790.06546834228 361093.46886877215 598101.1039398413 285075.3422910963 379874.40217126976 520022.0845821918 -224025.6480657332 313337.13594144024 616512.3838245828 -226725.77275533736 310296.9387422422 616824.0250157033 -65239.17857455529 369317.2402878214 621773.4577691399 -69052.41282488572 365329.7571625344 623011.2596271964 -228422.54988928372 306380.73471727385 617512.9789871294 -71464.92654210642 360079.78272599156 624607.9168001702 -228946.02793704695 301978.00917359325 618527.9425044869 -72231.53538484577 354090.2907014393 626427.7137717202 -228241.91831099757 297524.5641131451 619782.2253730791 -71269.80630879395 347955.03836260317 628309.4580625896 -226378.18234478292 293458.3734995971 621158.7171611603 -68671.17945531558 342277.4412937125 630075.5585370805 -223538.23320203397 290175.4929976878 622517.2487701633 -64692.59402165399 337610.4605000525 631546.5698734298 -220003.07571213553 287992.36673698074 623711.8780637686 -59731.05074754056 334403.4345209367 632561.5725456589 -216122.65881653596 287116.50790050044 624609.4612312629 -54281.353164245826 332961.16332276934 633000.6135896824 562919.8888458844 223574.7409903196 -370769.11266466463 565531.0526303547 349252.906803218 -318971.8271294972 597971.4653722562 382429.7579785689 -208245.19535444342 546164.5922277048 241873.921536498 -397560.73026026215 -415810.56953301217 216053.4000868196 559692.9176004766 -417475.35921383265 218013.79390370342 558610.7411694011 -413760.42269099964 214798.0540978546 560813.1277188986 -411525.18274448696 214367.57627999719 561851.4066196665 -416373.2985377811 230452.71025993832 556884.2267821337 -417884.47601364774 228480.88533859584 556587.7924780403 -419050.6076605248 223240.17120099987 556996.8064662868 -418806.8701168075 225994.56040340837 556623.031384557 -418591.5382003233 220489.77165101457 557680.1255614534 603328.997429579 408283.5246141075 -100489.81195105953 545182.2323391314 272778.16556569905 -391542.52285764494 554022.078642965 326707.9873520646 -356729.31978789845</float_array>
                    <technique_common>
                        <accessor count="221" source="#pointarray0" stride="3">
                            <param name="X" type="float"/>
                            <param name="Y" type="float"/>
                            <param name="Z" type="float"/>
                        </accessor>
                    </technique_common>
                </source>
                <source id="uvs0">
                    <float_array id="uvarray0" count="488">1.453125 1.37890625 1.50390625 1.23828125 1.40234375 1.23828125 1.40234375 1.09375 1.3046875 1.09375 1.3046875 0.953125 1.203125 0.953125 1.203125 0.8125 1.10546875 0.8125 1.10546875 0.73046875 1.00390625 0.73046875 1.00390625 0.671875 0.90234375 0.671875 0.90234375 0.625 0.8046875 0.625 0.8046875 0.48046875 0.703125 0.48046875 0.703125 0.28125 0.60546875 0.28125 0.703125 0.03515625 0.60546875 0.03515625 0.60546875 -0.19140625 0.50390625 -0.21875 1.65234375 1.37890625 1.703125 1.23828125 1.60546875 1.23828125 1.60546875 1.09375 1.50390625 1.09375 1.50390625 0.953125 1.40234375 0.953125 1.40234375 0.8125 1.3046875 0.8125 1.3046875 0.73046875 1.203125 0.73046875 1.203125 0.671875 1.10546875 0.671875 1.10546875 0.625 1.00390625 0.625 1.00390625 0.48046875 0.90234375 0.48046875 0.90234375 0.28125 0.8046875 0.28125 0.90234375 0.03515625 0.8046875 0.03515625 0.8046875 -0.19140625 0.703125 -0.19140625 1.75390625 1.37890625 1.8046875 1.23828125 1.703125 1.09375 1.60546875 0.953125 1.50390625 0.8125 1.40234375 0.73046875 1.3046875 0.671875 1.203125 0.625 1.10546875 0.48046875 1.00390625 0.28125 1.00390625 0.03515625 1.00390625 -0.19140625 0.90234375 -0.19140625 1.5546875 1.37890625 1.35546875 1.37890625 1.3046875 1.23828125 1.203125 1.09375 1.10546875 0.953125 1.00390625 0.8125 0.90234375 0.73046875 0.8046875 0.671875 0.703125 0.625 0.60546875 0.48046875 0.50390625 0.28125 0.50390625 0.03515625 0.40234375 -0.21875 1.25390625 1.37890625 1.203125 1.23828125 1.10546875 1.09375 1.00390625 0.953125 0.90234375 0.8125 0.8046875 0.73046875 0.703125 0.671875 0.60546875 0.625 0.50390625 0.48046875 0.40234375 0.28125 0.40234375 0.03515625 1.15234375 1.37890625 1.10546875 1.23828125 1.00390625 1.09375 0.90234375 0.953125 0.8046875 0.8125 0.703125 0.73046875 0.60546875 0.671875 0.50390625 0.625 0.40234375 0.48046875 1.0546875 1.37890625 1.00390625 1.23828125 0.90234375 1.09375 0.8046875 0.953125 0.703125 0.8125 0.60546875 0.73046875 0.50390625 0.671875 0.40234375 0.625 0.3046875 0.625 0.953125 1.37890625 0.90234375 1.23828125 0.8046875 1.09375 0.703125 0.953125 0.60546875 0.8125 0.50390625 0.73046875 0.40234375 0.671875 0.85546875 1.37890625 0.8046875 1.23828125 0.703125 1.09375 0.60546875 0.953125 0.50390625 0.8125 0.40234375 0.73046875 0.3046875 0.671875 0.75390625 1.37890625 0.703125 1.23828125 0.60546875 1.09375 0.50390625 0.953125 0.40234375 0.8125 0.3046875 0.73046875 0.203125 0.671875 0.65234375 1.37890625 0.60546875 1.23828125 0.50390625 1.09375 0.40234375 0.953125 0.3046875 0.8125 0.203125 0.73046875 0.5546875 1.37890625 0.50390625 1.23828125 0.40234375 1.09375 0.3046875 0.953125 0.203125 0.8125 0.10546875 0.73046875 0.453125 1.37890625 0.40234375 1.23828125 0.3046875 1.09375 0.203125 0.953125 0.10546875 0.8125 0.00390625 0.73046875 0.35546875 1.37890625 0.3046875 1.23828125 0.203125 1.09375 0.10546875 0.953125 0.00390625 0.8125 0.25390625 1.37890625 0.203125 1.23828125 0.10546875 1.09375 0.00390625 0.953125 -0.09375 0.8125 0.15234375 1.37890625 0.10546875 1.23828125 0.00390625 1.09375 -0.09375 0.953125 -0.19140625 0.8125 1.8046875 1.09375 1.703125 0.953125 1.60546875 0.8125 1.50390625 0.73046875 0.0546875 1.37890625 0.00390625 1.23828125 -0.09375 1.09375 -0.19140625 0.953125 1.203125 -0.21875 1.10546875 -0.21875 1.203125 0.03515625 1.10546875 0.03515625 1.10546875 0.28125 1.203125 -1.6484375 1.10546875 -1.6484375 1.203125 -1.25 1.10546875 -1.25 1.203125 -0.890625 1.10546875 -0.890625 0.50390625 -0.890625 0.40234375 -0.890625 0.50390625 -0.5078125 0.40234375 -0.5078125 0.60546875 -0.7890625 0.60546875 -0.44921875 0.703125 -0.76171875 0.703125 -0.44921875 0.90234375 -0.7890625 0.8046875 -0.76171875 0.90234375 -0.44921875 0.8046875 -0.44921875 1.00390625 -1.40625 1.00390625 -1.10546875 1.00390625 -0.7890625 1.00390625 -0.44921875 1.203125 -0.5078125 1.10546875 -0.5078125 0.90234375 -1.40625 0.90234375 -1.10546875 0.8046875 -1.30078125 0.8046875 -1.05078125 0.703125 -1.30078125 0.703125 -1.05078125 0.60546875 -1.40625 0.60546875 -1.10546875 0.50390625 -1.6484375 0.50390625 -1.25 0.40234375 -1.6484375 0.40234375 -1.25 1.203125 -2.41796875 1.10546875 -2.41796875 1.203125 -2.01171875 1.10546875 -2.01171875 1.00390625 -2.00390625 1.00390625 -1.67578125 0.90234375 -2.00390625 0.90234375 -1.67578125 0.8046875 -1.796875 0.8046875 -1.515625 0.703125 -1.796875 0.703125 -1.515625 0.60546875 -2.00390625 0.60546875 -1.67578125 0.50390625 -2.41796875 0.50390625 -2.01171875 0.40234375 -2.41796875 0.40234375 -2.01171875 -0.04296875 1.37890625 -0.09375 1.23828125 -0.19140625 1.09375 1.3046875 0.625 1.203125 0.48046875 1.8046875 0.953125 1.703125 0.8125 0.60546875 -2.3359375 0.703125 -2.08203125 0.50390625 -2.82421875 0.40234375 -2.82421875 -0.140625 1.37890625 -0.19140625 1.23828125 1.203125 -2.82421875 1.10546875 -2.82421875 0.90234375 -2.3359375 1.00390625 -2.3359375 0.8046875 -2.08203125 1.203125 0.28125 1.8046875 0.8125 1.60546875 0.73046875 1.40234375 0.671875</float_array>
                    <technique_common>
                        <accessor count="1" source="#uvarray0" stride="2">
                            <param name="S" type="float"/>
                            <param name="T" type="float"/>
                        </accessor>
                    </technique_common>
                </source>
                <vertices id="vertices0">
                    <input semantic="POSITION" source="#points0"/>
                </vertices>
                <polylist count="394" material="Material1">
                    <input offset="0" semantic="VERTEX" source="#vertices0"/>
                    <input offset="1" semantic="TEXCOORD" source="#uvs0" set="0"/>
                    <vcount>3 3 3 3 3 3 3 3 3 3 3 3 3 3 3 3 3 3 3 3 3 3 3 3 3 3 3 3 3 3 3 3 3 3 3 3 3 3 3 3 3 3 3 3 3 3 3 3 3 3 3 3 3 3 3 3 3 3 3 3 3 3 3 3 3 3 3 3 3 3 3 3 3 3 3 3 3 3 3 3 3 3 3 3 3 3 3 3 3 3 3 3 3 3 3 3 3 3 3 3 3 3 3 3 3 3 3 3 3 3 3 3 3 3 3 3 3 3 3 3 3 3 3 3 3 3 3 3 3 3 3 3 3 3 3 3 3 3 3 3 3 3 3 3 3 3 3 3 3 3 3 3 3 3 3 3 3 3 3 3 3 3 3 3 3 3 3 3 3 3 3 3 3 3 3 3 3 3 3 3 3 3 3 3 3 3 3 3 3 3 3 3 3 3 3 3 3 3 3 3 3 3 3 3 3 3 3 3 3 3 3 3 3 3 3 3 3 3 3 3 3 3 3 3 3 3 3 3 3 3 3 3 3 3 3 3 3 3 3 3 3 3 3 3 3 3 3 3 3 3 3 3 3 3 3 3 3 3 3 3 3 3 3 3 3 3 3 3 3 3 3 3 3 3 3 3 3 3 3 3 3 3 3 3 3 3 3 3 3 3 3 3 3 3 3 3 3 3 3 3 3 3 3 3 3 3 3 3 3 3 3 3 3 3 3 3 3 3 3 3 3 3 3 3 3 3 3 3 3 3 3 3 3 3 3 3 3 3 3 3 3 3 3 3 3 3 3 3 3 3 3 3 3 3 3 3 3 3 3 3 3 3 3 3 3 3 3 3 3 3 3 3 3 3 3 3 3 3 3 3 3 3 3 3 3 3 3 3 3 3 3 3 3 3</vcount>
                    <p>2 2 1 1 0 0 3 3 1 1 2 2 4 4 3 3 2 2 5 5 3 3 4 4 6 6 5 5 4 4 7 7 5 5 6 6 8 8 7 7 6 6 9 9 7 7 8 8 10 10 9 9 8 8 11 11 9 9 10 10 12 12 11 11 10 10 13 13 11 11 12 12 14 14 13 13 12 12 15 15 13 13 14 14 16 16 15 15 14 14 17 17 15 15 16 16 18 18 17 17 16 16 19 19 17 17 18 18 20 20 19 19 18 18 21 21 19 19 20 20 22 22 21 21 20 20 24 25 23 24 0 23 25 26 23 24 24 25 26 27 25 26 24 25 27 28 25 26 26 27 28 29 27 28 26 27 29 30 27 28 28 29 30 31 29 30 28 29 31 32 29 30 30 31 32 33 31 32 30 31 33 34 31 32 32 33 34 35 33 34 32 33 35 36 33 34 34 35 36 37 35 36 34 35 37 38 35 36 36 37 38 39 37 38 36 37 39 40 37 38 38 39 40 41 39 40 38 39 41 42 39 40 40 41 42 43 41 42 40 41 43 44 41 42 42 43 44 45 43 44 42 43 23 24 45 47 0 46 46 48 45 47 23 24 25 26 46 48 23 24 47 49 46 48 25 26 27 28 47 49 25 26 48 50 47 49 27 28 29 30 48 50 27 28 49 51 48 50 29 30 31 32 49 51 29 30 50 52 49 51 31 32 33 34 50 52 31 32 51 53 50 52 33 34 35 36 51 53 33 34 52 54 51 53 35 36 37 38 52 54 35 36 53 55 52 54 37 38 39 40 53 55 37 38 54 56 53 55 39 40 41 42 54 56 39 40 55 57 54 56 41 42 56 58 55 57 41 42 1 1 24 25 0 59 26 27 24 25 1 1 3 3 26 27 1 1 28 29 26 27 3 3 5 5 28 29 3 3 30 31 28 29 5 5 7 7 30 31 5 5 32 33 30 31 7 7 9 9 32 33 7 7 34 35 32 33 9 9 11 11 34 35 9 9 36 37 34 35 11 11 13 13 36 37 11 11 38 39 36 37 13 13 15 15 38 39 13 13 40 41 38 39 15 15 17 17 40 41 15 15 42 43 40 41 17 17 19 19 42 43 17 17 44 45 42 43 19 19 21 21 44 45 19 19 57 61 2 2 0 60 4 4 2 2 57 61 58 62 4 4 57 61 6 6 4 4 58 62 59 63 6 6 58 62 8 8 6 6 59 63 60 64 8 8 59 63 10 10 8 8 60 64 61 65 10 10 60 64 12 12 10 10 61 65 62 66 12 12 61 65 14 14 12 12 62 66 63 67 14 14 62 66 16 16 14 14 63 67 64 68 16 16 63 67 18 18 16 16 64 68 65 69 18 18 64 68 20 20 18 18 65 69 66 70 20 20 65 69 22 22 20 20 66 70 67 71 22 22 66 70 68 73 57 61 0 72 58 62 57 61 68 73 69 74 58 62 68 73 59 63 58 62 69 74 70 75 59 63 69 74 60 64 59 63 70 75 71 76 60 64 70 75 61 65 60 64 71 76 72 77 61 65 71 76 62 66 61 65 72 77 73 78 62 66 72 77 63 67 62 66 73 78 74 79 63 67 73 78 64 68 63 67 74 79 75 80 64 68 74 79 65 69 64 68 75 80 76 81 65 69 75 80 66 70 65 69 76 81 77 82 66 70 76 81 67 71 66 70 77 82 78 84 68 73 0 83 69 74 68 73 78 84 79 85 69 74 78 84 70 75 69 74 79 85 80 86 70 75 79 85 71 76 70 75 80 86 81 87 71 76 80 86 72 77 71 76 81 87 82 88 72 77 81 87 73 78 72 77 82 88 83 89 73 78 82 88 74 79 73 78 83 89 84 90 74 79 83 89 75 80 74 79 84 90 85 91 75 80 84 90 76 81 75 80 85 91 86 93 78 84 0 92 79 85 78 84 86 93 87 94 79 85 86 93 80 86 79 85 87 94 88 95 80 86 87 94 81 87 80 86 88 95 89 96 81 87 88 95 82 88 81 87 89 96 90 97 82 88 89 96 83 89 82 88 90 97 91 98 83 89 90 97 84 90 83 89 91 98 92 99 84 90 91 98 85 91 84 90 92 99 93 100 85 91 92 99 94 102 86 93 0 101 87 94 86 93 94 102 95 103 87 94 94 102 88 95 87 94 95 103 96 104 88 95 95 103 89 96 88 95 96 104 97 105 89 96 96 104 90 97 89 96 97 105 98 106 90 97 97 105 91 98 90 97 98 106 99 107 91 98 98 106 92 99 91 98 99 107 93 100 92 99 99 107 100 109 94 102 0 108 95 103 94 102 100 109 101 110 95 103 100 109 96 104 95 103 101 110 102 111 96 104 101 110 97 105 96 104 102 111 103 112 97 105 102 111 98 106 97 105 103 112 104 113 98 106 103 112 99 107 98 106 104 113 105 114 99 107 104 113 93 100 99 107 105 114 106 116 100 109 0 115 101 110 100 109 106 116 107 117 101 110 106 116 102 111 101 110 107 117 108 118 102 111 107 117 103 112 102 111 108 118 109 119 103 112 108 118 104 113 103 112 109 119 110 120 104 113 109 119 105 114 104 113 110 120 111 121 105 114 110 120 112 123 106 116 0 122 107 117 106 116 112 123 113 124 107 117 112 123 108 118 107 117 113 124 114 125 108 118 113 124 109 119 108 118 114 125 115 126 109 119 114 125 110 120 109 119 115 126 116 127 110 120 115 126 111 121 110 120 116 127 117 129 112 123 0 128 113 124 112 123 117 129 118 130 113 124 117 129 114 125 113 124 118 130 119 131 114 125 118 130 115 126 114 125 119 131 120 132 115 126 119 131 116 127 115 126 120 132 121 133 116 127 120 132 122 135 117 129 0 134 118 130 117 129 122 135 123 136 118 130 122 135 119 131 118 130 123 136 124 137 119 131 123 136 120 132 119 131 124 137 125 138 120 132 124 137 121 133 120 132 125 138 126 139 121 133 125 138 127 141 122 135 0 140 123 136 122 135 127 141 128 142 123 136 127 141 124 137 123 136 128 142 129 143 124 137 128 142 125 138 124 137 129 143 130 144 125 138 129 143 126 139 125 138 130 144 131 146 127 141 0 145 128 142 127 141 131 146 132 147 128 142 131 146 129 143 128 142 132 147 133 148 129 143 132 147 130 144 129 143 133 148 134 149 130 144 133 148 135 151 131 146 0 150 132 147 131 146 135 151 136 152 132 147 135 151 133 148 132 147 136 152 137 153 133 148 136 152 134 149 133 148 137 153 138 154 134 149 137 153 46 48 139 155 45 47 140 156 139 155 46 48 47 49 140 156 46 48 141 157 140 156 47 49 48 50 141 157 47 49 142 158 141 157 48 50 49 51 142 158 48 50 143 160 135 151 0 159 136 152 135 151 143 160 144 161 136 152 143 160 137 153 136 152 144 161 145 162 137 153 144 161 138 154 137 153 145 162 148 165 147 164 146 163 149 166 147 164 148 165 150 167 149 166 148 165 53 55 149 166 150 167 52 54 53 55 150 167 153 170 152 169 151 168 154 171 152 169 153 170 155 172 154 171 153 170 156 173 154 171 155 172 159 176 158 175 157 174 160 177 158 175 159 176 22 22 160 177 159 176 67 71 160 177 22 22 162 179 157 174 161 178 159 176 157 174 162 179 21 21 159 176 162 179 22 22 159 176 21 21 164 181 161 178 163 180 162 179 161 178 164 181 44 45 162 179 164 181 21 21 162 179 44 45 167 184 166 183 165 182 168 185 166 183 167 184 56 58 168 185 167 184 43 44 168 185 56 58 168 185 163 180 166 183 164 181 163 180 168 185 43 44 164 181 168 185 44 45 164 181 43 44 154 171 169 186 152 169 170 187 169 186 154 171 156 173 170 187 154 171 171 188 170 187 156 173 172 189 165 182 171 188 167 184 165 182 172 189 55 57 167 184 172 189 56 58 167 184 55 57 173 190 156 173 155 172 174 191 156 173 173 190 146 163 174 191 173 190 147 164 174 191 146 163 174 191 171 188 156 173 172 189 171 188 174 191 147 164 172 189 174 191 55 57 172 189 147 164 170 187 175 192 169 186 176 193 175 192 170 187 171 188 176 193 170 187 165 182 176 193 171 188 176 193 177 194 175 192 178 195 177 194 176 193 165 182 178 195 176 193 166 183 178 195 165 182 178 195 179 196 177 194 180 197 179 196 178 195 166 183 180 197 178 195 163 180 180 197 166 183 180 197 181 198 179 196 182 199 181 198 180 197 163 180 182 199 180 197 161 178 182 199 163 180 182 199 183 200 181 198 184 201 183 200 182 199 161 178 184 201 182 199 157 174 184 201 161 178 184 201 185 202 183 200 186 203 185 202 184 201 157 174 186 203 184 201 158 175 186 203 157 174 189 206 188 205 187 204 190 207 188 205 189 206 151 168 190 207 189 206 152 169 190 207 151 168 190 207 191 208 188 205 192 209 191 208 190 207 152 169 192 209 190 207 169 186 192 209 152 169 192 209 193 210 191 208 194 211 193 210 192 209 169 186 194 211 192 209 175 192 194 211 169 186 194 211 195 212 193 210 196 213 195 212 194 211 175 192 196 213 194 211 177 194 196 213 175 192 196 213 197 214 195 212 198 215 197 214 196 213 177 194 198 215 196 213 179 196 198 215 177 194 198 215 199 216 197 214 200 217 199 216 198 215 179 196 200 217 198 215 181 198 200 217 179 196 200 217 201 218 199 216 202 219 201 218 200 217 181 198 202 219 200 217 183 200 202 219 181 198 202 219 203 220 201 218 204 221 203 220 202 219 183 200 204 221 202 219 185 202 204 221 183 200 205 223 143 160 0 222 144 161 143 160 205 223 139 224 144 161 205 223 145 162 144 161 139 224 51 53 206 225 50 52 207 226 206 225 51 53 52 54 207 226 51 53 150 167 207 226 52 54 149 166 55 57 147 164 54 56 55 57 149 166 53 55 54 56 149 166 140 156 145 227 139 155 208 228 145 227 140 156 141 157 208 228 140 156 209 229 197 214 199 216 210 230 197 214 209 229 211 231 199 216 201 218 209 229 199 216 211 231 212 232 201 218 203 220 211 231 201 218 212 232 45 234 205 223 0 233 139 224 205 223 45 234 187 204 214 236 213 235 188 205 214 236 187 204 215 237 191 208 193 210 216 238 191 208 215 237 217 239 193 210 195 212 215 237 193 210 217 239 210 230 195 212 197 214 217 239 195 212 210 230 216 238 188 205 191 208 214 236 188 205 216 238 150 167 218 240 207 226 148 165 218 240 150 167 208 228 138 241 145 227 142 158 219 242 141 157 50 52 220 243 49 51 41 42 43 44 56 58</p>
                </polylist>
            </mesh>
        </geometry>
        <geometry id="mesh0_VC">
            <mesh>
                <source id="points0_VC">
                    <float_array id="pointarray0_VC" count="663">567556.8947428756 235905.48193901608 -358052.6440284294 559264.7461428579 247701.09265401855 -371159.9671573662 560520.2145134946 252499.44796509 -367275.4795598265 555208.5706831315 269657.3381713552 -372854.4999779465 558958.718566624 275893.55579174834 -363326.7573555313 557089.9656849577 295386.5891688159 -360938.89541504876 563345.0265551205 298748.77971005917 -346087.6510790107 564135.8550754007 317096.1701390635 -337132.9395719875 572049.6346265901 313754.3333377448 -319037.8553250426 574184.4915213586 328214.5782633065 -306096.87478585355 582833.5437638724 316201.3705294162 -287674.67311913706 585227.260299941 325697.4016931783 -273603.6462036014 594010.0451739631 305562.8845511261 -257704.39004220194 596769.2225508735 312623.6948617434 -240088.88466866908 605174.3375453139 287108.8987586544 -228957.2373400096 624928.3678059777 322155.5326301913 -135936.70056671504 632294.8777090489 296215.47036771703 -131665.13036508556 627180.4484266107 327481.83077651437 -33396.68795923854 634341.3576444486 304893.42164179764 -35653.040350753756 600993.8252007944 359443.95716552343 83208.14474560804 608295.1389290438 340509.82079171436 81618.55170974735 571459.9491624633 362381.6871956104 176659.34016432357 579308.3306665313 347976.2316218731 170962.43140746932 559359.469201532 235387.58505750413 -374416.91253664385 558854.0446221441 241799.3710797599 -373627.67666899203 551783.09947873 248705.3840699449 -385353.9313206532 552703.4993117574 260272.6654761695 -380465.46722948476 548332.058791578 273054.7994919572 -385418.8007906777 551894.4163275999 286521.84145770624 -374505.93763438973 550667.9384048888 302209.2875737679 -372195.84458475164 556814.3369030632 313141.05874034355 -355420.2640943927 557988.1691314421 328187.9776011581 -347148.86978947406 565760.2109204005 332413.26912034885 -326502.36426060303 568078.7531238097 343903.1566650864 -314766.11915165244 576471.2212555896 338998.17196275725 -293150.60329112597 579984.7918994277 347521.38241778256 -275671.9223669092 588227.7611681845 333509.5277451951 -256096.80461672298 610069.8423660536 365130.2999020708 -163850.87467587867 617313.9820456947 345919.25719101855 -147013.93927557464 613632.4913970985 372431.1895702756 -47277.326409576955 620017.5979340376 350743.0949851145 -37410.26916462873 589364.6522834861 398027.4017901245 71293.3181206992 594455.849440388 379257.2630047737 79645.8097790305 557741.6255302913 397473.4077266536 174528.96983272224 563996.9059236883 379423.96751233353 177876.17722657116 560757.098437387 229106.11339932674 -373434.11934824125 552656.9000355616 236147.4996225874 -386964.65451588784 546943.9287804205 256399.89715916436 -392485.66462106165 546394.7079946279 285419.0518731846 -385755.6100148754 551449.0611057365 315862.27086415165 -366131.1536444141 560416.2320217495 339704.68672931 -336627.02007840684 572323.3079797036 353025.808703446 -297234.8071687165 603560.9940566041 377772.5239579309 -184902.7371716954 608571.7229395156 390392.2101435768 -62055.54709450371 586175.1121343905 413899.89846354537 58955.28297098001 551191.4796220389 429628.647051031 155893.1007568204 553341.1472461764 414777.7844326305 166958.70067000645 562472.3319929227 255712.15279554317 -362370.61239021097 563553.6095982175 278354.2874547016 -352836.2552402831 570130.6528309035 296321.0194080625 -331352.206169195 580085.0244851767 303594.619442248 -302710.951066462 591318.4782547513 297778.4753863962 -272744.6528378363 602360.069255349 280765.62809049047 -246751.73299273915 612769.63148953 259537.35524334462 -223695.52443121246 638565.1475267757 270588.04295944155 -134655.71767094012 640586.6726921957 285105.1236744344 -44022.37877564505 615529.0553524931 324262.5053464332 74997.71172747304 586658.5238247841 337569.3194898849 161298.89480908148 564920.9640597518 257020.20838201465 -356931.2409172757 568582.6604633445 276818.25825329206 -342384.62196408265 576978.2061787333 288438.6303560529 -318049.4622522597 587810.397665915 287789.00528335286 -289522.2447913145 599163.9315122829 274926.7671760126 -262540.09113458334 609609.229433643 253807.52490202017 -241722.06755962473 618662.3868045652 232533.35645694347 -224914.7408746136 642781.4937533377 247646.30187907562 -144719.02794984845 645025.1412799556 269943.5820723279 -57769.65965541254 621839.9911887809 312234.28111384215 63949.44569453692 567636.3600158514 256300.52240295694 -351483.5251064394 573649.0310499285 271483.52400183346 -332933.67013635294 583449.0686114512 275989.0856057429 -307332.4951726175 594747.0749554114 268023.3303939448 -280584.38919971033 605734.4043652622 249949.35885713974 -257974.72900270918 614898.7839797934 227252.8813622949 -243203.42466283313 621874.3905319306 208539.5629678674 -232753.52437940412 645132.433918416 225838.61325591974 -160436.89667128876 570377.780857459 253636.09731209092 -346544.51799729746 578371.4734123256 262929.5766496486 -325334.83234058565 589092.6131870556 260282.34763176378 -300132.9585369106 600320.022929515 246284.4276323434 -276705.3977864651 610254.098899582 225224.93150128121 -259580.6607407386 617310.5720147295 203500.90732992787 -251308.28592128967 621567.4959792632 189642.87902962332 -246781.23960223608 617309.4558990288 177461.92875024886 -265921.80693576613 572907.6740158751 249303.09852206698 -342577.9942935466 582378.9547800665 252039.42428085263 -320273.1460083141 593425.1596402791 242890.29679035582 -297111.40303527063 603879.7374292619 224648.24892666406 -278331.86784835404 611925.7262517394 202996.27839384394 -267428.75954495056 616088.2842347301 184616.58572520458 -265577.53020057594 575003.082674986 243738.03942174825 -339956.30805069197 585313.7861591362 239896.29208628065 -318222.024525743 595953.8552546456 225481.00501125804 -298607.79346531734 604800.2518569072 205093.96123935608 -285482.92130341736 610127.6892782158 185210.34242360634 -281045.27261152543 610896.4454646746 172220.85771503628 -284907.0717316953 576468.1559329701 237490.29878631458 -338930.1116439005 586854.1031804606 227671.5847886256 -319404.2969042467 596248.3987805257 209667.26344067743 -304593.03897640447 602636.51444416 189358.2425262033 -297686.7491132654 604638.8961981144 173409.66224676603 -299352.45551811217 602031.6184019404 167421.38771956656 -307540.7219763807 577150.1160804287 231166.76611970933 -339605.8621551499 586757.9361418895 216516.32876793767 -323763.0233396682 594048.2740236338 196881.19440332314 -314630.36782201275 597296.3197554903 178829.47343216202 -313944.09116839606 595816.4899551199 168659.3005715138 -320674.07218746585 576957.6770620929 225374.15018930426 -341933.2874336132 584919.8621775217 207465.0904881727 -330945.2725285357 589373.218451066 188276.63637496385 -327862.7632491768 589168.6020976758 174471.3456145996 -332749.64969580877 584644.3718271363 171484.39485143998 -342845.7397518854 575878.8282512366 220664.0813485328 -345704.2644185601 581424.528117119 201356.23614121747 -340309.21384152886 582597.6767681959 184654.21311204592 -343048.64108672994 579145.3306299795 176758.66184191077 -352200.6704554744 572602.8757905787 181801.74530590553 -363448.48079283535 573994.1485156683 217485.08528582432 -350565.7943099934 576574.8006702334 198768.11223372462 -350963.52014715347 574449.7960437302 186401.0419598094 -358659.6026220386 568504.9973967619 185616.20250880235 -370201.87763926445 571478.0615672263 216143.3042850004 -356048.5402405792 570878.7339221538 199970.70747676498 -361843.8106418828 565919.5832613672 193442.25388148433 -373043.9902963434 558674.2373315752 200369.3515656538 -384743.8433070566 568586.0631890993 216774.72044036578 -361609.72948454006 564988.1778875316 204893.46711173613 -371824.49214834033 558088.2641180969 205211.73390909255 -384635.3530405738 550933.8583767375 219733.26371967388 -394198.2835148721 555337.210071032 223877.12878936203 -385077.07843873417 548112.1703867516 238310.53169092216 -394856.4479468085 544710.3070448787 264562.6019954878 -394580.95797641797 546903.1306107141 296702.7162403647 -381513.8616381193 565626.3798451137 219330.03988737828 -366689.0208268444 559599.2010496536 213114.18047972655 -379851.8783427378 551925.3863026183 220658.860016328 -392168.7016241808 553863.453429017 446377.17880858463 127698.41590434019 551411.1803734617 440533.7308644277 142380.1398416975 586049.0355861171 430981.92260690976 27279.50615194466 585083.4474997872 425275.2909917136 43804.39541341804 605117.8149843499 402784.10509136075 -80362.31007646545 92627.95054797124 414716.110585633 581542.1069433719 87574.31974060164 409542.7297662612 585103.1325815115 263708.975560832 450763.5621580867 498131.06598041346 258002.61252905405 444777.421527794 504650.0635282848 402216.16532256885 462755.0148258014 374836.50981738843 397111.8095383302 456681.4970833782 384497.75062971225 418873.7733388386 384479.4049052204 406794.1627666748 427798.9972766095 377876.41833666014 401047.54508918314 520259.51661426236 370277.800773187 284635.0833392035 528768.6651008693 361622.3241174674 276660.837439226 410254.5140220218 394521.2410151858 409803.727773501 511702.45169712184 382738.8049466939 289167.80037321686 402845.4669594157 407050.7600533468 409825.58227460744 504017.3692919996 397823.53699666675 289858.0155210139 394533.1371541084 434629.50286901253 401309.11138730816 397421.5641993021 420867.6191784497 406893.7112219976 494335.0262117196 429947.7255116108 279937.885437701 498024.1744937011 414086.5578828069 286673.0161923288 84458.62016684198 402356.73650630726 588830.9583273794 254643.07527804363 435951.394117297 511019.1989997997 394443.5239756718 446979.1244681407 393604.4383344387 493285.54049193335 443842.643399127 270298.591404533 498969.4788309919 460490.4048483763 246129.8180647805 494910.8733645533 454380.04208022146 258663.84663198912 83607.04105480036 393878.31970786245 592394.2955848747 253998.24492997065 425174.09045043995 516656.74657578126 85120.77103011479 384951.40518497047 595472.291673353 256163.82781234593 413520.9917260816 521045.5687146825 88858.45598946468 376455.2369133666 597774.5195705462 260940.56146030547 402140.79333405243 523769.55826706695 94447.25886833298 369216.06593852304 599064.8873179514 267848.09957106883 392139.4361857074 524548.5238648196 101322.64355972805 363928.5917482627 599189.0585950845 276177.9001480896 384475.4828474713 523271.6344995162 108790.06546834228 361093.46886877215 598101.1039398413 285075.3422910963 379874.40217126976 520022.0845821918 -224025.6480657332 313337.13594144024 616512.3838245828 -226725.77275533736 310296.9387422422 616824.0250157033 -65239.17857455529 369317.2402878214 621773.4577691399 -69052.41282488572 365329.7571625344 623011.2596271964 -228422.54988928372 306380.73471727385 617512.9789871294 -71464.92654210642 360079.78272599156 624607.9168001702 -228946.02793704695 301978.00917359325 618527.9425044869 -72231.53538484577 354090.2907014393 626427.7137717202 -228241.91831099757 297524.5641131451 619782.2253730791 -71269.80630879395 347955.03836260317 628309.4580625896 -226378.18234478292 293458.3734995971 621158.7171611603 -68671.17945531558 342277.4412937125 630075.5585370805 -223538.23320203397 290175.4929976878 622517.2487701633 -64692.59402165399 337610.4605000525 631546.5698734298 -220003.07571213553 287992.36673698074 623711.8780637686 -59731.05074754056 334403.4345209367 632561.5725456589 -216122.65881653596 287116.50790050044 624609.4612312629 -54281.353164245826 332961.16332276934 633000.6135896824 562919.8888458844 223574.7409903196 -370769.11266466463 565531.0526303547 349252.906803218 -318971.8271294972 597971.4653722562 382429.7579785689 -208245.19535444342 546164.5922277048 241873.921536498 -397560.73026026215 -415810.56953301217 216053.4000868196 559692.9176004766 -417475.35921383265 218013.79390370342 558610.7411694011 -413760.42269099964 214798.0540978546 560813.1277188986 -411525.18274448696 214367.57627999719 561851.4066196665 -416373.2985377811 230452.71025993832 556884.2267821337 -417884.47601364774 228480.88533859584 556587.7924780403 -419050.6076605248 223240.17120099987 556996.8064662868 -418806.8701168075 225994.56040340837 556623.031384557 -418591.5382003233 220489.77165101457 557680.1255614534 603328.997429579 408283.5246141075 -100489.81195105953 545182.2323391314 272778.16556569905 -391542.52285764494 554022.078642965 326707.9873520646 -356729.31978789845</float_array>
                    <technique_common>
                        <accessor count="221" source="#pointarray0_VC" stride="3">
                            <param name="X" type="float"/>
                            <param name="Y" type="float"/>
                            <param name="Z" type="float"/>
                        </accessor>
                    </technique_common>
                </source>
                <source id="uvs0_VC">
                    <float_array id="uvarray0_VC" count="1108">0.282470703125 0.3330729166666667 0.282470703125 0.3169270833333333 0.312744140625 0.26692708333333337 0.343505859375 0.26692708333333337 0.000244140625 0.93359375 0.062255859375 0.93359375 0.000244140625 0.9997395833333333 0.062744140625 0.93359375 0.062744140625 0.9997395833333333 0.124755859375 0.93359375 0.125244140625 0.9997395833333333 0.125244140625 0.93359375 0.187255859375 0.93359375 0.187744140625 0.93359375 0.187744140625 0.9997395833333333 0.249755859375 0.93359375 0.296630859375 0.3169270833333333 0.289306640625 0.3169270833333333 0.289306640625 0.3330729166666667 0.289306640625 0.3002604166666667 0.296630859375 0.3002604166666667 0.289306640625 0.31640625 0.499755859375 0.025260416666666674 0.492431640625 0.033072916666666674 0.492431640625 0.025260416666666674 0.312744140625 0.3330729166666667 0.312744140625 0.3002604166666667 0.343505859375 0.3002604166666667 0.343994140625 0.3002604166666667 0.343994140625 0.3330729166666667 0.374755859375 0.3002604166666667 0.812744140625 0.09973958333333333 0.812744140625 0.08359375000000002 0.827880859375 0.08359375000000002 0.297119140625 0.3002604166666667 0.297119140625 0.3330729166666667 0.312255859375 0.3002604166666667 0.828369140625 0.09973958333333333 0.843505859375 0.08359375000000002 0.828369140625 0.08359375000000002 0.843994140625 0.08359375000000002 0.843994140625 0.09973958333333333 0.859130859375 0.08359375000000002 0.297119140625 0.2997395833333333 0.312255859375 0.26692708333333337 0.297119140625 0.26692708333333337 0.312744140625 0.2997395833333333 0.343994140625 0.26692708333333337 0.343994140625 0.2997395833333333 0.374755859375 0.26692708333333337 0.375244140625 0.3330729166666667 0.375244140625 0.3002604166666667 0.406005859375 0.3002604166666667 0.406494140625 0.3002604166666667 0.406494140625 0.3330729166666667 0.437255859375 0.3002604166666667 0.687744140625 0.93359375 0.749755859375 0.93359375 0.250244140625 0.9997395833333333 0.250244140625 0.93359375 0.312255859375 0.93359375 0.656005859375 0.93359375 0.625244140625 0.93359375 0.375244140625 0.26692708333333337 0.375244140625 0.2997395833333333 0.406005859375 0.26692708333333337 0.406494140625 0.26692708333333337 0.406494140625 0.2997395833333333 0.437255859375 0.26692708333333337 0.859619140625 0.08359375000000002 0.874755859375 0.08359375000000002 0.859619140625 0.09973958333333333 0.437744140625 0.3330729166666667 0.468505859375 0.3002604166666667 0.437744140625 0.3002604166666667 0.468994140625 0.3002604166666667 0.468994140625 0.3330729166666667 0.499755859375 0.3002604166666667 0.452880859375 0.26692708333333337 0.437744140625 0.2997395833333333 0.437744140625 0.26692708333333337 0.468994140625 0.2997395833333333 0.499755859375 0.26692708333333337 0.468994140625 0.26692708333333337 0.500244140625 0.3330729166666667 0.500244140625 0.3002604166666667 0.531005859375 0.3002604166666667 0.312744140625 0.9997395833333333 0.312744140625 0.93359375 0.374755859375 0.93359375 0.375244140625 0.93359375 0.375244140625 0.9997395833333333 0.437255859375 0.93359375 0.499755859375 0.93359375 0.437744140625 0.93359375 0.437744140625 0.9997395833333333 0.500244140625 0.93359375 0.500244140625 0.9997395833333333 0.562255859375 0.93359375 0.624755859375 0.93359375 0.562744140625 0.93359375 0.562744140625 0.9997395833333333 0.625244140625 0.9997395833333333 0.531494140625 0.3002604166666667 0.531494140625 0.3330729166666667 0.562255859375 0.3002604166666667 0.500244140625 0.2997395833333333 0.500244140625 0.26692708333333337 0.531005859375 0.26692708333333337 0.531494140625 0.26692708333333337 0.562255859375 0.26692708333333337 0.531494140625 0.2997395833333333 0.593505859375 0.3002604166666667 0.562744140625 0.3002604166666667 0.562744140625 0.3330729166666667 0.812744140625 0.0669270833333333 0.827880859375 0.0669270833333333 0.812744140625 0.08307291666666672 0.843505859375 0.0669270833333333 0.828369140625 0.0669270833333333 0.828369140625 0.08307291666666672 0.593994140625 0.3002604166666667 0.593994140625 0.3330729166666667 0.624755859375 0.3002604166666667 0.687744140625 0.9997395833333333 0.750244140625 0.93359375 0.750244140625 0.9997395833333333 0.812255859375 0.93359375 0.812744140625 0.9997395833333333 0.812744140625 0.93359375 0.874755859375 0.93359375 0.296630859375 0.28359375 0.289306640625 0.28359375 0.289306640625 0.2997395833333333 0.562744140625 0.2997395833333333 0.562744140625 0.26692708333333337 0.593505859375 0.26692708333333337 0.624755859375 0.26692708333333337 0.593994140625 0.2997395833333333 0.593994140625 0.26692708333333337 0.625244140625 0.3330729166666667 0.625244140625 0.3002604166666667 0.656005859375 0.3002604166666667 0.656494140625 0.3002604166666667 0.656494140625 0.3330729166666667 0.687255859375 0.3002604166666667 0.843994140625 0.08307291666666672 0.859130859375 0.0669270833333333 0.843994140625 0.0669270833333333 0.875244140625 0.93359375 0.875244140625 0.9997395833333333 0.937255859375 0.93359375 0.859619140625 0.08307291666666672 0.874755859375 0.0669270833333333 0.859619140625 0.0669270833333333 0.875244140625 0.11692708333333335 0.875244140625 0.13307291666666665 0.890380859375 0.11692708333333335 0.625244140625 0.2997395833333333 0.625244140625 0.26692708333333337 0.656005859375 0.26692708333333337 0.812255859375 0.3002604166666667 0.781494140625 0.3002604166666667 0.890869140625 0.11692708333333335 0.890869140625 0.13307291666666665 0.906005859375 0.11692708333333335 0.656494140625 0.2997395833333333 0.656494140625 0.26692708333333337 0.687255859375 0.26692708333333337 0.468505859375 0.26692708333333337 0.453369140625 0.26692708333333337 0.453369140625 0.2997395833333333 0.906494140625 0.11692708333333335 0.921630859375 0.11692708333333335 0.906494140625 0.13307291666666665 0.687744140625 0.3002604166666667 0.687744140625 0.3330729166666667 0.702880859375 0.3002604166666667 0.718994140625 0.3330729166666667 0.749755859375 0.3002604166666667 0.718994140625 0.3002604166666667 0.922119140625 0.13307291666666665 0.922119140625 0.11692708333333335 0.937255859375 0.11692708333333335 0.875244140625 0.10026041666666663 0.875244140625 0.11640625000000004 0.890380859375 0.10026041666666663 0.687744140625 0.2997395833333333 0.687744140625 0.26692708333333337 0.718505859375 0.26692708333333337 0.718994140625 0.26692708333333337 0.718994140625 0.2997395833333333 0.749755859375 0.26692708333333337 0.750244140625 0.3330729166666667 0.750244140625 0.3002604166666667 0.781005859375 0.3002604166666667 0.781494140625 0.3330729166666667 0.656494140625 0.9997395833333333 0.687255859375 0.93359375 0.656494140625 0.93359375 0.750244140625 0.26692708333333337 0.750244140625 0.2997395833333333 0.781005859375 0.26692708333333337 0.937744140625 0.9997395833333333 0.937744140625 0.93359375 0.968505859375 0.93359375 0.999755859375 0.93359375 0.968994140625 0.93359375 0.968994140625 0.9997395833333333 0.296630859375 0.26692708333333337 0.289306640625 0.2830729166666667 0.289306640625 0.26692708333333337 0.890869140625 0.10026041666666663 0.890869140625 0.11640625000000004 0.898193359375 0.10026041666666663 0.781494140625 0.2997395833333333 0.781494140625 0.26692708333333337 0.812255859375 0.26692708333333337 0.812744140625 0.3002604166666667 0.812744140625 0.3330729166666667 0.843505859375 0.3002604166666667 0.843994140625 0.3330729166666667 0.843994140625 0.3002604166666667 0.874755859375 0.3002604166666667 0.031005859375 0.8669270833333333 0.000244140625 0.9330729166666667 0.000244140625 0.8669270833333333 0.031494140625 0.9330729166666667 0.062255859375 0.8669270833333333 0.031494140625 0.8669270833333333 0.812744140625 0.2997395833333333 0.812744140625 0.26692708333333337 0.843505859375 0.26692708333333337 0.843994140625 0.26692708333333337 0.843994140625 0.2997395833333333 0.874755859375 0.26692708333333337 0.875244140625 0.3330729166666667 0.875244140625 0.3002604166666667 0.906005859375 0.3002604166666667 0.062744140625 0.9330729166666667 0.124755859375 0.8669270833333333 0.062744140625 0.8669270833333333 0.187255859375 0.8669270833333333 0.125244140625 0.8669270833333333 0.125244140625 0.9330729166666667 0.906494140625 0.3330729166666667 0.906494140625 0.3002604166666667 0.937255859375 0.3002604166666667 0.875244140625 0.26692708333333337 0.875244140625 0.2997395833333333 0.906005859375 0.26692708333333337 0.906494140625 0.2997395833333333 0.906494140625 0.26692708333333337 0.937255859375 0.26692708333333337 0.937744140625 0.3002604166666667 0.937744140625 0.3330729166666667 0.968505859375 0.3002604166666667 0.968994140625 0.3330729166666667 0.968994140625 0.3002604166666667 0.999755859375 0.3002604166666667 0.937744140625 0.26692708333333337 0.937744140625 0.2997395833333333 0.968505859375 0.26692708333333337 0.968994140625 0.2997395833333333 0.968994140625 0.26692708333333337 0.999755859375 0.26692708333333337 0.000244140625 0.23359375000000004 0.000244140625 0.26640624999999996 0.031005859375 0.23359375000000004 0.249755859375 0.8669270833333333 0.187744140625 0.9330729166666667 0.187744140625 0.8669270833333333 0.312255859375 0.8669270833333333 0.250244140625 0.9330729166666667 0.250244140625 0.8669270833333333 0.312744140625 0.9330729166666667 0.312744140625 0.8669270833333333 0.374755859375 0.8669270833333333 0.375244140625 0.8669270833333333 0.375244140625 0.9330729166666667 0.437255859375 0.8669270833333333 0.437744140625 0.8669270833333333 0.499755859375 0.8669270833333333 0.437744140625 0.9330729166666667 0.500244140625 0.9330729166666667 0.500244140625 0.8669270833333333 0.562255859375 0.8669270833333333 0.562744140625 0.8669270833333333 0.562744140625 0.9330729166666667 0.624755859375 0.8669270833333333 0.921630859375 0.10026041666666663 0.906494140625 0.10026041666666663 0.906494140625 0.11640625000000004 0.283447265625 0.3330729166666667 0.283447265625 0.3169270833333333 0.284912109375 0.3169270833333333 0.625244140625 0.9330729166666667 0.625244140625 0.8669270833333333 0.656005859375 0.8669270833333333 0.656494140625 0.8669270833333333 0.656494140625 0.9330729166666667 0.687255859375 0.8669270833333333 0.687744140625 0.8669270833333333 0.749755859375 0.8669270833333333 0.687744140625 0.9330729166666667 0.031494140625 0.26640624999999996 0.031494140625 0.23359375000000004 0.062255859375 0.23359375000000004 0.000244140625 0.20026041666666672 0.000244140625 0.23307291666666663 0.031005859375 0.20026041666666672 0.922119140625 0.11640625000000004 0.922119140625 0.10026041666666663 0.937255859375 0.10026041666666663 0.875244140625 0.08359375000000002 0.890380859375 0.08359375000000002 0.875244140625 0.09973958333333333 0.703369140625 0.3002604166666667 0.703369140625 0.3330729166666667 0.718505859375 0.3002604166666667 0.031494140625 0.20026041666666672 0.031494140625 0.23307291666666663 0.062255859375 0.20026041666666672 0.890869140625 0.08359375000000002 0.890869140625 0.09973958333333333 0.906005859375 0.08359375000000002 0.921630859375 0.08359375000000002 0.906494140625 0.08359375000000002 0.906494140625 0.09973958333333333 0.062744140625 0.23359375000000004 0.062744140625 0.26640624999999996 0.077880859375 0.23359375000000004 0.093505859375 0.23359375000000004 0.078369140625 0.23359375000000004 0.078369140625 0.26640624999999996 0.922119140625 0.08359375000000002 0.922119140625 0.09973958333333333 0.937255859375 0.08359375000000002 0.890380859375 0.0669270833333333 0.875244140625 0.0669270833333333 0.875244140625 0.08307291666666672 0.890869140625 0.0669270833333333 0.890869140625 0.08307291666666672 0.906005859375 0.0669270833333333 0.921630859375 0.0669270833333333 0.906494140625 0.0669270833333333 0.906494140625 0.08307291666666672 0.124755859375 0.23359375000000004 0.093994140625 0.26640624999999996 0.093994140625 0.23359375000000004 0.062744140625 0.20026041666666672 0.093505859375 0.20026041666666672 0.062744140625 0.23307291666666663 0.124755859375 0.20026041666666672 0.093994140625 0.23307291666666663 0.093994140625 0.20026041666666672 0.125244140625 0.23359375000000004 0.156005859375 0.23359375000000004 0.125244140625 0.26640624999999996 0.156494140625 0.23359375000000004 0.156494140625 0.26640624999999996 0.187255859375 0.23359375000000004 0.156005859375 0.20026041666666672 0.125244140625 0.20026041666666672 0.125244140625 0.23307291666666663 0.156494140625 0.20026041666666672 0.156494140625 0.23307291666666663 0.187255859375 0.20026041666666672 0.218505859375 0.23359375000000004 0.187744140625 0.23359375000000004 0.187744140625 0.26640624999999996 0.492431640625 0.01692708333333337 0.492431640625 0.02473958333333337 0.499755859375 0.01692708333333337 0.898681640625 0.10026041666666663 0.906005859375 0.10026041666666663 0.898681640625 0.11640625000000004 0.929443359375 0.0669270833333333 0.922119140625 0.08307291666666672 0.922119140625 0.0669270833333333 0.929931640625 0.0669270833333333 0.937255859375 0.0669270833333333 0.929931640625 0.08307291666666672 0.445068359375 0.008593749999999956 0.437744140625 0.008593749999999956 0.437744140625 0.016406249999999956 0.488525390625 0.025260416666666674 0.488525390625 0.033072916666666674 0.491943359375 0.025260416666666674 0.937744140625 0.13307291666666665 0.945068359375 0.11692708333333335 0.937744140625 0.11692708333333335 0.945556640625 0.13307291666666665 0.945556640625 0.11692708333333335 0.952880859375 0.11692708333333335 0.968505859375 0.11692708333333335 0.953369140625 0.13307291666666665 0.953369140625 0.11692708333333335 0.968994140625 0.11692708333333335 0.984130859375 0.11692708333333335 0.968994140625 0.13307291666666665 0.999755859375 0.11692708333333335 0.984619140625 0.13307291666666665 0.984619140625 0.11692708333333335 0.937744140625 0.10026041666666663 0.952880859375 0.10026041666666663 0.937744140625 0.11640625000000004 0.953369140625 0.10026041666666663 0.953369140625 0.11640625000000004 0.968505859375 0.10026041666666663 0.984130859375 0.10026041666666663 0.968994140625 0.11640625000000004 0.968994140625 0.10026041666666663 0.452880859375 0.008593749999999956 0.445556640625 0.008593749999999956 0.445556640625 0.016406249999999956 0.453369140625 0.016406249999999956 0.460693359375 0.008593749999999956 0.453369140625 0.008593749999999956 0.234130859375 0.23359375000000004 0.218994140625 0.23359375000000004 0.218994140625 0.26640624999999996 0.234619140625 0.26640624999999996 0.249755859375 0.23359375000000004 0.234619140625 0.23359375000000004 0.218505859375 0.20026041666666672 0.187744140625 0.23307291666666663 0.187744140625 0.20026041666666672 0.218994140625 0.20026041666666672 0.249755859375 0.20026041666666672 0.218994140625 0.23307291666666663 0.250244140625 0.26640624999999996 0.250244140625 0.23359375000000004 0.265380859375 0.23359375000000004 0.281494140625 0.23359375000000004 0.312255859375 0.23359375000000004 0.281494140625 0.26640624999999996 0.250244140625 0.20026041666666672 0.250244140625 0.23307291666666663 0.281005859375 0.20026041666666672 0.312255859375 0.20026041666666672 0.281494140625 0.20026041666666672 0.281494140625 0.23307291666666663 0.343505859375 0.23359375000000004 0.312744140625 0.26640624999999996 0.312744140625 0.23359375000000004 0.281005859375 0.23359375000000004 0.265869140625 0.23359375000000004 0.265869140625 0.26640624999999996 0.984619140625 0.10026041666666663 0.984619140625 0.11640625000000004 0.999755859375 0.10026041666666663 0.952880859375 0.08359375000000002 0.937744140625 0.08359375000000002 0.937744140625 0.09973958333333333 0.953369140625 0.09973958333333333 0.968505859375 0.08359375000000002 0.953369140625 0.08359375000000002 0.968994140625 0.08359375000000002 0.984130859375 0.08359375000000002 0.968994140625 0.09973958333333333 0.984619140625 0.08359375000000002 0.984619140625 0.09973958333333333 0.999755859375 0.08359375000000002 0.952880859375 0.0669270833333333 0.937744140625 0.0669270833333333 0.937744140625 0.08307291666666672 0.953369140625 0.08307291666666672 0.960693359375 0.0669270833333333 0.953369140625 0.0669270833333333 0.984130859375 0.0669270833333333 0.968994140625 0.0669270833333333 0.968994140625 0.08307291666666672 0.461181640625 0.016406249999999956 0.468505859375 0.008593749999999956 0.461181640625 0.008593749999999956 0.961181640625 0.08307291666666672 0.961181640625 0.0669270833333333 0.968505859375 0.0669270833333333 0.999755859375 0.0669270833333333 0.984619140625 0.0669270833333333 0.984619140625 0.08307291666666672 0.343994140625 0.23359375000000004 0.343994140625 0.26640624999999996 0.359130859375 0.23359375000000004 0.374755859375 0.23359375000000004 0.359619140625 0.26640624999999996 0.359619140625 0.23359375000000004 0.015380859375 0.050260416666666696 0.000244140625 0.06640625 0.000244140625 0.050260416666666696 0.312744140625 0.23307291666666663 0.343505859375 0.20026041666666672 0.312744140625 0.20026041666666672 0.374755859375 0.20026041666666672 0.343994140625 0.23307291666666663 0.343994140625 0.20026041666666672 0.406005859375 0.23359375000000004 0.375244140625 0.23359375000000004 0.375244140625 0.26640624999999996 0.406494140625 0.26640624999999996 0.406494140625 0.23359375000000004 0.437255859375 0.23359375000000004 0.375244140625 0.20026041666666672 0.375244140625 0.23307291666666663 0.406005859375 0.20026041666666672 0.015869140625 0.050260416666666696 0.031005859375 0.050260416666666696 0.015869140625 0.06640625 0.468994140625 0.008593749999999956 0.476318359375 0.008593749999999956 0.468994140625 0.016406249999999956 0.406494140625 0.23307291666666663 0.406494140625 0.20026041666666672 0.437255859375 0.20026041666666672 0.468505859375 0.23359375000000004 0.437744140625 0.26640624999999996 0.437744140625 0.23359375000000004 0.499755859375 0.23359375000000004 0.468994140625 0.23359375000000004 0.468994140625 0.26640624999999996 0.046630859375 0.050260416666666696 0.031494140625 0.050260416666666696 0.031494140625 0.06640625 0.491943359375 0.01692708333333337 0.488525390625 0.01692708333333337 0.488525390625 0.02473958333333337 0.437744140625 0.23307291666666663 0.468505859375 0.20026041666666672 0.437744140625 0.20026041666666672 0.468994140625 0.23307291666666663 0.468994140625 0.20026041666666672 0.499755859375 0.20026041666666672 0.062255859375 0.050260416666666696 0.047119140625 0.06640625 0.047119140625 0.050260416666666696 0.000244140625 0.03359374999999998 0.015380859375 0.03359374999999998 0.000244140625 0.04973958333333328 0.500244140625 0.26640624999999996 0.531005859375 0.23359375000000004 0.500244140625 0.23359375000000004 0.476806640625 0.016406249999999956 0.484130859375 0.008593749999999956 0.476806640625 0.008593749999999956 0.015869140625 0.03359374999999998 0.031005859375 0.03359374999999998 0.015869140625 0.04973958333333328 0.031494140625 0.04973958333333328 0.031494140625 0.03359374999999998 0.046630859375 0.03359374999999998 0.546630859375 0.23359375000000004 0.531494140625 0.26640624999999996 0.531494140625 0.23359375000000004</float_array>
                    <technique_common>
                        <accessor count="1" source="#uvarray0_VC" stride="2">
                            <param name="S" type="float"/>
                            <param name="T" type="float"/>
                        </accessor>
                    </technique_common>
                </source>
                <vertices id="vertices0_VC">
                    <input semantic="POSITION" source="#points0_VC"/>
                </vertices>
                <polylist count="394" material="Material1">
                    <input offset="0" semantic="VERTEX" source="#vertices0_VC"/>
                    <input offset="1" semantic="TEXCOORD" source="#uvs0_VC" set="0"/>
                    <vcount>3 3 3 3 3 3 3 3 3 3 3 3 3 3 3 3 3 3 3 3 3 3 3 3 3 3 3 3 3 3 3 3 3 3 3 3 3 3 3 3 3 3 3 3 3 3 3 3 3 3 3 3 3 3 3 3 3 3 3 3 3 3 3 3 3 3 3 3 3 3 3 3 3 3 3 3 3 3 3 3 3 3 3 3 3 3 3 3 3 3 3 3 3 3 3 3 3 3 3 3 3 3 3 3 3 3 3 3 3 3 3 3 3 3 3 3 3 3 3 3 3 3 3 3 3 3 3 3 3 3 3 3 3 3 3 3 3 3 3 3 3 3 3 3 3 3 3 3 3 3 3 3 3 3 3 3 3 3 3 3 3 3 3 3 3 3 3 3 3 3 3 3 3 3 3 3 3 3 3 3 3 3 3 3 3 3 3 3 3 3 3 3 3 3 3 3 3 3 3 3 3 3 3 3 3 3 3 3 3 3 3 3 3 3 3 3 3 3 3 3 3 3 3 3 3 3 3 3 3 3 3 3 3 3 3 3 3 3 3 3 3 3 3 3 3 3 3 3 3 3 3 3 3 3 3 3 3 3 3 3 3 3 3 3 3 3 3 3 3 3 3 3 3 3 3 3 3 3 3 3 3 3 3 3 3 3 3 3 3 3 3 3 3 3 3 3 3 3 3 3 3 3 3 3 3 3 3 3 3 3 3 3 3 3 3 3 3 3 3 3 3 3 3 3 3 3 3 3 3 3 3 3 3 3 3 3 3 3 3 3 3 3 3 3 3 3 3 3 3 3 3 3 3 3 3 3 3 3 3 3 3 3 3 3 3 3 3 3 3 3 3 3 3 3 3 3 3 3 3 3 3 3 3 3 3 3 3 3 3 3 3 3 3 3</vcount>
                    <p>2 0 1 0 0 1 3 2 1 3 2 3 4 2 3 2 2 3 5 4 3 5 4 5 6 6 5 4 4 5 7 7 5 8 6 9 8 10 7 11 6 12 9 13 7 14 8 15 10 13 9 13 8 15 11 13 9 13 10 13 12 16 11 17 10 17 13 18 11 17 12 16 14 19 13 20 12 21 15 22 13 23 14 24 16 25 15 26 14 27 17 28 15 29 16 30 18 31 17 32 16 33 19 34 17 35 18 36 20 37 19 38 18 39 21 40 19 41 20 42 22 43 21 44 20 45 24 0 23 0 0 1 25 2 23 3 24 3 26 46 25 2 24 3 27 47 25 48 26 49 28 50 27 51 26 52 29 53 27 54 28 55 30 56 29 56 28 57 31 13 29 15 30 15 32 58 31 59 30 60 33 58 31 59 32 58 34 59 33 58 32 58 35 59 33 58 34 59 36 13 35 13 34 13 37 61 35 62 36 62 38 63 37 64 36 65 39 66 37 67 38 68 40 69 39 70 38 71 41 72 39 73 40 74 42 75 41 76 40 77 43 78 41 79 42 80 44 81 43 82 42 83 23 0 45 0 0 1 46 2 45 3 23 3 25 2 46 2 23 3 47 4 46 5 25 5 27 84 47 85 25 86 48 87 47 88 27 89 29 90 48 91 27 92 49 93 48 94 29 95 31 96 49 97 29 98 50 97 49 97 31 96 33 99 50 100 31 101 51 99 50 100 33 99 35 59 51 58 33 58 52 58 51 58 35 59 37 61 52 102 35 62 53 103 52 104 37 105 39 106 53 107 37 108 54 109 53 110 39 111 41 112 54 113 39 114 55 115 54 116 41 117 56 118 55 119 41 120 1 0 24 0 0 1 26 46 24 3 1 3 3 2 26 46 1 3 28 121 26 122 3 123 5 4 28 4 3 5 30 56 28 57 5 57 7 124 30 56 5 57 32 125 30 126 7 127 9 128 32 129 7 130 34 59 32 58 9 59 11 13 34 13 9 13 36 13 34 13 11 13 13 18 36 17 11 17 38 18 36 17 13 18 15 131 38 132 13 132 40 133 38 132 15 131 17 134 40 135 15 136 42 137 40 138 17 139 19 140 42 141 17 142 44 143 42 144 19 145 21 146 44 147 19 148 57 0 2 0 0 1 4 2 2 3 57 3 58 2 4 2 57 3 6 6 4 5 58 5 59 4 6 6 58 5 8 149 6 150 59 151 60 56 8 56 59 57 10 13 8 15 60 15 61 13 10 13 60 15 12 16 10 17 61 17 62 152 12 153 61 154 14 155 12 156 62 157 63 158 14 159 62 160 16 25 14 27 63 25 64 161 16 162 63 162 18 163 16 164 64 165 65 166 18 167 64 168 20 169 18 170 65 171 66 172 20 173 65 174 22 175 20 176 66 177 67 178 22 179 66 180 68 0 57 0 0 1 58 2 57 3 68 3 69 2 58 2 68 3 59 4 58 5 69 5 70 4 59 4 69 5 60 56 59 57 70 57 71 56 60 56 70 57 61 13 60 15 71 15 72 181 61 182 71 183 62 184 61 185 72 186 73 187 62 188 72 189 63 190 62 191 73 192 74 193 63 194 73 195 64 161 63 162 74 196 75 197 64 198 74 199 65 200 64 201 75 202 76 203 65 204 75 205 66 206 65 207 76 208 77 208 66 206 76 208 67 208 66 206 77 208 78 0 68 0 0 1 69 2 68 3 78 3 79 2 69 2 78 3 70 4 69 5 79 5 80 4 70 4 79 5 71 56 70 57 80 57 81 209 71 210 80 211 72 212 71 213 81 214 82 215 72 216 81 217 73 218 72 219 82 220 83 221 73 222 82 223 74 193 73 195 83 193 84 224 74 225 83 225 75 226 74 225 84 224 85 227 75 228 84 229 76 203 75 205 85 203 86 0 78 0 0 1 79 2 78 3 86 3 87 2 79 2 86 3 80 4 79 5 87 5 88 4 80 4 87 5 81 209 80 211 88 211 89 230 81 231 88 232 82 233 81 234 89 235 90 236 82 237 89 238 83 225 82 224 90 225 91 224 83 225 90 225 84 224 83 225 91 224 92 225 84 224 91 224 85 239 84 240 92 241 93 242 85 243 92 244 94 0 86 0 0 1 87 2 86 3 94 3 95 2 87 2 94 3 88 4 87 5 95 5 96 245 88 246 95 247 89 248 88 249 96 250 97 251 89 252 96 253 90 254 89 255 97 256 98 257 90 258 97 259 91 224 90 225 98 224 99 225 91 224 98 224 92 225 91 224 99 225 93 242 92 244 99 244 100 0 94 0 0 1 95 2 94 3 100 3 101 2 95 2 100 3 96 245 95 247 101 247 102 246 96 245 101 247 97 260 96 261 102 262 103 263 97 264 102 265 98 266 97 267 103 268 104 236 98 237 103 238 99 225 98 224 104 225 105 269 99 270 104 270 93 271 99 270 105 269 106 0 100 0 0 1 101 2 100 3 106 3 107 2 101 2 106 3 102 4 101 5 107 5 108 245 102 246 107 247 103 248 102 249 108 250 109 251 103 252 108 253 104 254 103 255 109 256 110 13 104 13 109 15 105 269 104 270 110 270 111 269 105 269 110 270 112 0 106 0 0 1 107 2 106 3 112 3 113 2 107 2 112 3 108 245 107 247 113 247 114 246 108 245 113 247 109 260 108 261 114 262 115 56 109 56 114 57 110 13 109 15 115 15 116 97 110 96 115 98 111 272 110 273 116 274 117 0 112 0 0 1 113 2 112 3 117 3 118 2 113 2 117 3 114 4 113 5 118 5 119 4 114 4 118 5 115 56 114 57 119 57 120 56 115 56 119 57 116 93 115 95 120 95 121 93 116 93 120 95 122 0 117 0 0 1 118 2 117 3 122 3 123 2 118 2 122 3 119 4 118 5 123 5 124 4 119 4 123 5 120 56 119 57 124 57 125 275 120 276 124 277 121 278 120 279 125 280 126 278 121 278 125 280 127 0 122 0 0 1 123 2 122 3 127 3 128 2 123 2 127 3 124 4 123 5 128 5 129 4 124 4 128 5 125 275 124 277 129 277 130 275 125 275 129 277 126 278 125 280 130 280 131 0 127 0 0 1 128 2 127 3 131 3 132 2 128 2 131 3 129 4 128 5 132 5 133 4 129 4 132 5 130 275 129 277 133 277 134 281 130 282 133 283 135 0 131 0 0 1 132 2 131 3 135 3 136 2 132 2 135 3 133 4 132 5 136 5 137 284 133 285 136 286 134 287 133 288 137 289 138 290 134 291 137 292 46 2 139 2 45 3 140 4 139 5 46 5 47 4 140 4 46 5 141 275 140 277 47 277 48 281 141 282 47 283 142 293 141 294 48 295 49 93 142 93 48 94 143 0 135 0 0 1 136 2 135 3 143 3 144 46 136 2 143 3 137 296 136 297 144 298 145 299 137 300 144 301 138 302 137 303 145 304 148 178 147 179 146 178 149 180 147 179 148 178 150 207 149 206 148 208 53 305 149 306 150 307 52 308 53 309 150 310 153 311 152 312 151 311 154 313 152 312 153 311 155 311 154 313 153 311 156 314 154 315 155 316 159 317 158 318 157 319 160 318 158 318 159 317 22 320 160 321 159 322 67 178 160 178 22 179 162 323 157 324 161 325 159 326 157 327 162 328 21 329 159 330 162 331 22 332 159 333 21 334 164 335 161 336 163 337 162 338 161 339 164 340 44 341 162 342 164 343 21 344 162 345 44 346 167 347 166 348 165 349 168 350 166 351 167 352 56 353 168 354 167 355 43 356 168 357 56 358 168 359 163 360 166 361 164 362 163 363 168 364 43 365 164 366 168 367 44 368 164 369 43 370 154 371 169 372 152 373 170 374 169 375 154 376 156 377 170 378 154 379 171 380 170 381 156 382 172 383 165 384 171 385 167 386 165 387 172 388 55 389 167 390 172 391 56 392 167 393 55 394 173 318 156 319 155 318 174 317 156 319 173 318 146 318 174 317 173 318 147 320 174 322 146 321 174 395 171 396 156 397 172 398 171 399 174 400 147 401 172 402 174 403 55 404 172 405 147 406 170 407 175 408 169 409 176 410 175 411 170 412 171 413 176 414 170 415 165 416 176 417 171 418 176 419 177 420 175 421 178 422 177 423 176 424 165 425 178 426 176 427 166 428 178 429 165 430 178 431 179 432 177 433 180 434 179 435 178 436 166 437 180 438 178 439 163 440 180 441 166 442 180 443 181 444 179 445 182 446 181 447 180 448 163 449 182 450 180 451 161 452 182 453 163 454 182 455 183 456 181 457 184 458 183 459 182 460 161 461 184 462 182 463 157 464 184 465 161 466 184 313 185 311 183 312 186 311 185 311 184 313 157 314 186 316 184 315 158 318 186 318 157 319 189 467 188 468 187 467 190 469 188 468 189 467 151 467 190 469 189 467 152 470 190 471 151 472 190 469 191 468 188 468 192 469 191 468 190 469 152 470 192 471 190 471 169 473 192 474 152 475 192 476 193 477 191 478 194 479 193 480 192 481 169 482 194 483 192 484 175 485 194 486 169 487 194 488 195 489 193 490 196 491 195 492 194 493 175 494 196 495 194 496 177 497 196 498 175 499 196 500 197 501 195 502 198 503 197 504 196 505 177 506 198 507 196 508 179 509 198 510 177 511 198 512 199 513 197 514 200 513 199 513 198 512 179 515 200 516 198 517 181 518 200 519 179 520 200 467 201 468 199 467 202 469 201 468 200 467 181 521 202 522 200 523 183 524 202 525 181 526 202 469 203 467 201 468 204 467 203 467 202 469 183 470 204 472 202 471 185 311 204 311 183 312 205 0 143 0 0 1 144 46 143 3 205 3 139 2 144 46 205 3 145 121 144 122 139 123 51 527 206 528 50 529 207 530 206 531 51 532 52 205 207 203 51 205 150 204 207 203 52 205 149 533 55 534 147 535 54 536 55 537 149 538 53 539 54 540 149 541 140 4 145 4 139 5 208 275 145 277 140 277 141 275 208 275 140 277 209 513 197 514 199 513 210 513 197 514 209 513 211 467 199 467 201 468 209 203 199 203 211 203 212 467 201 468 203 467 211 467 201 468 212 467 45 0 205 0 0 1 139 2 205 3 45 3 187 203 214 203 213 203 188 468 214 467 187 467 215 542 191 543 193 544 216 467 191 468 215 467 217 545 193 546 195 547 215 545 193 546 217 545 210 548 195 549 197 550 217 545 195 547 210 545 216 467 188 468 191 468 214 467 188 468 216 467 150 204 218 203 207 203 148 203 218 203 150 204 208 275 138 275 145 277 142 278 219 278 141 280 50 93 220 93 49 93 41 551 43 552 56 553</p>
                </polylist>
            </mesh>
        </geometry>
        <geometry id="mesh1">
            <mesh>
                <source id="points1">
                    <float_array id="pointarray1" count="150">568483.7707111911 266082.9272691491 -362487.44765245833 554950.388785656 254177.99109422302 -376298.53408675524 569223.1684072695 264753.0065942279 -381210.16221566283 574431.4597778377 247273.07329988026 -385702.5770822915 580357.0531566056 256529.7199422945 -371694.8197840575 594727.1404617726 251616.66179342894 -383518.05744361505 594387.5682963644 250052.0762395956 -362851.71650791704 589488.7210154965 232803.48480039695 -376784.2993984858 603939.9095659347 234082.61329622153 -365417.780637747 593699.5871079565 219895.2099871674 -358583.4318357654 594629.6996122025 236249.81599818723 -351606.55158467975 600711.1105194659 222789.7826968824 -339072.70251662703 587751.8003590062 238705.05217516166 -335368.2521046898 580641.1351517376 217674.16167110793 -340139.64890083333 578639.1020347042 226676.0857480238 -324182.661029455 561160.0638893042 224579.08036209497 -330735.60618218605 570526.3524522625 239719.32880386888 -330978.5917026645 554301.629674054 241505.057045622 -320685.72741392255 561848.0726317985 254735.9312485786 -335003.96234085003 546102.8025165194 239048.66930990038 -339653.8840044361 543922.3817577269 257346.50164757844 -339974.9966868127 541891.936829437 251956.94277816353 -357854.7511518232 556253.6920169336 259999.24110343162 -351066.82436645264 548317.6342584966 270331.944223047 -365131.0086045483 534951.232658357 249006.96166091468 -377162.66125502484 547839.7230378841 233147.10238345782 -381069.9314366765 540961.8237846878 235602.3385604323 -364831.6319566865 534278.1741535199 219505.19619589613 -372987.0320952956 541203.9552356516 221800.07787070173 -353586.4668950048 554033.0190232905 213968.85216250047 -370607.4010342185 546753.7128795133 201778.8382789156 -355428.14470299263 567107.752685699 205769.22728947038 -353950.7358889079 555234.4707807881 215322.4328230365 -344743.3632035312 566276.289904106 204497.44555956783 -333073.7127253469 585709.7435072875 204315.0767483537 -351780.65198628744 579337.8319204601 211852.9116618993 -365371.35862113605 567822.0860263507 198746.17710037378 -373458.7589483515 573743.4507650917 217116.2233100409 -381434.2212005161 556334.5253947029 218092.6108336105 -388422.19616092776 565065.1709446276 232132.82575475064 -385459.59183870174 556019.6090482151 245974.28972264178 -395193.2721777182 588908.6308388129 270017.90428559296 -360807.2185148817 581558.5046438514 257883.30149947476 -345830.7822302588 601384.1707133763 252291.5425578744 -343248.3299458014 528459.6641927459 237906.43980886549 -350276.19351267326 543104.5021097434 221496.2398789963 -334900.8345680816 579256.9984075648 253759.54238004267 -328015.9869651054 567840.2593134859 273050.5600842693 -342776.60260819015 593836.2336785684 212565.29905992115 -377990.79249794694 581360.6799931804 230291.6685826926 -395549.64535838214</float_array>
                    <technique_common>
                        <accessor count="50" source="#pointarray1" stride="3">
                            <param name="X" type="float"/>
                            <param name="Y" type="float"/>
                            <param name="Z" type="float"/>
                        </accessor>
                    </technique_common>
                </source>
                <source id="uvs1">
                    <float_array id="uvarray1" count="2">0 1</float_array>
                    <technique_common>
                        <accessor count="1" source="#uvarray1" stride="2">
                            <param name="S" type="float"/>
                            <param name="T" type="float"/>
                        </accessor>
                    </technique_common>
                </source>
                <vertices id="vertices1">
                    <input semantic="POSITION" source="#points1"/>
                </vertices>
                <polylist count="96" material="Material1">
                    <input offset="0" semantic="VERTEX" source="#vertices1"/>
                    <input offset="1" semantic="TEXCOORD" source="#uvs1" set="0"/>
                    <vcount>3 3 3 3 3 3 3 3 3 3 3 3 3 3 3 3 3 3 3 3 3 3 3 3 3 3 3 3 3 3 3 3 3 3 3 3 3 3 3 3 3 3 3 3 3 3 3 3 3 3 3 3 3 3 3 3 3 3 3 3 3 3 3 3 3 3 3 3 3 3 3 3 3 3 3 3 3 3 3 3 3 3 3 3 3 3 3 3 3 3 3 3 3 3 3 3</vcount>
                    <p>2 0 1 0 0 0 3 0 1 0 2 0 4 0 3 0 2 0 5 0 3 0 4 0 6 0 5 0 4 0 7 0 5 0 6 0 8 0 7 0 6 0 9 0 7 0 8 0 10 0 9 0 8 0 11 0 9 0 10 0 12 0 11 0 10 0 13 0 11 0 12 0 14 0 13 0 12 0 15 0 13 0 14 0 16 0 15 0 14 0 17 0 15 0 16 0 18 0 17 0 16 0 19 0 17 0 18 0 20 0 19 0 18 0 21 0 19 0 20 0 22 0 21 0 20 0 23 0 21 0 22 0 0 0 23 0 22 0 1 0 23 0 0 0 1 0 21 0 23 0 24 0 21 0 1 0 25 0 24 0 1 0 26 0 24 0 25 0 27 0 26 0 25 0 28 0 26 0 27 0 29 0 28 0 27 0 30 0 28 0 29 0 31 0 30 0 29 0 32 0 30 0 31 0 33 0 32 0 31 0 15 0 32 0 33 0 13 0 15 0 33 0 13 0 9 0 11 0 34 0 9 0 13 0 31 0 34 0 13 0 35 0 34 0 31 0 36 0 35 0 31 0 37 0 35 0 36 0 29 0 37 0 36 0 38 0 37 0 29 0 25 0 38 0 29 0 39 0 38 0 25 0 40 0 39 0 25 0 3 0 39 0 40 0 1 0 3 0 40 0 0 0 4 0 2 0 41 0 4 0 0 0 42 0 41 0 0 0 6 0 41 0 42 0 43 0 6 0 42 0 10 0 6 0 43 0 12 0 10 0 43 0 26 0 21 0 24 0 44 0 21 0 26 0 28 0 44 0 26 0 19 0 44 0 28 0 45 0 19 0 28 0 15 0 19 0 45 0 32 0 15 0 45 0 12 0 16 0 14 0 46 0 16 0 12 0 42 0 46 0 12 0 18 0 46 0 42 0 47 0 18 0 42 0 22 0 18 0 47 0 0 0 22 0 47 0 35 0 9 0 34 0 48 0 9 0 35 0 37 0 48 0 35 0 7 0 48 0 37 0 49 0 7 0 37 0 3 0 7 0 49 0 39 0 3 0 49 0 32 0 28 0 30 0 45 0 28 0 32 0 37 0 39 0 49 0 38 0 39 0 37 0 27 0 25 0 29 0 36 0 31 0 29 0 48 0 7 0 9 0 8 0 6 0 10 0 41 0 6 0 4 0 43 0 42 0 12 0 46 0 18 0 16 0 20 0 18 0 22 0 17 0 19 0 15 0 40 0 25 0 1 0 33 0 31 0 13 0 5 0 7 0 3 0 47 0 42 0 0 0 44 0 19 0 21 0</p>
                </polylist>
            </mesh>
        </geometry>
        <geometry id="mesh2">
            <mesh>
                <source id="points2">
                    <float_array id="pointarray2" count="336">551075.6363280514 322801.7609878228 -370026.3008979359 544933.4823733642 301815.6822175026 -385773.4946152784 554560.2883311583 334657.5716490401 -360437.5968519917 548579.5930570211 312281.5118292456 -377049.6479271074 560828.3544073461 348299.47518516995 -344042.387652379 555609.327806214 325049.9897416599 -360990.83083887305 585919.1063618014 395273.4479692521 -254698.0485034812 583817.824059505 369316.386048372 -277740.0290761607 594391.0665121446 446762.1791645919 -141595.9911415103 598944.2747141458 420541.4280372751 -165211.95775255145 582096.2613143319 475528.6068337302 -9964.151837238373 605379.6681599519 386217.73939720343 -180252.84186363977 595624.130242554 440106.9432107948 -24813.734157449246 613921.4642328357 347487.80598432774 -184989.37282431763 609329.0104738919 398985.96248925023 -28888.493368886295 619207.6367348636 327965.15676526993 -181859.38504510827 615916.0115738135 377717.25951265096 -25230.919608821743 552593.8141296434 422662.02156826784 175398.05725417798 560586.9022628838 399841.2247549909 179620.56548081996 622503.017727658 356448.5549787519 -21573.36061417486 634111.5075194621 316762.31059403904 -3497.3672289657115 636365.3215584711 273023.52753182687 -161994.3611882715 648070.3597046423 244578.25258442725 -136513.71759268854 622779.1336240538 209476.8887696708 -253533.5418881984 636520.740959344 194458.25396075193 -223742.83081173763 603201.9491507602 167146.64678881416 -312229.3904696166 616776.7765755211 162672.95291977827 -286719.8972480472 607109.1598046292 160310.32538181348 -306598.18665697007 647875.042510273 189715.33502581003 -191220.5471455665 657702.9081274064 225591.36264530383 -105010.28113933359 646977.6631164105 260264.31248787153 56510.71104215403 642763.230279277 283708.29843557643 23483.046951971162 576248.970198822 318164.4420101232 226716.43379033834 571568.604526916 356007.90108526254 198805.79381346307 559100.81315613 194618.79405124756 -382949.371556082 564657.5526423499 196658.76234589992 -373513.11892531754 553956.7609846907 223128.0921803208 -386155.3114341474 562940.9031036164 230931.9571315275 -369652.97918795305 555970.9823126971 262971.8275633113 -374936.50289516465 597100.3487405032 264972.34417529637 -292761.2114368141 592945.1375791 282714.0625484825 -295392.36078338214 624493.8097772914 308442.5057532682 -178729.39671222775 553669.1930541627 295514.8958861715 -371807.4662820763 545933.2180504699 284129.10077149223 -387738.7225681559 547583.3892860293 253307.61664135545 -391006.6037310157 543321.9176639272 246970.19382569892 -399115.77823634667 549129.0420572198 219038.7551713488 -394685.74413167505 547211.7898259503 217432.59647353546 -398015.6451149752 555894.4831401842 196256.48386908128 -387812.2966393269 225508.1012066945 357369.55594013515 562415.8910602713 222123.04041871446 309514.2366825846 585114.5290505565 -2167.4213179050203 309429.80350572383 641784.0905291571 -7402.832165873879 256153.4860316497 659913.567407818 -262436.4645302142 166303.86161436126 642537.2920590745 -26880.928694177725 209692.76298099407 675719.9256597992 -281883.3954988631 113191.30829259712 646055.0328509356 -313709.48119747866 70616.18100430342 639746.4187695656 663466.0779510569 217584.71737101345 -70824.63946501567 645638.3241898777 248438.87871064656 92112.38589315183 563263.9454374652 273198.94703109976 295799.1514902986 573610.345972536 289740.0816162742 260275.52294432814 164428.41398396462 500934.12756250927 526002.9901807405 195176.26572031755 458004.982919851 531339.2203571585 -68796.57534793315 459846.4704120825 597011.9062692805 -34443.96005914398 416517.5843589095 608714.8170106537 -291762.1195981754 339146.59716419014 596350.3613620185 -22975.933614146168 390581.34098267154 616370.9718403956 -279651.429362118 311982.1173564497 605884.6274020072 205677.71986090753 433249.9128177364 537567.4146169774 411394.10335632594 447064.4583882695 386428.2211027193 216179.14385543345 408494.85147059534 543795.6976511343 420634.22927381954 423473.8458514656 391475.68852339283 430487.5921277576 376494.68373818335 410590.20252169773 574149.7455373638 202658.1192020448 -356311.2905424099 588247.2804341783 180791.42636980227 -336380.201850872 608920.5753642084 233665.87595211374 -277398.43549651525 542051.3604228714 275580.71730466606 -395932.2785782228 542202.0434849542 241685.31269726553 -401840.9863054928 -11507.713851669163 364645.07221207087 624026.8650678301 -267540.4934070608 284817.73166737496 615418.9678673155 -257450.8310964284 225308.21208716746 631504.294913149 420498.5851346518 300487.6294256261 466694.69183843024 430585.51501429564 334210.1131140366 436670.30161232885 480264.8718319939 548574.2218959515 210761.71787180996 503007.13793205784 523988.2500847818 187938.33296850786 524952.7305966055 488355.6919406822 174160.41863785096 544600.686217506 445482.7843342126 171175.4939593754 402153.9991324635 470655.05979235127 381380.6961346109 84967.42957491509 549953.7413265058 535079.9238045765 126606.28074898868 532761.6203512177 527608.9669417944 -158280.8776454675 503709.04611919686 584603.7064599087 -111382.2033604344 490052.25666821055 589143.4277909462 -419308.680714423 420974.73253908945 531553.6961845743 -371711.5398930715 411224.15225826885 554020.8144655032 313505.7080814192 568096.3190804018 407261.5766973831 346320.0466114204 547002.614642706 390223.1064952101 376691.62067134294 513313.73194580915 381110.4872334304 -327700.4353727943 382837.3490252185 575670.5943242152 586243.1362586326 164757.86306429244 -343449.32338024967 578410.2054110193 176376.580981873 -354464.13844533794 572064.6087586894 176002.41900522448 -365181.9400242742 567251.4853042194 180155.5032809057 -372325.2162969144 206016.13473223883 269294.6993641173 608969.033908968 178319.27819653577 240229.80728087702 630724.4047312565 -58943.70150996448 174126.86320912724 686380.5873061417 584488.3190954605 336518.79862940044 -292764.77449548803 588789.8704232232 300455.75884523545 -298023.52696741046 593280.2703379083 163972.8556611026 -331251.09396066575 599638.0981406673 161680.67024734293 -320271.20191489765 400707.9022738342 278300.5210056627 497159.2577470406 569365.6430144274 501497.25190656446 13966.537022689969 541206.9591944747 266566.3296268394 -399009.3654563384</float_array>
                    <technique_common>
                        <accessor count="112" source="#pointarray2" stride="3">
                            <param name="X" type="float"/>
                            <param name="Y" type="float"/>
                            <param name="Z" type="float"/>
                        </accessor>
                    </technique_common>
                </source>
                <source id="uvs2">
                    <float_array id="uvarray2" count="224">0 0.64453125 0.046875 0.64453125 0 0.57421875 0.046875 0.57421875 0 0.5 0.046875 0.5 0 0.25390625 0.046875 0.25390625 -0.00390625 0 0.04296875 0 0.03515625 -0.328125 0.09375 0 0.0859375 -0.328125 0.14453125 0 0.13671875 -0.328125 0.16796875 0 0.16015625 -0.328125 0.15625 -0.68359375 0.1796875 -0.68359375 0.18359375 -0.328125 0.234375 -0.328125 0.2421875 0 0.29296875 0 0.296875 0.25390625 0.34765625 0.25390625 0.34765625 0.5 0.3984375 0.5 0.3984375 0.57421875 0.3984375 0.25390625 0.34375 0 0.3359375 -0.328125 0.28515625 -0.328125 0.28125 -0.68359375 0.23046875 -0.68359375 0.25 0.64453125 0.25 0.57421875 0.19921875 0.57421875 0.19921875 0.5 0.1484375 0.5 0.19921875 0.25390625 0.171875 0.25390625 0.1953125 0 0.09765625 0.5 0.09765625 0.57421875 0.1484375 0.57421875 0.1484375 0.64453125 0.19921875 0.64453125 0.19921875 0.71484375 0.25 0.71484375 0.21875 -1.375 0.26953125 -1.375 0.21484375 -1.62109375 0.26171875 -1.62109375 0.25390625 -1.96875 0.3125 -1.62109375 0.3046875 -1.96875 0.35546875 -1.96875 0.39453125 0 0.38671875 -0.328125 0.37890625 -0.68359375 0.33203125 -0.68359375 0.0703125 -1.375 0.12109375 -1.375 0.0625 -1.62109375 0.11328125 -1.62109375 0.10546875 -1.96875 0.13671875 -1.62109375 0.12890625 -1.96875 0.14453125 -1.375 0.15234375 -1.05078125 0.16796875 -1.375 0.17578125 -1.05078125 0.2265625 -1.05078125 0.25 0.5 0.296875 0.5 0.25 0.25390625 0.09765625 0.64453125 0.1484375 0.71484375 0.1640625 -1.62109375 0.15625 -1.96875 0.203125 -1.96875 0.328125 -1.05078125 0.27734375 -1.05078125 -0.015625 -0.68359375 0.03125 -0.68359375 0.08203125 -0.68359375 0.12890625 -0.68359375 0.125 -1.05078125 -0.02734375 -1.375 0.01953125 -1.375 -0.03125 -1.62109375 0.01171875 -1.62109375 -0.04296875 -1.96875 0.00390625 -1.96875 -0.01953125 -1.05078125 0.02734375 -1.05078125 0.078125 -1.05078125 0.0546875 -1.96875 0.34765625 0.64453125 0.296875 0.57421875 0.296875 0.64453125 0.296875 0.71484375 0.3203125 -1.375 0.37109375 -1.375 0.36328125 -1.62109375 0.09765625 0.25390625 0.1484375 0.25390625 0.34765625 0.57421875 0.3984375 0.64453125 0.375 -1.05078125 -0.01171875 -0.328125 0.09765625 0.71484375</float_array>
                    <technique_common>
                        <accessor count="1" source="#uvarray2" stride="2">
                            <param name="S" type="float"/>
                            <param name="T" type="float"/>
                        </accessor>
                    </technique_common>
                </source>
                <vertices id="vertices2">
                    <input semantic="POSITION" source="#points2"/>
                </vertices>
                <polylist count="183" material="Material1">
                    <input offset="0" semantic="VERTEX" source="#vertices2"/>
                    <input offset="1" semantic="TEXCOORD" source="#uvs2" set="0"/>
                    <vcount>3 3 3 3 3 3 3 3 3 3 3 3 3 3 3 3 3 3 3 3 3 3 3 3 3 3 3 3 3 3 3 3 3 3 3 3 3 3 3 3 3 3 3 3 3 3 3 3 3 3 3 3 3 3 3 3 3 3 3 3 3 3 3 3 3 3 3 3 3 3 3 3 3 3 3 3 3 3 3 3 3 3 3 3 3 3 3 3 3 3 3 3 3 3 3 3 3 3 3 3 3 3 3 3 3 3 3 3 3 3 3 3 3 3 3 3 3 3 3 3 3 3 3 3 3 3 3 3 3 3 3 3 3 3 3 3 3 3 3 3 3 3 3 3 3 3 3 3 3 3 3 3 3 3 3 3 3 3 3 3 3 3 3 3 3 3 3 3 3 3 3 3 3 3 3 3 3 3 3 3 3 3 3</vcount>
                    <p>2 2 1 1 0 0 3 3 1 1 2 2 4 4 3 3 2 2 5 5 3 3 4 4 6 6 5 5 4 4 7 7 5 5 6 6 8 8 7 7 6 6 9 9 7 7 8 8 10 10 9 9 8 8 11 11 9 9 10 10 12 12 11 11 10 10 13 13 11 11 12 12 14 14 13 13 12 12 15 15 13 13 14 14 16 16 15 15 14 14 18 18 16 16 17 17 19 19 16 16 18 18 20 20 19 19 18 18 21 21 19 19 20 20 22 22 21 21 20 20 23 23 21 21 22 22 24 24 23 23 22 22 25 25 23 23 24 24 26 26 25 25 24 24 27 27 25 25 26 26 24 24 28 28 26 26 29 29 28 28 24 24 22 22 29 29 24 24 30 30 29 29 22 22 31 31 30 30 22 22 32 32 30 30 31 31 20 20 32 32 31 31 33 33 32 32 20 20 18 18 33 33 20 20 36 36 35 35 34 34 37 37 35 35 36 36 38 38 37 37 36 36 39 39 37 37 38 38 40 40 39 39 38 38 41 41 39 39 40 40 15 15 41 41 40 40 16 16 41 41 15 15 42 42 5 5 7 7 43 43 5 5 42 42 44 44 43 43 42 42 45 45 43 43 44 44 46 46 45 45 44 44 47 47 45 45 46 46 48 48 47 47 46 46 51 51 50 50 49 49 52 52 50 50 51 51 53 53 52 52 51 51 54 54 52 52 53 53 55 55 54 54 53 53 56 56 54 54 55 55 29 29 57 57 28 28 58 58 57 57 29 29 30 30 58 58 29 29 59 59 58 58 30 30 60 60 59 59 30 30 63 63 62 62 61 61 64 64 62 62 63 63 65 65 64 64 63 63 66 66 64 64 65 65 67 67 66 66 65 65 70 70 69 69 68 68 71 71 69 69 70 70 72 72 71 71 70 70 33 33 71 71 72 72 32 32 33 33 72 72 73 73 35 35 37 37 74 74 35 35 73 73 75 75 74 74 73 73 23 23 74 74 75 75 21 21 23 23 75 75 43 43 3 3 5 5 76 76 3 3 43 43 45 45 76 76 43 43 77 77 76 76 45 45 47 47 77 77 45 45 78 78 49 49 70 70 51 51 49 49 78 78 79 79 51 51 78 78 80 80 51 51 79 79 60 60 81 81 59 59 82 82 81 81 60 60 32 32 82 82 60 60 72 72 82 82 32 32 84 84 10 10 83 83 12 12 10 10 84 84 85 85 12 12 84 84 86 86 12 12 85 85 69 69 62 62 68 68 87 87 62 62 69 69 17 17 87 87 69 69 86 86 87 87 17 17 66 66 70 70 68 68 78 78 70 70 66 66 67 67 78 78 66 66 79 79 78 78 67 67 90 90 89 89 88 88 91 91 89 89 90 90 92 92 91 91 90 90 93 93 91 91 92 92 94 94 84 84 83 83 95 95 84 84 94 94 88 88 95 95 94 94 89 89 95 95 88 88 95 95 85 85 84 84 96 96 85 85 95 95 89 89 96 96 95 95 61 61 96 96 89 89 91 91 61 61 89 89 63 63 61 61 91 91 93 93 63 63 91 91 97 97 63 63 93 93 100 100 99 99 98 98 34 34 99 99 100 100 101 101 34 34 100 100 48 48 34 34 101 101 46 46 34 34 48 48 36 36 34 34 46 46 44 44 36 36 46 46 38 38 36 36 44 44 39 39 73 73 37 37 75 75 73 73 39 39 41 41 75 75 39 39 21 21 75 75 41 41 54 54 103 103 102 102 104 104 103 103 54 54 56 56 104 104 54 54 105 105 7 7 9 9 42 42 7 7 105 105 106 106 42 42 105 105 13 13 106 106 105 105 40 40 106 106 13 13 15 15 40 40 13 13 38 38 106 106 40 40 42 42 106 106 38 38 44 44 42 42 38 38 18 18 71 71 33 33 69 69 71 71 18 18 17 17 69 69 18 18 107 107 99 99 25 25 98 98 99 99 107 107 108 108 98 98 107 107 96 96 86 86 85 85 87 87 86 86 96 96 62 62 87 87 96 96 81 81 109 109 59 59 103 103 109 109 81 81 102 102 103 103 81 81 52 52 102 102 50 50 54 54 102 102 52 52 11 11 105 105 9 9 13 13 105 105 11 11 16 16 86 86 17 17 14 14 86 86 16 16 68 68 64 64 66 66 62 62 64 64 68 68 110 110 10 10 8 8 83 83 10 10 110 110 49 49 72 72 70 70 50 50 72 72 49 49 25 25 74 74 23 23 99 99 74 74 25 25 99 99 35 35 74 74 34 34 35 35 99 99 107 107 27 27 108 108 25 25 27 27 107 107 19 19 41 41 16 16 21 21 41 41 19 19 81 81 50 50 102 102 82 82 50 50 81 81 3 3 76 76 1 1 76 76 77 77 111 111 30 30 32 32 60 60 51 51 80 80 53 53 63 63 97 97 65 65 96 96 61 61 62 62 22 22 20 20 31 31 12 12 86 86 14 14 72 72 50 50 82 82</p>
                </polylist>
            </mesh>
        </geometry>
        <geometry id="mesh2_VC">
            <mesh>
                <source id="points2_VC">
                    <float_array id="pointarray2_VC" count="336">551075.6363280514 322801.7609878228 -370026.3008979359 544933.4823733642 301815.6822175026 -385773.4946152784 554560.2883311583 334657.5716490401 -360437.5968519917 548579.5930570211 312281.5118292456 -377049.6479271074 560828.3544073461 348299.47518516995 -344042.387652379 555609.327806214 325049.9897416599 -360990.83083887305 585919.1063618014 395273.4479692521 -254698.0485034812 583817.824059505 369316.386048372 -277740.0290761607 594391.0665121446 446762.1791645919 -141595.9911415103 598944.2747141458 420541.4280372751 -165211.95775255145 582096.2613143319 475528.6068337302 -9964.151837238373 605379.6681599519 386217.73939720343 -180252.84186363977 595624.130242554 440106.9432107948 -24813.734157449246 613921.4642328357 347487.80598432774 -184989.37282431763 609329.0104738919 398985.96248925023 -28888.493368886295 619207.6367348636 327965.15676526993 -181859.38504510827 615916.0115738135 377717.25951265096 -25230.919608821743 552593.8141296434 422662.02156826784 175398.05725417798 560586.9022628838 399841.2247549909 179620.56548081996 622503.017727658 356448.5549787519 -21573.36061417486 634111.5075194621 316762.31059403904 -3497.3672289657115 636365.3215584711 273023.52753182687 -161994.3611882715 648070.3597046423 244578.25258442725 -136513.71759268854 622779.1336240538 209476.8887696708 -253533.5418881984 636520.740959344 194458.25396075193 -223742.83081173763 603201.9491507602 167146.64678881416 -312229.3904696166 616776.7765755211 162672.95291977827 -286719.8972480472 607109.1598046292 160310.32538181348 -306598.18665697007 647875.042510273 189715.33502581003 -191220.5471455665 657702.9081274064 225591.36264530383 -105010.28113933359 646977.6631164105 260264.31248787153 56510.71104215403 642763.230279277 283708.29843557643 23483.046951971162 576248.970198822 318164.4420101232 226716.43379033834 571568.604526916 356007.90108526254 198805.79381346307 559100.81315613 194618.79405124756 -382949.371556082 564657.5526423499 196658.76234589992 -373513.11892531754 553956.7609846907 223128.0921803208 -386155.3114341474 562940.9031036164 230931.9571315275 -369652.97918795305 555970.9823126971 262971.8275633113 -374936.50289516465 597100.3487405032 264972.34417529637 -292761.2114368141 592945.1375791 282714.0625484825 -295392.36078338214 624493.8097772914 308442.5057532682 -178729.39671222775 553669.1930541627 295514.8958861715 -371807.4662820763 545933.2180504699 284129.10077149223 -387738.7225681559 547583.3892860293 253307.61664135545 -391006.6037310157 543321.9176639272 246970.19382569892 -399115.77823634667 549129.0420572198 219038.7551713488 -394685.74413167505 547211.7898259503 217432.59647353546 -398015.6451149752 555894.4831401842 196256.48386908128 -387812.2966393269 225508.1012066945 357369.55594013515 562415.8910602713 222123.04041871446 309514.2366825846 585114.5290505565 -2167.4213179050203 309429.80350572383 641784.0905291571 -7402.832165873879 256153.4860316497 659913.567407818 -262436.4645302142 166303.86161436126 642537.2920590745 -26880.928694177725 209692.76298099407 675719.9256597992 -281883.3954988631 113191.30829259712 646055.0328509356 -313709.48119747866 70616.18100430342 639746.4187695656 663466.0779510569 217584.71737101345 -70824.63946501567 645638.3241898777 248438.87871064656 92112.38589315183 563263.9454374652 273198.94703109976 295799.1514902986 573610.345972536 289740.0816162742 260275.52294432814 164428.41398396462 500934.12756250927 526002.9901807405 195176.26572031755 458004.982919851 531339.2203571585 -68796.57534793315 459846.4704120825 597011.9062692805 -34443.96005914398 416517.5843589095 608714.8170106537 -291762.1195981754 339146.59716419014 596350.3613620185 -22975.933614146168 390581.34098267154 616370.9718403956 -279651.429362118 311982.1173564497 605884.6274020072 205677.71986090753 433249.9128177364 537567.4146169774 411394.10335632594 447064.4583882695 386428.2211027193 216179.14385543345 408494.85147059534 543795.6976511343 420634.22927381954 423473.8458514656 391475.68852339283 430487.5921277576 376494.68373818335 410590.20252169773 574149.7455373638 202658.1192020448 -356311.2905424099 588247.2804341783 180791.42636980227 -336380.201850872 608920.5753642084 233665.87595211374 -277398.43549651525 542051.3604228714 275580.71730466606 -395932.2785782228 542202.0434849542 241685.31269726553 -401840.9863054928 -11507.713851669163 364645.07221207087 624026.8650678301 -267540.4934070608 284817.73166737496 615418.9678673155 -257450.8310964284 225308.21208716746 631504.294913149 420498.5851346518 300487.6294256261 466694.69183843024 430585.51501429564 334210.1131140366 436670.30161232885 480264.8718319939 548574.2218959515 210761.71787180996 503007.13793205784 523988.2500847818 187938.33296850786 524952.7305966055 488355.6919406822 174160.41863785096 544600.686217506 445482.7843342126 171175.4939593754 402153.9991324635 470655.05979235127 381380.6961346109 84967.42957491509 549953.7413265058 535079.9238045765 126606.28074898868 532761.6203512177 527608.9669417944 -158280.8776454675 503709.04611919686 584603.7064599087 -111382.2033604344 490052.25666821055 589143.4277909462 -419308.680714423 420974.73253908945 531553.6961845743 -371711.5398930715 411224.15225826885 554020.8144655032 313505.7080814192 568096.3190804018 407261.5766973831 346320.0466114204 547002.614642706 390223.1064952101 376691.62067134294 513313.73194580915 381110.4872334304 -327700.4353727943 382837.3490252185 575670.5943242152 586243.1362586326 164757.86306429244 -343449.32338024967 578410.2054110193 176376.580981873 -354464.13844533794 572064.6087586894 176002.41900522448 -365181.9400242742 567251.4853042194 180155.5032809057 -372325.2162969144 206016.13473223883 269294.6993641173 608969.033908968 178319.27819653577 240229.80728087702 630724.4047312565 -58943.70150996448 174126.86320912724 686380.5873061417 584488.3190954605 336518.79862940044 -292764.77449548803 588789.8704232232 300455.75884523545 -298023.52696741046 593280.2703379083 163972.8556611026 -331251.09396066575 599638.0981406673 161680.67024734293 -320271.20191489765 400707.9022738342 278300.5210056627 497159.2577470406 569365.6430144274 501497.25190656446 13966.537022689969 541206.9591944747 266566.3296268394 -399009.3654563384</float_array>
                    <technique_common>
                        <accessor count="112" source="#pointarray2_VC" stride="3">
                            <param name="X" type="float"/>
                            <param name="Y" type="float"/>
                            <param name="Z" type="float"/>
                        </accessor>
                    </technique_common>
                </source>
                <source id="uvs2_VC">
                    <float_array id="uvarray2_VC" count="414">0.812255859375 0.8669270833333333 0.750244140625 0.9330729166666667 0.750244140625 0.8669270833333333 0.812744140625 0.8669270833333333 0.874755859375 0.8669270833333333 0.812744140625 0.9330729166666667 0.937255859375 0.8669270833333333 0.875244140625 0.9330729166666667 0.875244140625 0.8669270833333333 0.937744140625 0.9330729166666667 0.999755859375 0.8669270833333333 0.937744140625 0.8669270833333333 0.062255859375 0.8002604166666667 0.000244140625 0.8002604166666667 0.000244140625 0.86640625 0.062744140625 0.8002604166666667 0.062744140625 0.86640625 0.124755859375 0.8002604166666667 0.125244140625 0.8002604166666667 0.187255859375 0.8002604166666667 0.125244140625 0.86640625 0.187744140625 0.86640625 0.187744140625 0.8002604166666667 0.249755859375 0.8002604166666667 0.250244140625 0.8002604166666667 0.250244140625 0.86640625 0.312255859375 0.8002604166666667 0.312744140625 0.86640625 0.374755859375 0.8002604166666667 0.312744140625 0.8002604166666667 0.375244140625 0.86640625 0.375244140625 0.8002604166666667 0.437255859375 0.8002604166666667 0.437744140625 0.86640625 0.437744140625 0.8002604166666667 0.499755859375 0.8002604166666667 0.500244140625 0.8002604166666667 0.500244140625 0.86640625 0.562255859375 0.8002604166666667 0.562744140625 0.86640625 0.562744140625 0.8002604166666667 0.624755859375 0.8002604166666667 0.375244140625 0.7997395833333334 0.406005859375 0.73359375 0.749755859375 0.73359375 0.687744140625 0.73359375 0.562255859375 0.23359375000000004 0.547119140625 0.23359375000000004 0.547119140625 0.26640624999999996 0.047119140625 0.03359374999999998 0.062255859375 0.03359374999999998 0.047119140625 0.04973958333333328 0.625244140625 0.86640625 0.625244140625 0.8002604166666667 0.687255859375 0.8002604166666667 0.687744140625 0.8002604166666667 0.687744140625 0.86640625 0.749755859375 0.8002604166666667 0.750244140625 0.8002604166666667 0.750244140625 0.86640625 0.812255859375 0.8002604166666667 0.812744140625 0.8002604166666667 0.874755859375 0.8002604166666667 0.812744140625 0.86640625 0.937255859375 0.8002604166666667 0.875244140625 0.86640625 0.875244140625 0.8002604166666667 0.999755859375 0.8002604166666667 0.937744140625 0.86640625 0.937744140625 0.8002604166666667 0.000244140625 0.01692708333333337 0.000244140625 0.033072916666666674 0.015380859375 0.01692708333333337 0.015869140625 0.01692708333333337 0.015869140625 0.033072916666666674 0.031005859375 0.01692708333333337 0.062255859375 0.73359375 0.000244140625 0.7997395833333334 0.000244140625 0.73359375 0.062744140625 0.73359375 0.062744140625 0.7997395833333334 0.124755859375 0.73359375 0.187255859375 0.73359375 0.125244140625 0.7997395833333334 0.125244140625 0.73359375 0.500244140625 0.20026041666666672 0.500244140625 0.23307291666666663 0.531005859375 0.20026041666666672 0.218505859375 0.73359375 0.187744140625 0.73359375 0.187744140625 0.7997395833333334 0.218994140625 0.73359375 0.218994140625 0.7997395833333334 0.249755859375 0.73359375 0.312255859375 0.73359375 0.250244140625 0.7997395833333334 0.250244140625 0.73359375 0.312744140625 0.7997395833333334 0.374755859375 0.73359375 0.312744140625 0.73359375 0.375244140625 0.73359375 0.562255859375 0.20026041666666672 0.531494140625 0.20026041666666672 0.531494140625 0.23307291666666663 0.543212890625 0.04140624999999998 0.546630859375 0.03776041666666663 0.543212890625 0.03776041666666663 0.547119140625 0.03776041666666663 0.550537109375 0.03776041666666663 0.547119140625 0.04140624999999998 0.285400390625 0.3169270833333333 0.285400390625 0.3330729166666667 0.286865234375 0.3169270833333333 0.406494140625 0.73359375 0.437255859375 0.73359375 0.406494140625 0.7997395833333334 0.437744140625 0.7997395833333334 0.437744140625 0.73359375 0.468505859375 0.73359375 0.500244140625 0.73359375 0.500244140625 0.7997395833333334 0.562255859375 0.73359375 0.562744140625 0.26640624999999996 0.562744140625 0.23359375000000004 0.593505859375 0.23359375000000004 0.593994140625 0.23359375000000004 0.624755859375 0.23359375000000004 0.593994140625 0.26640624999999996 0.551025390625 0.03776041666666663 0.551025390625 0.04140624999999998 0.554443359375 0.03776041666666663 0.562744140625 0.73359375 0.562744140625 0.7997395833333334 0.624755859375 0.73359375 0.687255859375 0.73359375 0.625244140625 0.7997395833333334 0.625244140625 0.73359375 0.687744140625 0.7997395833333334 0.750244140625 0.73359375 0.750244140625 0.7997395833333334 0.812255859375 0.73359375 0.577880859375 0.20026041666666672 0.562744140625 0.23307291666666663 0.562744140625 0.20026041666666672 0.031494140625 0.01692708333333337 0.046630859375 0.01692708333333337 0.031494140625 0.033072916666666674 0.812744140625 0.7997395833333334 0.874755859375 0.73359375 0.812744140625 0.73359375 0.875244140625 0.7997395833333334 0.937255859375 0.73359375 0.875244140625 0.73359375 0.999755859375 0.73359375 0.937744140625 0.73359375 0.937744140625 0.7997395833333334 0.000244140625 0.7330729166666667 0.062255859375 0.6669270833333334 0.000244140625 0.6669270833333334 0.124755859375 0.6669270833333334 0.062744140625 0.6669270833333334 0.062744140625 0.7330729166666667 0.624755859375 0.20026041666666672 0.593994140625 0.23307291666666663 0.593994140625 0.20026041666666672 0.125244140625 0.6669270833333334 0.125244140625 0.7330729166666667 0.187255859375 0.6669270833333334 0.187744140625 0.6669270833333334 0.249755859375 0.6669270833333334 0.187744140625 0.7330729166666667 0.250244140625 0.7330729166666667 0.312255859375 0.6669270833333334 0.250244140625 0.6669270833333334 0.312744140625 0.6669270833333334 0.312744140625 0.7330729166666667 0.374755859375 0.6669270833333334 0.625244140625 0.23359375000000004 0.656005859375 0.23359375000000004 0.625244140625 0.26640624999999996 0.375244140625 0.7330729166666667 0.437255859375 0.6669270833333334 0.375244140625 0.6669270833333334 0.437744140625 0.6669270833333334 0.499755859375 0.6669270833333334 0.437744140625 0.7330729166666667 0.500244140625 0.7330729166666667 0.500244140625 0.6669270833333334 0.562255859375 0.6669270833333334 0.624755859375 0.6669270833333334 0.562744140625 0.7330729166666667 0.562744140625 0.6669270833333334 0.625244140625 0.6669270833333334 0.687255859375 0.6669270833333334 0.625244140625 0.7330729166666667 0.656494140625 0.23359375000000004 0.656494140625 0.26640624999999996 0.687255859375 0.23359375000000004 0.558349609375 0.03776041666666663 0.554931640625 0.03776041666666663 0.554931640625 0.04140624999999998 0.047119140625 0.033072916666666674 0.047119140625 0.01692708333333337 0.062255859375 0.01692708333333337 0.687744140625 0.7330729166666667 0.687744140625 0.6669270833333334 0.749755859375 0.6669270833333334</float_array>
                    <technique_common>
                        <accessor count="1" source="#uvarray2_VC" stride="2">
                            <param name="S" type="float"/>
                            <param name="T" type="float"/>
                        </accessor>
                    </technique_common>
                </source>
                <vertices id="vertices2_VC">
                    <input semantic="POSITION" source="#points2_VC"/>
                </vertices>
                <polylist count="183" material="Material1">
                    <input offset="0" semantic="VERTEX" source="#vertices2_VC"/>
                    <input offset="1" semantic="TEXCOORD" source="#uvs2_VC" set="0"/>
                    <vcount>3 3 3 3 3 3 3 3 3 3 3 3 3 3 3 3 3 3 3 3 3 3 3 3 3 3 3 3 3 3 3 3 3 3 3 3 3 3 3 3 3 3 3 3 3 3 3 3 3 3 3 3 3 3 3 3 3 3 3 3 3 3 3 3 3 3 3 3 3 3 3 3 3 3 3 3 3 3 3 3 3 3 3 3 3 3 3 3 3 3 3 3 3 3 3 3 3 3 3 3 3 3 3 3 3 3 3 3 3 3 3 3 3 3 3 3 3 3 3 3 3 3 3 3 3 3 3 3 3 3 3 3 3 3 3 3 3 3 3 3 3 3 3 3 3 3 3 3 3 3 3 3 3 3 3 3 3 3 3 3 3 3 3 3 3 3 3 3 3 3 3 3 3 3 3 3 3 3 3 3 3 3 3</vcount>
                    <p>2 0 1 0 0 0 3 0 1 0 2 0 4 0 3 0 2 0 5 1 3 0 4 0 6 2 5 1 4 0 7 3 5 4 6 5 8 5 7 3 6 5 9 3 7 3 8 5 10 3 9 3 8 5 11 6 9 7 10 7 12 8 11 6 10 7 13 9 11 10 12 11 14 12 13 13 12 14 15 15 13 16 14 17 16 18 15 19 14 20 18 21 16 22 17 23 19 21 16 22 18 21 20 24 19 25 18 25 21 26 19 25 20 24 22 27 21 28 20 29 23 27 21 28 22 27 24 3 23 4 22 4 25 4 23 4 24 3 26 30 25 31 24 32 27 0 25 1 26 0 24 33 28 34 26 35 29 3 28 5 24 3 22 4 29 3 24 3 30 3 29 3 22 4 31 4 30 3 22 4 32 4 30 3 31 4 20 29 32 27 31 27 33 36 32 37 20 38 18 39 33 40 20 41 36 42 35 43 34 42 37 42 35 43 36 42 38 1 37 1 36 1 39 44 37 45 38 45 40 46 39 47 38 48 41 49 39 50 40 51 15 52 41 53 40 54 16 55 41 56 15 57 42 4 5 4 7 3 43 1 5 1 42 1 44 1 43 1 42 1 45 1 43 1 44 1 46 1 45 1 44 1 47 0 45 1 46 1 48 0 47 0 46 1 51 58 50 59 49 60 52 61 50 62 51 63 53 64 52 65 51 66 54 67 52 68 53 69 55 70 54 71 53 72 56 73 54 74 55 75 29 3 57 5 28 5 58 5 57 5 29 3 30 3 58 5 29 3 59 5 58 5 30 3 60 76 59 77 30 78 63 14 62 12 61 14 64 12 62 12 63 14 65 79 64 80 63 81 66 82 64 83 65 84 67 85 66 86 65 87 70 88 69 89 68 89 71 90 69 89 70 88 72 91 71 92 70 93 33 94 71 95 72 96 32 97 33 98 72 99 73 100 35 43 37 42 74 42 35 43 73 100 75 28 74 27 73 28 23 27 74 27 75 28 21 28 23 27 75 28 43 1 3 0 5 1 76 0 3 0 43 1 45 1 76 0 43 1 77 0 76 0 45 1 47 0 77 0 45 1 78 101 49 102 70 103 51 104 49 105 78 106 79 107 51 108 78 109 80 110 51 111 79 112 60 113 81 114 59 115 82 116 81 117 60 118 32 116 82 116 60 118 72 99 82 97 32 97 84 3 10 3 83 5 12 8 10 7 84 7 85 8 12 8 84 7 86 12 12 14 85 14 69 82 62 83 68 82 87 83 62 83 69 82 17 119 87 120 69 121 86 120 87 120 17 119 66 89 70 88 68 89 78 122 70 123 66 124 67 125 78 126 66 127 79 128 78 129 67 130 90 5 89 3 88 5 91 3 89 3 90 5 92 131 91 132 90 133 93 134 91 135 92 136 94 5 84 3 83 5 95 3 84 3 94 5 88 5 95 3 94 5 89 3 95 3 88 5 95 7 85 8 84 7 96 8 85 8 95 7 89 7 96 8 95 7 61 8 96 8 89 7 91 7 61 8 89 7 63 8 61 8 91 7 93 69 63 67 91 68 97 70 63 71 93 72 100 0 99 1 98 0 34 1 99 1 100 0 101 0 34 1 100 0 48 0 34 1 101 0 46 1 34 1 48 0 36 1 34 1 46 1 44 1 36 1 46 1 38 1 36 1 44 1 39 44 73 137 37 45 75 137 73 137 39 44 41 138 75 139 39 140 21 139 75 139 41 138 54 141 103 142 102 143 104 142 103 142 54 141 56 144 104 145 54 146 105 147 7 148 9 148 42 149 7 148 105 147 106 116 42 116 105 117 13 150 106 151 105 152 40 153 106 154 13 155 15 156 40 157 13 158 38 154 106 154 40 153 42 1 106 1 38 1 44 1 42 1 38 1 18 39 71 39 33 40 69 89 71 90 18 90 17 159 69 160 18 161 107 0 99 1 25 1 98 0 99 1 107 0 108 0 98 0 107 0 96 14 86 12 85 14 87 12 86 12 96 14 62 12 87 12 96 14 81 114 109 115 59 115 103 115 109 115 81 114 102 162 103 163 81 164 52 165 102 166 50 167 54 8 102 6 52 7 11 168 105 169 9 170 13 171 105 172 11 173 16 174 86 175 17 176 14 20 86 20 16 18 68 82 64 83 66 82 62 83 64 83 68 82 110 5 10 3 8 5 83 5 10 3 110 5 49 177 72 178 70 179 50 180 72 181 49 182 25 1 74 1 23 1 99 1 74 1 25 1 99 42 35 43 74 42 34 42 35 43 99 42 107 0 27 0 108 0 25 1 27 0 107 0 19 183 41 184 16 185 21 186 41 187 19 188 81 189 50 190 102 191 82 192 50 193 81 194 3 0 76 0 1 0 76 0 77 0 111 0 30 195 32 196 60 197 51 198 80 199 53 200 63 201 97 202 65 203 96 14 61 14 62 12 22 27 20 29 31 27 12 14 86 12 14 12 72 204 50 205 82 206</p>
                </polylist>
            </mesh>
        </geometry>
        <geometry id="mesh3">
            <mesh>
                <source id="points3">
                    <float_array id="pointarray3" count="735">118271.10101472997 547355.5001120991 513231.16217314627 -22211.604835851263 515195.93469688244 571555.873570667 231836.94338993245 551272.9117241341 475716.74760435405 -37581.41489095356 499162.0821229758 579056.411122155 220290.0150295145 539064.672123559 489026.47417459753 206180.26216971624 502648.47154824587 514375.7001804422 417705.0050862829 537803.6119860113 315934.00525516656 410179.25095250976 506958.0926032091 346422.68110935175 537956.2033556965 479863.94648928125 159935.7840651705 410912.3149438094 467158.802073604 371852.44206888287 542659.0683367328 445201.20639540104 185560.8850027998 552757.557954208 404899.5462596759 203117.73493638763 614175.0775317186 368000.95748460165 24209.132396459565 626395.38800354 329605.39385712444 30964.673096767117 628836.1407846247 334553.7941335545 -98411.88316931226 638967.9462003517 299788.4766311484 -92601.90082605107 612810.523607986 292177.01555211574 -219998.3864757683 621426.401865024 260907.7391725197 -213826.00610332558 609130.7056956814 284640.2040124081 -240813.10296326876 617016.9461664173 255167.91132970154 -235148.26799074232 605350.761666831 278418.55074855254 -257271.2386973723 612485.9582028899 251105.70127884124 -252134.27580899434 600122.1169837608 271008.6535184214 -276163.2695736591 606160.4921644708 247230.8034941669 -271804.1496954161 593418.1099914536 262637.6441519978 -296727.6558792781 598099.9171774876 243608.63606650388 -293337.25541021756 585444.3968940246 253660.04963243922 -318017.06550902256 588606.1576841603 240369.69261291818 -315719.63710836426 576668.6823956934 244559.97989985178 -338920.3072306367 578241.974741756 237719.81110916883 -337773.0378776849 567795.7616984451 235926.07727930974 -358219.09177068307 615814.5429721375 163459.44811281658 -283233.8345222402 616965.2560087544 166281.0221531474 -279650.7034773482 625593.0160055708 168380.77286279693 -258493.9725238463 630920.4319190485 182069.08865015185 -237714.35063364776 655072.9818056386 195453.12211815052 -159348.01496415003 657262.7032706992 211051.8962088743 -131289.36111185272 664219.6086962275 221114.94772787808 -37476.35269141622 659793.0426104083 235798.3246837781 -8258.83256994182 620356.489054395 265732.2844244486 172508.5432644623 650972.7550109326 260336.79424662018 14074.034252747966 603527.7290634088 290039.1933945344 195058.05165103212 639240.5311493078 292572.11069362995 27522.125472544387 585095.2990683918 323465.316060371 208232.56074437033 632817.9302217518 311088.7419382095 29243.394461017888 576268.3781851162 343221.4498051546 209592.330616071 567441.4817356785 362977.57093105774 210952.03577611066 449677.9038206492 357225.43432189693 399230.74144979304 437880.28384265833 377683.9588339721 399482.75322265516 245789.7886428045 343748.7693027087 567711.8646689383 231403.8482009237 363995.7580406774 565726.3778160803 -33512.80364411427 303849.0757042604 641913.5239129029 211635.0281197696 410354.20311434346 554252.005663399 -55680.07281105222 352227.7176074106 626929.4912959392 -63844.5957419715 404484.4499930322 610836.778003127 -325572.2091580887 292749.6974298891 599091.7661014 -329736.29844422056 319609.5362554147 592439.5974016556 -547635.6692850988 205261.25270775054 456792.3722596263 -323350.1708648858 373535.7399078738 584568.714391538 -545015.8013716122 253901.90657087587 459127.1083731849 -531545.7708053937 298694.01054724987 469909.34179345076 558191.0235137893 235278.29683424084 -375775.5288827879 557746.7979866818 242311.817699162 -374967.8582694343 549624.7491329993 249814.00330543495 -387613.44363392313 550970.2563762438 262525.5415549797 -382428.9697568777 546145.8057365941 276510.5665087848 -387830.2921319363 550621.9247561186 291324.8506727865 -376209.23807898106 549540.46992221 308522.47816767066 -373848.3925086525 556957.191149695 320534.2727756511 -356008.9579012309 558646.8995158726 337010.0108745302 -347330.8574318945 567773.709842647 341601.19857971324 -325446.16499313875 570691.137406443 354120.2203195153 -313156.1402535319 580310.2902630558 348632.6957890942 -290304.2521981047 583973.3804618035 361233.12068129954 -271503.6376621323 593486.1009721172 345104.050024912 -250086.17369828437 601896.072658505 409988.3884433304 -163677.43068627096 609746.1008049048 392646.9360131876 -135658.2756954332 592214.141055796 455286.7950802051 -46127.6224244771 596549.8933876622 434211.5964986141 -16216.944339767098 558362.8092333402 248794.01763771428 -372356.5752095132 554116.5316618879 272850.41973861447 -374321.765786577 556891.1092875388 301081.17648598144 -361754.904439845 565571.0401185123 324865.229071364 -336572.1174940324 577462.469355778 336929.5371165429 -303814.04763480823 590175.8745957761 333948.99525669706 -269589.91776939644 603247.6902613881 321221.45369914843 -232451.16621255092 618837.2553371635 366578.3280274583 -113226.99781687412 559940.9775729175 254071.53461940197 -368221.48021022475 558641.7699794304 279721.06653769553 -364158.6093492982 564261.9752769799 304785.72142726294 -345932.15685700777 574702.2406980766 321173.0347357431 -317335.4094454653 587243.2524428489 323691.49961335305 -284244.54482823913 599942.7882151313 311816.747692272 -252641.74725866472 562296.586961698 257612.58233662616 -362986.8379755544 564062.914126921 282444.91201074625 -352960.05084521056 572114.2515737099 302126.4376781243 -330224.76164889697 583823.4068578474 310002.29988004995 -299946.25794675184 596707.0627106869 303457.10105329263 -268300.68248925905 -42752.60910093945 179950.887248831 670367.2551821021 41828.42612021387 235695.2041747997 660416.4647986667 -222861.69842288396 155453.7213485212 663480.6271041327 270.65979761421477 263873.7393393217 653852.2011086373 -265026.1134369687 180027.38577640167 644325.1676749325 -16621.0534473035 283861.4070647396 647882.8016666281 -282049.8548477683 198951.7768997373 634090.2493900998 -299073.6633713901 217876.20491505336 623855.5022990559 -310240.89042498474 241883.03022512808 614799.7193011919 -321408.07601849735 265889.83316829277 605743.8205005792 -521086.26626529754 117175.2968951299 483993.73800679634 -539360.3037729603 158074.78325379823 465093.02645036177 561712.1677422911 349600.5576536396 -336260.78339393676 566765.379542437 363559.98521769384 -318766.3873531759 574971.9645664691 367695.55297334027 -295036.8467998883 595306.784418338 416609.951767084 -194766.84474888493 598601.4231086797 413299.1729094028 -179222.12333720885 590718.1463787559 464975.8047418021 -79030.12733070547 591466.1684467845 460131.3065802617 -62578.84986338168 544083.8294990825 518790.58588882606 94362.71654510353 541365.1225162309 512047.05593048065 111473.012813899 410949.1695337105 557773.2938546408 301324.2148106446 424910.06983548077 547080.3655752733 299447.3741203555 337749.57685259794 559919.1797387192 372683.9266214613 565187.982122316 259065.0804956759 -357172.12971541646 569896.9614070173 280779.10183476785 -341791.7361750362 579915.39554672 293481.6311116173 -316018.49677702325 592468.0218094871 292659.63025057723 -285832.85054919997 578899.3937415574 230792.86331523384 -338443.6779212318 590141.6738076683 226989.97592983005 -316864.22573855356 589790.7148242262 214775.58727048727 -321409.4560119204 600701.4464264718 207279.51592072975 -300935.4987809041 597868.2343261925 193286.49112445276 -311500.5674558127 607711.955606921 185049.61810637556 -293396.2704899803 601266.6696488631 173523.39338296544 -310611.24934195576 609708.4806278179 167597.31356450985 -295015.2637072933 591681.3962206875 168706.831336912 -330672.53442904877 599318.0759367938 162374.4565122179 -317712.1744303856 623240.0023938724 179772.9955717508 -259316.73670384125 625011.0839063314 200324.0996848881 -244505.69996281152 631566.0405047126 203329.85719011922 -222742.1981762981 628064.2066203072 230380.62382595247 -214658.9108163462 648036.9670039436 265605.062576199 -96427.03068090384 568344.2105906218 258292.83572547568 -351338.8598362077 575688.0043414913 274944.3177958201 -331672.8198619449 587180.5909311498 279836.93188651965 -304524.7874039194 600685.193875392 224571.32645237932 -294738.5766466298 610549.445413406 202238.76929389703 -280607.8393778971 616336.1221962454 180480.09450071715 -275691.11603851966 609867.9243195369 223591.50222673247 -273262.11764776905 617256.4942926255 224113.2228333736 -253494.21291962152 618772.159727981 199871.77434077323 -261489.83966202225 622652.8597943119 226196.4826402319 -236315.3358616888 -139097.12348315783 499603.8788679941 571656.5526219492 -287250.3948832983 440407.65164122777 581092.792004535 -303137.9187955851 421795.1434854391 581232.8370301093 -57423.93215385763 455293.6197380007 594740.6773028823 538646.3244970447 505303.4588851119 128583.2357981141 578546.8617465827 224442.36313131262 -340885.64352042426 587449.3072032883 204853.06196274102 -328999.27482024697 592226.8753708584 183843.97583732472 -325551.373870102 577181.9157501713 219271.47044671176 -344883.63912874495 583231.736454353 198136.19476988696 -338964.74210528785 584228.1859673451 179825.61319682232 -341777.6464626757 574733.0619888637 181663.64889493815 -358541.00688870734 575044.214330872 172335.6148293602 -358329.71081122337 564902.9719183393 189294.1879279481 -374051.3762215338 570863.9613660276 196521.97980822687 -362046.6986783361 577502.9807327285 195258.59176704232 -350360.9729241531 571934.916605807 214277.9066375527 -355932.9840857774 574907.753905266 215771.10853946954 -350065.9555460346 542143.1400960635 283830.880272759 -392691.8457291489 544133.126084892 258204.51584997706 -395331.28487036045 550355.9279439173 236032.17409331384 -389275.06031543785 559682.8565827045 228397.4076559194 -374680.6169894765 420382.3385349631 422576.40329349827 390087.3467822772 571486.7348956423 255386.6675410042 -346038.38298435503 581007.4359318377 265580.8184757667 -323504.97456490074 568565.4603893012 214943.54504355122 -361903.35889372975 565159.4008381238 217717.99139695856 -367373.1700437713 564078.3734147721 201859.6034972416 -372804.85527244053 557954.6559745093 210821.07048546438 -381489.65691869485 555997.6322236549 202119.01180563995 -386599.3130660689 549134.0423518657 219005.32088948414 -394798.8942383074 567750.4019026157 180731.0674119581 -370948.33425408456 556570.5946090854 196806.47185220805 -386691.18488422886 547949.0151910145 217973.76582053833 -396982.73958968953 203016.75745310122 458178.77211205114 536642.1333754191 541705.875792871 267141.8937578918 -397632.4834135085 545078.3231150701 238347.32427226362 -397786.80788030237 542878.1604083047 242235.31300488618 -400719.90884890873 422932.33617124625 277298.78661836794 459958.7544898561 488308.1050078146 303555.4397620312 388271.0957190022 294608.3376245338 292490.314724659 565169.9683527087 461475.47758264345 336766.88571157434 398978.6829711773 260175.7132851258 323501.74681447283 569697.2163187175 559866.1208039625 349085.97037820827 -340556.3249265719 553993.7217838155 335386.9462805847 -357522.6895263727 550755.6141241781 323495.54725269775 -367467.2734134238 514064.4996330696 271942.7018246384 367224.8021850174 495028.05760736566 278815.352575877 387468.0417060129 451729.3634543077 269740.9247037167 435311.63863855845 323265.84345820214 268022.6982913154 542401.7058465363 208630.24012110417 247560.79413725005 605809.5754264783 235697.20235521445 558559.2659581634 452682.2814262696 152110.8740565836 560622.993258153 493534.74586050014 -8627.408412515928 527354.7563133029 553249.5911705876 29012.45540257833 544065.5133585366 540013.0172666505 -98889.56368296826 519644.93786200637 565716.8173567251 580008.9894961452 171128.704784738 -351542.6355020838 586323.9106994672 165393.79189274585 -341468.84413712996 -265116.54950867104 102305.14990997537 639895.7273805696 -130414.07808883925 148422.9705813546 671460.6413644343 -306912.5641755115 94043.27793363345 623609.0638970484 -174593.7534434218 142377.86678811308 664047.6521413914 -399390.1571104342 400866.43170111685 528860.4093924491 -519926.4580284415 316670.7033954796 477900.38003142865 603951.6459098717 404069.7057027603 7969.698458307059 357047.42109285545 263018.4320257938 521941.15377977514 247120.1353589666 245400.21082960867 590877.2834286928 127168.451832436 218402.6345995299 640579.5694453449 545014.2396764456 302451.59439934825 -383793.05255162704 544161.7233813081 290062.96608303604 -388270.2279448882 574344.9124626135 250649.5288718685 -341765.8074409327 -268996.96547799115 455589.92245171656 567326.0078141154 654598.9830723025 235130.27787517247 -109680.23906717889 562088.0857929315 222348.57907154117 -371782.7593195401 553210.5719471965 222588.3139605134 -387174.9632910917 -478790.13830535114 355302.5258491376 498483.459027254 -362353.1840897277 424918.14980469306 540270.835646956 -454177.2538380893 372940.80705733655 510632.8441598697 2413.0947421378078 183541.92404949636 669507.3301289927 -462038.41191362083 68081.99495935356 541123.7984739592 -392863.15753043676 70213.00711938814 586520.7057851774 -364963.3202643212 76945.79877050294 602037.7674266695 591589.9639901549 462086.4128955664 -111889.69638468747 553237.6642597757 518799.2145049516 60443.93089469637 426754.02894050046 561622.3792127589 277770.08861784195 362162.9005606794 566905.5587964464 343545.5283447966 264972.1619440775 568506.5711471294 427604.67466610344 84724.40747229676 217630.91312468817 648894.1778380683 -494515.81085311 86352.40898536955 510867.32963032334 606542.5932572864 161039.70001335815 -303683.27933135105 580770.3434043791 401576.67468153057 -249578.26244022817 633435.4901114325 252717.95144844873 142611.3213962429 -507801.101193019 101763.84401313048 497430.57981949626 -229675.47872075613 477753.58876806346 569761.4273785118</float_array>
                    <technique_common>
                        <accessor count="245" source="#pointarray3" stride="3">
                            <param name="X" type="float"/>
                            <param name="Y" type="float"/>
                            <param name="Z" type="float"/>
                        </accessor>
                    </technique_common>
                </source>
                <source id="uvs3">
                    <float_array id="uvarray3" count="536">0.9296875 -1.58984375 0.91015625 -1.77734375 0.8984375 -1.40234375 0.88671875 -1.77734375 0.875 -1.40234375 0.82421875 -1.40234375 0.8671875 -0.921875 0.81640625 -0.921875 0.8125 -0.4921875 0.76953125 -0.921875 0.76171875 -0.4921875 0.7109375 -0.46875 0.703125 -0.05859375 0.65234375 -0.0390625 0.6953125 0.234375 0.64453125 0.25390625 0.69921875 0.5 0.6484375 0.5 0.69921875 0.57421875 0.6484375 0.57421875 0.69921875 0.64453125 0.6484375 0.64453125 0.69921875 0.71484375 0.6484375 0.71484375 0.69921875 0.7890625 0.6484375 0.7890625 0.69921875 0.859375 0.6484375 0.859375 0.69921875 0.9296875 0.6484375 0.9296875 0.671875 1 0.3984375 0.5 0.44921875 0.57421875 0.44921875 0.5 0.5 0.5 0.4453125 0.2109375 0.4921875 0.2109375 0.453125 -0.08203125 0.50390625 -0.08203125 0.51171875 -0.4921875 0.55078125 -0.05859375 0.5625 -0.46875 0.6015625 -0.0390625 0.609375 -0.44921875 0.62890625 -0.0390625 0.63671875 -0.44921875 0.66015625 -0.44921875 0.64453125 -0.875 0.66796875 -0.875 0.6484375 -1.359375 0.67578125 -1.359375 0.68359375 -1.734375 0.72265625 -1.37890625 0.734375 -1.75390625 0.78515625 -1.77734375 0.76953125 -2.10546875 0.796875 -2.1171875 0.80859375 -2.40625 0.84765625 -2.1171875 0.85546875 -2.40625 0.90625 -2.40625 1.125 1 1.1484375 0.9296875 1.09765625 0.9296875 1.09765625 0.859375 1.046875 0.859375 1.046875 0.7890625 1 0.7890625 1 0.71484375 0.94921875 0.71484375 0.94921875 0.64453125 0.8984375 0.64453125 0.8984375 0.57421875 0.84765625 0.57421875 0.84765625 0.5 0.796875 0.5 0.84375 0.2109375 0.79296875 0.2109375 0.8515625 -0.08203125 0.80078125 -0.08203125 1.07421875 1 1.046875 0.9296875 1 0.859375 0.94921875 0.7890625 0.8984375 0.71484375 0.84765625 0.64453125 0.796875 0.57421875 0.75 0.5 0.7421875 0.2109375 1.0234375 1 1 0.9296875 0.94921875 0.859375 0.8984375 0.7890625 0.84765625 0.71484375 0.796875 0.64453125 0.75 0.57421875 0.97265625 1 0.94921875 0.9296875 0.8984375 0.859375 0.84765625 0.7890625 0.796875 0.71484375 0.75 0.64453125 0.5390625 -1.9453125 0.5859375 -1.75390625 0.59765625 -2.09375 0.63671875 -1.734375 0.64453125 -2.07421875 0.66015625 -1.734375 0.671875 -2.07421875 0.6953125 -2.07421875 0.72265625 -2.08203125 0.74609375 -2.09375 0.70703125 -2.36328125 0.7578125 -2.3828125 0.94921875 0.57421875 0.94921875 0.5 0.8984375 0.5 0.89453125 0.2109375 0.8671875 0.2109375 0.90234375 -0.08203125 0.87890625 -0.08203125 0.91015625 -0.4921875 0.88671875 -0.4921875 0.91796875 -0.921875 0.89453125 -0.921875 0.921875 -1.16015625 0.921875 1 0.8984375 0.9296875 0.84765625 0.859375 0.796875 0.7890625 0.75 0.71484375 0.625 1 0.59765625 0.9296875 0.59765625 0.859375 0.546875 0.859375 0.546875 0.7890625 0.5 0.7890625 0.5 0.71484375 0.44921875 0.71484375 0.44921875 0.64453125 0.3984375 0.71484375 0.3984375 0.64453125 0.5 0.57421875 0.546875 0.57421875 0.546875 0.5 0.59765625 0.5 0.59375 0.25390625 0.875 1 0.84765625 0.9296875 0.796875 0.859375 0.75 0.7890625 0.59765625 0.7890625 0.546875 0.71484375 0.5 0.64453125 0.59765625 0.71484375 0.59765625 0.64453125 0.546875 0.64453125 0.59765625 0.57421875 0.94140625 -1.9453125 0.921875 -2.1171875 0.89453125 -2.1171875 0.8359375 -1.77734375 0.859375 -0.4921875 0.57421875 1 0.546875 0.9296875 0.5 0.859375 0.44921875 0.7890625 0.5234375 1 0.5 0.9296875 0.44921875 0.859375 0.3984375 0.7890625 0.34765625 0.7890625 0.296875 0.64453125 0.296875 0.7890625 0.34765625 0.859375 0.3984375 0.859375 0.3984375 0.9296875 0.44921875 0.9296875 0.421875 1 1.09765625 0.64453125 1.09765625 0.7890625 1.1484375 0.859375 1.19921875 0.9296875 1.171875 1 0.71875 -0.89453125 0.82421875 1 0.796875 0.9296875 0.75 0.859375 0.32421875 1 0.34765625 0.9296875 0.296875 0.9296875 0.296875 0.859375 0.25 0.859375 0.25 0.7890625 0.19921875 0.7890625 0.296875 0.71484375 0.25 0.71484375 0.19921875 0.71484375 0.7734375 -1.40234375 1.09765625 0.71484375 1.1484375 0.7890625 1.1484375 0.71484375 1.19921875 0.7890625 1.19921875 0.71484375 0.51953125 -1.16015625 0.56640625 -0.89453125 0.57421875 -1.37890625 0.6171875 -0.875 0.625 -1.359375 1 0.5 1 0.57421875 1 0.64453125 0.46875 -0.921875 0.51953125 -0.921875 0.47265625 -1.16015625 0.5234375 -1.40234375 0.53125 -1.58984375 0.92578125 -1.40234375 0.98046875 -1.58984375 0.93359375 -1.77734375 0.984375 -1.77734375 0.9921875 -1.9453125 0.47265625 1 0.375 1 0.34765625 0.71484375 0.34765625 0.64453125 0.5 -2.26171875 0.49609375 -2.1171875 0.55078125 -2.26171875 0.546875 -2.1171875 0.953125 -2.26171875 0.93359375 -2.40625 0.75390625 -0.08203125 0.47265625 -1.40234375 0.48046875 -1.58984375 0.484375 -1.77734375 1.046875 0.64453125 1.046875 0.71484375 0.7734375 1 0.75 0.9296875 0.9453125 -2.1171875 0.54296875 0.234375 0.2734375 1 0.25 0.9296875 0.19921875 0.859375 0.95703125 -2.40625 1 -2.26171875 1.0078125 -2.40625 0.4921875 -1.9453125 0.60546875 -2.3828125 0.55859375 -2.40625 0.5078125 -2.40625 1.19921875 0.859375 0.953125 -0.08203125 0.9609375 -0.4921875 0.96875 -0.921875 0.97265625 -1.16015625 0.97265625 -1.40234375 0.53515625 -1.77734375 0.72265625 1 0.65625 -2.36328125 0.3984375 0.57421875 0.9453125 0.2109375 0.4609375 -0.4921875 0.22265625 1 0.19921875 0.9296875 0.68359375 -2.36328125 0.99609375 -2.1171875</float_array>
                    <technique_common>
                        <accessor count="1" source="#uvarray3" stride="2">
                            <param name="S" type="float"/>
                            <param name="T" type="float"/>
                        </accessor>
                    </technique_common>
                </source>
                <vertices id="vertices3">
                    <input semantic="POSITION" source="#points3"/>
                </vertices>
                <polylist count="436" material="Material1">
                    <input offset="0" semantic="VERTEX" source="#vertices3"/>
                    <input offset="1" semantic="TEXCOORD" source="#uvs3" set="0"/>
                    <vcount>3 3 3 3 3 3 3 3 3 3 3 3 3 3 3 3 3 3 3 3 3 3 3 3 3 3 3 3 3 3 3 3 3 3 3 3 3 3 3 3 3 3 3 3 3 3 3 3 3 3 3 3 3 3 3 3 3 3 3 3 3 3 3 3 3 3 3 3 3 3 3 3 3 3 3 3 3 3 3 3 3 3 3 3 3 3 3 3 3 3 3 3 3 3 3 3 3 3 3 3 3 3 3 3 3 3 3 3 3 3 3 3 3 3 3 3 3 3 3 3 3 3 3 3 3 3 3 3 3 3 3 3 3 3 3 3 3 3 3 3 3 3 3 3 3 3 3 3 3 3 3 3 3 3 3 3 3 3 3 3 3 3 3 3 3 3 3 3 3 3 3 3 3 3 3 3 3 3 3 3 3 3 3 3 3 3 3 3 3 3 3 3 3 3 3 3 3 3 3 3 3 3 3 3 3 3 3 3 3 3 3 3 3 3 3 3 3 3 3 3 3 3 3 3 3 3 3 3 3 3 3 3 3 3 3 3 3 3 3 3 3 3 3 3 3 3 3 3 3 3 3 3 3 3 3 3 3 3 3 3 3 3 3 3 3 3 3 3 3 3 3 3 3 3 3 3 3 3 3 3 3 3 3 3 3 3 3 3 3 3 3 3 3 3 3 3 3 3 3 3 3 3 3 3 3 3 3 3 3 3 3 3 3 3 3 3 3 3 3 3 3 3 3 3 3 3 3 3 3 3 3 3 3 3 3 3 3 3 3 3 3 3 3 3 3 3 3 3 3 3 3 3 3 3 3 3 3 3 3 3 3 3 3 3 3 3 3 3 3 3 3 3 3 3 3 3 3 3 3 3 3 3 3 3 3 3 3 3 3 3 3 3 3 3 3 3 3 3 3 3 3 3 3 3 3 3 3 3 3 3 3 3 3 3 3 3 3 3 3 3 3 3 3 3 3 3 3 3 3 3 3 3 3 3 3 3</vcount>
                    <p>2 2 1 1 0 0 3 3 1 1 2 2 4 4 3 3 2 2 5 5 3 3 4 4 6 6 5 5 4 4 7 7 5 5 6 6 8 8 7 7 6 6 9 9 7 7 8 8 10 10 9 9 8 8 11 11 9 9 10 10 12 12 11 11 10 10 13 13 11 11 12 12 14 14 13 13 12 12 15 15 13 13 14 14 16 16 15 15 14 14 17 17 15 15 16 16 18 18 17 17 16 16 19 19 17 17 18 18 20 20 19 19 18 18 21 21 19 19 20 20 22 22 21 21 20 20 23 23 21 21 22 22 24 24 23 23 22 22 25 25 23 23 24 24 26 26 25 25 24 24 27 27 25 25 26 26 28 28 27 27 26 26 29 29 27 27 28 28 30 30 29 29 28 28 33 33 32 32 31 31 34 34 32 32 33 33 35 35 34 34 33 33 36 36 34 34 35 35 37 37 36 36 35 35 38 38 36 36 37 37 39 39 38 38 37 37 40 40 38 38 39 39 41 41 40 40 39 39 42 42 40 40 41 41 43 43 42 42 41 41 44 44 42 42 43 43 45 45 44 44 43 43 46 46 44 44 45 45 47 47 46 46 45 45 48 48 46 46 47 47 49 49 48 48 47 47 50 50 48 48 49 49 51 51 50 50 49 49 52 52 50 50 51 51 53 53 52 52 51 51 54 54 52 52 53 53 55 55 54 54 53 53 56 56 54 54 55 55 57 57 56 56 55 55 58 58 56 56 57 57 59 59 58 58 57 57 60 60 58 58 59 59 62 63 61 62 30 61 63 64 61 62 62 63 64 65 63 64 62 63 65 66 63 64 64 65 66 67 65 66 64 65 67 68 65 66 66 67 68 69 67 68 66 67 69 70 67 68 68 69 70 71 69 70 68 69 71 72 69 70 70 71 72 73 71 72 70 71 73 74 71 72 72 73 74 75 73 74 72 73 75 76 73 74 74 75 76 77 75 76 74 75 77 78 75 76 76 77 78 79 77 78 76 77 8 8 77 78 78 79 10 10 8 8 78 79 79 81 62 63 30 80 64 65 62 63 79 81 80 82 64 65 79 81 66 67 64 65 80 82 81 83 66 67 80 82 68 69 66 67 81 83 82 84 68 69 81 83 70 71 68 69 82 84 83 85 70 71 82 84 72 73 70 71 83 85 84 86 72 73 83 85 74 75 72 73 84 86 85 87 74 75 84 86 86 88 74 75 85 87 14 14 86 88 85 87 12 12 86 88 14 14 87 90 79 81 30 89 80 82 79 81 87 90 88 91 80 82 87 90 81 83 80 82 88 91 89 92 81 83 88 91 82 84 81 83 89 92 90 93 82 84 89 92 83 85 82 84 90 93 91 94 83 85 90 93 84 86 83 85 91 94 92 95 84 86 91 94 85 87 84 86 92 95 16 16 85 87 92 95 14 14 85 87 16 16 93 97 87 90 30 96 88 91 87 90 93 97 94 98 88 91 93 97 89 92 88 91 94 98 95 99 89 92 94 98 90 93 89 92 95 99 96 100 90 93 95 99 91 94 90 93 96 100 97 101 91 94 96 100 92 95 91 94 97 101 18 18 92 95 97 101 16 16 92 95 18 18 100 104 99 103 98 102 101 105 99 103 100 104 102 106 101 105 100 104 103 107 101 105 102 106 104 108 103 107 102 106 51 51 103 107 104 108 105 109 51 51 104 108 53 53 51 51 105 109 106 110 53 53 105 109 107 111 53 53 106 110 108 112 107 111 106 110 109 113 107 111 108 112 112 116 111 115 110 114 113 117 111 115 112 116 114 118 113 117 112 116 115 119 113 117 114 118 116 120 115 119 114 118 117 121 115 119 116 120 118 122 117 121 116 120 119 123 117 121 118 122 120 124 119 123 118 122 121 125 119 123 120 124 122 127 93 97 30 126 94 98 93 97 122 127 123 128 94 98 122 127 95 99 94 98 123 128 124 129 95 99 123 128 96 100 95 99 124 129 125 130 96 100 124 129 97 101 96 100 125 130 20 20 97 101 125 130 18 18 97 101 20 20 126 132 29 29 30 131 127 133 29 29 126 132 128 134 127 133 126 132 129 135 127 133 128 134 130 136 129 135 128 134 131 137 129 135 130 136 132 138 131 137 130 136 133 139 131 137 132 138 134 140 133 139 132 138 135 141 133 139 134 140 32 32 133 139 135 141 136 142 133 139 32 32 34 34 136 142 32 32 137 143 136 142 34 34 138 144 137 143 34 34 139 145 137 143 138 144 140 146 139 145 138 144 17 17 139 145 140 146 15 15 17 17 140 146 141 148 122 127 30 147 123 128 122 127 141 148 142 149 123 128 141 148 124 129 123 128 142 149 143 150 124 129 142 149 125 130 124 129 143 150 22 22 125 130 143 150 20 20 125 130 22 22 127 133 27 27 29 29 144 151 27 27 127 133 129 135 144 151 127 133 145 152 144 151 129 135 131 137 145 152 129 135 146 153 145 152 131 137 133 139 146 153 131 137 136 142 146 153 133 139 144 151 25 25 27 27 147 154 25 25 144 151 145 152 147 154 144 151 148 155 147 154 145 152 149 156 148 155 145 152 150 157 148 155 149 156 137 143 150 157 149 156 139 145 150 157 137 143 1 1 152 159 151 158 153 160 152 159 1 1 3 3 153 160 1 1 58 58 153 160 3 3 154 161 58 58 3 3 56 56 58 58 154 161 54 54 56 56 154 161 118 122 6 6 120 124 155 162 6 6 118 122 116 120 155 162 118 122 77 78 155 162 116 120 114 118 77 78 116 120 75 76 77 78 114 118 112 116 75 76 114 118 156 164 126 132 30 163 128 134 126 132 156 164 157 165 128 134 156 164 130 136 128 134 157 165 158 166 130 136 157 165 132 138 130 136 158 166 134 140 132 138 158 166 159 168 156 164 30 167 157 165 156 164 159 168 160 169 157 165 159 168 158 166 157 165 160 169 161 170 158 166 160 169 134 140 158 166 161 170 162 171 134 140 161 170 162 171 164 173 163 172 165 174 164 173 162 171 166 175 165 174 162 171 167 176 165 174 166 175 168 177 167 176 166 175 30 178 167 176 168 177 170 180 65 66 169 179 63 64 65 66 170 180 171 181 63 64 170 180 61 62 63 64 171 181 172 182 61 62 171 181 30 183 61 62 172 182 46 46 13 13 44 44 11 11 13 13 46 46 48 48 11 11 46 46 173 184 11 11 48 48 50 50 173 184 48 48 52 52 173 184 50 50 174 186 141 148 30 185 142 149 141 148 174 186 175 187 142 149 174 186 143 150 142 149 175 187 24 24 143 150 175 187 22 22 143 150 24 24 177 190 176 189 30 188 178 191 176 189 177 190 179 192 178 191 177 190 180 193 178 191 179 192 181 194 180 193 179 192 164 173 182 195 163 172 183 196 182 195 164 173 180 193 183 196 164 173 184 197 183 196 180 193 181 194 184 197 180 193 5 5 154 161 3 3 54 54 154 161 5 5 185 198 54 54 5 5 52 52 54 54 185 198 9 9 52 52 185 198 186 199 170 180 169 179 187 200 170 180 186 199 188 201 187 200 186 199 181 202 187 200 188 201 184 203 181 202 188 201 191 206 190 205 189 204 192 207 190 205 191 206 193 208 192 207 191 206 47 47 192 207 193 208 49 49 47 47 193 208 195 210 111 115 194 209 110 114 111 115 195 210 196 211 110 114 195 210 69 70 110 114 196 211 67 68 69 70 196 211 199 214 198 213 197 212 189 204 198 213 199 214 200 215 189 204 199 214 191 206 189 204 200 215 201 216 191 206 200 215 0 0 202 217 2 2 203 218 202 217 0 0 204 219 203 218 0 0 205 220 203 218 204 219 206 221 205 220 204 219 168 177 159 168 30 222 160 169 159 168 168 177 166 175 160 169 168 177 161 170 160 169 166 175 162 171 161 170 166 175 176 189 167 176 30 223 165 174 167 176 176 189 178 191 165 174 176 189 164 173 165 174 178 191 180 193 164 173 178 191 207 224 162 171 163 172 134 140 162 171 207 224 208 225 134 140 207 224 135 141 134 140 208 225 211 228 210 227 209 226 212 229 210 227 211 228 100 104 212 229 211 228 98 102 212 229 100 104 152 159 214 231 213 230 60 60 214 231 152 159 153 160 60 60 152 159 58 58 60 60 153 160 190 205 198 213 189 204 41 41 198 213 190 205 192 207 41 41 190 205 43 43 41 41 192 207 86 88 76 77 74 75 215 232 76 77 86 88 12 12 215 232 86 88 10 10 215 232 12 12 216 233 200 215 199 214 201 216 200 215 216 233 217 234 201 216 216 233 218 235 201 216 217 234 219 236 67 68 196 211 220 237 67 68 219 236 169 179 220 237 219 236 65 66 220 237 169 179 221 239 174 186 30 238 175 187 174 186 221 239 26 26 175 187 221 239 24 24 175 187 26 26 71 72 110 114 69 70 112 116 110 114 71 72 73 74 112 116 71 72 75 76 112 116 73 74 151 158 206 221 204 219 222 240 206 221 151 158 152 159 222 240 151 158 213 230 222 240 152 159 36 36 138 144 34 34 223 241 138 144 36 36 38 38 223 241 36 36 40 40 223 241 38 38 224 243 177 190 30 242 179 192 177 190 224 243 225 244 179 192 224 243 181 194 179 192 225 244 49 49 103 107 51 51 101 105 103 107 49 49 193 208 101 105 49 49 191 206 101 105 193 208 226 245 213 230 214 231 227 246 213 230 226 245 228 247 227 246 226 245 120 124 2 2 121 125 4 4 2 2 120 124 6 6 4 4 120 124 98 102 210 227 212 229 229 248 210 227 98 102 218 235 229 248 98 102 211 228 231 250 230 249 232 251 231 250 211 228 209 226 232 251 211 228 223 241 140 146 138 144 42 42 140 146 223 241 40 40 42 42 223 241 107 111 55 55 53 53 57 57 55 55 107 111 109 113 57 57 107 111 171 181 225 252 172 182 187 200 225 252 171 181 170 180 187 200 171 181 44 44 140 146 42 42 15 15 140 146 44 44 13 13 15 15 44 44 117 121 234 254 233 253 235 255 234 254 117 121 119 123 235 255 117 121 121 125 235 255 119 123 236 256 235 255 121 125 237 257 236 256 121 125 202 217 121 125 2 2 237 257 121 125 202 217 203 218 237 257 202 217 238 258 98 102 99 103 218 235 98 102 238 258 201 216 218 235 238 258 28 28 221 239 30 259 26 26 221 239 28 28 147 154 23 23 25 25 148 155 23 23 147 154 148 155 21 21 23 23 150 157 21 21 148 155 99 103 191 206 201 216 101 105 191 206 99 103 150 157 19 19 21 21 139 145 19 19 150 157 45 45 192 207 47 47 43 43 192 207 45 45 230 249 100 104 211 228 239 260 100 104 230 249 146 153 149 156 145 152 136 142 149 156 146 153 240 261 32 32 135 141 31 31 32 32 240 261 155 162 8 8 6 6 77 78 8 8 155 162 113 117 241 262 111 115 115 119 241 262 113 117 115 119 233 253 241 262 117 121 233 253 115 119 242 263 39 39 37 37 197 212 39 39 242 263 173 184 9 9 11 11 52 52 9 9 173 184 39 39 198 213 41 41 197 212 198 213 39 39 172 265 224 243 30 264 225 244 224 243 172 265 185 198 7 7 9 9 5 5 7 7 185 198 104 108 243 266 108 112 102 106 243 266 104 108 102 106 239 260 243 266 100 104 239 260 102 106 105 109 108 112 106 110 104 108 108 112 105 109 1 1 204 219 0 0 151 158 204 219 1 1 227 246 222 240 213 230 244 267 222 240 227 246 215 232 78 79 76 77 10 10 78 79 215 232 67 68 220 237 65 66 136 142 137 143 149 156 187 200 181 202 225 252 207 224 163 172 208 225 206 221 222 240 244 267 139 145 17 17 19 19 99 103 201 216 238 258</p>
                </polylist>
            </mesh>
        </geometry>
        <geometry id="mesh3_VC">
            <mesh>
                <source id="points3_VC">
                    <float_array id="pointarray3_VC" count="735">118271.10101472997 547355.5001120991 513231.16217314627 -22211.604835851263 515195.93469688244 571555.873570667 231836.94338993245 551272.9117241341 475716.74760435405 -37581.41489095356 499162.0821229758 579056.411122155 220290.0150295145 539064.672123559 489026.47417459753 206180.26216971624 502648.47154824587 514375.7001804422 417705.0050862829 537803.6119860113 315934.00525516656 410179.25095250976 506958.0926032091 346422.68110935175 537956.2033556965 479863.94648928125 159935.7840651705 410912.3149438094 467158.802073604 371852.44206888287 542659.0683367328 445201.20639540104 185560.8850027998 552757.557954208 404899.5462596759 203117.73493638763 614175.0775317186 368000.95748460165 24209.132396459565 626395.38800354 329605.39385712444 30964.673096767117 628836.1407846247 334553.7941335545 -98411.88316931226 638967.9462003517 299788.4766311484 -92601.90082605107 612810.523607986 292177.01555211574 -219998.3864757683 621426.401865024 260907.7391725197 -213826.00610332558 609130.7056956814 284640.2040124081 -240813.10296326876 617016.9461664173 255167.91132970154 -235148.26799074232 605350.761666831 278418.55074855254 -257271.2386973723 612485.9582028899 251105.70127884124 -252134.27580899434 600122.1169837608 271008.6535184214 -276163.2695736591 606160.4921644708 247230.8034941669 -271804.1496954161 593418.1099914536 262637.6441519978 -296727.6558792781 598099.9171774876 243608.63606650388 -293337.25541021756 585444.3968940246 253660.04963243922 -318017.06550902256 588606.1576841603 240369.69261291818 -315719.63710836426 576668.6823956934 244559.97989985178 -338920.3072306367 578241.974741756 237719.81110916883 -337773.0378776849 567795.7616984451 235926.07727930974 -358219.09177068307 615814.5429721375 163459.44811281658 -283233.8345222402 616965.2560087544 166281.0221531474 -279650.7034773482 625593.0160055708 168380.77286279693 -258493.9725238463 630920.4319190485 182069.08865015185 -237714.35063364776 655072.9818056386 195453.12211815052 -159348.01496415003 657262.7032706992 211051.8962088743 -131289.36111185272 664219.6086962275 221114.94772787808 -37476.35269141622 659793.0426104083 235798.3246837781 -8258.83256994182 620356.489054395 265732.2844244486 172508.5432644623 650972.7550109326 260336.79424662018 14074.034252747966 603527.7290634088 290039.1933945344 195058.05165103212 639240.5311493078 292572.11069362995 27522.125472544387 585095.2990683918 323465.316060371 208232.56074437033 632817.9302217518 311088.7419382095 29243.394461017888 576268.3781851162 343221.4498051546 209592.330616071 567441.4817356785 362977.57093105774 210952.03577611066 449677.9038206492 357225.43432189693 399230.74144979304 437880.28384265833 377683.9588339721 399482.75322265516 245789.7886428045 343748.7693027087 567711.8646689383 231403.8482009237 363995.7580406774 565726.3778160803 -33512.80364411427 303849.0757042604 641913.5239129029 211635.0281197696 410354.20311434346 554252.005663399 -55680.07281105222 352227.7176074106 626929.4912959392 -63844.5957419715 404484.4499930322 610836.778003127 -325572.2091580887 292749.6974298891 599091.7661014 -329736.29844422056 319609.5362554147 592439.5974016556 -547635.6692850988 205261.25270775054 456792.3722596263 -323350.1708648858 373535.7399078738 584568.714391538 -545015.8013716122 253901.90657087587 459127.1083731849 -531545.7708053937 298694.01054724987 469909.34179345076 558191.0235137893 235278.29683424084 -375775.5288827879 557746.7979866818 242311.817699162 -374967.8582694343 549624.7491329993 249814.00330543495 -387613.44363392313 550970.2563762438 262525.5415549797 -382428.9697568777 546145.8057365941 276510.5665087848 -387830.2921319363 550621.9247561186 291324.8506727865 -376209.23807898106 549540.46992221 308522.47816767066 -373848.3925086525 556957.191149695 320534.2727756511 -356008.9579012309 558646.8995158726 337010.0108745302 -347330.8574318945 567773.709842647 341601.19857971324 -325446.16499313875 570691.137406443 354120.2203195153 -313156.1402535319 580310.2902630558 348632.6957890942 -290304.2521981047 583973.3804618035 361233.12068129954 -271503.6376621323 593486.1009721172 345104.050024912 -250086.17369828437 601896.072658505 409988.3884433304 -163677.43068627096 609746.1008049048 392646.9360131876 -135658.2756954332 592214.141055796 455286.7950802051 -46127.6224244771 596549.8933876622 434211.5964986141 -16216.944339767098 558362.8092333402 248794.01763771428 -372356.5752095132 554116.5316618879 272850.41973861447 -374321.765786577 556891.1092875388 301081.17648598144 -361754.904439845 565571.0401185123 324865.229071364 -336572.1174940324 577462.469355778 336929.5371165429 -303814.04763480823 590175.8745957761 333948.99525669706 -269589.91776939644 603247.6902613881 321221.45369914843 -232451.16621255092 618837.2553371635 366578.3280274583 -113226.99781687412 559940.9775729175 254071.53461940197 -368221.48021022475 558641.7699794304 279721.06653769553 -364158.6093492982 564261.9752769799 304785.72142726294 -345932.15685700777 574702.2406980766 321173.0347357431 -317335.4094454653 587243.2524428489 323691.49961335305 -284244.54482823913 599942.7882151313 311816.747692272 -252641.74725866472 562296.586961698 257612.58233662616 -362986.8379755544 564062.914126921 282444.91201074625 -352960.05084521056 572114.2515737099 302126.4376781243 -330224.76164889697 583823.4068578474 310002.29988004995 -299946.25794675184 596707.0627106869 303457.10105329263 -268300.68248925905 -42752.60910093945 179950.887248831 670367.2551821021 41828.42612021387 235695.2041747997 660416.4647986667 -222861.69842288396 155453.7213485212 663480.6271041327 270.65979761421477 263873.7393393217 653852.2011086373 -265026.1134369687 180027.38577640167 644325.1676749325 -16621.0534473035 283861.4070647396 647882.8016666281 -282049.8548477683 198951.7768997373 634090.2493900998 -299073.6633713901 217876.20491505336 623855.5022990559 -310240.89042498474 241883.03022512808 614799.7193011919 -321408.07601849735 265889.83316829277 605743.8205005792 -521086.26626529754 117175.2968951299 483993.73800679634 -539360.3037729603 158074.78325379823 465093.02645036177 561712.1677422911 349600.5576536396 -336260.78339393676 566765.379542437 363559.98521769384 -318766.3873531759 574971.9645664691 367695.55297334027 -295036.8467998883 595306.784418338 416609.951767084 -194766.84474888493 598601.4231086797 413299.1729094028 -179222.12333720885 590718.1463787559 464975.8047418021 -79030.12733070547 591466.1684467845 460131.3065802617 -62578.84986338168 544083.8294990825 518790.58588882606 94362.71654510353 541365.1225162309 512047.05593048065 111473.012813899 410949.1695337105 557773.2938546408 301324.2148106446 424910.06983548077 547080.3655752733 299447.3741203555 337749.57685259794 559919.1797387192 372683.9266214613 565187.982122316 259065.0804956759 -357172.12971541646 569896.9614070173 280779.10183476785 -341791.7361750362 579915.39554672 293481.6311116173 -316018.49677702325 592468.0218094871 292659.63025057723 -285832.85054919997 578899.3937415574 230792.86331523384 -338443.6779212318 590141.6738076683 226989.97592983005 -316864.22573855356 589790.7148242262 214775.58727048727 -321409.4560119204 600701.4464264718 207279.51592072975 -300935.4987809041 597868.2343261925 193286.49112445276 -311500.5674558127 607711.955606921 185049.61810637556 -293396.2704899803 601266.6696488631 173523.39338296544 -310611.24934195576 609708.4806278179 167597.31356450985 -295015.2637072933 591681.3962206875 168706.831336912 -330672.53442904877 599318.0759367938 162374.4565122179 -317712.1744303856 623240.0023938724 179772.9955717508 -259316.73670384125 625011.0839063314 200324.0996848881 -244505.69996281152 631566.0405047126 203329.85719011922 -222742.1981762981 628064.2066203072 230380.62382595247 -214658.9108163462 648036.9670039436 265605.062576199 -96427.03068090384 568344.2105906218 258292.83572547568 -351338.8598362077 575688.0043414913 274944.3177958201 -331672.8198619449 587180.5909311498 279836.93188651965 -304524.7874039194 600685.193875392 224571.32645237932 -294738.5766466298 610549.445413406 202238.76929389703 -280607.8393778971 616336.1221962454 180480.09450071715 -275691.11603851966 609867.9243195369 223591.50222673247 -273262.11764776905 617256.4942926255 224113.2228333736 -253494.21291962152 618772.159727981 199871.77434077323 -261489.83966202225 622652.8597943119 226196.4826402319 -236315.3358616888 -139097.12348315783 499603.8788679941 571656.5526219492 -287250.3948832983 440407.65164122777 581092.792004535 -303137.9187955851 421795.1434854391 581232.8370301093 -57423.93215385763 455293.6197380007 594740.6773028823 538646.3244970447 505303.4588851119 128583.2357981141 578546.8617465827 224442.36313131262 -340885.64352042426 587449.3072032883 204853.06196274102 -328999.27482024697 592226.8753708584 183843.97583732472 -325551.373870102 577181.9157501713 219271.47044671176 -344883.63912874495 583231.736454353 198136.19476988696 -338964.74210528785 584228.1859673451 179825.61319682232 -341777.6464626757 574733.0619888637 181663.64889493815 -358541.00688870734 575044.214330872 172335.6148293602 -358329.71081122337 564902.9719183393 189294.1879279481 -374051.3762215338 570863.9613660276 196521.97980822687 -362046.6986783361 577502.9807327285 195258.59176704232 -350360.9729241531 571934.916605807 214277.9066375527 -355932.9840857774 574907.753905266 215771.10853946954 -350065.9555460346 542143.1400960635 283830.880272759 -392691.8457291489 544133.126084892 258204.51584997706 -395331.28487036045 550355.9279439173 236032.17409331384 -389275.06031543785 559682.8565827045 228397.4076559194 -374680.6169894765 420382.3385349631 422576.40329349827 390087.3467822772 571486.7348956423 255386.6675410042 -346038.38298435503 581007.4359318377 265580.8184757667 -323504.97456490074 568565.4603893012 214943.54504355122 -361903.35889372975 565159.4008381238 217717.99139695856 -367373.1700437713 564078.3734147721 201859.6034972416 -372804.85527244053 557954.6559745093 210821.07048546438 -381489.65691869485 555997.6322236549 202119.01180563995 -386599.3130660689 549134.0423518657 219005.32088948414 -394798.8942383074 567750.4019026157 180731.0674119581 -370948.33425408456 556570.5946090854 196806.47185220805 -386691.18488422886 547949.0151910145 217973.76582053833 -396982.73958968953 203016.75745310122 458178.77211205114 536642.1333754191 541705.875792871 267141.8937578918 -397632.4834135085 545078.3231150701 238347.32427226362 -397786.80788030237 542878.1604083047 242235.31300488618 -400719.90884890873 422932.33617124625 277298.78661836794 459958.7544898561 488308.1050078146 303555.4397620312 388271.0957190022 294608.3376245338 292490.314724659 565169.9683527087 461475.47758264345 336766.88571157434 398978.6829711773 260175.7132851258 323501.74681447283 569697.2163187175 559866.1208039625 349085.97037820827 -340556.3249265719 553993.7217838155 335386.9462805847 -357522.6895263727 550755.6141241781 323495.54725269775 -367467.2734134238 514064.4996330696 271942.7018246384 367224.8021850174 495028.05760736566 278815.352575877 387468.0417060129 451729.3634543077 269740.9247037167 435311.63863855845 323265.84345820214 268022.6982913154 542401.7058465363 208630.24012110417 247560.79413725005 605809.5754264783 235697.20235521445 558559.2659581634 452682.2814262696 152110.8740565836 560622.993258153 493534.74586050014 -8627.408412515928 527354.7563133029 553249.5911705876 29012.45540257833 544065.5133585366 540013.0172666505 -98889.56368296826 519644.93786200637 565716.8173567251 580008.9894961452 171128.704784738 -351542.6355020838 586323.9106994672 165393.79189274585 -341468.84413712996 -265116.54950867104 102305.14990997537 639895.7273805696 -130414.07808883925 148422.9705813546 671460.6413644343 -306912.5641755115 94043.27793363345 623609.0638970484 -174593.7534434218 142377.86678811308 664047.6521413914 -399390.1571104342 400866.43170111685 528860.4093924491 -519926.4580284415 316670.7033954796 477900.38003142865 603951.6459098717 404069.7057027603 7969.698458307059 357047.42109285545 263018.4320257938 521941.15377977514 247120.1353589666 245400.21082960867 590877.2834286928 127168.451832436 218402.6345995299 640579.5694453449 545014.2396764456 302451.59439934825 -383793.05255162704 544161.7233813081 290062.96608303604 -388270.2279448882 574344.9124626135 250649.5288718685 -341765.8074409327 -268996.96547799115 455589.92245171656 567326.0078141154 654598.9830723025 235130.27787517247 -109680.23906717889 562088.0857929315 222348.57907154117 -371782.7593195401 553210.5719471965 222588.3139605134 -387174.9632910917 -478790.13830535114 355302.5258491376 498483.459027254 -362353.1840897277 424918.14980469306 540270.835646956 -454177.2538380893 372940.80705733655 510632.8441598697 2413.0947421378078 183541.92404949636 669507.3301289927 -462038.41191362083 68081.99495935356 541123.7984739592 -392863.15753043676 70213.00711938814 586520.7057851774 -364963.3202643212 76945.79877050294 602037.7674266695 591589.9639901549 462086.4128955664 -111889.69638468747 553237.6642597757 518799.2145049516 60443.93089469637 426754.02894050046 561622.3792127589 277770.08861784195 362162.9005606794 566905.5587964464 343545.5283447966 264972.1619440775 568506.5711471294 427604.67466610344 84724.40747229676 217630.91312468817 648894.1778380683 -494515.81085311 86352.40898536955 510867.32963032334 606542.5932572864 161039.70001335815 -303683.27933135105 580770.3434043791 401576.67468153057 -249578.26244022817 633435.4901114325 252717.95144844873 142611.3213962429 -507801.101193019 101763.84401313048 497430.57981949626 -229675.47872075613 477753.58876806346 569761.4273785118</float_array>
                    <technique_common>
                        <accessor count="245" source="#pointarray3_VC" stride="3">
                            <param name="X" type="float"/>
                            <param name="Y" type="float"/>
                            <param name="Z" type="float"/>
                        </accessor>
                    </technique_common>
                </source>
                <source id="uvs3_VC">
                    <float_array id="uvarray3_VC" count="686">0.906494140625 0.23307291666666663 0.937255859375 0.20026041666666672 0.499755859375 0.73359375 0.468994140625 0.7997395833333334 0.468994140625 0.73359375 0.015380859375 0.00026041666666665186 0.000244140625 0.00026041666666665186 0.000244140625 0.016406249999999956 0.750244140625 0.7330729166666667 0.750244140625 0.6669270833333334 0.781005859375 0.6669270833333334 0.812255859375 0.6669270833333334 0.781494140625 0.6669270833333334 0.781494140625 0.7330729166666667 0.656005859375 0.20026041666666672 0.625244140625 0.20026041666666672 0.625244140625 0.23307291666666663 0.656494140625 0.23307291666666663 0.656494140625 0.20026041666666672 0.687255859375 0.20026041666666672 0.874755859375 0.6669270833333334 0.812744140625 0.7330729166666667 0.812744140625 0.6669270833333334 0.875244140625 0.6669270833333334 0.875244140625 0.7330729166666667 0.937255859375 0.6669270833333334 0.812255859375 0.53359375 0.750244140625 0.53359375 0.281494140625 0.3330729166666667 0.281494140625 0.26692708333333337 0.282470703125 0.2997395833333333 0.282470703125 0.29609375000000004 0.999755859375 0.6669270833333334 0.937744140625 0.7330729166666667 0.937744140625 0.6669270833333334 0.062255859375 0.6002604166666667 0.000244140625 0.66640625 0.000244140625 0.6002604166666667 0.687255859375 0.53359375 0.625244140625 0.5997395833333333 0.124755859375 0.6002604166666667 0.062744140625 0.66640625 0.062744140625 0.6002604166666667 0.687744140625 0.26640624999999996 0.687744140625 0.23359375000000004 0.718505859375 0.23359375000000004 0.718994140625 0.23359375000000004 0.749755859375 0.23359375000000004 0.718994140625 0.26640624999999996 0.687744140625 0.23307291666666663 0.718505859375 0.20026041666666672 0.687744140625 0.20026041666666672 0.718994140625 0.20026041666666672 0.718994140625 0.23307291666666663 0.749755859375 0.20026041666666672 0.125244140625 0.66640625 0.156005859375 0.6002604166666667 0.125244140625 0.6002604166666667 0.187255859375 0.6002604166666667 0.156494140625 0.6002604166666667 0.156494140625 0.66640625 0.187744140625 0.6002604166666667 0.187744140625 0.66640625 0.218505859375 0.6002604166666667 0.249755859375 0.6002604166666667 0.218994140625 0.66640625 0.218994140625 0.6002604166666667 0.031005859375 0.00026041666666665186 0.015869140625 0.016406249999999956 0.015869140625 0.00026041666666665186 0.250244140625 0.66640625 0.281005859375 0.6002604166666667 0.250244140625 0.6002604166666667 0.374755859375 0.6002604166666667 0.312744140625 0.66640625 0.312744140625 0.6002604166666667 0.312255859375 0.6002604166666667 0.281494140625 0.6002604166666667 0.281494140625 0.66640625 0.375244140625 0.6002604166666667 0.375244140625 0.66640625 0.406005859375 0.6002604166666667 0.437255859375 0.6002604166666667 0.406494140625 0.66640625 0.406494140625 0.6002604166666667 0.437744140625 0.66640625 0.437744140625 0.6002604166666667 0.468505859375 0.6002604166666667 0.781005859375 0.23359375000000004 0.750244140625 0.26640624999999996 0.750244140625 0.23359375000000004 0.781494140625 0.23359375000000004 0.781494140625 0.26640624999999996 0.812255859375 0.23359375000000004 0.750244140625 0.23307291666666663 0.750244140625 0.20026041666666672 0.781005859375 0.20026041666666672 0.781494140625 0.20026041666666672 0.812255859375 0.20026041666666672 0.781494140625 0.23307291666666663 0.031494140625 0.016406249999999956 0.046630859375 0.00026041666666665186 0.031494140625 0.00026041666666665186 0.062255859375 0.00026041666666665186 0.047119140625 0.00026041666666665186 0.047119140625 0.016406249999999956 0.812744140625 0.26640624999999996 0.843505859375 0.23359375000000004 0.812744140625 0.23359375000000004 0.593505859375 0.20026041666666672 0.578369140625 0.20026041666666672 0.578369140625 0.23307291666666663 0.843994140625 0.23359375000000004 0.843994140625 0.26640624999999996 0.859130859375 0.23359375000000004 0.484619140625 0.008593749999999956 0.484619140625 0.016406249999999956 0.491943359375 0.008593749999999956 0.859619140625 0.26640624999999996 0.874755859375 0.23359375000000004 0.859619140625 0.23359375000000004 0.562255859375 0.6002604166666667 0.500244140625 0.6002604166666667 0.500244140625 0.66640625 0.562744140625 0.6002604166666667 0.624755859375 0.6002604166666667 0.562744140625 0.66640625 0.625244140625 0.6002604166666667 0.687255859375 0.6002604166666667 0.625244140625 0.66640625 0.687744140625 0.6002604166666667 0.749755859375 0.6002604166666667 0.687744140625 0.66640625 0.468994140625 0.66640625 0.468994140625 0.6002604166666667 0.499755859375 0.6002604166666667 0.812255859375 0.6002604166666667 0.750244140625 0.66640625 0.750244140625 0.6002604166666667 0.812744140625 0.6002604166666667 0.874755859375 0.6002604166666667 0.812744140625 0.66640625 0.875244140625 0.6002604166666667 0.937255859375 0.6002604166666667 0.875244140625 0.66640625 0.937744140625 0.66640625 0.937744140625 0.6002604166666667 0.968505859375 0.6002604166666667 0.812744140625 0.20026041666666672 0.812744140625 0.23307291666666663 0.843505859375 0.20026041666666672 0.968994140625 0.6002604166666667 0.968994140625 0.66640625 0.999755859375 0.6002604166666667 0.062255859375 0.53359375 0.000244140625 0.5997395833333333 0.000244140625 0.53359375 0.859130859375 0.20026041666666672 0.843994140625 0.23307291666666663 0.843994140625 0.20026041666666672 0.492431640625 0.008593749999999956 0.499755859375 0.008593749999999956 0.492431640625 0.016406249999999956 0.062744140625 0.050260416666666696 0.062744140625 0.06640625 0.070068359375 0.050260416666666696 0.859619140625 0.23307291666666663 0.859619140625 0.20026041666666672 0.874755859375 0.20026041666666672 0.875244140625 0.26640624999999996 0.890380859375 0.23359375000000004 0.875244140625 0.23359375000000004 0.062744140625 0.5997395833333333 0.124755859375 0.53359375 0.062744140625 0.53359375 0.125244140625 0.53359375 0.187255859375 0.53359375 0.125244140625 0.5997395833333333 0.218505859375 0.53359375 0.187744140625 0.5997395833333333 0.187744140625 0.53359375 0.906494140625 0.23359375000000004 0.937255859375 0.23359375000000004 0.906494140625 0.26640624999999996 0.078369140625 0.06640625 0.093505859375 0.050260416666666696 0.078369140625 0.050260416666666696 0.875244140625 0.23307291666666663 0.875244140625 0.20026041666666672 0.906005859375 0.20026041666666672 0.218994140625 0.53359375 0.249755859375 0.53359375 0.218994140625 0.5997395833333333 0.250244140625 0.5997395833333333 0.281005859375 0.53359375 0.250244140625 0.53359375 0.312744140625 0.53359375 0.374755859375 0.53359375 0.312744140625 0.5997395833333333 0.375244140625 0.5997395833333333 0.437255859375 0.53359375 0.375244140625 0.53359375 0.312255859375 0.53359375 0.281494140625 0.5997395833333333 0.281494140625 0.53359375 0.562255859375 0.03776041666666663 0.558837890625 0.04140624999999998 0.558837890625 0.03776041666666663 0.437744140625 0.5997395833333333 0.499755859375 0.53359375 0.437744140625 0.53359375 0.531005859375 0.53359375 0.500244140625 0.5997395833333333 0.500244140625 0.53359375 0.906494140625 0.20026041666666672 0.906005859375 0.23359375000000004 0.890869140625 0.26640624999999996 0.890869140625 0.23359375000000004 0.624755859375 0.53359375 0.562744140625 0.5997395833333333 0.562744140625 0.53359375 0.952880859375 0.23359375000000004 0.937744140625 0.23359375000000004 0.937744140625 0.26640624999999996 0.953369140625 0.23359375000000004 0.953369140625 0.26640624999999996 0.968505859375 0.23359375000000004 0.968994140625 0.23359375000000004 0.999755859375 0.23359375000000004 0.968994140625 0.26640624999999996 0.968994140625 0.20026041666666672 0.984130859375 0.20026041666666672 0.109130859375 0.050260416666666696 0.093994140625 0.06640625 0.093994140625 0.050260416666666696 0.625244140625 0.53359375 0.687744140625 0.5997395833333333 0.749755859375 0.53359375 0.687744140625 0.53359375 0.750244140625 0.5997395833333333 0.562255859375 0.53359375 0.531494140625 0.5997395833333333 0.531494140625 0.53359375 0.937744140625 0.23307291666666663 0.937744140625 0.20026041666666672 0.968505859375 0.20026041666666672 0.843505859375 0.53359375 0.812744140625 0.53359375 0.812744140625 0.5997395833333333 0.968994140625 0.23307291666666663 0.937255859375 0.53359375 0.875244140625 0.53359375 0.875244140625 0.5997395833333333 0.843994140625 0.53359375 0.874755859375 0.53359375 0.843994140625 0.5997395833333333 0.999755859375 0.20026041666666672 0.984619140625 0.20026041666666672 0.984619140625 0.23307291666666663 0.000244140625 0.1997395833333333 0.000244140625 0.16692708333333328 0.015380859375 0.16692708333333328 0.937744140625 0.5997395833333333 0.937744140625 0.53359375 0.999755859375 0.53359375 0.000244140625 0.4669270833333333 0.062255859375 0.4669270833333333 0.000244140625 0.5330729166666667 0.062744140625 0.4669270833333333 0.124755859375 0.4669270833333333 0.062744140625 0.5330729166666667 0.031494140625 0.16692708333333328 0.031494140625 0.1997395833333333 0.062255859375 0.16692708333333328 0.125244140625 0.4669270833333333 0.125244140625 0.5330729166666667 0.187255859375 0.4669270833333333 0.187744140625 0.4669270833333333 0.249755859375 0.4669270833333333 0.187744140625 0.5330729166666667 0.109619140625 0.06640625 0.109619140625 0.050260416666666696 0.124755859375 0.050260416666666696 0.000244140625 0.16640624999999998 0.000244140625 0.13359374999999996 0.031005859375 0.13359374999999996 0.031494140625 0.13359374999999996 0.062255859375 0.13359374999999996 0.031494140625 0.16640624999999998 0.093505859375 0.16692708333333328 0.062744140625 0.16692708333333328 0.062744140625 0.1997395833333333 0.093994140625 0.16692708333333328 0.124755859375 0.16692708333333328 0.093994140625 0.1997395833333333 0.062744140625 0.16640624999999998 0.093505859375 0.13359374999999996 0.062744140625 0.13359374999999996 0.093994140625 0.13359374999999996 0.093994140625 0.16640624999999998 0.124755859375 0.13359374999999996 0.125244140625 0.16692708333333328 0.156005859375 0.16692708333333328 0.125244140625 0.1997395833333333 0.062744140625 0.04973958333333328 0.077880859375 0.03359374999999998 0.062744140625 0.03359374999999998 0.187255859375 0.16692708333333328 0.156494140625 0.1997395833333333 0.156494140625 0.16692708333333328 0.078369140625 0.03359374999999998 0.093505859375 0.03359374999999998 0.078369140625 0.04973958333333328 0.250244140625 0.5330729166666667 0.250244140625 0.4669270833333333 0.281005859375 0.4669270833333333 0.312744140625 0.4669270833333333 0.312744140625 0.5330729166666667 0.374755859375 0.4669270833333333 0.375244140625 0.4669270833333333 0.375244140625 0.5330729166666667 0.437255859375 0.4669270833333333 0.281494140625 0.5330729166666667 0.312255859375 0.4669270833333333 0.281494140625 0.4669270833333333 0.015869140625 0.1997395833333333 0.015869140625 0.16692708333333328 0.031005859375 0.16692708333333328 0.109130859375 0.03359374999999998 0.093994140625 0.03359374999999998 0.093994140625 0.04973958333333328 0.140380859375 0.13359374999999996 0.125244140625 0.16640624999999998 0.125244140625 0.13359374999999996 0.140869140625 0.13359374999999996 0.140869140625 0.16640624999999998 0.156005859375 0.13359374999999996 0.187255859375 0.13359374999999996 0.156494140625 0.16640624999999998 0.156494140625 0.13359374999999996 0.187744140625 0.1997395833333333 0.187744140625 0.16692708333333328 0.218505859375 0.16692708333333328</float_array>
                    <technique_common>
                        <accessor count="1" source="#uvarray3_VC" stride="2">
                            <param name="S" type="float"/>
                            <param name="T" type="float"/>
                        </accessor>
                    </technique_common>
                </source>
                <vertices id="vertices3_VC">
                    <input semantic="POSITION" source="#points3_VC"/>
                </vertices>
                <polylist count="436" material="Material1">
                    <input offset="0" semantic="VERTEX" source="#vertices3_VC"/>
                    <input offset="1" semantic="TEXCOORD" source="#uvs3_VC" set="0"/>
                    <vcount>3 3 3 3 3 3 3 3 3 3 3 3 3 3 3 3 3 3 3 3 3 3 3 3 3 3 3 3 3 3 3 3 3 3 3 3 3 3 3 3 3 3 3 3 3 3 3 3 3 3 3 3 3 3 3 3 3 3 3 3 3 3 3 3 3 3 3 3 3 3 3 3 3 3 3 3 3 3 3 3 3 3 3 3 3 3 3 3 3 3 3 3 3 3 3 3 3 3 3 3 3 3 3 3 3 3 3 3 3 3 3 3 3 3 3 3 3 3 3 3 3 3 3 3 3 3 3 3 3 3 3 3 3 3 3 3 3 3 3 3 3 3 3 3 3 3 3 3 3 3 3 3 3 3 3 3 3 3 3 3 3 3 3 3 3 3 3 3 3 3 3 3 3 3 3 3 3 3 3 3 3 3 3 3 3 3 3 3 3 3 3 3 3 3 3 3 3 3 3 3 3 3 3 3 3 3 3 3 3 3 3 3 3 3 3 3 3 3 3 3 3 3 3 3 3 3 3 3 3 3 3 3 3 3 3 3 3 3 3 3 3 3 3 3 3 3 3 3 3 3 3 3 3 3 3 3 3 3 3 3 3 3 3 3 3 3 3 3 3 3 3 3 3 3 3 3 3 3 3 3 3 3 3 3 3 3 3 3 3 3 3 3 3 3 3 3 3 3 3 3 3 3 3 3 3 3 3 3 3 3 3 3 3 3 3 3 3 3 3 3 3 3 3 3 3 3 3 3 3 3 3 3 3 3 3 3 3 3 3 3 3 3 3 3 3 3 3 3 3 3 3 3 3 3 3 3 3 3 3 3 3 3 3 3 3 3 3 3 3 3 3 3 3 3 3 3 3 3 3 3 3 3 3 3 3 3 3 3 3 3 3 3 3 3 3 3 3 3 3 3 3 3 3 3 3 3 3 3 3 3 3 3 3 3 3 3 3 3 3 3 3 3 3 3 3 3 3 3 3 3 3 3 3 3 3 3</vcount>
                    <p>2 0 1 0 0 1 3 2 1 3 2 3 4 4 3 2 2 3 5 5 3 6 4 7 6 8 5 9 4 10 7 11 5 12 6 13 8 14 7 15 6 16 9 17 7 18 8 19 10 17 9 17 8 19 11 20 9 21 10 21 12 22 11 20 10 21 13 23 11 24 12 25 14 25 13 23 12 25 15 23 13 23 14 25 16 25 15 23 14 25 17 25 15 23 16 25 18 22 17 22 16 22 19 22 17 22 18 22 20 22 19 22 18 22 21 22 19 22 20 22 22 22 21 22 20 22 23 22 21 22 22 22 24 22 23 22 22 22 25 22 23 22 24 22 26 26 25 27 24 27 27 26 25 27 26 26 28 28 27 29 26 29 29 28 27 29 28 28 30 30 29 31 28 31 33 32 32 33 31 32 34 33 32 33 33 32 35 34 34 33 33 32 36 35 34 36 35 37 37 37 36 35 35 37 38 35 36 35 37 37 39 35 38 35 37 37 40 38 38 39 39 39 41 38 40 38 39 39 42 40 40 41 41 41 43 42 42 40 41 41 44 43 42 44 43 45 45 46 44 47 43 48 46 49 44 50 45 51 47 52 46 53 45 54 48 55 46 55 47 56 49 57 48 55 47 56 50 58 48 59 49 60 51 61 50 62 49 63 52 64 50 65 51 66 53 67 52 68 51 69 54 70 52 71 53 72 55 73 54 74 53 75 56 76 54 77 55 78 57 79 56 80 55 81 58 82 56 83 57 84 59 84 58 82 57 84 60 84 58 82 59 84 62 31 61 31 30 30 63 29 61 28 62 28 64 29 63 29 62 28 65 27 63 26 64 26 66 27 65 27 64 26 67 22 65 22 66 22 68 22 67 22 66 22 69 22 67 22 68 22 70 22 69 22 68 22 71 22 69 22 70 22 72 22 71 22 70 22 73 22 71 22 72 22 74 22 73 22 72 22 75 22 73 22 74 22 76 85 75 86 74 86 77 87 75 86 76 85 78 88 77 89 76 90 8 91 77 92 78 93 10 94 8 95 78 96 79 31 62 31 30 30 64 29 62 28 79 28 80 29 64 29 79 28 66 27 64 26 80 26 81 27 66 27 80 26 68 22 66 22 81 22 82 22 68 22 81 22 70 22 68 22 82 22 83 22 70 22 82 22 72 22 70 22 83 22 84 22 72 22 83 22 74 22 72 22 84 22 85 22 74 22 84 22 86 26 74 27 85 27 14 27 86 26 85 27 12 27 86 26 14 27 87 31 79 31 30 30 80 29 79 28 87 28 88 29 80 29 87 28 81 27 80 26 88 26 89 27 81 27 88 26 82 22 81 22 89 22 90 22 82 22 89 22 83 22 82 22 90 22 91 22 83 22 90 22 84 22 83 22 91 22 92 22 84 22 91 22 85 22 84 22 92 22 16 22 85 22 92 22 14 22 85 22 16 22 93 31 87 31 30 30 88 29 87 28 93 28 94 29 88 29 93 28 89 27 88 26 94 26 95 27 89 27 94 26 90 22 89 22 95 22 96 22 90 22 95 22 91 22 90 22 96 22 97 22 91 22 96 22 92 22 91 22 97 22 18 22 92 22 97 22 16 22 92 22 18 22 100 97 99 98 98 99 101 100 99 101 100 102 102 103 101 104 100 105 103 106 101 107 102 108 104 109 103 110 102 111 51 112 103 113 104 114 105 112 51 112 104 114 53 67 51 69 105 69 106 115 53 116 105 117 107 118 53 119 106 120 108 118 107 118 106 120 109 3 107 3 108 3 112 33 111 32 110 33 113 121 111 122 112 123 114 37 113 35 112 36 115 124 113 125 114 126 116 126 115 124 114 126 117 127 115 128 116 129 118 129 117 127 116 129 119 130 117 131 118 132 120 133 119 134 118 133 121 135 119 134 120 133 122 31 93 31 30 30 94 29 93 28 122 28 123 29 94 29 122 28 95 27 94 26 123 26 124 27 95 27 123 26 96 22 95 22 124 22 125 22 96 22 124 22 97 22 96 22 125 22 20 22 97 22 125 22 18 22 97 22 20 22 126 31 29 31 30 30 127 29 29 28 126 28 128 29 127 29 126 28 129 27 127 26 128 26 130 27 129 27 128 26 131 22 129 22 130 22 132 22 131 22 130 22 133 22 131 22 132 22 134 22 133 22 132 22 135 32 133 33 134 33 32 33 133 33 135 32 136 22 133 22 32 22 34 22 136 22 32 22 137 136 136 137 34 137 138 138 137 136 34 137 139 139 137 140 138 141 140 142 139 143 138 144 17 145 139 146 140 147 15 148 17 149 140 150 141 31 122 31 30 30 123 29 122 28 141 28 142 29 123 29 141 28 124 27 123 26 142 26 143 27 124 27 142 26 125 22 124 22 143 22 22 22 125 22 143 22 20 22 125 22 22 22 127 29 27 29 29 28 144 27 27 26 127 26 129 27 144 27 127 26 145 87 144 86 129 86 131 86 145 87 129 86 146 86 145 87 131 86 133 22 146 22 131 22 136 22 146 22 133 22 144 27 25 27 27 26 147 22 25 22 144 22 145 87 147 86 144 86 148 86 147 86 145 87 149 151 148 152 145 153 150 137 148 137 149 136 137 136 150 137 149 136 139 154 150 155 137 156 1 0 152 0 151 1 153 157 152 158 1 158 3 159 153 157 1 158 58 160 153 161 3 162 154 163 58 164 3 165 56 166 58 167 154 168 54 169 56 170 154 171 118 172 6 173 120 172 155 173 6 173 118 172 116 172 155 173 118 172 77 173 155 173 116 172 114 172 77 173 116 172 75 174 77 173 114 172 112 33 75 33 114 34 156 31 126 31 30 30 128 29 126 28 156 28 157 29 128 29 156 28 130 27 128 26 157 26 158 27 130 27 157 26 132 22 130 22 158 22 134 22 132 22 158 22 159 31 156 31 30 30 157 29 156 28 159 28 160 29 157 29 159 28 158 27 157 26 160 26 161 27 158 27 160 26 134 22 158 22 161 22 162 22 134 22 161 22 162 33 164 33 163 32 165 26 164 27 162 27 166 26 165 26 162 27 167 28 165 29 166 29 168 28 167 28 166 29 30 30 167 31 168 31 170 33 65 33 169 32 63 26 65 27 170 27 171 26 63 26 170 27 61 28 63 29 171 29 172 28 61 28 171 29 30 30 61 31 172 31 46 49 13 49 44 50 11 24 13 23 46 23 48 23 11 24 46 23 173 175 11 176 48 177 50 178 173 179 48 180 52 181 173 182 50 183 174 31 141 31 30 30 142 29 141 28 174 28 175 29 142 29 174 28 143 27 142 26 175 26 24 27 143 27 175 26 22 22 143 22 24 22 177 31 176 31 30 30 178 29 176 28 177 28 179 29 178 29 177 28 180 27 178 26 179 26 181 27 180 27 179 26 164 33 182 32 163 32 183 32 182 32 164 33 180 33 183 32 164 33 184 32 183 32 180 33 181 33 184 32 180 33 5 184 154 185 3 186 54 187 154 188 5 189 185 190 54 191 5 192 52 193 54 194 185 195 9 195 52 193 185 195 186 32 170 33 169 32 187 33 170 33 186 32 188 32 187 33 186 32 181 33 187 33 188 32 184 32 181 33 188 32 191 196 190 197 189 198 192 199 190 200 191 201 193 199 192 199 191 201 47 202 192 203 193 203 49 204 47 202 193 203 195 205 111 206 194 207 110 208 111 209 195 210 196 209 110 208 195 210 69 33 110 33 196 32 67 33 69 33 196 32 199 37 198 35 197 37 189 35 198 35 199 37 200 35 189 35 199 37 191 196 189 198 200 198 201 211 191 212 200 213 0 1 202 214 2 0 203 0 202 214 0 1 204 215 203 216 0 217 205 216 203 216 204 215 206 216 205 216 204 215 168 31 159 31 30 30 160 29 159 28 168 28 166 29 160 29 168 28 161 27 160 26 166 26 162 27 161 27 166 26 176 31 167 31 30 30 165 29 167 28 176 28 178 29 165 29 176 28 164 27 165 26 178 26 180 27 164 27 178 26 207 218 162 219 163 220 134 219 162 219 207 218 208 220 134 219 207 218 135 32 134 33 208 32 211 221 210 222 209 222 212 223 210 222 211 221 100 224 212 225 211 226 98 227 212 228 100 229 152 230 214 230 213 231 60 3 214 3 152 3 153 157 60 158 152 158 58 232 60 233 153 234 190 197 198 198 189 198 41 38 198 39 190 235 192 236 41 237 190 238 43 42 41 41 192 42 86 26 76 239 74 27 215 240 76 241 86 242 12 243 215 244 86 245 10 146 215 147 12 145 216 37 200 35 199 37 201 246 200 247 216 248 217 248 201 246 216 248 218 248 201 246 217 248 219 32 67 33 196 32 220 218 67 219 219 220 169 220 220 218 219 220 65 219 220 218 169 220 221 31 174 31 30 30 175 29 174 28 221 28 26 29 175 29 221 28 24 27 175 26 26 26 71 22 110 22 69 22 112 22 110 22 71 22 73 22 112 22 71 22 75 22 112 22 73 22 151 217 206 216 204 215 222 214 206 0 151 1 152 0 222 214 151 1 213 231 222 249 152 230 36 250 138 251 34 252 223 253 138 254 36 255 38 39 223 38 36 39 40 38 223 38 38 39 224 31 177 31 30 30 179 29 177 28 224 28 225 29 179 29 224 28 181 27 179 26 225 26 49 256 103 257 51 258 101 259 103 260 49 261 193 262 101 263 49 264 191 265 101 266 193 267 226 230 213 231 214 230 227 230 213 231 226 230 228 3 227 3 226 3 120 133 2 133 121 135 4 4 2 3 120 3 6 268 4 269 120 270 98 271 210 272 212 273 229 272 210 272 98 271 218 272 229 272 98 271 211 221 231 222 230 222 232 222 231 222 211 221 209 222 232 222 211 221 223 274 140 275 138 276 42 277 140 278 223 279 40 41 42 40 223 41 107 280 55 281 53 282 57 79 55 81 107 79 109 3 57 3 107 3 171 29 225 29 172 28 187 27 225 26 171 26 170 27 187 27 171 26 44 283 140 284 42 285 15 286 140 287 44 288 13 49 15 49 44 50 117 127 234 129 233 129 235 129 234 129 117 127 119 130 235 132 117 131 121 135 235 133 119 134 236 133 235 133 121 135 237 133 236 133 121 135 202 289 121 290 2 291 237 291 121 290 202 289 203 0 237 0 202 214 238 292 98 293 99 294 218 295 98 296 238 297 201 298 218 299 238 300 28 31 221 31 30 30 26 29 221 28 28 28 147 22 23 22 25 22 148 22 23 22 147 22 148 22 21 22 23 22 150 22 21 22 148 22 99 301 191 302 201 303 101 304 191 305 99 306 150 22 19 22 21 22 139 21 19 22 150 22 45 307 192 308 47 309 43 48 192 48 45 46 230 310 100 311 211 312 239 310 100 311 230 310 146 152 149 151 145 153 136 137 149 136 146 137 240 32 32 33 135 32 31 32 32 33 240 32 155 16 8 14 6 16 77 16 8 14 155 16 113 313 241 314 111 315 115 124 241 126 113 125 115 124 233 126 241 126 117 127 233 129 115 128 242 37 39 35 37 37 197 37 39 35 242 37 173 316 9 317 11 318 52 319 9 320 173 321 39 39 198 39 41 38 197 37 198 35 39 35 172 31 224 31 30 30 225 29 224 28 172 28 185 322 7 323 9 322 5 324 7 323 185 322 104 325 243 326 108 326 102 327 243 326 104 325 102 327 239 326 243 326 100 328 239 329 102 330 105 331 108 332 106 333 104 334 108 335 105 336 1 216 204 215 0 217 151 217 204 215 1 216 227 230 222 249 213 231 244 0 222 214 227 0 215 89 78 88 76 90 10 337 78 338 215 339 67 219 220 218 65 219 136 137 137 136 149 136 187 27 181 27 225 26 207 218 163 220 208 220 206 0 222 214 244 0 139 21 17 22 19 22 99 340 201 341 238 342</p>
                </polylist>
            </mesh>
        </geometry>
        <geometry id="mesh4">
            <mesh>
                <source id="points4">
                    <float_array id="pointarray4" count="192">-780778.1875 -17190.234375 -0.07664400339126587 -679311.9375 -331846.75 135123.53125 -765775.75 -17190.234375 152322.203125 -639897.875 -331846.75 265054.375 -721345 -17190.234375 298790.8125 -575892.9375 -331846.75 384799.3125 -649193.4375 -17190.234375 433777.0625 -489756.71875 -331846.75 489756.6875 -552093.625 -17190.234375 552093.5 -384799.375 -331846.75 575893 -433777.1875 -17190.234375 649193.4375 -265054.4375 -331846.75 639898.0625 -298790.9375 -17190.234375 721345.125 -135123.578125 -331846.75 679312.125 -152322.328125 -17190.234375 765775.875 0.0012410000199452043 -331846.75 692620.6875 -0.02346000075340271 -17190.234375 780778.375 135123.59375 -331846.75 679312.125 152322.28125 -17190.234375 765775.875 265054.4375 -331846.75 639898.0625 298790.9375 -17190.234375 721345.125 384799.4375 -331846.75 575893.125 433777.25 -17190.234375 649193.5625 489756.8125 -331846.75 489756.875 552093.6875 -17190.234375 552093.75 575893.125 -331846.75 384799.53125 649193.5625 -17190.234375 433777.34375 639898.125 -331846.75 265054.5625 721345.25 -17190.234375 298791.03125 679312.375 -331846.75 135123.65625 765776.1875 -17190.234375 152322.34375 692620.875 -331846.75 0.02628600038588047 780778.625 -17190.234375 -0.0032659999560564756 679311.75 -331846.75 -135123.328125 765775.375 -17190.234375 -152322.046875 639897.6875 -331846.75 -265054.09375 721344.75 -17190.234375 -298790.59375 575892.75 -331846.75 -384799.0625 649193.125 -17190.234375 -433776.875 489756.59375 -331846.75 -489756.40625 552093.4375 -17190.234375 -552093.25 384799.3125 -331846.75 -575892.5625 433777.0625 -17190.234375 -649193 265054.40625 -331846.75 -639897.625 298790.90625 -17190.234375 -721344.75 135123.65625 -331846.75 -679311.75 152322.34375 -17190.234375 -765775.5625 0.12337200343608856 -331846.75 -692620.25 0.11421599984169006 -17190.234375 -780777.875 -765775.75 -17190.234375 -152322.359375 -679311.9375 -331846.75 -135123.609375 -692620.5 -331846.75 -0.03880700096487999 -135123.40625 -331846.75 -679311.8125 -152322.125 -17190.234375 -765775.625 -265054.1875 -331846.75 -639897.8125 -298790.6875 -17190.234375 -721344.9375 -384799.125 -331846.75 -575892.8125 -433776.9375 -17190.234375 -649193.3125 -489756.5625 -331846.75 -489756.625 -552093.4375 -17190.234375 -552093.5 -575892.8125 -331846.75 -384799.34375 -649193.25 -17190.234375 -433777.15625 -639897.8125 -331846.75 -265054.4375 -721344.9375 -17190.234375 -298790.9375</float_array>
                    <technique_common>
                        <accessor count="64" source="#pointarray4" stride="3">
                            <param name="X" type="float"/>
                            <param name="Y" type="float"/>
                            <param name="Z" type="float"/>
                        </accessor>
                    </technique_common>
                </source>
                <source id="uvs4">
                    <float_array id="uvarray4" count="96">0.49609375 1 0.43359375 0.00390625 0.43359375 1 0.375 0.00390625 0.375 1 0.3125 0.00390625 0.3125 1 0.25 0.00390625 0.25 1 0.19140625 0.00390625 0.19140625 1 0.12890625 0.00390625 0.12890625 1 0.06640625 0.00390625 0.06640625 1 0.0078125 0.00390625 0.0078125 1 0.0625 0.00390625 0.0625 1 0.125 0.00390625 0.125 1 0.1875 0.00390625 0.1875 1 0.30859375 0.00390625 0.30859375 1 0.37109375 0.00390625 0.37109375 1 0.49609375 0.00390625 0.5546875 0.00390625 0.5546875 1 0.6171875 0.00390625 0.6171875 1 0.6796875 0.00390625 0.6796875 1 0.7421875 0.00390625 0.7421875 1 0.80078125 0.00390625 0.80078125 1 0.86328125 0.00390625 0.86328125 1 0.92578125 0.00390625 0.92578125 1 0.98828125 0.00390625 0.98828125 1 0.55859375 1 0.55859375 0.00390625 0.984375 0.00390625 0.984375 1</float_array>
                    <technique_common>
                        <accessor count="1" source="#uvarray4" stride="2">
                            <param name="S" type="float"/>
                            <param name="T" type="float"/>
                        </accessor>
                    </technique_common>
                </source>
                <vertices id="vertices4">
                    <input semantic="POSITION" source="#points4"/>
                </vertices>
                <polylist count="64" material="Material1">
                    <input offset="0" semantic="VERTEX" source="#vertices4"/>
                    <input offset="1" semantic="TEXCOORD" source="#uvs4" set="0"/>
                    <vcount>3 3 3 3 3 3 3 3 3 3 3 3 3 3 3 3 3 3 3 3 3 3 3 3 3 3 3 3 3 3 3 3 3 3 3 3 3 3 3 3 3 3 3 3 3 3 3 3 3 3 3 3 3 3 3 3 3 3 3 3 3 3 3 3</vcount>
                    <p>2 2 1 1 0 0 3 3 1 1 2 2 4 4 3 3 2 2 5 5 3 3 4 4 6 6 5 5 4 4 7 7 5 5 6 6 8 8 7 7 6 6 9 9 7 7 8 8 10 10 9 9 8 8 11 11 9 9 10 10 12 12 11 11 10 10 13 13 11 11 12 12 14 14 13 13 12 12 15 15 13 13 14 14 16 16 15 15 14 14 17 17 15 15 16 16 18 18 17 17 16 16 19 19 17 17 18 18 20 20 19 19 18 18 21 21 19 19 20 20 22 22 21 21 20 20 23 7 21 21 22 22 24 8 23 7 22 22 25 23 23 7 24 8 26 24 25 23 24 8 27 25 25 23 26 24 28 26 27 25 26 24 29 1 27 25 28 26 30 2 29 1 28 26 31 27 29 1 30 2 32 0 31 27 30 2 33 28 31 27 32 0 34 29 33 28 32 0 35 30 33 28 34 29 36 31 35 30 34 29 37 32 35 30 36 31 38 33 37 32 36 31 39 34 37 32 38 33 40 35 39 34 38 33 41 36 39 34 40 35 42 37 41 36 40 35 43 38 41 36 42 37 44 39 43 38 42 37 45 40 43 38 44 39 46 41 45 40 44 39 47 42 45 40 46 41 48 43 47 42 46 41 0 0 50 45 49 44 51 27 50 45 0 0 1 1 51 27 0 0 48 47 52 40 47 46 53 41 52 40 48 47 53 41 54 38 52 40 55 39 54 38 53 41 55 39 56 36 54 38 57 37 56 36 55 39 57 37 58 34 56 36 59 35 58 34 57 37 59 35 60 32 58 34 61 33 60 32 59 35 61 33 62 30 60 32 63 31 62 30 61 33 63 31 50 45 62 30 49 44 50 45 63 31</p>
                </polylist>
            </mesh>
        </geometry>
        <geometry id="mesh4_VC">
            <mesh>
                <source id="points4_VC">
                    <float_array id="pointarray4_VC" count="192">-780778.1875 -17190.234375 -0.07664400339126587 -679311.9375 -331846.75 135123.53125 -765775.75 -17190.234375 152322.203125 -639897.875 -331846.75 265054.375 -721345 -17190.234375 298790.8125 -575892.9375 -331846.75 384799.3125 -649193.4375 -17190.234375 433777.0625 -489756.71875 -331846.75 489756.6875 -552093.625 -17190.234375 552093.5 -384799.375 -331846.75 575893 -433777.1875 -17190.234375 649193.4375 -265054.4375 -331846.75 639898.0625 -298790.9375 -17190.234375 721345.125 -135123.578125 -331846.75 679312.125 -152322.328125 -17190.234375 765775.875 0.0012410000199452043 -331846.75 692620.6875 -0.02346000075340271 -17190.234375 780778.375 135123.59375 -331846.75 679312.125 152322.28125 -17190.234375 765775.875 265054.4375 -331846.75 639898.0625 298790.9375 -17190.234375 721345.125 384799.4375 -331846.75 575893.125 433777.25 -17190.234375 649193.5625 489756.8125 -331846.75 489756.875 552093.6875 -17190.234375 552093.75 575893.125 -331846.75 384799.53125 649193.5625 -17190.234375 433777.34375 639898.125 -331846.75 265054.5625 721345.25 -17190.234375 298791.03125 679312.375 -331846.75 135123.65625 765776.1875 -17190.234375 152322.34375 692620.875 -331846.75 0.02628600038588047 780778.625 -17190.234375 -0.0032659999560564756 679311.75 -331846.75 -135123.328125 765775.375 -17190.234375 -152322.046875 639897.6875 -331846.75 -265054.09375 721344.75 -17190.234375 -298790.59375 575892.75 -331846.75 -384799.0625 649193.125 -17190.234375 -433776.875 489756.59375 -331846.75 -489756.40625 552093.4375 -17190.234375 -552093.25 384799.3125 -331846.75 -575892.5625 433777.0625 -17190.234375 -649193 265054.40625 -331846.75 -639897.625 298790.90625 -17190.234375 -721344.75 135123.65625 -331846.75 -679311.75 152322.34375 -17190.234375 -765775.5625 0.12337200343608856 -331846.75 -692620.25 0.11421599984169006 -17190.234375 -780777.875 -765775.75 -17190.234375 -152322.359375 -679311.9375 -331846.75 -135123.609375 -692620.5 -331846.75 -0.03880700096487999 -135123.40625 -331846.75 -679311.8125 -152322.125 -17190.234375 -765775.625 -265054.1875 -331846.75 -639897.8125 -298790.6875 -17190.234375 -721344.9375 -384799.125 -331846.75 -575892.8125 -433776.9375 -17190.234375 -649193.3125 -489756.5625 -331846.75 -489756.625 -552093.4375 -17190.234375 -552093.5 -575892.8125 -331846.75 -384799.34375 -649193.25 -17190.234375 -433777.15625 -639897.8125 -331846.75 -265054.4375 -721344.9375 -17190.234375 -298790.9375</float_array>
                    <technique_common>
                        <accessor count="64" source="#pointarray4_VC" stride="3">
                            <param name="X" type="float"/>
                            <param name="Y" type="float"/>
                            <param name="Z" type="float"/>
                        </accessor>
                    </technique_common>
                </source>
                <source id="uvs4_VC">
                    <float_array id="uvarray4_VC" count="26">0.437744140625 0.5330729166666667 0.468505859375 0.4669270833333333 0.234130859375 0.16692708333333328 0.218994140625 0.16692708333333328 0.218994140625 0.1997395833333333 0.077880859375 0.050260416666666696 0.070556640625 0.06640625 0.070556640625 0.050260416666666696 0.468994140625 0.7997395833333334 0.437744140625 0.4669270833333333 0.500244140625 0.4669270833333333 0.562255859375 0.4669270833333333 0.500244140625 0.5330729166666667</float_array>
                    <technique_common>
                        <accessor count="1" source="#uvarray4_VC" stride="2">
                            <param name="S" type="float"/>
                            <param name="T" type="float"/>
                        </accessor>
                    </technique_common>
                </source>
                <vertices id="vertices4_VC">
                    <input semantic="POSITION" source="#points4_VC"/>
                </vertices>
                <polylist count="64" material="Material1">
                    <input offset="0" semantic="VERTEX" source="#vertices4_VC"/>
                    <input offset="1" semantic="TEXCOORD" source="#uvs4_VC" set="0"/>
                    <vcount>3 3 3 3 3 3 3 3 3 3 3 3 3 3 3 3 3 3 3 3 3 3 3 3 3 3 3 3 3 3 3 3 3 3 3 3 3 3 3 3 3 3 3 3 3 3 3 3 3 3 3 3 3 3 3 3 3 3 3 3 3 3 3 3</vcount>
                    <p>2 0 1 1 0 0 3 2 1 3 2 4 4 4 3 2 2 4 5 5 3 6 4 7 6 7 5 5 4 7 7 7 5 5 6 7 8 8 7 8 6 8 9 8 7 8 8 8 10 8 9 8 8 8 11 8 9 8 10 8 12 8 11 8 10 8 13 8 11 8 12 8 14 8 13 8 12 8 15 8 13 8 14 8 16 8 15 8 14 8 17 8 15 8 16 8 18 8 17 8 16 8 19 8 17 8 18 8 20 8 19 8 18 8 21 8 19 8 20 8 22 8 21 8 20 8 23 8 21 8 22 8 24 8 23 8 22 8 25 5 23 7 24 7 26 7 25 5 24 7 27 6 25 5 26 7 28 4 27 2 26 4 29 3 27 2 28 4 30 0 29 1 28 0 31 9 29 1 30 0 32 0 31 9 30 0 33 10 31 11 32 12 34 12 33 10 32 12 35 10 33 10 34 12 36 12 35 10 34 12 37 10 35 10 36 12 38 12 37 10 36 12 39 10 37 10 38 12 40 12 39 10 38 12 41 10 39 10 40 12 42 12 41 10 40 12 43 10 41 10 42 12 44 12 43 10 42 12 45 10 43 10 44 12 46 12 45 10 44 12 47 10 45 10 46 12 48 12 47 10 46 12 0 12 50 10 49 12 51 11 50 10 0 12 1 1 51 9 0 0 48 12 52 10 47 10 53 12 52 10 48 12 53 12 54 10 52 10 55 12 54 10 53 12 55 12 56 10 54 10 57 12 56 10 55 12 57 12 58 10 56 10 59 12 58 10 57 12 59 12 60 10 58 10 61 12 60 10 59 12 61 12 62 10 60 10 63 12 62 10 61 12 63 12 50 10 62 10 49 12 50 10 63 12</p>
                </polylist>
            </mesh>
        </geometry>
        <geometry id="mesh5">
            <mesh>
                <source id="points5">
                    <float_array id="pointarray5" count="195">-692620.5 -331846.75 -0.03880700096487999 -363285.8125 -331846.75 0.0657150000333786 -679311.9375 -331846.75 135123.53125 -356305.34375 -331846.75 70873.6171875 -639897.875 -331846.75 265054.375 -335632.34375 -331846.75 139023.546875 -575892.9375 -331846.75 384799.3125 -302061.125 -331846.75 201830.84375 -489756.71875 -331846.75 489756.6875 -256881.875 -331846.75 256881.953125 -384799.375 -331846.75 575893 -201830.78125 -331846.75 302061.25 -265054.4375 -331846.75 639898.0625 -139023.484375 -331846.75 335632.5 -135123.578125 -331846.75 679312.125 -70873.546875 -331846.75 356305.5 0.0012410000199452043 -331846.75 692620.6875 0.011481000110507011 -331846.75 363286 135123.59375 -331846.75 679312.125 70873.578125 -331846.75 356305.5 265054.4375 -331846.75 639898.0625 139023.5 -331846.75 335632.5 384799.4375 -331846.75 575893.125 201830.875 -331846.75 302061.3125 489756.8125 -331846.75 489756.875 256881.953125 -331846.75 256882.078125 575893.125 -331846.75 384799.53125 302061.25 -331846.75 201830.984375 639898.125 -331846.75 265054.5625 335632.46875 -331846.75 139023.640625 679312.375 -331846.75 135123.65625 356305.59375 -331846.75 70873.6875 692620.875 -331846.75 0.02628600038588047 363286 -331846.75 0.09985700249671936 679311.75 -331846.75 -135123.328125 356305.25 -331846.75 -70873.3359375 639897.6875 -331846.75 -265054.09375 335632.21875 -331846.75 -139023.21875 575892.75 -331846.75 -384799.0625 302061.0625 -331846.75 -201830.5625 489756.59375 -331846.75 -489756.40625 256881.859375 -331846.75 -256881.65625 384799.3125 -331846.75 -575892.5625 201830.78125 -331846.75 -302060.875 265054.40625 -331846.75 -639897.625 139023.484375 -331846.75 -335632.125 135123.65625 -331846.75 -679311.75 70873.609375 -331846.75 -356305.15625 0.12337200343608856 -331846.75 -692620.25 0.07553999871015549 -331846.75 -363285.59375 -135123.40625 -331846.75 -679311.8125 -70873.453125 -331846.75 -356305.1875 -265054.1875 -331846.75 -639897.8125 -139023.34375 -331846.75 -335632.1875 -384799.125 -331846.75 -575892.8125 -201830.671875 -331846.75 -302061 -489756.5625 -331846.75 -489756.625 -256881.796875 -331846.75 -256881.78125 -575892.8125 -331846.75 -384799.34375 -302061.0625 -331846.75 -201830.703125 -639897.8125 -331846.75 -265054.4375 -335632.25 -331846.75 -139023.40625 -679311.9375 -331846.75 -135123.609375 -356305.34375 -331846.75 -70873.484375 0.022776000201702118 -331846.71875 0.18101200461387634</float_array>
                    <technique_common>
                        <accessor count="65" source="#pointarray5" stride="3">
                            <param name="X" type="float"/>
                            <param name="Y" type="float"/>
                            <param name="Z" type="float"/>
                        </accessor>
                    </technique_common>
                </source>
                <source id="uvs5">
                    <float_array id="uvarray5" count="130">0 0.5 0.234375 0.5 0.0078125 0.40625 0.2421875 0.44921875 0.03515625 0.3125 0.25390625 0.40234375 0.08203125 0.22265625 0.28125 0.35546875 0.14453125 0.1484375 0.3125 0.31640625 0.21875 0.0859375 0.3515625 0.28515625 0.30859375 0.0390625 0.3984375 0.2578125 0.40234375 0.01171875 0.4453125 0.24609375 0.5 0 0.5 0.23828125 0.59375 0.01171875 0.55078125 0.24609375 0.6875 0.0390625 0.59765625 0.2578125 0.77734375 0.0859375 0.64453125 0.28515625 0.8515625 0.1484375 0.68359375 0.31640625 0.9140625 0.22265625 0.71484375 0.35546875 0.9609375 0.3125 0.7421875 0.40234375 0.98828125 0.40625 0.75390625 0.44921875 1 0.5 0.76171875 0.5 0.98828125 0.59765625 0.75390625 0.5546875 0.9609375 0.69140625 0.7421875 0.6015625 0.9140625 0.78125 0.71484375 0.6484375 0.8515625 0.85546875 0.68359375 0.6875 0.77734375 0.91796875 0.64453125 0.71875 0.6875 0.96484375 0.59765625 0.74609375 0.59375 0.9921875 0.55078125 0.7578125 0.5 1 0.5 0.765625 0.40234375 0.9921875 0.4453125 0.7578125 0.30859375 0.96484375 0.3984375 0.74609375 0.21875 0.91796875 0.3515625 0.71875 0.14453125 0.85546875 0.3125 0.6875 0.08203125 0.78125 0.28125 0.6484375 0.03515625 0.69140625 0.25390625 0.6015625 0.0078125 0.59765625 0.2421875 0.5546875 0.5 0.5</float_array>
                    <technique_common>
                        <accessor count="1" source="#uvarray5" stride="2">
                            <param name="S" type="float"/>
                            <param name="T" type="float"/>
                        </accessor>
                    </technique_common>
                </source>
                <vertices id="vertices5">
                    <input semantic="POSITION" source="#points5"/>
                </vertices>
                <polylist count="96" material="Material1">
                    <input offset="0" semantic="VERTEX" source="#vertices5"/>
                    <input offset="1" semantic="TEXCOORD" source="#uvs5" set="0"/>
                    <vcount>3 3 3 3 3 3 3 3 3 3 3 3 3 3 3 3 3 3 3 3 3 3 3 3 3 3 3 3 3 3 3 3 3 3 3 3 3 3 3 3 3 3 3 3 3 3 3 3 3 3 3 3 3 3 3 3 3 3 3 3 3 3 3 3 3 3 3 3 3 3 3 3 3 3 3 3 3 3 3 3 3 3 3 3 3 3 3 3 3 3 3 3 3 3 3 3</vcount>
                    <p>2 2 1 1 0 0 3 3 1 1 2 2 4 4 3 3 2 2 5 5 3 3 4 4 6 6 5 5 4 4 7 7 5 5 6 6 8 8 7 7 6 6 9 9 7 7 8 8 10 10 9 9 8 8 11 11 9 9 10 10 12 12 11 11 10 10 13 13 11 11 12 12 14 14 13 13 12 12 15 15 13 13 14 14 16 16 15 15 14 14 17 17 15 15 16 16 18 18 17 17 16 16 19 19 17 17 18 18 20 20 19 19 18 18 21 21 19 19 20 20 22 22 21 21 20 20 23 23 21 21 22 22 24 24 23 23 22 22 25 25 23 23 24 24 26 26 25 25 24 24 27 27 25 25 26 26 28 28 27 27 26 26 29 29 27 27 28 28 30 30 29 29 28 28 31 31 29 29 30 30 32 32 31 31 30 30 33 33 31 31 32 32 34 34 33 33 32 32 35 35 33 33 34 34 36 36 35 35 34 34 37 37 35 35 36 36 38 38 37 37 36 36 39 39 37 37 38 38 40 40 39 39 38 38 41 41 39 39 40 40 42 42 41 41 40 40 43 43 41 41 42 42 44 44 43 43 42 42 45 45 43 43 44 44 46 46 45 45 44 44 47 47 45 45 46 46 48 48 47 47 46 46 49 49 47 47 48 48 50 50 49 49 48 48 51 51 49 49 50 50 52 52 51 51 50 50 53 53 51 51 52 52 54 54 53 53 52 52 55 55 53 53 54 54 56 56 55 55 54 54 57 57 55 55 56 56 58 58 57 57 56 56 59 59 57 57 58 58 60 60 59 59 58 58 61 61 59 59 60 60 62 62 61 61 60 60 63 63 61 61 62 62 1 1 63 63 62 62 64 64 63 63 1 1 3 3 64 64 1 1 5 5 64 64 3 3 7 7 64 64 5 5 9 9 64 64 7 7 11 11 64 64 9 9 13 13 64 64 11 11 15 15 64 64 13 13 17 17 64 64 15 15 19 19 64 64 17 17 21 21 64 64 19 19 23 23 64 64 21 21 25 25 64 64 23 23 27 27 64 64 25 25 29 29 64 64 27 27 31 31 64 64 29 29 33 33 64 64 31 31 35 35 64 64 33 33 37 37 64 64 35 35 39 39 64 64 37 37 41 41 64 64 39 39 43 43 64 64 41 41 45 45 64 64 43 43 47 47 64 64 45 45 49 49 64 64 47 47 51 51 64 64 49 49 53 53 64 64 51 51 55 55 64 64 53 53 57 57 64 64 55 55 59 59 64 64 57 57 61 61 64 64 59 59 64 64 61 61 63 63 1 1 62 62 0 0</p>
                </polylist>
            </mesh>
        </geometry>
        <geometry id="mesh5_VC">
            <mesh>
                <source id="points5_VC">
                    <float_array id="pointarray5_VC" count="195">-692620.5 -331846.75 -0.03880700096487999 -363285.8125 -331846.75 0.0657150000333786 -679311.9375 -331846.75 135123.53125 -356305.34375 -331846.75 70873.6171875 -639897.875 -331846.75 265054.375 -335632.34375 -331846.75 139023.546875 -575892.9375 -331846.75 384799.3125 -302061.125 -331846.75 201830.84375 -489756.71875 -331846.75 489756.6875 -256881.875 -331846.75 256881.953125 -384799.375 -331846.75 575893 -201830.78125 -331846.75 302061.25 -265054.4375 -331846.75 639898.0625 -139023.484375 -331846.75 335632.5 -135123.578125 -331846.75 679312.125 -70873.546875 -331846.75 356305.5 0.0012410000199452043 -331846.75 692620.6875 0.011481000110507011 -331846.75 363286 135123.59375 -331846.75 679312.125 70873.578125 -331846.75 356305.5 265054.4375 -331846.75 639898.0625 139023.5 -331846.75 335632.5 384799.4375 -331846.75 575893.125 201830.875 -331846.75 302061.3125 489756.8125 -331846.75 489756.875 256881.953125 -331846.75 256882.078125 575893.125 -331846.75 384799.53125 302061.25 -331846.75 201830.984375 639898.125 -331846.75 265054.5625 335632.46875 -331846.75 139023.640625 679312.375 -331846.75 135123.65625 356305.59375 -331846.75 70873.6875 692620.875 -331846.75 0.02628600038588047 363286 -331846.75 0.09985700249671936 679311.75 -331846.75 -135123.328125 356305.25 -331846.75 -70873.3359375 639897.6875 -331846.75 -265054.09375 335632.21875 -331846.75 -139023.21875 575892.75 -331846.75 -384799.0625 302061.0625 -331846.75 -201830.5625 489756.59375 -331846.75 -489756.40625 256881.859375 -331846.75 -256881.65625 384799.3125 -331846.75 -575892.5625 201830.78125 -331846.75 -302060.875 265054.40625 -331846.75 -639897.625 139023.484375 -331846.75 -335632.125 135123.65625 -331846.75 -679311.75 70873.609375 -331846.75 -356305.15625 0.12337200343608856 -331846.75 -692620.25 0.07553999871015549 -331846.75 -363285.59375 -135123.40625 -331846.75 -679311.8125 -70873.453125 -331846.75 -356305.1875 -265054.1875 -331846.75 -639897.8125 -139023.34375 -331846.75 -335632.1875 -384799.125 -331846.75 -575892.8125 -201830.671875 -331846.75 -302061 -489756.5625 -331846.75 -489756.625 -256881.796875 -331846.75 -256881.78125 -575892.8125 -331846.75 -384799.34375 -302061.0625 -331846.75 -201830.703125 -639897.8125 -331846.75 -265054.4375 -335632.25 -331846.75 -139023.40625 -679311.9375 -331846.75 -135123.609375 -356305.34375 -331846.75 -70873.484375 0.022776000201702118 -331846.71875 0.18101200461387634</float_array>
                    <technique_common>
                        <accessor count="65" source="#pointarray5_VC" stride="3">
                            <param name="X" type="float"/>
                            <param name="Y" type="float"/>
                            <param name="Z" type="float"/>
                        </accessor>
                    </technique_common>
                </source>
                <source id="uvs5_VC">
                    <float_array id="uvarray5_VC" count="334">0.218505859375 0.13359374999999996 0.187744140625 0.13359374999999996 0.187744140625 0.16640624999999998 0.109619140625 0.04973958333333328 0.124755859375 0.03359374999999998 0.109619140625 0.03359374999999998 0.077880859375 0.01692708333333337 0.062744140625 0.01692708333333337 0.062744140625 0.033072916666666674 0.078369140625 0.033072916666666674 0.093505859375 0.01692708333333337 0.078369140625 0.01692708333333337 0.101318359375 0.01692708333333337 0.093994140625 0.01692708333333337 0.093994140625 0.033072916666666674 0.437744140625 0.008072916666666652 0.441162109375 0.00026041666666665186 0.437744140625 0.00026041666666665186 0.445556640625 0.00026041666666665186 0.452880859375 0.00026041666666665186 0.445556640625 0.008072916666666652 0.285400390625 0.3169270833333333 0.286865234375 0.3169270833333333 0.468994140625 0.7997395833333334 0.077880859375 0.050260416666666696 0.070556640625 0.050260416666666696 0.460693359375 0.00026041666666665186 0.453369140625 0.00026041666666665186 0.453369140625 0.008072916666666652 0.101806640625 0.033072916666666674 0.101806640625 0.01692708333333337 0.109130859375 0.01692708333333337 0.124755859375 0.01692708333333337 0.109619140625 0.01692708333333337 0.109619140625 0.033072916666666674 0.234619140625 0.1997395833333333 0.234619140625 0.16692708333333328 0.249755859375 0.16692708333333328 0.234130859375 0.13359374999999996 0.218994140625 0.13359374999999996 0.218994140625 0.16640624999999998 0.468994140625 0.5330729166666667 0.468994140625 0.4669270833333333 0.499755859375 0.4669270833333333 0.593505859375 0.4669270833333333 0.562744140625 0.4669270833333333 0.562744140625 0.5330729166666667 0.593994140625 0.4669270833333333 0.593994140625 0.5330729166666667 0.624755859375 0.4669270833333333 0.687255859375 0.4669270833333333 0.625244140625 0.4669270833333333 0.625244140625 0.5330729166666667 0.749755859375 0.4669270833333333 0.687744140625 0.4669270833333333 0.687744140625 0.5330729166666667 0.781005859375 0.4669270833333333 0.750244140625 0.4669270833333333 0.750244140625 0.5330729166666667 0.281005859375 0.16692708333333328 0.250244140625 0.16692708333333328 0.250244140625 0.1997395833333333 0.312255859375 0.16692708333333328 0.281494140625 0.16692708333333328 0.281494140625 0.1997395833333333 0.281005859375 0.13359374999999996 0.250244140625 0.13359374999999996 0.250244140625 0.16640624999999998 0.281494140625 0.13359374999999996 0.312255859375 0.13359374999999996 0.281494140625 0.16640624999999998 0.312744140625 0.16692708333333328 0.343505859375 0.16692708333333328 0.312744140625 0.1997395833333333 0.343994140625 0.16692708333333328 0.374755859375 0.16692708333333328 0.343994140625 0.1997395833333333 0.312744140625 0.13359374999999996 0.343505859375 0.13359374999999996 0.312744140625 0.16640624999999998 0.343994140625 0.13359374999999996 0.374755859375 0.13359374999999996 0.343994140625 0.16640624999999998 0.375244140625 0.16692708333333328 0.406005859375 0.16692708333333328 0.375244140625 0.1997395833333333 0.781494140625 0.5330729166666667 0.812255859375 0.4669270833333333 0.781494140625 0.4669270833333333 0.812744140625 0.4669270833333333 0.874755859375 0.4669270833333333 0.812744140625 0.5330729166666667 0.875244140625 0.4669270833333333 0.937255859375 0.4669270833333333 0.875244140625 0.5330729166666667 0.937744140625 0.4669270833333333 0.999755859375 0.4669270833333333 0.937744140625 0.5330729166666667 0.406494140625 0.1997395833333333 0.406494140625 0.16692708333333328 0.437255859375 0.16692708333333328 0.249755859375 0.13359374999999996 0.234619140625 0.16640624999999998 0.234619140625 0.13359374999999996 0.077880859375 0.00026041666666665186 0.062744140625 0.00026041666666665186 0.062744140625 0.016406249999999956 0.546630859375 0.03359374999999998 0.543212890625 0.03359374999999998 0.543212890625 0.037239583333333326 0.441650390625 0.008072916666666652 0.441650390625 0.00026041666666665186 0.445068359375 0.00026041666666665186 0.078369140625 0.016406249999999956 0.078369140625 0.00026041666666665186 0.085693359375 0.00026041666666665186 0.375244140625 0.13359374999999996 0.375244140625 0.16640624999999998 0.390380859375 0.13359374999999996 0.406494140625 0.13359374999999996 0.406494140625 0.16640624999999998 0.437255859375 0.13359374999999996 0.437744140625 0.16692708333333328 0.437744140625 0.1997395833333333 0.468505859375 0.16692708333333328 0.000244140625 0.4002604166666667 0.000244140625 0.46640625 0.031005859375 0.4002604166666667 0.062744140625 0.4002604166666667 0.062744140625 0.46640625 0.124755859375 0.4002604166666667 0.125244140625 0.4002604166666667 0.125244140625 0.46640625 0.187255859375 0.4002604166666667 0.187744140625 0.4002604166666667 0.187744140625 0.46640625 0.249755859375 0.4002604166666667 0.312255859375 0.4002604166666667 0.250244140625 0.46640625 0.250244140625 0.4002604166666667 0.374755859375 0.4002604166666667 0.312744140625 0.46640625 0.312744140625 0.4002604166666667 0.437255859375 0.4002604166666667 0.375244140625 0.46640625 0.375244140625 0.4002604166666667 0.499755859375 0.4002604166666667 0.437744140625 0.46640625 0.437744140625 0.4002604166666667 0.562255859375 0.4002604166666667 0.500244140625 0.46640625 0.500244140625 0.4002604166666667 0.624755859375 0.4002604166666667 0.562744140625 0.46640625 0.562744140625 0.4002604166666667 0.687255859375 0.4002604166666667 0.625244140625 0.46640625 0.625244140625 0.4002604166666667 0.062255859375 0.4002604166666667 0.031494140625 0.46640625 0.031494140625 0.4002604166666667 0.468994140625 0.1997395833333333 0.468994140625 0.16692708333333328 0.499755859375 0.16692708333333328 0.687744140625 0.46640625 0.687744140625 0.4002604166666667 0.718505859375 0.4002604166666667</float_array>
                    <technique_common>
                        <accessor count="1" source="#uvarray5_VC" stride="2">
                            <param name="S" type="float"/>
                            <param name="T" type="float"/>
                        </accessor>
                    </technique_common>
                </source>
                <vertices id="vertices5_VC">
                    <input semantic="POSITION" source="#points5_VC"/>
                </vertices>
                <polylist count="96" material="Material1">
                    <input offset="0" semantic="VERTEX" source="#vertices5_VC"/>
                    <input offset="1" semantic="TEXCOORD" source="#uvs5_VC" set="0"/>
                    <vcount>3 3 3 3 3 3 3 3 3 3 3 3 3 3 3 3 3 3 3 3 3 3 3 3 3 3 3 3 3 3 3 3 3 3 3 3 3 3 3 3 3 3 3 3 3 3 3 3 3 3 3 3 3 3 3 3 3 3 3 3 3 3 3 3 3 3 3 3 3 3 3 3 3 3 3 3 3 3 3 3 3 3 3 3 3 3 3 3 3 3 3 3 3 3 3 3</vcount>
                    <p>2 0 1 1 0 2 3 3 1 4 2 5 4 6 3 7 2 8 5 9 3 10 4 11 6 12 5 13 4 14 7 15 5 16 6 17 8 18 7 19 6 20 9 21 7 22 8 21 10 23 9 23 8 23 11 23 9 23 10 23 12 23 11 23 10 23 13 23 11 23 12 23 14 23 13 23 12 23 15 23 13 23 14 23 16 23 15 23 14 23 17 23 15 23 16 23 18 23 17 23 16 23 19 23 17 23 18 23 20 23 19 23 18 23 21 23 19 23 20 23 22 23 21 23 20 23 23 23 21 23 22 23 24 23 23 23 22 23 25 23 23 23 24 23 26 24 25 25 24 25 27 26 25 27 26 28 28 29 27 30 26 31 29 32 27 33 28 34 30 35 29 36 28 37 31 38 29 39 30 40 32 41 31 42 30 43 33 44 31 45 32 46 34 47 33 48 32 49 35 50 33 51 34 52 36 52 35 50 34 52 37 53 35 54 36 55 38 55 37 53 36 55 39 56 37 57 38 58 40 58 39 56 38 58 41 59 39 60 40 61 42 61 41 59 40 61 43 62 41 63 42 64 44 64 43 62 42 64 45 65 43 66 44 67 46 67 45 65 44 67 47 68 45 69 46 70 48 70 47 68 46 70 49 71 47 72 48 73 50 73 49 71 48 73 51 74 49 75 50 76 52 76 51 74 50 76 53 77 51 78 52 79 54 79 53 77 52 79 55 80 53 81 54 82 56 82 55 80 54 82 57 83 55 84 56 85 58 86 57 87 56 86 59 88 57 87 58 86 60 86 59 88 58 86 61 89 59 90 60 91 62 91 61 89 60 91 63 92 61 93 62 94 1 95 63 96 62 97 64 98 63 99 1 100 3 101 64 102 1 103 5 104 64 105 3 106 7 107 64 108 5 109 9 21 64 21 7 22 11 23 64 23 9 23 13 23 64 23 11 23 15 23 64 23 13 23 17 23 64 23 15 23 19 23 64 23 17 23 21 23 64 23 19 23 23 23 64 23 21 23 25 23 64 23 23 23 27 26 64 27 25 27 29 110 64 111 27 112 31 113 64 114 29 115 33 116 64 117 31 118 35 119 64 120 33 121 37 122 64 123 35 124 39 125 64 126 37 127 41 128 64 129 39 130 43 131 64 132 41 133 45 134 64 135 43 136 47 137 64 138 45 139 49 140 64 141 47 142 51 143 64 144 49 145 53 146 64 147 51 148 55 149 64 150 53 151 57 152 64 153 55 154 59 155 64 156 57 157 61 158 64 159 59 160 64 161 61 162 63 163 1 164 62 165 0 166</p>
                </polylist>
            </mesh>
        </geometry>
        <geometry id="mesh6">
            <mesh>
                <source id="points6">
                    <float_array id="pointarray6" count="45">-183039.609375 -71914.40625 -692269.25 -183288.875 -8321.8115234375 -693710.0625 -91557.75 -71669.2734375 -713014.75 -91807.0390625 -8076.650390625 -714455.625 -76.0927963256836 -71424.0546875 -718631.5625 -325.353515625 -7831.46484375 -720072.375 91405.6328125 -71178.9296875 -712151.875 91156.34375 -7586.3134765625 -713592.625 182887.390625 -70933.734375 -690543.1875 182638.171875 -7341.123046875 -691983.875 -183538.109375 55270.78515625 -695150.9375 -92056.328125 55515.97265625 -715896.5 -574.6141967773438 55761.125 -721513.125 90907.0703125 56006.3046875 -715033.4375 182388.96875 56251.484375 -693424.6875</float_array>
                    <technique_common>
                        <accessor count="15" source="#pointarray6" stride="3">
                            <param name="X" type="float"/>
                            <param name="Y" type="float"/>
                            <param name="Z" type="float"/>
                        </accessor>
                    </technique_common>
                </source>
                <source id="uvs6">
                    <float_array id="uvarray6" count="30">0 0 0 0.5 0.25 0.00390625 0.25 0.5 0.5 0.00390625 0.5 0.5 0.75 0.0078125 0.74609375 0.50390625 1 0.0078125 0.99609375 0.50390625 0 0.99609375 0.24609375 0.99609375 0.49609375 1 0.74609375 1 0.99609375 1</float_array>
                    <technique_common>
                        <accessor count="1" source="#uvarray6" stride="2">
                            <param name="S" type="float"/>
                            <param name="T" type="float"/>
                        </accessor>
                    </technique_common>
                </source>
                <vertices id="vertices6">
                    <input semantic="POSITION" source="#points6"/>
                </vertices>
                <polylist count="16" material="Material1">
                    <input offset="0" semantic="VERTEX" source="#vertices6"/>
                    <input offset="1" semantic="TEXCOORD" source="#uvs6" set="0"/>
                    <vcount>3 3 3 3 3 3 3 3 3 3 3 3 3 3 3 3</vcount>
                    <p>2 2 1 1 0 0 3 3 1 1 2 2 4 4 3 3 2 2 5 5 3 3 4 4 6 6 5 5 4 4 7 7 5 5 6 6 8 8 7 7 6 6 9 9 7 7 8 8 3 3 10 10 1 1 11 11 10 10 3 3 5 5 11 11 3 3 12 12 11 11 5 5 7 7 12 12 5 5 13 13 12 12 7 7 9 9 13 13 7 7 14 14 13 13 9 9</p>
                </polylist>
            </mesh>
        </geometry>
        <geometry id="mesh6_VC">
            <mesh>
                <source id="points6_VC">
                    <float_array id="pointarray6_VC" count="45">-183039.609375 -71914.40625 -692269.25 -183288.875 -8321.8115234375 -693710.0625 -91557.75 -71669.2734375 -713014.75 -91807.0390625 -8076.650390625 -714455.625 -76.0927963256836 -71424.0546875 -718631.5625 -325.353515625 -7831.46484375 -720072.375 91405.6328125 -71178.9296875 -712151.875 91156.34375 -7586.3134765625 -713592.625 182887.390625 -70933.734375 -690543.1875 182638.171875 -7341.123046875 -691983.875 -183538.109375 55270.78515625 -695150.9375 -92056.328125 55515.97265625 -715896.5 -574.6141967773438 55761.125 -721513.125 90907.0703125 56006.3046875 -715033.4375 182388.96875 56251.484375 -693424.6875</float_array>
                    <technique_common>
                        <accessor count="15" source="#pointarray6_VC" stride="3">
                            <param name="X" type="float"/>
                            <param name="Y" type="float"/>
                            <param name="Z" type="float"/>
                        </accessor>
                    </technique_common>
                </source>
                <source id="uvs6_VC">
                    <float_array id="uvarray6_VC" count="2">0.937744140625 0.9330729166666667</float_array>
                    <technique_common>
                        <accessor count="1" source="#uvarray6_VC" stride="2">
                            <param name="S" type="float"/>
                            <param name="T" type="float"/>
                        </accessor>
                    </technique_common>
                </source>
                <vertices id="vertices6_VC">
                    <input semantic="POSITION" source="#points6_VC"/>
                </vertices>
                <polylist count="16" material="Material1">
                    <input offset="0" semantic="VERTEX" source="#vertices6_VC"/>
                    <input offset="1" semantic="TEXCOORD" source="#uvs6_VC" set="0"/>
                    <vcount>3 3 3 3 3 3 3 3 3 3 3 3 3 3 3 3</vcount>
                    <p>2 0 1 0 0 0 3 0 1 0 2 0 4 0 3 0 2 0 5 0 3 0 4 0 6 0 5 0 4 0 7 0 5 0 6 0 8 0 7 0 6 0 9 0 7 0 8 0 3 0 10 0 1 0 11 0 10 0 3 0 5 0 11 0 3 0 12 0 11 0 5 0 7 0 12 0 5 0 13 0 12 0 7 0 9 0 13 0 7 0 14 0 13 0 9 0</p>
                </polylist>
            </mesh>
        </geometry>
        <geometry id="mesh7">
            <mesh>
                <source id="points7">
                    <float_array id="pointarray7" count="771">769928.4375 65341.125 -153148.125 755250 161907.390625 -150228.40625 785012.8125 65341.125 0.000024000000848900527 770046.9375 161907.390625 0 769929.125 65341.125 153148.4375 755250.6875 161907.390625 150228.71875 725257.1875 65341.125 300411.4375 711430.5 161907.390625 294684.21875 652714.25 65341.125 436129.71875 640270.5 161907.390625 427815.15625 555087.75 65341.125 555087.875 544505.25 161907.390625 544505.375 436129.65625 65341.125 652714.25 427815.0625 161907.390625 640270.5 300411.34375 65341.125 725257.125 294684.125 161907.390625 711430.375 153148.359375 65341.125 769928.875 150228.640625 161907.390625 755250.375 -0.020820999518036842 65341.125 785012.5625 -0.02045300044119358 161907.390625 770046.75 -153148.40625 65341.125 769928.875 -150228.6875 161907.390625 755250.375 -300411.375 65341.125 725256.9375 -294684.125 161907.390625 711430.375 -436129.625 65341.125 652714.1875 -427815 161907.390625 640270.375 -555087.75 65341.125 555087.6875 -544505.1875 161907.390625 544505.125 -652714.1875 65341.125 436129.625 -640270.375 161907.390625 427814.875 -725256.9375 65341.125 300411.21875 -711430.25 161907.390625 294684 -769928.75 65341.125 153148.28125 -755250.3125 161907.390625 150228.5625 -785012.4375 65341.125 -0.07375200092792511 -770046.5625 161907.390625 -0.07236900180578232 -769928.75 65341.125 -153148.421875 -755250.3125 161907.390625 -150228.71875 -725256.875 65341.125 -300411.375 -711430.125 161907.390625 -294684.125 -652714.0625 65341.125 -436129.625 -640270.1875 161907.390625 -427814.96875 -555087.5625 65341.125 -555087.6875 -544505.0625 161907.390625 -544505.125 -436129.40625 65341.125 -652714.0625 -427814.75 161907.390625 -640270.25 -300411.125 65341.125 -725256.875 -294683.875 161907.390625 -711430.125 -153148.203125 65341.125 -769928.5 -150228.484375 161907.390625 -755250.125 0.11760199815034866 65341.125 -785012.25 0.1153310015797615 161907.390625 -770046.25 153148.421875 65341.125 -769928.4375 150228.71875 161907.390625 -755250.0625 300411.3125 65341.125 -725256.5625 294684.09375 161907.390625 -711430 436129.5625 65341.125 -652713.8125 427814.875 161907.390625 -640269.9375 555087.5625 65341.125 -555087.375 544505.0625 161907.390625 -544504.875 652713.9375 65341.125 -436129.3125 640270.0625 161907.390625 -427814.6875 725256.625 65341.125 -300411 711430 161907.390625 -294683.78125 711429.9375 309192.9375 -141512.046875 725368.25 309192.9375 0 711430.5 309192.9375 141512.359375 670152.875 309192.9375 277586.4375 603121.625 309192.9375 402992.96875 512912.78125 309192.9375 512912.8125 402992.9375 309192.9375 603121.625 277586.375 309192.9375 670152.8125 141512.28125 309192.9375 711430.375 -0.019267000257968903 309192.9375 725368.0625 -141512.3125 309192.9375 711430.375 -277586.375 309192.9375 670152.625 -402992.875 309192.9375 603121.5 -512912.65625 309192.9375 512912.625 -603121.5 309192.9375 402992.84375 -670152.625 309192.9375 277586.25 -711430.125 309192.9375 141512.203125 -725368 309192.9375 -0.06817000359296799 -711430.125 309192.9375 -141512.359375 -670152.5625 309192.9375 -277586.375 -603121.375 309192.9375 -402992.875 -512912.5 309192.9375 -512912.625 -402992.65625 309192.9375 -603121.375 -277586.125 309192.9375 -670152.5625 -141512.125 309192.9375 -711430.0625 0.10863900184631348 309192.9375 -725367.75 141512.359375 309192.9375 -711430 277586.3125 309192.9375 -670152.375 402992.8125 309192.9375 -603121.125 512912.5 309192.9375 -512912.3125 603121.3125 309192.9375 -402992.5625 670152.375 309192.9375 -277586.03125 640270.0625 444932.0625 -127357.484375 652814.25 444932.0625 0 640270.625 444932.0625 127357.75 603121.6875 444932.0625 249821.21875 542795.125 444932.0625 362684.125 461609.3125 444932.0625 461609.375 362684.125 444932.0625 542795.125 249821.15625 444932.0625 603121.625 127357.71875 444932.0625 640270.5 -0.01733900047838688 444932.0625 652814.0625 -127357.734375 444932.0625 640270.4375 -249821.15625 444932.0625 603121.5 -362684.09375 444932.0625 542795 -461609.21875 444932.0625 461609.1875 -542795 444932.0625 362684.03125 -603121.5 444932.0625 249821.0625 -640270.375 444932.0625 127357.640625 -652813.9375 444932.0625 -0.06135199964046478 -640270.375 444932.0625 -127357.75 -603121.375 444932.0625 -249821.15625 -542794.9375 444932.0625 -362684.03125 -461609.09375 444932.0625 -461609.1875 -362683.875 444932.0625 -542794.9375 -249820.953125 444932.0625 -603121.375 -127357.5703125 444932.0625 -640270.1875 0.09777200222015381 444932.0625 -652813.75 127357.75 444932.0625 -640270.0625 249821.109375 444932.0625 -603121.1875 362684 444932.0625 -542794.75 461609.09375 444932.0625 -461608.90625 542794.875 444932.0625 -362683.75 603121.3125 444932.0625 -249820.859375 544504.9375 563908.5 -108308.6328125 555172.9375 563908.5 0 544505.375 563908.5 108308.8671875 512912.8125 563908.5 212455.46875 461609.3125 563908.5 308437.46875 392566.4375 563908.5 392566.5 308437.46875 563908.5 461609.3125 212455.40625 563908.5 512912.78125 108308.8125 563908.5 544505.25 -0.014746000058948994 563908.5 555172.75 -108308.84375 563908.5 544505.1875 -212455.40625 563908.5 512912.6875 -308437.4375 563908.5 461609.21875 -392566.40625 563908.5 392566.40625 -461609.21875 563908.5 308437.375 -512912.65625 563908.5 212455.328125 -544505.125 563908.5 108308.75 -555172.625 563908.5 -0.05217500030994415 -544505.125 563908.5 -108308.8671875 -512912.625 563908.5 -212455.40625 -461609.125 563908.5 -308437.40625 -392566.25 563908.5 -392566.40625 -308437.28125 563908.5 -461609.125 -212455.28125 563908.5 -512912.5625 -108308.703125 563908.5 -544505.0625 0.0831490010023117 563908.5 -555172.5 108308.8671875 563908.5 -544504.9375 212455.40625 563908.5 -512912.4375 308437.34375 563908.5 -461609 392566.25 563908.5 -392566.125 461609.0625 563908.5 -308437.1875 512912.5 563908.5 -212455.171875 427814.75 661549.75 -85097.546875 436196.5625 661549.75 0 427815.15625 661549.75 85097.7265625 402992.96875 661549.75 166925.203125 362684.125 661549.75 242337.796875 308437.46875 661549.75 308437.46875 242337.75 661549.75 362684.125 166925.15625 661549.75 402992.9375 85097.6875 661549.75 427815 -0.011586000211536884 661549.75 436196.40625 -85097.703125 661549.75 427815 -166925.15625 661549.75 402992.875 -242337.734375 661549.75 362684.03125 -308437.4375 661549.75 308437.375 -362684.03125 661549.75 242337.703125 -402992.875 661549.75 166925.078125 -427814.875 661549.75 85097.65625 -436196.3125 661549.75 -0.04099399968981743 -427814.875 661549.75 -85097.7265625 -402992.84375 661549.75 -166925.15625 -362683.90625 661549.75 -242337.71875 -308437.3125 661549.75 -308437.375 -242337.578125 661549.75 -362684 -166925.015625 661549.75 -402992.8125 -85097.59375 661549.75 -427814.84375 0.06532900035381317 661549.75 -436196.21875 85097.7265625 661549.75 -427814.75 166925.125 661549.75 -402992.65625 242337.671875 661549.75 -362683.8125 308437.3125 661549.75 -308437.1875 362683.875 661549.75 -242337.546875 402992.75 661549.75 -166924.96875 294683.96875 734103.8125 -58616.21484375 300457.4375 734103.8125 0 294684.21875 734103.8125 58616.33984375 277586.4375 734103.8125 114980.0859375 249821.15625 734103.8125 166925.203125 212455.453125 734103.8125 212455.453125 166925.171875 734103.8125 249821.15625 114980.0390625 734103.8125 277586.375 58616.3125 734103.8125 294684.125 -0.007980000227689743 734103.8125 300457.3125 -58616.32421875 734103.8125 294684.125 -114980.0390625 734103.8125 277586.375 -166925.15625 734103.8125 249821.109375 -212455.40625 734103.8125 212455.40625 -249821.109375 734103.8125 166925.125 -277586.3125 734103.8125 114980 -294684.09375 734103.8125 58616.28125 -300457.28125 734103.8125 -0.028237000107765198 -294684.0625 734103.8125 -58616.33984375 -277586.3125 734103.8125 -114980.0390625 -249821.078125 734103.8125 -166925.140625 -212455.328125 734103.8125 -212455.40625 -166925.0625 734103.8125 -249821.09375 -114979.9609375 734103.8125 -277586.28125 -58616.24609375 734103.8125 -294684 0.04500000178813934 734103.8125 -300457.1875 58616.33984375 734103.8125 -294684 114980.015625 734103.8125 -277586.21875 166925.09375 734103.8125 -249821 212455.328125 734103.8125 -212455.28125 249821.03125 734103.8125 -166925 277586.25 734103.8125 -114979.921875 150228.578125 778782.4375 -29882.28515625 153171.859375 778782.4375 0 150228.71875 778782.4375 29882.349609375 141512.359375 778782.4375 58616.33984375 127357.734375 778782.4375 85097.7265625 108308.84375 778782.4375 108308.84375 85097.71875 778782.4375 127357.734375 58616.31640625 778782.4375 141512.328125 29882.3359375 778782.4375 150228.65625 -0.00406799977645278 778782.4375 153171.8125 -29882.34375 778782.4375 150228.65625 -58616.31640625 778782.4375 141512.3125 -85097.703125 778782.4375 127357.71875 -108308.8203125 778782.4375 108308.8125 -127357.71875 778782.4375 85097.6875 -141512.3125 778782.4375 58616.296875 -150228.640625 778782.4375 29882.322265625 -153171.78125 778782.4375 -0.014395000413060188 -150228.640625 778782.4375 -29882.349609375 -141512.28125 778782.4375 -58616.31640625 -127357.6640625 778782.4375 -85097.6953125 -108308.7890625 778782.4375 -108308.8125 -85097.65625 778782.4375 -127357.6875 -58616.28125 778782.4375 -141512.265625 -29882.3046875 778782.4375 -150228.609375 0.022941000759601593 778782.4375 -153171.765625 29882.349609375 778782.4375 -150228.578125 58616.3125 778782.4375 -141512.234375 85097.671875 778782.4375 -127357.625 108308.7890625 778782.4375 -108308.75 127357.65625 778782.4375 -85097.625 141512.234375 778782.4375 -58616.25 0 793868.625 0</float_array>
                    <technique_common>
                        <accessor count="257" source="#pointarray7" stride="3">
                            <param name="X" type="float"/>
                            <param name="Y" type="float"/>
                            <param name="Z" type="float"/>
                        </accessor>
                    </technique_common>
                </source>
                <source id="uvs7">
                    <float_array id="uvarray7" count="514">4.51171875 -5.12890625 4.03515625 -5.22265625 4.58984375 -5.92578125 4.10546875 -5.92578125 4.51171875 -6.72265625 4.03515625 -6.62890625 4.27734375 -7.4921875 3.83203125 -7.3046875 3.90234375 -8.19921875 3.49609375 -7.9296875 3.390625 -8.8203125 3.046875 -8.4765625 2.7734375 -9.328125 2.5 -8.92578125 2.0625 -9.70703125 1.87890625 -9.2578125 1.296875 -9.94140625 1.203125 -9.46484375 0.49609375 -10.01953125 0.49609375 -9.53125 -0.296875 -9.94140625 -0.203125 -9.46484375 -1.0625 -9.70703125 -0.87890625 -9.2578125 -1.7734375 -9.328125 -1.5 -8.92578125 -2.390625 -8.8203125 -2.046875 -8.4765625 -2.90234375 -8.19921875 -2.49609375 -7.9296875 -3.27734375 -7.4921875 -2.83203125 -7.3046875 -3.51171875 -6.72265625 -3.03515625 -6.62890625 -3.58984375 -5.92578125 -3.10546875 -5.92578125 -3.51171875 -5.12890625 -3.03515625 -5.22265625 -3.27734375 -4.359375 -2.83203125 -4.546875 -2.90234375 -3.65234375 -2.49609375 -3.921875 -2.390625 -3.03125 -2.046875 -3.375 -1.7734375 -2.5234375 -1.5 -2.92578125 -1.0625 -2.14453125 -0.87890625 -2.59375 -0.296875 -1.9140625 -0.203125 -2.38671875 0.5 -1.83203125 0.5 -2.3203125 1.296875 -1.9140625 1.203125 -2.38671875 2.0625 -2.14453125 1.87890625 -2.59375 2.7734375 -2.5234375 2.5 -2.92578125 3.390625 -3.03125 3.046875 -3.375 3.90234375 -3.65234375 3.49609375 -3.921875 4.27734375 -4.359375 3.83203125 -4.546875 3.578125 -5.3125 3.63671875 -5.92578125 3.578125 -6.5390625 3.3984375 -7.12890625 3.109375 -7.671875 2.71875 -8.14453125 2.2421875 -8.53515625 1.69921875 -8.828125 1.109375 -9.00390625 0.49609375 -9.06640625 -0.109375 -9.00390625 -0.69921875 -8.828125 -1.2421875 -8.53515625 -1.71875 -8.14453125 -2.109375 -7.671875 -2.3984375 -7.12890625 -2.578125 -6.5390625 -2.63671875 -5.92578125 -2.578125 -5.3125 -2.3984375 -4.7265625 -2.109375 -4.18359375 -1.71875 -3.70703125 -1.2421875 -3.31640625 -0.69921875 -3.02734375 -0.109375 -2.84765625 0.5 -2.78515625 1.109375 -2.84765625 1.69921875 -3.02734375 2.2421875 -3.31640625 2.71875 -3.70703125 3.109375 -4.18359375 3.3984375 -4.7265625 3.12890625 -5.40234375 3.1796875 -5.92578125 3.12890625 -6.44921875 2.9765625 -6.953125 2.7265625 -7.4140625 2.39453125 -7.8203125 1.98828125 -8.15625 1.5234375 -8.40234375 1.01953125 -8.5546875 0.49609375 -8.60546875 -0.01953125 -8.5546875 -0.5234375 -8.40234375 -0.98828125 -8.15625 -1.39453125 -7.8203125 -1.7265625 -7.4140625 -1.9765625 -6.953125 -2.12890625 -6.44921875 -2.1796875 -5.92578125 -2.12890625 -5.40234375 -1.9765625 -4.8984375 -1.7265625 -4.4375 -1.39453125 -4.03125 -0.98828125 -3.6953125 -0.5234375 -3.44921875 -0.01953125 -3.296875 0.5 -3.24609375 1.01953125 -3.296875 1.5234375 -3.44921875 1.98828125 -3.6953125 2.39453125 -4.03125 2.7265625 -4.4375 2.9765625 -4.8984375 2.6640625 -5.49609375 2.70703125 -5.92578125 2.6640625 -6.35546875 2.5390625 -6.7734375 2.3359375 -7.15234375 2.05859375 -7.48828125 1.7265625 -7.76171875 1.34375 -7.96875 0.9296875 -8.09375 0.49609375 -8.13671875 0.06640625 -8.09375 -0.34375 -7.96875 -0.7265625 -7.76171875 -1.05859375 -7.48828125 -1.3359375 -7.15234375 -1.5390625 -6.7734375 -1.6640625 -6.35546875 -1.70703125 -5.92578125 -1.6640625 -5.49609375 -1.5390625 -5.08203125 -1.3359375 -4.69921875 -1.05859375 -4.36328125 -0.7265625 -4.08984375 -0.34375 -3.88671875 0.06640625 -3.7578125 0.5 -3.71484375 0.9296875 -3.7578125 1.34375 -3.88671875 1.7265625 -4.08984375 2.05859375 -4.36328125 2.3359375 -4.69921875 2.5390625 -5.08203125 2.19921875 -5.5859375 2.234375 -5.92578125 2.19921875 -6.265625 2.1015625 -6.58984375 1.94140625 -6.890625 1.7265625 -7.15234375 1.4609375 -7.37109375 1.1640625 -7.53125 0.8359375 -7.62890625 0.49609375 -7.66015625 0.16015625 -7.62890625 -0.1640625 -7.53125 -0.4609375 -7.37109375 -0.7265625 -7.15234375 -0.94140625 -6.890625 -1.1015625 -6.58984375 -1.19921875 -6.265625 -1.234375 -5.92578125 -1.19921875 -5.5859375 -1.1015625 -5.26171875 -0.94140625 -4.9609375 -0.7265625 -4.69921875 -0.4609375 -4.484375 -0.1640625 -4.32421875 0.16015625 -4.22265625 0.5 -4.19140625 0.8359375 -4.22265625 1.1640625 -4.32421875 1.4609375 -4.484375 1.7265625 -4.69921875 1.94140625 -4.9609375 2.1015625 -5.26171875 1.671875 -5.69140625 1.6953125 -5.92578125 1.671875 -6.16015625 1.6015625 -6.3828125 1.4921875 -6.58984375 1.34375 -6.7734375 1.1640625 -6.921875 0.95703125 -7.03125 0.73046875 -7.09765625 0.49609375 -7.12109375 0.265625 -7.09765625 0.0390625 -7.03125 -0.1640625 -6.921875 -0.34375 -6.7734375 -0.4921875 -6.58984375 -0.6015625 -6.3828125 -0.671875 -6.16015625 -0.6953125 -5.92578125 -0.671875 -5.69140625 -0.6015625 -5.46875 -0.4921875 -5.26171875 -0.34375 -5.08203125 -0.1640625 -4.93359375 0.0390625 -4.8203125 0.265625 -4.75390625 0.5 -4.73046875 0.73046875 -4.75390625 0.95703125 -4.8203125 1.1640625 -4.93359375 1.34375 -5.08203125 1.4921875 -5.26171875 1.6015625 -5.46875 1.09765625 -5.80859375 1.109375 -5.92578125 1.09765625 -6.046875 1.0625 -6.16015625 1.00390625 -6.265625 0.9296875 -6.35546875 0.8359375 -6.43359375 0.73046875 -6.48828125 0.6171875 -6.5234375 0.49609375 -6.53515625 0.37890625 -6.5234375 0.265625 -6.48828125 0.16015625 -6.43359375 0.06640625 -6.35546875 -0.00390625 -6.265625 -0.0625 -6.16015625 -0.09765625 -6.046875 -0.109375 -5.92578125 -0.09765625 -5.80859375 -0.0625 -5.69140625 -0.00390625 -5.5859375 0.06640625 -5.49609375 0.16015625 -5.41796875 0.265625 -5.36328125 0.37890625 -5.328125 0.49609375 -5.31640625 0.6171875 -5.328125 0.73046875 -5.36328125 0.8359375 -5.41796875 0.9296875 -5.49609375 1.00390625 -5.5859375 1.0625 -5.69140625 0.49609375 -5.92578125</float_array>
                    <technique_common>
                        <accessor count="1" source="#uvarray7" stride="2">
                            <param name="S" type="float"/>
                            <param name="T" type="float"/>
                        </accessor>
                    </technique_common>
                </source>
                <vertices id="vertices7">
                    <input semantic="POSITION" source="#points7"/>
                </vertices>
                <polylist count="480" material="Material1">
                    <input offset="0" semantic="VERTEX" source="#vertices7"/>
                    <input offset="1" semantic="TEXCOORD" source="#uvs7" set="0"/>
                    <vcount>3 3 3 3 3 3 3 3 3 3 3 3 3 3 3 3 3 3 3 3 3 3 3 3 3 3 3 3 3 3 3 3 3 3 3 3 3 3 3 3 3 3 3 3 3 3 3 3 3 3 3 3 3 3 3 3 3 3 3 3 3 3 3 3 3 3 3 3 3 3 3 3 3 3 3 3 3 3 3 3 3 3 3 3 3 3 3 3 3 3 3 3 3 3 3 3 3 3 3 3 3 3 3 3 3 3 3 3 3 3 3 3 3 3 3 3 3 3 3 3 3 3 3 3 3 3 3 3 3 3 3 3 3 3 3 3 3 3 3 3 3 3 3 3 3 3 3 3 3 3 3 3 3 3 3 3 3 3 3 3 3 3 3 3 3 3 3 3 3 3 3 3 3 3 3 3 3 3 3 3 3 3 3 3 3 3 3 3 3 3 3 3 3 3 3 3 3 3 3 3 3 3 3 3 3 3 3 3 3 3 3 3 3 3 3 3 3 3 3 3 3 3 3 3 3 3 3 3 3 3 3 3 3 3 3 3 3 3 3 3 3 3 3 3 3 3 3 3 3 3 3 3 3 3 3 3 3 3 3 3 3 3 3 3 3 3 3 3 3 3 3 3 3 3 3 3 3 3 3 3 3 3 3 3 3 3 3 3 3 3 3 3 3 3 3 3 3 3 3 3 3 3 3 3 3 3 3 3 3 3 3 3 3 3 3 3 3 3 3 3 3 3 3 3 3 3 3 3 3 3 3 3 3 3 3 3 3 3 3 3 3 3 3 3 3 3 3 3 3 3 3 3 3 3 3 3 3 3 3 3 3 3 3 3 3 3 3 3 3 3 3 3 3 3 3 3 3 3 3 3 3 3 3 3 3 3 3 3 3 3 3 3 3 3 3 3 3 3 3 3 3 3 3 3 3 3 3 3 3 3 3 3 3 3 3 3 3 3 3 3 3 3 3 3 3 3 3 3 3 3 3 3 3 3 3 3 3 3 3 3 3 3 3 3 3 3 3 3 3 3 3 3 3 3 3 3 3 3 3 3 3 3 3 3 3 3 3 3 3 3 3 3 3 3 3 3 3 3 3 3</vcount>
                    <p>2 2 1 1 0 0 3 3 1 1 2 2 4 4 3 3 2 2 5 5 3 3 4 4 6 6 5 5 4 4 7 7 5 5 6 6 8 8 7 7 6 6 9 9 7 7 8 8 10 10 9 9 8 8 11 11 9 9 10 10 12 12 11 11 10 10 13 13 11 11 12 12 14 14 13 13 12 12 15 15 13 13 14 14 16 16 15 15 14 14 17 17 15 15 16 16 18 18 17 17 16 16 19 19 17 17 18 18 20 20 19 19 18 18 21 21 19 19 20 20 22 22 21 21 20 20 23 23 21 21 22 22 24 24 23 23 22 22 25 25 23 23 24 24 26 26 25 25 24 24 27 27 25 25 26 26 28 28 27 27 26 26 29 29 27 27 28 28 30 30 29 29 28 28 31 31 29 29 30 30 32 32 31 31 30 30 33 33 31 31 32 32 34 34 33 33 32 32 35 35 33 33 34 34 36 36 35 35 34 34 37 37 35 35 36 36 38 38 37 37 36 36 39 39 37 37 38 38 40 40 39 39 38 38 41 41 39 39 40 40 42 42 41 41 40 40 43 43 41 41 42 42 44 44 43 43 42 42 45 45 43 43 44 44 46 46 45 45 44 44 47 47 45 45 46 46 48 48 47 47 46 46 49 49 47 47 48 48 50 50 49 49 48 48 51 51 49 49 50 50 52 52 51 51 50 50 53 53 51 51 52 52 54 54 53 53 52 52 55 55 53 53 54 54 56 56 55 55 54 54 57 57 55 55 56 56 58 58 57 57 56 56 59 59 57 57 58 58 60 60 59 59 58 58 61 61 59 59 60 60 62 62 61 61 60 60 63 63 61 61 62 62 0 0 63 63 62 62 1 1 63 63 0 0 3 3 64 64 1 1 65 65 64 64 3 3 5 5 65 65 3 3 66 66 65 65 5 5 7 7 66 66 5 5 67 67 66 66 7 7 9 9 67 67 7 7 68 68 67 67 9 9 11 11 68 68 9 9 69 69 68 68 11 11 13 13 69 69 11 11 70 70 69 69 13 13 15 15 70 70 13 13 71 71 70 70 15 15 17 17 71 71 15 15 72 72 71 71 17 17 19 19 72 72 17 17 73 73 72 72 19 19 21 21 73 73 19 19 74 74 73 73 21 21 23 23 74 74 21 21 75 75 74 74 23 23 25 25 75 75 23 23 76 76 75 75 25 25 27 27 76 76 25 25 77 77 76 76 27 27 29 29 77 77 27 27 78 78 77 77 29 29 31 31 78 78 29 29 79 79 78 78 31 31 33 33 79 79 31 31 80 80 79 79 33 33 35 35 80 80 33 33 81 81 80 80 35 35 37 37 81 81 35 35 82 82 81 81 37 37 39 39 82 82 37 37 83 83 82 82 39 39 41 41 83 83 39 39 84 84 83 83 41 41 43 43 84 84 41 41 85 85 84 84 43 43 45 45 85 85 43 43 86 86 85 85 45 45 47 47 86 86 45 45 87 87 86 86 47 47 49 49 87 87 47 47 88 88 87 87 49 49 51 51 88 88 49 49 89 89 88 88 51 51 53 53 89 89 51 51 90 90 89 89 53 53 55 55 90 90 53 53 91 91 90 90 55 55 57 57 91 91 55 55 92 92 91 91 57 57 59 59 92 92 57 57 93 93 92 92 59 59 61 61 93 93 59 59 94 94 93 93 61 61 63 63 94 94 61 61 95 95 94 94 63 63 1 1 95 95 63 63 64 64 95 95 1 1 65 65 96 96 64 64 97 97 96 96 65 65 66 66 97 97 65 65 98 98 97 97 66 66 67 67 98 98 66 66 99 99 98 98 67 67 68 68 99 99 67 67 100 100 99 99 68 68 69 69 100 100 68 68 101 101 100 100 69 69 70 70 101 101 69 69 102 102 101 101 70 70 71 71 102 102 70 70 103 103 102 102 71 71 72 72 103 103 71 71 104 104 103 103 72 72 73 73 104 104 72 72 105 105 104 104 73 73 74 74 105 105 73 73 106 106 105 105 74 74 75 75 106 106 74 74 107 107 106 106 75 75 76 76 107 107 75 75 108 108 107 107 76 76 77 77 108 108 76 76 109 109 108 108 77 77 78 78 109 109 77 77 110 110 109 109 78 78 79 79 110 110 78 78 111 111 110 110 79 79 80 80 111 111 79 79 112 112 111 111 80 80 81 81 112 112 80 80 113 113 112 112 81 81 82 82 113 113 81 81 114 114 113 113 82 82 83 83 114 114 82 82 115 115 114 114 83 83 84 84 115 115 83 83 116 116 115 115 84 84 85 85 116 116 84 84 117 117 116 116 85 85 86 86 117 117 85 85 118 118 117 117 86 86 87 87 118 118 86 86 119 119 118 118 87 87 88 88 119 119 87 87 120 120 119 119 88 88 89 89 120 120 88 88 121 121 120 120 89 89 90 90 121 121 89 89 122 122 121 121 90 90 91 91 122 122 90 90 123 123 122 122 91 91 92 92 123 123 91 91 124 124 123 123 92 92 93 93 124 124 92 92 125 125 124 124 93 93 94 94 125 125 93 93 126 126 125 125 94 94 95 95 126 126 94 94 127 127 126 126 95 95 64 64 127 127 95 95 96 96 127 127 64 64 97 97 128 128 96 96 129 129 128 128 97 97 98 98 129 129 97 97 130 130 129 129 98 98 99 99 130 130 98 98 131 131 130 130 99 99 100 100 131 131 99 99 132 132 131 131 100 100 101 101 132 132 100 100 133 133 132 132 101 101 102 102 133 133 101 101 134 134 133 133 102 102 103 103 134 134 102 102 135 135 134 134 103 103 104 104 135 135 103 103 136 136 135 135 104 104 105 105 136 136 104 104 137 137 136 136 105 105 106 106 137 137 105 105 138 138 137 137 106 106 107 107 138 138 106 106 139 139 138 138 107 107 108 108 139 139 107 107 140 140 139 139 108 108 109 109 140 140 108 108 141 141 140 140 109 109 110 110 141 141 109 109 142 142 141 141 110 110 111 111 142 142 110 110 143 143 142 142 111 111 112 112 143 143 111 111 144 144 143 143 112 112 113 113 144 144 112 112 145 145 144 144 113 113 114 114 145 145 113 113 146 146 145 145 114 114 115 115 146 146 114 114 147 147 146 146 115 115 116 116 147 147 115 115 148 148 147 147 116 116 117 117 148 148 116 116 149 149 148 148 117 117 118 118 149 149 117 117 150 150 149 149 118 118 119 119 150 150 118 118 151 151 150 150 119 119 120 120 151 151 119 119 152 152 151 151 120 120 121 121 152 152 120 120 153 153 152 152 121 121 122 122 153 153 121 121 154 154 153 153 122 122 123 123 154 154 122 122 155 155 154 154 123 123 124 124 155 155 123 123 156 156 155 155 124 124 125 125 156 156 124 124 157 157 156 156 125 125 126 126 157 157 125 125 158 158 157 157 126 126 127 127 158 158 126 126 159 159 158 158 127 127 96 96 159 159 127 127 128 128 159 159 96 96 129 129 160 160 128 128 161 161 160 160 129 129 130 130 161 161 129 129 162 162 161 161 130 130 131 131 162 162 130 130 163 163 162 162 131 131 132 132 163 163 131 131 164 164 163 163 132 132 133 133 164 164 132 132 165 165 164 164 133 133 134 134 165 165 133 133 166 166 165 165 134 134 135 135 166 166 134 134 167 167 166 166 135 135 136 136 167 167 135 135 168 168 167 167 136 136 137 137 168 168 136 136 169 169 168 168 137 137 138 138 169 169 137 137 170 170 169 169 138 138 139 139 170 170 138 138 171 171 170 170 139 139 140 140 171 171 139 139 172 172 171 171 140 140 141 141 172 172 140 140 173 173 172 172 141 141 142 142 173 173 141 141 174 174 173 173 142 142 143 143 174 174 142 142 175 175 174 174 143 143 144 144 175 175 143 143 176 176 175 175 144 144 145 145 176 176 144 144 177 177 176 176 145 145 146 146 177 177 145 145 178 178 177 177 146 146 147 147 178 178 146 146 179 179 178 178 147 147 148 148 179 179 147 147 180 180 179 179 148 148 149 149 180 180 148 148 181 181 180 180 149 149 150 150 181 181 149 149 182 182 181 181 150 150 151 151 182 182 150 150 183 183 182 182 151 151 152 152 183 183 151 151 184 184 183 183 152 152 153 153 184 184 152 152 185 185 184 184 153 153 154 154 185 185 153 153 186 186 185 185 154 154 155 155 186 186 154 154 187 187 186 186 155 155 156 156 187 187 155 155 188 188 187 187 156 156 157 157 188 188 156 156 189 189 188 188 157 157 158 158 189 189 157 157 190 190 189 189 158 158 159 159 190 190 158 158 191 191 190 190 159 159 128 128 191 191 159 159 160 160 191 191 128 128 161 161 192 192 160 160 193 193 192 192 161 161 162 162 193 193 161 161 194 194 193 193 162 162 163 163 194 194 162 162 195 195 194 194 163 163 164 164 195 195 163 163 196 196 195 195 164 164 165 165 196 196 164 164 197 197 196 196 165 165 166 166 197 197 165 165 198 198 197 197 166 166 167 167 198 198 166 166 199 199 198 198 167 167 168 168 199 199 167 167 200 200 199 199 168 168 169 169 200 200 168 168 201 201 200 200 169 169 170 170 201 201 169 169 202 202 201 201 170 170 171 171 202 202 170 170 203 203 202 202 171 171 172 172 203 203 171 171 204 204 203 203 172 172 173 173 204 204 172 172 205 205 204 204 173 173 174 174 205 205 173 173 206 206 205 205 174 174 175 175 206 206 174 174 207 207 206 206 175 175 176 176 207 207 175 175 208 208 207 207 176 176 177 177 208 208 176 176 209 209 208 208 177 177 178 178 209 209 177 177 210 210 209 209 178 178 179 179 210 210 178 178 211 211 210 210 179 179 180 180 211 211 179 179 212 212 211 211 180 180 181 181 212 212 180 180 213 213 212 212 181 181 182 182 213 213 181 181 214 214 213 213 182 182 183 183 214 214 182 182 215 215 214 214 183 183 184 184 215 215 183 183 216 216 215 215 184 184 185 185 216 216 184 184 217 217 216 216 185 185 186 186 217 217 185 185 218 218 217 217 186 186 187 187 218 218 186 186 219 219 218 218 187 187 188 188 219 219 187 187 220 220 219 219 188 188 189 189 220 220 188 188 221 221 220 220 189 189 190 190 221 221 189 189 222 222 221 221 190 190 191 191 222 222 190 190 223 223 222 222 191 191 160 160 223 223 191 191 192 192 223 223 160 160 193 193 224 224 192 192 225 225 224 224 193 193 194 194 225 225 193 193 226 226 225 225 194 194 195 195 226 226 194 194 227 227 226 226 195 195 196 196 227 227 195 195 228 228 227 227 196 196 197 197 228 228 196 196 229 229 228 228 197 197 198 198 229 229 197 197 230 230 229 229 198 198 199 199 230 230 198 198 231 231 230 230 199 199 200 200 231 231 199 199 232 232 231 231 200 200 201 201 232 232 200 200 233 233 232 232 201 201 202 202 233 233 201 201 234 234 233 233 202 202 203 203 234 234 202 202 235 235 234 234 203 203 204 204 235 235 203 203 236 236 235 235 204 204 205 205 236 236 204 204 237 237 236 236 205 205 206 206 237 237 205 205 238 238 237 237 206 206 207 207 238 238 206 206 239 239 238 238 207 207 208 208 239 239 207 207 240 240 239 239 208 208 209 209 240 240 208 208 241 241 240 240 209 209 210 210 241 241 209 209 242 242 241 241 210 210 211 211 242 242 210 210 243 243 242 242 211 211 212 212 243 243 211 211 244 244 243 243 212 212 213 213 244 244 212 212 245 245 244 244 213 213 214 214 245 245 213 213 246 246 245 245 214 214 215 215 246 246 214 214 247 247 246 246 215 215 216 216 247 247 215 215 248 248 247 247 216 216 217 217 248 248 216 216 249 249 248 248 217 217 218 218 249 249 217 217 250 250 249 249 218 218 219 219 250 250 218 218 251 251 250 250 219 219 220 220 251 251 219 219 252 252 251 251 220 220 221 221 252 252 220 220 253 253 252 252 221 221 222 222 253 253 221 221 254 254 253 253 222 222 223 223 254 254 222 222 255 255 254 254 223 223 192 192 255 255 223 223 224 224 255 255 192 192 256 256 224 224 225 225 255 255 224 224 256 256 254 254 255 255 256 256 226 226 256 256 225 225 227 227 256 256 226 226 228 228 256 256 227 227 229 229 256 256 228 228 230 230 256 256 229 229 231 231 256 256 230 230 232 232 256 256 231 231 233 233 256 256 232 232 234 234 256 256 233 233 235 235 256 256 234 234 236 236 256 256 235 235 237 237 256 256 236 236 238 238 256 256 237 237 239 239 256 256 238 238 240 240 256 256 239 239 241 241 256 256 240 240 242 242 256 256 241 241 243 243 256 256 242 242 244 244 256 256 243 243 245 245 256 256 244 244 246 246 256 256 245 245 247 247 256 256 246 246 248 248 256 256 247 247 249 249 256 256 248 248 250 250 256 256 249 249 251 251 256 256 250 250 252 252 256 256 251 251 253 253 256 256 252 252 254 254 256 256 253 253</p>
                </polylist>
            </mesh>
        </geometry>
        <geometry id="mesh7_VC">
            <mesh>
                <source id="points7_VC">
                    <float_array id="pointarray7_VC" count="771">769928.4375 65341.125 -153148.125 755250 161907.390625 -150228.40625 785012.8125 65341.125 0.000024000000848900527 770046.9375 161907.390625 0 769929.125 65341.125 153148.4375 755250.6875 161907.390625 150228.71875 725257.1875 65341.125 300411.4375 711430.5 161907.390625 294684.21875 652714.25 65341.125 436129.71875 640270.5 161907.390625 427815.15625 555087.75 65341.125 555087.875 544505.25 161907.390625 544505.375 436129.65625 65341.125 652714.25 427815.0625 161907.390625 640270.5 300411.34375 65341.125 725257.125 294684.125 161907.390625 711430.375 153148.359375 65341.125 769928.875 150228.640625 161907.390625 755250.375 -0.020820999518036842 65341.125 785012.5625 -0.02045300044119358 161907.390625 770046.75 -153148.40625 65341.125 769928.875 -150228.6875 161907.390625 755250.375 -300411.375 65341.125 725256.9375 -294684.125 161907.390625 711430.375 -436129.625 65341.125 652714.1875 -427815 161907.390625 640270.375 -555087.75 65341.125 555087.6875 -544505.1875 161907.390625 544505.125 -652714.1875 65341.125 436129.625 -640270.375 161907.390625 427814.875 -725256.9375 65341.125 300411.21875 -711430.25 161907.390625 294684 -769928.75 65341.125 153148.28125 -755250.3125 161907.390625 150228.5625 -785012.4375 65341.125 -0.07375200092792511 -770046.5625 161907.390625 -0.07236900180578232 -769928.75 65341.125 -153148.421875 -755250.3125 161907.390625 -150228.71875 -725256.875 65341.125 -300411.375 -711430.125 161907.390625 -294684.125 -652714.0625 65341.125 -436129.625 -640270.1875 161907.390625 -427814.96875 -555087.5625 65341.125 -555087.6875 -544505.0625 161907.390625 -544505.125 -436129.40625 65341.125 -652714.0625 -427814.75 161907.390625 -640270.25 -300411.125 65341.125 -725256.875 -294683.875 161907.390625 -711430.125 -153148.203125 65341.125 -769928.5 -150228.484375 161907.390625 -755250.125 0.11760199815034866 65341.125 -785012.25 0.1153310015797615 161907.390625 -770046.25 153148.421875 65341.125 -769928.4375 150228.71875 161907.390625 -755250.0625 300411.3125 65341.125 -725256.5625 294684.09375 161907.390625 -711430 436129.5625 65341.125 -652713.8125 427814.875 161907.390625 -640269.9375 555087.5625 65341.125 -555087.375 544505.0625 161907.390625 -544504.875 652713.9375 65341.125 -436129.3125 640270.0625 161907.390625 -427814.6875 725256.625 65341.125 -300411 711430 161907.390625 -294683.78125 711429.9375 309192.9375 -141512.046875 725368.25 309192.9375 0 711430.5 309192.9375 141512.359375 670152.875 309192.9375 277586.4375 603121.625 309192.9375 402992.96875 512912.78125 309192.9375 512912.8125 402992.9375 309192.9375 603121.625 277586.375 309192.9375 670152.8125 141512.28125 309192.9375 711430.375 -0.019267000257968903 309192.9375 725368.0625 -141512.3125 309192.9375 711430.375 -277586.375 309192.9375 670152.625 -402992.875 309192.9375 603121.5 -512912.65625 309192.9375 512912.625 -603121.5 309192.9375 402992.84375 -670152.625 309192.9375 277586.25 -711430.125 309192.9375 141512.203125 -725368 309192.9375 -0.06817000359296799 -711430.125 309192.9375 -141512.359375 -670152.5625 309192.9375 -277586.375 -603121.375 309192.9375 -402992.875 -512912.5 309192.9375 -512912.625 -402992.65625 309192.9375 -603121.375 -277586.125 309192.9375 -670152.5625 -141512.125 309192.9375 -711430.0625 0.10863900184631348 309192.9375 -725367.75 141512.359375 309192.9375 -711430 277586.3125 309192.9375 -670152.375 402992.8125 309192.9375 -603121.125 512912.5 309192.9375 -512912.3125 603121.3125 309192.9375 -402992.5625 670152.375 309192.9375 -277586.03125 640270.0625 444932.0625 -127357.484375 652814.25 444932.0625 0 640270.625 444932.0625 127357.75 603121.6875 444932.0625 249821.21875 542795.125 444932.0625 362684.125 461609.3125 444932.0625 461609.375 362684.125 444932.0625 542795.125 249821.15625 444932.0625 603121.625 127357.71875 444932.0625 640270.5 -0.01733900047838688 444932.0625 652814.0625 -127357.734375 444932.0625 640270.4375 -249821.15625 444932.0625 603121.5 -362684.09375 444932.0625 542795 -461609.21875 444932.0625 461609.1875 -542795 444932.0625 362684.03125 -603121.5 444932.0625 249821.0625 -640270.375 444932.0625 127357.640625 -652813.9375 444932.0625 -0.06135199964046478 -640270.375 444932.0625 -127357.75 -603121.375 444932.0625 -249821.15625 -542794.9375 444932.0625 -362684.03125 -461609.09375 444932.0625 -461609.1875 -362683.875 444932.0625 -542794.9375 -249820.953125 444932.0625 -603121.375 -127357.5703125 444932.0625 -640270.1875 0.09777200222015381 444932.0625 -652813.75 127357.75 444932.0625 -640270.0625 249821.109375 444932.0625 -603121.1875 362684 444932.0625 -542794.75 461609.09375 444932.0625 -461608.90625 542794.875 444932.0625 -362683.75 603121.3125 444932.0625 -249820.859375 544504.9375 563908.5 -108308.6328125 555172.9375 563908.5 0 544505.375 563908.5 108308.8671875 512912.8125 563908.5 212455.46875 461609.3125 563908.5 308437.46875 392566.4375 563908.5 392566.5 308437.46875 563908.5 461609.3125 212455.40625 563908.5 512912.78125 108308.8125 563908.5 544505.25 -0.014746000058948994 563908.5 555172.75 -108308.84375 563908.5 544505.1875 -212455.40625 563908.5 512912.6875 -308437.4375 563908.5 461609.21875 -392566.40625 563908.5 392566.40625 -461609.21875 563908.5 308437.375 -512912.65625 563908.5 212455.328125 -544505.125 563908.5 108308.75 -555172.625 563908.5 -0.05217500030994415 -544505.125 563908.5 -108308.8671875 -512912.625 563908.5 -212455.40625 -461609.125 563908.5 -308437.40625 -392566.25 563908.5 -392566.40625 -308437.28125 563908.5 -461609.125 -212455.28125 563908.5 -512912.5625 -108308.703125 563908.5 -544505.0625 0.0831490010023117 563908.5 -555172.5 108308.8671875 563908.5 -544504.9375 212455.40625 563908.5 -512912.4375 308437.34375 563908.5 -461609 392566.25 563908.5 -392566.125 461609.0625 563908.5 -308437.1875 512912.5 563908.5 -212455.171875 427814.75 661549.75 -85097.546875 436196.5625 661549.75 0 427815.15625 661549.75 85097.7265625 402992.96875 661549.75 166925.203125 362684.125 661549.75 242337.796875 308437.46875 661549.75 308437.46875 242337.75 661549.75 362684.125 166925.15625 661549.75 402992.9375 85097.6875 661549.75 427815 -0.011586000211536884 661549.75 436196.40625 -85097.703125 661549.75 427815 -166925.15625 661549.75 402992.875 -242337.734375 661549.75 362684.03125 -308437.4375 661549.75 308437.375 -362684.03125 661549.75 242337.703125 -402992.875 661549.75 166925.078125 -427814.875 661549.75 85097.65625 -436196.3125 661549.75 -0.04099399968981743 -427814.875 661549.75 -85097.7265625 -402992.84375 661549.75 -166925.15625 -362683.90625 661549.75 -242337.71875 -308437.3125 661549.75 -308437.375 -242337.578125 661549.75 -362684 -166925.015625 661549.75 -402992.8125 -85097.59375 661549.75 -427814.84375 0.06532900035381317 661549.75 -436196.21875 85097.7265625 661549.75 -427814.75 166925.125 661549.75 -402992.65625 242337.671875 661549.75 -362683.8125 308437.3125 661549.75 -308437.1875 362683.875 661549.75 -242337.546875 402992.75 661549.75 -166924.96875 294683.96875 734103.8125 -58616.21484375 300457.4375 734103.8125 0 294684.21875 734103.8125 58616.33984375 277586.4375 734103.8125 114980.0859375 249821.15625 734103.8125 166925.203125 212455.453125 734103.8125 212455.453125 166925.171875 734103.8125 249821.15625 114980.0390625 734103.8125 277586.375 58616.3125 734103.8125 294684.125 -0.007980000227689743 734103.8125 300457.3125 -58616.32421875 734103.8125 294684.125 -114980.0390625 734103.8125 277586.375 -166925.15625 734103.8125 249821.109375 -212455.40625 734103.8125 212455.40625 -249821.109375 734103.8125 166925.125 -277586.3125 734103.8125 114980 -294684.09375 734103.8125 58616.28125 -300457.28125 734103.8125 -0.028237000107765198 -294684.0625 734103.8125 -58616.33984375 -277586.3125 734103.8125 -114980.0390625 -249821.078125 734103.8125 -166925.140625 -212455.328125 734103.8125 -212455.40625 -166925.0625 734103.8125 -249821.09375 -114979.9609375 734103.8125 -277586.28125 -58616.24609375 734103.8125 -294684 0.04500000178813934 734103.8125 -300457.1875 58616.33984375 734103.8125 -294684 114980.015625 734103.8125 -277586.21875 166925.09375 734103.8125 -249821 212455.328125 734103.8125 -212455.28125 249821.03125 734103.8125 -166925 277586.25 734103.8125 -114979.921875 150228.578125 778782.4375 -29882.28515625 153171.859375 778782.4375 0 150228.71875 778782.4375 29882.349609375 141512.359375 778782.4375 58616.33984375 127357.734375 778782.4375 85097.7265625 108308.84375 778782.4375 108308.84375 85097.71875 778782.4375 127357.734375 58616.31640625 778782.4375 141512.328125 29882.3359375 778782.4375 150228.65625 -0.00406799977645278 778782.4375 153171.8125 -29882.34375 778782.4375 150228.65625 -58616.31640625 778782.4375 141512.3125 -85097.703125 778782.4375 127357.71875 -108308.8203125 778782.4375 108308.8125 -127357.71875 778782.4375 85097.6875 -141512.3125 778782.4375 58616.296875 -150228.640625 778782.4375 29882.322265625 -153171.78125 778782.4375 -0.014395000413060188 -150228.640625 778782.4375 -29882.349609375 -141512.28125 778782.4375 -58616.31640625 -127357.6640625 778782.4375 -85097.6953125 -108308.7890625 778782.4375 -108308.8125 -85097.65625 778782.4375 -127357.6875 -58616.28125 778782.4375 -141512.265625 -29882.3046875 778782.4375 -150228.609375 0.022941000759601593 778782.4375 -153171.765625 29882.349609375 778782.4375 -150228.578125 58616.3125 778782.4375 -141512.234375 85097.671875 778782.4375 -127357.625 108308.7890625 778782.4375 -108308.75 127357.65625 778782.4375 -85097.625 141512.234375 778782.4375 -58616.25 0 793868.625 0</float_array>
                    <technique_common>
                        <accessor count="257" source="#pointarray7_VC" stride="3">
                            <param name="X" type="float"/>
                            <param name="Y" type="float"/>
                            <param name="Z" type="float"/>
                        </accessor>
                    </technique_common>
                </source>
                <source id="uvs7_VC">
                    <float_array id="uvarray7_VC" count="1954">0.437744140625 0.16640624999999998 0.468505859375 0.13359374999999996 0.437744140625 0.13359374999999996 0.468994140625 0.13359374999999996 0.499755859375 0.13359374999999996 0.468994140625 0.16640624999999998 0.531005859375 0.16692708333333328 0.500244140625 0.1997395833333333 0.500244140625 0.16692708333333328 0.531494140625 0.16692708333333328 0.531494140625 0.1997395833333333 0.562255859375 0.16692708333333328 0.531005859375 0.13359374999999996 0.500244140625 0.13359374999999996 0.500244140625 0.16640624999999998 0.718994140625 0.4002604166666667 0.749755859375 0.4002604166666667 0.718994140625 0.46640625 0.781005859375 0.4002604166666667 0.750244140625 0.4002604166666667 0.750244140625 0.46640625 0.781494140625 0.4002604166666667 0.812255859375 0.4002604166666667 0.781494140625 0.46640625 0.874755859375 0.4002604166666667 0.812744140625 0.4002604166666667 0.812744140625 0.46640625 0.906005859375 0.4002604166666667 0.875244140625 0.4002604166666667 0.875244140625 0.46640625 0.531494140625 0.13359374999999996 0.562255859375 0.13359374999999996 0.531494140625 0.16640624999999998 0.562744140625 0.16692708333333328 0.593505859375 0.16692708333333328 0.562744140625 0.1997395833333333 0.624755859375 0.16692708333333328 0.593994140625 0.16692708333333328 0.593994140625 0.1997395833333333 0.593505859375 0.13359374999999996 0.562744140625 0.16640624999999998 0.562744140625 0.13359374999999996 0.093505859375 0.00026041666666665186 0.086181640625 0.016406249999999956 0.086181640625 0.00026041666666665186 0.624755859375 0.13359374999999996 0.593994140625 0.13359374999999996 0.593994140625 0.16640624999999998 0.656005859375 0.16692708333333328 0.625244140625 0.16692708333333328 0.625244140625 0.1997395833333333 0.687255859375 0.16692708333333328 0.656494140625 0.1997395833333333 0.656494140625 0.16692708333333328 0.906494140625 0.46640625 0.937255859375 0.4002604166666667 0.906494140625 0.4002604166666667 0.937744140625 0.4002604166666667 0.937744140625 0.46640625 0.999755859375 0.4002604166666667 0.031005859375 0.33359375 0.000244140625 0.33359375 0.000244140625 0.39973958333333337 0.031494140625 0.33359375 0.031494140625 0.39973958333333337 0.062255859375 0.33359375 0.093505859375 0.33359375 0.062744140625 0.39973958333333337 0.062744140625 0.33359375 0.406005859375 0.13359374999999996 0.390869140625 0.16640624999999998 0.390869140625 0.13359374999999996 0.625244140625 0.16640624999999998 0.656005859375 0.13359374999999996 0.625244140625 0.13359374999999996 0.656494140625 0.16640624999999998 0.656494140625 0.13359374999999996 0.687255859375 0.13359374999999996 0.687744140625 0.16692708333333328 0.718505859375 0.16692708333333328 0.687744140625 0.1997395833333333 0.718994140625 0.16692708333333328 0.749755859375 0.16692708333333328 0.718994140625 0.1997395833333333 0.093994140625 0.33359375 0.124755859375 0.33359375 0.093994140625 0.39973958333333337 0.125244140625 0.33359375 0.187255859375 0.33359375 0.125244140625 0.39973958333333337 0.218505859375 0.33359375 0.187744140625 0.33359375 0.187744140625 0.39973958333333337 0.218994140625 0.33359375 0.249755859375 0.33359375 0.218994140625 0.39973958333333337 0.281005859375 0.33359375 0.250244140625 0.33359375 0.250244140625 0.39973958333333337 0.281494140625 0.33359375 0.312255859375 0.33359375 0.281494140625 0.39973958333333337 0.343505859375 0.33359375 0.312744140625 0.33359375 0.312744140625 0.39973958333333337 0.718505859375 0.13359374999999996 0.687744140625 0.16640624999999998 0.687744140625 0.13359374999999996 0.718994140625 0.13359374999999996 0.749755859375 0.13359374999999996 0.718994140625 0.16640624999999998 0.461181640625 0.008072916666666652 0.461181640625 0.00026041666666665186 0.468505859375 0.00026041666666665186 0.093994140625 0.00026041666666665186 0.101318359375 0.00026041666666665186 0.093994140625 0.016406249999999956 0.750244140625 0.1997395833333333 0.765380859375 0.16692708333333328 0.750244140625 0.16692708333333328 0.109619140625 0.00026041666666665186 0.109619140625 0.016406249999999956 0.124755859375 0.00026041666666665186 0.125244140625 0.06640625 0.125244140625 0.050260416666666696 0.140380859375 0.050260416666666696 0.101806640625 0.00026041666666665186 0.101806640625 0.016406249999999956 0.109130859375 0.00026041666666665186 0.765869140625 0.1997395833333333 0.765869140625 0.16692708333333328 0.781005859375 0.16692708333333328 0.148193359375 0.050260416666666696 0.140869140625 0.050260416666666696 0.140869140625 0.06640625 0.476318359375 0.00026041666666665186 0.468994140625 0.00026041666666665186 0.468994140625 0.008072916666666652 0.480224609375 0.00026041666666665186 0.476806640625 0.00026041666666665186 0.476806640625 0.008072916666666652 0.156494140625 0.06640625 0.156494140625 0.050260416666666696 0.171630859375 0.050260416666666696 0.187255859375 0.050260416666666696 0.172119140625 0.06640625 0.172119140625 0.050260416666666696 0.125244140625 0.03359374999999998 0.140380859375 0.03359374999999998 0.125244140625 0.04973958333333328 0.781494140625 0.16692708333333328 0.796630859375 0.16692708333333328 0.781494140625 0.1997395833333333 0.797119140625 0.1997395833333333 0.797119140625 0.16692708333333328 0.812255859375 0.16692708333333328 0.156005859375 0.050260416666666696 0.148681640625 0.050260416666666696 0.148681640625 0.06640625 0.750244140625 0.16640624999999998 0.765380859375 0.13359374999999996 0.750244140625 0.13359374999999996 0.343994140625 0.39973958333333337 0.343994140625 0.33359375 0.374755859375 0.33359375 0.375244140625 0.33359375 0.375244140625 0.39973958333333337 0.437255859375 0.33359375 0.484619140625 0.008072916666666652 0.484619140625 0.00026041666666665186 0.491943359375 0.00026041666666665186 0.140869140625 0.03359374999999998 0.148193359375 0.03359374999999998 0.140869140625 0.04973958333333328 0.765869140625 0.16640624999999998 0.781005859375 0.13359374999999996 0.765869140625 0.13359374999999996 0.437744140625 0.39973958333333337 0.437744140625 0.33359375 0.468505859375 0.33359375 0.562255859375 0.33359375 0.500244140625 0.33359375 0.500244140625 0.39973958333333337 0.562744140625 0.33359375 0.562744140625 0.39973958333333337 0.624755859375 0.33359375 0.687255859375 0.33359375 0.625244140625 0.33359375 0.625244140625 0.39973958333333337 0.499755859375 0.33359375 0.468994140625 0.33359375 0.468994140625 0.39973958333333337 0.484130859375 0.00026041666666665186 0.480712890625 0.00026041666666665186 0.480712890625 0.008072916666666652 0.550537109375 0.03359374999999998 0.547119140625 0.037239583333333326 0.547119140625 0.03359374999999998 0.781494140625 0.16640624999999998 0.781494140625 0.13359374999999996 0.812255859375 0.13359374999999996 0.812744140625 0.16692708333333328 0.812744140625 0.1997395833333333 0.843505859375 0.16692708333333328 0.859130859375 0.16692708333333328 0.843994140625 0.16692708333333328 0.843994140625 0.1997395833333333 0.687744140625 0.39973958333333337 0.687744140625 0.33359375 0.718505859375 0.33359375 0.749755859375 0.33359375 0.718994140625 0.39973958333333337 0.718994140625 0.33359375 0.156494140625 0.03359374999999998 0.156494140625 0.04973958333333328 0.171630859375 0.03359374999999998 0.187255859375 0.03359374999999998 0.172119140625 0.04973958333333328 0.172119140625 0.03359374999999998 0.125244140625 0.033072916666666674 0.140380859375 0.01692708333333337 0.125244140625 0.01692708333333337 0.156005859375 0.01692708333333337 0.140869140625 0.01692708333333337 0.140869140625 0.033072916666666674 0.156494140625 0.033072916666666674 0.171630859375 0.01692708333333337 0.156494140625 0.01692708333333337 0.859619140625 0.16692708333333328 0.859619140625 0.1997395833333333 0.874755859375 0.16692708333333328 0.812744140625 0.13359374999999996 0.843505859375 0.13359374999999996 0.812744140625 0.16640624999999998 0.874755859375 0.13359374999999996 0.843994140625 0.16640624999999998 0.843994140625 0.13359374999999996 0.906005859375 0.16692708333333328 0.875244140625 0.16692708333333328 0.875244140625 0.1997395833333333 0.906494140625 0.16692708333333328 0.906494140625 0.1997395833333333 0.937255859375 0.16692708333333328 0.890380859375 0.13359374999999996 0.875244140625 0.16640624999999998 0.875244140625 0.13359374999999996 0.148681640625 0.04973958333333328 0.156005859375 0.03359374999999998 0.148681640625 0.03359374999999998 0.172119140625 0.01692708333333337 0.172119140625 0.033072916666666674 0.179443359375 0.01692708333333337 0.551025390625 0.03359374999999998 0.551025390625 0.037239583333333326 0.554443359375 0.03359374999999998 0.558349609375 0.03359374999999998 0.554931640625 0.03359374999999998 0.554931640625 0.037239583333333326 0.492431640625 0.008072916666666652 0.499755859375 0.00026041666666665186 0.492431640625 0.00026041666666665186 0.179931640625 0.01692708333333337 0.179931640625 0.033072916666666674 0.187255859375 0.01692708333333337 0.125244140625 0.016406249999999956 0.140380859375 0.00026041666666665186 0.125244140625 0.00026041666666665186 0.156005859375 0.00026041666666665186 0.140869140625 0.016406249999999956 0.140869140625 0.00026041666666665186 0.171630859375 0.00026041666666665186 0.156494140625 0.016406249999999956 0.156494140625 0.00026041666666665186 0.500244140625 0.05859375 0.507568359375 0.05859375 0.500244140625 0.06640625 0.508056640625 0.06640625 0.515380859375 0.05859375 0.508056640625 0.05859375 0.172119140625 0.016406249999999956 0.172119140625 0.00026041666666665186 0.179443359375 0.00026041666666665186 0.202880859375 0.050260416666666696 0.187744140625 0.050260416666666696 0.187744140625 0.06640625 0.218505859375 0.050260416666666696 0.203369140625 0.06640625 0.203369140625 0.050260416666666696 0.519287109375 0.05859375 0.515869140625 0.05859375 0.515869140625 0.06640625 0.179931640625 0.016406249999999956 0.187255859375 0.00026041666666665186 0.179931640625 0.00026041666666665186 0.531005859375 0.05859375 0.523681640625 0.05859375 0.523681640625 0.06640625 0.531494140625 0.05859375 0.531494140625 0.06640625 0.538818359375 0.05859375 0.218994140625 0.050260416666666696 0.218994140625 0.06640625 0.226318359375 0.050260416666666696 0.226806640625 0.06640625 0.234130859375 0.050260416666666696 0.226806640625 0.050260416666666696 0.890869140625 0.16640624999999998 0.890869140625 0.13359374999999996 0.906005859375 0.13359374999999996 0.241943359375 0.050260416666666696 0.234619140625 0.050260416666666696 0.234619140625 0.06640625 0.242431640625 0.050260416666666696 0.249755859375 0.050260416666666696 0.242431640625 0.06640625 0.906494140625 0.13359374999999996 0.921630859375 0.13359374999999996 0.906494140625 0.16640624999999998 0.187744140625 0.03359374999999998 0.187744140625 0.04973958333333328 0.202880859375 0.03359374999999998 0.203369140625 0.04973958333333328 0.218505859375 0.03359374999999998 0.203369140625 0.03359374999999998 0.922119140625 0.13359374999999996 0.937255859375 0.13359374999999996 0.922119140625 0.16640624999999998 0.750244140625 0.39973958333333337 0.781005859375 0.33359375 0.750244140625 0.33359375 0.937744140625 0.16692708333333328 0.937744140625 0.1997395833333333 0.968505859375 0.16692708333333328 0.546630859375 0.05859375 0.539306640625 0.06640625 0.539306640625 0.05859375 0.218994140625 0.04973958333333328 0.234130859375 0.03359374999999998 0.218994140625 0.03359374999999998 0.234619140625 0.04973958333333328 0.234619140625 0.03359374999999998 0.249755859375 0.03359374999999998 0.547119140625 0.05859375 0.554443359375 0.05859375 0.547119140625 0.06640625 0.554931640625 0.06640625 0.554931640625 0.05859375 0.562255859375 0.05859375 0.187744140625 0.033072916666666674 0.202880859375 0.01692708333333337 0.187744140625 0.01692708333333337 0.210693359375 0.01692708333333337 0.203369140625 0.01692708333333337 0.203369140625 0.033072916666666674 0.211181640625 0.01692708333333337 0.211181640625 0.033072916666666674 0.218505859375 0.01692708333333337 0.226318359375 0.01692708333333337 0.218994140625 0.033072916666666674 0.218994140625 0.01692708333333337 0.968994140625 0.1997395833333333 0.968994140625 0.16692708333333328 0.999755859375 0.16692708333333328 0.937744140625 0.13359374999999996 0.937744140625 0.16640624999999998 0.968505859375 0.13359374999999996 0.226806640625 0.033072916666666674 0.226806640625 0.01692708333333337 0.234130859375 0.01692708333333337 0.968994140625 0.16640624999999998 0.968994140625 0.13359374999999996 0.999755859375 0.13359374999999996 0.031005859375 0.10026041666666663 0.000244140625 0.13307291666666665 0.000244140625 0.10026041666666663 0.234619140625 0.033072916666666674 0.234619140625 0.01692708333333337 0.249755859375 0.01692708333333337 0.187744140625 0.00026041666666665186 0.187744140625 0.016406249999999956 0.202880859375 0.00026041666666665186 0.203369140625 0.016406249999999956 0.203369140625 0.00026041666666665186 0.218505859375 0.00026041666666665186 0.218994140625 0.00026041666666665186 0.218994140625 0.016406249999999956 0.234130859375 0.00026041666666665186 0.234619140625 0.016406249999999956 0.241943359375 0.00026041666666665186 0.234619140625 0.00026041666666665186 0.250244140625 0.06640625 0.250244140625 0.050260416666666696 0.265380859375 0.050260416666666696 0.249755859375 0.00026041666666665186 0.242431640625 0.00026041666666665186 0.242431640625 0.016406249999999956 0.031494140625 0.13307291666666665 0.062255859375 0.10026041666666663 0.031494140625 0.10026041666666663 0.000244140625 0.0669270833333333 0.000244140625 0.09973958333333333 0.031005859375 0.0669270833333333 0.062255859375 0.0669270833333333 0.031494140625 0.09973958333333333 0.031494140625 0.0669270833333333 0.062744140625 0.13307291666666665 0.062744140625 0.10026041666666663 0.077880859375 0.10026041666666663 0.124755859375 0.10026041666666663 0.093994140625 0.13307291666666665 0.093994140625 0.10026041666666663 0.281005859375 0.050260416666666696 0.265869140625 0.050260416666666696 0.265869140625 0.06640625 0.281494140625 0.06640625 0.296630859375 0.050260416666666696 0.281494140625 0.050260416666666696 0.297119140625 0.050260416666666696 0.297119140625 0.06640625 0.312255859375 0.050260416666666696 0.078369140625 0.10026041666666663 0.078369140625 0.13307291666666665 0.093505859375 0.10026041666666663 0.265380859375 0.03359374999999998 0.250244140625 0.03359374999999998 0.250244140625 0.04973958333333328 0.265869140625 0.03359374999999998 0.265869140625 0.04973958333333328 0.273193359375 0.03359374999999998 0.281494140625 0.04973958333333328 0.281494140625 0.03359374999999998 0.296630859375 0.03359374999999998 0.312255859375 0.03359374999999998 0.297119140625 0.03359374999999998 0.297119140625 0.04973958333333328 0.250244140625 0.01692708333333337 0.250244140625 0.033072916666666674 0.265380859375 0.01692708333333337 0.281005859375 0.01692708333333337 0.265869140625 0.01692708333333337 0.265869140625 0.033072916666666674 0.296630859375 0.01692708333333337 0.281494140625 0.01692708333333337 0.281494140625 0.033072916666666674 0.297119140625 0.033072916666666674 0.312255859375 0.01692708333333337 0.297119140625 0.01692708333333337 0.281005859375 0.03359374999999998 0.273681640625 0.03359374999999998 0.273681640625 0.04973958333333328 0.062744140625 0.09973958333333333 0.093505859375 0.0669270833333333 0.062744140625 0.0669270833333333 0.093994140625 0.0669270833333333 0.093994140625 0.09973958333333333 0.124755859375 0.0669270833333333 0.125244140625 0.10026041666666663 0.156005859375 0.10026041666666663 0.125244140625 0.13307291666666665 0.781494140625 0.33359375 0.781494140625 0.39973958333333337 0.812255859375 0.33359375 0.843505859375 0.33359375 0.812744140625 0.39973958333333337 0.812744140625 0.33359375 0.156494140625 0.10026041666666663 0.156494140625 0.13307291666666665 0.187255859375 0.10026041666666663 0.140380859375 0.0669270833333333 0.125244140625 0.09973958333333333 0.125244140625 0.0669270833333333 0.500244140625 0.050260416666666696 0.500244140625 0.058072916666666696 0.507568359375 0.050260416666666696 0.250244140625 0.00026041666666665186 0.250244140625 0.016406249999999956 0.257568359375 0.00026041666666665186 0.265869140625 0.016406249999999956 0.265869140625 0.00026041666666665186 0.281005859375 0.00026041666666665186 0.156494140625 0.0669270833333333 0.187255859375 0.0669270833333333 0.156494140625 0.09973958333333333 0.218505859375 0.10026041666666663 0.187744140625 0.10026041666666663 0.187744140625 0.13307291666666665 0.843994140625 0.33359375 0.843994140625 0.39973958333333337 0.874755859375 0.33359375 0.906005859375 0.33359375 0.875244140625 0.33359375 0.875244140625 0.39973958333333337 0.906494140625 0.33359375 0.906494140625 0.39973958333333337 0.937255859375 0.33359375 0.968505859375 0.33359375 0.937744140625 0.33359375 0.937744140625 0.39973958333333337 0.156005859375 0.0669270833333333 0.140869140625 0.09973958333333333 0.140869140625 0.0669270833333333 0.265380859375 0.00026041666666665186 0.258056640625 0.016406249999999956 0.258056640625 0.00026041666666665186 0.218994140625 0.13307291666666665 0.249755859375 0.10026041666666663 0.218994140625 0.10026041666666663 0.218505859375 0.0669270833333333 0.187744140625 0.09973958333333333 0.187744140625 0.0669270833333333 0.281494140625 0.016406249999999956 0.281494140625 0.00026041666666665186 0.296630859375 0.00026041666666665186 0.312255859375 0.00026041666666665186 0.297119140625 0.00026041666666665186 0.297119140625 0.016406249999999956 0.312744140625 0.050260416666666696 0.327880859375 0.050260416666666696 0.312744140625 0.06640625 0.523193359375 0.05859375 0.519775390625 0.06640625 0.519775390625 0.05859375 0.328369140625 0.06640625 0.343505859375 0.050260416666666696 0.328369140625 0.050260416666666696 0.343994140625 0.050260416666666696 0.343994140625 0.06640625 0.359130859375 0.050260416666666696 0.508056640625 0.058072916666666696 0.508056640625 0.050260416666666696 0.515380859375 0.050260416666666696 0.359619140625 0.050260416666666696 0.366943359375 0.050260416666666696 0.359619140625 0.06640625 0.312744140625 0.03359374999999998 0.312744140625 0.04973958333333328 0.327880859375 0.03359374999999998 0.343505859375 0.03359374999999998 0.328369140625 0.03359374999999998 0.328369140625 0.04973958333333328 0.218994140625 0.0669270833333333 0.218994140625 0.09973958333333333 0.234130859375 0.0669270833333333 0.249755859375 0.0669270833333333 0.234619140625 0.09973958333333333 0.234619140625 0.0669270833333333 0.250244140625 0.13307291666666665 0.250244140625 0.10026041666666663 0.281005859375 0.10026041666666663 0.312255859375 0.10026041666666663 0.281494140625 0.10026041666666663 0.281494140625 0.13307291666666665 0.281005859375 0.0669270833333333 0.250244140625 0.09973958333333333 0.250244140625 0.0669270833333333 0.312255859375 0.0669270833333333 0.281494140625 0.0669270833333333 0.281494140625 0.09973958333333333 0.312744140625 0.10026041666666663 0.343505859375 0.10026041666666663 0.312744140625 0.13307291666666665 0.343994140625 0.03359374999999998 0.343994140625 0.04973958333333328 0.359130859375 0.03359374999999998 0.359619140625 0.04973958333333328 0.374755859375 0.03359374999999998 0.359619140625 0.03359374999999998 0.374755859375 0.050260416666666696 0.367431640625 0.050260416666666696 0.367431640625 0.06640625 0.312744140625 0.033072916666666674 0.327880859375 0.01692708333333337 0.312744140625 0.01692708333333337 0.328369140625 0.01692708333333337 0.328369140625 0.033072916666666674 0.343505859375 0.01692708333333337 0.343994140625 0.033072916666666674 0.359130859375 0.01692708333333337 0.343994140625 0.01692708333333337 0.968994140625 0.39973958333333337 0.968994140625 0.33359375 0.999755859375 0.33359375 0.187255859375 0.26692708333333337 0.125244140625 0.26692708333333337 0.343994140625 0.13307291666666665 0.359130859375 0.10026041666666663 0.343994140625 0.10026041666666663 0.359619140625 0.10026041666666663 0.359619140625 0.13307291666666665 0.374755859375 0.10026041666666663 0.312744140625 0.09973958333333333 0.327880859375 0.0669270833333333 0.312744140625 0.0669270833333333 0.328369140625 0.0669270833333333 0.328369140625 0.09973958333333333 0.343505859375 0.0669270833333333 0.343994140625 0.09973958333333333 0.343994140625 0.0669270833333333 0.359130859375 0.0669270833333333 0.375244140625 0.10026041666666663 0.406005859375 0.10026041666666663 0.375244140625 0.13307291666666665 0.437255859375 0.10026041666666663 0.406494140625 0.10026041666666663 0.406494140625 0.13307291666666665 0.359619140625 0.033072916666666674 0.374755859375 0.01692708333333337 0.359619140625 0.01692708333333337 0.312744140625 0.016406249999999956 0.327880859375 0.00026041666666665186 0.312744140625 0.00026041666666665186 0.335693359375 0.00026041666666665186 0.328369140625 0.016406249999999956 0.328369140625 0.00026041666666665186 0.562255859375 0.03359374999999998 0.558837890625 0.03359374999999998 0.558837890625 0.037239583333333326 0.515869140625 0.058072916666666696 0.515869140625 0.050260416666666696 0.523193359375 0.050260416666666696 0.523681640625 0.050260416666666696 0.523681640625 0.058072916666666696 0.531005859375 0.050260416666666696 0.538818359375 0.050260416666666696 0.531494140625 0.050260416666666696 0.531494140625 0.058072916666666696 0.336181640625 0.00026041666666665186 0.343505859375 0.00026041666666665186 0.336181640625 0.016406249999999956 0.539306640625 0.050260416666666696 0.539306640625 0.058072916666666696 0.542724609375 0.050260416666666696 0.375244140625 0.09973958333333333 0.406005859375 0.0669270833333333 0.375244140625 0.0669270833333333 0.374755859375 0.0669270833333333 0.359619140625 0.09973958333333333 0.359619140625 0.0669270833333333 0.343994140625 0.016406249999999956 0.343994140625 0.00026041666666665186 0.351318359375 0.00026041666666665186 0.359619140625 0.00026041666666665186 0.359619140625 0.016406249999999956 0.374755859375 0.00026041666666665186 0.406494140625 0.09973958333333333 0.406494140625 0.0669270833333333 0.437255859375 0.0669270833333333 0.437744140625 0.10026041666666663 0.437744140625 0.13307291666666665 0.468505859375 0.10026041666666663 0.375244140625 0.06640625 0.390380859375 0.050260416666666696 0.375244140625 0.050260416666666696 0.390869140625 0.050260416666666696 0.390869140625 0.06640625 0.406005859375 0.050260416666666696 0.406494140625 0.06640625 0.421630859375 0.050260416666666696 0.406494140625 0.050260416666666696 0.288818359375 0.3169270833333333 0.287353515625 0.3330729166666667 0.287353515625 0.3169270833333333 0.422119140625 0.06640625 0.437255859375 0.050260416666666696 0.422119140625 0.050260416666666696 0.359130859375 0.00026041666666665186 0.351806640625 0.016406249999999956 0.351806640625 0.00026041666666665186 0.468994140625 0.13307291666666665 0.468994140625 0.10026041666666663 0.484130859375 0.10026041666666663 0.468505859375 0.0669270833333333 0.437744140625 0.09973958333333333 0.437744140625 0.0669270833333333 0.375244140625 0.04973958333333328 0.375244140625 0.03359374999999998 0.382568359375 0.03359374999999998 0.390380859375 0.03359374999999998 0.383056640625 0.03359374999999998 0.383056640625 0.04973958333333328 0.484619140625 0.13307291666666665 0.499755859375 0.10026041666666663 0.484619140625 0.10026041666666663 0.398193359375 0.03359374999999998 0.390869140625 0.03359374999999998 0.390869140625 0.04973958333333328 0.398681640625 0.03359374999999998 0.398681640625 0.04973958333333328 0.406005859375 0.03359374999999998 0.406494140625 0.03359374999999998 0.421630859375 0.03359374999999998 0.406494140625 0.04973958333333328 0.437255859375 0.03359374999999998 0.422119140625 0.04973958333333328 0.422119140625 0.03359374999999998 0.375244140625 0.01692708333333337 0.375244140625 0.033072916666666674 0.390380859375 0.01692708333333337 0.390869140625 0.033072916666666674 0.406005859375 0.01692708333333337 0.390869140625 0.01692708333333337 0.406494140625 0.01692708333333337 0.406494140625 0.033072916666666674 0.421630859375 0.01692708333333337 0.503662109375 0.029427083333333326 0.500244140625 0.029427083333333326 0.500244140625 0.033072916666666674 0.282470703125 0.31640625 0.282470703125 0.3002604166666667 0.486572265625 0.033072916666666674 0.486572265625 0.029427083333333326 0.488037109375 0.029427083333333326 0.422119140625 0.01692708333333337 0.437255859375 0.01692708333333337 0.422119140625 0.033072916666666674 0.390380859375 0.00026041666666665186 0.375244140625 0.00026041666666665186 0.375244140625 0.016406249999999956 0.468994140625 0.0669270833333333 0.468994140625 0.09973958333333333 0.484130859375 0.0669270833333333 0.500244140625 0.10026041666666663 0.531005859375 0.10026041666666663 0.500244140625 0.13307291666666665 0.531494140625 0.10026041666666663 0.531494140625 0.13307291666666665 0.562255859375 0.10026041666666663 0.499755859375 0.0669270833333333 0.484619140625 0.0669270833333333 0.484619140625 0.09973958333333333 0.406005859375 0.00026041666666665186 0.390869140625 0.00026041666666665186 0.390869140625 0.016406249999999956 0.554443359375 0.050260416666666696 0.547119140625 0.058072916666666696 0.547119140625 0.050260416666666696 0.543212890625 0.058072916666666696 0.546630859375 0.050260416666666696 0.543212890625 0.050260416666666696 0.504150390625 0.029427083333333326 0.504150390625 0.033072916666666674 0.507568359375 0.029427083333333326 0.406494140625 0.016406249999999956 0.406494140625 0.00026041666666665186 0.421630859375 0.00026041666666665186 0.437255859375 0.00026041666666665186 0.422119140625 0.00026041666666665186 0.422119140625 0.016406249999999956 0.000244140625 0.3330729166666667 0.000244140625 0.26692708333333337 0.062255859375 0.26692708333333337 0.124755859375 0.26692708333333337 0.062744140625 0.26692708333333337 0.062744140625 0.3330729166666667 0.125244140625 0.3330729166666667 0.187744140625 0.26692708333333337 0.249755859375 0.26692708333333337 0.187744140625 0.3330729166666667 0.281005859375 0.26692708333333337 0.250244140625 0.26692708333333337 0.250244140625 0.3330729166666667 0.500244140625 0.0669270833333333 0.531005859375 0.0669270833333333 0.500244140625 0.09973958333333333 0.562255859375 0.0669270833333333 0.531494140625 0.0669270833333333 0.531494140625 0.09973958333333333 0.562744140625 0.10026041666666663 0.577880859375 0.10026041666666663 0.562744140625 0.13307291666666665 0.593505859375 0.10026041666666663 0.578369140625 0.13307291666666665 0.578369140625 0.10026041666666663 0.452880859375 0.050260416666666696 0.437744140625 0.050260416666666696 0.437744140625 0.06640625 0.468505859375 0.050260416666666696 0.453369140625 0.050260416666666696 0.453369140625 0.06640625 0.508056640625 0.033072916666666674 0.508056640625 0.029427083333333326 0.511474609375 0.029427083333333326 0.554931640625 0.058072916666666696 0.562255859375 0.050260416666666696 0.554931640625 0.050260416666666696 0.500244140625 0.04192708333333328 0.500244140625 0.04973958333333328 0.507568359375 0.04192708333333328 0.508056640625 0.04973958333333328 0.515380859375 0.04192708333333328 0.508056640625 0.04192708333333328 0.515869140625 0.04192708333333328 0.515869140625 0.04973958333333328 0.523193359375 0.04192708333333328 0.523681640625 0.04192708333333328 0.523681640625 0.04973958333333328 0.527099609375 0.04192708333333328 0.531005859375 0.04192708333333328 0.527587890625 0.04973958333333328 0.527587890625 0.04192708333333328 0.531494140625 0.04973958333333328 0.538818359375 0.04192708333333328 0.531494140625 0.04192708333333328 0.468994140625 0.050260416666666696 0.476318359375 0.050260416666666696 0.468994140625 0.06640625 0.593994140625 0.13307291666666665 0.593994140625 0.10026041666666663 0.609130859375 0.10026041666666663 0.593505859375 0.0669270833333333 0.562744140625 0.0669270833333333 0.562744140625 0.09973958333333333 0.593994140625 0.0669270833333333 0.593994140625 0.09973958333333333 0.624755859375 0.0669270833333333 0.625244140625 0.10026041666666663 0.656005859375 0.10026041666666663 0.625244140625 0.13307291666666665 0.687255859375 0.10026041666666663 0.656494140625 0.10026041666666663 0.656494140625 0.13307291666666665 0.609619140625 0.13307291666666665 0.624755859375 0.10026041666666663 0.609619140625 0.10026041666666663 0.640380859375 0.0669270833333333 0.625244140625 0.0669270833333333 0.625244140625 0.09973958333333333 0.476806640625 0.050260416666666696 0.484130859375 0.050260416666666696 0.476806640625 0.06640625 0.484619140625 0.050260416666666696 0.499755859375 0.050260416666666696 0.484619140625 0.06640625 0.284912109375 0.3002604166666667 0.283447265625 0.3002604166666667 0.283447265625 0.31640625 0.539306640625 0.04973958333333328 0.539306640625 0.04192708333333328 0.546630859375 0.04192708333333328 0.554443359375 0.04192708333333328 0.547119140625 0.04192708333333328 0.547119140625 0.04973958333333328 0.656494140625 0.09973958333333333 0.656494140625 0.0669270833333333 0.687255859375 0.0669270833333333 0.718505859375 0.10026041666666663 0.687744140625 0.10026041666666663 0.687744140625 0.13307291666666665 0.718994140625 0.10026041666666663 0.718994140625 0.13307291666666665 0.749755859375 0.10026041666666663 0.687744140625 0.0669270833333333 0.718505859375 0.0669270833333333 0.687744140625 0.09973958333333333 0.749755859375 0.0669270833333333 0.718994140625 0.09973958333333333 0.718994140625 0.0669270833333333 0.750244140625 0.10026041666666663 0.781005859375 0.10026041666666663 0.750244140625 0.13307291666666665 0.781494140625 0.10026041666666663 0.781494140625 0.13307291666666665 0.812255859375 0.10026041666666663 0.640869140625 0.0669270833333333 0.640869140625 0.09973958333333333 0.656005859375 0.0669270833333333 0.515380859375 0.029427083333333326 0.511962890625 0.029427083333333326 0.511962890625 0.033072916666666674 0.286865234375 0.3002604166666667 0.285400390625 0.3002604166666667 0.285400390625 0.31640625 0.554931640625 0.04973958333333328 0.554931640625 0.04192708333333328 0.562255859375 0.04192708333333328 0.507568359375 0.03359374999999998 0.500244140625 0.03359374999999998 0.500244140625 0.04140624999999998 0.437744140625 0.03359374999999998 0.437744140625 0.04973958333333328 0.445068359375 0.03359374999999998 0.452880859375 0.03359374999999998 0.445556640625 0.03359374999999998 0.445556640625 0.04973958333333328 0.511474609375 0.03359374999999998 0.508056640625 0.03359374999999998 0.508056640625 0.04140624999999998 0.511962890625 0.04140624999999998 0.515380859375 0.03359374999999998 0.511962890625 0.03359374999999998 0.453369140625 0.03359374999999998 0.453369140625 0.04973958333333328 0.460693359375 0.03359374999999998 0.468994140625 0.03359374999999998 0.484130859375 0.03359374999999998 0.468994140625 0.04973958333333328 0.750244140625 0.0669270833333333 0.750244140625 0.09973958333333333 0.765380859375 0.0669270833333333 0.781494140625 0.0669270833333333 0.812255859375 0.0669270833333333 0.781494140625 0.09973958333333333 0.843505859375 0.10026041666666663 0.812744140625 0.13307291666666665 0.812744140625 0.10026041666666663 0.765869140625 0.0669270833333333 0.765869140625 0.09973958333333333 0.781005859375 0.0669270833333333 0.287353515625 0.3002604166666667 0.288818359375 0.3002604166666667 0.287353515625 0.31640625 0.283447265625 0.2997395833333333 0.283447265625 0.28359375 0.284912109375 0.28359375 0.515869140625 0.033072916666666674 0.519287109375 0.029427083333333326 0.515869140625 0.029427083333333326 0.515869140625 0.04140624999999998 0.515869140625 0.03359374999999998 0.519287109375 0.03359374999999998 0.461181640625 0.04973958333333328 0.468505859375 0.03359374999999998 0.461181640625 0.03359374999999998 0.531005859375 0.03359374999999998 0.523681640625 0.04140624999999998 0.523681640625 0.03359374999999998 0.843994140625 0.10026041666666663 0.843994140625 0.13307291666666665 0.859130859375 0.10026041666666663 0.874755859375 0.10026041666666663 0.859619140625 0.13307291666666665 0.859619140625 0.10026041666666663 0.499755859375 0.03359374999999998 0.484619140625 0.04973958333333328 0.484619140625 0.03359374999999998 0.437744140625 0.01692708333333337 0.437744140625 0.033072916666666674 0.452880859375 0.01692708333333337 0.468505859375 0.01692708333333337 0.453369140625 0.033072916666666674 0.453369140625 0.01692708333333337 0.484130859375 0.01692708333333337 0.468994140625 0.01692708333333337 0.468994140625 0.033072916666666674 0.519775390625 0.029427083333333326 0.523193359375 0.029427083333333326 0.519775390625 0.033072916666666674 0.285400390625 0.28359375 0.285400390625 0.2997395833333333 0.286865234375 0.28359375 0.287353515625 0.2997395833333333 0.288818359375 0.28359375 0.287353515625 0.28359375 0.519775390625 0.04140624999999998 0.519775390625 0.03359374999999998 0.523193359375 0.03359374999999998 0.534912109375 0.03359374999999998 0.531494140625 0.03359374999999998 0.531494140625 0.04140624999999998 0.283447265625 0.26692708333333337 0.284912109375 0.26692708333333337 0.283447265625 0.2830729166666667 0.285400390625 0.26692708333333337 0.286865234375 0.26692708333333337 0.285400390625 0.2830729166666667 0.287353515625 0.2830729166666667 0.287353515625 0.26692708333333337 0.288818359375 0.26692708333333337 0.535400390625 0.04140624999999998 0.535400390625 0.03359374999999998 0.538818359375 0.03359374999999998 0.542724609375 0.03359374999999998 0.539306640625 0.03359374999999998 0.539306640625 0.04140624999999998 0.484619140625 0.01692708333333337 0.486083984375 0.01692708333333337 0.484619140625 0.033072916666666674</float_array>
                    <technique_common>
                        <accessor count="1" source="#uvarray7_VC" stride="2">
                            <param name="S" type="float"/>
                            <param name="T" type="float"/>
                        </accessor>
                    </technique_common>
                </source>
                <vertices id="vertices7_VC">
                    <input semantic="POSITION" source="#points7_VC"/>
                </vertices>
                <polylist count="480" material="Material1">
                    <input offset="0" semantic="VERTEX" source="#vertices7_VC"/>
                    <input offset="1" semantic="TEXCOORD" source="#uvs7_VC" set="0"/>
                    <vcount>3 3 3 3 3 3 3 3 3 3 3 3 3 3 3 3 3 3 3 3 3 3 3 3 3 3 3 3 3 3 3 3 3 3 3 3 3 3 3 3 3 3 3 3 3 3 3 3 3 3 3 3 3 3 3 3 3 3 3 3 3 3 3 3 3 3 3 3 3 3 3 3 3 3 3 3 3 3 3 3 3 3 3 3 3 3 3 3 3 3 3 3 3 3 3 3 3 3 3 3 3 3 3 3 3 3 3 3 3 3 3 3 3 3 3 3 3 3 3 3 3 3 3 3 3 3 3 3 3 3 3 3 3 3 3 3 3 3 3 3 3 3 3 3 3 3 3 3 3 3 3 3 3 3 3 3 3 3 3 3 3 3 3 3 3 3 3 3 3 3 3 3 3 3 3 3 3 3 3 3 3 3 3 3 3 3 3 3 3 3 3 3 3 3 3 3 3 3 3 3 3 3 3 3 3 3 3 3 3 3 3 3 3 3 3 3 3 3 3 3 3 3 3 3 3 3 3 3 3 3 3 3 3 3 3 3 3 3 3 3 3 3 3 3 3 3 3 3 3 3 3 3 3 3 3 3 3 3 3 3 3 3 3 3 3 3 3 3 3 3 3 3 3 3 3 3 3 3 3 3 3 3 3 3 3 3 3 3 3 3 3 3 3 3 3 3 3 3 3 3 3 3 3 3 3 3 3 3 3 3 3 3 3 3 3 3 3 3 3 3 3 3 3 3 3 3 3 3 3 3 3 3 3 3 3 3 3 3 3 3 3 3 3 3 3 3 3 3 3 3 3 3 3 3 3 3 3 3 3 3 3 3 3 3 3 3 3 3 3 3 3 3 3 3 3 3 3 3 3 3 3 3 3 3 3 3 3 3 3 3 3 3 3 3 3 3 3 3 3 3 3 3 3 3 3 3 3 3 3 3 3 3 3 3 3 3 3 3 3 3 3 3 3 3 3 3 3 3 3 3 3 3 3 3 3 3 3 3 3 3 3 3 3 3 3 3 3 3 3 3 3 3 3 3 3 3 3 3 3 3 3 3 3 3 3 3 3 3 3 3 3 3 3 3 3 3 3 3 3 3</vcount>
                    <p>2 0 1 1 0 0 3 2 1 1 2 0 4 0 3 2 2 0 5 2 3 2 4 0 6 0 5 2 4 0 7 2 5 2 6 0 8 0 7 2 6 0 9 2 7 2 8 0 10 0 9 2 8 0 11 2 9 2 10 0 12 0 11 2 10 0 13 2 11 2 12 0 14 0 13 2 12 0 15 2 13 2 14 0 16 0 15 2 14 0 17 2 15 2 16 0 18 0 17 2 16 0 19 2 17 2 18 0 20 0 19 2 18 0 21 2 19 2 20 0 22 0 21 2 20 0 23 2 21 2 22 0 24 0 23 2 22 0 25 2 23 2 24 0 26 0 25 2 24 0 27 2 25 2 26 0 28 0 27 2 26 0 29 2 27 2 28 0 30 0 29 2 28 0 31 2 29 2 30 0 32 0 31 2 30 0 33 2 31 2 32 0 34 0 33 2 32 0 35 3 33 4 34 5 36 5 35 3 34 5 37 4 35 3 36 5 38 0 37 2 36 0 39 6 37 7 38 8 40 8 39 6 38 8 41 6 39 6 40 8 42 8 41 6 40 8 43 7 41 6 42 8 44 0 43 2 42 0 45 2 43 2 44 0 46 0 45 2 44 0 47 2 45 2 46 0 48 0 47 2 46 0 49 2 47 2 48 0 50 0 49 2 48 0 51 2 49 2 50 0 52 0 51 2 50 0 53 2 51 2 52 0 54 0 53 2 52 0 55 2 53 2 54 0 56 0 55 2 54 0 57 2 55 2 56 0 58 0 57 2 56 0 59 2 57 2 58 0 60 0 59 2 58 0 61 2 59 2 60 0 62 0 61 2 60 0 63 2 61 2 62 0 0 0 63 2 62 0 1 1 63 2 0 0 3 9 64 10 1 11 65 12 64 13 3 14 5 15 65 16 3 15 66 17 65 16 5 15 7 15 66 17 5 15 67 18 66 19 7 20 9 20 67 18 7 20 68 21 67 22 9 23 11 23 68 21 9 23 69 21 68 21 11 23 13 23 69 21 11 23 70 21 69 21 13 23 15 23 70 21 13 23 71 21 70 21 15 23 17 23 71 21 15 23 72 24 71 25 17 26 19 26 72 24 17 26 73 27 72 28 19 29 21 29 73 27 19 29 74 30 73 31 21 32 23 32 74 30 21 32 75 33 74 34 23 35 25 35 75 33 23 35 76 36 75 37 25 38 27 38 76 36 25 38 77 39 76 40 27 41 29 41 77 39 27 41 78 42 77 43 29 44 31 45 78 46 29 45 79 47 78 46 31 45 33 45 79 47 31 45 80 48 79 49 33 50 35 51 80 52 33 53 81 54 80 55 35 56 37 57 81 58 35 59 82 60 81 61 37 62 39 63 82 64 37 65 83 66 82 67 39 68 41 68 83 66 39 68 84 69 83 70 41 71 43 72 84 73 41 74 85 75 84 76 43 77 45 77 85 75 43 77 86 78 85 79 45 80 47 80 86 78 45 80 87 81 86 82 47 83 49 84 87 85 47 84 88 86 87 85 49 84 51 84 88 86 49 84 89 87 88 88 51 89 53 23 89 21 51 23 90 21 89 21 53 23 55 23 90 21 53 23 91 90 90 91 55 92 57 92 91 90 55 92 92 93 91 94 57 95 59 95 92 93 57 95 93 96 92 97 59 98 61 98 93 96 59 98 94 99 93 100 61 101 63 101 94 99 61 101 95 102 94 103 63 104 1 105 95 106 63 107 64 108 95 109 1 110 65 111 96 112 64 113 97 114 96 115 65 116 66 117 97 118 65 119 98 120 97 121 66 122 67 123 98 124 66 125 99 21 98 21 67 22 68 21 99 21 67 22 100 126 99 127 68 127 69 127 100 126 68 127 101 128 100 126 69 127 70 127 101 128 69 127 102 127 101 128 70 127 71 21 102 21 70 21 103 21 102 21 71 21 72 24 103 25 71 25 104 25 103 25 72 24 73 129 104 130 72 131 105 131 104 130 73 129 74 132 105 133 73 134 106 135 105 136 74 137 75 138 106 139 74 140 107 141 106 142 75 143 76 144 107 145 75 146 108 147 107 148 76 149 77 150 108 151 76 152 109 153 108 154 77 155 78 156 109 157 77 158 110 159 109 160 78 161 79 162 110 163 78 164 111 165 110 166 79 167 80 168 111 169 79 170 112 171 111 172 80 173 81 174 112 175 80 176 113 174 112 175 81 174 82 60 113 61 81 61 114 61 113 61 82 60 83 177 114 178 82 179 115 180 114 181 83 182 84 183 115 184 83 185 116 186 115 187 84 188 85 189 116 190 84 191 117 192 116 193 85 194 86 195 117 196 85 197 118 198 117 199 86 200 87 201 118 202 86 203 119 204 118 205 87 206 88 207 119 208 87 209 120 210 119 211 88 212 89 213 120 214 88 215 121 216 120 217 89 218 90 218 121 216 89 218 122 219 121 220 90 221 91 222 122 223 90 224 123 225 122 226 91 227 92 228 123 229 91 230 124 231 123 232 92 233 93 234 124 235 92 236 125 237 124 238 93 239 94 240 125 241 93 242 126 243 125 244 94 245 95 246 126 247 94 248 127 249 126 250 95 251 64 252 127 253 95 254 96 255 127 256 64 257 97 258 128 259 96 260 129 261 128 262 97 263 98 264 129 265 97 266 130 267 129 268 98 269 99 269 130 267 98 269 131 269 130 267 99 269 100 126 131 127 99 127 132 270 131 271 100 272 101 273 132 274 100 275 133 276 132 277 101 278 102 279 133 280 101 281 134 282 133 283 102 284 103 284 134 282 102 284 135 285 134 286 103 287 104 287 135 285 103 287 136 288 135 289 104 290 105 291 136 292 104 293 137 294 136 295 105 296 106 297 137 298 105 299 138 300 137 301 106 302 107 303 138 304 106 305 139 306 138 307 107 308 108 309 139 310 107 311 140 312 139 313 108 314 109 315 140 316 108 317 141 318 140 319 109 320 110 321 141 322 109 323 142 324 141 325 110 326 111 327 142 328 110 329 143 330 142 331 111 332 112 333 143 334 111 335 144 336 143 337 112 338 113 174 144 174 112 175 145 339 144 340 113 340 114 340 145 339 113 340 146 341 145 339 114 340 115 342 146 343 114 344 147 345 146 346 115 347 116 348 147 349 115 350 148 351 147 352 116 353 117 354 148 355 116 356 149 357 148 358 117 359 118 360 149 361 117 362 150 363 149 364 118 365 119 366 150 367 118 368 151 368 150 367 119 366 120 369 151 370 119 371 152 372 151 373 120 374 121 375 152 376 120 377 153 378 152 379 121 380 122 381 153 382 121 383 154 384 153 385 122 386 123 387 154 388 122 389 155 390 154 391 123 392 124 393 155 394 123 395 156 396 155 397 124 398 125 399 156 400 124 401 157 402 156 403 125 404 126 405 157 406 125 407 158 408 157 409 126 410 127 411 158 412 126 413 159 414 158 415 127 416 96 417 159 418 127 419 128 420 159 421 96 422 129 423 160 424 128 425 161 426 160 427 129 428 130 429 161 430 129 431 162 432 161 433 130 434 131 435 162 436 130 437 163 438 162 439 131 440 132 441 163 442 131 443 164 444 163 445 132 446 133 447 164 448 132 449 165 450 164 451 133 452 134 453 165 454 133 455 166 456 165 457 134 458 135 459 166 460 134 461 167 462 166 463 135 464 136 465 167 466 135 467 168 468 167 469 136 470 137 471 168 472 136 473 169 474 168 475 137 476 138 477 169 478 137 479 170 480 169 480 138 481 139 482 170 480 138 481 171 483 170 484 139 485 140 486 171 487 139 488 172 489 171 490 140 491 141 492 172 493 140 494 173 495 172 496 141 497 142 498 173 499 141 500 174 501 173 502 142 503 143 504 174 505 142 506 175 507 174 508 143 509 144 510 175 511 143 512 176 513 175 514 144 515 145 516 176 517 144 518 177 519 176 520 145 521 146 522 177 523 145 524 178 525 177 526 146 527 147 528 178 529 146 530 179 531 178 532 147 533 148 534 179 535 147 536 180 537 179 538 148 539 149 540 180 541 148 542 181 543 180 544 149 545 150 546 181 547 149 548 182 549 181 550 150 551 151 552 182 553 150 554 183 555 182 556 151 557 152 558 183 559 151 560 184 561 183 562 152 563 153 564 184 565 152 566 185 567 184 568 153 569 154 570 185 571 153 572 186 573 185 574 154 575 155 576 186 577 154 578 187 579 186 580 155 581 156 579 187 579 155 581 188 582 187 583 156 583 157 584 188 585 156 586 189 587 188 588 157 589 158 590 189 591 157 592 190 593 189 594 158 595 159 596 190 597 158 598 191 599 190 600 159 601 128 602 191 603 159 604 160 605 191 606 128 607 161 608 192 609 160 610 193 611 192 612 161 613 162 614 193 615 161 616 194 617 193 618 162 619 163 620 194 621 162 622 195 623 194 624 163 625 164 626 195 627 163 628 196 629 195 630 164 631 165 632 196 633 164 634 197 635 196 636 165 637 166 638 197 639 165 640 198 641 197 642 166 643 167 644 198 645 166 646 199 647 198 648 167 649 168 650 199 651 167 652 200 653 199 654 168 655 169 656 200 657 168 658 201 656 200 657 169 656 170 21 201 21 169 21 202 21 201 21 170 21 171 659 202 660 170 660 203 661 202 660 171 659 172 662 203 663 171 664 204 665 203 666 172 667 173 668 204 669 172 670 205 671 204 672 173 673 174 674 205 675 173 676 206 677 205 678 174 679 175 680 206 681 174 682 207 683 206 684 175 685 176 686 207 687 175 688 208 689 207 690 176 691 177 692 208 693 176 694 209 695 208 696 177 697 178 698 209 699 177 700 210 701 209 702 178 703 179 704 210 705 178 706 211 707 210 707 179 708 180 709 211 710 179 711 212 712 211 712 180 713 181 714 212 712 180 713 213 715 212 716 181 717 182 718 213 719 181 720 214 721 213 722 182 723 183 724 214 725 182 726 215 727 214 728 183 729 184 730 215 731 183 732 216 733 215 734 184 735 185 736 216 737 184 738 217 739 216 740 185 741 186 742 217 743 185 744 218 745 217 746 186 747 187 748 218 749 186 750 219 751 218 752 187 753 188 582 219 754 187 583 220 755 219 756 188 757 189 758 220 759 188 760 221 761 220 762 189 763 190 764 221 765 189 766 222 767 221 768 190 769 191 770 222 771 190 772 223 773 222 774 191 775 160 776 223 777 191 778 192 779 223 780 160 781 193 782 224 783 192 784 225 785 224 786 193 787 194 788 225 789 193 790 226 791 225 792 194 793 195 794 226 795 194 796 227 797 226 798 195 799 196 800 227 801 195 802 228 803 227 804 196 805 197 806 228 807 196 808 229 809 228 810 197 811 198 812 229 813 197 814 230 815 229 816 198 817 199 818 230 819 198 820 231 821 230 822 199 823 200 824 231 825 199 826 232 827 231 828 200 829 201 830 232 831 200 832 233 660 232 659 201 660 202 21 233 21 201 21 234 21 233 21 202 21 203 661 234 660 202 660 235 833 234 834 203 835 204 836 235 837 203 838 236 839 235 840 204 841 205 842 236 843 204 844 237 845 236 846 205 847 206 848 237 849 205 850 238 851 237 852 206 853 207 854 238 855 206 856 239 857 238 858 207 859 208 860 239 861 207 862 240 863 239 863 208 864 209 865 240 863 208 864 241 863 240 863 209 865 210 863 241 863 209 865 242 21 241 21 210 21 211 21 242 21 210 21 243 21 242 21 211 21 212 21 243 21 211 21 244 21 243 21 212 21 213 715 244 716 212 716 245 716 244 716 213 715 214 866 245 867 213 868 246 869 245 870 214 871 215 872 246 873 214 874 247 875 246 876 215 877 216 878 247 879 215 880 248 881 247 882 216 883 217 884 248 885 216 886 249 887 248 888 217 889 218 890 249 891 217 892 250 893 249 894 218 895 219 896 250 897 218 898 251 899 250 900 219 901 220 902 251 903 219 904 252 905 251 905 220 906 221 907 252 905 220 906 253 767 252 767 221 768 222 767 253 767 221 768 254 833 253 834 222 834 223 908 254 909 222 910 255 911 254 912 223 913 192 914 255 915 223 916 224 917 255 918 192 919 256 920 224 921 225 922 255 923 224 924 256 925 254 912 255 911 256 913 226 926 256 927 225 928 227 929 256 930 226 931 228 932 256 933 227 934 229 935 256 936 228 937 230 938 256 939 229 940 231 941 256 942 230 943 232 944 256 945 231 946 233 947 256 948 232 949 234 87 256 88 233 87 235 909 256 908 234 910 236 950 256 951 235 952 237 953 256 954 236 955 238 956 256 957 237 958 239 959 256 960 238 961 240 87 256 88 239 87 241 87 256 88 240 87 242 87 256 88 241 87 243 87 256 88 242 87 244 87 256 88 243 87 245 87 256 88 244 87 246 962 256 963 245 964 247 965 256 966 246 967 248 968 256 969 247 970 249 971 256 972 248 973 250 974 256 975 249 976 251 910 256 908 250 909 252 87 256 88 251 87 253 87 256 88 252 87 254 909 256 908 253 910</p>
                </polylist>
            </mesh>
        </geometry>
        <geometry id="mesh8">
            <mesh>
                <source id="points8">
                    <float_array id="pointarray8" count="288">0.11760199815034866 65341.125 -785012.25 0.11759000271558762 26362.16796875 -785132.5 -153148.203125 65341.125 -769928.5 -153171.640625 26362.16796875 -770046.3125 -300411.125 65341.125 -725256.875 -300457.09375 26362.16796875 -725368 -436129.40625 65341.125 -652714.0625 -436196.21875 26362.16796875 -652813.875 -555087.5625 65341.125 -555087.6875 -555172.5 26362.16796875 -555172.625 -652714.0625 65341.125 -436129.625 -652813.875 26362.16796875 -436196.40625 -725256.875 65341.125 -300411.375 -725368 26362.16796875 -300457.3125 -769928.75 65341.125 -153148.421875 -770046.5625 26362.16796875 -153171.859375 -785012.4375 65341.125 -0.07375200092792511 -785132.625 26362.16796875 -0.07378699630498886 -769928.75 65341.125 153148.28125 -770046.5625 26362.16796875 153171.71875 -725256.9375 65341.125 300411.21875 -725368.0625 26362.16796875 300457.21875 -652714.1875 65341.125 436129.625 -652814.0625 26362.16796875 436196.3125 -555087.75 65341.125 555087.6875 -555172.75 26362.16796875 555172.625 -436129.625 65341.125 652714.1875 -436196.40625 26362.16796875 652814.0625 -300411.375 65341.125 725256.9375 -300457.3125 26362.16796875 725368.0625 -153148.40625 65341.125 769928.875 -153171.84375 26362.16796875 770046.75 -0.020820999518036842 65341.125 785012.5625 -0.020854000002145767 26362.16796875 785132.8125 153148.359375 65341.125 769928.875 153171.796875 26362.16796875 770046.75 300411.34375 65341.125 725257.125 300457.3125 26362.16796875 725368.1875 436129.65625 65341.125 652714.25 436196.5 26362.16796875 652814.125 555087.75 65341.125 555087.875 555172.75 26362.16796875 555172.875 652714.25 65341.125 436129.71875 652814.125 26362.173828125 436196.53125 725257.1875 65341.125 300411.4375 725368.25 26362.173828125 300457.4375 769929.125 65341.125 153148.4375 770046.9375 26362.16796875 153171.859375 785012.8125 65341.125 0.000024000000848900527 785133.0625 26362.16796875 0 769928.4375 65341.125 -153148.125 770046.25 26362.16796875 -153171.546875 725256.625 65341.125 -300411 725367.75 26362.16796875 -300456.96875 652713.9375 65341.125 -436129.3125 652813.8125 26362.16796875 -436196 555087.5625 65341.125 -555087.375 555172.5 26362.16796875 -555172.375 436129.5625 65341.125 -652713.8125 436196.28125 26362.16796875 -652813.6875 300411.3125 65341.125 -725256.5625 300457.28125 26362.16796875 -725367.625 153148.421875 65341.125 -769928.4375 153171.859375 26362.16796875 -770046.25 0.11421599984169006 -17190.234375 -780777.875 -152322.125 -17190.234375 -765775.625 -298790.6875 -17190.234375 -721344.9375 -433776.9375 -17190.234375 -649193.3125 -552093.4375 -17190.234375 -552093.5 -649193.25 -17190.234375 -433777.15625 -721344.9375 -17190.234375 -298790.9375 -765775.75 -17190.234375 -152322.359375 -780778.1875 -17190.234375 -0.07664400339126587 -765775.75 -17190.234375 152322.203125 -721345 -17190.234375 298790.8125 -649193.4375 -17190.234375 433777.0625 -552093.625 -17190.234375 552093.5 -433777.1875 -17190.234375 649193.4375 -298790.9375 -17190.234375 721345.125 -152322.328125 -17190.234375 765775.875 -0.02346000075340271 -17190.234375 780778.375 152322.28125 -17190.234375 765775.875 298790.9375 -17190.234375 721345.125 433777.25 -17190.234375 649193.5625 552093.6875 -17190.234375 552093.75 649193.5625 -17190.234375 433777.34375 721345.25 -17190.234375 298791.03125 765776.1875 -17190.234375 152322.34375 780778.625 -17190.234375 -0.0032659999560564756 765775.375 -17190.234375 -152322.046875 721344.75 -17190.234375 -298790.59375 649193.125 -17190.234375 -433776.875 552093.4375 -17190.234375 -552093.25 433777.0625 -17190.234375 -649193 298790.90625 -17190.234375 -721344.75 152322.34375 -17190.234375 -765775.5625</float_array>
                    <technique_common>
                        <accessor count="96" source="#pointarray8" stride="3">
                            <param name="X" type="float"/>
                            <param name="Y" type="float"/>
                            <param name="Z" type="float"/>
                        </accessor>
                    </technique_common>
                </source>
                <source id="uvs8">
                    <float_array id="uvarray8" count="198">7.0703125 1 7.0703125 0.3125 9.0703125 1 9.0703125 0.3125 11.0703125 1 11.0703125 0.3125 13.0703125 1 13.0703125 0.3125 15.0703125 1 15.0703125 0.3125 17.0703125 1 17.0703125 0.3125 19.0703125 1 19.0703125 0.3125 21.0703125 1 21.0703125 0.3125 23.0703125 1 23.0703125 0.3125 25.0703125 1.09765625 25.0703125 0.41015625 27.0703125 1.19921875 27.0703125 0.51171875 29.0703125 1.296875 29.0703125 0.609375 31.0703125 1.3984375 31.0703125 0.7109375 33.0703125 1.5 33.0703125 0.8125 35.0703125 1.59765625 35.0703125 0.91015625 37.0703125 1.69921875 37.0703125 1.0078125 39.0703125 1.69921875 39.0703125 1.0078125 41.0703125 1.69921875 41.0703125 1.0078125 43.0703125 1.59765625 43.0703125 0.91015625 45.0703125 1.5 45.0703125 0.8125 47.0703125 1.3984375 47.0703125 0.7109375 49.0703125 1.296875 49.0703125 0.609375 51.0703125 1.19921875 51.0703125 0.51171875 53.0703125 1.09765625 53.0703125 0.41015625 55.0703125 1 55.0703125 0.3125 57.0703125 1 57.0703125 0.3125 59.0703125 1 59.0703125 0.3125 61.0703125 1 61.0703125 0.3125 63.0703125 1 63.0703125 0.3125 65.0703125 1 65.0703125 0.3125 67.0703125 1 67.0703125 0.3125 69.0703125 1 69.0703125 0.3125 71.0703125 1 71.0703125 0.3125 7.0703125 0 9.0703125 0 11.0703125 0 13.0703125 0 15.0703125 0 17.0703125 0 19.0703125 0 21.0703125 0 23.0703125 0 25.0703125 0.1015625 27.0703125 0.2265625 29.0703125 0.32421875 31.0703125 0.42578125 33.0703125 0.52734375 35.0703125 0.625 37.0703125 0.7265625 39.0703125 0.7265625 41.0703125 0.7265625 43.0703125 0.625 45.0703125 0.52734375 47.0703125 0.42578125 49.0703125 0.32421875 51.0703125 0.2265625 53.0703125 0.1015625 55.0703125 0 57.0703125 0 59.0703125 0 61.0703125 0 63.0703125 0 65.0703125 0 67.0703125 0 69.0703125 0 71.0703125 0</float_array>
                    <technique_common>
                        <accessor count="1" source="#uvarray8" stride="2">
                            <param name="S" type="float"/>
                            <param name="T" type="float"/>
                        </accessor>
                    </technique_common>
                </source>
                <vertices id="vertices8">
                    <input semantic="POSITION" source="#points8"/>
                </vertices>
                <polylist count="128" material="Material1">
                    <input offset="0" semantic="VERTEX" source="#vertices8"/>
                    <input offset="1" semantic="TEXCOORD" source="#uvs8" set="0"/>
                    <vcount>3 3 3 3 3 3 3 3 3 3 3 3 3 3 3 3 3 3 3 3 3 3 3 3 3 3 3 3 3 3 3 3 3 3 3 3 3 3 3 3 3 3 3 3 3 3 3 3 3 3 3 3 3 3 3 3 3 3 3 3 3 3 3 3 3 3 3 3 3 3 3 3 3 3 3 3 3 3 3 3 3 3 3 3 3 3 3 3 3 3 3 3 3 3 3 3 3 3 3 3 3 3 3 3 3 3 3 3 3 3 3 3 3 3 3 3 3 3 3 3 3 3 3 3 3 3 3 3</vcount>
                    <p>2 2 1 1 0 0 3 3 1 1 2 2 4 4 3 3 2 2 5 5 3 3 4 4 6 6 5 5 4 4 7 7 5 5 6 6 8 8 7 7 6 6 9 9 7 7 8 8 10 10 9 9 8 8 11 11 9 9 10 10 12 12 11 11 10 10 13 13 11 11 12 12 14 14 13 13 12 12 15 15 13 13 14 14 16 16 15 15 14 14 17 17 15 15 16 16 18 18 17 17 16 16 19 19 17 17 18 18 20 20 19 19 18 18 21 21 19 19 20 20 22 22 21 21 20 20 23 23 21 21 22 22 24 24 23 23 22 22 25 25 23 23 24 24 26 26 25 25 24 24 27 27 25 25 26 26 28 28 27 27 26 26 29 29 27 27 28 28 30 30 29 29 28 28 31 31 29 29 30 30 32 32 31 31 30 30 33 33 31 31 32 32 34 34 33 33 32 32 35 35 33 33 34 34 36 36 35 35 34 34 37 37 35 35 36 36 38 38 37 37 36 36 39 39 37 37 38 38 40 40 39 39 38 38 41 41 39 39 40 40 42 42 41 41 40 40 43 43 41 41 42 42 44 44 43 43 42 42 45 45 43 43 44 44 46 46 45 45 44 44 47 47 45 45 46 46 48 48 47 47 46 46 49 49 47 47 48 48 50 50 49 49 48 48 51 51 49 49 50 50 52 52 51 51 50 50 53 53 51 51 52 52 54 54 53 53 52 52 55 55 53 53 54 54 56 56 55 55 54 54 57 57 55 55 56 56 58 58 57 57 56 56 59 59 57 57 58 58 60 60 59 59 58 58 61 61 59 59 60 60 62 62 61 61 60 60 63 63 61 61 62 62 0 64 63 63 62 62 1 65 63 63 0 64 3 3 64 66 1 1 65 67 64 66 3 3 5 5 65 67 3 3 66 68 65 67 5 5 7 7 66 68 5 5 67 69 66 68 7 7 9 9 67 69 7 7 68 70 67 69 9 9 11 11 68 70 9 9 69 71 68 70 11 11 13 13 69 71 11 11 70 72 69 71 13 13 15 15 70 72 13 13 71 73 70 72 15 15 17 17 71 73 15 15 72 74 71 73 17 17 19 19 72 74 17 17 73 75 72 74 19 19 21 21 73 75 19 19 74 76 73 75 21 21 23 23 74 76 21 21 75 77 74 76 23 23 25 25 75 77 23 23 76 78 75 77 25 25 27 27 76 78 25 25 77 79 76 78 27 27 29 29 77 79 27 27 78 80 77 79 29 29 31 31 78 80 29 29 79 81 78 80 31 31 33 33 79 81 31 31 80 82 79 81 33 33 35 35 80 82 33 33 81 83 80 82 35 35 37 37 81 83 35 35 82 84 81 83 37 37 39 39 82 84 37 37 83 85 82 84 39 39 41 41 83 85 39 39 84 86 83 85 41 41 43 43 84 86 41 41 85 87 84 86 43 43 45 45 85 87 43 43 86 88 85 87 45 45 47 47 86 88 45 45 87 89 86 88 47 47 49 49 87 89 47 47 88 90 87 89 49 49 51 51 88 90 49 49 89 91 88 90 51 51 53 53 89 91 51 51 90 92 89 91 53 53 55 55 90 92 53 53 91 93 90 92 55 55 57 57 91 93 55 55 92 94 91 93 57 57 59 59 92 94 57 57 93 95 92 94 59 59 61 61 93 95 59 59 94 96 93 95 61 61 63 63 94 96 61 61 95 97 94 96 63 63 1 65 95 97 63 63 64 98 95 97 1 65</p>
                </polylist>
            </mesh>
        </geometry>
        <geometry id="mesh8_VC">
            <mesh>
                <source id="points8_VC">
                    <float_array id="pointarray8_VC" count="288">0.11760199815034866 65341.125 -785012.25 0.11759000271558762 26362.16796875 -785132.5 -153148.203125 65341.125 -769928.5 -153171.640625 26362.16796875 -770046.3125 -300411.125 65341.125 -725256.875 -300457.09375 26362.16796875 -725368 -436129.40625 65341.125 -652714.0625 -436196.21875 26362.16796875 -652813.875 -555087.5625 65341.125 -555087.6875 -555172.5 26362.16796875 -555172.625 -652714.0625 65341.125 -436129.625 -652813.875 26362.16796875 -436196.40625 -725256.875 65341.125 -300411.375 -725368 26362.16796875 -300457.3125 -769928.75 65341.125 -153148.421875 -770046.5625 26362.16796875 -153171.859375 -785012.4375 65341.125 -0.07375200092792511 -785132.625 26362.16796875 -0.07378699630498886 -769928.75 65341.125 153148.28125 -770046.5625 26362.16796875 153171.71875 -725256.9375 65341.125 300411.21875 -725368.0625 26362.16796875 300457.21875 -652714.1875 65341.125 436129.625 -652814.0625 26362.16796875 436196.3125 -555087.75 65341.125 555087.6875 -555172.75 26362.16796875 555172.625 -436129.625 65341.125 652714.1875 -436196.40625 26362.16796875 652814.0625 -300411.375 65341.125 725256.9375 -300457.3125 26362.16796875 725368.0625 -153148.40625 65341.125 769928.875 -153171.84375 26362.16796875 770046.75 -0.020820999518036842 65341.125 785012.5625 -0.020854000002145767 26362.16796875 785132.8125 153148.359375 65341.125 769928.875 153171.796875 26362.16796875 770046.75 300411.34375 65341.125 725257.125 300457.3125 26362.16796875 725368.1875 436129.65625 65341.125 652714.25 436196.5 26362.16796875 652814.125 555087.75 65341.125 555087.875 555172.75 26362.16796875 555172.875 652714.25 65341.125 436129.71875 652814.125 26362.173828125 436196.53125 725257.1875 65341.125 300411.4375 725368.25 26362.173828125 300457.4375 769929.125 65341.125 153148.4375 770046.9375 26362.16796875 153171.859375 785012.8125 65341.125 0.000024000000848900527 785133.0625 26362.16796875 0 769928.4375 65341.125 -153148.125 770046.25 26362.16796875 -153171.546875 725256.625 65341.125 -300411 725367.75 26362.16796875 -300456.96875 652713.9375 65341.125 -436129.3125 652813.8125 26362.16796875 -436196 555087.5625 65341.125 -555087.375 555172.5 26362.16796875 -555172.375 436129.5625 65341.125 -652713.8125 436196.28125 26362.16796875 -652813.6875 300411.3125 65341.125 -725256.5625 300457.28125 26362.16796875 -725367.625 153148.421875 65341.125 -769928.4375 153171.859375 26362.16796875 -770046.25 0.11421599984169006 -17190.234375 -780777.875 -152322.125 -17190.234375 -765775.625 -298790.6875 -17190.234375 -721344.9375 -433776.9375 -17190.234375 -649193.3125 -552093.4375 -17190.234375 -552093.5 -649193.25 -17190.234375 -433777.15625 -721344.9375 -17190.234375 -298790.9375 -765775.75 -17190.234375 -152322.359375 -780778.1875 -17190.234375 -0.07664400339126587 -765775.75 -17190.234375 152322.203125 -721345 -17190.234375 298790.8125 -649193.4375 -17190.234375 433777.0625 -552093.625 -17190.234375 552093.5 -433777.1875 -17190.234375 649193.4375 -298790.9375 -17190.234375 721345.125 -152322.328125 -17190.234375 765775.875 -0.02346000075340271 -17190.234375 780778.375 152322.28125 -17190.234375 765775.875 298790.9375 -17190.234375 721345.125 433777.25 -17190.234375 649193.5625 552093.6875 -17190.234375 552093.75 649193.5625 -17190.234375 433777.34375 721345.25 -17190.234375 298791.03125 765776.1875 -17190.234375 152322.34375 780778.625 -17190.234375 -0.0032659999560564756 765775.375 -17190.234375 -152322.046875 721344.75 -17190.234375 -298790.59375 649193.125 -17190.234375 -433776.875 552093.4375 -17190.234375 -552093.25 433777.0625 -17190.234375 -649193 298790.90625 -17190.234375 -721344.75 152322.34375 -17190.234375 -765775.5625</float_array>
                    <technique_common>
                        <accessor count="96" source="#pointarray8_VC" stride="3">
                            <param name="X" type="float"/>
                            <param name="Y" type="float"/>
                            <param name="Z" type="float"/>
                        </accessor>
                    </technique_common>
                </source>
                <source id="uvs8_VC">
                    <float_array id="uvarray8_VC" count="6">0.500244140625 0.5330729166666667 0.500244140625 0.4669270833333333 0.937744140625 0.9330729166666667</float_array>
                    <technique_common>
                        <accessor count="1" source="#uvarray8_VC" stride="2">
                            <param name="S" type="float"/>
                            <param name="T" type="float"/>
                        </accessor>
                    </technique_common>
                </source>
                <vertices id="vertices8_VC">
                    <input semantic="POSITION" source="#points8_VC"/>
                </vertices>
                <polylist count="128" material="Material1">
                    <input offset="0" semantic="VERTEX" source="#vertices8_VC"/>
                    <input offset="1" semantic="TEXCOORD" source="#uvs8_VC" set="0"/>
                    <vcount>3 3 3 3 3 3 3 3 3 3 3 3 3 3 3 3 3 3 3 3 3 3 3 3 3 3 3 3 3 3 3 3 3 3 3 3 3 3 3 3 3 3 3 3 3 3 3 3 3 3 3 3 3 3 3 3 3 3 3 3 3 3 3 3 3 3 3 3 3 3 3 3 3 3 3 3 3 3 3 3 3 3 3 3 3 3 3 3 3 3 3 3 3 3 3 3 3 3 3 3 3 3 3 3 3 3 3 3 3 3 3 3 3 3 3 3 3 3 3 3 3 3 3 3 3 3 3 3</vcount>
                    <p>2 0 1 1 0 0 3 1 1 1 2 0 4 0 3 1 2 0 5 1 3 1 4 0 6 0 5 1 4 0 7 1 5 1 6 0 8 0 7 1 6 0 9 1 7 1 8 0 10 0 9 1 8 0 11 1 9 1 10 0 12 0 11 1 10 0 13 1 11 1 12 0 14 0 13 1 12 0 15 1 13 1 14 0 16 0 15 1 14 0 17 1 15 1 16 0 18 0 17 1 16 0 19 1 17 1 18 0 20 0 19 1 18 0 21 1 19 1 20 0 22 0 21 1 20 0 23 1 21 1 22 0 24 0 23 1 22 0 25 1 23 1 24 0 26 0 25 1 24 0 27 1 25 1 26 0 28 0 27 1 26 0 29 1 27 1 28 0 30 0 29 1 28 0 31 1 29 1 30 0 32 0 31 1 30 0 33 1 31 1 32 0 34 0 33 1 32 0 35 1 33 1 34 0 36 0 35 1 34 0 37 1 35 1 36 0 38 0 37 1 36 0 39 1 37 1 38 0 40 0 39 1 38 0 41 1 39 1 40 0 42 0 41 1 40 0 43 1 41 1 42 0 44 0 43 1 42 0 45 1 43 1 44 0 46 0 45 1 44 0 47 1 45 1 46 0 48 0 47 1 46 0 49 1 47 1 48 0 50 0 49 1 48 0 51 1 49 1 50 0 52 0 51 1 50 0 53 1 51 1 52 0 54 0 53 1 52 0 55 1 53 1 54 0 56 0 55 1 54 0 57 1 55 1 56 0 58 0 57 1 56 0 59 1 57 1 58 0 60 0 59 1 58 0 61 1 59 1 60 0 62 0 61 1 60 0 63 1 61 1 62 0 0 0 63 1 62 0 1 1 63 1 0 0 3 2 64 2 1 2 65 2 64 2 3 2 5 2 65 2 3 2 66 2 65 2 5 2 7 2 66 2 5 2 67 2 66 2 7 2 9 2 67 2 7 2 68 2 67 2 9 2 11 2 68 2 9 2 69 2 68 2 11 2 13 2 69 2 11 2 70 2 69 2 13 2 15 2 70 2 13 2 71 2 70 2 15 2 17 2 71 2 15 2 72 2 71 2 17 2 19 2 72 2 17 2 73 2 72 2 19 2 21 2 73 2 19 2 74 2 73 2 21 2 23 2 74 2 21 2 75 2 74 2 23 2 25 2 75 2 23 2 76 2 75 2 25 2 27 2 76 2 25 2 77 2 76 2 27 2 29 2 77 2 27 2 78 2 77 2 29 2 31 2 78 2 29 2 79 2 78 2 31 2 33 2 79 2 31 2 80 2 79 2 33 2 35 2 80 2 33 2 81 2 80 2 35 2 37 2 81 2 35 2 82 2 81 2 37 2 39 2 82 2 37 2 83 2 82 2 39 2 41 2 83 2 39 2 84 2 83 2 41 2 43 2 84 2 41 2 85 2 84 2 43 2 45 2 85 2 43 2 86 2 85 2 45 2 47 2 86 2 45 2 87 2 86 2 47 2 49 2 87 2 47 2 88 2 87 2 49 2 51 2 88 2 49 2 89 2 88 2 51 2 53 2 89 2 51 2 90 2 89 2 53 2 55 2 90 2 53 2 91 2 90 2 55 2 57 2 91 2 55 2 92 2 91 2 57 2 59 2 92 2 57 2 93 2 92 2 59 2 61 2 93 2 59 2 94 2 93 2 61 2 63 2 94 2 61 2 95 2 94 2 63 2 1 2 95 2 63 2 64 2 95 2 1 2</p>
                </polylist>
            </mesh>
        </geometry>
    </library_geometries>
    <library_controllers>
        <controller id="controller0">
            <skin source="#mesh0">
                <bind_shape_matrix>1 0 0 0 0 1 0 0 0 0 1 0 0 0 0 1</bind_shape_matrix>
                <source id="joints0">
                    <Name_array id="JointArr0" count="9">jointnode-1 jointnode0 jointnode1 jointnode2 jointnode3 jointnode4 jointnode5 jointnode6 jointnode7</Name_array>
                    <technique_common>
                        <accessor source="#JointArr0" count="9">
                            <param name="JOINT" type="Name" />
                        </accessor>
                    </technique_common>
                </source>
                <source id="matrices0">
                    <float_array id="MatArr0" count="144">1 0 0 0 0 1 0 0 0 0 1 0 0 0 0 1 1 0 0 0 0 1 0 0 0 0 1 0 0 0 0 1 0.8959115719202327 0.35322292883640144 0.26939936496519834 22517.358693051403 0.2767377645846086 -0.9181637177086227 0.2835341198801197 161055.56929459647 0.34750347473389587 -0.17946852099383556 -0.9203436233386709 -6974.665345512153 0 0 0 1 0.8959115719202327 0.35322292883640144 0.26939936496519834 22517.358693051403 0.2767377645846086 -0.9181637177086227 0.2835341198801197 161055.56929459647 0.34750347473389587 -0.17946852099383556 -0.9203436233386709 -6974.665345512153 0 0 0 1 0.8959115719202327 0.35322292883640144 0.26939936496519834 -495525.2975569487 0.2767377645846086 -0.9181637177086227 0.2835341198801197 161055.56929559648 0.34750347473389587 -0.17946852099383556 -0.9203436233386709 -484654.35284551216 0 0 0 1 0.8959115719202327 0.35322292883640144 0.26939936496519834 -484575.29755694856 0.2767377645846086 -0.9181637177086227 0.2835341198801197 161055.5692945965 0.34750347473389587 -0.17946852099383556 -0.9203436233386709 -497638.35284551216 0 0 0 1 0.8959115719202327 0.35322292883640144 0.26939936496519834 16474.639943051443 0.2767377645846086 -0.9181637177086227 0.2835341198801197 161055.5692945965 0.34750347473389587 -0.17946852099383556 -0.9203436233386709 -1289.0090955121334 0 0 0 1 0.8959115719202327 0.35322292883640144 0.26939936496519834 16474.639943051443 0.2767377645846086 -0.9181637177086227 0.2835341198801197 161055.5692945965 0.34750347473389587 -0.17946852099383556 -0.9203436233386709 -1289.0090955121334 0 0 0 1 1 0 0 0 0 1 0 0 0 0 1 0 0 0 0 1</float_array>
                    <technique_common>
                        <accessor source="#MatArr0" count="9" stride="16">
                            <param type="float4x4" />
                        </accessor>
                    </technique_common>
                </source>
                <source id="weights0">
                    <float_array id="WeightArr0" count="1">1</float_array>
                    <technique_common>
                        <accessor source="#WeightArr0" count="1">
                            <param type="float" />
                        </accessor>
                    </technique_common>
                </source>
                <joints>
                    <input semantic="JOINT" source="#joints0" />
                    <input semantic="INV_BIND_MATRIX" source="#matrices0" />
                </joints>
                <vertex_weights count="221">
                    <input semantic="JOINT" offset="0" source="#joints0" />
                    <input semantic="WEIGHT" offset="1" source="#weights0" />
                    <vcount>1 1 1 1 1 1 1 1 1 1 1 1 1 1 1 1 1 1 1 1 1 1 1 1 1 1 1 1 1 1 1 1 1 1 1 1 1 1 1 1 1 1 1 1 1 1 1 1 1 1 1 1 1 1 1 1 1 1 1 1 1 1 1 1 1 1 1 1 1 1 1 1 1 1 1 1 1 1 1 1 1 1 1 1 1 1 1 1 1 1 1 1 1 1 1 1 1 1 1 1 1 1 1 1 1 1 1 1 1 1 1 1 1 1 1 1 1 1 1 1 1 1 1 1 1 1 1 1 1 1 1 1 1 1 1 1 1 1 1 1 1 1 1 1 1 1 1 1 1 1 1 1 1 1 1 1 1 1 1 1 1 1 1 1 1 1 1 1 1 1 1 1 1 1 1 1 1 1 1 1 1 1 1 1 1 1 1 1 1 1 1 1 1 1 1 1 1 1 1 1 1 1 1 1 1 1 1 1 1 1 1 1 1 1 1 1 1 1 1 1 1</vcount>
                    <v>3 0 3 0 3 0 3 0 3 0 3 0 3 0 3 0 3 0 3 0 3 0 3 0 3 0 3 0 3 0 3 0 3 0 3 0 3 0 3 0 3 0 3 0 3 0 3 0 3 0 3 0 3 0 3 0 3 0 3 0 3 0 3 0 3 0 3 0 3 0 3 0 3 0 3 0 3 0 3 0 3 0 3 0 3 0 3 0 3 0 3 0 3 0 3 0 3 0 3 0 3 0 3 0 3 0 3 0 3 0 3 0 3 0 3 0 3 0 3 0 3 0 3 0 3 0 3 0 3 0 3 0 3 0 3 0 3 0 3 0 3 0 3 0 3 0 3 0 3 0 3 0 3 0 3 0 3 0 3 0 3 0 3 0 3 0 3 0 3 0 3 0 3 0 3 0 3 0 3 0 3 0 3 0 3 0 3 0 3 0 3 0 3 0 3 0 3 0 3 0 3 0 3 0 3 0 3 0 3 0 3 0 3 0 3 0 3 0 3 0 3 0 3 0 3 0 3 0 3 0 3 0 3 0 3 0 3 0 3 0 3 0 3 0 3 0 3 0 3 0 3 0 3 0 3 0 3 0 3 0 3 0 3 0 3 0 3 0 3 0 3 0 3 0 3 0 3 0 3 0 3 0 3 0 3 0 3 0 3 0 3 0 3 0 3 0 3 0 3 0 3 0 3 0 3 0 3 0 3 0 3 0 3 0 3 0 3 0 3 0 3 0 3 0 3 0 3 0 3 0 3 0 3 0 3 0 3 0 3 0 3 0 3 0 3 0 3 0 3 0 3 0 3 0 3 0 3 0 3 0 3 0 3 0 3 0 3 0 3 0 3 0 3 0 3 0 3 0 3 0 3 0 3 0 3 0 3 0 3 0 3 0 3 0 3 0 3 0 3 0 3 0 3 0 3 0 3 0 3 0 3 0 3 0 3 0 3 0 3 0 3 0 3 0 3 0 3 0 3 0 3 0 3 0 3 0 3 0 3 0 3 0</v>
                </vertex_weights>
            </skin>
        </controller>
        <controller id="controller0_VC">
            <skin source="#mesh0_VC">
                <bind_shape_matrix>1 0 0 0 0 1 0 0 0 0 1 0 0 0 0 1</bind_shape_matrix>
                <source id="joints0_VC">
                    <Name_array id="JointArr0_VC" count="9">jointnode-1 jointnode0 jointnode1 jointnode2 jointnode3 jointnode4 jointnode5 jointnode6 jointnode7</Name_array>
                    <technique_common>
                        <accessor source="#JointArr0_VC" count="9">
                            <param name="JOINT" type="Name" />
                        </accessor>
                    </technique_common>
                </source>
                <source id="matrices0_VC">
                    <float_array id="MatArr0_VC" count="144">1 0 0 0 0 1 0 0 0 0 1 0 0 0 0 1 1 0 0 0 0 1 0 0 0 0 1 0 0 0 0 1 0.8959115719202327 0.35322292883640144 0.26939936496519834 22517.358693051403 0.2767377645846086 -0.9181637177086227 0.2835341198801197 161055.56929459647 0.34750347473389587 -0.17946852099383556 -0.9203436233386709 -6974.665345512153 0 0 0 1 0.8959115719202327 0.35322292883640144 0.26939936496519834 22517.358693051403 0.2767377645846086 -0.9181637177086227 0.2835341198801197 161055.56929459647 0.34750347473389587 -0.17946852099383556 -0.9203436233386709 -6974.665345512153 0 0 0 1 0.8959115719202327 0.35322292883640144 0.26939936496519834 -495525.2975569487 0.2767377645846086 -0.9181637177086227 0.2835341198801197 161055.56929559648 0.34750347473389587 -0.17946852099383556 -0.9203436233386709 -484654.35284551216 0 0 0 1 0.8959115719202327 0.35322292883640144 0.26939936496519834 -484575.29755694856 0.2767377645846086 -0.9181637177086227 0.2835341198801197 161055.5692945965 0.34750347473389587 -0.17946852099383556 -0.9203436233386709 -497638.35284551216 0 0 0 1 0.8959115719202327 0.35322292883640144 0.26939936496519834 16474.639943051443 0.2767377645846086 -0.9181637177086227 0.2835341198801197 161055.5692945965 0.34750347473389587 -0.17946852099383556 -0.9203436233386709 -1289.0090955121334 0 0 0 1 0.8959115719202327 0.35322292883640144 0.26939936496519834 16474.639943051443 0.2767377645846086 -0.9181637177086227 0.2835341198801197 161055.5692945965 0.34750347473389587 -0.17946852099383556 -0.9203436233386709 -1289.0090955121334 0 0 0 1 1 0 0 0 0 1 0 0 0 0 1 0 0 0 0 1</float_array>
                    <technique_common>
                        <accessor source="#MatArr0_VC" count="9" stride="16">
                            <param type="float4x4" />
                        </accessor>
                    </technique_common>
                </source>
                <source id="weights0_VC">
                    <float_array id="WeightArr0_VC" count="1">1</float_array>
                    <technique_common>
                        <accessor source="#WeightArr0_VC" count="1">
                            <param type="float" />
                        </accessor>
                    </technique_common>
                </source>
                <joints>
                    <input semantic="JOINT" source="#joints0_VC" />
                    <input semantic="INV_BIND_MATRIX" source="#matrices0_VC" />
                </joints>
                <vertex_weights count="221">
                    <input semantic="JOINT" offset="0" source="#joints0_VC" />
                    <input semantic="WEIGHT" offset="1" source="#weights0_VC" />
                    <vcount>1 1 1 1 1 1 1 1 1 1 1 1 1 1 1 1 1 1 1 1 1 1 1 1 1 1 1 1 1 1 1 1 1 1 1 1 1 1 1 1 1 1 1 1 1 1 1 1 1 1 1 1 1 1 1 1 1 1 1 1 1 1 1 1 1 1 1 1 1 1 1 1 1 1 1 1 1 1 1 1 1 1 1 1 1 1 1 1 1 1 1 1 1 1 1 1 1 1 1 1 1 1 1 1 1 1 1 1 1 1 1 1 1 1 1 1 1 1 1 1 1 1 1 1 1 1 1 1 1 1 1 1 1 1 1 1 1 1 1 1 1 1 1 1 1 1 1 1 1 1 1 1 1 1 1 1 1 1 1 1 1 1 1 1 1 1 1 1 1 1 1 1 1 1 1 1 1 1 1 1 1 1 1 1 1 1 1 1 1 1 1 1 1 1 1 1 1 1 1 1 1 1 1 1 1 1 1 1 1 1 1 1 1 1 1 1 1 1 1 1 1</vcount>
                    <v>3 0 3 0 3 0 3 0 3 0 3 0 3 0 3 0 3 0 3 0 3 0 3 0 3 0 3 0 3 0 3 0 3 0 3 0 3 0 3 0 3 0 3 0 3 0 3 0 3 0 3 0 3 0 3 0 3 0 3 0 3 0 3 0 3 0 3 0 3 0 3 0 3 0 3 0 3 0 3 0 3 0 3 0 3 0 3 0 3 0 3 0 3 0 3 0 3 0 3 0 3 0 3 0 3 0 3 0 3 0 3 0 3 0 3 0 3 0 3 0 3 0 3 0 3 0 3 0 3 0 3 0 3 0 3 0 3 0 3 0 3 0 3 0 3 0 3 0 3 0 3 0 3 0 3 0 3 0 3 0 3 0 3 0 3 0 3 0 3 0 3 0 3 0 3 0 3 0 3 0 3 0 3 0 3 0 3 0 3 0 3 0 3 0 3 0 3 0 3 0 3 0 3 0 3 0 3 0 3 0 3 0 3 0 3 0 3 0 3 0 3 0 3 0 3 0 3 0 3 0 3 0 3 0 3 0 3 0 3 0 3 0 3 0 3 0 3 0 3 0 3 0 3 0 3 0 3 0 3 0 3 0 3 0 3 0 3 0 3 0 3 0 3 0 3 0 3 0 3 0 3 0 3 0 3 0 3 0 3 0 3 0 3 0 3 0 3 0 3 0 3 0 3 0 3 0 3 0 3 0 3 0 3 0 3 0 3 0 3 0 3 0 3 0 3 0 3 0 3 0 3 0 3 0 3 0 3 0 3 0 3 0 3 0 3 0 3 0 3 0 3 0 3 0 3 0 3 0 3 0 3 0 3 0 3 0 3 0 3 0 3 0 3 0 3 0 3 0 3 0 3 0 3 0 3 0 3 0 3 0 3 0 3 0 3 0 3 0 3 0 3 0 3 0 3 0 3 0 3 0 3 0 3 0 3 0 3 0 3 0 3 0 3 0 3 0 3 0 3 0 3 0 3 0 3 0 3 0 3 0 3 0</v>
                </vertex_weights>
            </skin>
        </controller>
        <controller id="controller1">
            <skin source="#mesh1">
                <bind_shape_matrix>1 0 0 0 0 1 0 0 0 0 1 0 0 0 0 1</bind_shape_matrix>
                <source id="joints1">
                    <Name_array id="JointArr1" count="9">jointnode-1 jointnode0 jointnode1 jointnode2 jointnode3 jointnode4 jointnode5 jointnode6 jointnode7</Name_array>
                    <technique_common>
                        <accessor source="#JointArr1" count="9">
                            <param name="JOINT" type="Name" />
                        </accessor>
                    </technique_common>
                </source>
                <source id="matrices1">
                    <float_array id="MatArr1" count="144">1 0 0 0 0 1 0 0 0 0 1 0 0 0 0 1 1 0 0 0 0 1 0 0 0 0 1 0 0 0 0 1 0.8959115719202327 0.35322292883640144 0.26939936496519834 22517.358693051403 0.2767377645846086 -0.9181637177086227 0.2835341198801197 161055.56929459647 0.34750347473389587 -0.17946852099383556 -0.9203436233386709 -6974.665345512153 0 0 0 1 0.8959115719202327 0.35322292883640144 0.26939936496519834 22517.358693051403 0.2767377645846086 -0.9181637177086227 0.2835341198801197 161055.56929459647 0.34750347473389587 -0.17946852099383556 -0.9203436233386709 -6974.665345512153 0 0 0 1 0.8959115719202327 0.35322292883640144 0.26939936496519834 -495525.2975569487 0.2767377645846086 -0.9181637177086227 0.2835341198801197 161055.56929559648 0.34750347473389587 -0.17946852099383556 -0.9203436233386709 -484654.35284551216 0 0 0 1 0.8959115719202327 0.35322292883640144 0.26939936496519834 -484575.29755694856 0.2767377645846086 -0.9181637177086227 0.2835341198801197 161055.5692945965 0.34750347473389587 -0.17946852099383556 -0.9203436233386709 -497638.35284551216 0 0 0 1 0.8959115719202327 0.35322292883640144 0.26939936496519834 16474.639943051443 0.2767377645846086 -0.9181637177086227 0.2835341198801197 161055.5692945965 0.34750347473389587 -0.17946852099383556 -0.9203436233386709 -1289.0090955121334 0 0 0 1 0.8959115719202327 0.35322292883640144 0.26939936496519834 16474.639943051443 0.2767377645846086 -0.9181637177086227 0.2835341198801197 161055.5692945965 0.34750347473389587 -0.17946852099383556 -0.9203436233386709 -1289.0090955121334 0 0 0 1 1 0 0 0 0 1 0 0 0 0 1 0 0 0 0 1</float_array>
                    <technique_common>
                        <accessor source="#MatArr1" count="9" stride="16">
                            <param type="float4x4" />
                        </accessor>
                    </technique_common>
                </source>
                <source id="weights1">
                    <float_array id="WeightArr1" count="1">1</float_array>
                    <technique_common>
                        <accessor source="#WeightArr1" count="1">
                            <param type="float" />
                        </accessor>
                    </technique_common>
                </source>
                <joints>
                    <input semantic="JOINT" source="#joints1" />
                    <input semantic="INV_BIND_MATRIX" source="#matrices1" />
                </joints>
                <vertex_weights count="50">
                    <input semantic="JOINT" offset="0" source="#joints1" />
                    <input semantic="WEIGHT" offset="1" source="#weights1" />
                    <vcount>1 1 1 1 1 1 1 1 1 1 1 1 1 1 1 1 1 1 1 1 1 1 1 1 1 1 1 1 1 1 1 1 1 1 1 1 1 1 1 1 1 1 1 1 1 1 1 1 1 1</vcount>
                    <v>4 0 4 0 4 0 4 0 4 0 4 0 4 0 4 0 4 0 4 0 4 0 4 0 4 0 4 0 4 0 4 0 4 0 4 0 4 0 4 0 4 0 4 0 4 0 4 0 4 0 4 0 4 0 4 0 4 0 4 0 4 0 4 0 4 0 4 0 4 0 4 0 4 0 4 0 4 0 4 0 4 0 4 0 4 0 4 0 4 0 4 0 4 0 4 0 4 0 4 0</v>
                </vertex_weights>
            </skin>
        </controller>
        <controller id="controller2">
            <skin source="#mesh2">
                <bind_shape_matrix>1 0 0 0 0 1 0 0 0 0 1 0 0 0 0 1</bind_shape_matrix>
                <source id="joints2">
                    <Name_array id="JointArr2" count="9">jointnode-1 jointnode0 jointnode1 jointnode2 jointnode3 jointnode4 jointnode5 jointnode6 jointnode7</Name_array>
                    <technique_common>
                        <accessor source="#JointArr2" count="9">
                            <param name="JOINT" type="Name" />
                        </accessor>
                    </technique_common>
                </source>
                <source id="matrices2">
                    <float_array id="MatArr2" count="144">1 0 0 0 0 1 0 0 0 0 1 0 0 0 0 1 1 0 0 0 0 1 0 0 0 0 1 0 0 0 0 1 0.8959115719202327 0.35322292883640144 0.26939936496519834 22517.358693051403 0.2767377645846086 -0.9181637177086227 0.2835341198801197 161055.56929459647 0.34750347473389587 -0.17946852099383556 -0.9203436233386709 -6974.665345512153 0 0 0 1 0.8959115719202327 0.35322292883640144 0.26939936496519834 22517.358693051403 0.2767377645846086 -0.9181637177086227 0.2835341198801197 161055.56929459647 0.34750347473389587 -0.17946852099383556 -0.9203436233386709 -6974.665345512153 0 0 0 1 0.8959115719202327 0.35322292883640144 0.26939936496519834 -495525.2975569487 0.2767377645846086 -0.9181637177086227 0.2835341198801197 161055.56929559648 0.34750347473389587 -0.17946852099383556 -0.9203436233386709 -484654.35284551216 0 0 0 1 0.8959115719202327 0.35322292883640144 0.26939936496519834 -484575.29755694856 0.2767377645846086 -0.9181637177086227 0.2835341198801197 161055.5692945965 0.34750347473389587 -0.17946852099383556 -0.9203436233386709 -497638.35284551216 0 0 0 1 0.8959115719202327 0.35322292883640144 0.26939936496519834 16474.639943051443 0.2767377645846086 -0.9181637177086227 0.2835341198801197 161055.5692945965 0.34750347473389587 -0.17946852099383556 -0.9203436233386709 -1289.0090955121334 0 0 0 1 0.8959115719202327 0.35322292883640144 0.26939936496519834 16474.639943051443 0.2767377645846086 -0.9181637177086227 0.2835341198801197 161055.5692945965 0.34750347473389587 -0.17946852099383556 -0.9203436233386709 -1289.0090955121334 0 0 0 1 1 0 0 0 0 1 0 0 0 0 1 0 0 0 0 1</float_array>
                    <technique_common>
                        <accessor source="#MatArr2" count="9" stride="16">
                            <param type="float4x4" />
                        </accessor>
                    </technique_common>
                </source>
                <source id="weights2">
                    <float_array id="WeightArr2" count="1">1</float_array>
                    <technique_common>
                        <accessor source="#WeightArr2" count="1">
                            <param type="float" />
                        </accessor>
                    </technique_common>
                </source>
                <joints>
                    <input semantic="JOINT" source="#joints2" />
                    <input semantic="INV_BIND_MATRIX" source="#matrices2" />
                </joints>
                <vertex_weights count="112">
                    <input semantic="JOINT" offset="0" source="#joints2" />
                    <input semantic="WEIGHT" offset="1" source="#weights2" />
                    <vcount>1 1 1 1 1 1 1 1 1 1 1 1 1 1 1 1 1 1 1 1 1 1 1 1 1 1 1 1 1 1 1 1 1 1 1 1 1 1 1 1 1 1 1 1 1 1 1 1 1 1 1 1 1 1 1 1 1 1 1 1 1 1 1 1 1 1 1 1 1 1 1 1 1 1 1 1 1 1 1 1 1 1 1 1 1 1 1 1 1 1 1 1 1 1 1 1 1 1 1 1 1 1 1 1 1 1 1 1 1 1 1 1</vcount>
                    <v>6 0 6 0 6 0 6 0 6 0 6 0 6 0 6 0 6 0 6 0 6 0 6 0 6 0 6 0 6 0 6 0 6 0 6 0 6 0 6 0 6 0 6 0 6 0 6 0 6 0 6 0 6 0 6 0 6 0 6 0 6 0 6 0 6 0 6 0 6 0 6 0 6 0 6 0 6 0 6 0 6 0 6 0 6 0 6 0 6 0 6 0 6 0 6 0 6 0 6 0 6 0 6 0 6 0 6 0 6 0 6 0 6 0 6 0 6 0 6 0 6 0 6 0 6 0 6 0 6 0 6 0 6 0 6 0 6 0 6 0 6 0 6 0 6 0 6 0 6 0 6 0 6 0 6 0 6 0 6 0 6 0 6 0 6 0 6 0 6 0 6 0 6 0 6 0 6 0 6 0 6 0 6 0 6 0 6 0 6 0 6 0 6 0 6 0 6 0 6 0 6 0 6 0 6 0 6 0 6 0 6 0 6 0 6 0 6 0 6 0 6 0 6 0</v>
                </vertex_weights>
            </skin>
        </controller>
        <controller id="controller2_VC">
            <skin source="#mesh2_VC">
                <bind_shape_matrix>1 0 0 0 0 1 0 0 0 0 1 0 0 0 0 1</bind_shape_matrix>
                <source id="joints2_VC">
                    <Name_array id="JointArr2_VC" count="9">jointnode-1 jointnode0 jointnode1 jointnode2 jointnode3 jointnode4 jointnode5 jointnode6 jointnode7</Name_array>
                    <technique_common>
                        <accessor source="#JointArr2_VC" count="9">
                            <param name="JOINT" type="Name" />
                        </accessor>
                    </technique_common>
                </source>
                <source id="matrices2_VC">
                    <float_array id="MatArr2_VC" count="144">1 0 0 0 0 1 0 0 0 0 1 0 0 0 0 1 1 0 0 0 0 1 0 0 0 0 1 0 0 0 0 1 0.8959115719202327 0.35322292883640144 0.26939936496519834 22517.358693051403 0.2767377645846086 -0.9181637177086227 0.2835341198801197 161055.56929459647 0.34750347473389587 -0.17946852099383556 -0.9203436233386709 -6974.665345512153 0 0 0 1 0.8959115719202327 0.35322292883640144 0.26939936496519834 22517.358693051403 0.2767377645846086 -0.9181637177086227 0.2835341198801197 161055.56929459647 0.34750347473389587 -0.17946852099383556 -0.9203436233386709 -6974.665345512153 0 0 0 1 0.8959115719202327 0.35322292883640144 0.26939936496519834 -495525.2975569487 0.2767377645846086 -0.9181637177086227 0.2835341198801197 161055.56929559648 0.34750347473389587 -0.17946852099383556 -0.9203436233386709 -484654.35284551216 0 0 0 1 0.8959115719202327 0.35322292883640144 0.26939936496519834 -484575.29755694856 0.2767377645846086 -0.9181637177086227 0.2835341198801197 161055.5692945965 0.34750347473389587 -0.17946852099383556 -0.9203436233386709 -497638.35284551216 0 0 0 1 0.8959115719202327 0.35322292883640144 0.26939936496519834 16474.639943051443 0.2767377645846086 -0.9181637177086227 0.2835341198801197 161055.5692945965 0.34750347473389587 -0.17946852099383556 -0.9203436233386709 -1289.0090955121334 0 0 0 1 0.8959115719202327 0.35322292883640144 0.26939936496519834 16474.639943051443 0.2767377645846086 -0.9181637177086227 0.2835341198801197 161055.5692945965 0.34750347473389587 -0.17946852099383556 -0.9203436233386709 -1289.0090955121334 0 0 0 1 1 0 0 0 0 1 0 0 0 0 1 0 0 0 0 1</float_array>
                    <technique_common>
                        <accessor source="#MatArr2_VC" count="9" stride="16">
                            <param type="float4x4" />
                        </accessor>
                    </technique_common>
                </source>
                <source id="weights2_VC">
                    <float_array id="WeightArr2_VC" count="1">1</float_array>
                    <technique_common>
                        <accessor source="#WeightArr2_VC" count="1">
                            <param type="float" />
                        </accessor>
                    </technique_common>
                </source>
                <joints>
                    <input semantic="JOINT" source="#joints2_VC" />
                    <input semantic="INV_BIND_MATRIX" source="#matrices2_VC" />
                </joints>
                <vertex_weights count="112">
                    <input semantic="JOINT" offset="0" source="#joints2_VC" />
                    <input semantic="WEIGHT" offset="1" source="#weights2_VC" />
                    <vcount>1 1 1 1 1 1 1 1 1 1 1 1 1 1 1 1 1 1 1 1 1 1 1 1 1 1 1 1 1 1 1 1 1 1 1 1 1 1 1 1 1 1 1 1 1 1 1 1 1 1 1 1 1 1 1 1 1 1 1 1 1 1 1 1 1 1 1 1 1 1 1 1 1 1 1 1 1 1 1 1 1 1 1 1 1 1 1 1 1 1 1 1 1 1 1 1 1 1 1 1 1 1 1 1 1 1 1 1 1 1 1 1</vcount>
                    <v>6 0 6 0 6 0 6 0 6 0 6 0 6 0 6 0 6 0 6 0 6 0 6 0 6 0 6 0 6 0 6 0 6 0 6 0 6 0 6 0 6 0 6 0 6 0 6 0 6 0 6 0 6 0 6 0 6 0 6 0 6 0 6 0 6 0 6 0 6 0 6 0 6 0 6 0 6 0 6 0 6 0 6 0 6 0 6 0 6 0 6 0 6 0 6 0 6 0 6 0 6 0 6 0 6 0 6 0 6 0 6 0 6 0 6 0 6 0 6 0 6 0 6 0 6 0 6 0 6 0 6 0 6 0 6 0 6 0 6 0 6 0 6 0 6 0 6 0 6 0 6 0 6 0 6 0 6 0 6 0 6 0 6 0 6 0 6 0 6 0 6 0 6 0 6 0 6 0 6 0 6 0 6 0 6 0 6 0 6 0 6 0 6 0 6 0 6 0 6 0 6 0 6 0 6 0 6 0 6 0 6 0 6 0 6 0 6 0 6 0 6 0 6 0</v>
                </vertex_weights>
            </skin>
        </controller>
        <controller id="controller3">
            <skin source="#mesh3">
                <bind_shape_matrix>1 0 0 0 0 1 0 0 0 0 1 0 0 0 0 1</bind_shape_matrix>
                <source id="joints3">
                    <Name_array id="JointArr3" count="9">jointnode-1 jointnode0 jointnode1 jointnode2 jointnode3 jointnode4 jointnode5 jointnode6 jointnode7</Name_array>
                    <technique_common>
                        <accessor source="#JointArr3" count="9">
                            <param name="JOINT" type="Name" />
                        </accessor>
                    </technique_common>
                </source>
                <source id="matrices3">
                    <float_array id="MatArr3" count="144">1 0 0 0 0 1 0 0 0 0 1 0 0 0 0 1 1 0 0 0 0 1 0 0 0 0 1 0 0 0 0 1 0.8959115719202327 0.35322292883640144 0.26939936496519834 22517.358693051403 0.2767377645846086 -0.9181637177086227 0.2835341198801197 161055.56929459647 0.34750347473389587 -0.17946852099383556 -0.9203436233386709 -6974.665345512153 0 0 0 1 0.8959115719202327 0.35322292883640144 0.26939936496519834 22517.358693051403 0.2767377645846086 -0.9181637177086227 0.2835341198801197 161055.56929459647 0.34750347473389587 -0.17946852099383556 -0.9203436233386709 -6974.665345512153 0 0 0 1 0.8959115719202327 0.35322292883640144 0.26939936496519834 -495525.2975569487 0.2767377645846086 -0.9181637177086227 0.2835341198801197 161055.56929559648 0.34750347473389587 -0.17946852099383556 -0.9203436233386709 -484654.35284551216 0 0 0 1 0.8959115719202327 0.35322292883640144 0.26939936496519834 -484575.29755694856 0.2767377645846086 -0.9181637177086227 0.2835341198801197 161055.5692945965 0.34750347473389587 -0.17946852099383556 -0.9203436233386709 -497638.35284551216 0 0 0 1 0.8959115719202327 0.35322292883640144 0.26939936496519834 16474.639943051443 0.2767377645846086 -0.9181637177086227 0.2835341198801197 161055.5692945965 0.34750347473389587 -0.17946852099383556 -0.9203436233386709 -1289.0090955121334 0 0 0 1 0.8959115719202327 0.35322292883640144 0.26939936496519834 16474.639943051443 0.2767377645846086 -0.9181637177086227 0.2835341198801197 161055.5692945965 0.34750347473389587 -0.17946852099383556 -0.9203436233386709 -1289.0090955121334 0 0 0 1 1 0 0 0 0 1 0 0 0 0 1 0 0 0 0 1</float_array>
                    <technique_common>
                        <accessor source="#MatArr3" count="9" stride="16">
                            <param type="float4x4" />
                        </accessor>
                    </technique_common>
                </source>
                <source id="weights3">
                    <float_array id="WeightArr3" count="1">1</float_array>
                    <technique_common>
                        <accessor source="#WeightArr3" count="1">
                            <param type="float" />
                        </accessor>
                    </technique_common>
                </source>
                <joints>
                    <input semantic="JOINT" source="#joints3" />
                    <input semantic="INV_BIND_MATRIX" source="#matrices3" />
                </joints>
                <vertex_weights count="245">
                    <input semantic="JOINT" offset="0" source="#joints3" />
                    <input semantic="WEIGHT" offset="1" source="#weights3" />
                    <vcount>1 1 1 1 1 1 1 1 1 1 1 1 1 1 1 1 1 1 1 1 1 1 1 1 1 1 1 1 1 1 1 1 1 1 1 1 1 1 1 1 1 1 1 1 1 1 1 1 1 1 1 1 1 1 1 1 1 1 1 1 1 1 1 1 1 1 1 1 1 1 1 1 1 1 1 1 1 1 1 1 1 1 1 1 1 1 1 1 1 1 1 1 1 1 1 1 1 1 1 1 1 1 1 1 1 1 1 1 1 1 1 1 1 1 1 1 1 1 1 1 1 1 1 1 1 1 1 1 1 1 1 1 1 1 1 1 1 1 1 1 1 1 1 1 1 1 1 1 1 1 1 1 1 1 1 1 1 1 1 1 1 1 1 1 1 1 1 1 1 1 1 1 1 1 1 1 1 1 1 1 1 1 1 1 1 1 1 1 1 1 1 1 1 1 1 1 1 1 1 1 1 1 1 1 1 1 1 1 1 1 1 1 1 1 1 1 1 1 1 1 1 1 1 1 1 1 1 1 1 1 1 1 1 1 1 1 1 1 1 1 1 1 1 1 1</vcount>
                    <v>7 0 7 0 7 0 7 0 7 0 7 0 7 0 7 0 7 0 7 0 7 0 7 0 7 0 7 0 7 0 7 0 7 0 7 0 7 0 7 0 7 0 7 0 7 0 7 0 7 0 7 0 7 0 7 0 7 0 7 0 7 0 7 0 7 0 7 0 7 0 7 0 7 0 7 0 7 0 7 0 7 0 7 0 7 0 7 0 7 0 7 0 7 0 7 0 7 0 7 0 7 0 7 0 7 0 7 0 7 0 7 0 7 0 7 0 7 0 7 0 7 0 7 0 7 0 7 0 7 0 7 0 7 0 7 0 7 0 7 0 7 0 7 0 7 0 7 0 7 0 7 0 7 0 7 0 7 0 7 0 7 0 7 0 7 0 7 0 7 0 7 0 7 0 7 0 7 0 7 0 7 0 7 0 7 0 7 0 7 0 7 0 7 0 7 0 7 0 7 0 7 0 7 0 7 0 7 0 7 0 7 0 7 0 7 0 7 0 7 0 7 0 7 0 7 0 7 0 7 0 7 0 7 0 7 0 7 0 7 0 7 0 7 0 7 0 7 0 7 0 7 0 7 0 7 0 7 0 7 0 7 0 7 0 7 0 7 0 7 0 7 0 7 0 7 0 7 0 7 0 7 0 7 0 7 0 7 0 7 0 7 0 7 0 7 0 7 0 7 0 7 0 7 0 7 0 7 0 7 0 7 0 7 0 7 0 7 0 7 0 7 0 7 0 7 0 7 0 7 0 7 0 7 0 7 0 7 0 7 0 7 0 7 0 7 0 7 0 7 0 7 0 7 0 7 0 7 0 7 0 7 0 7 0 7 0 7 0 7 0 7 0 7 0 7 0 7 0 7 0 7 0 7 0 7 0 7 0 7 0 7 0 7 0 7 0 7 0 7 0 7 0 7 0 7 0 7 0 7 0 7 0 7 0 7 0 7 0 7 0 7 0 7 0 7 0 7 0 7 0 7 0 7 0 7 0 7 0 7 0 7 0 7 0 7 0 7 0 7 0 7 0 7 0 7 0 7 0 7 0 7 0 7 0 7 0 7 0 7 0 7 0 7 0 7 0 7 0 7 0 7 0 7 0 7 0 7 0 7 0</v>
                </vertex_weights>
            </skin>
        </controller>
        <controller id="controller3_VC">
            <skin source="#mesh3_VC">
                <bind_shape_matrix>1 0 0 0 0 1 0 0 0 0 1 0 0 0 0 1</bind_shape_matrix>
                <source id="joints3_VC">
                    <Name_array id="JointArr3_VC" count="9">jointnode-1 jointnode0 jointnode1 jointnode2 jointnode3 jointnode4 jointnode5 jointnode6 jointnode7</Name_array>
                    <technique_common>
                        <accessor source="#JointArr3_VC" count="9">
                            <param name="JOINT" type="Name" />
                        </accessor>
                    </technique_common>
                </source>
                <source id="matrices3_VC">
                    <float_array id="MatArr3_VC" count="144">1 0 0 0 0 1 0 0 0 0 1 0 0 0 0 1 1 0 0 0 0 1 0 0 0 0 1 0 0 0 0 1 0.8959115719202327 0.35322292883640144 0.26939936496519834 22517.358693051403 0.2767377645846086 -0.9181637177086227 0.2835341198801197 161055.56929459647 0.34750347473389587 -0.17946852099383556 -0.9203436233386709 -6974.665345512153 0 0 0 1 0.8959115719202327 0.35322292883640144 0.26939936496519834 22517.358693051403 0.2767377645846086 -0.9181637177086227 0.2835341198801197 161055.56929459647 0.34750347473389587 -0.17946852099383556 -0.9203436233386709 -6974.665345512153 0 0 0 1 0.8959115719202327 0.35322292883640144 0.26939936496519834 -495525.2975569487 0.2767377645846086 -0.9181637177086227 0.2835341198801197 161055.56929559648 0.34750347473389587 -0.17946852099383556 -0.9203436233386709 -484654.35284551216 0 0 0 1 0.8959115719202327 0.35322292883640144 0.26939936496519834 -484575.29755694856 0.2767377645846086 -0.9181637177086227 0.2835341198801197 161055.5692945965 0.34750347473389587 -0.17946852099383556 -0.9203436233386709 -497638.35284551216 0 0 0 1 0.8959115719202327 0.35322292883640144 0.26939936496519834 16474.639943051443 0.2767377645846086 -0.9181637177086227 0.2835341198801197 161055.5692945965 0.34750347473389587 -0.17946852099383556 -0.9203436233386709 -1289.0090955121334 0 0 0 1 0.8959115719202327 0.35322292883640144 0.26939936496519834 16474.639943051443 0.2767377645846086 -0.9181637177086227 0.2835341198801197 161055.5692945965 0.34750347473389587 -0.17946852099383556 -0.9203436233386709 -1289.0090955121334 0 0 0 1 1 0 0 0 0 1 0 0 0 0 1 0 0 0 0 1</float_array>
                    <technique_common>
                        <accessor source="#MatArr3_VC" count="9" stride="16">
                            <param type="float4x4" />
                        </accessor>
                    </technique_common>
                </source>
                <source id="weights3_VC">
                    <float_array id="WeightArr3_VC" count="1">1</float_array>
                    <technique_common>
                        <accessor source="#WeightArr3_VC" count="1">
                            <param type="float" />
                        </accessor>
                    </technique_common>
                </source>
                <joints>
                    <input semantic="JOINT" source="#joints3_VC" />
                    <input semantic="INV_BIND_MATRIX" source="#matrices3_VC" />
                </joints>
                <vertex_weights count="245">
                    <input semantic="JOINT" offset="0" source="#joints3_VC" />
                    <input semantic="WEIGHT" offset="1" source="#weights3_VC" />
                    <vcount>1 1 1 1 1 1 1 1 1 1 1 1 1 1 1 1 1 1 1 1 1 1 1 1 1 1 1 1 1 1 1 1 1 1 1 1 1 1 1 1 1 1 1 1 1 1 1 1 1 1 1 1 1 1 1 1 1 1 1 1 1 1 1 1 1 1 1 1 1 1 1 1 1 1 1 1 1 1 1 1 1 1 1 1 1 1 1 1 1 1 1 1 1 1 1 1 1 1 1 1 1 1 1 1 1 1 1 1 1 1 1 1 1 1 1 1 1 1 1 1 1 1 1 1 1 1 1 1 1 1 1 1 1 1 1 1 1 1 1 1 1 1 1 1 1 1 1 1 1 1 1 1 1 1 1 1 1 1 1 1 1 1 1 1 1 1 1 1 1 1 1 1 1 1 1 1 1 1 1 1 1 1 1 1 1 1 1 1 1 1 1 1 1 1 1 1 1 1 1 1 1 1 1 1 1 1 1 1 1 1 1 1 1 1 1 1 1 1 1 1 1 1 1 1 1 1 1 1 1 1 1 1 1 1 1 1 1 1 1 1 1 1 1 1 1</vcount>
                    <v>7 0 7 0 7 0 7 0 7 0 7 0 7 0 7 0 7 0 7 0 7 0 7 0 7 0 7 0 7 0 7 0 7 0 7 0 7 0 7 0 7 0 7 0 7 0 7 0 7 0 7 0 7 0 7 0 7 0 7 0 7 0 7 0 7 0 7 0 7 0 7 0 7 0 7 0 7 0 7 0 7 0 7 0 7 0 7 0 7 0 7 0 7 0 7 0 7 0 7 0 7 0 7 0 7 0 7 0 7 0 7 0 7 0 7 0 7 0 7 0 7 0 7 0 7 0 7 0 7 0 7 0 7 0 7 0 7 0 7 0 7 0 7 0 7 0 7 0 7 0 7 0 7 0 7 0 7 0 7 0 7 0 7 0 7 0 7 0 7 0 7 0 7 0 7 0 7 0 7 0 7 0 7 0 7 0 7 0 7 0 7 0 7 0 7 0 7 0 7 0 7 0 7 0 7 0 7 0 7 0 7 0 7 0 7 0 7 0 7 0 7 0 7 0 7 0 7 0 7 0 7 0 7 0 7 0 7 0 7 0 7 0 7 0 7 0 7 0 7 0 7 0 7 0 7 0 7 0 7 0 7 0 7 0 7 0 7 0 7 0 7 0 7 0 7 0 7 0 7 0 7 0 7 0 7 0 7 0 7 0 7 0 7 0 7 0 7 0 7 0 7 0 7 0 7 0 7 0 7 0 7 0 7 0 7 0 7 0 7 0 7 0 7 0 7 0 7 0 7 0 7 0 7 0 7 0 7 0 7 0 7 0 7 0 7 0 7 0 7 0 7 0 7 0 7 0 7 0 7 0 7 0 7 0 7 0 7 0 7 0 7 0 7 0 7 0 7 0 7 0 7 0 7 0 7 0 7 0 7 0 7 0 7 0 7 0 7 0 7 0 7 0 7 0 7 0 7 0 7 0 7 0 7 0 7 0 7 0 7 0 7 0 7 0 7 0 7 0 7 0 7 0 7 0 7 0 7 0 7 0 7 0 7 0 7 0 7 0 7 0 7 0 7 0 7 0 7 0 7 0 7 0 7 0 7 0 7 0 7 0 7 0 7 0 7 0 7 0 7 0 7 0 7 0 7 0 7 0 7 0</v>
                </vertex_weights>
            </skin>
        </controller>
        <controller id="controller4">
            <skin source="#mesh4">
                <bind_shape_matrix>1 0 0 0 0 1 0 0 0 0 1 0 0 0 0 1</bind_shape_matrix>
                <source id="joints4">
                    <Name_array id="JointArr4" count="9">jointnode-1 jointnode0 jointnode1 jointnode2 jointnode3 jointnode4 jointnode5 jointnode6 jointnode7</Name_array>
                    <technique_common>
                        <accessor source="#JointArr4" count="9">
                            <param name="JOINT" type="Name" />
                        </accessor>
                    </technique_common>
                </source>
                <source id="matrices4">
                    <float_array id="MatArr4" count="144">1 0 0 0 0 1 0 0 0 0 1 0 0 0 0 1 1 0 0 0 0 1 0 0 0 0 1 0 0 0 0 1 0.8959115719202327 0.35322292883640144 0.26939936496519834 22517.358693051403 0.2767377645846086 -0.9181637177086227 0.2835341198801197 161055.56929459647 0.34750347473389587 -0.17946852099383556 -0.9203436233386709 -6974.665345512153 0 0 0 1 0.8959115719202327 0.35322292883640144 0.26939936496519834 22517.358693051403 0.2767377645846086 -0.9181637177086227 0.2835341198801197 161055.56929459647 0.34750347473389587 -0.17946852099383556 -0.9203436233386709 -6974.665345512153 0 0 0 1 0.8959115719202327 0.35322292883640144 0.26939936496519834 -495525.2975569487 0.2767377645846086 -0.9181637177086227 0.2835341198801197 161055.56929559648 0.34750347473389587 -0.17946852099383556 -0.9203436233386709 -484654.35284551216 0 0 0 1 0.8959115719202327 0.35322292883640144 0.26939936496519834 -484575.29755694856 0.2767377645846086 -0.9181637177086227 0.2835341198801197 161055.5692945965 0.34750347473389587 -0.17946852099383556 -0.9203436233386709 -497638.35284551216 0 0 0 1 0.8959115719202327 0.35322292883640144 0.26939936496519834 16474.639943051443 0.2767377645846086 -0.9181637177086227 0.2835341198801197 161055.5692945965 0.34750347473389587 -0.17946852099383556 -0.9203436233386709 -1289.0090955121334 0 0 0 1 0.8959115719202327 0.35322292883640144 0.26939936496519834 16474.639943051443 0.2767377645846086 -0.9181637177086227 0.2835341198801197 161055.5692945965 0.34750347473389587 -0.17946852099383556 -0.9203436233386709 -1289.0090955121334 0 0 0 1 1 0 0 0 0 1 0 0 0 0 1 0 0 0 0 1</float_array>
                    <technique_common>
                        <accessor source="#MatArr4" count="9" stride="16">
                            <param type="float4x4" />
                        </accessor>
                    </technique_common>
                </source>
                <source id="weights4">
                    <float_array id="WeightArr4" count="1">1</float_array>
                    <technique_common>
                        <accessor source="#WeightArr4" count="1">
                            <param type="float" />
                        </accessor>
                    </technique_common>
                </source>
                <joints>
                    <input semantic="JOINT" source="#joints4" />
                    <input semantic="INV_BIND_MATRIX" source="#matrices4" />
                </joints>
                <vertex_weights count="64">
                    <input semantic="JOINT" offset="0" source="#joints4" />
                    <input semantic="WEIGHT" offset="1" source="#weights4" />
                    <vcount>1 1 1 1 1 1 1 1 1 1 1 1 1 1 1 1 1 1 1 1 1 1 1 1 1 1 1 1 1 1 1 1 1 1 1 1 1 1 1 1 1 1 1 1 1 1 1 1 1 1 1 1 1 1 1 1 1 1 1 1 1 1 1 1</vcount>
                    <v>8 0 8 0 8 0 8 0 8 0 8 0 8 0 8 0 8 0 8 0 8 0 8 0 8 0 8 0 8 0 8 0 8 0 8 0 8 0 8 0 8 0 8 0 8 0 8 0 8 0 8 0 8 0 8 0 8 0 8 0 8 0 8 0 8 0 8 0 8 0 8 0 8 0 8 0 8 0 8 0 8 0 8 0 8 0 8 0 8 0 8 0 8 0 8 0 8 0 8 0 8 0 8 0 8 0 8 0 8 0 8 0 8 0 8 0 8 0 8 0 8 0 8 0 8 0 8 0</v>
                </vertex_weights>
            </skin>
        </controller>
        <controller id="controller4_VC">
            <skin source="#mesh4_VC">
                <bind_shape_matrix>1 0 0 0 0 1 0 0 0 0 1 0 0 0 0 1</bind_shape_matrix>
                <source id="joints4_VC">
                    <Name_array id="JointArr4_VC" count="9">jointnode-1 jointnode0 jointnode1 jointnode2 jointnode3 jointnode4 jointnode5 jointnode6 jointnode7</Name_array>
                    <technique_common>
                        <accessor source="#JointArr4_VC" count="9">
                            <param name="JOINT" type="Name" />
                        </accessor>
                    </technique_common>
                </source>
                <source id="matrices4_VC">
                    <float_array id="MatArr4_VC" count="144">1 0 0 0 0 1 0 0 0 0 1 0 0 0 0 1 1 0 0 0 0 1 0 0 0 0 1 0 0 0 0 1 0.8959115719202327 0.35322292883640144 0.26939936496519834 22517.358693051403 0.2767377645846086 -0.9181637177086227 0.2835341198801197 161055.56929459647 0.34750347473389587 -0.17946852099383556 -0.9203436233386709 -6974.665345512153 0 0 0 1 0.8959115719202327 0.35322292883640144 0.26939936496519834 22517.358693051403 0.2767377645846086 -0.9181637177086227 0.2835341198801197 161055.56929459647 0.34750347473389587 -0.17946852099383556 -0.9203436233386709 -6974.665345512153 0 0 0 1 0.8959115719202327 0.35322292883640144 0.26939936496519834 -495525.2975569487 0.2767377645846086 -0.9181637177086227 0.2835341198801197 161055.56929559648 0.34750347473389587 -0.17946852099383556 -0.9203436233386709 -484654.35284551216 0 0 0 1 0.8959115719202327 0.35322292883640144 0.26939936496519834 -484575.29755694856 0.2767377645846086 -0.9181637177086227 0.2835341198801197 161055.5692945965 0.34750347473389587 -0.17946852099383556 -0.9203436233386709 -497638.35284551216 0 0 0 1 0.8959115719202327 0.35322292883640144 0.26939936496519834 16474.639943051443 0.2767377645846086 -0.9181637177086227 0.2835341198801197 161055.5692945965 0.34750347473389587 -0.17946852099383556 -0.9203436233386709 -1289.0090955121334 0 0 0 1 0.8959115719202327 0.35322292883640144 0.26939936496519834 16474.639943051443 0.2767377645846086 -0.9181637177086227 0.2835341198801197 161055.5692945965 0.34750347473389587 -0.17946852099383556 -0.9203436233386709 -1289.0090955121334 0 0 0 1 1 0 0 0 0 1 0 0 0 0 1 0 0 0 0 1</float_array>
                    <technique_common>
                        <accessor source="#MatArr4_VC" count="9" stride="16">
                            <param type="float4x4" />
                        </accessor>
                    </technique_common>
                </source>
                <source id="weights4_VC">
                    <float_array id="WeightArr4_VC" count="1">1</float_array>
                    <technique_common>
                        <accessor source="#WeightArr4_VC" count="1">
                            <param type="float" />
                        </accessor>
                    </technique_common>
                </source>
                <joints>
                    <input semantic="JOINT" source="#joints4_VC" />
                    <input semantic="INV_BIND_MATRIX" source="#matrices4_VC" />
                </joints>
                <vertex_weights count="64">
                    <input semantic="JOINT" offset="0" source="#joints4_VC" />
                    <input semantic="WEIGHT" offset="1" source="#weights4_VC" />
                    <vcount>1 1 1 1 1 1 1 1 1 1 1 1 1 1 1 1 1 1 1 1 1 1 1 1 1 1 1 1 1 1 1 1 1 1 1 1 1 1 1 1 1 1 1 1 1 1 1 1 1 1 1 1 1 1 1 1 1 1 1 1 1 1 1 1</vcount>
                    <v>8 0 8 0 8 0 8 0 8 0 8 0 8 0 8 0 8 0 8 0 8 0 8 0 8 0 8 0 8 0 8 0 8 0 8 0 8 0 8 0 8 0 8 0 8 0 8 0 8 0 8 0 8 0 8 0 8 0 8 0 8 0 8 0 8 0 8 0 8 0 8 0 8 0 8 0 8 0 8 0 8 0 8 0 8 0 8 0 8 0 8 0 8 0 8 0 8 0 8 0 8 0 8 0 8 0 8 0 8 0 8 0 8 0 8 0 8 0 8 0 8 0 8 0 8 0 8 0</v>
                </vertex_weights>
            </skin>
        </controller>
        <controller id="controller5">
            <skin source="#mesh5">
                <bind_shape_matrix>1 0 0 0 0 1 0 0 0 0 1 0 0 0 0 1</bind_shape_matrix>
                <source id="joints5">
                    <Name_array id="JointArr5" count="9">jointnode-1 jointnode0 jointnode1 jointnode2 jointnode3 jointnode4 jointnode5 jointnode6 jointnode7</Name_array>
                    <technique_common>
                        <accessor source="#JointArr5" count="9">
                            <param name="JOINT" type="Name" />
                        </accessor>
                    </technique_common>
                </source>
                <source id="matrices5">
                    <float_array id="MatArr5" count="144">1 0 0 0 0 1 0 0 0 0 1 0 0 0 0 1 1 0 0 0 0 1 0 0 0 0 1 0 0 0 0 1 0.8959115719202327 0.35322292883640144 0.26939936496519834 22517.358693051403 0.2767377645846086 -0.9181637177086227 0.2835341198801197 161055.56929459647 0.34750347473389587 -0.17946852099383556 -0.9203436233386709 -6974.665345512153 0 0 0 1 0.8959115719202327 0.35322292883640144 0.26939936496519834 22517.358693051403 0.2767377645846086 -0.9181637177086227 0.2835341198801197 161055.56929459647 0.34750347473389587 -0.17946852099383556 -0.9203436233386709 -6974.665345512153 0 0 0 1 0.8959115719202327 0.35322292883640144 0.26939936496519834 -495525.2975569487 0.2767377645846086 -0.9181637177086227 0.2835341198801197 161055.56929559648 0.34750347473389587 -0.17946852099383556 -0.9203436233386709 -484654.35284551216 0 0 0 1 0.8959115719202327 0.35322292883640144 0.26939936496519834 -484575.29755694856 0.2767377645846086 -0.9181637177086227 0.2835341198801197 161055.5692945965 0.34750347473389587 -0.17946852099383556 -0.9203436233386709 -497638.35284551216 0 0 0 1 0.8959115719202327 0.35322292883640144 0.26939936496519834 16474.639943051443 0.2767377645846086 -0.9181637177086227 0.2835341198801197 161055.5692945965 0.34750347473389587 -0.17946852099383556 -0.9203436233386709 -1289.0090955121334 0 0 0 1 0.8959115719202327 0.35322292883640144 0.26939936496519834 16474.639943051443 0.2767377645846086 -0.9181637177086227 0.2835341198801197 161055.5692945965 0.34750347473389587 -0.17946852099383556 -0.9203436233386709 -1289.0090955121334 0 0 0 1 1 0 0 0 0 1 0 0 0 0 1 0 0 0 0 1</float_array>
                    <technique_common>
                        <accessor source="#MatArr5" count="9" stride="16">
                            <param type="float4x4" />
                        </accessor>
                    </technique_common>
                </source>
                <source id="weights5">
                    <float_array id="WeightArr5" count="1">1</float_array>
                    <technique_common>
                        <accessor source="#WeightArr5" count="1">
                            <param type="float" />
                        </accessor>
                    </technique_common>
                </source>
                <joints>
                    <input semantic="JOINT" source="#joints5" />
                    <input semantic="INV_BIND_MATRIX" source="#matrices5" />
                </joints>
                <vertex_weights count="65">
                    <input semantic="JOINT" offset="0" source="#joints5" />
                    <input semantic="WEIGHT" offset="1" source="#weights5" />
                    <vcount>1 1 1 1 1 1 1 1 1 1 1 1 1 1 1 1 1 1 1 1 1 1 1 1 1 1 1 1 1 1 1 1 1 1 1 1 1 1 1 1 1 1 1 1 1 1 1 1 1 1 1 1 1 1 1 1 1 1 1 1 1 1 1 1 1</vcount>
                    <v>8 0 8 0 8 0 8 0 8 0 8 0 8 0 8 0 8 0 8 0 8 0 8 0 8 0 8 0 8 0 8 0 8 0 8 0 8 0 8 0 8 0 8 0 8 0 8 0 8 0 8 0 8 0 8 0 8 0 8 0 8 0 8 0 8 0 8 0 8 0 8 0 8 0 8 0 8 0 8 0 8 0 8 0 8 0 8 0 8 0 8 0 8 0 8 0 8 0 8 0 8 0 8 0 8 0 8 0 8 0 8 0 8 0 8 0 8 0 8 0 8 0 8 0 8 0 8 0 8 0</v>
                </vertex_weights>
            </skin>
        </controller>
        <controller id="controller5_VC">
            <skin source="#mesh5_VC">
                <bind_shape_matrix>1 0 0 0 0 1 0 0 0 0 1 0 0 0 0 1</bind_shape_matrix>
                <source id="joints5_VC">
                    <Name_array id="JointArr5_VC" count="9">jointnode-1 jointnode0 jointnode1 jointnode2 jointnode3 jointnode4 jointnode5 jointnode6 jointnode7</Name_array>
                    <technique_common>
                        <accessor source="#JointArr5_VC" count="9">
                            <param name="JOINT" type="Name" />
                        </accessor>
                    </technique_common>
                </source>
                <source id="matrices5_VC">
                    <float_array id="MatArr5_VC" count="144">1 0 0 0 0 1 0 0 0 0 1 0 0 0 0 1 1 0 0 0 0 1 0 0 0 0 1 0 0 0 0 1 0.8959115719202327 0.35322292883640144 0.26939936496519834 22517.358693051403 0.2767377645846086 -0.9181637177086227 0.2835341198801197 161055.56929459647 0.34750347473389587 -0.17946852099383556 -0.9203436233386709 -6974.665345512153 0 0 0 1 0.8959115719202327 0.35322292883640144 0.26939936496519834 22517.358693051403 0.2767377645846086 -0.9181637177086227 0.2835341198801197 161055.56929459647 0.34750347473389587 -0.17946852099383556 -0.9203436233386709 -6974.665345512153 0 0 0 1 0.8959115719202327 0.35322292883640144 0.26939936496519834 -495525.2975569487 0.2767377645846086 -0.9181637177086227 0.2835341198801197 161055.56929559648 0.34750347473389587 -0.17946852099383556 -0.9203436233386709 -484654.35284551216 0 0 0 1 0.8959115719202327 0.35322292883640144 0.26939936496519834 -484575.29755694856 0.2767377645846086 -0.9181637177086227 0.2835341198801197 161055.5692945965 0.34750347473389587 -0.17946852099383556 -0.9203436233386709 -497638.35284551216 0 0 0 1 0.8959115719202327 0.35322292883640144 0.26939936496519834 16474.639943051443 0.2767377645846086 -0.9181637177086227 0.2835341198801197 161055.5692945965 0.34750347473389587 -0.17946852099383556 -0.9203436233386709 -1289.0090955121334 0 0 0 1 0.8959115719202327 0.35322292883640144 0.26939936496519834 16474.639943051443 0.2767377645846086 -0.9181637177086227 0.2835341198801197 161055.5692945965 0.34750347473389587 -0.17946852099383556 -0.9203436233386709 -1289.0090955121334 0 0 0 1 1 0 0 0 0 1 0 0 0 0 1 0 0 0 0 1</float_array>
                    <technique_common>
                        <accessor source="#MatArr5_VC" count="9" stride="16">
                            <param type="float4x4" />
                        </accessor>
                    </technique_common>
                </source>
                <source id="weights5_VC">
                    <float_array id="WeightArr5_VC" count="1">1</float_array>
                    <technique_common>
                        <accessor source="#WeightArr5_VC" count="1">
                            <param type="float" />
                        </accessor>
                    </technique_common>
                </source>
                <joints>
                    <input semantic="JOINT" source="#joints5_VC" />
                    <input semantic="INV_BIND_MATRIX" source="#matrices5_VC" />
                </joints>
                <vertex_weights count="65">
                    <input semantic="JOINT" offset="0" source="#joints5_VC" />
                    <input semantic="WEIGHT" offset="1" source="#weights5_VC" />
                    <vcount>1 1 1 1 1 1 1 1 1 1 1 1 1 1 1 1 1 1 1 1 1 1 1 1 1 1 1 1 1 1 1 1 1 1 1 1 1 1 1 1 1 1 1 1 1 1 1 1 1 1 1 1 1 1 1 1 1 1 1 1 1 1 1 1 1</vcount>
                    <v>8 0 8 0 8 0 8 0 8 0 8 0 8 0 8 0 8 0 8 0 8 0 8 0 8 0 8 0 8 0 8 0 8 0 8 0 8 0 8 0 8 0 8 0 8 0 8 0 8 0 8 0 8 0 8 0 8 0 8 0 8 0 8 0 8 0 8 0 8 0 8 0 8 0 8 0 8 0 8 0 8 0 8 0 8 0 8 0 8 0 8 0 8 0 8 0 8 0 8 0 8 0 8 0 8 0 8 0 8 0 8 0 8 0 8 0 8 0 8 0 8 0 8 0 8 0 8 0 8 0</v>
                </vertex_weights>
            </skin>
        </controller>
        <controller id="controller6">
            <skin source="#mesh6">
                <bind_shape_matrix>1 0 0 0 0 1 0 0 0 0 1 0 0 0 0 1</bind_shape_matrix>
                <source id="joints6">
                    <Name_array id="JointArr6" count="9">jointnode-1 jointnode0 jointnode1 jointnode2 jointnode3 jointnode4 jointnode5 jointnode6 jointnode7</Name_array>
                    <technique_common>
                        <accessor source="#JointArr6" count="9">
                            <param name="JOINT" type="Name" />
                        </accessor>
                    </technique_common>
                </source>
                <source id="matrices6">
                    <float_array id="MatArr6" count="144">1 0 0 0 0 1 0 0 0 0 1 0 0 0 0 1 1 0 0 0 0 1 0 0 0 0 1 0 0 0 0 1 0.8959115719202327 0.35322292883640144 0.26939936496519834 22517.358693051403 0.2767377645846086 -0.9181637177086227 0.2835341198801197 161055.56929459647 0.34750347473389587 -0.17946852099383556 -0.9203436233386709 -6974.665345512153 0 0 0 1 0.8959115719202327 0.35322292883640144 0.26939936496519834 22517.358693051403 0.2767377645846086 -0.9181637177086227 0.2835341198801197 161055.56929459647 0.34750347473389587 -0.17946852099383556 -0.9203436233386709 -6974.665345512153 0 0 0 1 0.8959115719202327 0.35322292883640144 0.26939936496519834 -495525.2975569487 0.2767377645846086 -0.9181637177086227 0.2835341198801197 161055.56929559648 0.34750347473389587 -0.17946852099383556 -0.9203436233386709 -484654.35284551216 0 0 0 1 0.8959115719202327 0.35322292883640144 0.26939936496519834 -484575.29755694856 0.2767377645846086 -0.9181637177086227 0.2835341198801197 161055.5692945965 0.34750347473389587 -0.17946852099383556 -0.9203436233386709 -497638.35284551216 0 0 0 1 0.8959115719202327 0.35322292883640144 0.26939936496519834 16474.639943051443 0.2767377645846086 -0.9181637177086227 0.2835341198801197 161055.5692945965 0.34750347473389587 -0.17946852099383556 -0.9203436233386709 -1289.0090955121334 0 0 0 1 0.8959115719202327 0.35322292883640144 0.26939936496519834 16474.639943051443 0.2767377645846086 -0.9181637177086227 0.2835341198801197 161055.5692945965 0.34750347473389587 -0.17946852099383556 -0.9203436233386709 -1289.0090955121334 0 0 0 1 1 0 0 0 0 1 0 0 0 0 1 0 0 0 0 1</float_array>
                    <technique_common>
                        <accessor source="#MatArr6" count="9" stride="16">
                            <param type="float4x4" />
                        </accessor>
                    </technique_common>
                </source>
                <source id="weights6">
                    <float_array id="WeightArr6" count="1">1</float_array>
                    <technique_common>
                        <accessor source="#WeightArr6" count="1">
                            <param type="float" />
                        </accessor>
                    </technique_common>
                </source>
                <joints>
                    <input semantic="JOINT" source="#joints6" />
                    <input semantic="INV_BIND_MATRIX" source="#matrices6" />
                </joints>
                <vertex_weights count="15">
                    <input semantic="JOINT" offset="0" source="#joints6" />
                    <input semantic="WEIGHT" offset="1" source="#weights6" />
                    <vcount>1 1 1 1 1 1 1 1 1 1 1 1 1 1 1</vcount>
                    <v>8 0 8 0 8 0 8 0 8 0 8 0 8 0 8 0 8 0 8 0 8 0 8 0 8 0 8 0 8 0</v>
                </vertex_weights>
            </skin>
        </controller>
        <controller id="controller6_VC">
            <skin source="#mesh6_VC">
                <bind_shape_matrix>1 0 0 0 0 1 0 0 0 0 1 0 0 0 0 1</bind_shape_matrix>
                <source id="joints6_VC">
                    <Name_array id="JointArr6_VC" count="9">jointnode-1 jointnode0 jointnode1 jointnode2 jointnode3 jointnode4 jointnode5 jointnode6 jointnode7</Name_array>
                    <technique_common>
                        <accessor source="#JointArr6_VC" count="9">
                            <param name="JOINT" type="Name" />
                        </accessor>
                    </technique_common>
                </source>
                <source id="matrices6_VC">
                    <float_array id="MatArr6_VC" count="144">1 0 0 0 0 1 0 0 0 0 1 0 0 0 0 1 1 0 0 0 0 1 0 0 0 0 1 0 0 0 0 1 0.8959115719202327 0.35322292883640144 0.26939936496519834 22517.358693051403 0.2767377645846086 -0.9181637177086227 0.2835341198801197 161055.56929459647 0.34750347473389587 -0.17946852099383556 -0.9203436233386709 -6974.665345512153 0 0 0 1 0.8959115719202327 0.35322292883640144 0.26939936496519834 22517.358693051403 0.2767377645846086 -0.9181637177086227 0.2835341198801197 161055.56929459647 0.34750347473389587 -0.17946852099383556 -0.9203436233386709 -6974.665345512153 0 0 0 1 0.8959115719202327 0.35322292883640144 0.26939936496519834 -495525.2975569487 0.2767377645846086 -0.9181637177086227 0.2835341198801197 161055.56929559648 0.34750347473389587 -0.17946852099383556 -0.9203436233386709 -484654.35284551216 0 0 0 1 0.8959115719202327 0.35322292883640144 0.26939936496519834 -484575.29755694856 0.2767377645846086 -0.9181637177086227 0.2835341198801197 161055.5692945965 0.34750347473389587 -0.17946852099383556 -0.9203436233386709 -497638.35284551216 0 0 0 1 0.8959115719202327 0.35322292883640144 0.26939936496519834 16474.639943051443 0.2767377645846086 -0.9181637177086227 0.2835341198801197 161055.5692945965 0.34750347473389587 -0.17946852099383556 -0.9203436233386709 -1289.0090955121334 0 0 0 1 0.8959115719202327 0.35322292883640144 0.26939936496519834 16474.639943051443 0.2767377645846086 -0.9181637177086227 0.2835341198801197 161055.5692945965 0.34750347473389587 -0.17946852099383556 -0.9203436233386709 -1289.0090955121334 0 0 0 1 1 0 0 0 0 1 0 0 0 0 1 0 0 0 0 1</float_array>
                    <technique_common>
                        <accessor source="#MatArr6_VC" count="9" stride="16">
                            <param type="float4x4" />
                        </accessor>
                    </technique_common>
                </source>
                <source id="weights6_VC">
                    <float_array id="WeightArr6_VC" count="1">1</float_array>
                    <technique_common>
                        <accessor source="#WeightArr6_VC" count="1">
                            <param type="float" />
                        </accessor>
                    </technique_common>
                </source>
                <joints>
                    <input semantic="JOINT" source="#joints6_VC" />
                    <input semantic="INV_BIND_MATRIX" source="#matrices6_VC" />
                </joints>
                <vertex_weights count="15">
                    <input semantic="JOINT" offset="0" source="#joints6_VC" />
                    <input semantic="WEIGHT" offset="1" source="#weights6_VC" />
                    <vcount>1 1 1 1 1 1 1 1 1 1 1 1 1 1 1</vcount>
                    <v>8 0 8 0 8 0 8 0 8 0 8 0 8 0 8 0 8 0 8 0 8 0 8 0 8 0 8 0 8 0</v>
                </vertex_weights>
            </skin>
        </controller>
        <controller id="controller7">
            <skin source="#mesh7">
                <bind_shape_matrix>1 0 0 0 0 1 0 0 0 0 1 0 0 0 0 1</bind_shape_matrix>
                <source id="joints7">
                    <Name_array id="JointArr7" count="9">jointnode-1 jointnode0 jointnode1 jointnode2 jointnode3 jointnode4 jointnode5 jointnode6 jointnode7</Name_array>
                    <technique_common>
                        <accessor source="#JointArr7" count="9">
                            <param name="JOINT" type="Name" />
                        </accessor>
                    </technique_common>
                </source>
                <source id="matrices7">
                    <float_array id="MatArr7" count="144">1 0 0 0 0 1 0 0 0 0 1 0 0 0 0 1 1 0 0 0 0 1 0 0 0 0 1 0 0 0 0 1 0.8959115719202327 0.35322292883640144 0.26939936496519834 22517.358693051403 0.2767377645846086 -0.9181637177086227 0.2835341198801197 161055.56929459647 0.34750347473389587 -0.17946852099383556 -0.9203436233386709 -6974.665345512153 0 0 0 1 0.8959115719202327 0.35322292883640144 0.26939936496519834 22517.358693051403 0.2767377645846086 -0.9181637177086227 0.2835341198801197 161055.56929459647 0.34750347473389587 -0.17946852099383556 -0.9203436233386709 -6974.665345512153 0 0 0 1 0.8959115719202327 0.35322292883640144 0.26939936496519834 -495525.2975569487 0.2767377645846086 -0.9181637177086227 0.2835341198801197 161055.56929559648 0.34750347473389587 -0.17946852099383556 -0.9203436233386709 -484654.35284551216 0 0 0 1 0.8959115719202327 0.35322292883640144 0.26939936496519834 -484575.29755694856 0.2767377645846086 -0.9181637177086227 0.2835341198801197 161055.5692945965 0.34750347473389587 -0.17946852099383556 -0.9203436233386709 -497638.35284551216 0 0 0 1 0.8959115719202327 0.35322292883640144 0.26939936496519834 16474.639943051443 0.2767377645846086 -0.9181637177086227 0.2835341198801197 161055.5692945965 0.34750347473389587 -0.17946852099383556 -0.9203436233386709 -1289.0090955121334 0 0 0 1 0.8959115719202327 0.35322292883640144 0.26939936496519834 16474.639943051443 0.2767377645846086 -0.9181637177086227 0.2835341198801197 161055.5692945965 0.34750347473389587 -0.17946852099383556 -0.9203436233386709 -1289.0090955121334 0 0 0 1 1 0 0 0 0 1 0 0 0 0 1 0 0 0 0 1</float_array>
                    <technique_common>
                        <accessor source="#MatArr7" count="9" stride="16">
                            <param type="float4x4" />
                        </accessor>
                    </technique_common>
                </source>
                <source id="weights7">
                    <float_array id="WeightArr7" count="1">1</float_array>
                    <technique_common>
                        <accessor source="#WeightArr7" count="1">
                            <param type="float" />
                        </accessor>
                    </technique_common>
                </source>
                <joints>
                    <input semantic="JOINT" source="#joints7" />
                    <input semantic="INV_BIND_MATRIX" source="#matrices7" />
                </joints>
                <vertex_weights count="257">
                    <input semantic="JOINT" offset="0" source="#joints7" />
                    <input semantic="WEIGHT" offset="1" source="#weights7" />
                    <vcount>1 1 1 1 1 1 1 1 1 1 1 1 1 1 1 1 1 1 1 1 1 1 1 1 1 1 1 1 1 1 1 1 1 1 1 1 1 1 1 1 1 1 1 1 1 1 1 1 1 1 1 1 1 1 1 1 1 1 1 1 1 1 1 1 1 1 1 1 1 1 1 1 1 1 1 1 1 1 1 1 1 1 1 1 1 1 1 1 1 1 1 1 1 1 1 1 1 1 1 1 1 1 1 1 1 1 1 1 1 1 1 1 1 1 1 1 1 1 1 1 1 1 1 1 1 1 1 1 1 1 1 1 1 1 1 1 1 1 1 1 1 1 1 1 1 1 1 1 1 1 1 1 1 1 1 1 1 1 1 1 1 1 1 1 1 1 1 1 1 1 1 1 1 1 1 1 1 1 1 1 1 1 1 1 1 1 1 1 1 1 1 1 1 1 1 1 1 1 1 1 1 1 1 1 1 1 1 1 1 1 1 1 1 1 1 1 1 1 1 1 1 1 1 1 1 1 1 1 1 1 1 1 1 1 1 1 1 1 1 1 1 1 1 1 1 1 1 1 1 1 1 1 1 1 1 1 1</vcount>
                    <v>8 0 8 0 8 0 8 0 8 0 8 0 8 0 8 0 8 0 8 0 8 0 8 0 8 0 8 0 8 0 8 0 8 0 8 0 8 0 8 0 8 0 8 0 8 0 8 0 8 0 8 0 8 0 8 0 8 0 8 0 8 0 8 0 8 0 8 0 8 0 8 0 8 0 8 0 8 0 8 0 8 0 8 0 8 0 8 0 8 0 8 0 8 0 8 0 8 0 8 0 8 0 8 0 8 0 8 0 8 0 8 0 8 0 8 0 8 0 8 0 8 0 8 0 8 0 8 0 8 0 8 0 8 0 8 0 8 0 8 0 8 0 8 0 8 0 8 0 8 0 8 0 8 0 8 0 8 0 8 0 8 0 8 0 8 0 8 0 8 0 8 0 8 0 8 0 8 0 8 0 8 0 8 0 8 0 8 0 8 0 8 0 8 0 8 0 8 0 8 0 8 0 8 0 8 0 8 0 8 0 8 0 8 0 8 0 8 0 8 0 8 0 8 0 8 0 8 0 8 0 8 0 8 0 8 0 8 0 8 0 8 0 8 0 8 0 8 0 8 0 8 0 8 0 8 0 8 0 8 0 8 0 8 0 8 0 8 0 8 0 8 0 8 0 8 0 8 0 8 0 8 0 8 0 8 0 8 0 8 0 8 0 8 0 8 0 8 0 8 0 8 0 8 0 8 0 8 0 8 0 8 0 8 0 8 0 8 0 8 0 8 0 8 0 8 0 8 0 8 0 8 0 8 0 8 0 8 0 8 0 8 0 8 0 8 0 8 0 8 0 8 0 8 0 8 0 8 0 8 0 8 0 8 0 8 0 8 0 8 0 8 0 8 0 8 0 8 0 8 0 8 0 8 0 8 0 8 0 8 0 8 0 8 0 8 0 8 0 8 0 8 0 8 0 8 0 8 0 8 0 8 0 8 0 8 0 8 0 8 0 8 0 8 0 8 0 8 0 8 0 8 0 8 0 8 0 8 0 8 0 8 0 8 0 8 0 8 0 8 0 8 0 8 0 8 0 8 0 8 0 8 0 8 0 8 0 8 0 8 0 8 0 8 0 8 0 8 0 8 0 8 0 8 0 8 0 8 0 8 0 8 0 8 0 8 0 8 0 8 0 8 0 8 0 8 0 8 0 8 0 8 0 8 0</v>
                </vertex_weights>
            </skin>
        </controller>
        <controller id="controller7_VC">
            <skin source="#mesh7_VC">
                <bind_shape_matrix>1 0 0 0 0 1 0 0 0 0 1 0 0 0 0 1</bind_shape_matrix>
                <source id="joints7_VC">
                    <Name_array id="JointArr7_VC" count="9">jointnode-1 jointnode0 jointnode1 jointnode2 jointnode3 jointnode4 jointnode5 jointnode6 jointnode7</Name_array>
                    <technique_common>
                        <accessor source="#JointArr7_VC" count="9">
                            <param name="JOINT" type="Name" />
                        </accessor>
                    </technique_common>
                </source>
                <source id="matrices7_VC">
                    <float_array id="MatArr7_VC" count="144">1 0 0 0 0 1 0 0 0 0 1 0 0 0 0 1 1 0 0 0 0 1 0 0 0 0 1 0 0 0 0 1 0.8959115719202327 0.35322292883640144 0.26939936496519834 22517.358693051403 0.2767377645846086 -0.9181637177086227 0.2835341198801197 161055.56929459647 0.34750347473389587 -0.17946852099383556 -0.9203436233386709 -6974.665345512153 0 0 0 1 0.8959115719202327 0.35322292883640144 0.26939936496519834 22517.358693051403 0.2767377645846086 -0.9181637177086227 0.2835341198801197 161055.56929459647 0.34750347473389587 -0.17946852099383556 -0.9203436233386709 -6974.665345512153 0 0 0 1 0.8959115719202327 0.35322292883640144 0.26939936496519834 -495525.2975569487 0.2767377645846086 -0.9181637177086227 0.2835341198801197 161055.56929559648 0.34750347473389587 -0.17946852099383556 -0.9203436233386709 -484654.35284551216 0 0 0 1 0.8959115719202327 0.35322292883640144 0.26939936496519834 -484575.29755694856 0.2767377645846086 -0.9181637177086227 0.2835341198801197 161055.5692945965 0.34750347473389587 -0.17946852099383556 -0.9203436233386709 -497638.35284551216 0 0 0 1 0.8959115719202327 0.35322292883640144 0.26939936496519834 16474.639943051443 0.2767377645846086 -0.9181637177086227 0.2835341198801197 161055.5692945965 0.34750347473389587 -0.17946852099383556 -0.9203436233386709 -1289.0090955121334 0 0 0 1 0.8959115719202327 0.35322292883640144 0.26939936496519834 16474.639943051443 0.2767377645846086 -0.9181637177086227 0.2835341198801197 161055.5692945965 0.34750347473389587 -0.17946852099383556 -0.9203436233386709 -1289.0090955121334 0 0 0 1 1 0 0 0 0 1 0 0 0 0 1 0 0 0 0 1</float_array>
                    <technique_common>
                        <accessor source="#MatArr7_VC" count="9" stride="16">
                            <param type="float4x4" />
                        </accessor>
                    </technique_common>
                </source>
                <source id="weights7_VC">
                    <float_array id="WeightArr7_VC" count="1">1</float_array>
                    <technique_common>
                        <accessor source="#WeightArr7_VC" count="1">
                            <param type="float" />
                        </accessor>
                    </technique_common>
                </source>
                <joints>
                    <input semantic="JOINT" source="#joints7_VC" />
                    <input semantic="INV_BIND_MATRIX" source="#matrices7_VC" />
                </joints>
                <vertex_weights count="257">
                    <input semantic="JOINT" offset="0" source="#joints7_VC" />
                    <input semantic="WEIGHT" offset="1" source="#weights7_VC" />
                    <vcount>1 1 1 1 1 1 1 1 1 1 1 1 1 1 1 1 1 1 1 1 1 1 1 1 1 1 1 1 1 1 1 1 1 1 1 1 1 1 1 1 1 1 1 1 1 1 1 1 1 1 1 1 1 1 1 1 1 1 1 1 1 1 1 1 1 1 1 1 1 1 1 1 1 1 1 1 1 1 1 1 1 1 1 1 1 1 1 1 1 1 1 1 1 1 1 1 1 1 1 1 1 1 1 1 1 1 1 1 1 1 1 1 1 1 1 1 1 1 1 1 1 1 1 1 1 1 1 1 1 1 1 1 1 1 1 1 1 1 1 1 1 1 1 1 1 1 1 1 1 1 1 1 1 1 1 1 1 1 1 1 1 1 1 1 1 1 1 1 1 1 1 1 1 1 1 1 1 1 1 1 1 1 1 1 1 1 1 1 1 1 1 1 1 1 1 1 1 1 1 1 1 1 1 1 1 1 1 1 1 1 1 1 1 1 1 1 1 1 1 1 1 1 1 1 1 1 1 1 1 1 1 1 1 1 1 1 1 1 1 1 1 1 1 1 1 1 1 1 1 1 1 1 1 1 1 1 1</vcount>
                    <v>8 0 8 0 8 0 8 0 8 0 8 0 8 0 8 0 8 0 8 0 8 0 8 0 8 0 8 0 8 0 8 0 8 0 8 0 8 0 8 0 8 0 8 0 8 0 8 0 8 0 8 0 8 0 8 0 8 0 8 0 8 0 8 0 8 0 8 0 8 0 8 0 8 0 8 0 8 0 8 0 8 0 8 0 8 0 8 0 8 0 8 0 8 0 8 0 8 0 8 0 8 0 8 0 8 0 8 0 8 0 8 0 8 0 8 0 8 0 8 0 8 0 8 0 8 0 8 0 8 0 8 0 8 0 8 0 8 0 8 0 8 0 8 0 8 0 8 0 8 0 8 0 8 0 8 0 8 0 8 0 8 0 8 0 8 0 8 0 8 0 8 0 8 0 8 0 8 0 8 0 8 0 8 0 8 0 8 0 8 0 8 0 8 0 8 0 8 0 8 0 8 0 8 0 8 0 8 0 8 0 8 0 8 0 8 0 8 0 8 0 8 0 8 0 8 0 8 0 8 0 8 0 8 0 8 0 8 0 8 0 8 0 8 0 8 0 8 0 8 0 8 0 8 0 8 0 8 0 8 0 8 0 8 0 8 0 8 0 8 0 8 0 8 0 8 0 8 0 8 0 8 0 8 0 8 0 8 0 8 0 8 0 8 0 8 0 8 0 8 0 8 0 8 0 8 0 8 0 8 0 8 0 8 0 8 0 8 0 8 0 8 0 8 0 8 0 8 0 8 0 8 0 8 0 8 0 8 0 8 0 8 0 8 0 8 0 8 0 8 0 8 0 8 0 8 0 8 0 8 0 8 0 8 0 8 0 8 0 8 0 8 0 8 0 8 0 8 0 8 0 8 0 8 0 8 0 8 0 8 0 8 0 8 0 8 0 8 0 8 0 8 0 8 0 8 0 8 0 8 0 8 0 8 0 8 0 8 0 8 0 8 0 8 0 8 0 8 0 8 0 8 0 8 0 8 0 8 0 8 0 8 0 8 0 8 0 8 0 8 0 8 0 8 0 8 0 8 0 8 0 8 0 8 0 8 0 8 0 8 0 8 0 8 0 8 0 8 0 8 0 8 0 8 0 8 0 8 0 8 0 8 0 8 0 8 0 8 0 8 0 8 0 8 0 8 0 8 0 8 0 8 0 8 0</v>
                </vertex_weights>
            </skin>
        </controller>
        <controller id="controller8">
            <skin source="#mesh8">
                <bind_shape_matrix>1 0 0 0 0 1 0 0 0 0 1 0 0 0 0 1</bind_shape_matrix>
                <source id="joints8">
                    <Name_array id="JointArr8" count="9">jointnode-1 jointnode0 jointnode1 jointnode2 jointnode3 jointnode4 jointnode5 jointnode6 jointnode7</Name_array>
                    <technique_common>
                        <accessor source="#JointArr8" count="9">
                            <param name="JOINT" type="Name" />
                        </accessor>
                    </technique_common>
                </source>
                <source id="matrices8">
                    <float_array id="MatArr8" count="144">1 0 0 0 0 1 0 0 0 0 1 0 0 0 0 1 1 0 0 0 0 1 0 0 0 0 1 0 0 0 0 1 0.8959115719202327 0.35322292883640144 0.26939936496519834 22517.358693051403 0.2767377645846086 -0.9181637177086227 0.2835341198801197 161055.56929459647 0.34750347473389587 -0.17946852099383556 -0.9203436233386709 -6974.665345512153 0 0 0 1 0.8959115719202327 0.35322292883640144 0.26939936496519834 22517.358693051403 0.2767377645846086 -0.9181637177086227 0.2835341198801197 161055.56929459647 0.34750347473389587 -0.17946852099383556 -0.9203436233386709 -6974.665345512153 0 0 0 1 0.8959115719202327 0.35322292883640144 0.26939936496519834 -495525.2975569487 0.2767377645846086 -0.9181637177086227 0.2835341198801197 161055.56929559648 0.34750347473389587 -0.17946852099383556 -0.9203436233386709 -484654.35284551216 0 0 0 1 0.8959115719202327 0.35322292883640144 0.26939936496519834 -484575.29755694856 0.2767377645846086 -0.9181637177086227 0.2835341198801197 161055.5692945965 0.34750347473389587 -0.17946852099383556 -0.9203436233386709 -497638.35284551216 0 0 0 1 0.8959115719202327 0.35322292883640144 0.26939936496519834 16474.639943051443 0.2767377645846086 -0.9181637177086227 0.2835341198801197 161055.5692945965 0.34750347473389587 -0.17946852099383556 -0.9203436233386709 -1289.0090955121334 0 0 0 1 0.8959115719202327 0.35322292883640144 0.26939936496519834 16474.639943051443 0.2767377645846086 -0.9181637177086227 0.2835341198801197 161055.5692945965 0.34750347473389587 -0.17946852099383556 -0.9203436233386709 -1289.0090955121334 0 0 0 1 1 0 0 0 0 1 0 0 0 0 1 0 0 0 0 1</float_array>
                    <technique_common>
                        <accessor source="#MatArr8" count="9" stride="16">
                            <param type="float4x4" />
                        </accessor>
                    </technique_common>
                </source>
                <source id="weights8">
                    <float_array id="WeightArr8" count="1">1</float_array>
                    <technique_common>
                        <accessor source="#WeightArr8" count="1">
                            <param type="float" />
                        </accessor>
                    </technique_common>
                </source>
                <joints>
                    <input semantic="JOINT" source="#joints8" />
                    <input semantic="INV_BIND_MATRIX" source="#matrices8" />
                </joints>
                <vertex_weights count="96">
                    <input semantic="JOINT" offset="0" source="#joints8" />
                    <input semantic="WEIGHT" offset="1" source="#weights8" />
                    <vcount>1 1 1 1 1 1 1 1 1 1 1 1 1 1 1 1 1 1 1 1 1 1 1 1 1 1 1 1 1 1 1 1 1 1 1 1 1 1 1 1 1 1 1 1 1 1 1 1 1 1 1 1 1 1 1 1 1 1 1 1 1 1 1 1 1 1 1 1 1 1 1 1 1 1 1 1 1 1 1 1 1 1 1 1 1 1 1 1 1 1 1 1 1 1 1 1</vcount>
                    <v>8 0 8 0 8 0 8 0 8 0 8 0 8 0 8 0 8 0 8 0 8 0 8 0 8 0 8 0 8 0 8 0 8 0 8 0 8 0 8 0 8 0 8 0 8 0 8 0 8 0 8 0 8 0 8 0 8 0 8 0 8 0 8 0 8 0 8 0 8 0 8 0 8 0 8 0 8 0 8 0 8 0 8 0 8 0 8 0 8 0 8 0 8 0 8 0 8 0 8 0 8 0 8 0 8 0 8 0 8 0 8 0 8 0 8 0 8 0 8 0 8 0 8 0 8 0 8 0 8 0 8 0 8 0 8 0 8 0 8 0 8 0 8 0 8 0 8 0 8 0 8 0 8 0 8 0 8 0 8 0 8 0 8 0 8 0 8 0 8 0 8 0 8 0 8 0 8 0 8 0 8 0 8 0 8 0 8 0 8 0 8 0</v>
                </vertex_weights>
            </skin>
        </controller>
        <controller id="controller8_VC">
            <skin source="#mesh8_VC">
                <bind_shape_matrix>1 0 0 0 0 1 0 0 0 0 1 0 0 0 0 1</bind_shape_matrix>
                <source id="joints8_VC">
                    <Name_array id="JointArr8_VC" count="9">jointnode-1 jointnode0 jointnode1 jointnode2 jointnode3 jointnode4 jointnode5 jointnode6 jointnode7</Name_array>
                    <technique_common>
                        <accessor source="#JointArr8_VC" count="9">
                            <param name="JOINT" type="Name" />
                        </accessor>
                    </technique_common>
                </source>
                <source id="matrices8_VC">
                    <float_array id="MatArr8_VC" count="144">1 0 0 0 0 1 0 0 0 0 1 0 0 0 0 1 1 0 0 0 0 1 0 0 0 0 1 0 0 0 0 1 0.8959115719202327 0.35322292883640144 0.26939936496519834 22517.358693051403 0.2767377645846086 -0.9181637177086227 0.2835341198801197 161055.56929459647 0.34750347473389587 -0.17946852099383556 -0.9203436233386709 -6974.665345512153 0 0 0 1 0.8959115719202327 0.35322292883640144 0.26939936496519834 22517.358693051403 0.2767377645846086 -0.9181637177086227 0.2835341198801197 161055.56929459647 0.34750347473389587 -0.17946852099383556 -0.9203436233386709 -6974.665345512153 0 0 0 1 0.8959115719202327 0.35322292883640144 0.26939936496519834 -495525.2975569487 0.2767377645846086 -0.9181637177086227 0.2835341198801197 161055.56929559648 0.34750347473389587 -0.17946852099383556 -0.9203436233386709 -484654.35284551216 0 0 0 1 0.8959115719202327 0.35322292883640144 0.26939936496519834 -484575.29755694856 0.2767377645846086 -0.9181637177086227 0.2835341198801197 161055.5692945965 0.34750347473389587 -0.17946852099383556 -0.9203436233386709 -497638.35284551216 0 0 0 1 0.8959115719202327 0.35322292883640144 0.26939936496519834 16474.639943051443 0.2767377645846086 -0.9181637177086227 0.2835341198801197 161055.5692945965 0.34750347473389587 -0.17946852099383556 -0.9203436233386709 -1289.0090955121334 0 0 0 1 0.8959115719202327 0.35322292883640144 0.26939936496519834 16474.639943051443 0.2767377645846086 -0.9181637177086227 0.2835341198801197 161055.5692945965 0.34750347473389587 -0.17946852099383556 -0.9203436233386709 -1289.0090955121334 0 0 0 1 1 0 0 0 0 1 0 0 0 0 1 0 0 0 0 1</float_array>
                    <technique_common>
                        <accessor source="#MatArr8_VC" count="9" stride="16">
                            <param type="float4x4" />
                        </accessor>
                    </technique_common>
                </source>
                <source id="weights8_VC">
                    <float_array id="WeightArr8_VC" count="1">1</float_array>
                    <technique_common>
                        <accessor source="#WeightArr8_VC" count="1">
                            <param type="float" />
                        </accessor>
                    </technique_common>
                </source>
                <joints>
                    <input semantic="JOINT" source="#joints8_VC" />
                    <input semantic="INV_BIND_MATRIX" source="#matrices8_VC" />
                </joints>
                <vertex_weights count="96">
                    <input semantic="JOINT" offset="0" source="#joints8_VC" />
                    <input semantic="WEIGHT" offset="1" source="#weights8_VC" />
                    <vcount>1 1 1 1 1 1 1 1 1 1 1 1 1 1 1 1 1 1 1 1 1 1 1 1 1 1 1 1 1 1 1 1 1 1 1 1 1 1 1 1 1 1 1 1 1 1 1 1 1 1 1 1 1 1 1 1 1 1 1 1 1 1 1 1 1 1 1 1 1 1 1 1 1 1 1 1 1 1 1 1 1 1 1 1 1 1 1 1 1 1 1 1 1 1 1 1</vcount>
                    <v>8 0 8 0 8 0 8 0 8 0 8 0 8 0 8 0 8 0 8 0 8 0 8 0 8 0 8 0 8 0 8 0 8 0 8 0 8 0 8 0 8 0 8 0 8 0 8 0 8 0 8 0 8 0 8 0 8 0 8 0 8 0 8 0 8 0 8 0 8 0 8 0 8 0 8 0 8 0 8 0 8 0 8 0 8 0 8 0 8 0 8 0 8 0 8 0 8 0 8 0 8 0 8 0 8 0 8 0 8 0 8 0 8 0 8 0 8 0 8 0 8 0 8 0 8 0 8 0 8 0 8 0 8 0 8 0 8 0 8 0 8 0 8 0 8 0 8 0 8 0 8 0 8 0 8 0 8 0 8 0 8 0 8 0 8 0 8 0 8 0 8 0 8 0 8 0 8 0 8 0 8 0 8 0 8 0 8 0 8 0 8 0</v>
                </vertex_weights>
            </skin>
        </controller>
    </library_controllers>
    <library_visual_scenes>
        <visual_scene id="VisualSceneNode">
            <node id="node0" name="m0" type="NODE">
                <instance_controller url="#controller0">
                    <skeleton>#jointnode-1</skeleton>
                    <bind_material>
                        <technique_common>
                            <instance_material symbol="Material1" target="#mat1">
                                <bind_vertex_input semantic="UVSET0" input_semantic="TEXCOORD" input_set="0"></bind_vertex_input>
                            </instance_material>
                        </technique_common>
                    </bind_material>
                </instance_controller>
            </node>
            <node id="node0_VC" name="m0_VC" type="NODE">
                <instance_controller url="#controller0_VC">
                    <skeleton>#jointnode-1</skeleton>
                    <bind_material>
                        <technique_common>
                            <instance_material symbol="Material1" target="#mat_vc">
                                <bind_vertex_input semantic="UVSET0" input_semantic="TEXCOORD" input_set="0"></bind_vertex_input>
                            </instance_material>
                        </technique_common>
                    </bind_material>
                </instance_controller>
            </node>
            <node id="node1" name="m1" type="NODE">
                <instance_controller url="#controller1">
                    <skeleton>#jointnode-1</skeleton>
                    <bind_material>
                        <technique_common>
                            <instance_material symbol="Material1" target="#mat3">
                                <bind_vertex_input semantic="UVSET0" input_semantic="TEXCOORD" input_set="0"></bind_vertex_input>
                            </instance_material>
                        </technique_common>
                    </bind_material>
                </instance_controller>
            </node>
            <node id="node2" name="m2" type="NODE">
                <instance_controller url="#controller2">
                    <skeleton>#jointnode-1</skeleton>
                    <bind_material>
                        <technique_common>
                            <instance_material symbol="Material1" target="#mat0">
                                <bind_vertex_input semantic="UVSET0" input_semantic="TEXCOORD" input_set="0"></bind_vertex_input>
                            </instance_material>
                        </technique_common>
                    </bind_material>
                </instance_controller>
            </node>
            <node id="node2_VC" name="m2_VC" type="NODE">
                <instance_controller url="#controller2_VC">
                    <skeleton>#jointnode-1</skeleton>
                    <bind_material>
                        <technique_common>
                            <instance_material symbol="Material1" target="#mat_vc">
                                <bind_vertex_input semantic="UVSET0" input_semantic="TEXCOORD" input_set="0"></bind_vertex_input>
                            </instance_material>
                        </technique_common>
                    </bind_material>
                </instance_controller>
            </node>
            <node id="node3" name="m3" type="NODE">
                <instance_controller url="#controller3">
                    <skeleton>#jointnode-1</skeleton>
                    <bind_material>
                        <technique_common>
                            <instance_material symbol="Material1" target="#mat2">
                                <bind_vertex_input semantic="UVSET0" input_semantic="TEXCOORD" input_set="0"></bind_vertex_input>
                            </instance_material>
                        </technique_common>
                    </bind_material>
                </instance_controller>
            </node>
            <node id="node3_VC" name="m3_VC" type="NODE">
                <instance_controller url="#controller3_VC">
                    <skeleton>#jointnode-1</skeleton>
                    <bind_material>
                        <technique_common>
                            <instance_material symbol="Material1" target="#mat_vc">
                                <bind_vertex_input semantic="UVSET0" input_semantic="TEXCOORD" input_set="0"></bind_vertex_input>
                            </instance_material>
                        </technique_common>
                    </bind_material>
                </instance_controller>
            </node>
            <node id="node4" name="m4" type="NODE">
                <instance_controller url="#controller4">
                    <skeleton>#jointnode-1</skeleton>
                    <bind_material>
                        <technique_common>
                            <instance_material symbol="Material1" target="#mat4">
                                <bind_vertex_input semantic="UVSET0" input_semantic="TEXCOORD" input_set="0"></bind_vertex_input>
                            </instance_material>
                        </technique_common>
                    </bind_material>
                </instance_controller>
            </node>
            <node id="node4_VC" name="m4_VC" type="NODE">
                <instance_controller url="#controller4_VC">
                    <skeleton>#jointnode-1</skeleton>
                    <bind_material>
                        <technique_common>
                            <instance_material symbol="Material1" target="#mat_vc">
                                <bind_vertex_input semantic="UVSET0" input_semantic="TEXCOORD" input_set="0"></bind_vertex_input>
                            </instance_material>
                        </technique_common>
                    </bind_material>
                </instance_controller>
            </node>
            <node id="node5" name="m5" type="NODE">
                <instance_controller url="#controller5">
                    <skeleton>#jointnode-1</skeleton>
                    <bind_material>
                        <technique_common>
                            <instance_material symbol="Material1" target="#mat5">
                                <bind_vertex_input semantic="UVSET0" input_semantic="TEXCOORD" input_set="0"></bind_vertex_input>
                            </instance_material>
                        </technique_common>
                    </bind_material>
                </instance_controller>
            </node>
            <node id="node5_VC" name="m5_VC" type="NODE">
                <instance_controller url="#controller5_VC">
                    <skeleton>#jointnode-1</skeleton>
                    <bind_material>
                        <technique_common>
                            <instance_material symbol="Material1" target="#mat_vc">
                                <bind_vertex_input semantic="UVSET0" input_semantic="TEXCOORD" input_set="0"></bind_vertex_input>
                            </instance_material>
                        </technique_common>
                    </bind_material>
                </instance_controller>
            </node>
            <node id="node6" name="m6" type="NODE">
                <instance_controller url="#controller6">
                    <skeleton>#jointnode-1</skeleton>
                    <bind_material>
                        <technique_common>
                            <instance_material symbol="Material1" target="#mat8">
                                <bind_vertex_input semantic="UVSET0" input_semantic="TEXCOORD" input_set="0"></bind_vertex_input>
                            </instance_material>
                        </technique_common>
                    </bind_material>
                </instance_controller>
            </node>
            <node id="node6_VC" name="m6_VC" type="NODE">
                <instance_controller url="#controller6_VC">
                    <skeleton>#jointnode-1</skeleton>
                    <bind_material>
                        <technique_common>
                            <instance_material symbol="Material1" target="#mat_vc">
                                <bind_vertex_input semantic="UVSET0" input_semantic="TEXCOORD" input_set="0"></bind_vertex_input>
                            </instance_material>
                        </technique_common>
                    </bind_material>
                </instance_controller>
            </node>
            <node id="node7" name="m7" type="NODE">
                <instance_controller url="#controller7">
                    <skeleton>#jointnode-1</skeleton>
                    <bind_material>
                        <technique_common>
                            <instance_material symbol="Material1" target="#mat7">
                                <bind_vertex_input semantic="UVSET0" input_semantic="TEXCOORD" input_set="0"></bind_vertex_input>
                            </instance_material>
                        </technique_common>
                    </bind_material>
                </instance_controller>
            </node>
            <node id="node7_VC" name="m7_VC" type="NODE">
                <instance_controller url="#controller7_VC">
                    <skeleton>#jointnode-1</skeleton>
                    <bind_material>
                        <technique_common>
                            <instance_material symbol="Material1" target="#mat_vc">
                                <bind_vertex_input semantic="UVSET0" input_semantic="TEXCOORD" input_set="0"></bind_vertex_input>
                            </instance_material>
                        </technique_common>
                    </bind_material>
                </instance_controller>
            </node>
            <node id="node8" name="m8" type="NODE">
                <instance_controller url="#controller8">
                    <skeleton>#jointnode-1</skeleton>
                    <bind_material>
                        <technique_common>
                            <instance_material symbol="Material1" target="#mat6">
                                <bind_vertex_input semantic="UVSET0" input_semantic="TEXCOORD" input_set="0"></bind_vertex_input>
                            </instance_material>
                        </technique_common>
                    </bind_material>
                </instance_controller>
            </node>
            <node id="node8_VC" name="m8_VC" type="NODE">
                <instance_controller url="#controller8_VC">
                    <skeleton>#jointnode-1</skeleton>
                    <bind_material>
                        <technique_common>
                            <instance_material symbol="Material1" target="#mat_vc">
                                <bind_vertex_input semantic="UVSET0" input_semantic="TEXCOORD" input_set="0"></bind_vertex_input>
                            </instance_material>
                        </technique_common>
                    </bind_material>
                </instance_controller>
            </node>
            <node id="jointnode-1" name="root" sid="jointnode-1" type="JOINT">
                <node id="jointnode0" name="world_root" sid="jointnode0" type="JOINT">
                    <node id="jointnode1" name="Comet" sid="jointnode1" type="JOINT">
                        <translate>-62320 138670 -58150</translate>
                        <rotate>0 0 1 21.51738029114658</rotate>
                        <rotate>0 1 0 -15.628528702658162</rotate>
                        <rotate>1 0 0 162.87728507339702</rotate>
                        <node id="jointnode2" name="Core" sid="jointnode2" type="JOINT">
                            <node id="jointnode3" name="Rock" sid="jointnode3" type="JOINT">
                                <translate>518042.65625 -9.999999974752427e-7 477679.6875</translate>
                            </node>
                        </node>
                        <node id="jointnode4" name="Halo" sid="jointnode4" type="JOINT">
                            <translate>507092.65625 0 490663.6875</translate>
                            <node id="jointnode5" name="B" sid="jointnode5" type="JOINT">
                                <translate>-501049.9375 0 -496349.34375</translate>
                            </node>
                            <node id="jointnode6" name="F" sid="jointnode6" type="JOINT">
                                <translate>-501049.9375 0 -496349.34375</translate>
                            </node>
                        </node>
                    </node>
                    <node id="jointnode7" name="Obit" sid="jointnode7" type="JOINT">
                    </node>
                </node>
            </node>
        </visual_scene>
    </library_visual_scenes>
    <scene>
        <instance_visual_scene url="#VisualSceneNode"></instance_visual_scene>
    </scene>
</COLLADA>
