<?xml version="1.0"?>
<COLLADA xmlns="http://www.collada.org/2005/11/COLLADASchema" version="1.4.1">
    <asset>
        <contributor>
            <authoring_tool>J3D Ripoff Exporter</authoring_tool>
        </contributor>
        <created>2023-01-26T05:25:35.844Z</created>
        <modified>2023-01-26T05:25:35.844Z</modified>
		<unit meter="0.01" name="centimeter" ></unit>
        <up_axis>Y_UP</up_axis>
    </asset>
    <library_images>
        <image id="tex0">
            <init_from>AstroPlanetWall.png</init_from>
        </image>
        <image id="tex1">
            <init_from>CometHalo.png</init_from>
        </image>
        <image id="tex2">
            <init_from>IndBendMud.png</init_from>
        </image>
        <image id="tex3">
            <init_from>IndBendMud.png</init_from>
        </image>
        <image id="tex4">
            <init_from>PlanetSun.png</init_from>
        </image>
        <image id="tex5">
            <init_from>OrbitUniverseL.png</init_from>
        </image>
        <image id="tex6">
            <init_from>Galaxy.png</init_from>
        </image>
        <image id="tex7">
            <init_from>GalaxyRiverK.png</init_from>
        </image>
        <image id="tex8">
            <init_from>Skyk.png</init_from>
        </image>
        <image id="tex9">
            <init_from>EarthKsMM.png</init_from>
        </image>
        <image id="tex10">
            <init_from>Cloud01k.png</init_from>
        </image>
        <image id="tex11">
            <init_from>EarthFarK.png</init_from>
        </image>
    </library_images>
    <library_effects>
        <effect id="effect0">
            <profile_COMMON>
                <newparam sid="surface0">
                    <surface type="2D">
                        <init_from>tex1</init_from>
                    </surface>
                </newparam>
                <newparam sid="sampler0">
                    <sampler2D>
                        <source>surface0</source>
                    </sampler2D>
                </newparam>
                <technique sid="COMMON">
                    <blinn>
                        <diffuse>
                            <texture texture="sampler0" texcoord="UVSET0"></texture>
                        </diffuse>
                    </blinn>
                </technique>
            </profile_COMMON>
        </effect>
        <effect id="effect1">
            <profile_COMMON>
                <newparam sid="surface1">
                    <surface type="2D">
                        <init_from>tex0</init_from>
                    </surface>
                </newparam>
                <newparam sid="sampler1">
                    <sampler2D>
                        <source>surface1</source>
                    </sampler2D>
                </newparam>
                <technique sid="COMMON">
                    <blinn>
                        <diffuse>
                            <texture texture="sampler1" texcoord="UVSET0"></texture>
                        </diffuse>
                    </blinn>
                </technique>
            </profile_COMMON>
        </effect>
        <effect id="effect2">
            <profile_COMMON>
                <newparam sid="surface2">
                    <surface type="2D">
                        <init_from>tex2</init_from>
                    </surface>
                </newparam>
                <newparam sid="sampler2">
                    <sampler2D>
                        <source>surface2</source>
                    </sampler2D>
                </newparam>
                <technique sid="COMMON">
                    <blinn>
                        <diffuse>
                            <texture texture="sampler2" texcoord="UVSET0"></texture>
                        </diffuse>
                    </blinn>
                </technique>
            </profile_COMMON>
        </effect>
        <effect id="effect3">
            <profile_COMMON>
                <technique sid="COMMON">
                    <blinn>
                        <diffuse>
                            <color>1 1 1 1</color>
                        </diffuse>
                    </blinn>
                </technique>
            </profile_COMMON>
        </effect>
        <effect id="effect4">
            <profile_COMMON>
                <newparam sid="surface4">
                    <surface type="2D">
                        <init_from>tex9</init_from>
                    </surface>
                </newparam>
                <newparam sid="sampler4">
                    <sampler2D>
                        <source>surface4</source>
                    </sampler2D>
                </newparam>
                <technique sid="COMMON">
                    <blinn>
                        <diffuse>
                            <texture texture="sampler4" texcoord="UVSET0"></texture>
                        </diffuse>
                    </blinn>
                </technique>
            </profile_COMMON>
        </effect>
        <effect id="effect5">
            <profile_COMMON>
                <newparam sid="surface5">
                    <surface type="2D">
                        <init_from>tex9</init_from>
                    </surface>
                </newparam>
                <newparam sid="sampler5">
                    <sampler2D>
                        <source>surface5</source>
                    </sampler2D>
                </newparam>
                <technique sid="COMMON">
                    <blinn>
                        <diffuse>
                            <texture texture="sampler5" texcoord="UVSET0"></texture>
                        </diffuse>
                    </blinn>
                </technique>
            </profile_COMMON>
        </effect>
        <effect id="effect6">
            <profile_COMMON>
                <newparam sid="surface6">
                    <surface type="2D">
                        <init_from>tex8</init_from>
                    </surface>
                </newparam>
                <newparam sid="sampler6">
                    <sampler2D>
                        <source>surface6</source>
                    </sampler2D>
                </newparam>
                <technique sid="COMMON">
                    <blinn>
                        <diffuse>
                            <texture texture="sampler6" texcoord="UVSET0"></texture>
                        </diffuse>
                    </blinn>
                </technique>
            </profile_COMMON>
        </effect>
        <effect id="effect7">
            <profile_COMMON>
                <newparam sid="surface7">
                    <surface type="2D">
                        <init_from>tex5</init_from>
                    </surface>
                </newparam>
                <newparam sid="sampler7">
                    <sampler2D>
                        <source>surface7</source>
                    </sampler2D>
                </newparam>
                <technique sid="COMMON">
                    <blinn>
                        <diffuse>
                            <texture texture="sampler7" texcoord="UVSET0"></texture>
                        </diffuse>
                    </blinn>
                </technique>
            </profile_COMMON>
        </effect>
        <effect id="effect8">
            <profile_COMMON>
                <newparam sid="surface8">
                    <surface type="2D">
                        <init_from>tex4</init_from>
                    </surface>
                </newparam>
                <newparam sid="sampler8">
                    <sampler2D>
                        <source>surface8</source>
                    </sampler2D>
                </newparam>
                <technique sid="COMMON">
                    <blinn>
                        <diffuse>
                            <texture texture="sampler8" texcoord="UVSET0"></texture>
                        </diffuse>
                    </blinn>
                </technique>
            </profile_COMMON>
        </effect>
    </library_effects>
    <library_materials>
        <material id="mat0" name="ACometHalo_v">
            <instance_effect url="#effect0"></instance_effect>
        </material>
        <material id="mat1" name="CometCoreMat_v_x">
            <instance_effect url="#effect1"></instance_effect>
        </material>
        <material id="mat2" name="CometHalo_v">
            <instance_effect url="#effect2"></instance_effect>
        </material>
        <material id="mat3" name="CoreRock">
            <instance_effect url="#effect3"></instance_effect>
        </material>
        <material id="mat4" name="EarthFar_v">
            <instance_effect url="#effect4"></instance_effect>
        </material>
        <material id="mat5" name="EarthNightMat_v">
            <instance_effect url="#effect5"></instance_effect>
        </material>
        <material id="mat6" name="Sky_Mat_v">
            <instance_effect url="#effect6"></instance_effect>
        </material>
        <material id="mat7" name="Space_Mat_v">
            <instance_effect url="#effect7"></instance_effect>
        </material>
        <material id="mat8" name="Sun_Mat_v">
            <instance_effect url="#effect8"></instance_effect>
        </material>
    </library_materials>
    <library_geometries>
        <geometry id="mesh0">
            <mesh>
                <source id="points0">
                    <float_array id="pointarray0" count="663">567556.8947428756 235905.48193901608 -358052.6440284294 559264.7461428579 247701.09265401855 -371159.9671573662 560520.2145134946 252499.44796509 -367275.4795598265 555208.5706831315 269657.3381713552 -372854.4999779465 558958.718566624 275893.55579174834 -363326.7573555313 557089.9656849577 295386.5891688159 -360938.89541504876 563345.0265551205 298748.77971005917 -346087.6510790107 564135.8550754007 317096.1701390635 -337132.9395719875 572049.6346265901 313754.3333377448 -319037.8553250426 574184.4915213586 328214.5782633065 -306096.87478585355 582833.5437638724 316201.3705294162 -287674.67311913706 585227.260299941 325697.4016931783 -273603.6462036014 594010.0451739631 305562.8845511261 -257704.39004220194 596769.2225508735 312623.6948617434 -240088.88466866908 605174.3375453139 287108.8987586544 -228957.2373400096 624928.3678059777 322155.5326301913 -135936.70056671504 632294.8777090489 296215.47036771703 -131665.13036508556 627180.4484266107 327481.83077651437 -33396.68795923854 634341.3576444486 304893.42164179764 -35653.040350753756 600993.8252007944 359443.95716552343 83208.14474560804 608295.1389290438 340509.82079171436 81618.55170974735 571459.9491624633 362381.6871956104 176659.34016432357 579308.3306665313 347976.2316218731 170962.43140746932 559359.469201532 235387.58505750413 -374416.91253664385 558854.0446221441 241799.3710797599 -373627.67666899203 551783.09947873 248705.3840699449 -385353.9313206532 552703.4993117574 260272.6654761695 -380465.46722948476 548332.058791578 273054.7994919572 -385418.8007906777 551894.4163275999 286521.84145770624 -374505.93763438973 550667.9384048888 302209.2875737679 -372195.84458475164 556814.3369030632 313141.05874034355 -355420.2640943927 557988.1691314421 328187.9776011581 -347148.86978947406 565760.2109204005 332413.26912034885 -326502.36426060303 568078.7531238097 343903.1566650864 -314766.11915165244 576471.2212555896 338998.17196275725 -293150.60329112597 579984.7918994277 347521.38241778256 -275671.9223669092 588227.7611681845 333509.5277451951 -256096.80461672298 610069.8423660536 365130.2999020708 -163850.87467587867 617313.9820456947 345919.25719101855 -147013.93927557464 613632.4913970985 372431.1895702756 -47277.326409576955 620017.5979340376 350743.0949851145 -37410.26916462873 589364.6522834861 398027.4017901245 71293.3181206992 594455.849440388 379257.2630047737 79645.8097790305 557741.6255302913 397473.4077266536 174528.96983272224 563996.9059236883 379423.96751233353 177876.17722657116 560757.098437387 229106.11339932674 -373434.11934824125 552656.9000355616 236147.4996225874 -386964.65451588784 546943.9287804205 256399.89715916436 -392485.66462106165 546394.7079946279 285419.0518731846 -385755.6100148754 551449.0611057365 315862.27086415165 -366131.1536444141 560416.2320217495 339704.68672931 -336627.02007840684 572323.3079797036 353025.808703446 -297234.8071687165 603560.9940566041 377772.5239579309 -184902.7371716954 608571.7229395156 390392.2101435768 -62055.54709450371 586175.1121343905 413899.89846354537 58955.28297098001 551191.4796220389 429628.647051031 155893.1007568204 553341.1472461764 414777.7844326305 166958.70067000645 562472.3319929227 255712.15279554317 -362370.61239021097 563553.6095982175 278354.2874547016 -352836.2552402831 570130.6528309035 296321.0194080625 -331352.206169195 580085.0244851767 303594.619442248 -302710.951066462 591318.4782547513 297778.4753863962 -272744.6528378363 602360.069255349 280765.62809049047 -246751.73299273915 612769.63148953 259537.35524334462 -223695.52443121246 638565.1475267757 270588.04295944155 -134655.71767094012 640586.6726921957 285105.1236744344 -44022.37877564505 615529.0553524931 324262.5053464332 74997.71172747304 586658.5238247841 337569.3194898849 161298.89480908148 564920.9640597518 257020.20838201465 -356931.2409172757 568582.6604633445 276818.25825329206 -342384.62196408265 576978.2061787333 288438.6303560529 -318049.4622522597 587810.397665915 287789.00528335286 -289522.2447913145 599163.9315122829 274926.7671760126 -262540.09113458334 609609.229433643 253807.52490202017 -241722.06755962473 618662.3868045652 232533.35645694347 -224914.7408746136 642781.4937533377 247646.30187907562 -144719.02794984845 645025.1412799556 269943.5820723279 -57769.65965541254 621839.9911887809 312234.28111384215 63949.44569453692 567636.3600158514 256300.52240295694 -351483.5251064394 573649.0310499285 271483.52400183346 -332933.67013635294 583449.0686114512 275989.0856057429 -307332.4951726175 594747.0749554114 268023.3303939448 -280584.38919971033 605734.4043652622 249949.35885713974 -257974.72900270918 614898.7839797934 227252.8813622949 -243203.42466283313 621874.3905319306 208539.5629678674 -232753.52437940412 645132.433918416 225838.61325591974 -160436.89667128876 570377.780857459 253636.09731209092 -346544.51799729746 578371.4734123256 262929.5766496486 -325334.83234058565 589092.6131870556 260282.34763176378 -300132.9585369106 600320.022929515 246284.4276323434 -276705.3977864651 610254.098899582 225224.93150128121 -259580.6607407386 617310.5720147295 203500.90732992787 -251308.28592128967 621567.4959792632 189642.87902962332 -246781.23960223608 617309.4558990288 177461.92875024886 -265921.80693576613 572907.6740158751 249303.09852206698 -342577.9942935466 582378.9547800665 252039.42428085263 -320273.1460083141 593425.1596402791 242890.29679035582 -297111.40303527063 603879.7374292619 224648.24892666406 -278331.86784835404 611925.7262517394 202996.27839384394 -267428.75954495056 616088.2842347301 184616.58572520458 -265577.53020057594 575003.082674986 243738.03942174825 -339956.30805069197 585313.7861591362 239896.29208628065 -318222.024525743 595953.8552546456 225481.00501125804 -298607.79346531734 604800.2518569072 205093.96123935608 -285482.92130341736 610127.6892782158 185210.34242360634 -281045.27261152543 610896.4454646746 172220.85771503628 -284907.0717316953 576468.1559329701 237490.29878631458 -338930.1116439005 586854.1031804606 227671.5847886256 -319404.2969042467 596248.3987805257 209667.26344067743 -304593.03897640447 602636.51444416 189358.2425262033 -297686.7491132654 604638.8961981144 173409.66224676603 -299352.45551811217 602031.6184019404 167421.38771956656 -307540.7219763807 577150.1160804287 231166.76611970933 -339605.8621551499 586757.9361418895 216516.32876793767 -323763.0233396682 594048.2740236338 196881.19440332314 -314630.36782201275 597296.3197554903 178829.47343216202 -313944.09116839606 595816.4899551199 168659.3005715138 -320674.07218746585 576957.6770620929 225374.15018930426 -341933.2874336132 584919.8621775217 207465.0904881727 -330945.2725285357 589373.218451066 188276.63637496385 -327862.7632491768 589168.6020976758 174471.3456145996 -332749.64969580877 584644.3718271363 171484.39485143998 -342845.7397518854 575878.8282512366 220664.0813485328 -345704.2644185601 581424.528117119 201356.23614121747 -340309.21384152886 582597.6767681959 184654.21311204592 -343048.64108672994 579145.3306299795 176758.66184191077 -352200.6704554744 572602.8757905787 181801.74530590553 -363448.48079283535 573994.1485156683 217485.08528582432 -350565.7943099934 576574.8006702334 198768.11223372462 -350963.52014715347 574449.7960437302 186401.0419598094 -358659.6026220386 568504.9973967619 185616.20250880235 -370201.87763926445 571478.0615672263 216143.3042850004 -356048.5402405792 570878.7339221538 199970.70747676498 -361843.8106418828 565919.5832613672 193442.25388148433 -373043.9902963434 558674.2373315752 200369.3515656538 -384743.8433070566 568586.0631890993 216774.72044036578 -361609.72948454006 564988.1778875316 204893.46711173613 -371824.49214834033 558088.2641180969 205211.73390909255 -384635.3530405738 550933.8583767375 219733.26371967388 -394198.2835148721 555337.210071032 223877.12878936203 -385077.07843873417 548112.1703867516 238310.53169092216 -394856.4479468085 544710.3070448787 264562.6019954878 -394580.95797641797 546903.1306107141 296702.7162403647 -381513.8616381193 565626.3798451137 219330.03988737828 -366689.0208268444 559599.2010496536 213114.18047972655 -379851.8783427378 551925.3863026183 220658.860016328 -392168.7016241808 553863.453429017 446377.17880858463 127698.41590434019 551411.1803734617 440533.7308644277 142380.1398416975 586049.0355861171 430981.92260690976 27279.50615194466 585083.4474997872 425275.2909917136 43804.39541341804 605117.8149843499 402784.10509136075 -80362.31007646545 92627.95054797124 414716.110585633 581542.1069433719 87574.31974060164 409542.7297662612 585103.1325815115 263708.975560832 450763.5621580867 498131.06598041346 258002.61252905405 444777.421527794 504650.0635282848 402216.16532256885 462755.0148258014 374836.50981738843 397111.8095383302 456681.4970833782 384497.75062971225 418873.7733388386 384479.4049052204 406794.1627666748 427798.9972766095 377876.41833666014 401047.54508918314 520259.51661426236 370277.800773187 284635.0833392035 528768.6651008693 361622.3241174674 276660.837439226 410254.5140220218 394521.2410151858 409803.727773501 511702.45169712184 382738.8049466939 289167.80037321686 402845.4669594157 407050.7600533468 409825.58227460744 504017.3692919996 397823.53699666675 289858.0155210139 394533.1371541084 434629.50286901253 401309.11138730816 397421.5641993021 420867.6191784497 406893.7112219976 494335.0262117196 429947.7255116108 279937.885437701 498024.1744937011 414086.5578828069 286673.0161923288 84458.62016684198 402356.73650630726 588830.9583273794 254643.07527804363 435951.394117297 511019.1989997997 394443.5239756718 446979.1244681407 393604.4383344387 493285.54049193335 443842.643399127 270298.591404533 498969.4788309919 460490.4048483763 246129.8180647805 494910.8733645533 454380.04208022146 258663.84663198912 83607.04105480036 393878.31970786245 592394.2955848747 253998.24492997065 425174.09045043995 516656.74657578126 85120.77103011479 384951.40518497047 595472.291673353 256163.82781234593 413520.9917260816 521045.5687146825 88858.45598946468 376455.2369133666 597774.5195705462 260940.56146030547 402140.79333405243 523769.55826706695 94447.25886833298 369216.06593852304 599064.8873179514 267848.09957106883 392139.4361857074 524548.5238648196 101322.64355972805 363928.5917482627 599189.0585950845 276177.9001480896 384475.4828474713 523271.6344995162 108790.06546834228 361093.46886877215 598101.1039398413 285075.3422910963 379874.40217126976 520022.0845821918 -224025.6480657332 313337.13594144024 616512.3838245828 -226725.77275533736 310296.9387422422 616824.0250157033 -65239.17857455529 369317.2402878214 621773.4577691399 -69052.41282488572 365329.7571625344 623011.2596271964 -228422.54988928372 306380.73471727385 617512.9789871294 -71464.92654210642 360079.78272599156 624607.9168001702 -228946.02793704695 301978.00917359325 618527.9425044869 -72231.53538484577 354090.2907014393 626427.7137717202 -228241.91831099757 297524.5641131451 619782.2253730791 -71269.80630879395 347955.03836260317 628309.4580625896 -226378.18234478292 293458.3734995971 621158.7171611603 -68671.17945531558 342277.4412937125 630075.5585370805 -223538.23320203397 290175.4929976878 622517.2487701633 -64692.59402165399 337610.4605000525 631546.5698734298 -220003.07571213553 287992.36673698074 623711.8780637686 -59731.05074754056 334403.4345209367 632561.5725456589 -216122.65881653596 287116.50790050044 624609.4612312629 -54281.353164245826 332961.16332276934 633000.6135896824 562919.8888458844 223574.7409903196 -370769.11266466463 565531.0526303547 349252.906803218 -318971.8271294972 597971.4653722562 382429.7579785689 -208245.19535444342 546164.5922277048 241873.921536498 -397560.73026026215 -415810.56953301217 216053.4000868196 559692.9176004766 -417475.35921383265 218013.79390370342 558610.7411694011 -413760.42269099964 214798.0540978546 560813.1277188986 -411525.18274448696 214367.57627999719 561851.4066196665 -416373.2985377811 230452.71025993832 556884.2267821337 -417884.47601364774 228480.88533859584 556587.7924780403 -419050.6076605248 223240.17120099987 556996.8064662868 -418806.8701168075 225994.56040340837 556623.031384557 -418591.5382003233 220489.77165101457 557680.1255614534 603328.997429579 408283.5246141075 -100489.81195105953 545182.2323391314 272778.16556569905 -391542.52285764494 554022.078642965 326707.9873520646 -356729.31978789845</float_array>
                    <technique_common>
                        <accessor count="221" source="#pointarray0" stride="3">
                            <param name="X" type="float"/>
                            <param name="Y" type="float"/>
                            <param name="Z" type="float"/>
                        </accessor>
                    </technique_common>
                </source>
                <source id="uvs0">
                    <float_array id="uvarray0" count="488">1.453125 1.37890625 1.50390625 1.23828125 1.40234375 1.23828125 1.40234375 1.09375 1.3046875 1.09375 1.3046875 0.953125 1.203125 0.953125 1.203125 0.8125 1.10546875 0.8125 1.10546875 0.73046875 1.00390625 0.73046875 1.00390625 0.671875 0.90234375 0.671875 0.90234375 0.625 0.8046875 0.625 0.8046875 0.48046875 0.703125 0.48046875 0.703125 0.28125 0.60546875 0.28125 0.703125 0.03515625 0.60546875 0.03515625 0.60546875 -0.19140625 0.50390625 -0.21875 1.65234375 1.37890625 1.703125 1.23828125 1.60546875 1.23828125 1.60546875 1.09375 1.50390625 1.09375 1.50390625 0.953125 1.40234375 0.953125 1.40234375 0.8125 1.3046875 0.8125 1.3046875 0.73046875 1.203125 0.73046875 1.203125 0.671875 1.10546875 0.671875 1.10546875 0.625 1.00390625 0.625 1.00390625 0.48046875 0.90234375 0.48046875 0.90234375 0.28125 0.8046875 0.28125 0.90234375 0.03515625 0.8046875 0.03515625 0.8046875 -0.19140625 0.703125 -0.19140625 1.75390625 1.37890625 1.8046875 1.23828125 1.703125 1.09375 1.60546875 0.953125 1.50390625 0.8125 1.40234375 0.73046875 1.3046875 0.671875 1.203125 0.625 1.10546875 0.48046875 1.00390625 0.28125 1.00390625 0.03515625 1.00390625 -0.19140625 0.90234375 -0.19140625 1.5546875 1.37890625 1.35546875 1.37890625 1.3046875 1.23828125 1.203125 1.09375 1.10546875 0.953125 1.00390625 0.8125 0.90234375 0.73046875 0.8046875 0.671875 0.703125 0.625 0.60546875 0.48046875 0.50390625 0.28125 0.50390625 0.03515625 0.40234375 -0.21875 1.25390625 1.37890625 1.203125 1.23828125 1.10546875 1.09375 1.00390625 0.953125 0.90234375 0.8125 0.8046875 0.73046875 0.703125 0.671875 0.60546875 0.625 0.50390625 0.48046875 0.40234375 0.28125 0.40234375 0.03515625 1.15234375 1.37890625 1.10546875 1.23828125 1.00390625 1.09375 0.90234375 0.953125 0.8046875 0.8125 0.703125 0.73046875 0.60546875 0.671875 0.50390625 0.625 0.40234375 0.48046875 1.0546875 1.37890625 1.00390625 1.23828125 0.90234375 1.09375 0.8046875 0.953125 0.703125 0.8125 0.60546875 0.73046875 0.50390625 0.671875 0.40234375 0.625 0.3046875 0.625 0.953125 1.37890625 0.90234375 1.23828125 0.8046875 1.09375 0.703125 0.953125 0.60546875 0.8125 0.50390625 0.73046875 0.40234375 0.671875 0.85546875 1.37890625 0.8046875 1.23828125 0.703125 1.09375 0.60546875 0.953125 0.50390625 0.8125 0.40234375 0.73046875 0.3046875 0.671875 0.75390625 1.37890625 0.703125 1.23828125 0.60546875 1.09375 0.50390625 0.953125 0.40234375 0.8125 0.3046875 0.73046875 0.203125 0.671875 0.65234375 1.37890625 0.60546875 1.23828125 0.50390625 1.09375 0.40234375 0.953125 0.3046875 0.8125 0.203125 0.73046875 0.5546875 1.37890625 0.50390625 1.23828125 0.40234375 1.09375 0.3046875 0.953125 0.203125 0.8125 0.10546875 0.73046875 0.453125 1.37890625 0.40234375 1.23828125 0.3046875 1.09375 0.203125 0.953125 0.10546875 0.8125 0.00390625 0.73046875 0.35546875 1.37890625 0.3046875 1.23828125 0.203125 1.09375 0.10546875 0.953125 0.00390625 0.8125 0.25390625 1.37890625 0.203125 1.23828125 0.10546875 1.09375 0.00390625 0.953125 -0.09375 0.8125 0.15234375 1.37890625 0.10546875 1.23828125 0.00390625 1.09375 -0.09375 0.953125 -0.19140625 0.8125 1.8046875 1.09375 1.703125 0.953125 1.60546875 0.8125 1.50390625 0.73046875 0.0546875 1.37890625 0.00390625 1.23828125 -0.09375 1.09375 -0.19140625 0.953125 1.203125 -0.21875 1.10546875 -0.21875 1.203125 0.03515625 1.10546875 0.03515625 1.10546875 0.28125 1.203125 -1.6484375 1.10546875 -1.6484375 1.203125 -1.25 1.10546875 -1.25 1.203125 -0.890625 1.10546875 -0.890625 0.50390625 -0.890625 0.40234375 -0.890625 0.50390625 -0.5078125 0.40234375 -0.5078125 0.60546875 -0.7890625 0.60546875 -0.44921875 0.703125 -0.76171875 0.703125 -0.44921875 0.90234375 -0.7890625 0.8046875 -0.76171875 0.90234375 -0.44921875 0.8046875 -0.44921875 1.00390625 -1.40625 1.00390625 -1.10546875 1.00390625 -0.7890625 1.00390625 -0.44921875 1.203125 -0.5078125 1.10546875 -0.5078125 0.90234375 -1.40625 0.90234375 -1.10546875 0.8046875 -1.30078125 0.8046875 -1.05078125 0.703125 -1.30078125 0.703125 -1.05078125 0.60546875 -1.40625 0.60546875 -1.10546875 0.50390625 -1.6484375 0.50390625 -1.25 0.40234375 -1.6484375 0.40234375 -1.25 1.203125 -2.41796875 1.10546875 -2.41796875 1.203125 -2.01171875 1.10546875 -2.01171875 1.00390625 -2.00390625 1.00390625 -1.67578125 0.90234375 -2.00390625 0.90234375 -1.67578125 0.8046875 -1.796875 0.8046875 -1.515625 0.703125 -1.796875 0.703125 -1.515625 0.60546875 -2.00390625 0.60546875 -1.67578125 0.50390625 -2.41796875 0.50390625 -2.01171875 0.40234375 -2.41796875 0.40234375 -2.01171875 -0.04296875 1.37890625 -0.09375 1.23828125 -0.19140625 1.09375 1.3046875 0.625 1.203125 0.48046875 1.8046875 0.953125 1.703125 0.8125 0.60546875 -2.3359375 0.703125 -2.08203125 0.50390625 -2.82421875 0.40234375 -2.82421875 -0.140625 1.37890625 -0.19140625 1.23828125 1.203125 -2.82421875 1.10546875 -2.82421875 0.90234375 -2.3359375 1.00390625 -2.3359375 0.8046875 -2.08203125 1.203125 0.28125 1.8046875 0.8125 1.60546875 0.73046875 1.40234375 0.671875</float_array>
                    <technique_common>
                        <accessor count="1" source="#uvarray0" stride="2">
                            <param name="S" type="float"/>
                            <param name="T" type="float"/>
                        </accessor>
                    </technique_common>
                </source>
                <source id="colors0">
                    <float_array id="colorarray0" count="312">1 1 1 1 0.8627450980392157 0.8627450980392157 0.8627450980392157 1 0.7137254901960784 0.7137254901960784 0.7137254901960784 1 0.5843137254901961 0.5843137254901961 0.5843137254901961 1 0.5843137254901961 0.5843137254901961 0.5843137254901961 0.4235294117647059 0.43529411764705883 0.43529411764705883 0.43529411764705883 0.4235294117647059 0.43529411764705883 0.43529411764705883 0.43529411764705883 1 0.4235294117647059 0.4235294117647059 0.4235294117647059 1 0.47058823529411764 0.47058823529411764 0.47058823529411764 1 0.5725490196078431 0.5725490196078431 0.5725490196078431 1 0.6705882352941176 0.6705882352941176 0.6705882352941176 1 0.6549019607843137 0.6549019607843137 0.6549019607843137 1 0.5725490196078431 0.5725490196078431 0.5725490196078431 0.5607843137254902 0.7137254901960784 0.7137254901960784 0.7137254901960784 0.5607843137254902 0.5607843137254902 0.5607843137254902 0.5607843137254902 0.7490196078431373 0.4666666666666667 0.4666666666666667 0.4666666666666667 0.7490196078431373 0.3176470588235294 0.3176470588235294 0.3176470588235294 0.5607843137254902 0.24705882352941178 0.24705882352941178 0.24705882352941178 0.5058823529411764 0.24705882352941178 0.24705882352941178 0.24705882352941178 0.28627450980392155 0.7137254901960784 0.7137254901960784 0.7137254901960784 0.6862745098039216 0.5843137254901961 0.5843137254901961 0.5843137254901961 0.6392156862745098 0.4235294117647059 0.4235294117647059 0.4235294117647059 0.4235294117647059 0.5215686274509804 0.5215686274509804 0.5215686274509804 0.7490196078431373 0.7490196078431373 0.7490196078431373 0.7490196078431373 1 0.7647058823529411 0.7647058823529411 0.7647058823529411 0.7490196078431373 0.6980392156862745 0.6980392156862745 0.6980392156862745 0.6745098039215687 0.396078431372549 0.396078431372549 0.396078431372549 0.6745098039215687 0.43529411764705883 0.43529411764705883 0.43529411764705883 0 0.4235294117647059 0.4235294117647059 0.4235294117647059 0.00392156862745098 0.6627450980392157 0.6627450980392157 0.6627450980392157 0.7490196078431373 0.41568627450980394 0.41568627450980394 0.41568627450980394 0.5607843137254902 0.2980392156862745 0.2980392156862745 0.2980392156862745 0.5058823529411764 0.34509803921568627 0.34509803921568627 0.34509803921568627 0.615686274509804 0.6235294117647059 0.6235294117647059 0.6235294117647059 1 0.4235294117647059 0.4235294117647059 0.4235294117647059 0.7490196078431373 0.5607843137254902 0.5607843137254902 0.5607843137254902 0.4235294117647059 0.3176470588235294 0.3176470588235294 0.3176470588235294 0.3176470588235294 0 0 0 0 0.47058823529411764 0.47058823529411764 0.47058823529411764 0.5607843137254902 0.5333333333333333 0.5333333333333333 0.5333333333333333 1 0.4235294117647059 0.4235294117647059 0.4235294117647059 0.5607843137254902 0.43529411764705883 0.43529411764705883 0.43529411764705883 0.5607843137254902 0.4235294117647059 0.4235294117647059 0.4235294117647059 0.011764705882352941 0.5843137254901961 0.5843137254901961 0.5843137254901961 0.5607843137254902 0.4235294117647059 0.4235294117647059 0.4235294117647059 0.054901960784313725 0.43529411764705883 0.43529411764705883 0.43529411764705883 0.00392156862745098 0.5843137254901961 0.5843137254901961 0.5843137254901961 0.23921568627450981 0.06666666666666667 0.06666666666666667 0.06666666666666667 0.19607843137254902 0.054901960784313725 0.054901960784313725 0.054901960784313725 0.18823529411764706 0.11764705882352941 0.11764705882352941 0.11764705882352941 0.2196078431372549 0.17647058823529413 0.17647058823529413 0.17647058823529413 0.2549019607843137 0.10196078431372549 0.10196078431372549 0.10196078431372549 0.38823529411764707 0.17647058823529413 0.17647058823529413 0.17647058823529413 0.45098039215686275 0.26666666666666666 0.26666666666666666 0.26666666666666666 0.5254901960784314 0.32941176470588235 0.32941176470588235 0.32941176470588235 0.6 0.19607843137254902 0.19607843137254902 0.19607843137254902 0.403921568627451 0.5686274509803921 0.5686274509803921 0.5686274509803921 0.5254901960784314 0.2196078431372549 0.2196078431372549 0.2196078431372549 0.47843137254901963 0.6274509803921569 0.6274509803921569 0.6274509803921569 0.6 0.06666666666666667 0.06666666666666667 0.06666666666666667 0.27058823529411763 0.054901960784313725 0.054901960784313725 0.054901960784313725 0.33725490196078434 0.11764705882352941 0.11764705882352941 0.11764705882352941 0.39215686274509803 0.2 0.2 0.2 0.17647058823529413 0.17254901960784313 0.17254901960784313 0.17254901960784313 0.32941176470588235 0.2901960784313726 0.2901960784313726 0.2901960784313726 0.47058823529411764 0.5058823529411764 0.5058823529411764 0.5058823529411764 0.45098039215686275 0.21568627450980393 0.21568627450980393 0.21568627450980393 0.47058823529411764 0.20784313725490197 0.20784313725490197 0.20784313725490197 0.45098039215686275 0.011764705882352941 0.011764705882352941 0.011764705882352941 0.16470588235294117 0.023529411764705882 0.023529411764705882 0.023529411764705882 0.32941176470588235 0.0392156862745098 0.0392156862745098 0.0392156862745098 0.10196078431372549 0.07450980392156863 0.07450980392156863 0.07450980392156863 0.2 0.11372549019607843 0.11372549019607843 0.11372549019607843 0.011764705882352941 0.2235294117647059 0.2235294117647059 0.2235294117647059 0.023529411764705882 0.0392156862745098 0.0392156862745098 0.0392156862745098 0.24313725490196078 0.07450980392156863 0.07450980392156863 0.07450980392156863 0.49019607843137253 0.11372549019607843 0.11372549019607843 0.11372549019607843 0.24313725490196078 0.2235294117647059 0.2235294117647059 0.2235294117647059 0.49019607843137253</float_array>
                    <technique_common>
                        <accessor count="78" source="#colorarray0" stride="4">
                            <param name="R" type="float"/>
                            <param name="G" type="float"/>
                            <param name="B" type="float"/>
                            <param name="A" type="float"/>
                        </accessor>
                    </technique_common>
                </source>
                <vertices id="vertices0">
                    <input semantic="POSITION" source="#points0"/>
                </vertices>
                <polylist count="394" material="Material1">
                    <input offset="0" semantic="VERTEX" source="#vertices0"/>
                    <input offset="1" semantic="TEXCOORD" source="#uvs0" set="0"/>
                    <input offset="2" semantic="COLOR" source="#colors0" set="0"/>
                    <vcount>3 3 3 3 3 3 3 3 3 3 3 3 3 3 3 3 3 3 3 3 3 3 3 3 3 3 3 3 3 3 3 3 3 3 3 3 3 3 3 3 3 3 3 3 3 3 3 3 3 3 3 3 3 3 3 3 3 3 3 3 3 3 3 3 3 3 3 3 3 3 3 3 3 3 3 3 3 3 3 3 3 3 3 3 3 3 3 3 3 3 3 3 3 3 3 3 3 3 3 3 3 3 3 3 3 3 3 3 3 3 3 3 3 3 3 3 3 3 3 3 3 3 3 3 3 3 3 3 3 3 3 3 3 3 3 3 3 3 3 3 3 3 3 3 3 3 3 3 3 3 3 3 3 3 3 3 3 3 3 3 3 3 3 3 3 3 3 3 3 3 3 3 3 3 3 3 3 3 3 3 3 3 3 3 3 3 3 3 3 3 3 3 3 3 3 3 3 3 3 3 3 3 3 3 3 3 3 3 3 3 3 3 3 3 3 3 3 3 3 3 3 3 3 3 3 3 3 3 3 3 3 3 3 3 3 3 3 3 3 3 3 3 3 3 3 3 3 3 3 3 3 3 3 3 3 3 3 3 3 3 3 3 3 3 3 3 3 3 3 3 3 3 3 3 3 3 3 3 3 3 3 3 3 3 3 3 3 3 3 3 3 3 3 3 3 3 3 3 3 3 3 3 3 3 3 3 3 3 3 3 3 3 3 3 3 3 3 3 3 3 3 3 3 3 3 3 3 3 3 3 3 3 3 3 3 3 3 3 3 3 3 3 3 3 3 3 3 3 3 3 3 3 3 3 3 3 3 3 3 3 3 3 3 3 3 3 3 3 3 3 3 3 3 3 3 3 3 3 3 3 3 3 3 3 3 3 3 3 3 3 3 3 3 3</vcount>
                    <p>2 2 1 1 1 1 0 0 0 3 3 2 1 1 1 2 2 1 4 4 2 3 3 2 2 2 1 5 5 3 3 3 2 4 4 2 6 6 4 5 5 3 4 4 2 7 7 5 5 5 3 6 6 4 8 8 6 7 7 5 6 6 4 9 9 7 7 7 5 8 8 6 10 10 7 9 9 7 8 8 6 11 11 7 9 9 7 10 10 7 12 12 8 11 11 7 10 10 7 13 13 9 11 11 7 12 12 8 14 14 10 13 13 9 12 12 8 15 15 11 13 13 9 14 14 10 16 16 12 15 15 11 14 14 10 17 17 13 15 15 11 16 16 12 18 18 14 17 17 13 16 16 12 19 19 15 17 17 13 18 18 14 20 20 16 19 19 15 18 18 14 21 21 17 19 19 15 20 20 16 22 22 18 21 21 17 20 20 16 24 25 1 23 24 1 0 23 0 25 26 2 23 24 1 24 25 1 26 27 19 25 26 2 24 25 1 27 28 20 25 26 2 26 27 19 28 29 3 27 28 20 26 27 19 29 30 6 27 28 20 28 29 3 30 31 6 29 30 6 28 29 3 31 32 7 29 30 6 30 31 6 32 33 21 31 32 7 30 31 6 33 34 21 31 32 7 32 33 21 34 35 7 33 34 21 32 33 21 35 36 7 33 34 21 34 35 7 36 37 7 35 36 7 34 35 7 37 38 22 35 36 7 36 37 7 38 39 9 37 38 22 36 37 7 39 40 2 37 38 22 38 39 9 40 41 23 39 40 2 38 39 9 41 42 15 39 40 2 40 41 23 42 43 24 41 42 15 40 41 23 43 44 25 41 42 15 42 43 24 44 45 26 43 44 25 42 43 24 23 24 1 45 47 1 0 46 0 46 48 2 45 47 1 23 24 1 25 26 2 46 48 2 23 24 1 47 49 3 46 48 2 25 26 2 27 28 20 47 49 3 25 26 2 48 50 27 47 49 3 27 28 20 29 30 6 48 50 27 27 28 20 49 51 28 48 50 27 29 30 6 31 32 7 49 51 28 29 30 6 50 52 28 49 51 28 31 32 7 33 34 21 50 52 28 31 32 7 51 53 21 50 52 28 33 34 21 35 36 7 51 53 21 33 34 21 52 54 21 51 53 21 35 36 7 37 38 22 52 54 21 35 36 7 53 55 29 52 54 21 37 38 22 39 40 2 53 55 29 37 38 22 54 56 30 53 55 29 39 40 2 41 42 15 54 56 30 39 40 2 55 57 31 54 56 30 41 42 15 56 58 32 55 57 31 41 42 15 1 1 1 24 25 1 0 59 0 26 27 19 24 25 1 1 1 1 3 3 2 26 27 19 1 1 1 28 29 3 26 27 19 3 3 2 5 5 3 28 29 3 3 3 2 30 31 6 28 29 3 5 5 3 7 7 5 30 31 6 5 5 3 32 33 21 30 31 6 7 7 5 9 9 7 32 33 21 7 7 5 34 35 7 32 33 21 9 9 7 11 11 7 34 35 7 9 9 7 36 37 7 34 35 7 11 11 7 13 13 9 36 37 7 11 11 7 38 39 9 36 37 7 13 13 9 15 15 11 38 39 9 13 13 9 40 41 23 38 39 9 15 15 11 17 17 13 40 41 23 15 15 11 42 43 24 40 41 23 17 17 13 19 19 15 42 43 24 17 17 13 44 45 26 42 43 24 19 19 15 21 21 17 44 45 26 19 19 15 57 61 1 2 2 1 0 60 0 4 4 2 2 2 1 57 61 1 58 62 2 4 4 2 57 61 1 6 6 4 4 4 2 58 62 2 59 63 3 6 6 4 58 62 2 8 8 6 6 6 4 59 63 3 60 64 6 8 8 6 59 63 3 10 10 7 8 8 6 60 64 6 61 65 7 10 10 7 60 64 6 12 12 8 10 10 7 61 65 7 62 66 33 12 12 8 61 65 7 14 14 10 12 12 8 62 66 33 63 67 12 14 14 10 62 66 33 16 16 12 14 14 10 63 67 12 64 68 34 16 16 12 63 67 12 18 18 14 16 16 12 64 68 34 65 69 35 18 18 14 64 68 34 20 20 16 18 18 14 65 69 35 66 70 36 20 20 16 65 69 35 22 22 18 20 20 16 66 70 36 67 71 37 22 22 18 66 70 36 68 73 1 57 61 1 0 72 0 58 62 2 57 61 1 68 73 1 69 74 2 58 62 2 68 73 1 59 63 3 58 62 2 69 74 2 70 75 3 59 63 3 69 74 2 60 64 6 59 63 3 70 75 3 71 76 6 60 64 6 70 75 3 61 65 7 60 64 6 71 76 6 72 77 9 61 65 7 71 76 6 62 66 33 61 65 7 72 77 9 73 78 38 62 66 33 72 77 9 63 67 12 62 66 33 73 78 38 74 79 7 63 67 12 73 78 38 64 68 34 63 67 12 74 79 7 75 80 21 64 68 34 74 79 7 65 69 35 64 68 34 75 80 21 76 81 37 65 69 35 75 80 21 66 70 36 65 69 35 76 81 37 77 82 37 66 70 36 76 81 37 67 71 37 66 70 36 77 82 37 78 84 1 68 73 1 0 83 0 69 74 2 68 73 1 78 84 1 79 85 2 69 74 2 78 84 1 70 75 3 69 74 2 79 85 2 80 86 3 70 75 3 79 85 2 71 76 6 70 75 3 80 86 3 81 87 39 71 76 6 80 86 3 72 77 9 71 76 6 81 87 39 82 88 40 72 77 9 81 87 39 73 78 38 72 77 9 82 88 40 83 89 7 73 78 38 82 88 40 74 79 7 73 78 38 83 89 7 84 90 40 74 79 7 83 89 7 75 80 21 74 79 7 84 90 40 85 91 37 75 80 21 84 90 40 76 81 37 75 80 21 85 91 37 86 93 1 78 84 1 0 92 0 79 85 2 78 84 1 86 93 1 87 94 2 79 85 2 86 93 1 80 86 3 79 85 2 87 94 2 88 95 3 80 86 3 87 94 2 81 87 39 80 86 3 88 95 3 89 96 41 81 87 39 88 95 3 82 88 40 81 87 39 89 96 41 90 97 7 82 88 40 89 96 41 83 89 7 82 88 40 90 97 7 91 98 40 83 89 7 90 97 7 84 90 40 83 89 7 91 98 40 92 99 7 84 90 40 91 98 40 85 91 37 84 90 40 92 99 7 93 100 42 85 91 37 92 99 7 94 102 1 86 93 1 0 101 0 87 94 2 86 93 1 94 102 1 95 103 2 87 94 2 94 102 1 88 95 3 87 94 2 95 103 2 96 104 43 88 95 3 95 103 2 89 96 41 88 95 3 96 104 43 97 105 6 89 96 41 96 104 43 90 97 7 89 96 41 97 105 6 98 106 40 90 97 7 97 105 6 91 98 40 90 97 7 98 106 40 99 107 7 91 98 40 98 106 40 92 99 7 91 98 40 99 107 7 93 100 42 92 99 7 99 107 7 100 109 1 94 102 1 0 108 0 95 103 2 94 102 1 100 109 1 101 110 2 95 103 2 100 109 1 96 104 43 95 103 2 101 110 2 102 111 3 96 104 43 101 110 2 97 105 6 96 104 43 102 111 3 103 112 41 97 105 6 102 111 3 98 106 40 97 105 6 103 112 41 104 113 7 98 106 40 103 112 41 99 107 7 98 106 40 104 113 7 105 114 44 99 107 7 104 113 7 93 100 42 99 107 7 105 114 44 106 116 1 100 109 1 0 115 0 101 110 2 100 109 1 106 116 1 107 117 2 101 110 2 106 116 1 102 111 3 101 110 2 107 117 2 108 118 43 102 111 3 107 117 2 103 112 41 102 111 3 108 118 43 109 119 6 103 112 41 108 118 43 104 113 7 103 112 41 109 119 6 110 120 7 104 113 7 109 119 6 105 114 44 104 113 7 110 120 7 111 121 44 105 114 44 110 120 7 112 123 1 106 116 1 0 122 0 107 117 2 106 116 1 112 123 1 113 124 2 107 117 2 112 123 1 108 118 43 107 117 2 113 124 2 114 125 3 108 118 43 113 124 2 109 119 6 108 118 43 114 125 3 115 126 6 109 119 6 114 125 3 110 120 7 109 119 6 115 126 6 116 127 28 110 120 7 115 126 6 111 121 44 110 120 7 116 127 28 117 129 1 112 123 1 0 128 0 113 124 2 112 123 1 117 129 1 118 130 2 113 124 2 117 129 1 114 125 3 113 124 2 118 130 2 119 131 3 114 125 3 118 130 2 115 126 6 114 125 3 119 131 3 120 132 6 115 126 6 119 131 3 116 127 28 115 126 6 120 132 6 121 133 28 116 127 28 120 132 6 122 135 1 117 129 1 0 134 0 118 130 2 117 129 1 122 135 1 123 136 2 118 130 2 122 135 1 119 131 3 118 130 2 123 136 2 124 137 3 119 131 3 123 136 2 120 132 6 119 131 3 124 137 3 125 138 45 120 132 6 124 137 3 121 133 28 120 132 6 125 138 45 126 139 28 121 133 28 125 138 45 127 141 1 122 135 1 0 140 0 123 136 2 122 135 1 127 141 1 128 142 2 123 136 2 127 141 1 124 137 3 123 136 2 128 142 2 129 143 3 124 137 3 128 142 2 125 138 45 124 137 3 129 143 3 130 144 45 125 138 45 129 143 3 126 139 28 125 138 45 130 144 45 131 146 1 127 141 1 0 145 0 128 142 2 127 141 1 131 146 1 132 147 2 128 142 2 131 146 1 129 143 3 128 142 2 132 147 2 133 148 3 129 143 3 132 147 2 130 144 45 129 143 3 133 148 3 134 149 27 130 144 45 133 148 3 135 151 1 131 146 1 0 150 0 132 147 2 131 146 1 135 151 1 136 152 2 132 147 2 135 151 1 133 148 3 132 147 2 136 152 2 137 153 46 133 148 3 136 152 2 134 149 27 133 148 3 137 153 46 138 154 45 134 149 27 137 153 46 46 48 2 139 155 2 45 47 1 140 156 3 139 155 2 46 48 2 47 49 3 140 156 3 46 48 2 141 157 45 140 156 3 47 49 3 48 50 27 141 157 45 47 49 3 142 158 28 141 157 45 48 50 27 49 51 28 142 158 28 48 50 27 143 160 1 135 151 1 0 159 0 136 152 2 135 151 1 143 160 1 144 161 19 136 152 2 143 160 1 137 153 46 136 152 2 144 161 19 145 162 3 137 153 46 144 161 19 138 154 45 137 153 46 145 162 3 148 165 37 147 164 18 146 163 37 149 166 36 147 164 18 148 165 37 150 167 35 149 166 36 148 165 37 53 55 29 149 166 36 150 167 35 52 54 21 53 55 29 150 167 35 153 170 37 152 169 47 151 168 37 154 171 48 152 169 47 153 170 37 155 172 37 154 171 48 153 170 37 156 173 49 154 171 48 155 172 37 159 176 50 158 175 37 157 174 49 160 177 37 158 175 37 159 176 50 22 22 18 160 177 37 159 176 50 67 71 37 160 177 37 22 22 18 162 179 52 157 174 49 161 178 51 159 176 50 157 174 49 162 179 52 21 21 17 159 176 50 162 179 52 22 22 18 159 176 50 21 21 17 164 181 54 161 178 51 163 180 53 162 179 52 161 178 51 164 181 54 44 45 26 162 179 52 164 181 54 21 21 17 162 179 52 44 45 26 167 184 57 166 183 56 165 182 55 168 185 58 166 183 56 167 184 57 56 58 32 168 185 58 167 184 57 43 44 25 168 185 58 56 58 32 168 185 58 163 180 53 166 183 56 164 181 54 163 180 53 168 185 58 43 44 25 164 181 54 168 185 58 44 45 26 164 181 54 43 44 25 154 171 48 169 186 59 152 169 47 170 187 60 169 186 59 154 171 48 156 173 49 170 187 60 154 171 48 171 188 61 170 187 60 156 173 49 172 189 52 165 182 55 171 188 61 167 184 57 165 182 55 172 189 52 55 57 31 167 184 57 172 189 52 56 58 32 167 184 57 55 57 31 173 190 37 156 173 49 155 172 37 174 191 50 156 173 49 173 190 37 146 163 37 174 191 50 173 190 37 147 164 18 174 191 50 146 163 37 174 191 50 171 188 61 156 173 49 172 189 52 171 188 61 174 191 50 147 164 18 172 189 52 174 191 50 55 57 31 172 189 52 147 164 18 170 187 60 175 192 62 169 186 59 176 193 63 175 192 62 170 187 60 171 188 61 176 193 63 170 187 60 165 182 55 176 193 63 171 188 61 176 193 63 177 194 64 175 192 62 178 195 65 177 194 64 176 193 63 165 182 55 178 195 65 176 193 63 166 183 56 178 195 65 165 182 55 178 195 65 179 196 66 177 194 64 180 197 67 179 196 66 178 195 65 166 183 56 180 197 67 178 195 65 163 180 53 180 197 67 166 183 56 180 197 67 181 198 68 179 196 66 182 199 69 181 198 68 180 197 67 163 180 53 182 199 69 180 197 67 161 178 51 182 199 69 163 180 53 182 199 69 183 200 47 181 198 68 184 201 48 183 200 47 182 199 69 161 178 51 184 201 48 182 199 69 157 174 49 184 201 48 161 178 51 184 201 48 185 202 37 183 200 47 186 203 37 185 202 37 184 201 48 157 174 49 186 203 37 184 201 48 158 175 37 186 203 37 157 174 49 189 206 37 188 205 70 187 204 37 190 207 71 188 205 70 189 206 37 151 168 37 190 207 71 189 206 37 152 169 47 190 207 71 151 168 37 190 207 71 191 208 70 188 205 70 192 209 71 191 208 70 190 207 71 152 169 47 192 209 71 190 207 71 169 186 59 192 209 71 152 169 47 192 209 71 193 210 72 191 208 70 194 211 73 193 210 72 192 209 71 169 186 59 194 211 73 192 209 71 175 192 62 194 211 73 169 186 59 194 211 73 195 212 74 193 210 72 196 213 75 195 212 74 194 211 73 175 192 62 196 213 75 194 211 73 177 194 64 196 213 75 175 192 62 196 213 75 197 214 76 195 212 74 198 215 77 197 214 76 196 213 75 177 194 64 198 215 77 196 213 75 179 196 66 198 215 77 177 194 64 198 215 77 199 216 37 197 214 76 200 217 37 199 216 37 198 215 77 179 196 66 200 217 37 198 215 77 181 198 68 200 217 37 179 196 66 200 217 37 201 218 70 199 216 37 202 219 71 201 218 70 200 217 37 181 198 68 202 219 71 200 217 37 183 200 47 202 219 71 181 198 68 202 219 71 203 220 37 201 218 70 204 221 37 203 220 37 202 219 71 183 200 47 204 221 37 202 219 71 185 202 37 204 221 37 183 200 47 205 223 1 143 160 1 0 222 0 144 161 19 143 160 1 205 223 1 139 224 2 144 161 19 205 223 1 145 162 3 144 161 19 139 224 2 51 53 21 206 225 42 50 52 28 207 226 37 206 225 42 51 53 21 52 54 21 207 226 37 51 53 21 150 167 35 207 226 37 52 54 21 149 166 36 55 57 31 147 164 18 54 56 30 55 57 31 149 166 36 53 55 29 54 56 30 149 166 36 140 156 3 145 227 3 139 155 2 208 228 45 145 227 3 140 156 3 141 157 45 208 228 45 140 156 3 209 229 37 197 214 76 199 216 37 210 230 37 197 214 76 209 229 37 211 231 37 199 216 37 201 218 70 209 229 37 199 216 37 211 231 37 212 232 37 201 218 70 203 220 37 211 231 37 201 218 70 212 232 37 45 234 1 205 223 1 0 233 0 139 224 2 205 223 1 45 234 1 187 204 37 214 236 37 213 235 37 188 205 70 214 236 37 187 204 37 215 237 37 191 208 70 193 210 72 216 238 37 191 208 70 215 237 37 217 239 37 193 210 72 195 212 74 215 237 37 193 210 72 217 239 37 210 230 37 195 212 74 197 214 76 217 239 37 195 212 74 210 230 37 216 238 37 188 205 70 191 208 70 214 236 37 188 205 70 216 238 37 150 167 35 218 240 37 207 226 37 148 165 37 218 240 37 150 167 35 208 228 45 138 241 45 145 227 3 142 158 28 219 242 28 141 157 45 50 52 28 220 243 28 49 51 28 41 42 15 43 44 25 56 58 32</p>
                </polylist>
            </mesh>
        </geometry>
        <geometry id="mesh1">
            <mesh>
                <source id="points1">
                    <float_array id="pointarray1" count="150">568483.7707111911 266082.9272691491 -362487.44765245833 554950.388785656 254177.99109422302 -376298.53408675524 569223.1684072695 264753.0065942279 -381210.16221566283 574431.4597778377 247273.07329988026 -385702.5770822915 580357.0531566056 256529.7199422945 -371694.8197840575 594727.1404617726 251616.66179342894 -383518.05744361505 594387.5682963644 250052.0762395956 -362851.71650791704 589488.7210154965 232803.48480039695 -376784.2993984858 603939.9095659347 234082.61329622153 -365417.780637747 593699.5871079565 219895.2099871674 -358583.4318357654 594629.6996122025 236249.81599818723 -351606.55158467975 600711.1105194659 222789.7826968824 -339072.70251662703 587751.8003590062 238705.05217516166 -335368.2521046898 580641.1351517376 217674.16167110793 -340139.64890083333 578639.1020347042 226676.0857480238 -324182.661029455 561160.0638893042 224579.08036209497 -330735.60618218605 570526.3524522625 239719.32880386888 -330978.5917026645 554301.629674054 241505.057045622 -320685.72741392255 561848.0726317985 254735.9312485786 -335003.96234085003 546102.8025165194 239048.66930990038 -339653.8840044361 543922.3817577269 257346.50164757844 -339974.9966868127 541891.936829437 251956.94277816353 -357854.7511518232 556253.6920169336 259999.24110343162 -351066.82436645264 548317.6342584966 270331.944223047 -365131.0086045483 534951.232658357 249006.96166091468 -377162.66125502484 547839.7230378841 233147.10238345782 -381069.9314366765 540961.8237846878 235602.3385604323 -364831.6319566865 534278.1741535199 219505.19619589613 -372987.0320952956 541203.9552356516 221800.07787070173 -353586.4668950048 554033.0190232905 213968.85216250047 -370607.4010342185 546753.7128795133 201778.8382789156 -355428.14470299263 567107.752685699 205769.22728947038 -353950.7358889079 555234.4707807881 215322.4328230365 -344743.3632035312 566276.289904106 204497.44555956783 -333073.7127253469 585709.7435072875 204315.0767483537 -351780.65198628744 579337.8319204601 211852.9116618993 -365371.35862113605 567822.0860263507 198746.17710037378 -373458.7589483515 573743.4507650917 217116.2233100409 -381434.2212005161 556334.5253947029 218092.6108336105 -388422.19616092776 565065.1709446276 232132.82575475064 -385459.59183870174 556019.6090482151 245974.28972264178 -395193.2721777182 588908.6308388129 270017.90428559296 -360807.2185148817 581558.5046438514 257883.30149947476 -345830.7822302588 601384.1707133763 252291.5425578744 -343248.3299458014 528459.6641927459 237906.43980886549 -350276.19351267326 543104.5021097434 221496.2398789963 -334900.8345680816 579256.9984075648 253759.54238004267 -328015.9869651054 567840.2593134859 273050.5600842693 -342776.60260819015 593836.2336785684 212565.29905992115 -377990.79249794694 581360.6799931804 230291.6685826926 -395549.64535838214</float_array>
                    <technique_common>
                        <accessor count="50" source="#pointarray1" stride="3">
                            <param name="X" type="float"/>
                            <param name="Y" type="float"/>
                            <param name="Z" type="float"/>
                        </accessor>
                    </technique_common>
                </source>
                <source id="uvs1">
                    <float_array id="uvarray1" count="2">0 1</float_array>
                    <technique_common>
                        <accessor count="1" source="#uvarray1" stride="2">
                            <param name="S" type="float"/>
                            <param name="T" type="float"/>
                        </accessor>
                    </technique_common>
                </source>
                <vertices id="vertices1">
                    <input semantic="POSITION" source="#points1"/>
                </vertices>
                <polylist count="96" material="Material1">
                    <input offset="0" semantic="VERTEX" source="#vertices1"/>
                    <input offset="1" semantic="TEXCOORD" source="#uvs1" set="0"/>
                    <vcount>3 3 3 3 3 3 3 3 3 3 3 3 3 3 3 3 3 3 3 3 3 3 3 3 3 3 3 3 3 3 3 3 3 3 3 3 3 3 3 3 3 3 3 3 3 3 3 3 3 3 3 3 3 3 3 3 3 3 3 3 3 3 3 3 3 3 3 3 3 3 3 3 3 3 3 3 3 3 3 3 3 3 3 3 3 3 3 3 3 3 3 3 3 3 3 3</vcount>
                    <p>2 0 1 0 0 0 3 0 1 0 2 0 4 0 3 0 2 0 5 0 3 0 4 0 6 0 5 0 4 0 7 0 5 0 6 0 8 0 7 0 6 0 9 0 7 0 8 0 10 0 9 0 8 0 11 0 9 0 10 0 12 0 11 0 10 0 13 0 11 0 12 0 14 0 13 0 12 0 15 0 13 0 14 0 16 0 15 0 14 0 17 0 15 0 16 0 18 0 17 0 16 0 19 0 17 0 18 0 20 0 19 0 18 0 21 0 19 0 20 0 22 0 21 0 20 0 23 0 21 0 22 0 0 0 23 0 22 0 1 0 23 0 0 0 1 0 21 0 23 0 24 0 21 0 1 0 25 0 24 0 1 0 26 0 24 0 25 0 27 0 26 0 25 0 28 0 26 0 27 0 29 0 28 0 27 0 30 0 28 0 29 0 31 0 30 0 29 0 32 0 30 0 31 0 33 0 32 0 31 0 15 0 32 0 33 0 13 0 15 0 33 0 13 0 9 0 11 0 34 0 9 0 13 0 31 0 34 0 13 0 35 0 34 0 31 0 36 0 35 0 31 0 37 0 35 0 36 0 29 0 37 0 36 0 38 0 37 0 29 0 25 0 38 0 29 0 39 0 38 0 25 0 40 0 39 0 25 0 3 0 39 0 40 0 1 0 3 0 40 0 0 0 4 0 2 0 41 0 4 0 0 0 42 0 41 0 0 0 6 0 41 0 42 0 43 0 6 0 42 0 10 0 6 0 43 0 12 0 10 0 43 0 26 0 21 0 24 0 44 0 21 0 26 0 28 0 44 0 26 0 19 0 44 0 28 0 45 0 19 0 28 0 15 0 19 0 45 0 32 0 15 0 45 0 12 0 16 0 14 0 46 0 16 0 12 0 42 0 46 0 12 0 18 0 46 0 42 0 47 0 18 0 42 0 22 0 18 0 47 0 0 0 22 0 47 0 35 0 9 0 34 0 48 0 9 0 35 0 37 0 48 0 35 0 7 0 48 0 37 0 49 0 7 0 37 0 3 0 7 0 49 0 39 0 3 0 49 0 32 0 28 0 30 0 45 0 28 0 32 0 37 0 39 0 49 0 38 0 39 0 37 0 27 0 25 0 29 0 36 0 31 0 29 0 48 0 7 0 9 0 8 0 6 0 10 0 41 0 6 0 4 0 43 0 42 0 12 0 46 0 18 0 16 0 20 0 18 0 22 0 17 0 19 0 15 0 40 0 25 0 1 0 33 0 31 0 13 0 5 0 7 0 3 0 47 0 42 0 0 0 44 0 19 0 21 0</p>
                </polylist>
            </mesh>
        </geometry>
        <geometry id="mesh2">
            <mesh>
                <source id="points2">
                    <float_array id="pointarray2" count="336">551075.6363280514 322801.7609878228 -370026.3008979359 544933.4823733642 301815.6822175026 -385773.4946152784 554560.2883311583 334657.5716490401 -360437.5968519917 548579.5930570211 312281.5118292456 -377049.6479271074 560828.3544073461 348299.47518516995 -344042.387652379 555609.327806214 325049.9897416599 -360990.83083887305 585919.1063618014 395273.4479692521 -254698.0485034812 583817.824059505 369316.386048372 -277740.0290761607 594391.0665121446 446762.1791645919 -141595.9911415103 598944.2747141458 420541.4280372751 -165211.95775255145 582096.2613143319 475528.6068337302 -9964.151837238373 605379.6681599519 386217.73939720343 -180252.84186363977 595624.130242554 440106.9432107948 -24813.734157449246 613921.4642328357 347487.80598432774 -184989.37282431763 609329.0104738919 398985.96248925023 -28888.493368886295 619207.6367348636 327965.15676526993 -181859.38504510827 615916.0115738135 377717.25951265096 -25230.919608821743 552593.8141296434 422662.02156826784 175398.05725417798 560586.9022628838 399841.2247549909 179620.56548081996 622503.017727658 356448.5549787519 -21573.36061417486 634111.5075194621 316762.31059403904 -3497.3672289657115 636365.3215584711 273023.52753182687 -161994.3611882715 648070.3597046423 244578.25258442725 -136513.71759268854 622779.1336240538 209476.8887696708 -253533.5418881984 636520.740959344 194458.25396075193 -223742.83081173763 603201.9491507602 167146.64678881416 -312229.3904696166 616776.7765755211 162672.95291977827 -286719.8972480472 607109.1598046292 160310.32538181348 -306598.18665697007 647875.042510273 189715.33502581003 -191220.5471455665 657702.9081274064 225591.36264530383 -105010.28113933359 646977.6631164105 260264.31248787153 56510.71104215403 642763.230279277 283708.29843557643 23483.046951971162 576248.970198822 318164.4420101232 226716.43379033834 571568.604526916 356007.90108526254 198805.79381346307 559100.81315613 194618.79405124756 -382949.371556082 564657.5526423499 196658.76234589992 -373513.11892531754 553956.7609846907 223128.0921803208 -386155.3114341474 562940.9031036164 230931.9571315275 -369652.97918795305 555970.9823126971 262971.8275633113 -374936.50289516465 597100.3487405032 264972.34417529637 -292761.2114368141 592945.1375791 282714.0625484825 -295392.36078338214 624493.8097772914 308442.5057532682 -178729.39671222775 553669.1930541627 295514.8958861715 -371807.4662820763 545933.2180504699 284129.10077149223 -387738.7225681559 547583.3892860293 253307.61664135545 -391006.6037310157 543321.9176639272 246970.19382569892 -399115.77823634667 549129.0420572198 219038.7551713488 -394685.74413167505 547211.7898259503 217432.59647353546 -398015.6451149752 555894.4831401842 196256.48386908128 -387812.2966393269 225508.1012066945 357369.55594013515 562415.8910602713 222123.04041871446 309514.2366825846 585114.5290505565 -2167.4213179050203 309429.80350572383 641784.0905291571 -7402.832165873879 256153.4860316497 659913.567407818 -262436.4645302142 166303.86161436126 642537.2920590745 -26880.928694177725 209692.76298099407 675719.9256597992 -281883.3954988631 113191.30829259712 646055.0328509356 -313709.48119747866 70616.18100430342 639746.4187695656 663466.0779510569 217584.71737101345 -70824.63946501567 645638.3241898777 248438.87871064656 92112.38589315183 563263.9454374652 273198.94703109976 295799.1514902986 573610.345972536 289740.0816162742 260275.52294432814 164428.41398396462 500934.12756250927 526002.9901807405 195176.26572031755 458004.982919851 531339.2203571585 -68796.57534793315 459846.4704120825 597011.9062692805 -34443.96005914398 416517.5843589095 608714.8170106537 -291762.1195981754 339146.59716419014 596350.3613620185 -22975.933614146168 390581.34098267154 616370.9718403956 -279651.429362118 311982.1173564497 605884.6274020072 205677.71986090753 433249.9128177364 537567.4146169774 411394.10335632594 447064.4583882695 386428.2211027193 216179.14385543345 408494.85147059534 543795.6976511343 420634.22927381954 423473.8458514656 391475.68852339283 430487.5921277576 376494.68373818335 410590.20252169773 574149.7455373638 202658.1192020448 -356311.2905424099 588247.2804341783 180791.42636980227 -336380.201850872 608920.5753642084 233665.87595211374 -277398.43549651525 542051.3604228714 275580.71730466606 -395932.2785782228 542202.0434849542 241685.31269726553 -401840.9863054928 -11507.713851669163 364645.07221207087 624026.8650678301 -267540.4934070608 284817.73166737496 615418.9678673155 -257450.8310964284 225308.21208716746 631504.294913149 420498.5851346518 300487.6294256261 466694.69183843024 430585.51501429564 334210.1131140366 436670.30161232885 480264.8718319939 548574.2218959515 210761.71787180996 503007.13793205784 523988.2500847818 187938.33296850786 524952.7305966055 488355.6919406822 174160.41863785096 544600.686217506 445482.7843342126 171175.4939593754 402153.9991324635 470655.05979235127 381380.6961346109 84967.42957491509 549953.7413265058 535079.9238045765 126606.28074898868 532761.6203512177 527608.9669417944 -158280.8776454675 503709.04611919686 584603.7064599087 -111382.2033604344 490052.25666821055 589143.4277909462 -419308.680714423 420974.73253908945 531553.6961845743 -371711.5398930715 411224.15225826885 554020.8144655032 313505.7080814192 568096.3190804018 407261.5766973831 346320.0466114204 547002.614642706 390223.1064952101 376691.62067134294 513313.73194580915 381110.4872334304 -327700.4353727943 382837.3490252185 575670.5943242152 586243.1362586326 164757.86306429244 -343449.32338024967 578410.2054110193 176376.580981873 -354464.13844533794 572064.6087586894 176002.41900522448 -365181.9400242742 567251.4853042194 180155.5032809057 -372325.2162969144 206016.13473223883 269294.6993641173 608969.033908968 178319.27819653577 240229.80728087702 630724.4047312565 -58943.70150996448 174126.86320912724 686380.5873061417 584488.3190954605 336518.79862940044 -292764.77449548803 588789.8704232232 300455.75884523545 -298023.52696741046 593280.2703379083 163972.8556611026 -331251.09396066575 599638.0981406673 161680.67024734293 -320271.20191489765 400707.9022738342 278300.5210056627 497159.2577470406 569365.6430144274 501497.25190656446 13966.537022689969 541206.9591944747 266566.3296268394 -399009.3654563384</float_array>
                    <technique_common>
                        <accessor count="112" source="#pointarray2" stride="3">
                            <param name="X" type="float"/>
                            <param name="Y" type="float"/>
                            <param name="Z" type="float"/>
                        </accessor>
                    </technique_common>
                </source>
                <source id="uvs2">
                    <float_array id="uvarray2" count="224">0 0.64453125 0.046875 0.64453125 0 0.57421875 0.046875 0.57421875 0 0.5 0.046875 0.5 0 0.25390625 0.046875 0.25390625 -0.00390625 0 0.04296875 0 0.03515625 -0.328125 0.09375 0 0.0859375 -0.328125 0.14453125 0 0.13671875 -0.328125 0.16796875 0 0.16015625 -0.328125 0.15625 -0.68359375 0.1796875 -0.68359375 0.18359375 -0.328125 0.234375 -0.328125 0.2421875 0 0.29296875 0 0.296875 0.25390625 0.34765625 0.25390625 0.34765625 0.5 0.3984375 0.5 0.3984375 0.57421875 0.3984375 0.25390625 0.34375 0 0.3359375 -0.328125 0.28515625 -0.328125 0.28125 -0.68359375 0.23046875 -0.68359375 0.25 0.64453125 0.25 0.57421875 0.19921875 0.57421875 0.19921875 0.5 0.1484375 0.5 0.19921875 0.25390625 0.171875 0.25390625 0.1953125 0 0.09765625 0.5 0.09765625 0.57421875 0.1484375 0.57421875 0.1484375 0.64453125 0.19921875 0.64453125 0.19921875 0.71484375 0.25 0.71484375 0.21875 -1.375 0.26953125 -1.375 0.21484375 -1.62109375 0.26171875 -1.62109375 0.25390625 -1.96875 0.3125 -1.62109375 0.3046875 -1.96875 0.35546875 -1.96875 0.39453125 0 0.38671875 -0.328125 0.37890625 -0.68359375 0.33203125 -0.68359375 0.0703125 -1.375 0.12109375 -1.375 0.0625 -1.62109375 0.11328125 -1.62109375 0.10546875 -1.96875 0.13671875 -1.62109375 0.12890625 -1.96875 0.14453125 -1.375 0.15234375 -1.05078125 0.16796875 -1.375 0.17578125 -1.05078125 0.2265625 -1.05078125 0.25 0.5 0.296875 0.5 0.25 0.25390625 0.09765625 0.64453125 0.1484375 0.71484375 0.1640625 -1.62109375 0.15625 -1.96875 0.203125 -1.96875 0.328125 -1.05078125 0.27734375 -1.05078125 -0.015625 -0.68359375 0.03125 -0.68359375 0.08203125 -0.68359375 0.12890625 -0.68359375 0.125 -1.05078125 -0.02734375 -1.375 0.01953125 -1.375 -0.03125 -1.62109375 0.01171875 -1.62109375 -0.04296875 -1.96875 0.00390625 -1.96875 -0.01953125 -1.05078125 0.02734375 -1.05078125 0.078125 -1.05078125 0.0546875 -1.96875 0.34765625 0.64453125 0.296875 0.57421875 0.296875 0.64453125 0.296875 0.71484375 0.3203125 -1.375 0.37109375 -1.375 0.36328125 -1.62109375 0.09765625 0.25390625 0.1484375 0.25390625 0.34765625 0.57421875 0.3984375 0.64453125 0.375 -1.05078125 -0.01171875 -0.328125 0.09765625 0.71484375</float_array>
                    <technique_common>
                        <accessor count="1" source="#uvarray2" stride="2">
                            <param name="S" type="float"/>
                            <param name="T" type="float"/>
                        </accessor>
                    </technique_common>
                </source>
                <source id="colors2">
                    <float_array id="colorarray2" count="128">0.10196078431372549 0.054901960784313725 0.03137254901960784 1 1 0.5607843137254902 0.3176470588235294 1 0.00784313725490196 0.00392156862745098 0 1 1 0.17647058823529413 0.10196078431372549 1 0.34901960784313724 0.19607843137254902 0.10980392156862745 1 0.2 0.11372549019607843 0.06274509803921569 1 1 1 1 1 0.3176470588235294 0.027450980392156862 0.027450980392156862 1 0.17647058823529413 0.17647058823529413 0.17647058823529413 1 0.2980392156862745 0.13725490196078433 0.13725490196078433 1 1 0.8392156862745098 0.7333333333333333 1 0.11764705882352941 0.06666666666666667 0.0392156862745098 1 0.23921568627450981 0.13333333333333333 0.07450980392156863 1 0.5607843137254902 0.3176470588235294 0.17647058823529413 1 0.9607843137254902 0.7176470588235294 0.5764705882352941 1 0.9803921568627451 0.6392156862745098 0.4470588235294118 1 1 0.8156862745098039 0.6784313725490196 1 0.047058823529411764 0.027450980392156862 0.01568627450980392 1 1 0.3686274509803922 0.20784313725490197 1 0.00784313725490196 0.00392156862745098 0.00392156862745098 1 0.050980392156862744 0.00784313725490196 0.00392156862745098 1 0.011764705882352941 0.00392156862745098 0.00392156862745098 1 0 0 0 1 0.7490196078431373 0.23137254901960785 0.12941176470588237 1 0.050980392156862744 0.027450980392156862 0.01568627450980392 1 0.4235294117647059 0.10196078431372549 0.10196078431372549 1 0.023529411764705882 0.00784313725490196 0.00784313725490196 1 0.5294117647058824 0.44313725490196076 0.38823529411764707 1 0.08235294117647059 0.047058823529411764 0.027450980392156862 1 0.054901960784313725 0.047058823529411764 0.043137254901960784 1 0.00392156862745098 0.00392156862745098 0.00392156862745098 1 0.5019607843137255 0.2823529411764706 0.1568627450980392 1</float_array>
                    <technique_common>
                        <accessor count="32" source="#colorarray2" stride="4">
                            <param name="R" type="float"/>
                            <param name="G" type="float"/>
                            <param name="B" type="float"/>
                            <param name="A" type="float"/>
                        </accessor>
                    </technique_common>
                </source>
                <vertices id="vertices2">
                    <input semantic="POSITION" source="#points2"/>
                </vertices>
                <polylist count="183" material="Material1">
                    <input offset="0" semantic="VERTEX" source="#vertices2"/>
                    <input offset="1" semantic="TEXCOORD" source="#uvs2" set="0"/>
                    <input offset="2" semantic="COLOR" source="#colors2" set="0"/>
                    <vcount>3 3 3 3 3 3 3 3 3 3 3 3 3 3 3 3 3 3 3 3 3 3 3 3 3 3 3 3 3 3 3 3 3 3 3 3 3 3 3 3 3 3 3 3 3 3 3 3 3 3 3 3 3 3 3 3 3 3 3 3 3 3 3 3 3 3 3 3 3 3 3 3 3 3 3 3 3 3 3 3 3 3 3 3 3 3 3 3 3 3 3 3 3 3 3 3 3 3 3 3 3 3 3 3 3 3 3 3 3 3 3 3 3 3 3 3 3 3 3 3 3 3 3 3 3 3 3 3 3 3 3 3 3 3 3 3 3 3 3 3 3 3 3 3 3 3 3 3 3 3 3 3 3 3 3 3 3 3 3 3 3 3 3 3 3 3 3 3 3 3 3 3 3 3 3 3 3 3 3 3 3 3 3</vcount>
                    <p>2 2 0 1 1 0 0 0 0 3 3 0 1 1 0 2 2 0 4 4 0 3 3 0 2 2 0 5 5 1 3 3 0 4 4 0 6 6 2 5 5 1 4 4 0 7 7 3 5 5 1 6 6 2 8 8 2 7 7 3 6 6 2 9 9 3 7 7 3 8 8 2 10 10 3 9 9 3 8 8 2 11 11 4 9 9 3 10 10 3 12 12 5 11 11 4 10 10 3 13 13 6 11 11 4 12 12 5 14 14 1 13 13 6 12 12 5 15 15 7 13 13 6 14 14 1 16 16 8 15 15 7 14 14 1 18 18 10 16 16 8 17 17 9 19 19 10 16 16 8 18 18 10 20 20 11 19 19 10 18 18 10 21 21 12 19 19 10 20 20 11 22 22 1 21 21 12 20 20 11 23 23 1 21 21 12 22 22 1 24 24 3 23 23 1 22 22 1 25 25 1 23 23 1 24 24 3 26 26 0 25 25 1 24 24 3 27 27 0 25 25 1 26 26 0 24 24 3 28 28 2 26 26 0 29 29 3 28 28 2 24 24 3 22 22 1 29 29 3 24 24 3 30 30 3 29 29 3 22 22 1 31 31 1 30 30 3 22 22 1 32 32 1 30 30 3 31 31 1 20 20 11 32 32 1 31 31 1 33 33 0 32 32 1 20 20 11 18 18 10 33 33 0 20 20 11 36 36 1 35 35 13 34 34 1 37 37 1 35 35 13 36 36 1 38 38 1 37 37 1 36 36 1 39 39 14 37 37 1 38 38 1 40 40 15 39 39 14 38 38 1 41 41 16 39 39 14 40 40 15 15 15 7 41 41 16 40 40 15 16 16 8 41 41 16 15 15 7 42 42 1 5 5 1 7 7 3 43 43 1 5 5 1 42 42 1 44 44 1 43 43 1 42 42 1 45 45 1 43 43 1 44 44 1 46 46 1 45 45 1 44 44 1 47 47 0 45 45 1 46 46 1 48 48 0 47 47 0 46 46 1 51 51 19 50 50 18 49 49 17 52 52 3 50 50 18 51 51 19 53 53 20 52 52 3 51 51 19 54 54 5 52 52 3 53 53 20 55 55 21 54 54 5 53 53 20 56 56 22 54 54 5 55 55 21 29 29 3 57 57 2 28 28 2 58 58 2 57 57 2 29 29 3 30 30 3 58 58 2 29 29 3 59 59 2 58 58 2 30 30 3 60 60 23 59 59 2 30 30 3 63 63 5 62 62 1 61 61 5 64 64 1 62 62 1 63 63 5 65 65 24 64 64 1 63 63 5 66 66 25 64 64 1 65 65 24 67 67 26 66 66 25 65 65 24 70 70 27 69 69 25 68 68 25 71 71 10 69 69 25 70 70 27 72 72 28 71 71 10 70 70 27 33 33 0 71 71 10 72 72 28 32 32 1 33 33 0 72 72 28 73 73 12 35 35 13 37 37 1 74 74 1 35 35 13 73 73 12 75 75 12 74 74 1 73 73 12 23 23 1 74 74 1 75 75 12 21 21 12 23 23 1 75 75 12 43 43 1 3 3 0 5 5 1 76 76 0 3 3 0 43 43 1 45 45 1 76 76 0 43 43 1 77 77 0 76 76 0 45 45 1 47 47 0 77 77 0 45 45 1 78 78 29 49 49 17 70 70 27 51 51 19 49 49 17 78 78 29 79 79 30 51 51 19 78 78 29 80 80 22 51 51 19 79 79 30 60 60 23 81 81 31 59 59 2 82 82 1 81 81 31 60 60 23 32 32 1 82 82 1 60 60 23 72 72 28 82 82 1 32 32 1 84 84 3 10 10 3 83 83 2 12 12 5 10 10 3 84 84 3 85 85 5 12 12 5 84 84 3 86 86 1 12 12 5 85 85 5 69 69 25 62 62 1 68 68 25 87 87 1 62 62 1 69 69 25 17 17 9 87 87 1 69 69 25 86 86 1 87 87 1 17 17 9 66 66 25 70 70 27 68 68 25 78 78 29 70 70 27 66 66 25 67 67 26 78 78 29 66 66 25 79 79 30 78 78 29 67 67 26 90 90 2 89 89 3 88 88 2 91 91 3 89 89 3 90 90 2 92 92 22 91 91 3 90 90 2 93 93 20 91 91 3 92 92 22 94 94 2 84 84 3 83 83 2 95 95 3 84 84 3 94 94 2 88 88 2 95 95 3 94 94 2 89 89 3 95 95 3 88 88 2 95 95 3 85 85 5 84 84 3 96 96 5 85 85 5 95 95 3 89 89 3 96 96 5 95 95 3 61 61 5 96 96 5 89 89 3 91 91 3 61 61 5 89 89 3 63 63 5 61 61 5 91 91 3 93 93 20 63 63 5 91 91 3 97 97 21 63 63 5 93 93 20 100 100 0 99 99 1 98 98 0 34 34 1 99 99 1 100 100 0 101 101 0 34 34 1 100 100 0 48 48 0 34 34 1 101 101 0 46 46 1 34 34 1 48 48 0 36 36 1 34 34 1 46 46 1 44 44 1 36 36 1 46 46 1 38 38 1 36 36 1 44 44 1 39 39 14 73 73 12 37 37 1 75 75 12 73 73 12 39 39 14 41 41 16 75 75 12 39 39 14 21 21 12 75 75 12 41 41 16 54 54 5 103 103 2 102 102 4 104 104 2 103 103 2 54 54 5 56 56 22 104 104 2 54 54 5 105 105 31 7 7 3 9 9 3 42 42 1 7 7 3 105 105 31 106 106 1 42 42 1 105 105 31 13 13 6 106 106 1 105 105 31 40 40 15 106 106 1 13 13 6 15 15 7 40 40 15 13 13 6 38 38 1 106 106 1 40 40 15 42 42 1 106 106 1 38 38 1 44 44 1 42 42 1 38 38 1 18 18 10 71 71 10 33 33 0 69 69 25 71 71 10 18 18 10 17 17 9 69 69 25 18 18 10 107 107 0 99 99 1 25 25 1 98 98 0 99 99 1 107 107 0 108 108 0 98 98 0 107 107 0 96 96 5 86 86 1 85 85 5 87 87 1 86 86 1 96 96 5 62 62 1 87 87 1 96 96 5 81 81 31 109 109 2 59 59 2 103 103 2 109 109 2 81 81 31 102 102 4 103 103 2 81 81 31 52 52 3 102 102 4 50 50 18 54 54 5 102 102 4 52 52 3 11 11 4 105 105 31 9 9 3 13 13 6 105 105 31 11 11 4 16 16 8 86 86 1 17 17 9 14 14 1 86 86 1 16 16 8 68 68 25 64 64 1 66 66 25 62 62 1 64 64 1 68 68 25 110 110 2 10 10 3 8 8 2 83 83 2 10 10 3 110 110 2 49 49 17 72 72 28 70 70 27 50 50 18 72 72 28 49 49 17 25 25 1 74 74 1 23 23 1 99 99 1 74 74 1 25 25 1 99 99 1 35 35 13 74 74 1 34 34 1 35 35 13 99 99 1 107 107 0 27 27 0 108 108 0 25 25 1 27 27 0 107 107 0 19 19 10 41 41 16 16 16 8 21 21 12 41 41 16 19 19 10 81 81 31 50 50 18 102 102 4 82 82 1 50 50 18 81 81 31 3 3 0 76 76 0 1 1 0 76 76 0 77 77 0 111 111 0 30 30 3 32 32 1 60 60 23 51 51 19 80 80 22 53 53 20 63 63 5 97 97 21 65 65 24 96 96 5 61 61 5 62 62 1 22 22 1 20 20 11 31 31 1 12 12 5 86 86 1 14 14 1 72 72 28 50 50 18 82 82 1</p>
                </polylist>
            </mesh>
        </geometry>
        <geometry id="mesh3">
            <mesh>
                <source id="points3">
                    <float_array id="pointarray3" count="735">118271.10101472997 547355.5001120991 513231.16217314627 -22211.604835851263 515195.93469688244 571555.873570667 231836.94338993245 551272.9117241341 475716.74760435405 -37581.41489095356 499162.0821229758 579056.411122155 220290.0150295145 539064.672123559 489026.47417459753 206180.26216971624 502648.47154824587 514375.7001804422 417705.0050862829 537803.6119860113 315934.00525516656 410179.25095250976 506958.0926032091 346422.68110935175 537956.2033556965 479863.94648928125 159935.7840651705 410912.3149438094 467158.802073604 371852.44206888287 542659.0683367328 445201.20639540104 185560.8850027998 552757.557954208 404899.5462596759 203117.73493638763 614175.0775317186 368000.95748460165 24209.132396459565 626395.38800354 329605.39385712444 30964.673096767117 628836.1407846247 334553.7941335545 -98411.88316931226 638967.9462003517 299788.4766311484 -92601.90082605107 612810.523607986 292177.01555211574 -219998.3864757683 621426.401865024 260907.7391725197 -213826.00610332558 609130.7056956814 284640.2040124081 -240813.10296326876 617016.9461664173 255167.91132970154 -235148.26799074232 605350.761666831 278418.55074855254 -257271.2386973723 612485.9582028899 251105.70127884124 -252134.27580899434 600122.1169837608 271008.6535184214 -276163.2695736591 606160.4921644708 247230.8034941669 -271804.1496954161 593418.1099914536 262637.6441519978 -296727.6558792781 598099.9171774876 243608.63606650388 -293337.25541021756 585444.3968940246 253660.04963243922 -318017.06550902256 588606.1576841603 240369.69261291818 -315719.63710836426 576668.6823956934 244559.97989985178 -338920.3072306367 578241.974741756 237719.81110916883 -337773.0378776849 567795.7616984451 235926.07727930974 -358219.09177068307 615814.5429721375 163459.44811281658 -283233.8345222402 616965.2560087544 166281.0221531474 -279650.7034773482 625593.0160055708 168380.77286279693 -258493.9725238463 630920.4319190485 182069.08865015185 -237714.35063364776 655072.9818056386 195453.12211815052 -159348.01496415003 657262.7032706992 211051.8962088743 -131289.36111185272 664219.6086962275 221114.94772787808 -37476.35269141622 659793.0426104083 235798.3246837781 -8258.83256994182 620356.489054395 265732.2844244486 172508.5432644623 650972.7550109326 260336.79424662018 14074.034252747966 603527.7290634088 290039.1933945344 195058.05165103212 639240.5311493078 292572.11069362995 27522.125472544387 585095.2990683918 323465.316060371 208232.56074437033 632817.9302217518 311088.7419382095 29243.394461017888 576268.3781851162 343221.4498051546 209592.330616071 567441.4817356785 362977.57093105774 210952.03577611066 449677.9038206492 357225.43432189693 399230.74144979304 437880.28384265833 377683.9588339721 399482.75322265516 245789.7886428045 343748.7693027087 567711.8646689383 231403.8482009237 363995.7580406774 565726.3778160803 -33512.80364411427 303849.0757042604 641913.5239129029 211635.0281197696 410354.20311434346 554252.005663399 -55680.07281105222 352227.7176074106 626929.4912959392 -63844.5957419715 404484.4499930322 610836.778003127 -325572.2091580887 292749.6974298891 599091.7661014 -329736.29844422056 319609.5362554147 592439.5974016556 -547635.6692850988 205261.25270775054 456792.3722596263 -323350.1708648858 373535.7399078738 584568.714391538 -545015.8013716122 253901.90657087587 459127.1083731849 -531545.7708053937 298694.01054724987 469909.34179345076 558191.0235137893 235278.29683424084 -375775.5288827879 557746.7979866818 242311.817699162 -374967.8582694343 549624.7491329993 249814.00330543495 -387613.44363392313 550970.2563762438 262525.5415549797 -382428.9697568777 546145.8057365941 276510.5665087848 -387830.2921319363 550621.9247561186 291324.8506727865 -376209.23807898106 549540.46992221 308522.47816767066 -373848.3925086525 556957.191149695 320534.2727756511 -356008.9579012309 558646.8995158726 337010.0108745302 -347330.8574318945 567773.709842647 341601.19857971324 -325446.16499313875 570691.137406443 354120.2203195153 -313156.1402535319 580310.2902630558 348632.6957890942 -290304.2521981047 583973.3804618035 361233.12068129954 -271503.6376621323 593486.1009721172 345104.050024912 -250086.17369828437 601896.072658505 409988.3884433304 -163677.43068627096 609746.1008049048 392646.9360131876 -135658.2756954332 592214.141055796 455286.7950802051 -46127.6224244771 596549.8933876622 434211.5964986141 -16216.944339767098 558362.8092333402 248794.01763771428 -372356.5752095132 554116.5316618879 272850.41973861447 -374321.765786577 556891.1092875388 301081.17648598144 -361754.904439845 565571.0401185123 324865.229071364 -336572.1174940324 577462.469355778 336929.5371165429 -303814.04763480823 590175.8745957761 333948.99525669706 -269589.91776939644 603247.6902613881 321221.45369914843 -232451.16621255092 618837.2553371635 366578.3280274583 -113226.99781687412 559940.9775729175 254071.53461940197 -368221.48021022475 558641.7699794304 279721.06653769553 -364158.6093492982 564261.9752769799 304785.72142726294 -345932.15685700777 574702.2406980766 321173.0347357431 -317335.4094454653 587243.2524428489 323691.49961335305 -284244.54482823913 599942.7882151313 311816.747692272 -252641.74725866472 562296.586961698 257612.58233662616 -362986.8379755544 564062.914126921 282444.91201074625 -352960.05084521056 572114.2515737099 302126.4376781243 -330224.76164889697 583823.4068578474 310002.29988004995 -299946.25794675184 596707.0627106869 303457.10105329263 -268300.68248925905 -42752.60910093945 179950.887248831 670367.2551821021 41828.42612021387 235695.2041747997 660416.4647986667 -222861.69842288396 155453.7213485212 663480.6271041327 270.65979761421477 263873.7393393217 653852.2011086373 -265026.1134369687 180027.38577640167 644325.1676749325 -16621.0534473035 283861.4070647396 647882.8016666281 -282049.8548477683 198951.7768997373 634090.2493900998 -299073.6633713901 217876.20491505336 623855.5022990559 -310240.89042498474 241883.03022512808 614799.7193011919 -321408.07601849735 265889.83316829277 605743.8205005792 -521086.26626529754 117175.2968951299 483993.73800679634 -539360.3037729603 158074.78325379823 465093.02645036177 561712.1677422911 349600.5576536396 -336260.78339393676 566765.379542437 363559.98521769384 -318766.3873531759 574971.9645664691 367695.55297334027 -295036.8467998883 595306.784418338 416609.951767084 -194766.84474888493 598601.4231086797 413299.1729094028 -179222.12333720885 590718.1463787559 464975.8047418021 -79030.12733070547 591466.1684467845 460131.3065802617 -62578.84986338168 544083.8294990825 518790.58588882606 94362.71654510353 541365.1225162309 512047.05593048065 111473.012813899 410949.1695337105 557773.2938546408 301324.2148106446 424910.06983548077 547080.3655752733 299447.3741203555 337749.57685259794 559919.1797387192 372683.9266214613 565187.982122316 259065.0804956759 -357172.12971541646 569896.9614070173 280779.10183476785 -341791.7361750362 579915.39554672 293481.6311116173 -316018.49677702325 592468.0218094871 292659.63025057723 -285832.85054919997 578899.3937415574 230792.86331523384 -338443.6779212318 590141.6738076683 226989.97592983005 -316864.22573855356 589790.7148242262 214775.58727048727 -321409.4560119204 600701.4464264718 207279.51592072975 -300935.4987809041 597868.2343261925 193286.49112445276 -311500.5674558127 607711.955606921 185049.61810637556 -293396.2704899803 601266.6696488631 173523.39338296544 -310611.24934195576 609708.4806278179 167597.31356450985 -295015.2637072933 591681.3962206875 168706.831336912 -330672.53442904877 599318.0759367938 162374.4565122179 -317712.1744303856 623240.0023938724 179772.9955717508 -259316.73670384125 625011.0839063314 200324.0996848881 -244505.69996281152 631566.0405047126 203329.85719011922 -222742.1981762981 628064.2066203072 230380.62382595247 -214658.9108163462 648036.9670039436 265605.062576199 -96427.03068090384 568344.2105906218 258292.83572547568 -351338.8598362077 575688.0043414913 274944.3177958201 -331672.8198619449 587180.5909311498 279836.93188651965 -304524.7874039194 600685.193875392 224571.32645237932 -294738.5766466298 610549.445413406 202238.76929389703 -280607.8393778971 616336.1221962454 180480.09450071715 -275691.11603851966 609867.9243195369 223591.50222673247 -273262.11764776905 617256.4942926255 224113.2228333736 -253494.21291962152 618772.159727981 199871.77434077323 -261489.83966202225 622652.8597943119 226196.4826402319 -236315.3358616888 -139097.12348315783 499603.8788679941 571656.5526219492 -287250.3948832983 440407.65164122777 581092.792004535 -303137.9187955851 421795.1434854391 581232.8370301093 -57423.93215385763 455293.6197380007 594740.6773028823 538646.3244970447 505303.4588851119 128583.2357981141 578546.8617465827 224442.36313131262 -340885.64352042426 587449.3072032883 204853.06196274102 -328999.27482024697 592226.8753708584 183843.97583732472 -325551.373870102 577181.9157501713 219271.47044671176 -344883.63912874495 583231.736454353 198136.19476988696 -338964.74210528785 584228.1859673451 179825.61319682232 -341777.6464626757 574733.0619888637 181663.64889493815 -358541.00688870734 575044.214330872 172335.6148293602 -358329.71081122337 564902.9719183393 189294.1879279481 -374051.3762215338 570863.9613660276 196521.97980822687 -362046.6986783361 577502.9807327285 195258.59176704232 -350360.9729241531 571934.916605807 214277.9066375527 -355932.9840857774 574907.753905266 215771.10853946954 -350065.9555460346 542143.1400960635 283830.880272759 -392691.8457291489 544133.126084892 258204.51584997706 -395331.28487036045 550355.9279439173 236032.17409331384 -389275.06031543785 559682.8565827045 228397.4076559194 -374680.6169894765 420382.3385349631 422576.40329349827 390087.3467822772 571486.7348956423 255386.6675410042 -346038.38298435503 581007.4359318377 265580.8184757667 -323504.97456490074 568565.4603893012 214943.54504355122 -361903.35889372975 565159.4008381238 217717.99139695856 -367373.1700437713 564078.3734147721 201859.6034972416 -372804.85527244053 557954.6559745093 210821.07048546438 -381489.65691869485 555997.6322236549 202119.01180563995 -386599.3130660689 549134.0423518657 219005.32088948414 -394798.8942383074 567750.4019026157 180731.0674119581 -370948.33425408456 556570.5946090854 196806.47185220805 -386691.18488422886 547949.0151910145 217973.76582053833 -396982.73958968953 203016.75745310122 458178.77211205114 536642.1333754191 541705.875792871 267141.8937578918 -397632.4834135085 545078.3231150701 238347.32427226362 -397786.80788030237 542878.1604083047 242235.31300488618 -400719.90884890873 422932.33617124625 277298.78661836794 459958.7544898561 488308.1050078146 303555.4397620312 388271.0957190022 294608.3376245338 292490.314724659 565169.9683527087 461475.47758264345 336766.88571157434 398978.6829711773 260175.7132851258 323501.74681447283 569697.2163187175 559866.1208039625 349085.97037820827 -340556.3249265719 553993.7217838155 335386.9462805847 -357522.6895263727 550755.6141241781 323495.54725269775 -367467.2734134238 514064.4996330696 271942.7018246384 367224.8021850174 495028.05760736566 278815.352575877 387468.0417060129 451729.3634543077 269740.9247037167 435311.63863855845 323265.84345820214 268022.6982913154 542401.7058465363 208630.24012110417 247560.79413725005 605809.5754264783 235697.20235521445 558559.2659581634 452682.2814262696 152110.8740565836 560622.993258153 493534.74586050014 -8627.408412515928 527354.7563133029 553249.5911705876 29012.45540257833 544065.5133585366 540013.0172666505 -98889.56368296826 519644.93786200637 565716.8173567251 580008.9894961452 171128.704784738 -351542.6355020838 586323.9106994672 165393.79189274585 -341468.84413712996 -265116.54950867104 102305.14990997537 639895.7273805696 -130414.07808883925 148422.9705813546 671460.6413644343 -306912.5641755115 94043.27793363345 623609.0638970484 -174593.7534434218 142377.86678811308 664047.6521413914 -399390.1571104342 400866.43170111685 528860.4093924491 -519926.4580284415 316670.7033954796 477900.38003142865 603951.6459098717 404069.7057027603 7969.698458307059 357047.42109285545 263018.4320257938 521941.15377977514 247120.1353589666 245400.21082960867 590877.2834286928 127168.451832436 218402.6345995299 640579.5694453449 545014.2396764456 302451.59439934825 -383793.05255162704 544161.7233813081 290062.96608303604 -388270.2279448882 574344.9124626135 250649.5288718685 -341765.8074409327 -268996.96547799115 455589.92245171656 567326.0078141154 654598.9830723025 235130.27787517247 -109680.23906717889 562088.0857929315 222348.57907154117 -371782.7593195401 553210.5719471965 222588.3139605134 -387174.9632910917 -478790.13830535114 355302.5258491376 498483.459027254 -362353.1840897277 424918.14980469306 540270.835646956 -454177.2538380893 372940.80705733655 510632.8441598697 2413.0947421378078 183541.92404949636 669507.3301289927 -462038.41191362083 68081.99495935356 541123.7984739592 -392863.15753043676 70213.00711938814 586520.7057851774 -364963.3202643212 76945.79877050294 602037.7674266695 591589.9639901549 462086.4128955664 -111889.69638468747 553237.6642597757 518799.2145049516 60443.93089469637 426754.02894050046 561622.3792127589 277770.08861784195 362162.9005606794 566905.5587964464 343545.5283447966 264972.1619440775 568506.5711471294 427604.67466610344 84724.40747229676 217630.91312468817 648894.1778380683 -494515.81085311 86352.40898536955 510867.32963032334 606542.5932572864 161039.70001335815 -303683.27933135105 580770.3434043791 401576.67468153057 -249578.26244022817 633435.4901114325 252717.95144844873 142611.3213962429 -507801.101193019 101763.84401313048 497430.57981949626 -229675.47872075613 477753.58876806346 569761.4273785118</float_array>
                    <technique_common>
                        <accessor count="245" source="#pointarray3" stride="3">
                            <param name="X" type="float"/>
                            <param name="Y" type="float"/>
                            <param name="Z" type="float"/>
                        </accessor>
                    </technique_common>
                </source>
                <source id="uvs3">
                    <float_array id="uvarray3" count="536">0.9296875 -1.58984375 0.91015625 -1.77734375 0.8984375 -1.40234375 0.88671875 -1.77734375 0.875 -1.40234375 0.82421875 -1.40234375 0.8671875 -0.921875 0.81640625 -0.921875 0.8125 -0.4921875 0.76953125 -0.921875 0.76171875 -0.4921875 0.7109375 -0.46875 0.703125 -0.05859375 0.65234375 -0.0390625 0.6953125 0.234375 0.64453125 0.25390625 0.69921875 0.5 0.6484375 0.5 0.69921875 0.57421875 0.6484375 0.57421875 0.69921875 0.64453125 0.6484375 0.64453125 0.69921875 0.71484375 0.6484375 0.71484375 0.69921875 0.7890625 0.6484375 0.7890625 0.69921875 0.859375 0.6484375 0.859375 0.69921875 0.9296875 0.6484375 0.9296875 0.671875 1 0.3984375 0.5 0.44921875 0.57421875 0.44921875 0.5 0.5 0.5 0.4453125 0.2109375 0.4921875 0.2109375 0.453125 -0.08203125 0.50390625 -0.08203125 0.51171875 -0.4921875 0.55078125 -0.05859375 0.5625 -0.46875 0.6015625 -0.0390625 0.609375 -0.44921875 0.62890625 -0.0390625 0.63671875 -0.44921875 0.66015625 -0.44921875 0.64453125 -0.875 0.66796875 -0.875 0.6484375 -1.359375 0.67578125 -1.359375 0.68359375 -1.734375 0.72265625 -1.37890625 0.734375 -1.75390625 0.78515625 -1.77734375 0.76953125 -2.10546875 0.796875 -2.1171875 0.80859375 -2.40625 0.84765625 -2.1171875 0.85546875 -2.40625 0.90625 -2.40625 1.125 1 1.1484375 0.9296875 1.09765625 0.9296875 1.09765625 0.859375 1.046875 0.859375 1.046875 0.7890625 1 0.7890625 1 0.71484375 0.94921875 0.71484375 0.94921875 0.64453125 0.8984375 0.64453125 0.8984375 0.57421875 0.84765625 0.57421875 0.84765625 0.5 0.796875 0.5 0.84375 0.2109375 0.79296875 0.2109375 0.8515625 -0.08203125 0.80078125 -0.08203125 1.07421875 1 1.046875 0.9296875 1 0.859375 0.94921875 0.7890625 0.8984375 0.71484375 0.84765625 0.64453125 0.796875 0.57421875 0.75 0.5 0.7421875 0.2109375 1.0234375 1 1 0.9296875 0.94921875 0.859375 0.8984375 0.7890625 0.84765625 0.71484375 0.796875 0.64453125 0.75 0.57421875 0.97265625 1 0.94921875 0.9296875 0.8984375 0.859375 0.84765625 0.7890625 0.796875 0.71484375 0.75 0.64453125 0.5390625 -1.9453125 0.5859375 -1.75390625 0.59765625 -2.09375 0.63671875 -1.734375 0.64453125 -2.07421875 0.66015625 -1.734375 0.671875 -2.07421875 0.6953125 -2.07421875 0.72265625 -2.08203125 0.74609375 -2.09375 0.70703125 -2.36328125 0.7578125 -2.3828125 0.94921875 0.57421875 0.94921875 0.5 0.8984375 0.5 0.89453125 0.2109375 0.8671875 0.2109375 0.90234375 -0.08203125 0.87890625 -0.08203125 0.91015625 -0.4921875 0.88671875 -0.4921875 0.91796875 -0.921875 0.89453125 -0.921875 0.921875 -1.16015625 0.921875 1 0.8984375 0.9296875 0.84765625 0.859375 0.796875 0.7890625 0.75 0.71484375 0.625 1 0.59765625 0.9296875 0.59765625 0.859375 0.546875 0.859375 0.546875 0.7890625 0.5 0.7890625 0.5 0.71484375 0.44921875 0.71484375 0.44921875 0.64453125 0.3984375 0.71484375 0.3984375 0.64453125 0.5 0.57421875 0.546875 0.57421875 0.546875 0.5 0.59765625 0.5 0.59375 0.25390625 0.875 1 0.84765625 0.9296875 0.796875 0.859375 0.75 0.7890625 0.59765625 0.7890625 0.546875 0.71484375 0.5 0.64453125 0.59765625 0.71484375 0.59765625 0.64453125 0.546875 0.64453125 0.59765625 0.57421875 0.94140625 -1.9453125 0.921875 -2.1171875 0.89453125 -2.1171875 0.8359375 -1.77734375 0.859375 -0.4921875 0.57421875 1 0.546875 0.9296875 0.5 0.859375 0.44921875 0.7890625 0.5234375 1 0.5 0.9296875 0.44921875 0.859375 0.3984375 0.7890625 0.34765625 0.7890625 0.296875 0.64453125 0.296875 0.7890625 0.34765625 0.859375 0.3984375 0.859375 0.3984375 0.9296875 0.44921875 0.9296875 0.421875 1 1.09765625 0.64453125 1.09765625 0.7890625 1.1484375 0.859375 1.19921875 0.9296875 1.171875 1 0.71875 -0.89453125 0.82421875 1 0.796875 0.9296875 0.75 0.859375 0.32421875 1 0.34765625 0.9296875 0.296875 0.9296875 0.296875 0.859375 0.25 0.859375 0.25 0.7890625 0.19921875 0.7890625 0.296875 0.71484375 0.25 0.71484375 0.19921875 0.71484375 0.7734375 -1.40234375 1.09765625 0.71484375 1.1484375 0.7890625 1.1484375 0.71484375 1.19921875 0.7890625 1.19921875 0.71484375 0.51953125 -1.16015625 0.56640625 -0.89453125 0.57421875 -1.37890625 0.6171875 -0.875 0.625 -1.359375 1 0.5 1 0.57421875 1 0.64453125 0.46875 -0.921875 0.51953125 -0.921875 0.47265625 -1.16015625 0.5234375 -1.40234375 0.53125 -1.58984375 0.92578125 -1.40234375 0.98046875 -1.58984375 0.93359375 -1.77734375 0.984375 -1.77734375 0.9921875 -1.9453125 0.47265625 1 0.375 1 0.34765625 0.71484375 0.34765625 0.64453125 0.5 -2.26171875 0.49609375 -2.1171875 0.55078125 -2.26171875 0.546875 -2.1171875 0.953125 -2.26171875 0.93359375 -2.40625 0.75390625 -0.08203125 0.47265625 -1.40234375 0.48046875 -1.58984375 0.484375 -1.77734375 1.046875 0.64453125 1.046875 0.71484375 0.7734375 1 0.75 0.9296875 0.9453125 -2.1171875 0.54296875 0.234375 0.2734375 1 0.25 0.9296875 0.19921875 0.859375 0.95703125 -2.40625 1 -2.26171875 1.0078125 -2.40625 0.4921875 -1.9453125 0.60546875 -2.3828125 0.55859375 -2.40625 0.5078125 -2.40625 1.19921875 0.859375 0.953125 -0.08203125 0.9609375 -0.4921875 0.96875 -0.921875 0.97265625 -1.16015625 0.97265625 -1.40234375 0.53515625 -1.77734375 0.72265625 1 0.65625 -2.36328125 0.3984375 0.57421875 0.9453125 0.2109375 0.4609375 -0.4921875 0.22265625 1 0.19921875 0.9296875 0.68359375 -2.36328125 0.99609375 -2.1171875</float_array>
                    <technique_common>
                        <accessor count="1" source="#uvarray3" stride="2">
                            <param name="S" type="float"/>
                            <param name="T" type="float"/>
                        </accessor>
                    </technique_common>
                </source>
                <source id="colors3">
                    <float_array id="colorarray3" count="244">0.24705882352941178 0.058823529411764705 0.03137254901960784 1 0 0 0 1 0.3176470588235294 0.17647058823529413 0.10196078431372549 1 0.5607843137254902 0.3176470588235294 0.17647058823529413 1 0.5019607843137255 0.09019607843137255 0.050980392156862744 1 1 0.5607843137254902 0.3176470588235294 1 0.5294117647058824 0.09411764705882353 0.054901960784313725 1 0.5607843137254902 0.10196078431372549 0.054901960784313725 1 1 0.4235294117647059 0.23921568627450981 1 0.5019607843137255 0.5019607843137255 0.2823529411764706 1 1 1 0.5607843137254902 1 1 0.5607843137254902 0.5607843137254902 1 1 0.7490196078431373 0.4235294117647059 1 0.054901960784313725 0.011764705882352941 0.00784313725490196 1 0.00392156862745098 0 0 1 0.07450980392156863 0.07450980392156863 0.043137254901960784 1 0.5607843137254902 0.4235294117647059 0.23921568627450981 1 0.043137254901960784 0.00392156862745098 0 1 1 0.3176470588235294 0.17647058823529413 1 0.7490196078431373 0.3686274509803922 0.2980392156862745 1 0.7490196078431373 0.32941176470588235 0.2784313725490196 1 0.5843137254901961 0.25882352941176473 0.21568627450980393 1 0.4235294117647059 0.1843137254901961 0.1568627450980392 1 0.7490196078431373 0.4235294117647059 0.4235294117647059 1 0.23921568627450981 0.13333333333333333 0.13333333333333333 1 0.34901960784313724 0.34901960784313724 0.19607843137254902 1 0.17647058823529413 0.17647058823529413 0.09803921568627451 1 0.7803921568627451 0.24705882352941178 0.1411764705882353 1 0.21176470588235294 0.027450980392156862 0.01568627450980392 1 0.5607843137254902 0.07450980392156863 0.043137254901960784 1 0.2 0.2 0.11372549019607843 1 0.5607843137254902 0.23921568627450981 0.13333333333333333 1 0.7490196078431373 0.13333333333333333 0.07450980392156863 1 0.3686274509803922 0.19215686274509805 0.10588235294117647 1 0.00784313725490196 0.00784313725490196 0.00392156862745098 1 0.00392156862745098 0.00392156862745098 0 1 0.23921568627450981 0.07450980392156863 0.043137254901960784 1 0.13333333333333333 0.043137254901960784 0.023529411764705882 1 0.49411764705882355 0.21568627450980393 0.1803921568627451 1 0.3176470588235294 0.13725490196078433 0.11764705882352941 1 0.2823529411764706 0.1568627450980392 0.1568627450980392 1 0.5607843137254902 0.17647058823529413 0.10196078431372549 1 0.5607843137254902 0.1568627450980392 0.08627450980392157 1 0.4392156862745098 0.11372549019607843 0.06666666666666667 1 1 0.23921568627450981 0.13333333333333333 1 0.4235294117647059 0.023529411764705882 0.011764705882352941 1 0.23921568627450981 0.13333333333333333 0.07450980392156863 1 0.34901960784313724 0.1450980392156863 0.08235294117647059 1 0.4235294117647059 0.4235294117647059 0.23921568627450981 1 0.027450980392156862 0.00784313725490196 0.00392156862745098 1 0.01568627450980392 0.01568627450980392 0.00784313725490196 1 0.0196078431372549 0.0196078431372549 0.011764705882352941 1 0.03137254901960784 0.03137254901960784 0.0196078431372549 1 0.49411764705882355 0.3333333333333333 0.18823529411764706 1 0.3176470588235294 0.07450980392156863 0.043137254901960784 1 0.17647058823529413 0.043137254901960784 0.023529411764705882 1 0.3764705882352941 0.3764705882352941 0.3411764705882353 1 0.1568627450980392 0.06666666666666667 0.0392156862745098 1 0.3176470588235294 0.13333333333333333 0.07450980392156863 1 0.1568627450980392 0.0392156862745098 0.0196078431372549 1 0.4235294117647059 0.24705882352941178 0.13725490196078433 1</float_array>
                    <technique_common>
                        <accessor count="61" source="#colorarray3" stride="4">
                            <param name="R" type="float"/>
                            <param name="G" type="float"/>
                            <param name="B" type="float"/>
                            <param name="A" type="float"/>
                        </accessor>
                    </technique_common>
                </source>
                <vertices id="vertices3">
                    <input semantic="POSITION" source="#points3"/>
                </vertices>
                <polylist count="436" material="Material1">
                    <input offset="0" semantic="VERTEX" source="#vertices3"/>
                    <input offset="1" semantic="TEXCOORD" source="#uvs3" set="0"/>
                    <input offset="2" semantic="COLOR" source="#colors3" set="0"/>
                    <vcount>3 3 3 3 3 3 3 3 3 3 3 3 3 3 3 3 3 3 3 3 3 3 3 3 3 3 3 3 3 3 3 3 3 3 3 3 3 3 3 3 3 3 3 3 3 3 3 3 3 3 3 3 3 3 3 3 3 3 3 3 3 3 3 3 3 3 3 3 3 3 3 3 3 3 3 3 3 3 3 3 3 3 3 3 3 3 3 3 3 3 3 3 3 3 3 3 3 3 3 3 3 3 3 3 3 3 3 3 3 3 3 3 3 3 3 3 3 3 3 3 3 3 3 3 3 3 3 3 3 3 3 3 3 3 3 3 3 3 3 3 3 3 3 3 3 3 3 3 3 3 3 3 3 3 3 3 3 3 3 3 3 3 3 3 3 3 3 3 3 3 3 3 3 3 3 3 3 3 3 3 3 3 3 3 3 3 3 3 3 3 3 3 3 3 3 3 3 3 3 3 3 3 3 3 3 3 3 3 3 3 3 3 3 3 3 3 3 3 3 3 3 3 3 3 3 3 3 3 3 3 3 3 3 3 3 3 3 3 3 3 3 3 3 3 3 3 3 3 3 3 3 3 3 3 3 3 3 3 3 3 3 3 3 3 3 3 3 3 3 3 3 3 3 3 3 3 3 3 3 3 3 3 3 3 3 3 3 3 3 3 3 3 3 3 3 3 3 3 3 3 3 3 3 3 3 3 3 3 3 3 3 3 3 3 3 3 3 3 3 3 3 3 3 3 3 3 3 3 3 3 3 3 3 3 3 3 3 3 3 3 3 3 3 3 3 3 3 3 3 3 3 3 3 3 3 3 3 3 3 3 3 3 3 3 3 3 3 3 3 3 3 3 3 3 3 3 3 3 3 3 3 3 3 3 3 3 3 3 3 3 3 3 3 3 3 3 3 3 3 3 3 3 3 3 3 3 3 3 3 3 3 3 3 3 3 3 3 3 3 3 3 3 3 3 3 3 3 3 3 3 3 3 3 3 3 3</vcount>
                    <p>2 2 1 1 1 1 0 0 0 3 3 2 1 1 1 2 2 1 4 4 3 3 3 2 2 2 1 5 5 4 3 3 2 4 4 3 6 6 5 5 5 4 4 4 3 7 7 6 5 5 4 6 6 5 8 8 7 7 7 6 6 6 5 9 9 8 7 7 6 8 8 7 10 10 8 9 9 8 8 8 7 11 11 9 9 9 8 10 10 8 12 12 10 11 11 9 10 10 8 13 13 11 11 11 9 12 12 10 14 14 10 13 13 11 12 12 10 15 15 11 13 13 11 14 14 10 16 16 10 15 15 11 14 14 10 17 17 10 15 15 11 16 16 10 18 18 10 17 17 10 16 16 10 19 19 10 17 17 10 18 18 10 20 20 10 19 19 10 18 18 10 21 21 10 19 19 10 20 20 10 22 22 10 21 21 10 20 20 10 23 23 10 21 21 10 22 22 10 24 24 10 23 23 10 22 22 10 25 25 10 23 23 10 24 24 10 26 26 12 25 25 10 24 24 10 27 27 12 25 25 10 26 26 12 28 28 13 27 27 12 26 26 12 29 29 13 27 27 12 28 28 13 30 30 14 29 29 13 28 28 13 33 33 15 32 32 10 31 31 15 34 34 10 32 32 10 33 33 15 35 35 1 34 34 10 33 33 15 36 36 16 34 34 10 35 35 1 37 37 1 36 36 16 35 35 1 38 38 16 36 36 16 37 37 1 39 39 16 38 38 16 37 37 1 40 40 17 38 38 16 39 39 16 41 41 17 40 40 17 39 39 16 42 42 8 40 40 17 41 41 17 43 43 18 42 42 8 41 41 17 44 44 19 42 42 8 43 43 18 45 45 20 44 44 19 43 43 18 46 46 11 44 44 19 45 45 20 47 47 21 46 46 11 45 45 20 48 48 11 46 46 11 47 47 21 49 49 22 48 48 11 47 47 21 50 50 23 48 48 11 49 49 22 51 51 24 50 50 23 49 49 22 52 52 25 50 50 23 51 51 24 53 53 26 52 52 25 51 51 24 54 54 27 52 52 25 53 53 26 55 55 28 54 54 27 53 53 26 56 56 29 54 54 27 55 55 28 57 57 1 56 56 29 55 55 28 58 58 30 56 56 29 57 57 1 59 59 1 58 58 30 57 57 1 60 60 1 58 58 30 59 59 1 62 63 13 61 62 13 30 61 14 63 64 12 61 62 13 62 63 13 64 65 12 63 64 12 62 63 13 65 66 10 63 64 12 64 65 12 66 67 10 65 66 10 64 65 12 67 68 10 65 66 10 66 67 10 68 69 10 67 68 10 66 67 10 69 70 10 67 68 10 68 69 10 70 71 10 69 70 10 68 69 10 71 72 10 69 70 10 70 71 10 72 73 10 71 72 10 70 71 10 73 74 10 71 72 10 72 73 10 74 75 10 73 74 10 72 73 10 75 76 10 73 74 10 74 75 10 76 77 31 75 76 10 74 75 10 77 78 5 75 76 10 76 77 31 78 79 32 77 78 5 76 77 31 8 8 7 77 78 5 78 79 32 10 10 8 8 8 7 78 79 32 79 81 13 62 63 13 30 80 14 64 65 12 62 63 13 79 81 13 80 82 12 64 65 12 79 81 13 66 67 10 64 65 12 80 82 12 81 83 10 66 67 10 80 82 12 68 69 10 66 67 10 81 83 10 82 84 10 68 69 10 81 83 10 70 71 10 68 69 10 82 84 10 83 85 10 70 71 10 82 84 10 72 73 10 70 71 10 83 85 10 84 86 10 72 73 10 83 85 10 74 75 10 72 73 10 84 86 10 85 87 10 74 75 10 84 86 10 86 88 12 74 75 10 85 87 10 14 14 10 86 88 12 85 87 10 12 12 10 86 88 12 14 14 10 87 90 13 79 81 13 30 89 14 80 82 12 79 81 13 87 90 13 88 91 12 80 82 12 87 90 13 81 83 10 80 82 12 88 91 12 89 92 10 81 83 10 88 91 12 82 84 10 81 83 10 89 92 10 90 93 10 82 84 10 89 92 10 83 85 10 82 84 10 90 93 10 91 94 10 83 85 10 90 93 10 84 86 10 83 85 10 91 94 10 92 95 10 84 86 10 91 94 10 85 87 10 84 86 10 92 95 10 16 16 10 85 87 10 92 95 10 14 14 10 85 87 10 16 16 10 93 97 13 87 90 13 30 96 14 88 91 12 87 90 13 93 97 13 94 98 12 88 91 12 93 97 13 89 92 10 88 91 12 94 98 12 95 99 10 89 92 10 94 98 12 90 93 10 89 92 10 95 99 10 96 100 10 90 93 10 95 99 10 91 94 10 90 93 10 96 100 10 97 101 10 91 94 10 96 100 10 92 95 10 91 94 10 97 101 10 18 18 10 92 95 10 97 101 10 16 16 10 92 95 10 18 18 10 100 104 35 99 103 34 98 102 33 101 105 36 99 103 34 100 104 35 102 106 37 101 105 36 100 104 35 103 107 38 101 105 36 102 106 37 104 108 39 103 107 38 102 106 37 51 51 24 103 107 38 104 108 39 105 109 24 51 51 24 104 108 39 53 53 26 51 51 24 105 109 24 106 110 40 53 53 26 105 109 24 107 111 1 53 53 26 106 110 40 108 112 1 107 111 1 106 110 40 109 113 1 107 111 1 108 112 1 112 116 10 111 115 15 110 114 10 113 117 16 111 115 15 112 116 10 114 118 1 113 117 16 112 116 10 115 119 31 113 117 16 114 118 1 116 120 1 115 119 31 114 118 1 117 121 41 115 119 31 116 120 1 118 122 1 117 121 41 116 120 1 119 123 42 117 121 41 118 122 1 120 124 1 119 123 42 118 122 1 121 125 43 119 123 42 120 124 1 122 127 13 93 97 13 30 126 14 94 98 12 93 97 13 122 127 13 123 128 12 94 98 12 122 127 13 95 99 10 94 98 12 123 128 12 124 129 10 95 99 10 123 128 12 96 100 10 95 99 10 124 129 10 125 130 10 96 100 10 124 129 10 97 101 10 96 100 10 125 130 10 20 20 10 97 101 10 125 130 10 18 18 10 97 101 10 20 20 10 126 132 13 29 29 13 30 131 14 127 133 12 29 29 13 126 132 13 128 134 12 127 133 12 126 132 13 129 135 10 127 133 12 128 134 12 130 136 10 129 135 10 128 134 12 131 137 10 129 135 10 130 136 10 132 138 10 131 137 10 130 136 10 133 139 10 131 137 10 132 138 10 134 140 10 133 139 10 132 138 10 135 141 15 133 139 10 134 140 10 32 32 10 133 139 10 135 141 15 136 142 10 133 139 10 32 32 10 34 34 10 136 142 10 32 32 10 137 143 44 136 142 10 34 34 10 138 144 45 137 143 44 34 34 10 139 145 8 137 143 44 138 144 45 140 146 5 139 145 8 138 144 45 17 17 10 139 145 8 140 146 5 15 15 11 17 17 10 140 146 5 141 148 13 122 127 13 30 147 14 123 128 12 122 127 13 141 148 13 142 149 12 123 128 12 141 148 13 124 129 10 123 128 12 142 149 12 143 150 10 124 129 10 142 149 12 125 130 10 124 129 10 143 150 10 22 22 10 125 130 10 143 150 10 20 20 10 125 130 10 22 22 10 127 133 12 27 27 12 29 29 13 144 151 10 27 27 12 127 133 12 129 135 10 144 151 10 127 133 12 145 152 5 144 151 10 129 135 10 131 137 10 145 152 5 129 135 10 146 153 10 145 152 5 131 137 10 133 139 10 146 153 10 131 137 10 136 142 10 146 153 10 133 139 10 144 151 10 25 25 10 27 27 12 147 154 10 25 25 10 144 151 10 145 152 5 147 154 10 144 151 10 148 155 10 147 154 10 145 152 5 149 156 44 148 155 10 145 152 5 150 157 10 148 155 10 149 156 44 137 143 44 150 157 10 149 156 44 139 145 8 150 157 10 137 143 44 1 1 1 152 159 1 151 158 0 153 160 46 152 159 1 1 1 1 3 3 2 153 160 46 1 1 1 58 58 30 153 160 46 3 3 2 154 161 47 58 58 30 3 3 2 56 56 29 58 58 30 154 161 47 54 54 27 56 56 29 154 161 47 118 122 1 6 6 5 120 124 1 155 162 5 6 6 5 118 122 1 116 120 1 155 162 5 118 122 1 77 78 5 155 162 5 116 120 1 114 118 1 77 78 5 116 120 1 75 76 10 77 78 5 114 118 1 112 116 10 75 76 10 114 118 1 156 164 13 126 132 13 30 163 14 128 134 12 126 132 13 156 164 13 157 165 12 128 134 12 156 164 13 130 136 10 128 134 12 157 165 12 158 166 10 130 136 10 157 165 12 132 138 10 130 136 10 158 166 10 134 140 10 132 138 10 158 166 10 159 168 13 156 164 13 30 167 14 157 165 12 156 164 13 159 168 13 160 169 12 157 165 12 159 168 13 158 166 10 157 165 12 160 169 12 161 170 10 158 166 10 160 169 12 134 140 10 158 166 10 161 170 10 162 171 10 134 140 10 161 170 10 162 171 10 164 173 10 163 172 15 165 174 12 164 173 10 162 171 10 166 175 12 165 174 12 162 171 10 167 176 13 165 174 12 166 175 12 168 177 13 167 176 13 166 175 12 30 178 14 167 176 13 168 177 13 170 180 10 65 66 10 169 179 15 63 64 12 65 66 10 170 180 10 171 181 12 63 64 12 170 180 10 61 62 13 63 64 12 171 181 12 172 182 13 61 62 13 171 181 12 30 183 14 61 62 13 172 182 13 46 46 11 13 13 11 44 44 19 11 11 9 13 13 11 46 46 11 48 48 11 11 11 9 46 46 11 173 184 48 11 11 9 48 48 11 50 50 23 173 184 48 48 48 11 52 52 25 173 184 48 50 50 23 174 186 13 141 148 13 30 185 14 142 149 12 141 148 13 174 186 13 175 187 12 142 149 12 174 186 13 143 150 10 142 149 12 175 187 12 24 24 10 143 150 10 175 187 12 22 22 10 143 150 10 24 24 10 177 190 13 176 189 13 30 188 14 178 191 12 176 189 13 177 190 13 179 192 12 178 191 12 177 190 13 180 193 10 178 191 12 179 192 12 181 194 10 180 193 10 179 192 12 164 173 10 182 195 15 163 172 15 183 196 15 182 195 15 164 173 10 180 193 10 183 196 15 164 173 10 184 197 15 183 196 15 180 193 10 181 194 10 184 197 15 180 193 10 5 5 4 154 161 47 3 3 2 54 54 27 154 161 47 5 5 4 185 198 8 54 54 27 5 5 4 52 52 25 54 54 27 185 198 8 9 9 8 52 52 25 185 198 8 186 199 15 170 180 10 169 179 15 187 200 10 170 180 10 186 199 15 188 201 15 187 200 10 186 199 15 181 202 10 187 200 10 188 201 15 184 203 15 181 202 10 188 201 15 191 206 50 190 205 49 189 204 16 192 207 18 190 205 49 191 206 50 193 208 18 192 207 18 191 206 50 47 47 21 192 207 18 193 208 18 49 49 22 47 47 21 193 208 18 195 210 52 111 115 15 194 209 51 110 114 10 111 115 15 195 210 52 196 211 15 110 114 10 195 210 52 69 70 10 110 114 10 196 211 15 67 68 10 69 70 10 196 211 15 199 214 1 198 213 16 197 212 1 189 204 16 198 213 16 199 214 1 200 215 16 189 204 16 199 214 1 191 206 50 189 204 16 200 215 16 201 216 53 191 206 50 200 215 16 0 0 0 202 217 54 2 2 1 203 218 1 202 217 54 0 0 0 204 219 55 203 218 1 0 0 0 205 220 1 203 218 1 204 219 55 206 221 1 205 220 1 204 219 55 168 177 13 159 168 13 30 222 14 160 169 12 159 168 13 168 177 13 166 175 12 160 169 12 168 177 13 161 170 10 160 169 12 166 175 12 162 171 10 161 170 10 166 175 12 176 189 13 167 176 13 30 223 14 165 174 12 167 176 13 176 189 13 178 191 12 165 174 12 176 189 13 164 173 10 165 174 12 178 191 12 180 193 10 164 173 10 178 191 12 207 224 56 162 171 10 163 172 15 134 140 10 162 171 10 207 224 56 208 225 15 134 140 10 207 224 56 135 141 15 134 140 10 208 225 15 211 228 57 210 227 1 209 226 1 212 229 58 210 227 1 211 228 57 100 104 35 212 229 58 211 228 57 98 102 33 212 229 58 100 104 35 152 159 1 214 231 1 213 230 59 60 60 1 214 231 1 152 159 1 153 160 46 60 60 1 152 159 1 58 58 30 60 60 1 153 160 46 190 205 49 198 213 16 189 204 16 41 41 17 198 213 16 190 205 49 192 207 18 41 41 17 190 205 49 43 43 18 41 41 17 192 207 18 86 88 12 76 77 31 74 75 10 215 232 5 76 77 31 86 88 12 12 12 10 215 232 5 86 88 12 10 10 8 215 232 5 12 12 10 216 233 1 200 215 16 199 214 1 201 216 53 200 215 16 216 233 1 217 234 1 201 216 53 216 233 1 218 235 1 201 216 53 217 234 1 219 236 15 67 68 10 196 211 15 220 237 56 67 68 10 219 236 15 169 179 15 220 237 56 219 236 15 65 66 10 220 237 56 169 179 15 221 239 13 174 186 13 30 238 14 175 187 12 174 186 13 221 239 13 26 26 12 175 187 12 221 239 13 24 24 10 175 187 12 26 26 12 71 72 10 110 114 10 69 70 10 112 116 10 110 114 10 71 72 10 73 74 10 112 116 10 71 72 10 75 76 10 112 116 10 73 74 10 151 158 0 206 221 1 204 219 55 222 240 54 206 221 1 151 158 0 152 159 1 222 240 54 151 158 0 213 230 59 222 240 54 152 159 1 36 36 16 138 144 45 34 34 10 223 241 17 138 144 45 36 36 16 38 38 16 223 241 17 36 36 16 40 40 17 223 241 17 38 38 16 224 243 13 177 190 13 30 242 14 179 192 12 177 190 13 224 243 13 225 244 12 179 192 12 224 243 13 181 194 10 179 192 12 225 244 12 49 49 22 103 107 38 51 51 24 101 105 36 103 107 38 49 49 22 193 208 18 101 105 36 49 49 22 191 206 50 101 105 36 193 208 18 226 245 1 213 230 59 214 231 1 227 246 1 213 230 59 226 245 1 228 247 1 227 246 1 226 245 1 120 124 1 2 2 1 121 125 43 4 4 3 2 2 1 120 124 1 6 6 5 4 4 3 120 124 1 98 102 33 210 227 1 212 229 58 229 248 1 210 227 1 98 102 33 218 235 1 229 248 1 98 102 33 211 228 57 231 250 1 230 249 1 232 251 1 231 250 1 211 228 57 209 226 1 232 251 1 211 228 57 223 241 17 140 146 5 138 144 45 42 42 8 140 146 5 223 241 17 40 40 17 42 42 8 223 241 17 107 111 1 55 55 28 53 53 26 57 57 1 55 55 28 107 111 1 109 113 1 57 57 1 107 111 1 171 181 12 225 252 12 172 182 13 187 200 10 225 252 12 171 181 12 170 180 10 187 200 10 171 181 12 44 44 19 140 146 5 42 42 8 15 15 11 140 146 5 44 44 19 13 13 11 15 15 11 44 44 19 117 121 41 234 254 1 233 253 1 235 255 1 234 254 1 117 121 41 119 123 42 235 255 1 117 121 41 121 125 43 235 255 1 119 123 42 236 256 1 235 255 1 121 125 43 237 257 1 236 256 1 121 125 43 202 217 54 121 125 43 2 2 1 237 257 1 121 125 43 202 217 54 203 218 1 237 257 1 202 217 54 238 258 60 98 102 33 99 103 34 218 235 1 98 102 33 238 258 60 201 216 53 218 235 1 238 258 60 28 28 13 221 239 13 30 259 14 26 26 12 221 239 13 28 28 13 147 154 10 23 23 10 25 25 10 148 155 10 23 23 10 147 154 10 148 155 10 21 21 10 23 23 10 150 157 10 21 21 10 148 155 10 99 103 34 191 206 50 201 216 53 101 105 36 191 206 50 99 103 34 150 157 10 19 19 10 21 21 10 139 145 8 19 19 10 150 157 10 45 45 20 192 207 18 47 47 21 43 43 18 192 207 18 45 45 20 230 249 1 100 104 35 211 228 57 239 260 1 100 104 35 230 249 1 146 153 10 149 156 44 145 152 5 136 142 10 149 156 44 146 153 10 240 261 15 32 32 10 135 141 15 31 31 15 32 32 10 240 261 15 155 162 5 8 8 7 6 6 5 77 78 5 8 8 7 155 162 5 113 117 16 241 262 1 111 115 15 115 119 31 241 262 1 113 117 16 115 119 31 233 253 1 241 262 1 117 121 41 233 253 1 115 119 31 242 263 1 39 39 16 37 37 1 197 212 1 39 39 16 242 263 1 173 184 48 9 9 8 11 11 9 52 52 25 9 9 8 173 184 48 39 39 16 198 213 16 41 41 17 197 212 1 198 213 16 39 39 16 172 265 13 224 243 13 30 264 14 225 244 12 224 243 13 172 265 13 185 198 8 7 7 6 9 9 8 5 5 4 7 7 6 185 198 8 104 108 39 243 266 1 108 112 1 102 106 37 243 266 1 104 108 39 102 106 37 239 260 1 243 266 1 100 104 35 239 260 1 102 106 37 105 109 24 108 112 1 106 110 40 104 108 39 108 112 1 105 109 24 1 1 1 204 219 55 0 0 0 151 158 0 204 219 55 1 1 1 227 246 1 222 240 54 213 230 59 244 267 1 222 240 54 227 246 1 215 232 5 78 79 32 76 77 31 10 10 8 78 79 32 215 232 5 67 68 10 220 237 56 65 66 10 136 142 10 137 143 44 149 156 44 187 200 10 181 202 10 225 252 12 207 224 56 163 172 15 208 225 15 206 221 1 222 240 54 244 267 1 139 145 8 17 17 10 19 19 10 99 103 34 201 216 53 238 258 60</p>
                </polylist>
            </mesh>
        </geometry>
        <geometry id="mesh4">
            <mesh>
                <source id="points4">
                    <float_array id="pointarray4" count="192">-780778.1875 -17190.234375 -0.07664400339126587 -679311.9375 -331846.75 135123.53125 -765775.75 -17190.234375 152322.203125 -639897.875 -331846.75 265054.375 -721345 -17190.234375 298790.8125 -575892.9375 -331846.75 384799.3125 -649193.4375 -17190.234375 433777.0625 -489756.71875 -331846.75 489756.6875 -552093.625 -17190.234375 552093.5 -384799.375 -331846.75 575893 -433777.1875 -17190.234375 649193.4375 -265054.4375 -331846.75 639898.0625 -298790.9375 -17190.234375 721345.125 -135123.578125 -331846.75 679312.125 -152322.328125 -17190.234375 765775.875 0.0012410000199452043 -331846.75 692620.6875 -0.02346000075340271 -17190.234375 780778.375 135123.59375 -331846.75 679312.125 152322.28125 -17190.234375 765775.875 265054.4375 -331846.75 639898.0625 298790.9375 -17190.234375 721345.125 384799.4375 -331846.75 575893.125 433777.25 -17190.234375 649193.5625 489756.8125 -331846.75 489756.875 552093.6875 -17190.234375 552093.75 575893.125 -331846.75 384799.53125 649193.5625 -17190.234375 433777.34375 639898.125 -331846.75 265054.5625 721345.25 -17190.234375 298791.03125 679312.375 -331846.75 135123.65625 765776.1875 -17190.234375 152322.34375 692620.875 -331846.75 0.02628600038588047 780778.625 -17190.234375 -0.0032659999560564756 679311.75 -331846.75 -135123.328125 765775.375 -17190.234375 -152322.046875 639897.6875 -331846.75 -265054.09375 721344.75 -17190.234375 -298790.59375 575892.75 -331846.75 -384799.0625 649193.125 -17190.234375 -433776.875 489756.59375 -331846.75 -489756.40625 552093.4375 -17190.234375 -552093.25 384799.3125 -331846.75 -575892.5625 433777.0625 -17190.234375 -649193 265054.40625 -331846.75 -639897.625 298790.90625 -17190.234375 -721344.75 135123.65625 -331846.75 -679311.75 152322.34375 -17190.234375 -765775.5625 0.12337200343608856 -331846.75 -692620.25 0.11421599984169006 -17190.234375 -780777.875 -765775.75 -17190.234375 -152322.359375 -679311.9375 -331846.75 -135123.609375 -692620.5 -331846.75 -0.03880700096487999 -135123.40625 -331846.75 -679311.8125 -152322.125 -17190.234375 -765775.625 -265054.1875 -331846.75 -639897.8125 -298790.6875 -17190.234375 -721344.9375 -384799.125 -331846.75 -575892.8125 -433776.9375 -17190.234375 -649193.3125 -489756.5625 -331846.75 -489756.625 -552093.4375 -17190.234375 -552093.5 -575892.8125 -331846.75 -384799.34375 -649193.25 -17190.234375 -433777.15625 -639897.8125 -331846.75 -265054.4375 -721344.9375 -17190.234375 -298790.9375</float_array>
                    <technique_common>
                        <accessor count="64" source="#pointarray4" stride="3">
                            <param name="X" type="float"/>
                            <param name="Y" type="float"/>
                            <param name="Z" type="float"/>
                        </accessor>
                    </technique_common>
                </source>
                <source id="uvs4">
                    <float_array id="uvarray4" count="96">0.49609375 1 0.43359375 0.00390625 0.43359375 1 0.375 0.00390625 0.375 1 0.3125 0.00390625 0.3125 1 0.25 0.00390625 0.25 1 0.19140625 0.00390625 0.19140625 1 0.12890625 0.00390625 0.12890625 1 0.06640625 0.00390625 0.06640625 1 0.0078125 0.00390625 0.0078125 1 0.0625 0.00390625 0.0625 1 0.125 0.00390625 0.125 1 0.1875 0.00390625 0.1875 1 0.30859375 0.00390625 0.30859375 1 0.37109375 0.00390625 0.37109375 1 0.49609375 0.00390625 0.5546875 0.00390625 0.5546875 1 0.6171875 0.00390625 0.6171875 1 0.6796875 0.00390625 0.6796875 1 0.7421875 0.00390625 0.7421875 1 0.80078125 0.00390625 0.80078125 1 0.86328125 0.00390625 0.86328125 1 0.92578125 0.00390625 0.92578125 1 0.98828125 0.00390625 0.98828125 1 0.55859375 1 0.55859375 0.00390625 0.984375 0.00390625 0.984375 1</float_array>
                    <technique_common>
                        <accessor count="1" source="#uvarray4" stride="2">
                            <param name="S" type="float"/>
                            <param name="T" type="float"/>
                        </accessor>
                    </technique_common>
                </source>
                <source id="colors4">
                    <float_array id="colorarray4" count="24">0 0 0 1 0.38823529411764707 0.38823529411764707 0.38823529411764707 1 0.20784313725490197 0.20784313725490197 0.20784313725490197 1 0.10196078431372549 0.10196078431372549 0.10196078431372549 1 0.7019607843137254 0.7019607843137254 0.7019607843137254 1 1 1 1 1</float_array>
                    <technique_common>
                        <accessor count="6" source="#colorarray4" stride="4">
                            <param name="R" type="float"/>
                            <param name="G" type="float"/>
                            <param name="B" type="float"/>
                            <param name="A" type="float"/>
                        </accessor>
                    </technique_common>
                </source>
                <vertices id="vertices4">
                    <input semantic="POSITION" source="#points4"/>
                </vertices>
                <polylist count="64" material="Material1">
                    <input offset="0" semantic="VERTEX" source="#vertices4"/>
                    <input offset="1" semantic="TEXCOORD" source="#uvs4" set="0"/>
                    <input offset="2" semantic="COLOR" source="#colors4" set="0"/>
                    <vcount>3 3 3 3 3 3 3 3 3 3 3 3 3 3 3 3 3 3 3 3 3 3 3 3 3 3 3 3 3 3 3 3 3 3 3 3 3 3 3 3 3 3 3 3 3 3 3 3 3 3 3 3 3 3 3 3 3 3 3 3 3 3 3 3</vcount>
                    <p>2 2 0 1 1 1 0 0 0 3 3 2 1 1 1 2 2 0 4 4 0 3 3 2 2 2 0 5 5 3 3 3 2 4 4 0 6 6 0 5 5 3 4 4 0 7 7 0 5 5 3 6 6 0 8 8 0 7 7 0 6 6 0 9 9 0 7 7 0 8 8 0 10 10 0 9 9 0 8 8 0 11 11 0 9 9 0 10 10 0 12 12 0 11 11 0 10 10 0 13 13 0 11 11 0 12 12 0 14 14 0 13 13 0 12 12 0 15 15 0 13 13 0 14 14 0 16 16 0 15 15 0 14 14 0 17 17 0 15 15 0 16 16 0 18 18 0 17 17 0 16 16 0 19 19 0 17 17 0 18 18 0 20 20 0 19 19 0 18 18 0 21 21 0 19 19 0 20 20 0 22 22 0 21 21 0 20 20 0 23 7 0 21 21 0 22 22 0 24 8 0 23 7 0 22 22 0 25 23 3 23 7 0 24 8 0 26 24 0 25 23 3 24 8 0 27 25 2 25 23 3 26 24 0 28 26 0 27 25 2 26 24 0 29 1 1 27 25 2 28 26 0 30 2 0 29 1 1 28 26 0 31 27 4 29 1 1 30 2 0 32 0 0 31 27 4 30 2 0 33 28 5 31 27 4 32 0 0 34 29 0 33 28 5 32 0 0 35 30 5 33 28 5 34 29 0 36 31 0 35 30 5 34 29 0 37 32 5 35 30 5 36 31 0 38 33 0 37 32 5 36 31 0 39 34 5 37 32 5 38 33 0 40 35 0 39 34 5 38 33 0 41 36 5 39 34 5 40 35 0 42 37 0 41 36 5 40 35 0 43 38 5 41 36 5 42 37 0 44 39 0 43 38 5 42 37 0 45 40 5 43 38 5 44 39 0 46 41 0 45 40 5 44 39 0 47 42 5 45 40 5 46 41 0 48 43 0 47 42 5 46 41 0 0 0 0 50 45 5 49 44 0 51 27 4 50 45 5 0 0 0 1 1 1 51 27 4 0 0 0 48 47 0 52 40 5 47 46 5 53 41 0 52 40 5 48 47 0 53 41 0 54 38 5 52 40 5 55 39 0 54 38 5 53 41 0 55 39 0 56 36 5 54 38 5 57 37 0 56 36 5 55 39 0 57 37 0 58 34 5 56 36 5 59 35 0 58 34 5 57 37 0 59 35 0 60 32 5 58 34 5 61 33 0 60 32 5 59 35 0 61 33 0 62 30 5 60 32 5 63 31 0 62 30 5 61 33 0 63 31 0 50 45 5 62 30 5 49 44 0 50 45 5 63 31 0</p>
                </polylist>
            </mesh>
        </geometry>
        <geometry id="mesh5">
            <mesh>
                <source id="points5">
                    <float_array id="pointarray5" count="195">-692620.5 -331846.75 -0.03880700096487999 -363285.8125 -331846.75 0.0657150000333786 -679311.9375 -331846.75 135123.53125 -356305.34375 -331846.75 70873.6171875 -639897.875 -331846.75 265054.375 -335632.34375 -331846.75 139023.546875 -575892.9375 -331846.75 384799.3125 -302061.125 -331846.75 201830.84375 -489756.71875 -331846.75 489756.6875 -256881.875 -331846.75 256881.953125 -384799.375 -331846.75 575893 -201830.78125 -331846.75 302061.25 -265054.4375 -331846.75 639898.0625 -139023.484375 -331846.75 335632.5 -135123.578125 -331846.75 679312.125 -70873.546875 -331846.75 356305.5 0.0012410000199452043 -331846.75 692620.6875 0.011481000110507011 -331846.75 363286 135123.59375 -331846.75 679312.125 70873.578125 -331846.75 356305.5 265054.4375 -331846.75 639898.0625 139023.5 -331846.75 335632.5 384799.4375 -331846.75 575893.125 201830.875 -331846.75 302061.3125 489756.8125 -331846.75 489756.875 256881.953125 -331846.75 256882.078125 575893.125 -331846.75 384799.53125 302061.25 -331846.75 201830.984375 639898.125 -331846.75 265054.5625 335632.46875 -331846.75 139023.640625 679312.375 -331846.75 135123.65625 356305.59375 -331846.75 70873.6875 692620.875 -331846.75 0.02628600038588047 363286 -331846.75 0.09985700249671936 679311.75 -331846.75 -135123.328125 356305.25 -331846.75 -70873.3359375 639897.6875 -331846.75 -265054.09375 335632.21875 -331846.75 -139023.21875 575892.75 -331846.75 -384799.0625 302061.0625 -331846.75 -201830.5625 489756.59375 -331846.75 -489756.40625 256881.859375 -331846.75 -256881.65625 384799.3125 -331846.75 -575892.5625 201830.78125 -331846.75 -302060.875 265054.40625 -331846.75 -639897.625 139023.484375 -331846.75 -335632.125 135123.65625 -331846.75 -679311.75 70873.609375 -331846.75 -356305.15625 0.12337200343608856 -331846.75 -692620.25 0.07553999871015549 -331846.75 -363285.59375 -135123.40625 -331846.75 -679311.8125 -70873.453125 -331846.75 -356305.1875 -265054.1875 -331846.75 -639897.8125 -139023.34375 -331846.75 -335632.1875 -384799.125 -331846.75 -575892.8125 -201830.671875 -331846.75 -302061 -489756.5625 -331846.75 -489756.625 -256881.796875 -331846.75 -256881.78125 -575892.8125 -331846.75 -384799.34375 -302061.0625 -331846.75 -201830.703125 -639897.8125 -331846.75 -265054.4375 -335632.25 -331846.75 -139023.40625 -679311.9375 -331846.75 -135123.609375 -356305.34375 -331846.75 -70873.484375 0.022776000201702118 -331846.71875 0.18101200461387634</float_array>
                    <technique_common>
                        <accessor count="65" source="#pointarray5" stride="3">
                            <param name="X" type="float"/>
                            <param name="Y" type="float"/>
                            <param name="Z" type="float"/>
                        </accessor>
                    </technique_common>
                </source>
                <source id="uvs5">
                    <float_array id="uvarray5" count="130">0 0.5 0.234375 0.5 0.0078125 0.40625 0.2421875 0.44921875 0.03515625 0.3125 0.25390625 0.40234375 0.08203125 0.22265625 0.28125 0.35546875 0.14453125 0.1484375 0.3125 0.31640625 0.21875 0.0859375 0.3515625 0.28515625 0.30859375 0.0390625 0.3984375 0.2578125 0.40234375 0.01171875 0.4453125 0.24609375 0.5 0 0.5 0.23828125 0.59375 0.01171875 0.55078125 0.24609375 0.6875 0.0390625 0.59765625 0.2578125 0.77734375 0.0859375 0.64453125 0.28515625 0.8515625 0.1484375 0.68359375 0.31640625 0.9140625 0.22265625 0.71484375 0.35546875 0.9609375 0.3125 0.7421875 0.40234375 0.98828125 0.40625 0.75390625 0.44921875 1 0.5 0.76171875 0.5 0.98828125 0.59765625 0.75390625 0.5546875 0.9609375 0.69140625 0.7421875 0.6015625 0.9140625 0.78125 0.71484375 0.6484375 0.8515625 0.85546875 0.68359375 0.6875 0.77734375 0.91796875 0.64453125 0.71875 0.6875 0.96484375 0.59765625 0.74609375 0.59375 0.9921875 0.55078125 0.7578125 0.5 1 0.5 0.765625 0.40234375 0.9921875 0.4453125 0.7578125 0.30859375 0.96484375 0.3984375 0.74609375 0.21875 0.91796875 0.3515625 0.71875 0.14453125 0.85546875 0.3125 0.6875 0.08203125 0.78125 0.28125 0.6484375 0.03515625 0.69140625 0.25390625 0.6015625 0.0078125 0.59765625 0.2421875 0.5546875 0.5 0.5</float_array>
                    <technique_common>
                        <accessor count="1" source="#uvarray5" stride="2">
                            <param name="S" type="float"/>
                            <param name="T" type="float"/>
                        </accessor>
                    </technique_common>
                </source>
                <source id="colors5">
                    <float_array id="colorarray5" count="116">0.7019607843137254 0.7019607843137254 0.7019607843137254 1 0.32941176470588235 0.32941176470588235 0.32941176470588235 1 0.38823529411764707 0.38823529411764707 0.38823529411764707 1 0.1843137254901961 0.1843137254901961 0.1843137254901961 1 0.20784313725490197 0.20784313725490197 0.20784313725490197 1 0.054901960784313725 0.054901960784313725 0.054901960784313725 1 0.10196078431372549 0.10196078431372549 0.10196078431372549 1 0.00392156862745098 0.00392156862745098 0.00392156862745098 1 0 0 0 1 0.027450980392156862 0.027450980392156862 0.027450980392156862 1 0.08235294117647059 0.08235294117647059 0.08235294117647059 1 0.1803921568627451 0.1803921568627451 0.1803921568627451 1 0.3215686274509804 0.3215686274509804 0.3215686274509804 1 1 1 1 1 0.4470588235294118 0.4470588235294118 0.4470588235294118 1 0.48627450980392156 0.48627450980392156 0.48627450980392156 1 0.5058823529411764 0.5058823529411764 0.5058823529411764 1 0.5490196078431373 0.5490196078431373 0.5490196078431373 1 0.5843137254901961 0.5843137254901961 0.5843137254901961 1 0.6 0.6 0.6 1 0.592156862745098 0.592156862745098 0.592156862745098 1 0.5725490196078431 0.5725490196078431 0.5725490196078431 1 0.5568627450980392 0.5568627450980392 0.5568627450980392 1 0.5372549019607843 0.5372549019607843 0.5372549019607843 1 0.5215686274509804 0.5215686274509804 0.5215686274509804 1 0.5098039215686274 0.5098039215686274 0.5098039215686274 1 0.5019607843137255 0.5019607843137255 0.5019607843137255 1 0.49019607843137253 0.49019607843137253 0.49019607843137253 1 0.45098039215686275 0.45098039215686275 0.45098039215686275 1</float_array>
                    <technique_common>
                        <accessor count="29" source="#colorarray5" stride="4">
                            <param name="R" type="float"/>
                            <param name="G" type="float"/>
                            <param name="B" type="float"/>
                            <param name="A" type="float"/>
                        </accessor>
                    </technique_common>
                </source>
                <vertices id="vertices5">
                    <input semantic="POSITION" source="#points5"/>
                </vertices>
                <polylist count="96" material="Material1">
                    <input offset="0" semantic="VERTEX" source="#vertices5"/>
                    <input offset="1" semantic="TEXCOORD" source="#uvs5" set="0"/>
                    <input offset="2" semantic="COLOR" source="#colors5" set="0"/>
                    <vcount>3 3 3 3 3 3 3 3 3 3 3 3 3 3 3 3 3 3 3 3 3 3 3 3 3 3 3 3 3 3 3 3 3 3 3 3 3 3 3 3 3 3 3 3 3 3 3 3 3 3 3 3 3 3 3 3 3 3 3 3 3 3 3 3 3 3 3 3 3 3 3 3 3 3 3 3 3 3 3 3 3 3 3 3 3 3 3 3 3 3 3 3 3 3 3 3</vcount>
                    <p>2 2 2 1 1 1 0 0 0 3 3 3 1 1 1 2 2 2 4 4 4 3 3 3 2 2 2 5 5 5 3 3 3 4 4 4 6 6 6 5 5 5 4 4 4 7 7 7 5 5 5 6 6 6 8 8 8 7 7 7 6 6 6 9 9 8 7 7 7 8 8 8 10 10 8 9 9 8 8 8 8 11 11 8 9 9 8 10 10 8 12 12 8 11 11 8 10 10 8 13 13 8 11 11 8 12 12 8 14 14 8 13 13 8 12 12 8 15 15 8 13 13 8 14 14 8 16 16 8 15 15 8 14 14 8 17 17 8 15 15 8 16 16 8 18 18 8 17 17 8 16 16 8 19 19 8 17 17 8 18 18 8 20 20 8 19 19 8 18 18 8 21 21 8 19 19 8 20 20 8 22 22 8 21 21 8 20 20 8 23 23 8 21 21 8 22 22 8 24 24 8 23 23 8 22 22 8 25 25 8 23 23 8 24 24 8 26 26 6 25 25 8 24 24 8 27 27 9 25 25 8 26 26 6 28 28 4 27 27 9 26 26 6 29 29 10 27 27 9 28 28 4 30 30 2 29 29 10 28 28 4 31 31 11 29 29 10 30 30 2 32 32 0 31 31 11 30 30 2 33 33 12 31 31 11 32 32 0 34 34 13 33 33 12 32 32 0 35 35 14 33 33 12 34 34 13 36 36 13 35 35 14 34 34 13 37 37 15 35 35 14 36 36 13 38 38 13 37 37 15 36 36 13 39 39 16 37 37 15 38 38 13 40 40 13 39 39 16 38 38 13 41 41 17 39 39 16 40 40 13 42 42 13 41 41 17 40 40 13 43 43 18 41 41 17 42 42 13 44 44 13 43 43 18 42 42 13 45 45 19 43 43 18 44 44 13 46 46 13 45 45 19 44 44 13 47 47 20 45 45 19 46 46 13 48 48 13 47 47 20 46 46 13 49 49 21 47 47 20 48 48 13 50 50 13 49 49 21 48 48 13 51 51 22 49 49 21 50 50 13 52 52 13 51 51 22 50 50 13 53 53 23 51 51 22 52 52 13 54 54 13 53 53 23 52 52 13 55 55 24 53 53 23 54 54 13 56 56 13 55 55 24 54 54 13 57 57 25 55 55 24 56 56 13 58 58 13 57 57 25 56 56 13 59 59 26 57 57 25 58 58 13 60 60 13 59 59 26 58 58 13 61 61 27 59 59 26 60 60 13 62 62 13 61 61 27 60 60 13 63 63 28 61 61 27 62 62 13 1 1 1 63 63 28 62 62 13 64 64 8 63 63 28 1 1 1 3 3 3 64 64 8 1 1 1 5 5 5 64 64 8 3 3 3 7 7 7 64 64 8 5 5 5 9 9 8 64 64 8 7 7 7 11 11 8 64 64 8 9 9 8 13 13 8 64 64 8 11 11 8 15 15 8 64 64 8 13 13 8 17 17 8 64 64 8 15 15 8 19 19 8 64 64 8 17 17 8 21 21 8 64 64 8 19 19 8 23 23 8 64 64 8 21 21 8 25 25 8 64 64 8 23 23 8 27 27 9 64 64 8 25 25 8 29 29 10 64 64 8 27 27 9 31 31 11 64 64 8 29 29 10 33 33 12 64 64 8 31 31 11 35 35 14 64 64 8 33 33 12 37 37 15 64 64 8 35 35 14 39 39 16 64 64 8 37 37 15 41 41 17 64 64 8 39 39 16 43 43 18 64 64 8 41 41 17 45 45 19 64 64 8 43 43 18 47 47 20 64 64 8 45 45 19 49 49 21 64 64 8 47 47 20 51 51 22 64 64 8 49 49 21 53 53 23 64 64 8 51 51 22 55 55 24 64 64 8 53 53 23 57 57 25 64 64 8 55 55 24 59 59 26 64 64 8 57 57 25 61 61 27 64 64 8 59 59 26 64 64 8 61 61 27 63 63 28 1 1 1 62 62 13 0 0 0</p>
                </polylist>
            </mesh>
        </geometry>
        <geometry id="mesh6">
            <mesh>
                <source id="points6">
                    <float_array id="pointarray6" count="45">-183039.609375 -71914.40625 -692269.25 -183288.875 -8321.8115234375 -693710.0625 -91557.75 -71669.2734375 -713014.75 -91807.0390625 -8076.650390625 -714455.625 -76.0927963256836 -71424.0546875 -718631.5625 -325.353515625 -7831.46484375 -720072.375 91405.6328125 -71178.9296875 -712151.875 91156.34375 -7586.3134765625 -713592.625 182887.390625 -70933.734375 -690543.1875 182638.171875 -7341.123046875 -691983.875 -183538.109375 55270.78515625 -695150.9375 -92056.328125 55515.97265625 -715896.5 -574.6141967773438 55761.125 -721513.125 90907.0703125 56006.3046875 -715033.4375 182388.96875 56251.484375 -693424.6875</float_array>
                    <technique_common>
                        <accessor count="15" source="#pointarray6" stride="3">
                            <param name="X" type="float"/>
                            <param name="Y" type="float"/>
                            <param name="Z" type="float"/>
                        </accessor>
                    </technique_common>
                </source>
                <source id="uvs6">
                    <float_array id="uvarray6" count="30">0 0 0 0.5 0.25 0.00390625 0.25 0.5 0.5 0.00390625 0.5 0.5 0.75 0.0078125 0.74609375 0.50390625 1 0.0078125 0.99609375 0.50390625 0 0.99609375 0.24609375 0.99609375 0.49609375 1 0.74609375 1 0.99609375 1</float_array>
                    <technique_common>
                        <accessor count="1" source="#uvarray6" stride="2">
                            <param name="S" type="float"/>
                            <param name="T" type="float"/>
                        </accessor>
                    </technique_common>
                </source>
                <source id="colors6">
                    <float_array id="colorarray6" count="4">1 1 1 1</float_array>
                    <technique_common>
                        <accessor count="1" source="#colorarray6" stride="4">
                            <param name="R" type="float"/>
                            <param name="G" type="float"/>
                            <param name="B" type="float"/>
                            <param name="A" type="float"/>
                        </accessor>
                    </technique_common>
                </source>
                <vertices id="vertices6">
                    <input semantic="POSITION" source="#points6"/>
                </vertices>
                <polylist count="16" material="Material1">
                    <input offset="0" semantic="VERTEX" source="#vertices6"/>
                    <input offset="1" semantic="TEXCOORD" source="#uvs6" set="0"/>
                    <input offset="2" semantic="COLOR" source="#colors6" set="0"/>
                    <vcount>3 3 3 3 3 3 3 3 3 3 3 3 3 3 3 3</vcount>
                    <p>2 2 0 1 1 0 0 0 0 3 3 0 1 1 0 2 2 0 4 4 0 3 3 0 2 2 0 5 5 0 3 3 0 4 4 0 6 6 0 5 5 0 4 4 0 7 7 0 5 5 0 6 6 0 8 8 0 7 7 0 6 6 0 9 9 0 7 7 0 8 8 0 3 3 0 10 10 0 1 1 0 11 11 0 10 10 0 3 3 0 5 5 0 11 11 0 3 3 0 12 12 0 11 11 0 5 5 0 7 7 0 12 12 0 5 5 0 13 13 0 12 12 0 7 7 0 9 9 0 13 13 0 7 7 0 14 14 0 13 13 0 9 9 0</p>
                </polylist>
            </mesh>
        </geometry>
        <geometry id="mesh7">
            <mesh>
                <source id="points7">
                    <float_array id="pointarray7" count="771">769928.4375 65341.125 -153148.125 755250 161907.390625 -150228.40625 785012.8125 65341.125 0.000024000000848900527 770046.9375 161907.390625 0 769929.125 65341.125 153148.4375 755250.6875 161907.390625 150228.71875 725257.1875 65341.125 300411.4375 711430.5 161907.390625 294684.21875 652714.25 65341.125 436129.71875 640270.5 161907.390625 427815.15625 555087.75 65341.125 555087.875 544505.25 161907.390625 544505.375 436129.65625 65341.125 652714.25 427815.0625 161907.390625 640270.5 300411.34375 65341.125 725257.125 294684.125 161907.390625 711430.375 153148.359375 65341.125 769928.875 150228.640625 161907.390625 755250.375 -0.020820999518036842 65341.125 785012.5625 -0.02045300044119358 161907.390625 770046.75 -153148.40625 65341.125 769928.875 -150228.6875 161907.390625 755250.375 -300411.375 65341.125 725256.9375 -294684.125 161907.390625 711430.375 -436129.625 65341.125 652714.1875 -427815 161907.390625 640270.375 -555087.75 65341.125 555087.6875 -544505.1875 161907.390625 544505.125 -652714.1875 65341.125 436129.625 -640270.375 161907.390625 427814.875 -725256.9375 65341.125 300411.21875 -711430.25 161907.390625 294684 -769928.75 65341.125 153148.28125 -755250.3125 161907.390625 150228.5625 -785012.4375 65341.125 -0.07375200092792511 -770046.5625 161907.390625 -0.07236900180578232 -769928.75 65341.125 -153148.421875 -755250.3125 161907.390625 -150228.71875 -725256.875 65341.125 -300411.375 -711430.125 161907.390625 -294684.125 -652714.0625 65341.125 -436129.625 -640270.1875 161907.390625 -427814.96875 -555087.5625 65341.125 -555087.6875 -544505.0625 161907.390625 -544505.125 -436129.40625 65341.125 -652714.0625 -427814.75 161907.390625 -640270.25 -300411.125 65341.125 -725256.875 -294683.875 161907.390625 -711430.125 -153148.203125 65341.125 -769928.5 -150228.484375 161907.390625 -755250.125 0.11760199815034866 65341.125 -785012.25 0.1153310015797615 161907.390625 -770046.25 153148.421875 65341.125 -769928.4375 150228.71875 161907.390625 -755250.0625 300411.3125 65341.125 -725256.5625 294684.09375 161907.390625 -711430 436129.5625 65341.125 -652713.8125 427814.875 161907.390625 -640269.9375 555087.5625 65341.125 -555087.375 544505.0625 161907.390625 -544504.875 652713.9375 65341.125 -436129.3125 640270.0625 161907.390625 -427814.6875 725256.625 65341.125 -300411 711430 161907.390625 -294683.78125 711429.9375 309192.9375 -141512.046875 725368.25 309192.9375 0 711430.5 309192.9375 141512.359375 670152.875 309192.9375 277586.4375 603121.625 309192.9375 402992.96875 512912.78125 309192.9375 512912.8125 402992.9375 309192.9375 603121.625 277586.375 309192.9375 670152.8125 141512.28125 309192.9375 711430.375 -0.019267000257968903 309192.9375 725368.0625 -141512.3125 309192.9375 711430.375 -277586.375 309192.9375 670152.625 -402992.875 309192.9375 603121.5 -512912.65625 309192.9375 512912.625 -603121.5 309192.9375 402992.84375 -670152.625 309192.9375 277586.25 -711430.125 309192.9375 141512.203125 -725368 309192.9375 -0.06817000359296799 -711430.125 309192.9375 -141512.359375 -670152.5625 309192.9375 -277586.375 -603121.375 309192.9375 -402992.875 -512912.5 309192.9375 -512912.625 -402992.65625 309192.9375 -603121.375 -277586.125 309192.9375 -670152.5625 -141512.125 309192.9375 -711430.0625 0.10863900184631348 309192.9375 -725367.75 141512.359375 309192.9375 -711430 277586.3125 309192.9375 -670152.375 402992.8125 309192.9375 -603121.125 512912.5 309192.9375 -512912.3125 603121.3125 309192.9375 -402992.5625 670152.375 309192.9375 -277586.03125 640270.0625 444932.0625 -127357.484375 652814.25 444932.0625 0 640270.625 444932.0625 127357.75 603121.6875 444932.0625 249821.21875 542795.125 444932.0625 362684.125 461609.3125 444932.0625 461609.375 362684.125 444932.0625 542795.125 249821.15625 444932.0625 603121.625 127357.71875 444932.0625 640270.5 -0.01733900047838688 444932.0625 652814.0625 -127357.734375 444932.0625 640270.4375 -249821.15625 444932.0625 603121.5 -362684.09375 444932.0625 542795 -461609.21875 444932.0625 461609.1875 -542795 444932.0625 362684.03125 -603121.5 444932.0625 249821.0625 -640270.375 444932.0625 127357.640625 -652813.9375 444932.0625 -0.06135199964046478 -640270.375 444932.0625 -127357.75 -603121.375 444932.0625 -249821.15625 -542794.9375 444932.0625 -362684.03125 -461609.09375 444932.0625 -461609.1875 -362683.875 444932.0625 -542794.9375 -249820.953125 444932.0625 -603121.375 -127357.5703125 444932.0625 -640270.1875 0.09777200222015381 444932.0625 -652813.75 127357.75 444932.0625 -640270.0625 249821.109375 444932.0625 -603121.1875 362684 444932.0625 -542794.75 461609.09375 444932.0625 -461608.90625 542794.875 444932.0625 -362683.75 603121.3125 444932.0625 -249820.859375 544504.9375 563908.5 -108308.6328125 555172.9375 563908.5 0 544505.375 563908.5 108308.8671875 512912.8125 563908.5 212455.46875 461609.3125 563908.5 308437.46875 392566.4375 563908.5 392566.5 308437.46875 563908.5 461609.3125 212455.40625 563908.5 512912.78125 108308.8125 563908.5 544505.25 -0.014746000058948994 563908.5 555172.75 -108308.84375 563908.5 544505.1875 -212455.40625 563908.5 512912.6875 -308437.4375 563908.5 461609.21875 -392566.40625 563908.5 392566.40625 -461609.21875 563908.5 308437.375 -512912.65625 563908.5 212455.328125 -544505.125 563908.5 108308.75 -555172.625 563908.5 -0.05217500030994415 -544505.125 563908.5 -108308.8671875 -512912.625 563908.5 -212455.40625 -461609.125 563908.5 -308437.40625 -392566.25 563908.5 -392566.40625 -308437.28125 563908.5 -461609.125 -212455.28125 563908.5 -512912.5625 -108308.703125 563908.5 -544505.0625 0.0831490010023117 563908.5 -555172.5 108308.8671875 563908.5 -544504.9375 212455.40625 563908.5 -512912.4375 308437.34375 563908.5 -461609 392566.25 563908.5 -392566.125 461609.0625 563908.5 -308437.1875 512912.5 563908.5 -212455.171875 427814.75 661549.75 -85097.546875 436196.5625 661549.75 0 427815.15625 661549.75 85097.7265625 402992.96875 661549.75 166925.203125 362684.125 661549.75 242337.796875 308437.46875 661549.75 308437.46875 242337.75 661549.75 362684.125 166925.15625 661549.75 402992.9375 85097.6875 661549.75 427815 -0.011586000211536884 661549.75 436196.40625 -85097.703125 661549.75 427815 -166925.15625 661549.75 402992.875 -242337.734375 661549.75 362684.03125 -308437.4375 661549.75 308437.375 -362684.03125 661549.75 242337.703125 -402992.875 661549.75 166925.078125 -427814.875 661549.75 85097.65625 -436196.3125 661549.75 -0.04099399968981743 -427814.875 661549.75 -85097.7265625 -402992.84375 661549.75 -166925.15625 -362683.90625 661549.75 -242337.71875 -308437.3125 661549.75 -308437.375 -242337.578125 661549.75 -362684 -166925.015625 661549.75 -402992.8125 -85097.59375 661549.75 -427814.84375 0.06532900035381317 661549.75 -436196.21875 85097.7265625 661549.75 -427814.75 166925.125 661549.75 -402992.65625 242337.671875 661549.75 -362683.8125 308437.3125 661549.75 -308437.1875 362683.875 661549.75 -242337.546875 402992.75 661549.75 -166924.96875 294683.96875 734103.8125 -58616.21484375 300457.4375 734103.8125 0 294684.21875 734103.8125 58616.33984375 277586.4375 734103.8125 114980.0859375 249821.15625 734103.8125 166925.203125 212455.453125 734103.8125 212455.453125 166925.171875 734103.8125 249821.15625 114980.0390625 734103.8125 277586.375 58616.3125 734103.8125 294684.125 -0.007980000227689743 734103.8125 300457.3125 -58616.32421875 734103.8125 294684.125 -114980.0390625 734103.8125 277586.375 -166925.15625 734103.8125 249821.109375 -212455.40625 734103.8125 212455.40625 -249821.109375 734103.8125 166925.125 -277586.3125 734103.8125 114980 -294684.09375 734103.8125 58616.28125 -300457.28125 734103.8125 -0.028237000107765198 -294684.0625 734103.8125 -58616.33984375 -277586.3125 734103.8125 -114980.0390625 -249821.078125 734103.8125 -166925.140625 -212455.328125 734103.8125 -212455.40625 -166925.0625 734103.8125 -249821.09375 -114979.9609375 734103.8125 -277586.28125 -58616.24609375 734103.8125 -294684 0.04500000178813934 734103.8125 -300457.1875 58616.33984375 734103.8125 -294684 114980.015625 734103.8125 -277586.21875 166925.09375 734103.8125 -249821 212455.328125 734103.8125 -212455.28125 249821.03125 734103.8125 -166925 277586.25 734103.8125 -114979.921875 150228.578125 778782.4375 -29882.28515625 153171.859375 778782.4375 0 150228.71875 778782.4375 29882.349609375 141512.359375 778782.4375 58616.33984375 127357.734375 778782.4375 85097.7265625 108308.84375 778782.4375 108308.84375 85097.71875 778782.4375 127357.734375 58616.31640625 778782.4375 141512.328125 29882.3359375 778782.4375 150228.65625 -0.00406799977645278 778782.4375 153171.8125 -29882.34375 778782.4375 150228.65625 -58616.31640625 778782.4375 141512.3125 -85097.703125 778782.4375 127357.71875 -108308.8203125 778782.4375 108308.8125 -127357.71875 778782.4375 85097.6875 -141512.3125 778782.4375 58616.296875 -150228.640625 778782.4375 29882.322265625 -153171.78125 778782.4375 -0.014395000413060188 -150228.640625 778782.4375 -29882.349609375 -141512.28125 778782.4375 -58616.31640625 -127357.6640625 778782.4375 -85097.6953125 -108308.7890625 778782.4375 -108308.8125 -85097.65625 778782.4375 -127357.6875 -58616.28125 778782.4375 -141512.265625 -29882.3046875 778782.4375 -150228.609375 0.022941000759601593 778782.4375 -153171.765625 29882.349609375 778782.4375 -150228.578125 58616.3125 778782.4375 -141512.234375 85097.671875 778782.4375 -127357.625 108308.7890625 778782.4375 -108308.75 127357.65625 778782.4375 -85097.625 141512.234375 778782.4375 -58616.25 0 793868.625 0</float_array>
                    <technique_common>
                        <accessor count="257" source="#pointarray7" stride="3">
                            <param name="X" type="float"/>
                            <param name="Y" type="float"/>
                            <param name="Z" type="float"/>
                        </accessor>
                    </technique_common>
                </source>
                <source id="uvs7">
                    <float_array id="uvarray7" count="514">4.51171875 -5.12890625 4.03515625 -5.22265625 4.58984375 -5.92578125 4.10546875 -5.92578125 4.51171875 -6.72265625 4.03515625 -6.62890625 4.27734375 -7.4921875 3.83203125 -7.3046875 3.90234375 -8.19921875 3.49609375 -7.9296875 3.390625 -8.8203125 3.046875 -8.4765625 2.7734375 -9.328125 2.5 -8.92578125 2.0625 -9.70703125 1.87890625 -9.2578125 1.296875 -9.94140625 1.203125 -9.46484375 0.49609375 -10.01953125 0.49609375 -9.53125 -0.296875 -9.94140625 -0.203125 -9.46484375 -1.0625 -9.70703125 -0.87890625 -9.2578125 -1.7734375 -9.328125 -1.5 -8.92578125 -2.390625 -8.8203125 -2.046875 -8.4765625 -2.90234375 -8.19921875 -2.49609375 -7.9296875 -3.27734375 -7.4921875 -2.83203125 -7.3046875 -3.51171875 -6.72265625 -3.03515625 -6.62890625 -3.58984375 -5.92578125 -3.10546875 -5.92578125 -3.51171875 -5.12890625 -3.03515625 -5.22265625 -3.27734375 -4.359375 -2.83203125 -4.546875 -2.90234375 -3.65234375 -2.49609375 -3.921875 -2.390625 -3.03125 -2.046875 -3.375 -1.7734375 -2.5234375 -1.5 -2.92578125 -1.0625 -2.14453125 -0.87890625 -2.59375 -0.296875 -1.9140625 -0.203125 -2.38671875 0.5 -1.83203125 0.5 -2.3203125 1.296875 -1.9140625 1.203125 -2.38671875 2.0625 -2.14453125 1.87890625 -2.59375 2.7734375 -2.5234375 2.5 -2.92578125 3.390625 -3.03125 3.046875 -3.375 3.90234375 -3.65234375 3.49609375 -3.921875 4.27734375 -4.359375 3.83203125 -4.546875 3.578125 -5.3125 3.63671875 -5.92578125 3.578125 -6.5390625 3.3984375 -7.12890625 3.109375 -7.671875 2.71875 -8.14453125 2.2421875 -8.53515625 1.69921875 -8.828125 1.109375 -9.00390625 0.49609375 -9.06640625 -0.109375 -9.00390625 -0.69921875 -8.828125 -1.2421875 -8.53515625 -1.71875 -8.14453125 -2.109375 -7.671875 -2.3984375 -7.12890625 -2.578125 -6.5390625 -2.63671875 -5.92578125 -2.578125 -5.3125 -2.3984375 -4.7265625 -2.109375 -4.18359375 -1.71875 -3.70703125 -1.2421875 -3.31640625 -0.69921875 -3.02734375 -0.109375 -2.84765625 0.5 -2.78515625 1.109375 -2.84765625 1.69921875 -3.02734375 2.2421875 -3.31640625 2.71875 -3.70703125 3.109375 -4.18359375 3.3984375 -4.7265625 3.12890625 -5.40234375 3.1796875 -5.92578125 3.12890625 -6.44921875 2.9765625 -6.953125 2.7265625 -7.4140625 2.39453125 -7.8203125 1.98828125 -8.15625 1.5234375 -8.40234375 1.01953125 -8.5546875 0.49609375 -8.60546875 -0.01953125 -8.5546875 -0.5234375 -8.40234375 -0.98828125 -8.15625 -1.39453125 -7.8203125 -1.7265625 -7.4140625 -1.9765625 -6.953125 -2.12890625 -6.44921875 -2.1796875 -5.92578125 -2.12890625 -5.40234375 -1.9765625 -4.8984375 -1.7265625 -4.4375 -1.39453125 -4.03125 -0.98828125 -3.6953125 -0.5234375 -3.44921875 -0.01953125 -3.296875 0.5 -3.24609375 1.01953125 -3.296875 1.5234375 -3.44921875 1.98828125 -3.6953125 2.39453125 -4.03125 2.7265625 -4.4375 2.9765625 -4.8984375 2.6640625 -5.49609375 2.70703125 -5.92578125 2.6640625 -6.35546875 2.5390625 -6.7734375 2.3359375 -7.15234375 2.05859375 -7.48828125 1.7265625 -7.76171875 1.34375 -7.96875 0.9296875 -8.09375 0.49609375 -8.13671875 0.06640625 -8.09375 -0.34375 -7.96875 -0.7265625 -7.76171875 -1.05859375 -7.48828125 -1.3359375 -7.15234375 -1.5390625 -6.7734375 -1.6640625 -6.35546875 -1.70703125 -5.92578125 -1.6640625 -5.49609375 -1.5390625 -5.08203125 -1.3359375 -4.69921875 -1.05859375 -4.36328125 -0.7265625 -4.08984375 -0.34375 -3.88671875 0.06640625 -3.7578125 0.5 -3.71484375 0.9296875 -3.7578125 1.34375 -3.88671875 1.7265625 -4.08984375 2.05859375 -4.36328125 2.3359375 -4.69921875 2.5390625 -5.08203125 2.19921875 -5.5859375 2.234375 -5.92578125 2.19921875 -6.265625 2.1015625 -6.58984375 1.94140625 -6.890625 1.7265625 -7.15234375 1.4609375 -7.37109375 1.1640625 -7.53125 0.8359375 -7.62890625 0.49609375 -7.66015625 0.16015625 -7.62890625 -0.1640625 -7.53125 -0.4609375 -7.37109375 -0.7265625 -7.15234375 -0.94140625 -6.890625 -1.1015625 -6.58984375 -1.19921875 -6.265625 -1.234375 -5.92578125 -1.19921875 -5.5859375 -1.1015625 -5.26171875 -0.94140625 -4.9609375 -0.7265625 -4.69921875 -0.4609375 -4.484375 -0.1640625 -4.32421875 0.16015625 -4.22265625 0.5 -4.19140625 0.8359375 -4.22265625 1.1640625 -4.32421875 1.4609375 -4.484375 1.7265625 -4.69921875 1.94140625 -4.9609375 2.1015625 -5.26171875 1.671875 -5.69140625 1.6953125 -5.92578125 1.671875 -6.16015625 1.6015625 -6.3828125 1.4921875 -6.58984375 1.34375 -6.7734375 1.1640625 -6.921875 0.95703125 -7.03125 0.73046875 -7.09765625 0.49609375 -7.12109375 0.265625 -7.09765625 0.0390625 -7.03125 -0.1640625 -6.921875 -0.34375 -6.7734375 -0.4921875 -6.58984375 -0.6015625 -6.3828125 -0.671875 -6.16015625 -0.6953125 -5.92578125 -0.671875 -5.69140625 -0.6015625 -5.46875 -0.4921875 -5.26171875 -0.34375 -5.08203125 -0.1640625 -4.93359375 0.0390625 -4.8203125 0.265625 -4.75390625 0.5 -4.73046875 0.73046875 -4.75390625 0.95703125 -4.8203125 1.1640625 -4.93359375 1.34375 -5.08203125 1.4921875 -5.26171875 1.6015625 -5.46875 1.09765625 -5.80859375 1.109375 -5.92578125 1.09765625 -6.046875 1.0625 -6.16015625 1.00390625 -6.265625 0.9296875 -6.35546875 0.8359375 -6.43359375 0.73046875 -6.48828125 0.6171875 -6.5234375 0.49609375 -6.53515625 0.37890625 -6.5234375 0.265625 -6.48828125 0.16015625 -6.43359375 0.06640625 -6.35546875 -0.00390625 -6.265625 -0.0625 -6.16015625 -0.09765625 -6.046875 -0.109375 -5.92578125 -0.09765625 -5.80859375 -0.0625 -5.69140625 -0.00390625 -5.5859375 0.06640625 -5.49609375 0.16015625 -5.41796875 0.265625 -5.36328125 0.37890625 -5.328125 0.49609375 -5.31640625 0.6171875 -5.328125 0.73046875 -5.36328125 0.8359375 -5.41796875 0.9296875 -5.49609375 1.00390625 -5.5859375 1.0625 -5.69140625 0.49609375 -5.92578125</float_array>
                    <technique_common>
                        <accessor count="1" source="#uvarray7" stride="2">
                            <param name="S" type="float"/>
                            <param name="T" type="float"/>
                        </accessor>
                    </technique_common>
                </source>
                <source id="colors7">
                    <float_array id="colorarray7" count="588">0 0 0 1 0.14901960784313725 0.24705882352941178 0.39215686274509803 1 0.08627450980392157 0.2235294117647059 0.4235294117647059 1 0.1450980392156863 0.26666666666666666 0.4392156862745098 1 0.023529411764705882 0.058823529411764705 0.10980392156862745 1 0.4235294117647059 0.5411764705882353 0.7137254901960784 1 0.34901960784313724 0.4745098039215686 0.6549019607843137 1 0.7019607843137254 0.8235294117647058 0.996078431372549 1 0.5803921568627451 0.7058823529411765 0.8862745098039215 1 0.7058823529411765 0.8274509803921568 1 1 0.5843137254901961 0.7058823529411765 0.8862745098039215 1 0.37254901960784315 0.5058823529411764 0.6901960784313725 1 0.49019607843137253 0.6196078431372549 0.8 1 0.5333333333333333 0.6588235294117647 0.8352941176470589 1 0.5137254901960784 0.6352941176470588 0.807843137254902 1 0.25882352941176473 0.34901960784313724 0.4823529411764706 1 0.16862745098039217 0.2549019607843137 0.3764705882352941 1 0.4549019607843137 0.5803921568627451 0.7647058823529411 1 0.3803921568627451 0.5098039215686274 0.6980392156862745 1 0.43529411764705883 0.5450980392156862 0.6980392156862745 1 0.19215686274509805 0.26666666666666666 0.37254901960784315 1 0.043137254901960784 0.08235294117647059 0.1411764705882353 1 0.3764705882352941 0.47843137254901963 0.6274509803921569 1 0.3843137254901961 0.49019607843137253 0.6431372549019608 1 0.39215686274509803 0.4980392156862745 0.6509803921568628 1 0.6980392156862745 0.8196078431372549 0.9921568627450981 1 0.5176470588235295 0.6352941176470588 0.803921568627451 1 0.6509803921568628 0.7686274509803922 0.9411764705882353 1 0.5529411764705883 0.6705882352941176 0.8392156862745098 1 0.5882352941176471 0.7137254901960784 0.8901960784313725 1 0.40784313725490196 0.5254901960784314 0.6941176470588235 1 0.4666666666666667 0.5607843137254902 0.6980392156862745 1 0.5333333333333333 0.6470588235294118 0.807843137254902 1 0.5176470588235295 0.6431372549019608 0.8235294117647058 1 0.5529411764705883 0.6745098039215687 0.8470588235294118 1 0.42745098039215684 0.5254901960784314 0.6627450980392157 1 0.37254901960784315 0.4588235294117647 0.5803921568627451 1 0.16862745098039217 0.23137254901960785 0.3176470588235294 1 0.4980392156862745 0.6196078431372549 0.788235294117647 1 0.5098039215686274 0.6352941176470588 0.8156862745098039 1 0.615686274509804 0.7294117647058823 0.8901960784313725 1 0.44313725490196076 0.5333333333333333 0.6666666666666666 1 0.4235294117647059 0.5137254901960784 0.6431372549019608 1 0.21176470588235294 0.27058823529411763 0.3568627450980392 1 0.28627450980392155 0.3568627450980392 0.4627450980392157 1 0.5450980392156862 0.6470588235294118 0.796078431372549 1 0.6509803921568628 0.7725490196078432 0.9490196078431372 1 0.5294117647058824 0.6392156862745098 0.792156862745098 1 0.41568627450980394 0.5098039215686274 0.6431372549019608 1 0.33725490196078434 0.41568627450980394 0.5294117647058824 1 0.37254901960784315 0.4549019607843137 0.5764705882352941 1 0.5176470588235295 0.6274509803921569 0.7843137254901961 1 0.49411764705882355 0.5882352941176471 0.7254901960784313 1 0.5882352941176471 0.6980392156862745 0.8588235294117647 1 0.6901960784313725 0.807843137254902 0.9803921568627451 1 0.5843137254901961 0.7098039215686275 0.8862745098039215 1 0.5019607843137255 0.615686274509804 0.7803921568627451 1 0.5411764705882353 0.6509803921568628 0.8117647058823529 1 0.6588235294117647 0.7764705882352941 0.9411764705882353 1 0.6666666666666666 0.7843137254901961 0.9490196078431372 1 0.6588235294117647 0.7803921568627451 0.9529411764705882 1 0.5176470588235295 0.6235294117647059 0.7725490196078432 1 0.3176470588235294 0.396078431372549 0.5058823529411764 1 0.2784313725490196 0.34509803921568627 0.4470588235294118 1 0.16862745098039217 0.2235294117647059 0.30196078431372547 1 0.2823529411764706 0.34901960784313724 0.4470588235294118 1 0.5843137254901961 0.6980392156862745 0.8588235294117647 1 0.5176470588235295 0.6196078431372549 0.7686274509803922 1 0.6274509803921569 0.7529411764705882 0.9294117647058824 1 0.5411764705882353 0.6666666666666666 0.8470588235294118 1 0.5137254901960784 0.6196078431372549 0.7686274509803922 1 0.4588235294117647 0.5529411764705883 0.6823529411764706 1 0.2 0.25882352941176473 0.3411764705882353 1 0.5450980392156862 0.6470588235294118 0.792156862745098 1 0.6705882352941176 0.792156862745098 0.9686274509803922 1 0.4823529411764706 0.5843137254901961 0.7294117647058823 1 0.3215686274509804 0.4 0.5098039215686274 1 0.2235294117647059 0.28627450980392155 0.3764705882352941 1 0.2901960784313726 0.3607843137254902 0.4627450980392157 1 0.6784313725490196 0.796078431372549 0.9647058823529412 1 0.5254901960784314 0.6313725490196078 0.7843137254901961 1 0.5372549019607843 0.6509803921568628 0.8117647058823529 1 0.5686274509803921 0.6862745098039216 0.8549019607843137 1 0.4745098039215686 0.5803921568627451 0.7294117647058823 1 0.2627450980392157 0.33725490196078434 0.44313725490196076 1 0.1843137254901961 0.24313725490196078 0.32941176470588235 1 0.4392156862745098 0.5254901960784314 0.6509803921568628 1 0.5843137254901961 0.6901960784313725 0.8431372549019608 1 0.7058823529411765 0.8235294117647058 0.996078431372549 1 0.5607843137254902 0.6666666666666666 0.8117647058823529 1 0.41568627450980394 0.4980392156862745 0.6196078431372549 1 0.32941176470588235 0.403921568627451 0.5098039215686274 1 0.5215686274509804 0.6235294117647059 0.7647058823529411 1 0.5686274509803921 0.6745098039215687 0.8274509803921568 1 0.5333333333333333 0.6431372549019608 0.8 1 0.6588235294117647 0.7803921568627451 0.9568627450980393 1 0.6941176470588235 0.8156862745098039 0.9921568627450981 1 0.6784313725490196 0.8 0.9686274509803922 1 0.5607843137254902 0.6627450980392157 0.8117647058823529 1 0.4666666666666667 0.5568627450980392 0.6862745098039216 1 0.45098039215686275 0.5411764705882353 0.6666666666666666 1 0.5529411764705883 0.6549019607843137 0.803921568627451 1 0.611764705882353 0.7254901960784313 0.8823529411764706 1 0.4549019607843137 0.5490196078431373 0.6784313725490196 1 0.047058823529411764 0.08627450980392157 0.1411764705882353 1 0.2784313725490196 0.34901960784313724 0.4470588235294118 1 0.4823529411764706 0.5764705882352941 0.7137254901960784 1 0.5803921568627451 0.6862745098039216 0.8352941176470589 1 0.6470588235294118 0.7686274509803922 0.9450980392156862 1 0.5372549019607843 0.6549019607843137 0.8274509803921568 1 0.47058823529411764 0.592156862745098 0.7607843137254902 1 0.49019607843137253 0.611764705882353 0.7843137254901961 1 0.43529411764705883 0.5411764705882353 0.6941176470588235 1 0.27058823529411763 0.34509803921568627 0.45098039215686275 1 0.18823529411764706 0.24313725490196078 0.3254901960784314 1 0.47058823529411764 0.5607843137254902 0.6901960784313725 1 0.5882352941176471 0.6941176470588235 0.8470588235294118 1 0.7019607843137254 0.8235294117647058 0.9921568627450981 1 0.6235294117647059 0.7372549019607844 0.8941176470588236 1 0.42745098039215684 0.5176470588235295 0.6392156862745098 1 0.4196078431372549 0.5019607843137255 0.6235294117647059 1 0.4588235294117647 0.5490196078431373 0.6784313725490196 1 0.4 0.48627450980392156 0.611764705882353 1 0.5333333333333333 0.6588235294117647 0.8392156862745098 1 0.6745098039215687 0.792156862745098 0.9568627450980393 1 0.6941176470588235 0.8117647058823529 0.984313725490196 1 0.6274509803921569 0.7372549019607844 0.8941176470588236 1 0.5764705882352941 0.6823529411764706 0.8352941176470589 1 0.615686274509804 0.7294117647058823 0.8862745098039215 1 0.5803921568627451 0.6862745098039216 0.8392156862745098 1 0.4823529411764706 0.5764705882352941 0.7098039215686275 1 0.611764705882353 0.7215686274509804 0.8784313725490196 1 0.6 0.7254901960784313 0.9019607843137255 1 0.5137254901960784 0.6392156862745098 0.8196078431372549 1 0.42745098039215684 0.5568627450980392 0.7411764705882353 1 0.47058823529411764 0.6 0.7803921568627451 1 0.5411764705882353 0.6588235294117647 0.8274509803921568 1 0.5333333333333333 0.6431372549019608 0.796078431372549 1 0.5490196078431373 0.6549019607843137 0.803921568627451 1 0.6627450980392157 0.7803921568627451 0.9450980392156862 1 0.6901960784313725 0.807843137254902 0.9764705882352941 1 0.6549019607843137 0.7686274509803922 0.9333333333333333 1 0.6862745098039216 0.803921568627451 0.9764705882352941 1 0.7019607843137254 0.8196078431372549 0.9921568627450981 1 0.6823529411764706 0.8 0.9686274509803922 1 0.6941176470588235 0.8156862745098039 0.984313725490196 1 0.6823529411764706 0.803921568627451 0.9803921568627451 1</float_array>
                    <technique_common>
                        <accessor count="147" source="#colorarray7" stride="4">
                            <param name="R" type="float"/>
                            <param name="G" type="float"/>
                            <param name="B" type="float"/>
                            <param name="A" type="float"/>
                        </accessor>
                    </technique_common>
                </source>
                <vertices id="vertices7">
                    <input semantic="POSITION" source="#points7"/>
                </vertices>
                <polylist count="480" material="Material1">
                    <input offset="0" semantic="VERTEX" source="#vertices7"/>
                    <input offset="1" semantic="TEXCOORD" source="#uvs7" set="0"/>
                    <input offset="2" semantic="COLOR" source="#colors7" set="0"/>
                    <vcount>3 3 3 3 3 3 3 3 3 3 3 3 3 3 3 3 3 3 3 3 3 3 3 3 3 3 3 3 3 3 3 3 3 3 3 3 3 3 3 3 3 3 3 3 3 3 3 3 3 3 3 3 3 3 3 3 3 3 3 3 3 3 3 3 3 3 3 3 3 3 3 3 3 3 3 3 3 3 3 3 3 3 3 3 3 3 3 3 3 3 3 3 3 3 3 3 3 3 3 3 3 3 3 3 3 3 3 3 3 3 3 3 3 3 3 3 3 3 3 3 3 3 3 3 3 3 3 3 3 3 3 3 3 3 3 3 3 3 3 3 3 3 3 3 3 3 3 3 3 3 3 3 3 3 3 3 3 3 3 3 3 3 3 3 3 3 3 3 3 3 3 3 3 3 3 3 3 3 3 3 3 3 3 3 3 3 3 3 3 3 3 3 3 3 3 3 3 3 3 3 3 3 3 3 3 3 3 3 3 3 3 3 3 3 3 3 3 3 3 3 3 3 3 3 3 3 3 3 3 3 3 3 3 3 3 3 3 3 3 3 3 3 3 3 3 3 3 3 3 3 3 3 3 3 3 3 3 3 3 3 3 3 3 3 3 3 3 3 3 3 3 3 3 3 3 3 3 3 3 3 3 3 3 3 3 3 3 3 3 3 3 3 3 3 3 3 3 3 3 3 3 3 3 3 3 3 3 3 3 3 3 3 3 3 3 3 3 3 3 3 3 3 3 3 3 3 3 3 3 3 3 3 3 3 3 3 3 3 3 3 3 3 3 3 3 3 3 3 3 3 3 3 3 3 3 3 3 3 3 3 3 3 3 3 3 3 3 3 3 3 3 3 3 3 3 3 3 3 3 3 3 3 3 3 3 3 3 3 3 3 3 3 3 3 3 3 3 3 3 3 3 3 3 3 3 3 3 3 3 3 3 3 3 3 3 3 3 3 3 3 3 3 3 3 3 3 3 3 3 3 3 3 3 3 3 3 3 3 3 3 3 3 3 3 3 3 3 3 3 3 3 3 3 3 3 3 3 3 3 3 3 3 3 3 3 3 3 3 3 3 3 3 3 3 3 3 3 3 3 3</vcount>
                    <p>2 2 0 1 1 1 0 0 0 3 3 2 1 1 1 2 2 0 4 4 0 3 3 2 2 2 0 5 5 2 3 3 2 4 4 0 6 6 0 5 5 2 4 4 0 7 7 2 5 5 2 6 6 0 8 8 0 7 7 2 6 6 0 9 9 2 7 7 2 8 8 0 10 10 0 9 9 2 8 8 0 11 11 2 9 9 2 10 10 0 12 12 0 11 11 2 10 10 0 13 13 2 11 11 2 12 12 0 14 14 0 13 13 2 12 12 0 15 15 2 13 13 2 14 14 0 16 16 0 15 15 2 14 14 0 17 17 2 15 15 2 16 16 0 18 18 0 17 17 2 16 16 0 19 19 2 17 17 2 18 18 0 20 20 0 19 19 2 18 18 0 21 21 2 19 19 2 20 20 0 22 22 0 21 21 2 20 20 0 23 23 2 21 21 2 22 22 0 24 24 0 23 23 2 22 22 0 25 25 2 23 23 2 24 24 0 26 26 0 25 25 2 24 24 0 27 27 2 25 25 2 26 26 0 28 28 0 27 27 2 26 26 0 29 29 2 27 27 2 28 28 0 30 30 0 29 29 2 28 28 0 31 31 2 29 29 2 30 30 0 32 32 0 31 31 2 30 30 0 33 33 2 31 31 2 32 32 0 34 34 0 33 33 2 32 32 0 35 35 3 33 33 2 34 34 0 36 36 0 35 35 3 34 34 0 37 37 2 35 35 3 36 36 0 38 38 0 37 37 2 36 36 0 39 39 4 37 37 2 38 38 0 40 40 0 39 39 4 38 38 0 41 41 4 39 39 4 40 40 0 42 42 0 41 41 4 40 40 0 43 43 2 41 41 4 42 42 0 44 44 0 43 43 2 42 42 0 45 45 2 43 43 2 44 44 0 46 46 0 45 45 2 44 44 0 47 47 2 45 45 2 46 46 0 48 48 0 47 47 2 46 46 0 49 49 2 47 47 2 48 48 0 50 50 0 49 49 2 48 48 0 51 51 2 49 49 2 50 50 0 52 52 0 51 51 2 50 50 0 53 53 2 51 51 2 52 52 0 54 54 0 53 53 2 52 52 0 55 55 2 53 53 2 54 54 0 56 56 0 55 55 2 54 54 0 57 57 2 55 55 2 56 56 0 58 58 0 57 57 2 56 56 0 59 59 2 57 57 2 58 58 0 60 60 0 59 59 2 58 58 0 61 61 2 59 59 2 60 60 0 62 62 0 61 61 2 60 60 0 63 63 2 61 61 2 62 62 0 0 0 0 63 63 2 62 62 0 1 1 1 63 63 2 0 0 0 3 3 2 64 64 5 1 1 1 65 65 6 64 64 5 3 3 2 5 5 2 65 65 6 3 3 2 66 66 7 65 65 6 5 5 2 7 7 2 66 66 7 5 5 2 67 67 8 66 66 7 7 7 2 9 9 2 67 67 8 7 7 2 68 68 9 67 67 8 9 9 2 11 11 2 68 68 9 9 9 2 69 69 9 68 68 9 11 11 2 13 13 2 69 69 9 11 11 2 70 70 9 69 69 9 13 13 2 15 15 2 70 70 9 13 13 2 71 71 9 70 70 9 15 15 2 17 17 2 71 71 9 15 15 2 72 72 10 71 71 9 17 17 2 19 19 2 72 72 10 17 17 2 73 73 11 72 72 10 19 19 2 21 21 2 73 73 11 19 19 2 74 74 12 73 73 11 21 21 2 23 23 2 74 74 12 21 21 2 75 75 13 74 74 12 23 23 2 25 25 2 75 75 13 23 23 2 76 76 14 75 75 13 25 25 2 27 27 2 76 76 14 25 25 2 77 77 15 76 76 14 27 27 2 29 29 2 77 77 15 27 27 2 78 78 16 77 77 15 29 29 2 31 31 2 78 78 16 29 29 2 79 79 17 78 78 16 31 31 2 33 33 2 79 79 17 31 31 2 80 80 18 79 79 17 33 33 2 35 35 3 80 80 18 33 33 2 81 81 9 80 80 18 35 35 3 37 37 2 81 81 9 35 35 3 82 82 19 81 81 9 37 37 2 39 39 4 82 82 19 37 37 2 83 83 20 82 82 19 39 39 4 41 41 4 83 83 20 39 39 4 84 84 21 83 83 20 41 41 4 43 43 2 84 84 21 41 41 4 85 85 22 84 84 21 43 43 2 45 45 2 85 85 22 43 43 2 86 86 23 85 85 22 45 45 2 47 47 2 86 86 23 45 45 2 87 87 24 86 86 23 47 47 2 49 49 2 87 87 24 47 47 2 88 88 25 87 87 24 49 49 2 51 51 2 88 88 25 49 49 2 89 89 9 88 88 25 51 51 2 53 53 2 89 89 9 51 51 2 90 90 9 89 89 9 53 53 2 55 55 2 90 90 9 53 53 2 91 91 26 90 90 9 55 55 2 57 57 2 91 91 26 55 55 2 92 92 27 91 91 26 57 57 2 59 59 2 92 92 27 57 57 2 93 93 28 92 92 27 59 59 2 61 61 2 93 93 28 59 59 2 94 94 29 93 93 28 61 61 2 63 63 2 94 94 29 61 61 2 95 95 30 94 94 29 63 63 2 1 1 1 95 95 30 63 63 2 64 64 5 95 95 30 1 1 1 65 65 6 96 96 31 64 64 5 97 97 32 96 96 31 65 65 6 66 66 7 97 97 32 65 65 6 98 98 9 97 97 32 66 66 7 67 67 8 98 98 9 66 66 7 99 99 9 98 98 9 67 67 8 68 68 9 99 99 9 67 67 8 100 100 33 99 99 9 68 68 9 69 69 9 100 100 33 68 68 9 101 101 29 100 100 33 69 69 9 70 70 9 101 101 29 69 69 9 102 102 9 101 101 29 70 70 9 71 71 9 102 102 9 70 70 9 103 103 9 102 102 9 71 71 9 72 72 10 103 103 9 71 71 9 104 104 9 103 103 9 72 72 10 73 73 11 104 104 9 72 72 10 105 105 10 104 104 9 73 73 11 74 74 12 105 105 10 73 73 11 106 106 34 105 105 10 74 74 12 75 75 13 106 106 34 74 74 12 107 107 35 106 106 34 75 75 13 76 76 14 107 107 35 75 75 13 108 108 36 107 107 35 76 76 14 77 77 15 108 108 36 76 76 14 109 109 37 108 108 36 77 77 15 78 78 16 109 109 37 77 77 15 110 110 4 109 109 37 78 78 16 79 79 17 110 110 4 78 78 16 111 111 38 110 110 4 79 79 17 80 80 18 111 111 38 79 79 17 112 112 39 111 111 38 80 80 18 81 81 9 112 112 39 80 80 18 113 113 9 112 112 39 81 81 9 82 82 19 113 113 9 81 81 9 114 114 9 113 113 9 82 82 19 83 83 20 114 114 9 82 82 19 115 115 40 114 114 9 83 83 20 84 84 21 115 115 40 83 83 20 116 116 41 115 115 40 84 84 21 85 85 22 116 116 41 84 84 21 117 117 42 116 116 41 85 85 22 86 86 23 117 117 42 85 85 22 118 118 43 117 117 42 86 86 23 87 87 24 118 118 43 86 86 23 119 119 44 118 118 43 87 87 24 88 88 25 119 119 44 87 87 24 120 120 45 119 119 44 88 88 25 89 89 9 120 120 45 88 88 25 121 121 46 120 120 45 89 89 9 90 90 9 121 121 46 89 89 9 122 122 47 121 121 46 90 90 9 91 91 26 122 122 47 90 90 9 123 123 48 122 122 47 91 91 26 92 92 27 123 123 48 91 91 26 124 124 49 123 123 48 92 92 27 93 93 28 124 124 49 92 92 27 125 125 50 124 124 49 93 93 28 94 94 29 125 125 50 93 93 28 126 126 51 125 125 50 94 94 29 95 95 30 126 126 51 94 94 29 127 127 35 126 126 51 95 95 30 64 64 5 127 127 35 95 95 30 96 96 31 127 127 35 64 64 5 97 97 32 128 128 52 96 96 31 129 129 53 128 128 52 97 97 32 98 98 9 129 129 53 97 97 32 130 130 54 129 129 53 98 98 9 99 99 9 130 130 54 98 98 9 131 131 9 130 130 54 99 99 9 100 100 33 131 131 9 99 99 9 132 132 55 131 131 9 100 100 33 101 101 29 132 132 55 100 100 33 133 133 56 132 132 55 101 101 29 102 102 9 133 133 56 101 101 29 134 134 57 133 133 56 102 102 9 103 103 9 134 134 57 102 102 9 135 135 58 134 134 57 103 103 9 104 104 9 135 135 58 103 103 9 136 136 59 135 135 58 104 104 9 105 105 10 136 136 59 104 104 9 137 137 60 136 136 59 105 105 10 106 106 34 137 137 60 105 105 10 138 138 61 137 137 60 106 106 34 107 107 35 138 138 61 106 106 34 139 139 62 138 138 61 107 107 35 108 108 36 139 139 62 107 107 35 140 140 63 139 139 62 108 108 36 109 109 37 140 140 63 108 108 36 141 141 64 140 140 63 109 109 37 110 110 4 141 141 64 109 109 37 142 142 65 141 141 64 110 110 4 111 111 38 142 142 65 110 110 4 143 143 66 142 142 65 111 111 38 112 112 39 143 143 66 111 111 38 144 144 9 143 143 66 112 112 39 113 113 9 144 144 9 112 112 39 145 145 67 144 144 9 113 113 9 114 114 9 145 145 67 113 113 9 146 146 68 145 145 67 114 114 9 115 115 40 146 146 68 114 114 9 147 147 69 146 146 68 115 115 40 116 116 41 147 147 69 115 115 40 148 148 70 147 147 69 116 116 41 117 117 42 148 148 70 116 116 41 149 149 71 148 148 70 117 117 42 118 118 43 149 149 71 117 117 42 150 150 72 149 149 71 118 118 43 119 119 44 150 150 72 118 118 43 151 151 43 150 150 72 119 119 44 120 120 45 151 151 43 119 119 44 152 152 73 151 151 43 120 120 45 121 121 46 152 152 73 120 120 45 153 153 74 152 152 73 121 121 46 122 122 47 153 153 74 121 121 46 154 154 75 153 153 74 122 122 47 123 123 48 154 154 75 122 122 47 155 155 76 154 154 75 123 123 48 124 124 49 155 155 76 123 123 48 156 156 4 155 155 76 124 124 49 125 125 50 156 156 4 124 124 49 157 157 77 156 156 4 125 125 50 126 126 51 157 157 77 125 125 50 158 158 42 157 157 77 126 126 51 127 127 35 158 158 42 126 126 51 159 159 78 158 158 42 127 127 35 96 96 31 159 159 78 127 127 35 128 128 52 159 159 78 96 96 31 129 129 53 160 160 79 128 128 52 161 161 80 160 160 79 129 129 53 130 130 54 161 161 80 129 129 53 162 162 81 161 161 80 130 130 54 131 131 9 162 162 81 130 130 54 163 163 82 162 162 81 131 131 9 132 132 55 163 163 82 131 131 9 164 164 83 163 163 82 132 132 55 133 133 56 164 164 83 132 132 55 165 165 84 164 164 83 133 133 56 134 134 57 165 165 84 133 133 56 166 166 85 165 165 84 134 134 57 135 135 58 166 166 85 134 134 57 167 167 86 166 166 85 135 135 58 136 136 59 167 167 86 135 135 58 168 168 87 167 167 86 136 136 59 137 137 60 168 168 87 136 136 59 169 169 9 168 168 87 137 137 60 138 138 61 169 169 9 137 137 60 170 170 9 169 169 9 138 138 61 139 139 62 170 170 9 138 138 61 171 171 88 170 170 9 139 139 62 140 140 63 171 171 88 139 139 62 172 172 89 171 171 88 140 140 63 141 141 64 172 172 89 140 140 63 173 173 90 172 172 89 141 141 64 142 142 65 173 173 90 141 141 64 174 174 91 173 173 90 142 142 65 143 143 66 174 174 91 142 142 65 175 175 92 174 174 91 143 143 66 144 144 9 175 175 92 143 143 66 176 176 93 175 175 92 144 144 9 145 145 67 176 176 93 144 144 9 177 177 94 176 176 93 145 145 67 146 146 68 177 177 94 145 145 67 178 178 95 177 177 94 146 146 68 147 147 69 178 178 95 146 146 68 179 179 96 178 178 95 147 147 69 148 148 70 179 179 96 147 147 69 180 180 97 179 179 96 148 148 70 149 149 71 180 180 97 148 148 70 181 181 98 180 180 97 149 149 71 150 150 72 181 181 98 149 149 71 182 182 99 181 181 98 150 150 72 151 151 43 182 182 99 150 150 72 183 183 100 182 182 99 151 151 43 152 152 73 183 183 100 151 151 43 184 184 101 183 183 100 152 152 73 153 153 74 184 184 101 152 152 73 185 185 102 184 184 101 153 153 74 154 154 75 185 185 102 153 153 74 186 186 103 185 185 102 154 154 75 155 155 76 186 186 103 154 154 75 187 187 4 186 186 103 155 155 76 156 156 4 187 187 4 155 155 76 188 188 104 187 187 4 156 156 4 157 157 77 188 188 104 156 156 4 189 189 105 188 188 104 157 157 77 158 158 42 189 189 105 157 157 77 190 190 106 189 189 105 158 158 42 159 159 78 190 190 106 158 158 42 191 191 107 190 190 106 159 159 78 128 128 52 191 191 107 159 159 78 160 160 79 191 191 107 128 128 52 161 161 80 192 192 108 160 160 79 193 193 109 192 192 108 161 161 80 162 162 81 193 193 109 161 161 80 194 194 110 193 193 109 162 162 81 163 163 82 194 194 110 162 162 81 195 195 111 194 194 110 163 163 82 164 164 83 195 195 111 163 163 82 196 196 112 195 195 111 164 164 83 165 165 84 196 196 112 164 164 83 197 197 113 196 196 112 165 165 84 166 166 85 197 197 113 165 165 84 198 198 114 197 197 113 166 166 85 167 167 86 198 198 114 166 166 85 199 199 115 198 198 114 167 167 86 168 168 87 199 199 115 167 167 86 200 200 116 199 199 115 168 168 87 169 169 9 200 200 116 168 168 87 201 201 9 200 200 116 169 169 9 170 170 9 201 201 9 169 169 9 202 202 9 201 201 9 170 170 9 171 171 88 202 202 9 170 170 9 203 203 117 202 202 9 171 171 88 172 172 89 203 203 117 171 171 88 204 204 118 203 203 117 172 172 89 173 173 90 204 204 118 172 172 89 205 205 119 204 204 118 173 173 90 174 174 91 205 205 119 173 173 90 206 206 120 205 205 119 174 174 91 175 175 92 206 206 120 174 174 91 207 207 121 206 206 120 175 175 92 176 176 93 207 207 121 175 175 92 208 208 122 207 207 121 176 176 93 177 177 94 208 208 122 176 176 93 209 209 123 208 208 122 177 177 94 178 178 95 209 209 123 177 177 94 210 210 9 209 209 123 178 178 95 179 179 96 210 210 9 178 178 95 211 211 9 210 210 9 179 179 96 180 180 97 211 211 9 179 179 96 212 212 9 211 211 9 180 180 97 181 181 98 212 212 9 180 180 97 213 213 124 212 212 9 181 181 98 182 182 99 213 213 124 181 181 98 214 214 125 213 213 124 182 182 99 183 183 100 214 214 125 182 182 99 215 215 126 214 214 125 183 183 100 184 184 101 215 215 126 183 183 100 216 216 127 215 215 126 184 184 101 185 185 102 216 216 127 184 184 101 217 217 128 216 216 127 185 185 102 186 186 103 217 217 128 185 185 102 218 218 129 217 217 128 186 186 103 187 187 4 218 218 129 186 186 103 219 219 130 218 218 129 187 187 4 188 188 104 219 219 130 187 187 4 220 220 52 219 219 130 188 188 104 189 189 105 220 220 52 188 188 104 221 221 131 220 220 52 189 189 105 190 190 106 221 221 131 189 189 105 222 222 9 221 221 131 190 190 106 191 191 107 222 222 9 190 190 106 223 223 25 222 222 9 191 191 107 160 160 79 223 223 25 191 191 107 192 192 108 223 223 25 160 160 79 193 193 109 224 224 132 192 192 108 225 225 133 224 224 132 193 193 109 194 194 110 225 225 133 193 193 109 226 226 134 225 225 133 194 194 110 195 195 111 226 226 134 194 194 110 227 227 135 226 226 134 195 195 111 196 196 112 227 227 135 195 195 111 228 228 136 227 227 135 196 196 112 197 197 113 228 228 136 196 196 112 229 229 137 228 228 136 197 197 113 198 198 114 229 229 137 197 197 113 230 230 138 229 229 137 198 198 114 199 199 115 230 230 138 198 198 114 231 231 139 230 230 138 199 199 115 200 200 116 231 231 139 199 199 115 232 232 88 231 231 139 200 200 116 201 201 9 232 232 88 200 200 116 233 233 9 232 232 88 201 201 9 202 202 9 233 233 9 201 201 9 234 234 9 233 233 9 202 202 9 203 203 117 234 234 9 202 202 9 235 235 7 234 234 9 203 203 117 204 204 118 235 235 7 203 203 117 236 236 140 235 235 7 204 204 118 205 205 119 236 236 140 204 204 118 237 237 141 236 236 140 205 205 119 206 206 120 237 237 141 205 205 119 238 238 142 237 237 141 206 206 120 207 207 121 238 238 142 206 206 120 239 239 9 238 238 142 207 207 121 208 208 122 239 239 9 207 207 121 240 240 9 239 239 9 208 208 122 209 209 123 240 240 9 208 208 122 241 241 9 240 240 9 209 209 123 210 210 9 241 241 9 209 209 123 242 242 9 241 241 9 210 210 9 211 211 9 242 242 9 210 210 9 243 243 9 242 242 9 211 211 9 212 212 9 243 243 9 211 211 9 244 244 9 243 243 9 212 212 9 213 213 124 244 244 9 212 212 9 245 245 9 244 244 9 213 213 124 214 214 125 245 245 9 213 213 124 246 246 143 245 245 9 214 214 125 215 215 126 246 246 143 214 214 125 247 247 144 246 246 143 215 215 126 216 216 127 247 247 144 215 215 126 248 248 141 247 247 144 216 216 127 217 217 128 248 248 141 216 216 127 249 249 145 248 248 141 217 217 128 218 218 129 249 249 145 217 217 128 250 250 7 249 249 145 218 218 129 219 219 130 250 250 7 218 218 129 251 251 9 250 250 7 219 219 130 220 220 52 251 251 9 219 219 130 252 252 9 251 251 9 220 220 52 221 221 131 252 252 9 220 220 52 253 253 9 252 252 9 221 221 131 222 222 9 253 253 9 221 221 131 254 254 7 253 253 9 222 222 9 223 223 25 254 254 7 222 222 9 255 255 146 254 254 7 223 223 25 192 192 108 255 255 146 223 223 25 224 224 132 255 255 146 192 192 108 256 256 25 224 224 132 225 225 133 255 255 146 224 224 132 256 256 25 254 254 7 255 255 146 256 256 25 226 226 134 256 256 25 225 225 133 227 227 135 256 256 25 226 226 134 228 228 136 256 256 25 227 227 135 229 229 137 256 256 25 228 228 136 230 230 138 256 256 25 229 229 137 231 231 139 256 256 25 230 230 138 232 232 88 256 256 25 231 231 139 233 233 9 256 256 25 232 232 88 234 234 9 256 256 25 233 233 9 235 235 7 256 256 25 234 234 9 236 236 140 256 256 25 235 235 7 237 237 141 256 256 25 236 236 140 238 238 142 256 256 25 237 237 141 239 239 9 256 256 25 238 238 142 240 240 9 256 256 25 239 239 9 241 241 9 256 256 25 240 240 9 242 242 9 256 256 25 241 241 9 243 243 9 256 256 25 242 242 9 244 244 9 256 256 25 243 243 9 245 245 9 256 256 25 244 244 9 246 246 143 256 256 25 245 245 9 247 247 144 256 256 25 246 246 143 248 248 141 256 256 25 247 247 144 249 249 145 256 256 25 248 248 141 250 250 7 256 256 25 249 249 145 251 251 9 256 256 25 250 250 7 252 252 9 256 256 25 251 251 9 253 253 9 256 256 25 252 252 9 254 254 7 256 256 25 253 253 9</p>
                </polylist>
            </mesh>
        </geometry>
        <geometry id="mesh8">
            <mesh>
                <source id="points8">
                    <float_array id="pointarray8" count="288">0.11760199815034866 65341.125 -785012.25 0.11759000271558762 26362.16796875 -785132.5 -153148.203125 65341.125 -769928.5 -153171.640625 26362.16796875 -770046.3125 -300411.125 65341.125 -725256.875 -300457.09375 26362.16796875 -725368 -436129.40625 65341.125 -652714.0625 -436196.21875 26362.16796875 -652813.875 -555087.5625 65341.125 -555087.6875 -555172.5 26362.16796875 -555172.625 -652714.0625 65341.125 -436129.625 -652813.875 26362.16796875 -436196.40625 -725256.875 65341.125 -300411.375 -725368 26362.16796875 -300457.3125 -769928.75 65341.125 -153148.421875 -770046.5625 26362.16796875 -153171.859375 -785012.4375 65341.125 -0.07375200092792511 -785132.625 26362.16796875 -0.07378699630498886 -769928.75 65341.125 153148.28125 -770046.5625 26362.16796875 153171.71875 -725256.9375 65341.125 300411.21875 -725368.0625 26362.16796875 300457.21875 -652714.1875 65341.125 436129.625 -652814.0625 26362.16796875 436196.3125 -555087.75 65341.125 555087.6875 -555172.75 26362.16796875 555172.625 -436129.625 65341.125 652714.1875 -436196.40625 26362.16796875 652814.0625 -300411.375 65341.125 725256.9375 -300457.3125 26362.16796875 725368.0625 -153148.40625 65341.125 769928.875 -153171.84375 26362.16796875 770046.75 -0.020820999518036842 65341.125 785012.5625 -0.020854000002145767 26362.16796875 785132.8125 153148.359375 65341.125 769928.875 153171.796875 26362.16796875 770046.75 300411.34375 65341.125 725257.125 300457.3125 26362.16796875 725368.1875 436129.65625 65341.125 652714.25 436196.5 26362.16796875 652814.125 555087.75 65341.125 555087.875 555172.75 26362.16796875 555172.875 652714.25 65341.125 436129.71875 652814.125 26362.173828125 436196.53125 725257.1875 65341.125 300411.4375 725368.25 26362.173828125 300457.4375 769929.125 65341.125 153148.4375 770046.9375 26362.16796875 153171.859375 785012.8125 65341.125 0.000024000000848900527 785133.0625 26362.16796875 0 769928.4375 65341.125 -153148.125 770046.25 26362.16796875 -153171.546875 725256.625 65341.125 -300411 725367.75 26362.16796875 -300456.96875 652713.9375 65341.125 -436129.3125 652813.8125 26362.16796875 -436196 555087.5625 65341.125 -555087.375 555172.5 26362.16796875 -555172.375 436129.5625 65341.125 -652713.8125 436196.28125 26362.16796875 -652813.6875 300411.3125 65341.125 -725256.5625 300457.28125 26362.16796875 -725367.625 153148.421875 65341.125 -769928.4375 153171.859375 26362.16796875 -770046.25 0.11421599984169006 -17190.234375 -780777.875 -152322.125 -17190.234375 -765775.625 -298790.6875 -17190.234375 -721344.9375 -433776.9375 -17190.234375 -649193.3125 -552093.4375 -17190.234375 -552093.5 -649193.25 -17190.234375 -433777.15625 -721344.9375 -17190.234375 -298790.9375 -765775.75 -17190.234375 -152322.359375 -780778.1875 -17190.234375 -0.07664400339126587 -765775.75 -17190.234375 152322.203125 -721345 -17190.234375 298790.8125 -649193.4375 -17190.234375 433777.0625 -552093.625 -17190.234375 552093.5 -433777.1875 -17190.234375 649193.4375 -298790.9375 -17190.234375 721345.125 -152322.328125 -17190.234375 765775.875 -0.02346000075340271 -17190.234375 780778.375 152322.28125 -17190.234375 765775.875 298790.9375 -17190.234375 721345.125 433777.25 -17190.234375 649193.5625 552093.6875 -17190.234375 552093.75 649193.5625 -17190.234375 433777.34375 721345.25 -17190.234375 298791.03125 765776.1875 -17190.234375 152322.34375 780778.625 -17190.234375 -0.0032659999560564756 765775.375 -17190.234375 -152322.046875 721344.75 -17190.234375 -298790.59375 649193.125 -17190.234375 -433776.875 552093.4375 -17190.234375 -552093.25 433777.0625 -17190.234375 -649193 298790.90625 -17190.234375 -721344.75 152322.34375 -17190.234375 -765775.5625</float_array>
                    <technique_common>
                        <accessor count="96" source="#pointarray8" stride="3">
                            <param name="X" type="float"/>
                            <param name="Y" type="float"/>
                            <param name="Z" type="float"/>
                        </accessor>
                    </technique_common>
                </source>
                <source id="uvs8">
                    <float_array id="uvarray8" count="198">7.0703125 1 7.0703125 0.3125 9.0703125 1 9.0703125 0.3125 11.0703125 1 11.0703125 0.3125 13.0703125 1 13.0703125 0.3125 15.0703125 1 15.0703125 0.3125 17.0703125 1 17.0703125 0.3125 19.0703125 1 19.0703125 0.3125 21.0703125 1 21.0703125 0.3125 23.0703125 1 23.0703125 0.3125 25.0703125 1.09765625 25.0703125 0.41015625 27.0703125 1.19921875 27.0703125 0.51171875 29.0703125 1.296875 29.0703125 0.609375 31.0703125 1.3984375 31.0703125 0.7109375 33.0703125 1.5 33.0703125 0.8125 35.0703125 1.59765625 35.0703125 0.91015625 37.0703125 1.69921875 37.0703125 1.0078125 39.0703125 1.69921875 39.0703125 1.0078125 41.0703125 1.69921875 41.0703125 1.0078125 43.0703125 1.59765625 43.0703125 0.91015625 45.0703125 1.5 45.0703125 0.8125 47.0703125 1.3984375 47.0703125 0.7109375 49.0703125 1.296875 49.0703125 0.609375 51.0703125 1.19921875 51.0703125 0.51171875 53.0703125 1.09765625 53.0703125 0.41015625 55.0703125 1 55.0703125 0.3125 57.0703125 1 57.0703125 0.3125 59.0703125 1 59.0703125 0.3125 61.0703125 1 61.0703125 0.3125 63.0703125 1 63.0703125 0.3125 65.0703125 1 65.0703125 0.3125 67.0703125 1 67.0703125 0.3125 69.0703125 1 69.0703125 0.3125 71.0703125 1 71.0703125 0.3125 7.0703125 0 9.0703125 0 11.0703125 0 13.0703125 0 15.0703125 0 17.0703125 0 19.0703125 0 21.0703125 0 23.0703125 0 25.0703125 0.1015625 27.0703125 0.2265625 29.0703125 0.32421875 31.0703125 0.42578125 33.0703125 0.52734375 35.0703125 0.625 37.0703125 0.7265625 39.0703125 0.7265625 41.0703125 0.7265625 43.0703125 0.625 45.0703125 0.52734375 47.0703125 0.42578125 49.0703125 0.32421875 51.0703125 0.2265625 53.0703125 0.1015625 55.0703125 0 57.0703125 0 59.0703125 0 61.0703125 0 63.0703125 0 65.0703125 0 67.0703125 0 69.0703125 0 71.0703125 0</float_array>
                    <technique_common>
                        <accessor count="1" source="#uvarray8" stride="2">
                            <param name="S" type="float"/>
                            <param name="T" type="float"/>
                        </accessor>
                    </technique_common>
                </source>
                <source id="colors8">
                    <float_array id="colorarray8" count="8">0 0 0 1 1 1 1 1</float_array>
                    <technique_common>
                        <accessor count="2" source="#colorarray8" stride="4">
                            <param name="R" type="float"/>
                            <param name="G" type="float"/>
                            <param name="B" type="float"/>
                            <param name="A" type="float"/>
                        </accessor>
                    </technique_common>
                </source>
                <vertices id="vertices8">
                    <input semantic="POSITION" source="#points8"/>
                </vertices>
                <polylist count="128" material="Material1">
                    <input offset="0" semantic="VERTEX" source="#vertices8"/>
                    <input offset="1" semantic="TEXCOORD" source="#uvs8" set="0"/>
                    <input offset="2" semantic="COLOR" source="#colors8" set="0"/>
                    <vcount>3 3 3 3 3 3 3 3 3 3 3 3 3 3 3 3 3 3 3 3 3 3 3 3 3 3 3 3 3 3 3 3 3 3 3 3 3 3 3 3 3 3 3 3 3 3 3 3 3 3 3 3 3 3 3 3 3 3 3 3 3 3 3 3 3 3 3 3 3 3 3 3 3 3 3 3 3 3 3 3 3 3 3 3 3 3 3 3 3 3 3 3 3 3 3 3 3 3 3 3 3 3 3 3 3 3 3 3 3 3 3 3 3 3 3 3 3 3 3 3 3 3 3 3 3 3 3 3</vcount>
                    <p>2 2 0 1 1 1 0 0 0 3 3 1 1 1 1 2 2 0 4 4 0 3 3 1 2 2 0 5 5 1 3 3 1 4 4 0 6 6 0 5 5 1 4 4 0 7 7 1 5 5 1 6 6 0 8 8 0 7 7 1 6 6 0 9 9 1 7 7 1 8 8 0 10 10 0 9 9 1 8 8 0 11 11 1 9 9 1 10 10 0 12 12 0 11 11 1 10 10 0 13 13 1 11 11 1 12 12 0 14 14 0 13 13 1 12 12 0 15 15 1 13 13 1 14 14 0 16 16 0 15 15 1 14 14 0 17 17 1 15 15 1 16 16 0 18 18 0 17 17 1 16 16 0 19 19 1 17 17 1 18 18 0 20 20 0 19 19 1 18 18 0 21 21 1 19 19 1 20 20 0 22 22 0 21 21 1 20 20 0 23 23 1 21 21 1 22 22 0 24 24 0 23 23 1 22 22 0 25 25 1 23 23 1 24 24 0 26 26 0 25 25 1 24 24 0 27 27 1 25 25 1 26 26 0 28 28 0 27 27 1 26 26 0 29 29 1 27 27 1 28 28 0 30 30 0 29 29 1 28 28 0 31 31 1 29 29 1 30 30 0 32 32 0 31 31 1 30 30 0 33 33 1 31 31 1 32 32 0 34 34 0 33 33 1 32 32 0 35 35 1 33 33 1 34 34 0 36 36 0 35 35 1 34 34 0 37 37 1 35 35 1 36 36 0 38 38 0 37 37 1 36 36 0 39 39 1 37 37 1 38 38 0 40 40 0 39 39 1 38 38 0 41 41 1 39 39 1 40 40 0 42 42 0 41 41 1 40 40 0 43 43 1 41 41 1 42 42 0 44 44 0 43 43 1 42 42 0 45 45 1 43 43 1 44 44 0 46 46 0 45 45 1 44 44 0 47 47 1 45 45 1 46 46 0 48 48 0 47 47 1 46 46 0 49 49 1 47 47 1 48 48 0 50 50 0 49 49 1 48 48 0 51 51 1 49 49 1 50 50 0 52 52 0 51 51 1 50 50 0 53 53 1 51 51 1 52 52 0 54 54 0 53 53 1 52 52 0 55 55 1 53 53 1 54 54 0 56 56 0 55 55 1 54 54 0 57 57 1 55 55 1 56 56 0 58 58 0 57 57 1 56 56 0 59 59 1 57 57 1 58 58 0 60 60 0 59 59 1 58 58 0 61 61 1 59 59 1 60 60 0 62 62 0 61 61 1 60 60 0 63 63 1 61 61 1 62 62 0 0 64 0 63 63 1 62 62 0 1 65 1 63 63 1 0 64 0 3 3 1 64 66 1 1 1 1 65 67 1 64 66 1 3 3 1 5 5 1 65 67 1 3 3 1 66 68 1 65 67 1 5 5 1 7 7 1 66 68 1 5 5 1 67 69 1 66 68 1 7 7 1 9 9 1 67 69 1 7 7 1 68 70 1 67 69 1 9 9 1 11 11 1 68 70 1 9 9 1 69 71 1 68 70 1 11 11 1 13 13 1 69 71 1 11 11 1 70 72 1 69 71 1 13 13 1 15 15 1 70 72 1 13 13 1 71 73 1 70 72 1 15 15 1 17 17 1 71 73 1 15 15 1 72 74 1 71 73 1 17 17 1 19 19 1 72 74 1 17 17 1 73 75 1 72 74 1 19 19 1 21 21 1 73 75 1 19 19 1 74 76 1 73 75 1 21 21 1 23 23 1 74 76 1 21 21 1 75 77 1 74 76 1 23 23 1 25 25 1 75 77 1 23 23 1 76 78 1 75 77 1 25 25 1 27 27 1 76 78 1 25 25 1 77 79 1 76 78 1 27 27 1 29 29 1 77 79 1 27 27 1 78 80 1 77 79 1 29 29 1 31 31 1 78 80 1 29 29 1 79 81 1 78 80 1 31 31 1 33 33 1 79 81 1 31 31 1 80 82 1 79 81 1 33 33 1 35 35 1 80 82 1 33 33 1 81 83 1 80 82 1 35 35 1 37 37 1 81 83 1 35 35 1 82 84 1 81 83 1 37 37 1 39 39 1 82 84 1 37 37 1 83 85 1 82 84 1 39 39 1 41 41 1 83 85 1 39 39 1 84 86 1 83 85 1 41 41 1 43 43 1 84 86 1 41 41 1 85 87 1 84 86 1 43 43 1 45 45 1 85 87 1 43 43 1 86 88 1 85 87 1 45 45 1 47 47 1 86 88 1 45 45 1 87 89 1 86 88 1 47 47 1 49 49 1 87 89 1 47 47 1 88 90 1 87 89 1 49 49 1 51 51 1 88 90 1 49 49 1 89 91 1 88 90 1 51 51 1 53 53 1 89 91 1 51 51 1 90 92 1 89 91 1 53 53 1 55 55 1 90 92 1 53 53 1 91 93 1 90 92 1 55 55 1 57 57 1 91 93 1 55 55 1 92 94 1 91 93 1 57 57 1 59 59 1 92 94 1 57 57 1 93 95 1 92 94 1 59 59 1 61 61 1 93 95 1 59 59 1 94 96 1 93 95 1 61 61 1 63 63 1 94 96 1 61 61 1 95 97 1 94 96 1 63 63 1 1 65 1 95 97 1 63 63 1 64 98 1 95 97 1 1 65 1</p>
                </polylist>
            </mesh>
        </geometry>
    </library_geometries>
    <library_controllers>
        <controller id="controller0">
            <skin source="#mesh0">
                <bind_shape_matrix>1 0 0 0 0 1 0 0 0 0 1 0 0 0 0 1</bind_shape_matrix>
                <source id="joints0">
                    <Name_array id="JointArr0" count="9">jointnode-1 jointnode0 jointnode1 jointnode2 jointnode3 jointnode4 jointnode5 jointnode6 jointnode7</Name_array>
                    <technique_common>
                        <accessor source="#JointArr0" count="9">
                            <param name="JOINT" type="Name" />
                        </accessor>
                    </technique_common>
                </source>
                <source id="matrices0">
                    <float_array id="MatArr0" count="144">1 0 0 0 0 1 0 0 0 0 1 0 0 0 0 1 1 0 0 0 0 1 0 0 0 0 1 0 0 0 0 1 0.8959115719202327 0.35322292883640144 0.26939936496519834 22517.358693051403 0.2767377645846086 -0.9181637177086227 0.2835341198801197 161055.56929459647 0.34750347473389587 -0.17946852099383556 -0.9203436233386709 -6974.665345512153 0 0 0 1 0.8959115719202327 0.35322292883640144 0.26939936496519834 22517.358693051403 0.2767377645846086 -0.9181637177086227 0.2835341198801197 161055.56929459647 0.34750347473389587 -0.17946852099383556 -0.9203436233386709 -6974.665345512153 0 0 0 1 0.8959115719202327 0.35322292883640144 0.26939936496519834 -495525.2975569487 0.2767377645846086 -0.9181637177086227 0.2835341198801197 161055.56929559648 0.34750347473389587 -0.17946852099383556 -0.9203436233386709 -484654.35284551216 0 0 0 1 0.8959115719202327 0.35322292883640144 0.26939936496519834 -484575.29755694856 0.2767377645846086 -0.9181637177086227 0.2835341198801197 161055.5692945965 0.34750347473389587 -0.17946852099383556 -0.9203436233386709 -497638.35284551216 0 0 0 1 0.8959115719202327 0.35322292883640144 0.26939936496519834 16474.639943051443 0.2767377645846086 -0.9181637177086227 0.2835341198801197 161055.5692945965 0.34750347473389587 -0.17946852099383556 -0.9203436233386709 -1289.0090955121334 0 0 0 1 0.8959115719202327 0.35322292883640144 0.26939936496519834 16474.639943051443 0.2767377645846086 -0.9181637177086227 0.2835341198801197 161055.5692945965 0.34750347473389587 -0.17946852099383556 -0.9203436233386709 -1289.0090955121334 0 0 0 1 1 0 0 0 0 1 0 0 0 0 1 0 0 0 0 1</float_array>
                    <technique_common>
                        <accessor source="#MatArr0" count="9" stride="16">
                            <param type="float4x4" />
                        </accessor>
                    </technique_common>
                </source>
                <source id="weights0">
                    <float_array id="WeightArr0" count="1">1</float_array>
                    <technique_common>
                        <accessor source="#WeightArr0" count="1">
                            <param type="float" />
                        </accessor>
                    </technique_common>
                </source>
                <joints>
                    <input semantic="JOINT" source="#joints0" />
                    <input semantic="INV_BIND_MATRIX" source="#matrices0" />
                </joints>
                <vertex_weights count="221">
                    <input semantic="JOINT" offset="0" source="#joints0" />
                    <input semantic="WEIGHT" offset="1" source="#weights0" />
                    <vcount>1 1 1 1 1 1 1 1 1 1 1 1 1 1 1 1 1 1 1 1 1 1 1 1 1 1 1 1 1 1 1 1 1 1 1 1 1 1 1 1 1 1 1 1 1 1 1 1 1 1 1 1 1 1 1 1 1 1 1 1 1 1 1 1 1 1 1 1 1 1 1 1 1 1 1 1 1 1 1 1 1 1 1 1 1 1 1 1 1 1 1 1 1 1 1 1 1 1 1 1 1 1 1 1 1 1 1 1 1 1 1 1 1 1 1 1 1 1 1 1 1 1 1 1 1 1 1 1 1 1 1 1 1 1 1 1 1 1 1 1 1 1 1 1 1 1 1 1 1 1 1 1 1 1 1 1 1 1 1 1 1 1 1 1 1 1 1 1 1 1 1 1 1 1 1 1 1 1 1 1 1 1 1 1 1 1 1 1 1 1 1 1 1 1 1 1 1 1 1 1 1 1 1 1 1 1 1 1 1 1 1 1 1 1 1 1 1 1 1 1 1</vcount>
                    <v>3 0 3 0 3 0 3 0 3 0 3 0 3 0 3 0 3 0 3 0 3 0 3 0 3 0 3 0 3 0 3 0 3 0 3 0 3 0 3 0 3 0 3 0 3 0 3 0 3 0 3 0 3 0 3 0 3 0 3 0 3 0 3 0 3 0 3 0 3 0 3 0 3 0 3 0 3 0 3 0 3 0 3 0 3 0 3 0 3 0 3 0 3 0 3 0 3 0 3 0 3 0 3 0 3 0 3 0 3 0 3 0 3 0 3 0 3 0 3 0 3 0 3 0 3 0 3 0 3 0 3 0 3 0 3 0 3 0 3 0 3 0 3 0 3 0 3 0 3 0 3 0 3 0 3 0 3 0 3 0 3 0 3 0 3 0 3 0 3 0 3 0 3 0 3 0 3 0 3 0 3 0 3 0 3 0 3 0 3 0 3 0 3 0 3 0 3 0 3 0 3 0 3 0 3 0 3 0 3 0 3 0 3 0 3 0 3 0 3 0 3 0 3 0 3 0 3 0 3 0 3 0 3 0 3 0 3 0 3 0 3 0 3 0 3 0 3 0 3 0 3 0 3 0 3 0 3 0 3 0 3 0 3 0 3 0 3 0 3 0 3 0 3 0 3 0 3 0 3 0 3 0 3 0 3 0 3 0 3 0 3 0 3 0 3 0 3 0 3 0 3 0 3 0 3 0 3 0 3 0 3 0 3 0 3 0 3 0 3 0 3 0 3 0 3 0 3 0 3 0 3 0 3 0 3 0 3 0 3 0 3 0 3 0 3 0 3 0 3 0 3 0 3 0 3 0 3 0 3 0 3 0 3 0 3 0 3 0 3 0 3 0 3 0 3 0 3 0 3 0 3 0 3 0 3 0 3 0 3 0 3 0 3 0 3 0 3 0 3 0 3 0 3 0 3 0 3 0 3 0 3 0 3 0 3 0 3 0 3 0 3 0 3 0 3 0 3 0 3 0 3 0 3 0 3 0 3 0 3 0 3 0</v>
                </vertex_weights>
            </skin>
        </controller>
        <controller id="controller1">
            <skin source="#mesh1">
                <bind_shape_matrix>1 0 0 0 0 1 0 0 0 0 1 0 0 0 0 1</bind_shape_matrix>
                <source id="joints1">
                    <Name_array id="JointArr1" count="9">jointnode-1 jointnode0 jointnode1 jointnode2 jointnode3 jointnode4 jointnode5 jointnode6 jointnode7</Name_array>
                    <technique_common>
                        <accessor source="#JointArr1" count="9">
                            <param name="JOINT" type="Name" />
                        </accessor>
                    </technique_common>
                </source>
                <source id="matrices1">
                    <float_array id="MatArr1" count="144">1 0 0 0 0 1 0 0 0 0 1 0 0 0 0 1 1 0 0 0 0 1 0 0 0 0 1 0 0 0 0 1 0.8959115719202327 0.35322292883640144 0.26939936496519834 22517.358693051403 0.2767377645846086 -0.9181637177086227 0.2835341198801197 161055.56929459647 0.34750347473389587 -0.17946852099383556 -0.9203436233386709 -6974.665345512153 0 0 0 1 0.8959115719202327 0.35322292883640144 0.26939936496519834 22517.358693051403 0.2767377645846086 -0.9181637177086227 0.2835341198801197 161055.56929459647 0.34750347473389587 -0.17946852099383556 -0.9203436233386709 -6974.665345512153 0 0 0 1 0.8959115719202327 0.35322292883640144 0.26939936496519834 -495525.2975569487 0.2767377645846086 -0.9181637177086227 0.2835341198801197 161055.56929559648 0.34750347473389587 -0.17946852099383556 -0.9203436233386709 -484654.35284551216 0 0 0 1 0.8959115719202327 0.35322292883640144 0.26939936496519834 -484575.29755694856 0.2767377645846086 -0.9181637177086227 0.2835341198801197 161055.5692945965 0.34750347473389587 -0.17946852099383556 -0.9203436233386709 -497638.35284551216 0 0 0 1 0.8959115719202327 0.35322292883640144 0.26939936496519834 16474.639943051443 0.2767377645846086 -0.9181637177086227 0.2835341198801197 161055.5692945965 0.34750347473389587 -0.17946852099383556 -0.9203436233386709 -1289.0090955121334 0 0 0 1 0.8959115719202327 0.35322292883640144 0.26939936496519834 16474.639943051443 0.2767377645846086 -0.9181637177086227 0.2835341198801197 161055.5692945965 0.34750347473389587 -0.17946852099383556 -0.9203436233386709 -1289.0090955121334 0 0 0 1 1 0 0 0 0 1 0 0 0 0 1 0 0 0 0 1</float_array>
                    <technique_common>
                        <accessor source="#MatArr1" count="9" stride="16">
                            <param type="float4x4" />
                        </accessor>
                    </technique_common>
                </source>
                <source id="weights1">
                    <float_array id="WeightArr1" count="1">1</float_array>
                    <technique_common>
                        <accessor source="#WeightArr1" count="1">
                            <param type="float" />
                        </accessor>
                    </technique_common>
                </source>
                <joints>
                    <input semantic="JOINT" source="#joints1" />
                    <input semantic="INV_BIND_MATRIX" source="#matrices1" />
                </joints>
                <vertex_weights count="50">
                    <input semantic="JOINT" offset="0" source="#joints1" />
                    <input semantic="WEIGHT" offset="1" source="#weights1" />
                    <vcount>1 1 1 1 1 1 1 1 1 1 1 1 1 1 1 1 1 1 1 1 1 1 1 1 1 1 1 1 1 1 1 1 1 1 1 1 1 1 1 1 1 1 1 1 1 1 1 1 1 1</vcount>
                    <v>4 0 4 0 4 0 4 0 4 0 4 0 4 0 4 0 4 0 4 0 4 0 4 0 4 0 4 0 4 0 4 0 4 0 4 0 4 0 4 0 4 0 4 0 4 0 4 0 4 0 4 0 4 0 4 0 4 0 4 0 4 0 4 0 4 0 4 0 4 0 4 0 4 0 4 0 4 0 4 0 4 0 4 0 4 0 4 0 4 0 4 0 4 0 4 0 4 0 4 0</v>
                </vertex_weights>
            </skin>
        </controller>
        <controller id="controller2">
            <skin source="#mesh2">
                <bind_shape_matrix>1 0 0 0 0 1 0 0 0 0 1 0 0 0 0 1</bind_shape_matrix>
                <source id="joints2">
                    <Name_array id="JointArr2" count="9">jointnode-1 jointnode0 jointnode1 jointnode2 jointnode3 jointnode4 jointnode5 jointnode6 jointnode7</Name_array>
                    <technique_common>
                        <accessor source="#JointArr2" count="9">
                            <param name="JOINT" type="Name" />
                        </accessor>
                    </technique_common>
                </source>
                <source id="matrices2">
                    <float_array id="MatArr2" count="144">1 0 0 0 0 1 0 0 0 0 1 0 0 0 0 1 1 0 0 0 0 1 0 0 0 0 1 0 0 0 0 1 0.8959115719202327 0.35322292883640144 0.26939936496519834 22517.358693051403 0.2767377645846086 -0.9181637177086227 0.2835341198801197 161055.56929459647 0.34750347473389587 -0.17946852099383556 -0.9203436233386709 -6974.665345512153 0 0 0 1 0.8959115719202327 0.35322292883640144 0.26939936496519834 22517.358693051403 0.2767377645846086 -0.9181637177086227 0.2835341198801197 161055.56929459647 0.34750347473389587 -0.17946852099383556 -0.9203436233386709 -6974.665345512153 0 0 0 1 0.8959115719202327 0.35322292883640144 0.26939936496519834 -495525.2975569487 0.2767377645846086 -0.9181637177086227 0.2835341198801197 161055.56929559648 0.34750347473389587 -0.17946852099383556 -0.9203436233386709 -484654.35284551216 0 0 0 1 0.8959115719202327 0.35322292883640144 0.26939936496519834 -484575.29755694856 0.2767377645846086 -0.9181637177086227 0.2835341198801197 161055.5692945965 0.34750347473389587 -0.17946852099383556 -0.9203436233386709 -497638.35284551216 0 0 0 1 0.8959115719202327 0.35322292883640144 0.26939936496519834 16474.639943051443 0.2767377645846086 -0.9181637177086227 0.2835341198801197 161055.5692945965 0.34750347473389587 -0.17946852099383556 -0.9203436233386709 -1289.0090955121334 0 0 0 1 0.8959115719202327 0.35322292883640144 0.26939936496519834 16474.639943051443 0.2767377645846086 -0.9181637177086227 0.2835341198801197 161055.5692945965 0.34750347473389587 -0.17946852099383556 -0.9203436233386709 -1289.0090955121334 0 0 0 1 1 0 0 0 0 1 0 0 0 0 1 0 0 0 0 1</float_array>
                    <technique_common>
                        <accessor source="#MatArr2" count="9" stride="16">
                            <param type="float4x4" />
                        </accessor>
                    </technique_common>
                </source>
                <source id="weights2">
                    <float_array id="WeightArr2" count="1">1</float_array>
                    <technique_common>
                        <accessor source="#WeightArr2" count="1">
                            <param type="float" />
                        </accessor>
                    </technique_common>
                </source>
                <joints>
                    <input semantic="JOINT" source="#joints2" />
                    <input semantic="INV_BIND_MATRIX" source="#matrices2" />
                </joints>
                <vertex_weights count="112">
                    <input semantic="JOINT" offset="0" source="#joints2" />
                    <input semantic="WEIGHT" offset="1" source="#weights2" />
                    <vcount>1 1 1 1 1 1 1 1 1 1 1 1 1 1 1 1 1 1 1 1 1 1 1 1 1 1 1 1 1 1 1 1 1 1 1 1 1 1 1 1 1 1 1 1 1 1 1 1 1 1 1 1 1 1 1 1 1 1 1 1 1 1 1 1 1 1 1 1 1 1 1 1 1 1 1 1 1 1 1 1 1 1 1 1 1 1 1 1 1 1 1 1 1 1 1 1 1 1 1 1 1 1 1 1 1 1 1 1 1 1 1 1</vcount>
                    <v>6 0 6 0 6 0 6 0 6 0 6 0 6 0 6 0 6 0 6 0 6 0 6 0 6 0 6 0 6 0 6 0 6 0 6 0 6 0 6 0 6 0 6 0 6 0 6 0 6 0 6 0 6 0 6 0 6 0 6 0 6 0 6 0 6 0 6 0 6 0 6 0 6 0 6 0 6 0 6 0 6 0 6 0 6 0 6 0 6 0 6 0 6 0 6 0 6 0 6 0 6 0 6 0 6 0 6 0 6 0 6 0 6 0 6 0 6 0 6 0 6 0 6 0 6 0 6 0 6 0 6 0 6 0 6 0 6 0 6 0 6 0 6 0 6 0 6 0 6 0 6 0 6 0 6 0 6 0 6 0 6 0 6 0 6 0 6 0 6 0 6 0 6 0 6 0 6 0 6 0 6 0 6 0 6 0 6 0 6 0 6 0 6 0 6 0 6 0 6 0 6 0 6 0 6 0 6 0 6 0 6 0 6 0 6 0 6 0 6 0 6 0 6 0</v>
                </vertex_weights>
            </skin>
        </controller>
        <controller id="controller3">
            <skin source="#mesh3">
                <bind_shape_matrix>1 0 0 0 0 1 0 0 0 0 1 0 0 0 0 1</bind_shape_matrix>
                <source id="joints3">
                    <Name_array id="JointArr3" count="9">jointnode-1 jointnode0 jointnode1 jointnode2 jointnode3 jointnode4 jointnode5 jointnode6 jointnode7</Name_array>
                    <technique_common>
                        <accessor source="#JointArr3" count="9">
                            <param name="JOINT" type="Name" />
                        </accessor>
                    </technique_common>
                </source>
                <source id="matrices3">
                    <float_array id="MatArr3" count="144">1 0 0 0 0 1 0 0 0 0 1 0 0 0 0 1 1 0 0 0 0 1 0 0 0 0 1 0 0 0 0 1 0.8959115719202327 0.35322292883640144 0.26939936496519834 22517.358693051403 0.2767377645846086 -0.9181637177086227 0.2835341198801197 161055.56929459647 0.34750347473389587 -0.17946852099383556 -0.9203436233386709 -6974.665345512153 0 0 0 1 0.8959115719202327 0.35322292883640144 0.26939936496519834 22517.358693051403 0.2767377645846086 -0.9181637177086227 0.2835341198801197 161055.56929459647 0.34750347473389587 -0.17946852099383556 -0.9203436233386709 -6974.665345512153 0 0 0 1 0.8959115719202327 0.35322292883640144 0.26939936496519834 -495525.2975569487 0.2767377645846086 -0.9181637177086227 0.2835341198801197 161055.56929559648 0.34750347473389587 -0.17946852099383556 -0.9203436233386709 -484654.35284551216 0 0 0 1 0.8959115719202327 0.35322292883640144 0.26939936496519834 -484575.29755694856 0.2767377645846086 -0.9181637177086227 0.2835341198801197 161055.5692945965 0.34750347473389587 -0.17946852099383556 -0.9203436233386709 -497638.35284551216 0 0 0 1 0.8959115719202327 0.35322292883640144 0.26939936496519834 16474.639943051443 0.2767377645846086 -0.9181637177086227 0.2835341198801197 161055.5692945965 0.34750347473389587 -0.17946852099383556 -0.9203436233386709 -1289.0090955121334 0 0 0 1 0.8959115719202327 0.35322292883640144 0.26939936496519834 16474.639943051443 0.2767377645846086 -0.9181637177086227 0.2835341198801197 161055.5692945965 0.34750347473389587 -0.17946852099383556 -0.9203436233386709 -1289.0090955121334 0 0 0 1 1 0 0 0 0 1 0 0 0 0 1 0 0 0 0 1</float_array>
                    <technique_common>
                        <accessor source="#MatArr3" count="9" stride="16">
                            <param type="float4x4" />
                        </accessor>
                    </technique_common>
                </source>
                <source id="weights3">
                    <float_array id="WeightArr3" count="1">1</float_array>
                    <technique_common>
                        <accessor source="#WeightArr3" count="1">
                            <param type="float" />
                        </accessor>
                    </technique_common>
                </source>
                <joints>
                    <input semantic="JOINT" source="#joints3" />
                    <input semantic="INV_BIND_MATRIX" source="#matrices3" />
                </joints>
                <vertex_weights count="245">
                    <input semantic="JOINT" offset="0" source="#joints3" />
                    <input semantic="WEIGHT" offset="1" source="#weights3" />
                    <vcount>1 1 1 1 1 1 1 1 1 1 1 1 1 1 1 1 1 1 1 1 1 1 1 1 1 1 1 1 1 1 1 1 1 1 1 1 1 1 1 1 1 1 1 1 1 1 1 1 1 1 1 1 1 1 1 1 1 1 1 1 1 1 1 1 1 1 1 1 1 1 1 1 1 1 1 1 1 1 1 1 1 1 1 1 1 1 1 1 1 1 1 1 1 1 1 1 1 1 1 1 1 1 1 1 1 1 1 1 1 1 1 1 1 1 1 1 1 1 1 1 1 1 1 1 1 1 1 1 1 1 1 1 1 1 1 1 1 1 1 1 1 1 1 1 1 1 1 1 1 1 1 1 1 1 1 1 1 1 1 1 1 1 1 1 1 1 1 1 1 1 1 1 1 1 1 1 1 1 1 1 1 1 1 1 1 1 1 1 1 1 1 1 1 1 1 1 1 1 1 1 1 1 1 1 1 1 1 1 1 1 1 1 1 1 1 1 1 1 1 1 1 1 1 1 1 1 1 1 1 1 1 1 1 1 1 1 1 1 1 1 1 1 1 1 1</vcount>
                    <v>7 0 7 0 7 0 7 0 7 0 7 0 7 0 7 0 7 0 7 0 7 0 7 0 7 0 7 0 7 0 7 0 7 0 7 0 7 0 7 0 7 0 7 0 7 0 7 0 7 0 7 0 7 0 7 0 7 0 7 0 7 0 7 0 7 0 7 0 7 0 7 0 7 0 7 0 7 0 7 0 7 0 7 0 7 0 7 0 7 0 7 0 7 0 7 0 7 0 7 0 7 0 7 0 7 0 7 0 7 0 7 0 7 0 7 0 7 0 7 0 7 0 7 0 7 0 7 0 7 0 7 0 7 0 7 0 7 0 7 0 7 0 7 0 7 0 7 0 7 0 7 0 7 0 7 0 7 0 7 0 7 0 7 0 7 0 7 0 7 0 7 0 7 0 7 0 7 0 7 0 7 0 7 0 7 0 7 0 7 0 7 0 7 0 7 0 7 0 7 0 7 0 7 0 7 0 7 0 7 0 7 0 7 0 7 0 7 0 7 0 7 0 7 0 7 0 7 0 7 0 7 0 7 0 7 0 7 0 7 0 7 0 7 0 7 0 7 0 7 0 7 0 7 0 7 0 7 0 7 0 7 0 7 0 7 0 7 0 7 0 7 0 7 0 7 0 7 0 7 0 7 0 7 0 7 0 7 0 7 0 7 0 7 0 7 0 7 0 7 0 7 0 7 0 7 0 7 0 7 0 7 0 7 0 7 0 7 0 7 0 7 0 7 0 7 0 7 0 7 0 7 0 7 0 7 0 7 0 7 0 7 0 7 0 7 0 7 0 7 0 7 0 7 0 7 0 7 0 7 0 7 0 7 0 7 0 7 0 7 0 7 0 7 0 7 0 7 0 7 0 7 0 7 0 7 0 7 0 7 0 7 0 7 0 7 0 7 0 7 0 7 0 7 0 7 0 7 0 7 0 7 0 7 0 7 0 7 0 7 0 7 0 7 0 7 0 7 0 7 0 7 0 7 0 7 0 7 0 7 0 7 0 7 0 7 0 7 0 7 0 7 0 7 0 7 0 7 0 7 0 7 0 7 0 7 0 7 0 7 0 7 0 7 0 7 0 7 0 7 0 7 0 7 0 7 0 7 0 7 0</v>
                </vertex_weights>
            </skin>
        </controller>
        <controller id="controller4">
            <skin source="#mesh4">
                <bind_shape_matrix>1 0 0 0 0 1 0 0 0 0 1 0 0 0 0 1</bind_shape_matrix>
                <source id="joints4">
                    <Name_array id="JointArr4" count="9">jointnode-1 jointnode0 jointnode1 jointnode2 jointnode3 jointnode4 jointnode5 jointnode6 jointnode7</Name_array>
                    <technique_common>
                        <accessor source="#JointArr4" count="9">
                            <param name="JOINT" type="Name" />
                        </accessor>
                    </technique_common>
                </source>
                <source id="matrices4">
                    <float_array id="MatArr4" count="144">1 0 0 0 0 1 0 0 0 0 1 0 0 0 0 1 1 0 0 0 0 1 0 0 0 0 1 0 0 0 0 1 0.8959115719202327 0.35322292883640144 0.26939936496519834 22517.358693051403 0.2767377645846086 -0.9181637177086227 0.2835341198801197 161055.56929459647 0.34750347473389587 -0.17946852099383556 -0.9203436233386709 -6974.665345512153 0 0 0 1 0.8959115719202327 0.35322292883640144 0.26939936496519834 22517.358693051403 0.2767377645846086 -0.9181637177086227 0.2835341198801197 161055.56929459647 0.34750347473389587 -0.17946852099383556 -0.9203436233386709 -6974.665345512153 0 0 0 1 0.8959115719202327 0.35322292883640144 0.26939936496519834 -495525.2975569487 0.2767377645846086 -0.9181637177086227 0.2835341198801197 161055.56929559648 0.34750347473389587 -0.17946852099383556 -0.9203436233386709 -484654.35284551216 0 0 0 1 0.8959115719202327 0.35322292883640144 0.26939936496519834 -484575.29755694856 0.2767377645846086 -0.9181637177086227 0.2835341198801197 161055.5692945965 0.34750347473389587 -0.17946852099383556 -0.9203436233386709 -497638.35284551216 0 0 0 1 0.8959115719202327 0.35322292883640144 0.26939936496519834 16474.639943051443 0.2767377645846086 -0.9181637177086227 0.2835341198801197 161055.5692945965 0.34750347473389587 -0.17946852099383556 -0.9203436233386709 -1289.0090955121334 0 0 0 1 0.8959115719202327 0.35322292883640144 0.26939936496519834 16474.639943051443 0.2767377645846086 -0.9181637177086227 0.2835341198801197 161055.5692945965 0.34750347473389587 -0.17946852099383556 -0.9203436233386709 -1289.0090955121334 0 0 0 1 1 0 0 0 0 1 0 0 0 0 1 0 0 0 0 1</float_array>
                    <technique_common>
                        <accessor source="#MatArr4" count="9" stride="16">
                            <param type="float4x4" />
                        </accessor>
                    </technique_common>
                </source>
                <source id="weights4">
                    <float_array id="WeightArr4" count="1">1</float_array>
                    <technique_common>
                        <accessor source="#WeightArr4" count="1">
                            <param type="float" />
                        </accessor>
                    </technique_common>
                </source>
                <joints>
                    <input semantic="JOINT" source="#joints4" />
                    <input semantic="INV_BIND_MATRIX" source="#matrices4" />
                </joints>
                <vertex_weights count="64">
                    <input semantic="JOINT" offset="0" source="#joints4" />
                    <input semantic="WEIGHT" offset="1" source="#weights4" />
                    <vcount>1 1 1 1 1 1 1 1 1 1 1 1 1 1 1 1 1 1 1 1 1 1 1 1 1 1 1 1 1 1 1 1 1 1 1 1 1 1 1 1 1 1 1 1 1 1 1 1 1 1 1 1 1 1 1 1 1 1 1 1 1 1 1 1</vcount>
                    <v>8 0 8 0 8 0 8 0 8 0 8 0 8 0 8 0 8 0 8 0 8 0 8 0 8 0 8 0 8 0 8 0 8 0 8 0 8 0 8 0 8 0 8 0 8 0 8 0 8 0 8 0 8 0 8 0 8 0 8 0 8 0 8 0 8 0 8 0 8 0 8 0 8 0 8 0 8 0 8 0 8 0 8 0 8 0 8 0 8 0 8 0 8 0 8 0 8 0 8 0 8 0 8 0 8 0 8 0 8 0 8 0 8 0 8 0 8 0 8 0 8 0 8 0 8 0 8 0</v>
                </vertex_weights>
            </skin>
        </controller>
        <controller id="controller5">
            <skin source="#mesh5">
                <bind_shape_matrix>1 0 0 0 0 1 0 0 0 0 1 0 0 0 0 1</bind_shape_matrix>
                <source id="joints5">
                    <Name_array id="JointArr5" count="9">jointnode-1 jointnode0 jointnode1 jointnode2 jointnode3 jointnode4 jointnode5 jointnode6 jointnode7</Name_array>
                    <technique_common>
                        <accessor source="#JointArr5" count="9">
                            <param name="JOINT" type="Name" />
                        </accessor>
                    </technique_common>
                </source>
                <source id="matrices5">
                    <float_array id="MatArr5" count="144">1 0 0 0 0 1 0 0 0 0 1 0 0 0 0 1 1 0 0 0 0 1 0 0 0 0 1 0 0 0 0 1 0.8959115719202327 0.35322292883640144 0.26939936496519834 22517.358693051403 0.2767377645846086 -0.9181637177086227 0.2835341198801197 161055.56929459647 0.34750347473389587 -0.17946852099383556 -0.9203436233386709 -6974.665345512153 0 0 0 1 0.8959115719202327 0.35322292883640144 0.26939936496519834 22517.358693051403 0.2767377645846086 -0.9181637177086227 0.2835341198801197 161055.56929459647 0.34750347473389587 -0.17946852099383556 -0.9203436233386709 -6974.665345512153 0 0 0 1 0.8959115719202327 0.35322292883640144 0.26939936496519834 -495525.2975569487 0.2767377645846086 -0.9181637177086227 0.2835341198801197 161055.56929559648 0.34750347473389587 -0.17946852099383556 -0.9203436233386709 -484654.35284551216 0 0 0 1 0.8959115719202327 0.35322292883640144 0.26939936496519834 -484575.29755694856 0.2767377645846086 -0.9181637177086227 0.2835341198801197 161055.5692945965 0.34750347473389587 -0.17946852099383556 -0.9203436233386709 -497638.35284551216 0 0 0 1 0.8959115719202327 0.35322292883640144 0.26939936496519834 16474.639943051443 0.2767377645846086 -0.9181637177086227 0.2835341198801197 161055.5692945965 0.34750347473389587 -0.17946852099383556 -0.9203436233386709 -1289.0090955121334 0 0 0 1 0.8959115719202327 0.35322292883640144 0.26939936496519834 16474.639943051443 0.2767377645846086 -0.9181637177086227 0.2835341198801197 161055.5692945965 0.34750347473389587 -0.17946852099383556 -0.9203436233386709 -1289.0090955121334 0 0 0 1 1 0 0 0 0 1 0 0 0 0 1 0 0 0 0 1</float_array>
                    <technique_common>
                        <accessor source="#MatArr5" count="9" stride="16">
                            <param type="float4x4" />
                        </accessor>
                    </technique_common>
                </source>
                <source id="weights5">
                    <float_array id="WeightArr5" count="1">1</float_array>
                    <technique_common>
                        <accessor source="#WeightArr5" count="1">
                            <param type="float" />
                        </accessor>
                    </technique_common>
                </source>
                <joints>
                    <input semantic="JOINT" source="#joints5" />
                    <input semantic="INV_BIND_MATRIX" source="#matrices5" />
                </joints>
                <vertex_weights count="65">
                    <input semantic="JOINT" offset="0" source="#joints5" />
                    <input semantic="WEIGHT" offset="1" source="#weights5" />
                    <vcount>1 1 1 1 1 1 1 1 1 1 1 1 1 1 1 1 1 1 1 1 1 1 1 1 1 1 1 1 1 1 1 1 1 1 1 1 1 1 1 1 1 1 1 1 1 1 1 1 1 1 1 1 1 1 1 1 1 1 1 1 1 1 1 1 1</vcount>
                    <v>8 0 8 0 8 0 8 0 8 0 8 0 8 0 8 0 8 0 8 0 8 0 8 0 8 0 8 0 8 0 8 0 8 0 8 0 8 0 8 0 8 0 8 0 8 0 8 0 8 0 8 0 8 0 8 0 8 0 8 0 8 0 8 0 8 0 8 0 8 0 8 0 8 0 8 0 8 0 8 0 8 0 8 0 8 0 8 0 8 0 8 0 8 0 8 0 8 0 8 0 8 0 8 0 8 0 8 0 8 0 8 0 8 0 8 0 8 0 8 0 8 0 8 0 8 0 8 0 8 0</v>
                </vertex_weights>
            </skin>
        </controller>
        <controller id="controller6">
            <skin source="#mesh6">
                <bind_shape_matrix>1 0 0 0 0 1 0 0 0 0 1 0 0 0 0 1</bind_shape_matrix>
                <source id="joints6">
                    <Name_array id="JointArr6" count="9">jointnode-1 jointnode0 jointnode1 jointnode2 jointnode3 jointnode4 jointnode5 jointnode6 jointnode7</Name_array>
                    <technique_common>
                        <accessor source="#JointArr6" count="9">
                            <param name="JOINT" type="Name" />
                        </accessor>
                    </technique_common>
                </source>
                <source id="matrices6">
                    <float_array id="MatArr6" count="144">1 0 0 0 0 1 0 0 0 0 1 0 0 0 0 1 1 0 0 0 0 1 0 0 0 0 1 0 0 0 0 1 0.8959115719202327 0.35322292883640144 0.26939936496519834 22517.358693051403 0.2767377645846086 -0.9181637177086227 0.2835341198801197 161055.56929459647 0.34750347473389587 -0.17946852099383556 -0.9203436233386709 -6974.665345512153 0 0 0 1 0.8959115719202327 0.35322292883640144 0.26939936496519834 22517.358693051403 0.2767377645846086 -0.9181637177086227 0.2835341198801197 161055.56929459647 0.34750347473389587 -0.17946852099383556 -0.9203436233386709 -6974.665345512153 0 0 0 1 0.8959115719202327 0.35322292883640144 0.26939936496519834 -495525.2975569487 0.2767377645846086 -0.9181637177086227 0.2835341198801197 161055.56929559648 0.34750347473389587 -0.17946852099383556 -0.9203436233386709 -484654.35284551216 0 0 0 1 0.8959115719202327 0.35322292883640144 0.26939936496519834 -484575.29755694856 0.2767377645846086 -0.9181637177086227 0.2835341198801197 161055.5692945965 0.34750347473389587 -0.17946852099383556 -0.9203436233386709 -497638.35284551216 0 0 0 1 0.8959115719202327 0.35322292883640144 0.26939936496519834 16474.639943051443 0.2767377645846086 -0.9181637177086227 0.2835341198801197 161055.5692945965 0.34750347473389587 -0.17946852099383556 -0.9203436233386709 -1289.0090955121334 0 0 0 1 0.8959115719202327 0.35322292883640144 0.26939936496519834 16474.639943051443 0.2767377645846086 -0.9181637177086227 0.2835341198801197 161055.5692945965 0.34750347473389587 -0.17946852099383556 -0.9203436233386709 -1289.0090955121334 0 0 0 1 1 0 0 0 0 1 0 0 0 0 1 0 0 0 0 1</float_array>
                    <technique_common>
                        <accessor source="#MatArr6" count="9" stride="16">
                            <param type="float4x4" />
                        </accessor>
                    </technique_common>
                </source>
                <source id="weights6">
                    <float_array id="WeightArr6" count="1">1</float_array>
                    <technique_common>
                        <accessor source="#WeightArr6" count="1">
                            <param type="float" />
                        </accessor>
                    </technique_common>
                </source>
                <joints>
                    <input semantic="JOINT" source="#joints6" />
                    <input semantic="INV_BIND_MATRIX" source="#matrices6" />
                </joints>
                <vertex_weights count="15">
                    <input semantic="JOINT" offset="0" source="#joints6" />
                    <input semantic="WEIGHT" offset="1" source="#weights6" />
                    <vcount>1 1 1 1 1 1 1 1 1 1 1 1 1 1 1</vcount>
                    <v>8 0 8 0 8 0 8 0 8 0 8 0 8 0 8 0 8 0 8 0 8 0 8 0 8 0 8 0 8 0</v>
                </vertex_weights>
            </skin>
        </controller>
        <controller id="controller7">
            <skin source="#mesh7">
                <bind_shape_matrix>1 0 0 0 0 1 0 0 0 0 1 0 0 0 0 1</bind_shape_matrix>
                <source id="joints7">
                    <Name_array id="JointArr7" count="9">jointnode-1 jointnode0 jointnode1 jointnode2 jointnode3 jointnode4 jointnode5 jointnode6 jointnode7</Name_array>
                    <technique_common>
                        <accessor source="#JointArr7" count="9">
                            <param name="JOINT" type="Name" />
                        </accessor>
                    </technique_common>
                </source>
                <source id="matrices7">
                    <float_array id="MatArr7" count="144">1 0 0 0 0 1 0 0 0 0 1 0 0 0 0 1 1 0 0 0 0 1 0 0 0 0 1 0 0 0 0 1 0.8959115719202327 0.35322292883640144 0.26939936496519834 22517.358693051403 0.2767377645846086 -0.9181637177086227 0.2835341198801197 161055.56929459647 0.34750347473389587 -0.17946852099383556 -0.9203436233386709 -6974.665345512153 0 0 0 1 0.8959115719202327 0.35322292883640144 0.26939936496519834 22517.358693051403 0.2767377645846086 -0.9181637177086227 0.2835341198801197 161055.56929459647 0.34750347473389587 -0.17946852099383556 -0.9203436233386709 -6974.665345512153 0 0 0 1 0.8959115719202327 0.35322292883640144 0.26939936496519834 -495525.2975569487 0.2767377645846086 -0.9181637177086227 0.2835341198801197 161055.56929559648 0.34750347473389587 -0.17946852099383556 -0.9203436233386709 -484654.35284551216 0 0 0 1 0.8959115719202327 0.35322292883640144 0.26939936496519834 -484575.29755694856 0.2767377645846086 -0.9181637177086227 0.2835341198801197 161055.5692945965 0.34750347473389587 -0.17946852099383556 -0.9203436233386709 -497638.35284551216 0 0 0 1 0.8959115719202327 0.35322292883640144 0.26939936496519834 16474.639943051443 0.2767377645846086 -0.9181637177086227 0.2835341198801197 161055.5692945965 0.34750347473389587 -0.17946852099383556 -0.9203436233386709 -1289.0090955121334 0 0 0 1 0.8959115719202327 0.35322292883640144 0.26939936496519834 16474.639943051443 0.2767377645846086 -0.9181637177086227 0.2835341198801197 161055.5692945965 0.34750347473389587 -0.17946852099383556 -0.9203436233386709 -1289.0090955121334 0 0 0 1 1 0 0 0 0 1 0 0 0 0 1 0 0 0 0 1</float_array>
                    <technique_common>
                        <accessor source="#MatArr7" count="9" stride="16">
                            <param type="float4x4" />
                        </accessor>
                    </technique_common>
                </source>
                <source id="weights7">
                    <float_array id="WeightArr7" count="1">1</float_array>
                    <technique_common>
                        <accessor source="#WeightArr7" count="1">
                            <param type="float" />
                        </accessor>
                    </technique_common>
                </source>
                <joints>
                    <input semantic="JOINT" source="#joints7" />
                    <input semantic="INV_BIND_MATRIX" source="#matrices7" />
                </joints>
                <vertex_weights count="257">
                    <input semantic="JOINT" offset="0" source="#joints7" />
                    <input semantic="WEIGHT" offset="1" source="#weights7" />
                    <vcount>1 1 1 1 1 1 1 1 1 1 1 1 1 1 1 1 1 1 1 1 1 1 1 1 1 1 1 1 1 1 1 1 1 1 1 1 1 1 1 1 1 1 1 1 1 1 1 1 1 1 1 1 1 1 1 1 1 1 1 1 1 1 1 1 1 1 1 1 1 1 1 1 1 1 1 1 1 1 1 1 1 1 1 1 1 1 1 1 1 1 1 1 1 1 1 1 1 1 1 1 1 1 1 1 1 1 1 1 1 1 1 1 1 1 1 1 1 1 1 1 1 1 1 1 1 1 1 1 1 1 1 1 1 1 1 1 1 1 1 1 1 1 1 1 1 1 1 1 1 1 1 1 1 1 1 1 1 1 1 1 1 1 1 1 1 1 1 1 1 1 1 1 1 1 1 1 1 1 1 1 1 1 1 1 1 1 1 1 1 1 1 1 1 1 1 1 1 1 1 1 1 1 1 1 1 1 1 1 1 1 1 1 1 1 1 1 1 1 1 1 1 1 1 1 1 1 1 1 1 1 1 1 1 1 1 1 1 1 1 1 1 1 1 1 1 1 1 1 1 1 1 1 1 1 1 1 1</vcount>
                    <v>8 0 8 0 8 0 8 0 8 0 8 0 8 0 8 0 8 0 8 0 8 0 8 0 8 0 8 0 8 0 8 0 8 0 8 0 8 0 8 0 8 0 8 0 8 0 8 0 8 0 8 0 8 0 8 0 8 0 8 0 8 0 8 0 8 0 8 0 8 0 8 0 8 0 8 0 8 0 8 0 8 0 8 0 8 0 8 0 8 0 8 0 8 0 8 0 8 0 8 0 8 0 8 0 8 0 8 0 8 0 8 0 8 0 8 0 8 0 8 0 8 0 8 0 8 0 8 0 8 0 8 0 8 0 8 0 8 0 8 0 8 0 8 0 8 0 8 0 8 0 8 0 8 0 8 0 8 0 8 0 8 0 8 0 8 0 8 0 8 0 8 0 8 0 8 0 8 0 8 0 8 0 8 0 8 0 8 0 8 0 8 0 8 0 8 0 8 0 8 0 8 0 8 0 8 0 8 0 8 0 8 0 8 0 8 0 8 0 8 0 8 0 8 0 8 0 8 0 8 0 8 0 8 0 8 0 8 0 8 0 8 0 8 0 8 0 8 0 8 0 8 0 8 0 8 0 8 0 8 0 8 0 8 0 8 0 8 0 8 0 8 0 8 0 8 0 8 0 8 0 8 0 8 0 8 0 8 0 8 0 8 0 8 0 8 0 8 0 8 0 8 0 8 0 8 0 8 0 8 0 8 0 8 0 8 0 8 0 8 0 8 0 8 0 8 0 8 0 8 0 8 0 8 0 8 0 8 0 8 0 8 0 8 0 8 0 8 0 8 0 8 0 8 0 8 0 8 0 8 0 8 0 8 0 8 0 8 0 8 0 8 0 8 0 8 0 8 0 8 0 8 0 8 0 8 0 8 0 8 0 8 0 8 0 8 0 8 0 8 0 8 0 8 0 8 0 8 0 8 0 8 0 8 0 8 0 8 0 8 0 8 0 8 0 8 0 8 0 8 0 8 0 8 0 8 0 8 0 8 0 8 0 8 0 8 0 8 0 8 0 8 0 8 0 8 0 8 0 8 0 8 0 8 0 8 0 8 0 8 0 8 0 8 0 8 0 8 0 8 0 8 0 8 0 8 0 8 0 8 0 8 0 8 0 8 0 8 0 8 0 8 0 8 0 8 0 8 0 8 0 8 0 8 0</v>
                </vertex_weights>
            </skin>
        </controller>
        <controller id="controller8">
            <skin source="#mesh8">
                <bind_shape_matrix>1 0 0 0 0 1 0 0 0 0 1 0 0 0 0 1</bind_shape_matrix>
                <source id="joints8">
                    <Name_array id="JointArr8" count="9">jointnode-1 jointnode0 jointnode1 jointnode2 jointnode3 jointnode4 jointnode5 jointnode6 jointnode7</Name_array>
                    <technique_common>
                        <accessor source="#JointArr8" count="9">
                            <param name="JOINT" type="Name" />
                        </accessor>
                    </technique_common>
                </source>
                <source id="matrices8">
                    <float_array id="MatArr8" count="144">1 0 0 0 0 1 0 0 0 0 1 0 0 0 0 1 1 0 0 0 0 1 0 0 0 0 1 0 0 0 0 1 0.8959115719202327 0.35322292883640144 0.26939936496519834 22517.358693051403 0.2767377645846086 -0.9181637177086227 0.2835341198801197 161055.56929459647 0.34750347473389587 -0.17946852099383556 -0.9203436233386709 -6974.665345512153 0 0 0 1 0.8959115719202327 0.35322292883640144 0.26939936496519834 22517.358693051403 0.2767377645846086 -0.9181637177086227 0.2835341198801197 161055.56929459647 0.34750347473389587 -0.17946852099383556 -0.9203436233386709 -6974.665345512153 0 0 0 1 0.8959115719202327 0.35322292883640144 0.26939936496519834 -495525.2975569487 0.2767377645846086 -0.9181637177086227 0.2835341198801197 161055.56929559648 0.34750347473389587 -0.17946852099383556 -0.9203436233386709 -484654.35284551216 0 0 0 1 0.8959115719202327 0.35322292883640144 0.26939936496519834 -484575.29755694856 0.2767377645846086 -0.9181637177086227 0.2835341198801197 161055.5692945965 0.34750347473389587 -0.17946852099383556 -0.9203436233386709 -497638.35284551216 0 0 0 1 0.8959115719202327 0.35322292883640144 0.26939936496519834 16474.639943051443 0.2767377645846086 -0.9181637177086227 0.2835341198801197 161055.5692945965 0.34750347473389587 -0.17946852099383556 -0.9203436233386709 -1289.0090955121334 0 0 0 1 0.8959115719202327 0.35322292883640144 0.26939936496519834 16474.639943051443 0.2767377645846086 -0.9181637177086227 0.2835341198801197 161055.5692945965 0.34750347473389587 -0.17946852099383556 -0.9203436233386709 -1289.0090955121334 0 0 0 1 1 0 0 0 0 1 0 0 0 0 1 0 0 0 0 1</float_array>
                    <technique_common>
                        <accessor source="#MatArr8" count="9" stride="16">
                            <param type="float4x4" />
                        </accessor>
                    </technique_common>
                </source>
                <source id="weights8">
                    <float_array id="WeightArr8" count="1">1</float_array>
                    <technique_common>
                        <accessor source="#WeightArr8" count="1">
                            <param type="float" />
                        </accessor>
                    </technique_common>
                </source>
                <joints>
                    <input semantic="JOINT" source="#joints8" />
                    <input semantic="INV_BIND_MATRIX" source="#matrices8" />
                </joints>
                <vertex_weights count="96">
                    <input semantic="JOINT" offset="0" source="#joints8" />
                    <input semantic="WEIGHT" offset="1" source="#weights8" />
                    <vcount>1 1 1 1 1 1 1 1 1 1 1 1 1 1 1 1 1 1 1 1 1 1 1 1 1 1 1 1 1 1 1 1 1 1 1 1 1 1 1 1 1 1 1 1 1 1 1 1 1 1 1 1 1 1 1 1 1 1 1 1 1 1 1 1 1 1 1 1 1 1 1 1 1 1 1 1 1 1 1 1 1 1 1 1 1 1 1 1 1 1 1 1 1 1 1 1</vcount>
                    <v>8 0 8 0 8 0 8 0 8 0 8 0 8 0 8 0 8 0 8 0 8 0 8 0 8 0 8 0 8 0 8 0 8 0 8 0 8 0 8 0 8 0 8 0 8 0 8 0 8 0 8 0 8 0 8 0 8 0 8 0 8 0 8 0 8 0 8 0 8 0 8 0 8 0 8 0 8 0 8 0 8 0 8 0 8 0 8 0 8 0 8 0 8 0 8 0 8 0 8 0 8 0 8 0 8 0 8 0 8 0 8 0 8 0 8 0 8 0 8 0 8 0 8 0 8 0 8 0 8 0 8 0 8 0 8 0 8 0 8 0 8 0 8 0 8 0 8 0 8 0 8 0 8 0 8 0 8 0 8 0 8 0 8 0 8 0 8 0 8 0 8 0 8 0 8 0 8 0 8 0 8 0 8 0 8 0 8 0 8 0 8 0</v>
                </vertex_weights>
            </skin>
        </controller>
    </library_controllers>
    <library_visual_scenes>
        <visual_scene id="VisualSceneNode">
            <node id="node0" name="m0" type="NODE">
                <instance_controller url="#controller0">
                    <skeleton>#jointnode-1</skeleton>
                    <bind_material>
                        <technique_common>
                            <instance_material symbol="Material1" target="#mat1">
                                <bind_vertex_input semantic="UVSET0" input_semantic="TEXCOORD" input_set="0"></bind_vertex_input>
                            </instance_material>
                        </technique_common>
                    </bind_material>
                </instance_controller>
            </node>
            <node id="node1" name="m1" type="NODE">
                <instance_controller url="#controller1">
                    <skeleton>#jointnode-1</skeleton>
                    <bind_material>
                        <technique_common>
                            <instance_material symbol="Material1" target="#mat3">
                                <bind_vertex_input semantic="UVSET0" input_semantic="TEXCOORD" input_set="0"></bind_vertex_input>
                            </instance_material>
                        </technique_common>
                    </bind_material>
                </instance_controller>
            </node>
            <node id="node2" name="m2" type="NODE">
                <instance_controller url="#controller2">
                    <skeleton>#jointnode-1</skeleton>
                    <bind_material>
                        <technique_common>
                            <instance_material symbol="Material1" target="#mat0">
                                <bind_vertex_input semantic="UVSET0" input_semantic="TEXCOORD" input_set="0"></bind_vertex_input>
                            </instance_material>
                        </technique_common>
                    </bind_material>
                </instance_controller>
            </node>
            <node id="node3" name="m3" type="NODE">
                <instance_controller url="#controller3">
                    <skeleton>#jointnode-1</skeleton>
                    <bind_material>
                        <technique_common>
                            <instance_material symbol="Material1" target="#mat2">
                                <bind_vertex_input semantic="UVSET0" input_semantic="TEXCOORD" input_set="0"></bind_vertex_input>
                            </instance_material>
                        </technique_common>
                    </bind_material>
                </instance_controller>
            </node>
            <node id="node4" name="m4" type="NODE">
                <instance_controller url="#controller4">
                    <skeleton>#jointnode-1</skeleton>
                    <bind_material>
                        <technique_common>
                            <instance_material symbol="Material1" target="#mat4">
                                <bind_vertex_input semantic="UVSET0" input_semantic="TEXCOORD" input_set="0"></bind_vertex_input>
                            </instance_material>
                        </technique_common>
                    </bind_material>
                </instance_controller>
            </node>
            <node id="node5" name="m5" type="NODE">
                <instance_controller url="#controller5">
                    <skeleton>#jointnode-1</skeleton>
                    <bind_material>
                        <technique_common>
                            <instance_material symbol="Material1" target="#mat5">
                                <bind_vertex_input semantic="UVSET0" input_semantic="TEXCOORD" input_set="0"></bind_vertex_input>
                            </instance_material>
                        </technique_common>
                    </bind_material>
                </instance_controller>
            </node>
            <node id="node6" name="m6" type="NODE">
                <instance_controller url="#controller6">
                    <skeleton>#jointnode-1</skeleton>
                    <bind_material>
                        <technique_common>
                            <instance_material symbol="Material1" target="#mat8">
                                <bind_vertex_input semantic="UVSET0" input_semantic="TEXCOORD" input_set="0"></bind_vertex_input>
                            </instance_material>
                        </technique_common>
                    </bind_material>
                </instance_controller>
            </node>
            <node id="node7" name="m7" type="NODE">
                <instance_controller url="#controller7">
                    <skeleton>#jointnode-1</skeleton>
                    <bind_material>
                        <technique_common>
                            <instance_material symbol="Material1" target="#mat7">
                                <bind_vertex_input semantic="UVSET0" input_semantic="TEXCOORD" input_set="0"></bind_vertex_input>
                            </instance_material>
                        </technique_common>
                    </bind_material>
                </instance_controller>
            </node>
            <node id="node8" name="m8" type="NODE">
                <instance_controller url="#controller8">
                    <skeleton>#jointnode-1</skeleton>
                    <bind_material>
                        <technique_common>
                            <instance_material symbol="Material1" target="#mat6">
                                <bind_vertex_input semantic="UVSET0" input_semantic="TEXCOORD" input_set="0"></bind_vertex_input>
                            </instance_material>
                        </technique_common>
                    </bind_material>
                </instance_controller>
            </node>
            <node id="jointnode-1" name="root" sid="jointnode-1" type="JOINT">
                <node id="jointnode0" name="world_root" sid="jointnode0" type="JOINT">
                    <node id="jointnode1" name="Comet" sid="jointnode1" type="JOINT">
                        <translate>-62320 138670 -58150</translate>
                        <rotate>0 0 1 21.51738029114658</rotate>
                        <rotate>0 1 0 -15.628528702658162</rotate>
                        <rotate>1 0 0 162.87728507339702</rotate>
                        <node id="jointnode2" name="Core" sid="jointnode2" type="JOINT">
                            <node id="jointnode3" name="Rock" sid="jointnode3" type="JOINT">
                                <translate>518042.65625 -9.999999974752427e-7 477679.6875</translate>
                            </node>
                        </node>
                        <node id="jointnode4" name="Halo" sid="jointnode4" type="JOINT">
                            <translate>507092.65625 0 490663.6875</translate>
                            <node id="jointnode5" name="B" sid="jointnode5" type="JOINT">
                                <translate>-501049.9375 0 -496349.34375</translate>
                            </node>
                            <node id="jointnode6" name="F" sid="jointnode6" type="JOINT">
                                <translate>-501049.9375 0 -496349.34375</translate>
                            </node>
                        </node>
                    </node>
                    <node id="jointnode7" name="Obit" sid="jointnode7" type="JOINT">
                    </node>
                </node>
            </node>
        </visual_scene>
    </library_visual_scenes>
    <scene>
        <instance_visual_scene url="#VisualSceneNode"></instance_visual_scene>
    </scene>
</COLLADA>
