<?xml version="1.0"?>
<COLLADA xmlns="http://www.collada.org/2005/11/COLLADASchema" version="1.4.1">
    <asset>
        <contributor>
            <authoring_tool>J3D Ripoff Exporter</authoring_tool>
        </contributor>
        <created>2023-01-26T05:20:04.650Z</created>
        <modified>2023-01-26T05:20:04.650Z</modified>
		<unit meter="0.01" name="centimeter" ></unit>
        <up_axis>Y_UP</up_axis>
    </asset>
    <library_images>
        <image id="tex0">
            <init_from>PlanetSun.png</init_from>
        </image>
        <image id="tex1">
            <init_from>OrbitUniverseL.png</init_from>
        </image>
        <image id="tex2">
            <init_from>Galaxy.png</init_from>
        </image>
        <image id="tex3">
            <init_from>GalaxyRiverK.png</init_from>
        </image>
        <image id="tex4">
            <init_from>Skyk.png</init_from>
        </image>
        <image id="tex5">
            <init_from>EarthKsMM.png</init_from>
        </image>
        <image id="tex6">
            <init_from>Cloud01k.png</init_from>
        </image>
        <image id="tex7">
            <init_from>EarthFarK.png</init_from>
        </image>
        <image id="tex8">
            <init_from>NightCityk.png</init_from>
        </image>
        <image id="tex_vc">
            <init_from>vertexColors.png</init_from>
        </image>
    </library_images>
    <library_effects>
        <effect id="effect0">
            <profile_COMMON>
                <newparam sid="surface0">
                    <surface type="2D">
                        <init_from>tex8</init_from>
                    </surface>
                </newparam>
                <newparam sid="sampler0">
                    <sampler2D>
                        <source>surface0</source>
                    </sampler2D>
                </newparam>
                <technique sid="COMMON">
                    <blinn>
                        <diffuse>
                            <texture texture="sampler0" texcoord="UVSET0"></texture>
                        </diffuse>
                    </blinn>
                </technique>
            </profile_COMMON>
        </effect>
        <effect id="effect1">
            <profile_COMMON>
                <newparam sid="surface1">
                    <surface type="2D">
                        <init_from>tex5</init_from>
                    </surface>
                </newparam>
                <newparam sid="sampler1">
                    <sampler2D>
                        <source>surface1</source>
                    </sampler2D>
                </newparam>
                <technique sid="COMMON">
                    <blinn>
                        <diffuse>
                            <texture texture="sampler1" texcoord="UVSET0"></texture>
                        </diffuse>
                    </blinn>
                </technique>
            </profile_COMMON>
        </effect>
        <effect id="effect2">
            <profile_COMMON>
                <newparam sid="surface2">
                    <surface type="2D">
                        <init_from>tex5</init_from>
                    </surface>
                </newparam>
                <newparam sid="sampler2">
                    <sampler2D>
                        <source>surface2</source>
                    </sampler2D>
                </newparam>
                <technique sid="COMMON">
                    <blinn>
                        <diffuse>
                            <texture texture="sampler2" texcoord="UVSET0"></texture>
                        </diffuse>
                    </blinn>
                </technique>
            </profile_COMMON>
        </effect>
        <effect id="effect3">
            <profile_COMMON>
                <newparam sid="surface3">
                    <surface type="2D">
                        <init_from>tex4</init_from>
                    </surface>
                </newparam>
                <newparam sid="sampler3">
                    <sampler2D>
                        <source>surface3</source>
                    </sampler2D>
                </newparam>
                <technique sid="COMMON">
                    <blinn>
                        <diffuse>
                            <texture texture="sampler3" texcoord="UVSET0"></texture>
                        </diffuse>
                    </blinn>
                </technique>
            </profile_COMMON>
        </effect>
        <effect id="effect4">
            <profile_COMMON>
                <newparam sid="surface4">
                    <surface type="2D">
                        <init_from>tex1</init_from>
                    </surface>
                </newparam>
                <newparam sid="sampler4">
                    <sampler2D>
                        <source>surface4</source>
                    </sampler2D>
                </newparam>
                <technique sid="COMMON">
                    <blinn>
                        <diffuse>
                            <texture texture="sampler4" texcoord="UVSET0"></texture>
                        </diffuse>
                    </blinn>
                </technique>
            </profile_COMMON>
        </effect>
        <effect id="effect5">
            <profile_COMMON>
                <newparam sid="surface5">
                    <surface type="2D">
                        <init_from>tex0</init_from>
                    </surface>
                </newparam>
                <newparam sid="sampler5">
                    <sampler2D>
                        <source>surface5</source>
                    </sampler2D>
                </newparam>
                <technique sid="COMMON">
                    <blinn>
                        <diffuse>
                            <texture texture="sampler5" texcoord="UVSET0"></texture>
                        </diffuse>
                    </blinn>
                </technique>
            </profile_COMMON>
        </effect>
        <effect id="effect_vc">
            <profile_COMMON>
                <newparam sid="surface_vc">
                    <surface type="2D">
                        <init_from>tex_vc</init_from>
                    </surface>
                </newparam>
                <newparam sid="sampler_vc">
                    <sampler2D>
                        <source>surface_vc</source>
                    </sampler2D>
                </newparam>
                <technique sid="COMMON">
                    <blinn>
                        <diffuse>
                            <texture texture="sampler_vc" texcoord="UVSET0"></texture>
                        </diffuse>
                    </blinn>
                </technique>
            </profile_COMMON>
        </effect>
    </library_effects>
    <library_materials>
        <material id="mat0" name="CityLight_Mat_v">
            <instance_effect url="#effect0"></instance_effect>
        </material>
        <material id="mat1" name="EarthFar_v">
            <instance_effect url="#effect1"></instance_effect>
        </material>
        <material id="mat2" name="EarthNightMat_v">
            <instance_effect url="#effect2"></instance_effect>
        </material>
        <material id="mat3" name="Sky_Mat_v">
            <instance_effect url="#effect3"></instance_effect>
        </material>
        <material id="mat4" name="Space_Mat_v">
            <instance_effect url="#effect4"></instance_effect>
        </material>
        <material id="mat5" name="Sun_Mat_v">
            <instance_effect url="#effect5"></instance_effect>
        </material>
        <material id="mat_vc" name="vertexColors">
            <instance_effect url="#effect_vc"></instance_effect>
        </material>
    </library_materials>
    <library_geometries>
        <geometry id="mesh0">
            <mesh>
                <source id="points0">
                    <float_array id="pointarray0" count="192">-780778.1875 -17190.234375 -0.07664400339126587 -679311.9375 -331846.75 135123.53125 -765775.75 -17190.234375 152322.203125 -639897.875 -331846.75 265054.375 -721345 -17190.234375 298790.8125 -575892.9375 -331846.75 384799.3125 -649193.4375 -17190.234375 433777.0625 -489756.71875 -331846.75 489756.6875 -552093.625 -17190.234375 552093.5 -384799.375 -331846.75 575893 -433777.1875 -17190.234375 649193.4375 -265054.4375 -331846.75 639898.0625 -298790.9375 -17190.234375 721345.125 -135123.578125 -331846.75 679312.125 -152322.328125 -17190.234375 765775.875 0.0012410000199452043 -331846.75 692620.6875 -0.02346000075340271 -17190.234375 780778.375 135123.59375 -331846.75 679312.125 152322.28125 -17190.234375 765775.875 265054.4375 -331846.75 639898.0625 298790.9375 -17190.234375 721345.125 384799.4375 -331846.75 575893.125 433777.25 -17190.234375 649193.5625 489756.8125 -331846.75 489756.875 552093.6875 -17190.234375 552093.75 575893.125 -331846.75 384799.53125 649193.5625 -17190.234375 433777.34375 639898.125 -331846.75 265054.5625 721345.25 -17190.234375 298791.03125 679312.375 -331846.75 135123.65625 765776.1875 -17190.234375 152322.34375 692620.875 -331846.75 0.02628600038588047 780778.625 -17190.234375 -0.0032659999560564756 679311.75 -331846.75 -135123.328125 765775.375 -17190.234375 -152322.046875 639897.6875 -331846.75 -265054.09375 721344.75 -17190.234375 -298790.59375 575892.75 -331846.75 -384799.0625 649193.125 -17190.234375 -433776.875 489756.59375 -331846.75 -489756.40625 552093.4375 -17190.234375 -552093.25 384799.3125 -331846.75 -575892.5625 433777.0625 -17190.234375 -649193 265054.40625 -331846.75 -639897.625 298790.90625 -17190.234375 -721344.75 135123.65625 -331846.75 -679311.75 152322.34375 -17190.234375 -765775.5625 0.12337200343608856 -331846.75 -692620.25 0.11421599984169006 -17190.234375 -780777.875 -765775.75 -17190.234375 -152322.359375 -679311.9375 -331846.75 -135123.609375 -692620.5 -331846.75 -0.03880700096487999 -135123.40625 -331846.75 -679311.8125 -152322.125 -17190.234375 -765775.625 -265054.1875 -331846.75 -639897.8125 -298790.6875 -17190.234375 -721344.9375 -384799.125 -331846.75 -575892.8125 -433776.9375 -17190.234375 -649193.3125 -489756.5625 -331846.75 -489756.625 -552093.4375 -17190.234375 -552093.5 -575892.8125 -331846.75 -384799.34375 -649193.25 -17190.234375 -433777.15625 -639897.8125 -331846.75 -265054.4375 -721344.9375 -17190.234375 -298790.9375</float_array>
                    <technique_common>
                        <accessor count="64" source="#pointarray0" stride="3">
                            <param name="X" type="float"/>
                            <param name="Y" type="float"/>
                            <param name="Z" type="float"/>
                        </accessor>
                    </technique_common>
                </source>
                <source id="uvs0">
                    <float_array id="uvarray0" count="96">0.49609375 1 0.43359375 0.00390625 0.43359375 1 0.375 0.00390625 0.375 1 0.3125 0.00390625 0.3125 1 0.25 0.00390625 0.25 1 0.19140625 0.00390625 0.19140625 1 0.12890625 0.00390625 0.12890625 1 0.06640625 0.00390625 0.06640625 1 0.0078125 0.00390625 0.0078125 1 0.0625 0.00390625 0.0625 1 0.125 0.00390625 0.125 1 0.1875 0.00390625 0.1875 1 0.30859375 0.00390625 0.30859375 1 0.37109375 0.00390625 0.37109375 1 0.49609375 0.00390625 0.5546875 0.00390625 0.5546875 1 0.6171875 0.00390625 0.6171875 1 0.6796875 0.00390625 0.6796875 1 0.7421875 0.00390625 0.7421875 1 0.80078125 0.00390625 0.80078125 1 0.86328125 0.00390625 0.86328125 1 0.92578125 0.00390625 0.92578125 1 0.98828125 0.00390625 0.98828125 1 0.55859375 1 0.55859375 0.00390625 0.984375 0.00390625 0.984375 1</float_array>
                    <technique_common>
                        <accessor count="1" source="#uvarray0" stride="2">
                            <param name="S" type="float"/>
                            <param name="T" type="float"/>
                        </accessor>
                    </technique_common>
                </source>
                <vertices id="vertices0">
                    <input semantic="POSITION" source="#points0"/>
                </vertices>
                <polylist count="64" material="Material1">
                    <input offset="0" semantic="VERTEX" source="#vertices0"/>
                    <input offset="1" semantic="TEXCOORD" source="#uvs0" set="0"/>
                    <vcount>3 3 3 3 3 3 3 3 3 3 3 3 3 3 3 3 3 3 3 3 3 3 3 3 3 3 3 3 3 3 3 3 3 3 3 3 3 3 3 3 3 3 3 3 3 3 3 3 3 3 3 3 3 3 3 3 3 3 3 3 3 3 3 3</vcount>
                    <p>2 2 1 1 0 0 3 3 1 1 2 2 4 4 3 3 2 2 5 5 3 3 4 4 6 6 5 5 4 4 7 7 5 5 6 6 8 8 7 7 6 6 9 9 7 7 8 8 10 10 9 9 8 8 11 11 9 9 10 10 12 12 11 11 10 10 13 13 11 11 12 12 14 14 13 13 12 12 15 15 13 13 14 14 16 16 15 15 14 14 17 17 15 15 16 16 18 18 17 17 16 16 19 19 17 17 18 18 20 20 19 19 18 18 21 21 19 19 20 20 22 22 21 21 20 20 23 7 21 21 22 22 24 8 23 7 22 22 25 23 23 7 24 8 26 24 25 23 24 8 27 25 25 23 26 24 28 26 27 25 26 24 29 1 27 25 28 26 30 2 29 1 28 26 31 27 29 1 30 2 32 0 31 27 30 2 33 28 31 27 32 0 34 29 33 28 32 0 35 30 33 28 34 29 36 31 35 30 34 29 37 32 35 30 36 31 38 33 37 32 36 31 39 34 37 32 38 33 40 35 39 34 38 33 41 36 39 34 40 35 42 37 41 36 40 35 43 38 41 36 42 37 44 39 43 38 42 37 45 40 43 38 44 39 46 41 45 40 44 39 47 42 45 40 46 41 48 43 47 42 46 41 0 0 50 45 49 44 51 27 50 45 0 0 1 1 51 27 0 0 48 47 52 40 47 46 53 41 52 40 48 47 53 41 54 38 52 40 55 39 54 38 53 41 55 39 56 36 54 38 57 37 56 36 55 39 57 37 58 34 56 36 59 35 58 34 57 37 59 35 60 32 58 34 61 33 60 32 59 35 61 33 62 30 60 32 63 31 62 30 61 33 63 31 50 45 62 30 49 44 50 45 63 31</p>
                </polylist>
            </mesh>
        </geometry>
        <geometry id="mesh0_VC">
            <mesh>
                <source id="points0_VC">
                    <float_array id="pointarray0_VC" count="192">-780778.1875 -17190.234375 -0.07664400339126587 -679311.9375 -331846.75 135123.53125 -765775.75 -17190.234375 152322.203125 -639897.875 -331846.75 265054.375 -721345 -17190.234375 298790.8125 -575892.9375 -331846.75 384799.3125 -649193.4375 -17190.234375 433777.0625 -489756.71875 -331846.75 489756.6875 -552093.625 -17190.234375 552093.5 -384799.375 -331846.75 575893 -433777.1875 -17190.234375 649193.4375 -265054.4375 -331846.75 639898.0625 -298790.9375 -17190.234375 721345.125 -135123.578125 -331846.75 679312.125 -152322.328125 -17190.234375 765775.875 0.0012410000199452043 -331846.75 692620.6875 -0.02346000075340271 -17190.234375 780778.375 135123.59375 -331846.75 679312.125 152322.28125 -17190.234375 765775.875 265054.4375 -331846.75 639898.0625 298790.9375 -17190.234375 721345.125 384799.4375 -331846.75 575893.125 433777.25 -17190.234375 649193.5625 489756.8125 -331846.75 489756.875 552093.6875 -17190.234375 552093.75 575893.125 -331846.75 384799.53125 649193.5625 -17190.234375 433777.34375 639898.125 -331846.75 265054.5625 721345.25 -17190.234375 298791.03125 679312.375 -331846.75 135123.65625 765776.1875 -17190.234375 152322.34375 692620.875 -331846.75 0.02628600038588047 780778.625 -17190.234375 -0.0032659999560564756 679311.75 -331846.75 -135123.328125 765775.375 -17190.234375 -152322.046875 639897.6875 -331846.75 -265054.09375 721344.75 -17190.234375 -298790.59375 575892.75 -331846.75 -384799.0625 649193.125 -17190.234375 -433776.875 489756.59375 -331846.75 -489756.40625 552093.4375 -17190.234375 -552093.25 384799.3125 -331846.75 -575892.5625 433777.0625 -17190.234375 -649193 265054.40625 -331846.75 -639897.625 298790.90625 -17190.234375 -721344.75 135123.65625 -331846.75 -679311.75 152322.34375 -17190.234375 -765775.5625 0.12337200343608856 -331846.75 -692620.25 0.11421599984169006 -17190.234375 -780777.875 -765775.75 -17190.234375 -152322.359375 -679311.9375 -331846.75 -135123.609375 -692620.5 -331846.75 -0.03880700096487999 -135123.40625 -331846.75 -679311.8125 -152322.125 -17190.234375 -765775.625 -265054.1875 -331846.75 -639897.8125 -298790.6875 -17190.234375 -721344.9375 -384799.125 -331846.75 -575892.8125 -433776.9375 -17190.234375 -649193.3125 -489756.5625 -331846.75 -489756.625 -552093.4375 -17190.234375 -552093.5 -575892.8125 -331846.75 -384799.34375 -649193.25 -17190.234375 -433777.15625 -639897.8125 -331846.75 -265054.4375 -721344.9375 -17190.234375 -298790.9375</float_array>
                    <technique_common>
                        <accessor count="64" source="#pointarray0_VC" stride="3">
                            <param name="X" type="float"/>
                            <param name="Y" type="float"/>
                            <param name="Z" type="float"/>
                        </accessor>
                    </technique_common>
                </source>
                <source id="uvs0_VC">
                    <float_array id="uvarray0_VC" count="24">0.00048828125 0.9990234375 0.06201171875 0.7509765625 0.62451171875 0.3759765625 0.59423828125 0.3759765625 0.59423828125 0.4990234375 0.59326171875 0.4384765625 0.57861328125 0.4990234375 0.57861328125 0.4384765625 0.00048828125 0.7509765625 0.12548828125 0.7509765625 0.24951171875 0.7509765625 0.12548828125 0.9990234375</float_array>
                    <technique_common>
                        <accessor count="1" source="#uvarray0_VC" stride="2">
                            <param name="S" type="float"/>
                            <param name="T" type="float"/>
                        </accessor>
                    </technique_common>
                </source>
                <vertices id="vertices0_VC">
                    <input semantic="POSITION" source="#points0_VC"/>
                </vertices>
                <polylist count="64" material="Material1">
                    <input offset="0" semantic="VERTEX" source="#vertices0_VC"/>
                    <input offset="1" semantic="TEXCOORD" source="#uvs0_VC" set="0"/>
                    <vcount>3 3 3 3 3 3 3 3 3 3 3 3 3 3 3 3 3 3 3 3 3 3 3 3 3 3 3 3 3 3 3 3 3 3 3 3 3 3 3 3 3 3 3 3 3 3 3 3 3 3 3 3 3 3 3 3 3 3 3 3 3 3 3 3</vcount>
                    <p>2 0 1 1 0 0 3 2 1 3 2 4 4 4 3 2 2 4 5 5 3 6 4 7 6 7 5 5 4 7 7 7 5 5 6 7 8 0 7 0 6 0 9 0 7 0 8 0 10 0 9 0 8 0 11 0 9 0 10 0 12 0 11 0 10 0 13 0 11 0 12 0 14 0 13 0 12 0 15 0 13 0 14 0 16 0 15 0 14 0 17 0 15 0 16 0 18 0 17 0 16 0 19 0 17 0 18 0 20 0 19 0 18 0 21 0 19 0 20 0 22 0 21 0 20 0 23 0 21 0 22 0 24 0 23 0 22 0 25 5 23 7 24 7 26 7 25 5 24 7 27 6 25 5 26 7 28 4 27 2 26 4 29 3 27 2 28 4 30 0 29 1 28 0 31 8 29 1 30 0 32 0 31 8 30 0 33 9 31 10 32 11 34 11 33 9 32 11 35 9 33 9 34 11 36 11 35 9 34 11 37 9 35 9 36 11 38 11 37 9 36 11 39 9 37 9 38 11 40 11 39 9 38 11 41 9 39 9 40 11 42 11 41 9 40 11 43 9 41 9 42 11 44 11 43 9 42 11 45 9 43 9 44 11 46 11 45 9 44 11 47 9 45 9 46 11 48 11 47 9 46 11 0 11 50 9 49 11 51 10 50 9 0 11 1 1 51 8 0 0 48 11 52 9 47 9 53 11 52 9 48 11 53 11 54 9 52 9 55 11 54 9 53 11 55 11 56 9 54 9 57 11 56 9 55 11 57 11 58 9 56 9 59 11 58 9 57 11 59 11 60 9 58 9 61 11 60 9 59 11 61 11 62 9 60 9 63 11 62 9 61 11 63 11 50 9 62 9 49 11 50 9 63 11</p>
                </polylist>
            </mesh>
        </geometry>
        <geometry id="mesh1">
            <mesh>
                <source id="points1">
                    <float_array id="pointarray1" count="195">-692620.5 -331846.75 -0.03880700096487999 -363285.8125 -331846.75 0.0657150000333786 -679311.9375 -331846.75 135123.53125 -356305.34375 -331846.75 70873.6171875 -639897.875 -331846.75 265054.375 -335632.34375 -331846.75 139023.546875 -575892.9375 -331846.75 384799.3125 -302061.125 -331846.75 201830.84375 -489756.71875 -331846.75 489756.6875 -256881.875 -331846.75 256881.953125 -384799.375 -331846.75 575893 -201830.78125 -331846.75 302061.25 -265054.4375 -331846.75 639898.0625 -139023.484375 -331846.75 335632.5 -135123.578125 -331846.75 679312.125 -70873.546875 -331846.75 356305.5 0.0012410000199452043 -331846.75 692620.6875 0.011481000110507011 -331846.75 363286 135123.59375 -331846.75 679312.125 70873.578125 -331846.75 356305.5 265054.4375 -331846.75 639898.0625 139023.5 -331846.75 335632.5 384799.4375 -331846.75 575893.125 201830.875 -331846.75 302061.3125 489756.8125 -331846.75 489756.875 256881.953125 -331846.75 256882.078125 575893.125 -331846.75 384799.53125 302061.25 -331846.75 201830.984375 639898.125 -331846.75 265054.5625 335632.46875 -331846.75 139023.640625 679312.375 -331846.75 135123.65625 356305.59375 -331846.75 70873.6875 692620.875 -331846.75 0.02628600038588047 363286 -331846.75 0.09985700249671936 679311.75 -331846.75 -135123.328125 356305.25 -331846.75 -70873.3359375 639897.6875 -331846.75 -265054.09375 335632.21875 -331846.75 -139023.21875 575892.75 -331846.75 -384799.0625 302061.0625 -331846.75 -201830.5625 489756.59375 -331846.75 -489756.40625 256881.859375 -331846.75 -256881.65625 384799.3125 -331846.75 -575892.5625 201830.78125 -331846.75 -302060.875 265054.40625 -331846.75 -639897.625 139023.484375 -331846.75 -335632.125 135123.65625 -331846.75 -679311.75 70873.609375 -331846.75 -356305.15625 0.12337200343608856 -331846.75 -692620.25 0.07553999871015549 -331846.75 -363285.59375 -135123.40625 -331846.75 -679311.8125 -70873.453125 -331846.75 -356305.1875 -265054.1875 -331846.75 -639897.8125 -139023.34375 -331846.75 -335632.1875 -384799.125 -331846.75 -575892.8125 -201830.671875 -331846.75 -302061 -489756.5625 -331846.75 -489756.625 -256881.796875 -331846.75 -256881.78125 -575892.8125 -331846.75 -384799.34375 -302061.0625 -331846.75 -201830.703125 -639897.8125 -331846.75 -265054.4375 -335632.25 -331846.75 -139023.40625 -679311.9375 -331846.75 -135123.609375 -356305.34375 -331846.75 -70873.484375 0.022776000201702118 -331846.71875 0.18101200461387634</float_array>
                    <technique_common>
                        <accessor count="65" source="#pointarray1" stride="3">
                            <param name="X" type="float"/>
                            <param name="Y" type="float"/>
                            <param name="Z" type="float"/>
                        </accessor>
                    </technique_common>
                </source>
                <source id="uvs1">
                    <float_array id="uvarray1" count="130">0 0.5 0.234375 0.5 0.0078125 0.40625 0.2421875 0.44921875 0.03515625 0.3125 0.25390625 0.40234375 0.08203125 0.22265625 0.28125 0.35546875 0.14453125 0.1484375 0.3125 0.31640625 0.21875 0.0859375 0.3515625 0.28515625 0.30859375 0.0390625 0.3984375 0.2578125 0.40234375 0.01171875 0.4453125 0.24609375 0.5 0 0.5 0.23828125 0.59375 0.01171875 0.55078125 0.24609375 0.6875 0.0390625 0.59765625 0.2578125 0.77734375 0.0859375 0.64453125 0.28515625 0.8515625 0.1484375 0.68359375 0.31640625 0.9140625 0.22265625 0.71484375 0.35546875 0.9609375 0.3125 0.7421875 0.40234375 0.98828125 0.40625 0.75390625 0.44921875 1 0.5 0.76171875 0.5 0.98828125 0.59765625 0.75390625 0.5546875 0.9609375 0.69140625 0.7421875 0.6015625 0.9140625 0.78125 0.71484375 0.6484375 0.8515625 0.85546875 0.68359375 0.6875 0.77734375 0.91796875 0.64453125 0.71875 0.6875 0.96484375 0.59765625 0.74609375 0.59375 0.9921875 0.55078125 0.7578125 0.5 1 0.5 0.765625 0.40234375 0.9921875 0.4453125 0.7578125 0.30859375 0.96484375 0.3984375 0.74609375 0.21875 0.91796875 0.3515625 0.71875 0.14453125 0.85546875 0.3125 0.6875 0.08203125 0.78125 0.28125 0.6484375 0.03515625 0.69140625 0.25390625 0.6015625 0.0078125 0.59765625 0.2421875 0.5546875 0.5 0.5</float_array>
                    <technique_common>
                        <accessor count="1" source="#uvarray1" stride="2">
                            <param name="S" type="float"/>
                            <param name="T" type="float"/>
                        </accessor>
                    </technique_common>
                </source>
                <vertices id="vertices1">
                    <input semantic="POSITION" source="#points1"/>
                </vertices>
                <polylist count="96" material="Material1">
                    <input offset="0" semantic="VERTEX" source="#vertices1"/>
                    <input offset="1" semantic="TEXCOORD" source="#uvs1" set="0"/>
                    <vcount>3 3 3 3 3 3 3 3 3 3 3 3 3 3 3 3 3 3 3 3 3 3 3 3 3 3 3 3 3 3 3 3 3 3 3 3 3 3 3 3 3 3 3 3 3 3 3 3 3 3 3 3 3 3 3 3 3 3 3 3 3 3 3 3 3 3 3 3 3 3 3 3 3 3 3 3 3 3 3 3 3 3 3 3 3 3 3 3 3 3 3 3 3 3 3 3</vcount>
                    <p>2 2 1 1 0 0 3 3 1 1 2 2 4 4 3 3 2 2 5 5 3 3 4 4 6 6 5 5 4 4 7 7 5 5 6 6 8 8 7 7 6 6 9 9 7 7 8 8 10 10 9 9 8 8 11 11 9 9 10 10 12 12 11 11 10 10 13 13 11 11 12 12 14 14 13 13 12 12 15 15 13 13 14 14 16 16 15 15 14 14 17 17 15 15 16 16 18 18 17 17 16 16 19 19 17 17 18 18 20 20 19 19 18 18 21 21 19 19 20 20 22 22 21 21 20 20 23 23 21 21 22 22 24 24 23 23 22 22 25 25 23 23 24 24 26 26 25 25 24 24 27 27 25 25 26 26 28 28 27 27 26 26 29 29 27 27 28 28 30 30 29 29 28 28 31 31 29 29 30 30 32 32 31 31 30 30 33 33 31 31 32 32 34 34 33 33 32 32 35 35 33 33 34 34 36 36 35 35 34 34 37 37 35 35 36 36 38 38 37 37 36 36 39 39 37 37 38 38 40 40 39 39 38 38 41 41 39 39 40 40 42 42 41 41 40 40 43 43 41 41 42 42 44 44 43 43 42 42 45 45 43 43 44 44 46 46 45 45 44 44 47 47 45 45 46 46 48 48 47 47 46 46 49 49 47 47 48 48 50 50 49 49 48 48 51 51 49 49 50 50 52 52 51 51 50 50 53 53 51 51 52 52 54 54 53 53 52 52 55 55 53 53 54 54 56 56 55 55 54 54 57 57 55 55 56 56 58 58 57 57 56 56 59 59 57 57 58 58 60 60 59 59 58 58 61 61 59 59 60 60 62 62 61 61 60 60 63 63 61 61 62 62 1 1 63 63 62 62 64 64 63 63 1 1 3 3 64 64 1 1 5 5 64 64 3 3 7 7 64 64 5 5 9 9 64 64 7 7 11 11 64 64 9 9 13 13 64 64 11 11 15 15 64 64 13 13 17 17 64 64 15 15 19 19 64 64 17 17 21 21 64 64 19 19 23 23 64 64 21 21 25 25 64 64 23 23 27 27 64 64 25 25 29 29 64 64 27 27 31 31 64 64 29 29 33 33 64 64 31 31 35 35 64 64 33 33 37 37 64 64 35 35 39 39 64 64 37 37 41 41 64 64 39 39 43 43 64 64 41 41 45 45 64 64 43 43 47 47 64 64 45 45 49 49 64 64 47 47 51 51 64 64 49 49 53 53 64 64 51 51 55 55 64 64 53 53 57 57 64 64 55 55 59 59 64 64 57 57 61 61 64 64 59 59 64 64 61 61 63 63 1 1 62 62 0 0</p>
                </polylist>
            </mesh>
        </geometry>
        <geometry id="mesh1_VC">
            <mesh>
                <source id="points1_VC">
                    <float_array id="pointarray1_VC" count="195">-692620.5 -331846.75 -0.03880700096487999 -363285.8125 -331846.75 0.0657150000333786 -679311.9375 -331846.75 135123.53125 -356305.34375 -331846.75 70873.6171875 -639897.875 -331846.75 265054.375 -335632.34375 -331846.75 139023.546875 -575892.9375 -331846.75 384799.3125 -302061.125 -331846.75 201830.84375 -489756.71875 -331846.75 489756.6875 -256881.875 -331846.75 256881.953125 -384799.375 -331846.75 575893 -201830.78125 -331846.75 302061.25 -265054.4375 -331846.75 639898.0625 -139023.484375 -331846.75 335632.5 -135123.578125 -331846.75 679312.125 -70873.546875 -331846.75 356305.5 0.0012410000199452043 -331846.75 692620.6875 0.011481000110507011 -331846.75 363286 135123.59375 -331846.75 679312.125 70873.578125 -331846.75 356305.5 265054.4375 -331846.75 639898.0625 139023.5 -331846.75 335632.5 384799.4375 -331846.75 575893.125 201830.875 -331846.75 302061.3125 489756.8125 -331846.75 489756.875 256881.953125 -331846.75 256882.078125 575893.125 -331846.75 384799.53125 302061.25 -331846.75 201830.984375 639898.125 -331846.75 265054.5625 335632.46875 -331846.75 139023.640625 679312.375 -331846.75 135123.65625 356305.59375 -331846.75 70873.6875 692620.875 -331846.75 0.02628600038588047 363286 -331846.75 0.09985700249671936 679311.75 -331846.75 -135123.328125 356305.25 -331846.75 -70873.3359375 639897.6875 -331846.75 -265054.09375 335632.21875 -331846.75 -139023.21875 575892.75 -331846.75 -384799.0625 302061.0625 -331846.75 -201830.5625 489756.59375 -331846.75 -489756.40625 256881.859375 -331846.75 -256881.65625 384799.3125 -331846.75 -575892.5625 201830.78125 -331846.75 -302060.875 265054.40625 -331846.75 -639897.625 139023.484375 -331846.75 -335632.125 135123.65625 -331846.75 -679311.75 70873.609375 -331846.75 -356305.15625 0.12337200343608856 -331846.75 -692620.25 0.07553999871015549 -331846.75 -363285.59375 -135123.40625 -331846.75 -679311.8125 -70873.453125 -331846.75 -356305.1875 -265054.1875 -331846.75 -639897.8125 -139023.34375 -331846.75 -335632.1875 -384799.125 -331846.75 -575892.8125 -201830.671875 -331846.75 -302061 -489756.5625 -331846.75 -489756.625 -256881.796875 -331846.75 -256881.78125 -575892.8125 -331846.75 -384799.34375 -302061.0625 -331846.75 -201830.703125 -639897.8125 -331846.75 -265054.4375 -335632.25 -331846.75 -139023.40625 -679311.9375 -331846.75 -135123.609375 -356305.34375 -331846.75 -70873.484375 0.022776000201702118 -331846.71875 0.18101200461387634</float_array>
                    <technique_common>
                        <accessor count="65" source="#pointarray1_VC" stride="3">
                            <param name="X" type="float"/>
                            <param name="Y" type="float"/>
                            <param name="Z" type="float"/>
                        </accessor>
                    </technique_common>
                </source>
                <source id="uvs1_VC">
                    <float_array id="uvarray1_VC" count="334">0.68701171875 0.3759765625 0.62548828125 0.3759765625 0.62548828125 0.4990234375 0.03173828125 0.2490234375 0.06201171875 0.1884765625 0.03173828125 0.1884765625 0.06201171875 0.1259765625 0.03173828125 0.1259765625 0.03173828125 0.1865234375 0.12548828125 0.2490234375 0.15576171875 0.1884765625 0.12548828125 0.1884765625 0.59326171875 0.3759765625 0.57861328125 0.3759765625 0.57861328125 0.4365234375 0.57080078125 0.4990234375 0.57763671875 0.4697265625 0.57080078125 0.4697265625 0.21923828125 0.2197265625 0.23388671875 0.2197265625 0.21923828125 0.2490234375 0.56689453125 0.4990234375 0.56689453125 0.4384765625 0.00048828125 0.9990234375 0.59326171875 0.4384765625 0.57861328125 0.4384765625 0.24951171875 0.2197265625 0.23486328125 0.2197265625 0.23486328125 0.2490234375 0.57861328125 0.3740234375 0.57861328125 0.3134765625 0.59326171875 0.3134765625 0.18701171875 0.1884765625 0.15673828125 0.1884765625 0.15673828125 0.2490234375 0.59423828125 0.3740234375 0.59423828125 0.2509765625 0.62451171875 0.2509765625 0.71826171875 0.3759765625 0.68798828125 0.3759765625 0.68798828125 0.4990234375 0.06298828125 0.9990234375 0.06298828125 0.7509765625 0.12451171875 0.7509765625 0.31201171875 0.7509765625 0.25048828125 0.7509765625 0.25048828125 0.9990234375 0.31298828125 0.7509765625 0.31298828125 0.9990234375 0.37451171875 0.7509765625 0.49951171875 0.7509765625 0.37548828125 0.7509765625 0.37548828125 0.9990234375 0.62451171875 0.7509765625 0.50048828125 0.7509765625 0.50048828125 0.9990234375 0.68701171875 0.7509765625 0.62548828125 0.7509765625 0.62548828125 0.9990234375 0.68701171875 0.2509765625 0.62548828125 0.2509765625 0.62548828125 0.3740234375 0.74951171875 0.2509765625 0.68798828125 0.2509765625 0.68798828125 0.3740234375 0.81201171875 0.3759765625 0.75048828125 0.3759765625 0.75048828125 0.4990234375 0.81298828125 0.3759765625 0.87451171875 0.3759765625 0.81298828125 0.4990234375 0.75048828125 0.2509765625 0.81201171875 0.2509765625 0.75048828125 0.3740234375 0.81298828125 0.2509765625 0.87451171875 0.2509765625 0.81298828125 0.3740234375 0.87548828125 0.3759765625 0.93701171875 0.3759765625 0.87548828125 0.4990234375 0.93798828125 0.3759765625 0.99951171875 0.3759765625 0.93798828125 0.4990234375 0.87548828125 0.2509765625 0.93701171875 0.2509765625 0.87548828125 0.3740234375 0.68798828125 0.9990234375 0.74951171875 0.7509765625 0.68798828125 0.7509765625 0.75048828125 0.7509765625 0.87451171875 0.7509765625 0.75048828125 0.9990234375 0.87548828125 0.7509765625 0.99951171875 0.7509765625 0.87548828125 0.9990234375 0.00048828125 0.5009765625 0.12451171875 0.5009765625 0.00048828125 0.7490234375 0.93798828125 0.3740234375 0.93798828125 0.2509765625 0.99951171875 0.2509765625 0.74951171875 0.3759765625 0.71923828125 0.4990234375 0.71923828125 0.3759765625 0.21826171875 0.1884765625 0.18798828125 0.1884765625 0.18798828125 0.2490234375 0.57763671875 0.4228515625 0.57080078125 0.4228515625 0.57080078125 0.4365234375 0.57763671875 0.4384765625 0.57080078125 0.4384765625 0.57080078125 0.4677734375 0.57861328125 0.3115234375 0.57861328125 0.2509765625 0.59326171875 0.2509765625 0.00048828125 0.1259765625 0.00048828125 0.2490234375 0.03076171875 0.1259765625 0.06298828125 0.1259765625 0.06298828125 0.2490234375 0.12451171875 0.1259765625 0.00048828125 0.0009765625 0.00048828125 0.1240234375 0.06201171875 0.0009765625 0.12548828125 0.5009765625 0.12548828125 0.7490234375 0.18701171875 0.5009765625 0.25048828125 0.5009765625 0.25048828125 0.7490234375 0.37451171875 0.5009765625 0.37548828125 0.5009765625 0.37548828125 0.7490234375 0.49951171875 0.5009765625 0.50048828125 0.5009765625 0.50048828125 0.7490234375 0.62451171875 0.5009765625 0.74951171875 0.5009765625 0.62548828125 0.7490234375 0.62548828125 0.5009765625 0.87451171875 0.5009765625 0.75048828125 0.7490234375 0.75048828125 0.5009765625 0.99951171875 0.5009765625 0.87548828125 0.7490234375 0.87548828125 0.5009765625 0.12451171875 0.2509765625 0.00048828125 0.4990234375 0.00048828125 0.2509765625 0.24951171875 0.2509765625 0.12548828125 0.4990234375 0.12548828125 0.2509765625 0.37451171875 0.2509765625 0.25048828125 0.4990234375 0.25048828125 0.2509765625 0.49951171875 0.2509765625 0.37548828125 0.4990234375 0.37548828125 0.2509765625 0.24951171875 0.5009765625 0.18798828125 0.7490234375 0.18798828125 0.5009765625 0.06298828125 0.1240234375 0.06298828125 0.0009765625 0.12451171875 0.0009765625 0.50048828125 0.4990234375 0.50048828125 0.2509765625 0.56201171875 0.2509765625</float_array>
                    <technique_common>
                        <accessor count="1" source="#uvarray1_VC" stride="2">
                            <param name="S" type="float"/>
                            <param name="T" type="float"/>
                        </accessor>
                    </technique_common>
                </source>
                <vertices id="vertices1_VC">
                    <input semantic="POSITION" source="#points1_VC"/>
                </vertices>
                <polylist count="96" material="Material1">
                    <input offset="0" semantic="VERTEX" source="#vertices1_VC"/>
                    <input offset="1" semantic="TEXCOORD" source="#uvs1_VC" set="0"/>
                    <vcount>3 3 3 3 3 3 3 3 3 3 3 3 3 3 3 3 3 3 3 3 3 3 3 3 3 3 3 3 3 3 3 3 3 3 3 3 3 3 3 3 3 3 3 3 3 3 3 3 3 3 3 3 3 3 3 3 3 3 3 3 3 3 3 3 3 3 3 3 3 3 3 3 3 3 3 3 3 3 3 3 3 3 3 3 3 3 3 3 3 3 3 3 3 3 3 3</vcount>
                    <p>2 0 1 1 0 2 3 3 1 4 2 5 4 6 3 7 2 8 5 9 3 10 4 11 6 12 5 13 4 14 7 15 5 16 6 17 8 18 7 19 6 20 9 21 7 22 8 21 10 23 9 23 8 23 11 23 9 23 10 23 12 23 11 23 10 23 13 23 11 23 12 23 14 23 13 23 12 23 15 23 13 23 14 23 16 23 15 23 14 23 17 23 15 23 16 23 18 23 17 23 16 23 19 23 17 23 18 23 20 23 19 23 18 23 21 23 19 23 20 23 22 23 21 23 20 23 23 23 21 23 22 23 24 23 23 23 22 23 25 23 23 23 24 23 26 24 25 25 24 25 27 26 25 27 26 28 28 29 27 30 26 31 29 32 27 33 28 34 30 35 29 36 28 37 31 38 29 39 30 40 32 41 31 42 30 43 33 44 31 45 32 46 34 47 33 48 32 49 35 50 33 51 34 52 36 52 35 50 34 52 37 53 35 54 36 55 38 55 37 53 36 55 39 56 37 57 38 58 40 58 39 56 38 58 41 59 39 60 40 61 42 61 41 59 40 61 43 62 41 63 42 64 44 64 43 62 42 64 45 65 43 66 44 67 46 67 45 65 44 67 47 68 45 69 46 70 48 70 47 68 46 70 49 71 47 72 48 73 50 73 49 71 48 73 51 74 49 75 50 76 52 76 51 74 50 76 53 77 51 78 52 79 54 79 53 77 52 79 55 80 53 81 54 82 56 82 55 80 54 82 57 83 55 84 56 85 58 86 57 87 56 86 59 88 57 87 58 86 60 86 59 88 58 86 61 89 59 90 60 91 62 91 61 89 60 91 63 92 61 93 62 94 1 95 63 96 62 97 64 98 63 99 1 100 3 101 64 102 1 103 5 104 64 105 3 106 7 107 64 108 5 109 9 21 64 21 7 22 11 23 64 23 9 23 13 23 64 23 11 23 15 23 64 23 13 23 17 23 64 23 15 23 19 23 64 23 17 23 21 23 64 23 19 23 23 23 64 23 21 23 25 23 64 23 23 23 27 110 64 111 25 111 29 112 64 111 27 110 31 113 64 114 29 115 33 116 64 117 31 118 35 119 64 120 33 121 37 122 64 123 35 124 39 125 64 126 37 127 41 128 64 129 39 130 43 131 64 132 41 133 45 134 64 135 43 136 47 137 64 138 45 139 49 140 64 141 47 142 51 143 64 144 49 145 53 146 64 147 51 148 55 149 64 150 53 151 57 152 64 153 55 154 59 155 64 156 57 157 61 158 64 159 59 160 64 161 61 162 63 163 1 164 62 165 0 166</p>
                </polylist>
            </mesh>
        </geometry>
        <geometry id="mesh2">
            <mesh>
                <source id="points2">
                    <float_array id="pointarray2" count="45">-183039.609375 -71914.40625 -692269.25 -183288.875 -8321.8115234375 -693710.0625 -91557.75 -71669.2734375 -713014.75 -91807.0390625 -8076.650390625 -714455.625 -76.0927963256836 -71424.0546875 -718631.5625 -325.353515625 -7831.46484375 -720072.375 91405.6328125 -71178.9296875 -712151.875 91156.34375 -7586.3134765625 -713592.625 182887.390625 -70933.734375 -690543.1875 182638.171875 -7341.123046875 -691983.875 -183538.109375 55270.78515625 -695150.9375 -92056.328125 55515.97265625 -715896.5 -574.6141967773438 55761.125 -721513.125 90907.0703125 56006.3046875 -715033.4375 182388.96875 56251.484375 -693424.6875</float_array>
                    <technique_common>
                        <accessor count="15" source="#pointarray2" stride="3">
                            <param name="X" type="float"/>
                            <param name="Y" type="float"/>
                            <param name="Z" type="float"/>
                        </accessor>
                    </technique_common>
                </source>
                <source id="uvs2">
                    <float_array id="uvarray2" count="30">0 0 0 0.5 0.25 0.00390625 0.25 0.5 0.5 0.00390625 0.5 0.5 0.75 0.0078125 0.74609375 0.50390625 1 0.0078125 0.99609375 0.50390625 0 0.99609375 0.24609375 0.99609375 0.49609375 1 0.74609375 1 0.99609375 1</float_array>
                    <technique_common>
                        <accessor count="1" source="#uvarray2" stride="2">
                            <param name="S" type="float"/>
                            <param name="T" type="float"/>
                        </accessor>
                    </technique_common>
                </source>
                <vertices id="vertices2">
                    <input semantic="POSITION" source="#points2"/>
                </vertices>
                <polylist count="16" material="Material1">
                    <input offset="0" semantic="VERTEX" source="#vertices2"/>
                    <input offset="1" semantic="TEXCOORD" source="#uvs2" set="0"/>
                    <vcount>3 3 3 3 3 3 3 3 3 3 3 3 3 3 3 3</vcount>
                    <p>2 2 1 1 0 0 3 3 1 1 2 2 4 4 3 3 2 2 5 5 3 3 4 4 6 6 5 5 4 4 7 7 5 5 6 6 8 8 7 7 6 6 9 9 7 7 8 8 3 3 10 10 1 1 11 11 10 10 3 3 5 5 11 11 3 3 12 12 11 11 5 5 7 7 12 12 5 5 13 13 12 12 7 7 9 9 13 13 7 7 14 14 13 13 9 9</p>
                </polylist>
            </mesh>
        </geometry>
        <geometry id="mesh2_VC">
            <mesh>
                <source id="points2_VC">
                    <float_array id="pointarray2_VC" count="45">-183039.609375 -71914.40625 -692269.25 -183288.875 -8321.8115234375 -693710.0625 -91557.75 -71669.2734375 -713014.75 -91807.0390625 -8076.650390625 -714455.625 -76.0927963256836 -71424.0546875 -718631.5625 -325.353515625 -7831.46484375 -720072.375 91405.6328125 -71178.9296875 -712151.875 91156.34375 -7586.3134765625 -713592.625 182887.390625 -70933.734375 -690543.1875 182638.171875 -7341.123046875 -691983.875 -183538.109375 55270.78515625 -695150.9375 -92056.328125 55515.97265625 -715896.5 -574.6141967773438 55761.125 -721513.125 90907.0703125 56006.3046875 -715033.4375 182388.96875 56251.484375 -693424.6875</float_array>
                    <technique_common>
                        <accessor count="15" source="#pointarray2_VC" stride="3">
                            <param name="X" type="float"/>
                            <param name="Y" type="float"/>
                            <param name="Z" type="float"/>
                        </accessor>
                    </technique_common>
                </source>
                <source id="uvs2_VC">
                    <float_array id="uvarray2_VC" count="2">0.12548828125 0.7509765625</float_array>
                    <technique_common>
                        <accessor count="1" source="#uvarray2_VC" stride="2">
                            <param name="S" type="float"/>
                            <param name="T" type="float"/>
                        </accessor>
                    </technique_common>
                </source>
                <vertices id="vertices2_VC">
                    <input semantic="POSITION" source="#points2_VC"/>
                </vertices>
                <polylist count="16" material="Material1">
                    <input offset="0" semantic="VERTEX" source="#vertices2_VC"/>
                    <input offset="1" semantic="TEXCOORD" source="#uvs2_VC" set="0"/>
                    <vcount>3 3 3 3 3 3 3 3 3 3 3 3 3 3 3 3</vcount>
                    <p>2 0 1 0 0 0 3 0 1 0 2 0 4 0 3 0 2 0 5 0 3 0 4 0 6 0 5 0 4 0 7 0 5 0 6 0 8 0 7 0 6 0 9 0 7 0 8 0 3 0 10 0 1 0 11 0 10 0 3 0 5 0 11 0 3 0 12 0 11 0 5 0 7 0 12 0 5 0 13 0 12 0 7 0 9 0 13 0 7 0 14 0 13 0 9 0</p>
                </polylist>
            </mesh>
        </geometry>
        <geometry id="mesh3">
            <mesh>
                <source id="points3">
                    <float_array id="pointarray3" count="771">769928.4375 65341.125 -153148.125 755250 161907.390625 -150228.40625 785012.8125 65341.125 0.000024000000848900527 770046.9375 161907.390625 0 769929.125 65341.125 153148.4375 755250.6875 161907.390625 150228.71875 725257.1875 65341.125 300411.4375 711430.5 161907.390625 294684.21875 652714.25 65341.125 436129.71875 640270.5 161907.390625 427815.15625 555087.75 65341.125 555087.875 544505.25 161907.390625 544505.375 436129.65625 65341.125 652714.25 427815.0625 161907.390625 640270.5 300411.34375 65341.125 725257.125 294684.125 161907.390625 711430.375 153148.359375 65341.125 769928.875 150228.640625 161907.390625 755250.375 -0.020820999518036842 65341.125 785012.5625 -0.02045300044119358 161907.390625 770046.75 -153148.40625 65341.125 769928.875 -150228.6875 161907.390625 755250.375 -300411.375 65341.125 725256.9375 -294684.125 161907.390625 711430.375 -436129.625 65341.125 652714.1875 -427815 161907.390625 640270.375 -555087.75 65341.125 555087.6875 -544505.1875 161907.390625 544505.125 -652714.1875 65341.125 436129.625 -640270.375 161907.390625 427814.875 -725256.9375 65341.125 300411.21875 -711430.25 161907.390625 294684 -769928.75 65341.125 153148.28125 -755250.3125 161907.390625 150228.5625 -785012.4375 65341.125 -0.07375200092792511 -770046.5625 161907.390625 -0.07236900180578232 -769928.75 65341.125 -153148.421875 -755250.3125 161907.390625 -150228.71875 -725256.875 65341.125 -300411.375 -711430.125 161907.390625 -294684.125 -652714.0625 65341.125 -436129.625 -640270.1875 161907.390625 -427814.96875 -555087.5625 65341.125 -555087.6875 -544505.0625 161907.390625 -544505.125 -436129.40625 65341.125 -652714.0625 -427814.75 161907.390625 -640270.25 -300411.125 65341.125 -725256.875 -294683.875 161907.390625 -711430.125 -153148.203125 65341.125 -769928.5 -150228.484375 161907.390625 -755250.125 0.11760199815034866 65341.125 -785012.25 0.1153310015797615 161907.390625 -770046.25 153148.421875 65341.125 -769928.4375 150228.71875 161907.390625 -755250.0625 300411.3125 65341.125 -725256.5625 294684.09375 161907.390625 -711430 436129.5625 65341.125 -652713.8125 427814.875 161907.390625 -640269.9375 555087.5625 65341.125 -555087.375 544505.0625 161907.390625 -544504.875 652713.9375 65341.125 -436129.3125 640270.0625 161907.390625 -427814.6875 725256.625 65341.125 -300411 711430 161907.390625 -294683.78125 711429.9375 309192.9375 -141512.046875 725368.25 309192.9375 0 711430.5 309192.9375 141512.359375 670152.875 309192.9375 277586.4375 603121.625 309192.9375 402992.96875 512912.78125 309192.9375 512912.8125 402992.9375 309192.9375 603121.625 277586.375 309192.9375 670152.8125 141512.28125 309192.9375 711430.375 -0.019267000257968903 309192.9375 725368.0625 -141512.3125 309192.9375 711430.375 -277586.375 309192.9375 670152.625 -402992.875 309192.9375 603121.5 -512912.65625 309192.9375 512912.625 -603121.5 309192.9375 402992.84375 -670152.625 309192.9375 277586.25 -711430.125 309192.9375 141512.203125 -725368 309192.9375 -0.06817000359296799 -711430.125 309192.9375 -141512.359375 -670152.5625 309192.9375 -277586.375 -603121.375 309192.9375 -402992.875 -512912.5 309192.9375 -512912.625 -402992.65625 309192.9375 -603121.375 -277586.125 309192.9375 -670152.5625 -141512.125 309192.9375 -711430.0625 0.10863900184631348 309192.9375 -725367.75 141512.359375 309192.9375 -711430 277586.3125 309192.9375 -670152.375 402992.8125 309192.9375 -603121.125 512912.5 309192.9375 -512912.3125 603121.3125 309192.9375 -402992.5625 670152.375 309192.9375 -277586.03125 640270.0625 444932.0625 -127357.484375 652814.25 444932.0625 0 640270.625 444932.0625 127357.75 603121.6875 444932.0625 249821.21875 542795.125 444932.0625 362684.125 461609.3125 444932.0625 461609.375 362684.125 444932.0625 542795.125 249821.15625 444932.0625 603121.625 127357.71875 444932.0625 640270.5 -0.01733900047838688 444932.0625 652814.0625 -127357.734375 444932.0625 640270.4375 -249821.15625 444932.0625 603121.5 -362684.09375 444932.0625 542795 -461609.21875 444932.0625 461609.1875 -542795 444932.0625 362684.03125 -603121.5 444932.0625 249821.0625 -640270.375 444932.0625 127357.640625 -652813.9375 444932.0625 -0.06135199964046478 -640270.375 444932.0625 -127357.75 -603121.375 444932.0625 -249821.15625 -542794.9375 444932.0625 -362684.03125 -461609.09375 444932.0625 -461609.1875 -362683.875 444932.0625 -542794.9375 -249820.953125 444932.0625 -603121.375 -127357.5703125 444932.0625 -640270.1875 0.09777200222015381 444932.0625 -652813.75 127357.75 444932.0625 -640270.0625 249821.109375 444932.0625 -603121.1875 362684 444932.0625 -542794.75 461609.09375 444932.0625 -461608.90625 542794.875 444932.0625 -362683.75 603121.3125 444932.0625 -249820.859375 544504.9375 563908.5 -108308.6328125 555172.9375 563908.5 0 544505.375 563908.5 108308.8671875 512912.8125 563908.5 212455.46875 461609.3125 563908.5 308437.46875 392566.4375 563908.5 392566.5 308437.46875 563908.5 461609.3125 212455.40625 563908.5 512912.78125 108308.8125 563908.5 544505.25 -0.014746000058948994 563908.5 555172.75 -108308.84375 563908.5 544505.1875 -212455.40625 563908.5 512912.6875 -308437.4375 563908.5 461609.21875 -392566.40625 563908.5 392566.40625 -461609.21875 563908.5 308437.375 -512912.65625 563908.5 212455.328125 -544505.125 563908.5 108308.75 -555172.625 563908.5 -0.05217500030994415 -544505.125 563908.5 -108308.8671875 -512912.625 563908.5 -212455.40625 -461609.125 563908.5 -308437.40625 -392566.25 563908.5 -392566.40625 -308437.28125 563908.5 -461609.125 -212455.28125 563908.5 -512912.5625 -108308.703125 563908.5 -544505.0625 0.0831490010023117 563908.5 -555172.5 108308.8671875 563908.5 -544504.9375 212455.40625 563908.5 -512912.4375 308437.34375 563908.5 -461609 392566.25 563908.5 -392566.125 461609.0625 563908.5 -308437.1875 512912.5 563908.5 -212455.171875 427814.75 661549.75 -85097.546875 436196.5625 661549.75 0 427815.15625 661549.75 85097.7265625 402992.96875 661549.75 166925.203125 362684.125 661549.75 242337.796875 308437.46875 661549.75 308437.46875 242337.75 661549.75 362684.125 166925.15625 661549.75 402992.9375 85097.6875 661549.75 427815 -0.011586000211536884 661549.75 436196.40625 -85097.703125 661549.75 427815 -166925.15625 661549.75 402992.875 -242337.734375 661549.75 362684.03125 -308437.4375 661549.75 308437.375 -362684.03125 661549.75 242337.703125 -402992.875 661549.75 166925.078125 -427814.875 661549.75 85097.65625 -436196.3125 661549.75 -0.04099399968981743 -427814.875 661549.75 -85097.7265625 -402992.84375 661549.75 -166925.15625 -362683.90625 661549.75 -242337.71875 -308437.3125 661549.75 -308437.375 -242337.578125 661549.75 -362684 -166925.015625 661549.75 -402992.8125 -85097.59375 661549.75 -427814.84375 0.06532900035381317 661549.75 -436196.21875 85097.7265625 661549.75 -427814.75 166925.125 661549.75 -402992.65625 242337.671875 661549.75 -362683.8125 308437.3125 661549.75 -308437.1875 362683.875 661549.75 -242337.546875 402992.75 661549.75 -166924.96875 294683.96875 734103.8125 -58616.21484375 300457.4375 734103.8125 0 294684.21875 734103.8125 58616.33984375 277586.4375 734103.8125 114980.0859375 249821.15625 734103.8125 166925.203125 212455.453125 734103.8125 212455.453125 166925.171875 734103.8125 249821.15625 114980.0390625 734103.8125 277586.375 58616.3125 734103.8125 294684.125 -0.007980000227689743 734103.8125 300457.3125 -58616.32421875 734103.8125 294684.125 -114980.0390625 734103.8125 277586.375 -166925.15625 734103.8125 249821.109375 -212455.40625 734103.8125 212455.40625 -249821.109375 734103.8125 166925.125 -277586.3125 734103.8125 114980 -294684.09375 734103.8125 58616.28125 -300457.28125 734103.8125 -0.028237000107765198 -294684.0625 734103.8125 -58616.33984375 -277586.3125 734103.8125 -114980.0390625 -249821.078125 734103.8125 -166925.140625 -212455.328125 734103.8125 -212455.40625 -166925.0625 734103.8125 -249821.09375 -114979.9609375 734103.8125 -277586.28125 -58616.24609375 734103.8125 -294684 0.04500000178813934 734103.8125 -300457.1875 58616.33984375 734103.8125 -294684 114980.015625 734103.8125 -277586.21875 166925.09375 734103.8125 -249821 212455.328125 734103.8125 -212455.28125 249821.03125 734103.8125 -166925 277586.25 734103.8125 -114979.921875 150228.578125 778782.4375 -29882.28515625 153171.859375 778782.4375 0 150228.71875 778782.4375 29882.349609375 141512.359375 778782.4375 58616.33984375 127357.734375 778782.4375 85097.7265625 108308.84375 778782.4375 108308.84375 85097.71875 778782.4375 127357.734375 58616.31640625 778782.4375 141512.328125 29882.3359375 778782.4375 150228.65625 -0.00406799977645278 778782.4375 153171.8125 -29882.34375 778782.4375 150228.65625 -58616.31640625 778782.4375 141512.3125 -85097.703125 778782.4375 127357.71875 -108308.8203125 778782.4375 108308.8125 -127357.71875 778782.4375 85097.6875 -141512.3125 778782.4375 58616.296875 -150228.640625 778782.4375 29882.322265625 -153171.78125 778782.4375 -0.014395000413060188 -150228.640625 778782.4375 -29882.349609375 -141512.28125 778782.4375 -58616.31640625 -127357.6640625 778782.4375 -85097.6953125 -108308.7890625 778782.4375 -108308.8125 -85097.65625 778782.4375 -127357.6875 -58616.28125 778782.4375 -141512.265625 -29882.3046875 778782.4375 -150228.609375 0.022941000759601593 778782.4375 -153171.765625 29882.349609375 778782.4375 -150228.578125 58616.3125 778782.4375 -141512.234375 85097.671875 778782.4375 -127357.625 108308.7890625 778782.4375 -108308.75 127357.65625 778782.4375 -85097.625 141512.234375 778782.4375 -58616.25 0 793868.625 0</float_array>
                    <technique_common>
                        <accessor count="257" source="#pointarray3" stride="3">
                            <param name="X" type="float"/>
                            <param name="Y" type="float"/>
                            <param name="Z" type="float"/>
                        </accessor>
                    </technique_common>
                </source>
                <source id="uvs3">
                    <float_array id="uvarray3" count="514">4.51171875 1.296875 4.03515625 1.203125 4.58984375 0.50390625 4.10546875 0.50390625 4.51171875 -0.296875 4.03515625 -0.203125 4.27734375 -1.0625 3.83203125 -0.87890625 3.90234375 -1.7734375 3.49609375 -1.5 3.390625 -2.390625 3.046875 -2.046875 2.7734375 -2.90234375 2.5 -2.49609375 2.0625 -3.27734375 1.87890625 -2.83203125 1.296875 -3.51171875 1.203125 -3.03515625 0.49609375 -3.58984375 0.49609375 -3.10546875 -0.296875 -3.51171875 -0.203125 -3.03515625 -1.0625 -3.27734375 -0.87890625 -2.83203125 -1.7734375 -2.90234375 -1.5 -2.49609375 -2.390625 -2.390625 -2.046875 -2.046875 -2.90234375 -1.7734375 -2.49609375 -1.5 -3.27734375 -1.0625 -2.83203125 -0.87890625 -3.51171875 -0.296875 -3.03515625 -0.203125 -3.58984375 0.50390625 -3.10546875 0.50390625 -3.51171875 1.296875 -3.03515625 1.203125 -3.27734375 2.0625 -2.83203125 1.87890625 -2.90234375 2.7734375 -2.49609375 2.5 -2.390625 3.390625 -2.046875 3.046875 -1.7734375 3.90234375 -1.5 3.49609375 -1.0625 4.27734375 -0.87890625 3.83203125 -0.296875 4.51171875 -0.203125 4.03515625 0.5 4.58984375 0.5 4.10546875 1.296875 4.51171875 1.203125 4.03515625 2.0625 4.27734375 1.87890625 3.83203125 2.7734375 3.90234375 2.5 3.49609375 3.390625 3.390625 3.046875 3.046875 3.90234375 2.7734375 3.49609375 2.5 4.27734375 2.0625 3.83203125 1.87890625 3.578125 1.109375 3.63671875 0.50390625 3.578125 -0.109375 3.3984375 -0.69921875 3.109375 -1.2421875 2.71875 -1.71875 2.2421875 -2.109375 1.69921875 -2.3984375 1.109375 -2.578125 0.49609375 -2.63671875 -0.109375 -2.578125 -0.69921875 -2.3984375 -1.2421875 -2.109375 -1.71875 -1.71875 -2.109375 -1.2421875 -2.3984375 -0.69921875 -2.578125 -0.109375 -2.63671875 0.50390625 -2.578125 1.109375 -2.3984375 1.69921875 -2.109375 2.2421875 -1.71875 2.71875 -1.2421875 3.109375 -0.69921875 3.3984375 -0.109375 3.578125 0.5 3.63671875 1.109375 3.578125 1.69921875 3.3984375 2.2421875 3.109375 2.71875 2.71875 3.109375 2.2421875 3.3984375 1.69921875 3.12890625 1.01953125 3.1796875 0.50390625 3.12890625 -0.01953125 2.9765625 -0.5234375 2.7265625 -0.98828125 2.39453125 -1.39453125 1.98828125 -1.7265625 1.5234375 -1.9765625 1.01953125 -2.12890625 0.49609375 -2.1796875 -0.01953125 -2.12890625 -0.5234375 -1.9765625 -0.98828125 -1.7265625 -1.39453125 -1.39453125 -1.7265625 -0.98828125 -1.9765625 -0.5234375 -2.12890625 -0.01953125 -2.1796875 0.50390625 -2.12890625 1.01953125 -1.9765625 1.5234375 -1.7265625 1.98828125 -1.39453125 2.39453125 -0.98828125 2.7265625 -0.5234375 2.9765625 -0.01953125 3.12890625 0.5 3.1796875 1.01953125 3.12890625 1.5234375 2.9765625 1.98828125 2.7265625 2.39453125 2.39453125 2.7265625 1.98828125 2.9765625 1.5234375 2.6640625 0.93359375 2.70703125 0.50390625 2.6640625 0.0703125 2.5390625 -0.34375 2.3359375 -0.7265625 2.05859375 -1.05859375 1.7265625 -1.3359375 1.34375 -1.5390625 0.9296875 -1.6640625 0.49609375 -1.70703125 0.06640625 -1.6640625 -0.34375 -1.5390625 -0.7265625 -1.3359375 -1.05859375 -1.05859375 -1.3359375 -0.7265625 -1.5390625 -0.34375 -1.6640625 0.0703125 -1.70703125 0.50390625 -1.6640625 0.93359375 -1.5390625 1.34375 -1.3359375 1.7265625 -1.05859375 2.05859375 -0.7265625 2.3359375 -0.34375 2.5390625 0.06640625 2.6640625 0.5 2.70703125 0.9296875 2.6640625 1.34375 2.5390625 1.7265625 2.3359375 2.05859375 2.05859375 2.3359375 1.7265625 2.5390625 1.34375 2.19921875 0.83984375 2.234375 0.50390625 2.19921875 0.1640625 2.1015625 -0.1640625 1.94140625 -0.4609375 1.7265625 -0.7265625 1.4609375 -0.94140625 1.1640625 -1.1015625 0.8359375 -1.19921875 0.49609375 -1.234375 0.16015625 -1.19921875 -0.1640625 -1.1015625 -0.4609375 -0.94140625 -0.7265625 -0.7265625 -0.94140625 -0.4609375 -1.1015625 -0.1640625 -1.19921875 0.1640625 -1.234375 0.50390625 -1.19921875 0.83984375 -1.1015625 1.1640625 -0.94140625 1.4609375 -0.7265625 1.7265625 -0.4609375 1.94140625 -0.1640625 2.1015625 0.16015625 2.19921875 0.5 2.234375 0.8359375 2.19921875 1.1640625 2.1015625 1.4609375 1.94140625 1.7265625 1.7265625 1.94140625 1.4609375 2.1015625 1.1640625 1.671875 0.734375 1.6953125 0.50390625 1.671875 0.26953125 1.6015625 0.04296875 1.4921875 -0.1640625 1.34375 -0.34375 1.1640625 -0.4921875 0.95703125 -0.6015625 0.73046875 -0.671875 0.49609375 -0.6953125 0.265625 -0.671875 0.0390625 -0.6015625 -0.1640625 -0.4921875 -0.34375 -0.34375 -0.4921875 -0.1640625 -0.6015625 0.04296875 -0.671875 0.26953125 -0.6953125 0.50390625 -0.671875 0.734375 -0.6015625 0.9609375 -0.4921875 1.1640625 -0.34375 1.34375 -0.1640625 1.4921875 0.0390625 1.6015625 0.265625 1.671875 0.5 1.6953125 0.73046875 1.671875 0.95703125 1.6015625 1.1640625 1.4921875 1.34375 1.34375 1.4921875 1.1640625 1.6015625 0.9609375 1.09765625 0.62109375 1.109375 0.50390625 1.09765625 0.3828125 1.0625 0.26953125 1.00390625 0.1640625 0.9296875 0.0703125 0.8359375 -0.00390625 0.73046875 -0.0625 0.6171875 -0.09765625 0.49609375 -0.109375 0.37890625 -0.09765625 0.265625 -0.0625 0.16015625 -0.00390625 0.06640625 0.0703125 -0.00390625 0.1640625 -0.0625 0.26953125 -0.09765625 0.3828125 -0.109375 0.50390625 -0.09765625 0.62109375 -0.0625 0.734375 -0.00390625 0.83984375 0.06640625 0.93359375 0.16015625 1.00390625 0.265625 1.0625 0.37890625 1.09765625 0.49609375 1.109375 0.6171875 1.09765625 0.73046875 1.0625 0.8359375 1.00390625 0.9296875 0.93359375 1.00390625 0.83984375 1.0625 0.734375 0.5 0.5</float_array>
                    <technique_common>
                        <accessor count="1" source="#uvarray3" stride="2">
                            <param name="S" type="float"/>
                            <param name="T" type="float"/>
                        </accessor>
                    </technique_common>
                </source>
                <vertices id="vertices3">
                    <input semantic="POSITION" source="#points3"/>
                </vertices>
                <polylist count="480" material="Material1">
                    <input offset="0" semantic="VERTEX" source="#vertices3"/>
                    <input offset="1" semantic="TEXCOORD" source="#uvs3" set="0"/>
                    <vcount>3 3 3 3 3 3 3 3 3 3 3 3 3 3 3 3 3 3 3 3 3 3 3 3 3 3 3 3 3 3 3 3 3 3 3 3 3 3 3 3 3 3 3 3 3 3 3 3 3 3 3 3 3 3 3 3 3 3 3 3 3 3 3 3 3 3 3 3 3 3 3 3 3 3 3 3 3 3 3 3 3 3 3 3 3 3 3 3 3 3 3 3 3 3 3 3 3 3 3 3 3 3 3 3 3 3 3 3 3 3 3 3 3 3 3 3 3 3 3 3 3 3 3 3 3 3 3 3 3 3 3 3 3 3 3 3 3 3 3 3 3 3 3 3 3 3 3 3 3 3 3 3 3 3 3 3 3 3 3 3 3 3 3 3 3 3 3 3 3 3 3 3 3 3 3 3 3 3 3 3 3 3 3 3 3 3 3 3 3 3 3 3 3 3 3 3 3 3 3 3 3 3 3 3 3 3 3 3 3 3 3 3 3 3 3 3 3 3 3 3 3 3 3 3 3 3 3 3 3 3 3 3 3 3 3 3 3 3 3 3 3 3 3 3 3 3 3 3 3 3 3 3 3 3 3 3 3 3 3 3 3 3 3 3 3 3 3 3 3 3 3 3 3 3 3 3 3 3 3 3 3 3 3 3 3 3 3 3 3 3 3 3 3 3 3 3 3 3 3 3 3 3 3 3 3 3 3 3 3 3 3 3 3 3 3 3 3 3 3 3 3 3 3 3 3 3 3 3 3 3 3 3 3 3 3 3 3 3 3 3 3 3 3 3 3 3 3 3 3 3 3 3 3 3 3 3 3 3 3 3 3 3 3 3 3 3 3 3 3 3 3 3 3 3 3 3 3 3 3 3 3 3 3 3 3 3 3 3 3 3 3 3 3 3 3 3 3 3 3 3 3 3 3 3 3 3 3 3 3 3 3 3 3 3 3 3 3 3 3 3 3 3 3 3 3 3 3 3 3 3 3 3 3 3 3 3 3 3 3 3 3 3 3 3 3 3 3 3 3 3 3 3 3 3 3 3 3 3 3 3 3 3 3 3 3 3 3 3 3 3 3 3 3 3 3 3 3 3 3 3</vcount>
                    <p>2 2 1 1 0 0 3 3 1 1 2 2 4 4 3 3 2 2 5 5 3 3 4 4 6 6 5 5 4 4 7 7 5 5 6 6 8 8 7 7 6 6 9 9 7 7 8 8 10 10 9 9 8 8 11 11 9 9 10 10 12 12 11 11 10 10 13 13 11 11 12 12 14 14 13 13 12 12 15 15 13 13 14 14 16 16 15 15 14 14 17 17 15 15 16 16 18 18 17 17 16 16 19 19 17 17 18 18 20 20 19 19 18 18 21 21 19 19 20 20 22 22 21 21 20 20 23 23 21 21 22 22 24 24 23 23 22 22 25 25 23 23 24 24 26 26 25 25 24 24 27 27 25 25 26 26 28 28 27 27 26 26 29 29 27 27 28 28 30 30 29 29 28 28 31 31 29 29 30 30 32 32 31 31 30 30 33 33 31 31 32 32 34 34 33 33 32 32 35 35 33 33 34 34 36 36 35 35 34 34 37 37 35 35 36 36 38 38 37 37 36 36 39 39 37 37 38 38 40 40 39 39 38 38 41 41 39 39 40 40 42 42 41 41 40 40 43 43 41 41 42 42 44 44 43 43 42 42 45 45 43 43 44 44 46 46 45 45 44 44 47 47 45 45 46 46 48 48 47 47 46 46 49 49 47 47 48 48 50 50 49 49 48 48 51 51 49 49 50 50 52 52 51 51 50 50 53 53 51 51 52 52 54 54 53 53 52 52 55 55 53 53 54 54 56 56 55 55 54 54 57 57 55 55 56 56 58 58 57 57 56 56 59 59 57 57 58 58 60 60 59 59 58 58 61 61 59 59 60 60 62 62 61 61 60 60 63 63 61 61 62 62 0 0 63 63 62 62 1 1 63 63 0 0 3 3 64 64 1 1 65 65 64 64 3 3 5 5 65 65 3 3 66 66 65 65 5 5 7 7 66 66 5 5 67 67 66 66 7 7 9 9 67 67 7 7 68 68 67 67 9 9 11 11 68 68 9 9 69 69 68 68 11 11 13 13 69 69 11 11 70 70 69 69 13 13 15 15 70 70 13 13 71 71 70 70 15 15 17 17 71 71 15 15 72 72 71 71 17 17 19 19 72 72 17 17 73 73 72 72 19 19 21 21 73 73 19 19 74 74 73 73 21 21 23 23 74 74 21 21 75 75 74 74 23 23 25 25 75 75 23 23 76 76 75 75 25 25 27 27 76 76 25 25 77 77 76 76 27 27 29 29 77 77 27 27 78 78 77 77 29 29 31 31 78 78 29 29 79 79 78 78 31 31 33 33 79 79 31 31 80 80 79 79 33 33 35 35 80 80 33 33 81 81 80 80 35 35 37 37 81 81 35 35 82 82 81 81 37 37 39 39 82 82 37 37 83 83 82 82 39 39 41 41 83 83 39 39 84 84 83 83 41 41 43 43 84 84 41 41 85 85 84 84 43 43 45 45 85 85 43 43 86 86 85 85 45 45 47 47 86 86 45 45 87 87 86 86 47 47 49 49 87 87 47 47 88 88 87 87 49 49 51 51 88 88 49 49 89 89 88 88 51 51 53 53 89 89 51 51 90 90 89 89 53 53 55 55 90 90 53 53 91 91 90 90 55 55 57 57 91 91 55 55 92 92 91 91 57 57 59 59 92 92 57 57 93 93 92 92 59 59 61 61 93 93 59 59 94 94 93 93 61 61 63 63 94 94 61 61 95 95 94 94 63 63 1 1 95 95 63 63 64 64 95 95 1 1 65 65 96 96 64 64 97 97 96 96 65 65 66 66 97 97 65 65 98 98 97 97 66 66 67 67 98 98 66 66 99 99 98 98 67 67 68 68 99 99 67 67 100 100 99 99 68 68 69 69 100 100 68 68 101 101 100 100 69 69 70 70 101 101 69 69 102 102 101 101 70 70 71 71 102 102 70 70 103 103 102 102 71 71 72 72 103 103 71 71 104 104 103 103 72 72 73 73 104 104 72 72 105 105 104 104 73 73 74 74 105 105 73 73 106 106 105 105 74 74 75 75 106 106 74 74 107 107 106 106 75 75 76 76 107 107 75 75 108 108 107 107 76 76 77 77 108 108 76 76 109 109 108 108 77 77 78 78 109 109 77 77 110 110 109 109 78 78 79 79 110 110 78 78 111 111 110 110 79 79 80 80 111 111 79 79 112 112 111 111 80 80 81 81 112 112 80 80 113 113 112 112 81 81 82 82 113 113 81 81 114 114 113 113 82 82 83 83 114 114 82 82 115 115 114 114 83 83 84 84 115 115 83 83 116 116 115 115 84 84 85 85 116 116 84 84 117 117 116 116 85 85 86 86 117 117 85 85 118 118 117 117 86 86 87 87 118 118 86 86 119 119 118 118 87 87 88 88 119 119 87 87 120 120 119 119 88 88 89 89 120 120 88 88 121 121 120 120 89 89 90 90 121 121 89 89 122 122 121 121 90 90 91 91 122 122 90 90 123 123 122 122 91 91 92 92 123 123 91 91 124 124 123 123 92 92 93 93 124 124 92 92 125 125 124 124 93 93 94 94 125 125 93 93 126 126 125 125 94 94 95 95 126 126 94 94 127 127 126 126 95 95 64 64 127 127 95 95 96 96 127 127 64 64 97 97 128 128 96 96 129 129 128 128 97 97 98 98 129 129 97 97 130 130 129 129 98 98 99 99 130 130 98 98 131 131 130 130 99 99 100 100 131 131 99 99 132 132 131 131 100 100 101 101 132 132 100 100 133 133 132 132 101 101 102 102 133 133 101 101 134 134 133 133 102 102 103 103 134 134 102 102 135 135 134 134 103 103 104 104 135 135 103 103 136 136 135 135 104 104 105 105 136 136 104 104 137 137 136 136 105 105 106 106 137 137 105 105 138 138 137 137 106 106 107 107 138 138 106 106 139 139 138 138 107 107 108 108 139 139 107 107 140 140 139 139 108 108 109 109 140 140 108 108 141 141 140 140 109 109 110 110 141 141 109 109 142 142 141 141 110 110 111 111 142 142 110 110 143 143 142 142 111 111 112 112 143 143 111 111 144 144 143 143 112 112 113 113 144 144 112 112 145 145 144 144 113 113 114 114 145 145 113 113 146 146 145 145 114 114 115 115 146 146 114 114 147 147 146 146 115 115 116 116 147 147 115 115 148 148 147 147 116 116 117 117 148 148 116 116 149 149 148 148 117 117 118 118 149 149 117 117 150 150 149 149 118 118 119 119 150 150 118 118 151 151 150 150 119 119 120 120 151 151 119 119 152 152 151 151 120 120 121 121 152 152 120 120 153 153 152 152 121 121 122 122 153 153 121 121 154 154 153 153 122 122 123 123 154 154 122 122 155 155 154 154 123 123 124 124 155 155 123 123 156 156 155 155 124 124 125 125 156 156 124 124 157 157 156 156 125 125 126 126 157 157 125 125 158 158 157 157 126 126 127 127 158 158 126 126 159 159 158 158 127 127 96 96 159 159 127 127 128 128 159 159 96 96 129 129 160 160 128 128 161 161 160 160 129 129 130 130 161 161 129 129 162 162 161 161 130 130 131 131 162 162 130 130 163 163 162 162 131 131 132 132 163 163 131 131 164 164 163 163 132 132 133 133 164 164 132 132 165 165 164 164 133 133 134 134 165 165 133 133 166 166 165 165 134 134 135 135 166 166 134 134 167 167 166 166 135 135 136 136 167 167 135 135 168 168 167 167 136 136 137 137 168 168 136 136 169 169 168 168 137 137 138 138 169 169 137 137 170 170 169 169 138 138 139 139 170 170 138 138 171 171 170 170 139 139 140 140 171 171 139 139 172 172 171 171 140 140 141 141 172 172 140 140 173 173 172 172 141 141 142 142 173 173 141 141 174 174 173 173 142 142 143 143 174 174 142 142 175 175 174 174 143 143 144 144 175 175 143 143 176 176 175 175 144 144 145 145 176 176 144 144 177 177 176 176 145 145 146 146 177 177 145 145 178 178 177 177 146 146 147 147 178 178 146 146 179 179 178 178 147 147 148 148 179 179 147 147 180 180 179 179 148 148 149 149 180 180 148 148 181 181 180 180 149 149 150 150 181 181 149 149 182 182 181 181 150 150 151 151 182 182 150 150 183 183 182 182 151 151 152 152 183 183 151 151 184 184 183 183 152 152 153 153 184 184 152 152 185 185 184 184 153 153 154 154 185 185 153 153 186 186 185 185 154 154 155 155 186 186 154 154 187 187 186 186 155 155 156 156 187 187 155 155 188 188 187 187 156 156 157 157 188 188 156 156 189 189 188 188 157 157 158 158 189 189 157 157 190 190 189 189 158 158 159 159 190 190 158 158 191 191 190 190 159 159 128 128 191 191 159 159 160 160 191 191 128 128 161 161 192 192 160 160 193 193 192 192 161 161 162 162 193 193 161 161 194 194 193 193 162 162 163 163 194 194 162 162 195 195 194 194 163 163 164 164 195 195 163 163 196 196 195 195 164 164 165 165 196 196 164 164 197 197 196 196 165 165 166 166 197 197 165 165 198 198 197 197 166 166 167 167 198 198 166 166 199 199 198 198 167 167 168 168 199 199 167 167 200 200 199 199 168 168 169 169 200 200 168 168 201 201 200 200 169 169 170 170 201 201 169 169 202 202 201 201 170 170 171 171 202 202 170 170 203 203 202 202 171 171 172 172 203 203 171 171 204 204 203 203 172 172 173 173 204 204 172 172 205 205 204 204 173 173 174 174 205 205 173 173 206 206 205 205 174 174 175 175 206 206 174 174 207 207 206 206 175 175 176 176 207 207 175 175 208 208 207 207 176 176 177 177 208 208 176 176 209 209 208 208 177 177 178 178 209 209 177 177 210 210 209 209 178 178 179 179 210 210 178 178 211 211 210 210 179 179 180 180 211 211 179 179 212 212 211 211 180 180 181 181 212 212 180 180 213 213 212 212 181 181 182 182 213 213 181 181 214 214 213 213 182 182 183 183 214 214 182 182 215 215 214 214 183 183 184 184 215 215 183 183 216 216 215 215 184 184 185 185 216 216 184 184 217 217 216 216 185 185 186 186 217 217 185 185 218 218 217 217 186 186 187 187 218 218 186 186 219 219 218 218 187 187 188 188 219 219 187 187 220 220 219 219 188 188 189 189 220 220 188 188 221 221 220 220 189 189 190 190 221 221 189 189 222 222 221 221 190 190 191 191 222 222 190 190 223 223 222 222 191 191 160 160 223 223 191 191 192 192 223 223 160 160 193 193 224 224 192 192 225 225 224 224 193 193 194 194 225 225 193 193 226 226 225 225 194 194 195 195 226 226 194 194 227 227 226 226 195 195 196 196 227 227 195 195 228 228 227 227 196 196 197 197 228 228 196 196 229 229 228 228 197 197 198 198 229 229 197 197 230 230 229 229 198 198 199 199 230 230 198 198 231 231 230 230 199 199 200 200 231 231 199 199 232 232 231 231 200 200 201 201 232 232 200 200 233 233 232 232 201 201 202 202 233 233 201 201 234 234 233 233 202 202 203 203 234 234 202 202 235 235 234 234 203 203 204 204 235 235 203 203 236 236 235 235 204 204 205 205 236 236 204 204 237 237 236 236 205 205 206 206 237 237 205 205 238 238 237 237 206 206 207 207 238 238 206 206 239 239 238 238 207 207 208 208 239 239 207 207 240 240 239 239 208 208 209 209 240 240 208 208 241 241 240 240 209 209 210 210 241 241 209 209 242 242 241 241 210 210 211 211 242 242 210 210 243 243 242 242 211 211 212 212 243 243 211 211 244 244 243 243 212 212 213 213 244 244 212 212 245 245 244 244 213 213 214 214 245 245 213 213 246 246 245 245 214 214 215 215 246 246 214 214 247 247 246 246 215 215 216 216 247 247 215 215 248 248 247 247 216 216 217 217 248 248 216 216 249 249 248 248 217 217 218 218 249 249 217 217 250 250 249 249 218 218 219 219 250 250 218 218 251 251 250 250 219 219 220 220 251 251 219 219 252 252 251 251 220 220 221 221 252 252 220 220 253 253 252 252 221 221 222 222 253 253 221 221 254 254 253 253 222 222 223 223 254 254 222 222 255 255 254 254 223 223 192 192 255 255 223 223 224 224 255 255 192 192 256 256 224 224 225 225 255 255 224 224 256 256 254 254 255 255 256 256 226 226 256 256 225 225 227 227 256 256 226 226 228 228 256 256 227 227 229 229 256 256 228 228 230 230 256 256 229 229 231 231 256 256 230 230 232 232 256 256 231 231 233 233 256 256 232 232 234 234 256 256 233 233 235 235 256 256 234 234 236 236 256 256 235 235 237 237 256 256 236 236 238 238 256 256 237 237 239 239 256 256 238 238 240 240 256 256 239 239 241 241 256 256 240 240 242 242 256 256 241 241 243 243 256 256 242 242 244 244 256 256 243 243 245 245 256 256 244 244 246 246 256 256 245 245 247 247 256 256 246 246 248 248 256 256 247 247 249 249 256 256 248 248 250 250 256 256 249 249 251 251 256 256 250 250 252 252 256 256 251 251 253 253 256 256 252 252 254 254 256 256 253 253</p>
                </polylist>
            </mesh>
        </geometry>
        <geometry id="mesh3_VC">
            <mesh>
                <source id="points3_VC">
                    <float_array id="pointarray3_VC" count="771">769928.4375 65341.125 -153148.125 755250 161907.390625 -150228.40625 785012.8125 65341.125 0.000024000000848900527 770046.9375 161907.390625 0 769929.125 65341.125 153148.4375 755250.6875 161907.390625 150228.71875 725257.1875 65341.125 300411.4375 711430.5 161907.390625 294684.21875 652714.25 65341.125 436129.71875 640270.5 161907.390625 427815.15625 555087.75 65341.125 555087.875 544505.25 161907.390625 544505.375 436129.65625 65341.125 652714.25 427815.0625 161907.390625 640270.5 300411.34375 65341.125 725257.125 294684.125 161907.390625 711430.375 153148.359375 65341.125 769928.875 150228.640625 161907.390625 755250.375 -0.020820999518036842 65341.125 785012.5625 -0.02045300044119358 161907.390625 770046.75 -153148.40625 65341.125 769928.875 -150228.6875 161907.390625 755250.375 -300411.375 65341.125 725256.9375 -294684.125 161907.390625 711430.375 -436129.625 65341.125 652714.1875 -427815 161907.390625 640270.375 -555087.75 65341.125 555087.6875 -544505.1875 161907.390625 544505.125 -652714.1875 65341.125 436129.625 -640270.375 161907.390625 427814.875 -725256.9375 65341.125 300411.21875 -711430.25 161907.390625 294684 -769928.75 65341.125 153148.28125 -755250.3125 161907.390625 150228.5625 -785012.4375 65341.125 -0.07375200092792511 -770046.5625 161907.390625 -0.07236900180578232 -769928.75 65341.125 -153148.421875 -755250.3125 161907.390625 -150228.71875 -725256.875 65341.125 -300411.375 -711430.125 161907.390625 -294684.125 -652714.0625 65341.125 -436129.625 -640270.1875 161907.390625 -427814.96875 -555087.5625 65341.125 -555087.6875 -544505.0625 161907.390625 -544505.125 -436129.40625 65341.125 -652714.0625 -427814.75 161907.390625 -640270.25 -300411.125 65341.125 -725256.875 -294683.875 161907.390625 -711430.125 -153148.203125 65341.125 -769928.5 -150228.484375 161907.390625 -755250.125 0.11760199815034866 65341.125 -785012.25 0.1153310015797615 161907.390625 -770046.25 153148.421875 65341.125 -769928.4375 150228.71875 161907.390625 -755250.0625 300411.3125 65341.125 -725256.5625 294684.09375 161907.390625 -711430 436129.5625 65341.125 -652713.8125 427814.875 161907.390625 -640269.9375 555087.5625 65341.125 -555087.375 544505.0625 161907.390625 -544504.875 652713.9375 65341.125 -436129.3125 640270.0625 161907.390625 -427814.6875 725256.625 65341.125 -300411 711430 161907.390625 -294683.78125 711429.9375 309192.9375 -141512.046875 725368.25 309192.9375 0 711430.5 309192.9375 141512.359375 670152.875 309192.9375 277586.4375 603121.625 309192.9375 402992.96875 512912.78125 309192.9375 512912.8125 402992.9375 309192.9375 603121.625 277586.375 309192.9375 670152.8125 141512.28125 309192.9375 711430.375 -0.019267000257968903 309192.9375 725368.0625 -141512.3125 309192.9375 711430.375 -277586.375 309192.9375 670152.625 -402992.875 309192.9375 603121.5 -512912.65625 309192.9375 512912.625 -603121.5 309192.9375 402992.84375 -670152.625 309192.9375 277586.25 -711430.125 309192.9375 141512.203125 -725368 309192.9375 -0.06817000359296799 -711430.125 309192.9375 -141512.359375 -670152.5625 309192.9375 -277586.375 -603121.375 309192.9375 -402992.875 -512912.5 309192.9375 -512912.625 -402992.65625 309192.9375 -603121.375 -277586.125 309192.9375 -670152.5625 -141512.125 309192.9375 -711430.0625 0.10863900184631348 309192.9375 -725367.75 141512.359375 309192.9375 -711430 277586.3125 309192.9375 -670152.375 402992.8125 309192.9375 -603121.125 512912.5 309192.9375 -512912.3125 603121.3125 309192.9375 -402992.5625 670152.375 309192.9375 -277586.03125 640270.0625 444932.0625 -127357.484375 652814.25 444932.0625 0 640270.625 444932.0625 127357.75 603121.6875 444932.0625 249821.21875 542795.125 444932.0625 362684.125 461609.3125 444932.0625 461609.375 362684.125 444932.0625 542795.125 249821.15625 444932.0625 603121.625 127357.71875 444932.0625 640270.5 -0.01733900047838688 444932.0625 652814.0625 -127357.734375 444932.0625 640270.4375 -249821.15625 444932.0625 603121.5 -362684.09375 444932.0625 542795 -461609.21875 444932.0625 461609.1875 -542795 444932.0625 362684.03125 -603121.5 444932.0625 249821.0625 -640270.375 444932.0625 127357.640625 -652813.9375 444932.0625 -0.06135199964046478 -640270.375 444932.0625 -127357.75 -603121.375 444932.0625 -249821.15625 -542794.9375 444932.0625 -362684.03125 -461609.09375 444932.0625 -461609.1875 -362683.875 444932.0625 -542794.9375 -249820.953125 444932.0625 -603121.375 -127357.5703125 444932.0625 -640270.1875 0.09777200222015381 444932.0625 -652813.75 127357.75 444932.0625 -640270.0625 249821.109375 444932.0625 -603121.1875 362684 444932.0625 -542794.75 461609.09375 444932.0625 -461608.90625 542794.875 444932.0625 -362683.75 603121.3125 444932.0625 -249820.859375 544504.9375 563908.5 -108308.6328125 555172.9375 563908.5 0 544505.375 563908.5 108308.8671875 512912.8125 563908.5 212455.46875 461609.3125 563908.5 308437.46875 392566.4375 563908.5 392566.5 308437.46875 563908.5 461609.3125 212455.40625 563908.5 512912.78125 108308.8125 563908.5 544505.25 -0.014746000058948994 563908.5 555172.75 -108308.84375 563908.5 544505.1875 -212455.40625 563908.5 512912.6875 -308437.4375 563908.5 461609.21875 -392566.40625 563908.5 392566.40625 -461609.21875 563908.5 308437.375 -512912.65625 563908.5 212455.328125 -544505.125 563908.5 108308.75 -555172.625 563908.5 -0.05217500030994415 -544505.125 563908.5 -108308.8671875 -512912.625 563908.5 -212455.40625 -461609.125 563908.5 -308437.40625 -392566.25 563908.5 -392566.40625 -308437.28125 563908.5 -461609.125 -212455.28125 563908.5 -512912.5625 -108308.703125 563908.5 -544505.0625 0.0831490010023117 563908.5 -555172.5 108308.8671875 563908.5 -544504.9375 212455.40625 563908.5 -512912.4375 308437.34375 563908.5 -461609 392566.25 563908.5 -392566.125 461609.0625 563908.5 -308437.1875 512912.5 563908.5 -212455.171875 427814.75 661549.75 -85097.546875 436196.5625 661549.75 0 427815.15625 661549.75 85097.7265625 402992.96875 661549.75 166925.203125 362684.125 661549.75 242337.796875 308437.46875 661549.75 308437.46875 242337.75 661549.75 362684.125 166925.15625 661549.75 402992.9375 85097.6875 661549.75 427815 -0.011586000211536884 661549.75 436196.40625 -85097.703125 661549.75 427815 -166925.15625 661549.75 402992.875 -242337.734375 661549.75 362684.03125 -308437.4375 661549.75 308437.375 -362684.03125 661549.75 242337.703125 -402992.875 661549.75 166925.078125 -427814.875 661549.75 85097.65625 -436196.3125 661549.75 -0.04099399968981743 -427814.875 661549.75 -85097.7265625 -402992.84375 661549.75 -166925.15625 -362683.90625 661549.75 -242337.71875 -308437.3125 661549.75 -308437.375 -242337.578125 661549.75 -362684 -166925.015625 661549.75 -402992.8125 -85097.59375 661549.75 -427814.84375 0.06532900035381317 661549.75 -436196.21875 85097.7265625 661549.75 -427814.75 166925.125 661549.75 -402992.65625 242337.671875 661549.75 -362683.8125 308437.3125 661549.75 -308437.1875 362683.875 661549.75 -242337.546875 402992.75 661549.75 -166924.96875 294683.96875 734103.8125 -58616.21484375 300457.4375 734103.8125 0 294684.21875 734103.8125 58616.33984375 277586.4375 734103.8125 114980.0859375 249821.15625 734103.8125 166925.203125 212455.453125 734103.8125 212455.453125 166925.171875 734103.8125 249821.15625 114980.0390625 734103.8125 277586.375 58616.3125 734103.8125 294684.125 -0.007980000227689743 734103.8125 300457.3125 -58616.32421875 734103.8125 294684.125 -114980.0390625 734103.8125 277586.375 -166925.15625 734103.8125 249821.109375 -212455.40625 734103.8125 212455.40625 -249821.109375 734103.8125 166925.125 -277586.3125 734103.8125 114980 -294684.09375 734103.8125 58616.28125 -300457.28125 734103.8125 -0.028237000107765198 -294684.0625 734103.8125 -58616.33984375 -277586.3125 734103.8125 -114980.0390625 -249821.078125 734103.8125 -166925.140625 -212455.328125 734103.8125 -212455.40625 -166925.0625 734103.8125 -249821.09375 -114979.9609375 734103.8125 -277586.28125 -58616.24609375 734103.8125 -294684 0.04500000178813934 734103.8125 -300457.1875 58616.33984375 734103.8125 -294684 114980.015625 734103.8125 -277586.21875 166925.09375 734103.8125 -249821 212455.328125 734103.8125 -212455.28125 249821.03125 734103.8125 -166925 277586.25 734103.8125 -114979.921875 150228.578125 778782.4375 -29882.28515625 153171.859375 778782.4375 0 150228.71875 778782.4375 29882.349609375 141512.359375 778782.4375 58616.33984375 127357.734375 778782.4375 85097.7265625 108308.84375 778782.4375 108308.84375 85097.71875 778782.4375 127357.734375 58616.31640625 778782.4375 141512.328125 29882.3359375 778782.4375 150228.65625 -0.00406799977645278 778782.4375 153171.8125 -29882.34375 778782.4375 150228.65625 -58616.31640625 778782.4375 141512.3125 -85097.703125 778782.4375 127357.71875 -108308.8203125 778782.4375 108308.8125 -127357.71875 778782.4375 85097.6875 -141512.3125 778782.4375 58616.296875 -150228.640625 778782.4375 29882.322265625 -153171.78125 778782.4375 -0.014395000413060188 -150228.640625 778782.4375 -29882.349609375 -141512.28125 778782.4375 -58616.31640625 -127357.6640625 778782.4375 -85097.6953125 -108308.7890625 778782.4375 -108308.8125 -85097.65625 778782.4375 -127357.6875 -58616.28125 778782.4375 -141512.265625 -29882.3046875 778782.4375 -150228.609375 0.022941000759601593 778782.4375 -153171.765625 29882.349609375 778782.4375 -150228.578125 58616.3125 778782.4375 -141512.234375 85097.671875 778782.4375 -127357.625 108308.7890625 778782.4375 -108308.75 127357.65625 778782.4375 -85097.625 141512.234375 778782.4375 -58616.25 0 793868.625 0</float_array>
                    <technique_common>
                        <accessor count="257" source="#pointarray3_VC" stride="3">
                            <param name="X" type="float"/>
                            <param name="Y" type="float"/>
                            <param name="Z" type="float"/>
                        </accessor>
                    </technique_common>
                </source>
                <source id="uvs3_VC">
                    <float_array id="uvarray3_VC" count="8">0.56494140625 0.4990234375 0.56494140625 0.3759765625 0.56298828125 0.4990234375 0.56298828125 0.2509765625</float_array>
                    <technique_common>
                        <accessor count="1" source="#uvarray3_VC" stride="2">
                            <param name="S" type="float"/>
                            <param name="T" type="float"/>
                        </accessor>
                    </technique_common>
                </source>
                <vertices id="vertices3_VC">
                    <input semantic="POSITION" source="#points3_VC"/>
                </vertices>
                <polylist count="480" material="Material1">
                    <input offset="0" semantic="VERTEX" source="#vertices3_VC"/>
                    <input offset="1" semantic="TEXCOORD" source="#uvs3_VC" set="0"/>
                    <vcount>3 3 3 3 3 3 3 3 3 3 3 3 3 3 3 3 3 3 3 3 3 3 3 3 3 3 3 3 3 3 3 3 3 3 3 3 3 3 3 3 3 3 3 3 3 3 3 3 3 3 3 3 3 3 3 3 3 3 3 3 3 3 3 3 3 3 3 3 3 3 3 3 3 3 3 3 3 3 3 3 3 3 3 3 3 3 3 3 3 3 3 3 3 3 3 3 3 3 3 3 3 3 3 3 3 3 3 3 3 3 3 3 3 3 3 3 3 3 3 3 3 3 3 3 3 3 3 3 3 3 3 3 3 3 3 3 3 3 3 3 3 3 3 3 3 3 3 3 3 3 3 3 3 3 3 3 3 3 3 3 3 3 3 3 3 3 3 3 3 3 3 3 3 3 3 3 3 3 3 3 3 3 3 3 3 3 3 3 3 3 3 3 3 3 3 3 3 3 3 3 3 3 3 3 3 3 3 3 3 3 3 3 3 3 3 3 3 3 3 3 3 3 3 3 3 3 3 3 3 3 3 3 3 3 3 3 3 3 3 3 3 3 3 3 3 3 3 3 3 3 3 3 3 3 3 3 3 3 3 3 3 3 3 3 3 3 3 3 3 3 3 3 3 3 3 3 3 3 3 3 3 3 3 3 3 3 3 3 3 3 3 3 3 3 3 3 3 3 3 3 3 3 3 3 3 3 3 3 3 3 3 3 3 3 3 3 3 3 3 3 3 3 3 3 3 3 3 3 3 3 3 3 3 3 3 3 3 3 3 3 3 3 3 3 3 3 3 3 3 3 3 3 3 3 3 3 3 3 3 3 3 3 3 3 3 3 3 3 3 3 3 3 3 3 3 3 3 3 3 3 3 3 3 3 3 3 3 3 3 3 3 3 3 3 3 3 3 3 3 3 3 3 3 3 3 3 3 3 3 3 3 3 3 3 3 3 3 3 3 3 3 3 3 3 3 3 3 3 3 3 3 3 3 3 3 3 3 3 3 3 3 3 3 3 3 3 3 3 3 3 3 3 3 3 3 3 3 3 3 3 3 3 3 3 3 3 3 3 3 3 3 3 3 3 3 3 3 3 3 3</vcount>
                    <p>2 0 1 1 0 0 3 1 1 1 2 0 4 0 3 1 2 0 5 1 3 1 4 0 6 0 5 1 4 0 7 1 5 1 6 0 8 0 7 1 6 0 9 1 7 1 8 0 10 0 9 1 8 0 11 1 9 1 10 0 12 0 11 1 10 0 13 1 11 1 12 0 14 0 13 1 12 0 15 1 13 1 14 0 16 0 15 1 14 0 17 1 15 1 16 0 18 0 17 1 16 0 19 1 17 1 18 0 20 0 19 1 18 0 21 1 19 1 20 0 22 0 21 1 20 0 23 1 21 1 22 0 24 0 23 1 22 0 25 1 23 1 24 0 26 0 25 1 24 0 27 1 25 1 26 0 28 0 27 1 26 0 29 1 27 1 28 0 30 0 29 1 28 0 31 1 29 1 30 0 32 0 31 1 30 0 33 1 31 1 32 0 34 0 33 1 32 0 35 1 33 1 34 0 36 0 35 1 34 0 37 1 35 1 36 0 38 0 37 1 36 0 39 1 37 1 38 0 40 0 39 1 38 0 41 1 39 1 40 0 42 0 41 1 40 0 43 1 41 1 42 0 44 0 43 1 42 0 45 1 43 1 44 0 46 0 45 1 44 0 47 1 45 1 46 0 48 0 47 1 46 0 49 1 47 1 48 0 50 0 49 1 48 0 51 1 49 1 50 0 52 0 51 1 50 0 53 1 51 1 52 0 54 0 53 1 52 0 55 1 53 1 54 0 56 0 55 1 54 0 57 1 55 1 56 0 58 0 57 1 56 0 59 1 57 1 58 0 60 0 59 1 58 0 61 1 59 1 60 0 62 0 61 1 60 0 63 1 61 1 62 0 0 0 63 1 62 0 1 1 63 1 0 0 3 2 64 3 1 2 65 3 64 3 3 2 5 2 65 3 3 2 66 3 65 3 5 2 7 2 66 3 5 2 67 3 66 3 7 2 9 2 67 3 7 2 68 3 67 3 9 2 11 2 68 3 9 2 69 3 68 3 11 2 13 2 69 3 11 2 70 3 69 3 13 2 15 2 70 3 13 2 71 3 70 3 15 2 17 2 71 3 15 2 72 3 71 3 17 2 19 2 72 3 17 2 73 3 72 3 19 2 21 2 73 3 19 2 74 3 73 3 21 2 23 2 74 3 21 2 75 3 74 3 23 2 25 2 75 3 23 2 76 3 75 3 25 2 27 2 76 3 25 2 77 3 76 3 27 2 29 2 77 3 27 2 78 3 77 3 29 2 31 2 78 3 29 2 79 3 78 3 31 2 33 2 79 3 31 2 80 3 79 3 33 2 35 2 80 3 33 2 81 3 80 3 35 2 37 2 81 3 35 2 82 3 81 3 37 2 39 2 82 3 37 2 83 3 82 3 39 2 41 2 83 3 39 2 84 3 83 3 41 2 43 2 84 3 41 2 85 3 84 3 43 2 45 2 85 3 43 2 86 3 85 3 45 2 47 2 86 3 45 2 87 3 86 3 47 2 49 2 87 3 47 2 88 3 87 3 49 2 51 2 88 3 49 2 89 3 88 3 51 2 53 2 89 3 51 2 90 3 89 3 53 2 55 2 90 3 53 2 91 3 90 3 55 2 57 2 91 3 55 2 92 3 91 3 57 2 59 2 92 3 57 2 93 3 92 3 59 2 61 2 93 3 59 2 94 3 93 3 61 2 63 2 94 3 61 2 95 3 94 3 63 2 1 2 95 3 63 2 64 3 95 3 1 2 65 3 96 3 64 3 97 3 96 3 65 3 66 3 97 3 65 3 98 3 97 3 66 3 67 3 98 3 66 3 99 3 98 3 67 3 68 3 99 3 67 3 100 3 99 3 68 3 69 3 100 3 68 3 101 3 100 3 69 3 70 3 101 3 69 3 102 3 101 3 70 3 71 3 102 3 70 3 103 3 102 3 71 3 72 3 103 3 71 3 104 3 103 3 72 3 73 3 104 3 72 3 105 3 104 3 73 3 74 3 105 3 73 3 106 3 105 3 74 3 75 3 106 3 74 3 107 3 106 3 75 3 76 3 107 3 75 3 108 3 107 3 76 3 77 3 108 3 76 3 109 3 108 3 77 3 78 3 109 3 77 3 110 3 109 3 78 3 79 3 110 3 78 3 111 3 110 3 79 3 80 3 111 3 79 3 112 3 111 3 80 3 81 3 112 3 80 3 113 3 112 3 81 3 82 3 113 3 81 3 114 3 113 3 82 3 83 3 114 3 82 3 115 3 114 3 83 3 84 3 115 3 83 3 116 3 115 3 84 3 85 3 116 3 84 3 117 3 116 3 85 3 86 3 117 3 85 3 118 3 117 3 86 3 87 3 118 3 86 3 119 3 118 3 87 3 88 3 119 3 87 3 120 3 119 3 88 3 89 3 120 3 88 3 121 3 120 3 89 3 90 3 121 3 89 3 122 3 121 3 90 3 91 3 122 3 90 3 123 3 122 3 91 3 92 3 123 3 91 3 124 3 123 3 92 3 93 3 124 3 92 3 125 3 124 3 93 3 94 3 125 3 93 3 126 3 125 3 94 3 95 3 126 3 94 3 127 3 126 3 95 3 64 3 127 3 95 3 96 3 127 3 64 3 97 3 128 3 96 3 129 3 128 3 97 3 98 3 129 3 97 3 130 3 129 3 98 3 99 3 130 3 98 3 131 3 130 3 99 3 100 3 131 3 99 3 132 3 131 3 100 3 101 3 132 3 100 3 133 3 132 3 101 3 102 3 133 3 101 3 134 3 133 3 102 3 103 3 134 3 102 3 135 3 134 3 103 3 104 3 135 3 103 3 136 3 135 3 104 3 105 3 136 3 104 3 137 3 136 3 105 3 106 3 137 3 105 3 138 3 137 3 106 3 107 3 138 3 106 3 139 3 138 3 107 3 108 3 139 3 107 3 140 3 139 3 108 3 109 3 140 3 108 3 141 3 140 3 109 3 110 3 141 3 109 3 142 3 141 3 110 3 111 3 142 3 110 3 143 3 142 3 111 3 112 3 143 3 111 3 144 3 143 3 112 3 113 3 144 3 112 3 145 3 144 3 113 3 114 3 145 3 113 3 146 3 145 3 114 3 115 3 146 3 114 3 147 3 146 3 115 3 116 3 147 3 115 3 148 3 147 3 116 3 117 3 148 3 116 3 149 3 148 3 117 3 118 3 149 3 117 3 150 3 149 3 118 3 119 3 150 3 118 3 151 3 150 3 119 3 120 3 151 3 119 3 152 3 151 3 120 3 121 3 152 3 120 3 153 3 152 3 121 3 122 3 153 3 121 3 154 3 153 3 122 3 123 3 154 3 122 3 155 3 154 3 123 3 124 3 155 3 123 3 156 3 155 3 124 3 125 3 156 3 124 3 157 3 156 3 125 3 126 3 157 3 125 3 158 3 157 3 126 3 127 3 158 3 126 3 159 3 158 3 127 3 96 3 159 3 127 3 128 3 159 3 96 3 129 3 160 3 128 3 161 3 160 3 129 3 130 3 161 3 129 3 162 3 161 3 130 3 131 3 162 3 130 3 163 3 162 3 131 3 132 3 163 3 131 3 164 3 163 3 132 3 133 3 164 3 132 3 165 3 164 3 133 3 134 3 165 3 133 3 166 3 165 3 134 3 135 3 166 3 134 3 167 3 166 3 135 3 136 3 167 3 135 3 168 3 167 3 136 3 137 3 168 3 136 3 169 3 168 3 137 3 138 3 169 3 137 3 170 3 169 3 138 3 139 3 170 3 138 3 171 3 170 3 139 3 140 3 171 3 139 3 172 3 171 3 140 3 141 3 172 3 140 3 173 3 172 3 141 3 142 3 173 3 141 3 174 3 173 3 142 3 143 3 174 3 142 3 175 3 174 3 143 3 144 3 175 3 143 3 176 3 175 3 144 3 145 3 176 3 144 3 177 3 176 3 145 3 146 3 177 3 145 3 178 3 177 3 146 3 147 3 178 3 146 3 179 3 178 3 147 3 148 3 179 3 147 3 180 3 179 3 148 3 149 3 180 3 148 3 181 3 180 3 149 3 150 3 181 3 149 3 182 3 181 3 150 3 151 3 182 3 150 3 183 3 182 3 151 3 152 3 183 3 151 3 184 3 183 3 152 3 153 3 184 3 152 3 185 3 184 3 153 3 154 3 185 3 153 3 186 3 185 3 154 3 155 3 186 3 154 3 187 3 186 3 155 3 156 3 187 3 155 3 188 3 187 3 156 3 157 3 188 3 156 3 189 3 188 3 157 3 158 3 189 3 157 3 190 3 189 3 158 3 159 3 190 3 158 3 191 3 190 3 159 3 128 3 191 3 159 3 160 3 191 3 128 3 161 3 192 3 160 3 193 3 192 3 161 3 162 3 193 3 161 3 194 3 193 3 162 3 163 3 194 3 162 3 195 3 194 3 163 3 164 3 195 3 163 3 196 3 195 3 164 3 165 3 196 3 164 3 197 3 196 3 165 3 166 3 197 3 165 3 198 3 197 3 166 3 167 3 198 3 166 3 199 3 198 3 167 3 168 3 199 3 167 3 200 3 199 3 168 3 169 3 200 3 168 3 201 3 200 3 169 3 170 3 201 3 169 3 202 3 201 3 170 3 171 3 202 3 170 3 203 3 202 3 171 3 172 3 203 3 171 3 204 3 203 3 172 3 173 3 204 3 172 3 205 3 204 3 173 3 174 3 205 3 173 3 206 3 205 3 174 3 175 3 206 3 174 3 207 3 206 3 175 3 176 3 207 3 175 3 208 3 207 3 176 3 177 3 208 3 176 3 209 3 208 3 177 3 178 3 209 3 177 3 210 3 209 3 178 3 179 3 210 3 178 3 211 3 210 3 179 3 180 3 211 3 179 3 212 3 211 3 180 3 181 3 212 3 180 3 213 3 212 3 181 3 182 3 213 3 181 3 214 3 213 3 182 3 183 3 214 3 182 3 215 3 214 3 183 3 184 3 215 3 183 3 216 3 215 3 184 3 185 3 216 3 184 3 217 3 216 3 185 3 186 3 217 3 185 3 218 3 217 3 186 3 187 3 218 3 186 3 219 3 218 3 187 3 188 3 219 3 187 3 220 3 219 3 188 3 189 3 220 3 188 3 221 3 220 3 189 3 190 3 221 3 189 3 222 3 221 3 190 3 191 3 222 3 190 3 223 3 222 3 191 3 160 3 223 3 191 3 192 3 223 3 160 3 193 3 224 3 192 3 225 3 224 3 193 3 194 3 225 3 193 3 226 3 225 3 194 3 195 3 226 3 194 3 227 3 226 3 195 3 196 3 227 3 195 3 228 3 227 3 196 3 197 3 228 3 196 3 229 3 228 3 197 3 198 3 229 3 197 3 230 3 229 3 198 3 199 3 230 3 198 3 231 3 230 3 199 3 200 3 231 3 199 3 232 3 231 3 200 3 201 3 232 3 200 3 233 3 232 3 201 3 202 3 233 3 201 3 234 3 233 3 202 3 203 3 234 3 202 3 235 3 234 3 203 3 204 3 235 3 203 3 236 3 235 3 204 3 205 3 236 3 204 3 237 3 236 3 205 3 206 3 237 3 205 3 238 3 237 3 206 3 207 3 238 3 206 3 239 3 238 3 207 3 208 3 239 3 207 3 240 3 239 3 208 3 209 3 240 3 208 3 241 3 240 3 209 3 210 3 241 3 209 3 242 3 241 3 210 3 211 3 242 3 210 3 243 3 242 3 211 3 212 3 243 3 211 3 244 3 243 3 212 3 213 3 244 3 212 3 245 3 244 3 213 3 214 3 245 3 213 3 246 3 245 3 214 3 215 3 246 3 214 3 247 3 246 3 215 3 216 3 247 3 215 3 248 3 247 3 216 3 217 3 248 3 216 3 249 3 248 3 217 3 218 3 249 3 217 3 250 3 249 3 218 3 219 3 250 3 218 3 251 3 250 3 219 3 220 3 251 3 219 3 252 3 251 3 220 3 221 3 252 3 220 3 253 3 252 3 221 3 222 3 253 3 221 3 254 3 253 3 222 3 223 3 254 3 222 3 255 3 254 3 223 3 192 3 255 3 223 3 224 3 255 3 192 3 256 3 224 3 225 3 255 3 224 3 256 3 254 3 255 3 256 3 226 3 256 3 225 3 227 3 256 3 226 3 228 3 256 3 227 3 229 3 256 3 228 3 230 3 256 3 229 3 231 3 256 3 230 3 232 3 256 3 231 3 233 3 256 3 232 3 234 3 256 3 233 3 235 3 256 3 234 3 236 3 256 3 235 3 237 3 256 3 236 3 238 3 256 3 237 3 239 3 256 3 238 3 240 3 256 3 239 3 241 3 256 3 240 3 242 3 256 3 241 3 243 3 256 3 242 3 244 3 256 3 243 3 245 3 256 3 244 3 246 3 256 3 245 3 247 3 256 3 246 3 248 3 256 3 247 3 249 3 256 3 248 3 250 3 256 3 249 3 251 3 256 3 250 3 252 3 256 3 251 3 253 3 256 3 252 3 254 3 256 3 253 3</p>
                </polylist>
            </mesh>
        </geometry>
        <geometry id="mesh4">
            <mesh>
                <source id="points4">
                    <float_array id="pointarray4" count="288">0.11760199815034866 65341.125 -785012.25 0.11759000271558762 26362.16796875 -785132.5 -153148.203125 65341.125 -769928.5 -153171.640625 26362.16796875 -770046.3125 -300411.125 65341.125 -725256.875 -300457.09375 26362.16796875 -725368 -436129.40625 65341.125 -652714.0625 -436196.21875 26362.16796875 -652813.875 -555087.5625 65341.125 -555087.6875 -555172.5 26362.16796875 -555172.625 -652714.0625 65341.125 -436129.625 -652813.875 26362.16796875 -436196.40625 -725256.875 65341.125 -300411.375 -725368 26362.16796875 -300457.3125 -769928.75 65341.125 -153148.421875 -770046.5625 26362.16796875 -153171.859375 -785012.4375 65341.125 -0.07375200092792511 -785132.625 26362.16796875 -0.07378699630498886 -769928.75 65341.125 153148.28125 -770046.5625 26362.16796875 153171.71875 -725256.9375 65341.125 300411.21875 -725368.0625 26362.16796875 300457.21875 -652714.1875 65341.125 436129.625 -652814.0625 26362.16796875 436196.3125 -555087.75 65341.125 555087.6875 -555172.75 26362.16796875 555172.625 -436129.625 65341.125 652714.1875 -436196.40625 26362.16796875 652814.0625 -300411.375 65341.125 725256.9375 -300457.3125 26362.16796875 725368.0625 -153148.40625 65341.125 769928.875 -153171.84375 26362.16796875 770046.75 -0.020820999518036842 65341.125 785012.5625 -0.020854000002145767 26362.16796875 785132.8125 153148.359375 65341.125 769928.875 153171.796875 26362.16796875 770046.75 300411.34375 65341.125 725257.125 300457.3125 26362.16796875 725368.1875 436129.65625 65341.125 652714.25 436196.5 26362.16796875 652814.125 555087.75 65341.125 555087.875 555172.75 26362.16796875 555172.875 652714.25 65341.125 436129.71875 652814.125 26362.173828125 436196.53125 725257.1875 65341.125 300411.4375 725368.25 26362.173828125 300457.4375 769929.125 65341.125 153148.4375 770046.9375 26362.16796875 153171.859375 785012.8125 65341.125 0.000024000000848900527 785133.0625 26362.16796875 0 769928.4375 65341.125 -153148.125 770046.25 26362.16796875 -153171.546875 725256.625 65341.125 -300411 725367.75 26362.16796875 -300456.96875 652713.9375 65341.125 -436129.3125 652813.8125 26362.16796875 -436196 555087.5625 65341.125 -555087.375 555172.5 26362.16796875 -555172.375 436129.5625 65341.125 -652713.8125 436196.28125 26362.16796875 -652813.6875 300411.3125 65341.125 -725256.5625 300457.28125 26362.16796875 -725367.625 153148.421875 65341.125 -769928.4375 153171.859375 26362.16796875 -770046.25 0.11421599984169006 -17190.234375 -780777.875 -152322.125 -17190.234375 -765775.625 -298790.6875 -17190.234375 -721344.9375 -433776.9375 -17190.234375 -649193.3125 -552093.4375 -17190.234375 -552093.5 -649193.25 -17190.234375 -433777.15625 -721344.9375 -17190.234375 -298790.9375 -765775.75 -17190.234375 -152322.359375 -780778.1875 -17190.234375 -0.07664400339126587 -765775.75 -17190.234375 152322.203125 -721345 -17190.234375 298790.8125 -649193.4375 -17190.234375 433777.0625 -552093.625 -17190.234375 552093.5 -433777.1875 -17190.234375 649193.4375 -298790.9375 -17190.234375 721345.125 -152322.328125 -17190.234375 765775.875 -0.02346000075340271 -17190.234375 780778.375 152322.28125 -17190.234375 765775.875 298790.9375 -17190.234375 721345.125 433777.25 -17190.234375 649193.5625 552093.6875 -17190.234375 552093.75 649193.5625 -17190.234375 433777.34375 721345.25 -17190.234375 298791.03125 765776.1875 -17190.234375 152322.34375 780778.625 -17190.234375 -0.0032659999560564756 765775.375 -17190.234375 -152322.046875 721344.75 -17190.234375 -298790.59375 649193.125 -17190.234375 -433776.875 552093.4375 -17190.234375 -552093.25 433777.0625 -17190.234375 -649193 298790.90625 -17190.234375 -721344.75 152322.34375 -17190.234375 -765775.5625</float_array>
                    <technique_common>
                        <accessor count="96" source="#pointarray4" stride="3">
                            <param name="X" type="float"/>
                            <param name="Y" type="float"/>
                            <param name="Z" type="float"/>
                        </accessor>
                    </technique_common>
                </source>
                <source id="uvs4">
                    <float_array id="uvarray4" count="198">7.0703125 1 7.0703125 0.3125 9.0703125 1 9.0703125 0.3125 11.0703125 1 11.0703125 0.3125 13.0703125 1 13.0703125 0.3125 15.0703125 1 15.0703125 0.3125 17.0703125 1 17.0703125 0.3125 19.0703125 1 19.0703125 0.3125 21.0703125 1 21.0703125 0.3125 23.0703125 1 23.0703125 0.3125 25.0703125 1.09765625 25.0703125 0.41015625 27.0703125 1.19921875 27.0703125 0.51171875 29.0703125 1.296875 29.0703125 0.609375 31.0703125 1.3984375 31.0703125 0.7109375 33.0703125 1.5 33.0703125 0.8125 35.0703125 1.59765625 35.0703125 0.91015625 37.0703125 1.69921875 37.0703125 1.0078125 39.0703125 1.69921875 39.0703125 1.0078125 41.0703125 1.69921875 41.0703125 1.0078125 43.0703125 1.59765625 43.0703125 0.91015625 45.0703125 1.5 45.0703125 0.8125 47.0703125 1.3984375 47.0703125 0.7109375 49.0703125 1.296875 49.0703125 0.609375 51.0703125 1.19921875 51.0703125 0.51171875 53.0703125 1.09765625 53.0703125 0.41015625 55.0703125 1 55.0703125 0.3125 57.0703125 1 57.0703125 0.3125 59.0703125 1 59.0703125 0.3125 61.0703125 1 61.0703125 0.3125 63.0703125 1 63.0703125 0.3125 65.0703125 1 65.0703125 0.3125 67.0703125 1 67.0703125 0.3125 69.0703125 1 69.0703125 0.3125 71.0703125 1 71.0703125 0.3125 7.0703125 0 9.0703125 0 11.0703125 0 13.0703125 0 15.0703125 0 17.0703125 0 19.0703125 0 21.0703125 0 23.0703125 0 25.0703125 0.1015625 27.0703125 0.2265625 29.0703125 0.32421875 31.0703125 0.42578125 33.0703125 0.52734375 35.0703125 0.625 37.0703125 0.7265625 39.0703125 0.7265625 41.0703125 0.7265625 43.0703125 0.625 45.0703125 0.52734375 47.0703125 0.42578125 49.0703125 0.32421875 51.0703125 0.2265625 53.0703125 0.1015625 55.0703125 0 57.0703125 0 59.0703125 0 61.0703125 0 63.0703125 0 65.0703125 0 67.0703125 0 69.0703125 0 71.0703125 0</float_array>
                    <technique_common>
                        <accessor count="1" source="#uvarray4" stride="2">
                            <param name="S" type="float"/>
                            <param name="T" type="float"/>
                        </accessor>
                    </technique_common>
                </source>
                <vertices id="vertices4">
                    <input semantic="POSITION" source="#points4"/>
                </vertices>
                <polylist count="128" material="Material1">
                    <input offset="0" semantic="VERTEX" source="#vertices4"/>
                    <input offset="1" semantic="TEXCOORD" source="#uvs4" set="0"/>
                    <vcount>3 3 3 3 3 3 3 3 3 3 3 3 3 3 3 3 3 3 3 3 3 3 3 3 3 3 3 3 3 3 3 3 3 3 3 3 3 3 3 3 3 3 3 3 3 3 3 3 3 3 3 3 3 3 3 3 3 3 3 3 3 3 3 3 3 3 3 3 3 3 3 3 3 3 3 3 3 3 3 3 3 3 3 3 3 3 3 3 3 3 3 3 3 3 3 3 3 3 3 3 3 3 3 3 3 3 3 3 3 3 3 3 3 3 3 3 3 3 3 3 3 3 3 3 3 3 3 3</vcount>
                    <p>2 2 1 1 0 0 3 3 1 1 2 2 4 4 3 3 2 2 5 5 3 3 4 4 6 6 5 5 4 4 7 7 5 5 6 6 8 8 7 7 6 6 9 9 7 7 8 8 10 10 9 9 8 8 11 11 9 9 10 10 12 12 11 11 10 10 13 13 11 11 12 12 14 14 13 13 12 12 15 15 13 13 14 14 16 16 15 15 14 14 17 17 15 15 16 16 18 18 17 17 16 16 19 19 17 17 18 18 20 20 19 19 18 18 21 21 19 19 20 20 22 22 21 21 20 20 23 23 21 21 22 22 24 24 23 23 22 22 25 25 23 23 24 24 26 26 25 25 24 24 27 27 25 25 26 26 28 28 27 27 26 26 29 29 27 27 28 28 30 30 29 29 28 28 31 31 29 29 30 30 32 32 31 31 30 30 33 33 31 31 32 32 34 34 33 33 32 32 35 35 33 33 34 34 36 36 35 35 34 34 37 37 35 35 36 36 38 38 37 37 36 36 39 39 37 37 38 38 40 40 39 39 38 38 41 41 39 39 40 40 42 42 41 41 40 40 43 43 41 41 42 42 44 44 43 43 42 42 45 45 43 43 44 44 46 46 45 45 44 44 47 47 45 45 46 46 48 48 47 47 46 46 49 49 47 47 48 48 50 50 49 49 48 48 51 51 49 49 50 50 52 52 51 51 50 50 53 53 51 51 52 52 54 54 53 53 52 52 55 55 53 53 54 54 56 56 55 55 54 54 57 57 55 55 56 56 58 58 57 57 56 56 59 59 57 57 58 58 60 60 59 59 58 58 61 61 59 59 60 60 62 62 61 61 60 60 63 63 61 61 62 62 0 64 63 63 62 62 1 65 63 63 0 64 3 3 64 66 1 1 65 67 64 66 3 3 5 5 65 67 3 3 66 68 65 67 5 5 7 7 66 68 5 5 67 69 66 68 7 7 9 9 67 69 7 7 68 70 67 69 9 9 11 11 68 70 9 9 69 71 68 70 11 11 13 13 69 71 11 11 70 72 69 71 13 13 15 15 70 72 13 13 71 73 70 72 15 15 17 17 71 73 15 15 72 74 71 73 17 17 19 19 72 74 17 17 73 75 72 74 19 19 21 21 73 75 19 19 74 76 73 75 21 21 23 23 74 76 21 21 75 77 74 76 23 23 25 25 75 77 23 23 76 78 75 77 25 25 27 27 76 78 25 25 77 79 76 78 27 27 29 29 77 79 27 27 78 80 77 79 29 29 31 31 78 80 29 29 79 81 78 80 31 31 33 33 79 81 31 31 80 82 79 81 33 33 35 35 80 82 33 33 81 83 80 82 35 35 37 37 81 83 35 35 82 84 81 83 37 37 39 39 82 84 37 37 83 85 82 84 39 39 41 41 83 85 39 39 84 86 83 85 41 41 43 43 84 86 41 41 85 87 84 86 43 43 45 45 85 87 43 43 86 88 85 87 45 45 47 47 86 88 45 45 87 89 86 88 47 47 49 49 87 89 47 47 88 90 87 89 49 49 51 51 88 90 49 49 89 91 88 90 51 51 53 53 89 91 51 51 90 92 89 91 53 53 55 55 90 92 53 53 91 93 90 92 55 55 57 57 91 93 55 55 92 94 91 93 57 57 59 59 92 94 57 57 93 95 92 94 59 59 61 61 93 95 59 59 94 96 93 95 61 61 63 63 94 96 61 61 95 97 94 96 63 63 1 65 95 97 63 63 64 98 95 97 1 65</p>
                </polylist>
            </mesh>
        </geometry>
        <geometry id="mesh4_VC">
            <mesh>
                <source id="points4_VC">
                    <float_array id="pointarray4_VC" count="288">0.11760199815034866 65341.125 -785012.25 0.11759000271558762 26362.16796875 -785132.5 -153148.203125 65341.125 -769928.5 -153171.640625 26362.16796875 -770046.3125 -300411.125 65341.125 -725256.875 -300457.09375 26362.16796875 -725368 -436129.40625 65341.125 -652714.0625 -436196.21875 26362.16796875 -652813.875 -555087.5625 65341.125 -555087.6875 -555172.5 26362.16796875 -555172.625 -652714.0625 65341.125 -436129.625 -652813.875 26362.16796875 -436196.40625 -725256.875 65341.125 -300411.375 -725368 26362.16796875 -300457.3125 -769928.75 65341.125 -153148.421875 -770046.5625 26362.16796875 -153171.859375 -785012.4375 65341.125 -0.07375200092792511 -785132.625 26362.16796875 -0.07378699630498886 -769928.75 65341.125 153148.28125 -770046.5625 26362.16796875 153171.71875 -725256.9375 65341.125 300411.21875 -725368.0625 26362.16796875 300457.21875 -652714.1875 65341.125 436129.625 -652814.0625 26362.16796875 436196.3125 -555087.75 65341.125 555087.6875 -555172.75 26362.16796875 555172.625 -436129.625 65341.125 652714.1875 -436196.40625 26362.16796875 652814.0625 -300411.375 65341.125 725256.9375 -300457.3125 26362.16796875 725368.0625 -153148.40625 65341.125 769928.875 -153171.84375 26362.16796875 770046.75 -0.020820999518036842 65341.125 785012.5625 -0.020854000002145767 26362.16796875 785132.8125 153148.359375 65341.125 769928.875 153171.796875 26362.16796875 770046.75 300411.34375 65341.125 725257.125 300457.3125 26362.16796875 725368.1875 436129.65625 65341.125 652714.25 436196.5 26362.16796875 652814.125 555087.75 65341.125 555087.875 555172.75 26362.16796875 555172.875 652714.25 65341.125 436129.71875 652814.125 26362.173828125 436196.53125 725257.1875 65341.125 300411.4375 725368.25 26362.173828125 300457.4375 769929.125 65341.125 153148.4375 770046.9375 26362.16796875 153171.859375 785012.8125 65341.125 0.000024000000848900527 785133.0625 26362.16796875 0 769928.4375 65341.125 -153148.125 770046.25 26362.16796875 -153171.546875 725256.625 65341.125 -300411 725367.75 26362.16796875 -300456.96875 652713.9375 65341.125 -436129.3125 652813.8125 26362.16796875 -436196 555087.5625 65341.125 -555087.375 555172.5 26362.16796875 -555172.375 436129.5625 65341.125 -652713.8125 436196.28125 26362.16796875 -652813.6875 300411.3125 65341.125 -725256.5625 300457.28125 26362.16796875 -725367.625 153148.421875 65341.125 -769928.4375 153171.859375 26362.16796875 -770046.25 0.11421599984169006 -17190.234375 -780777.875 -152322.125 -17190.234375 -765775.625 -298790.6875 -17190.234375 -721344.9375 -433776.9375 -17190.234375 -649193.3125 -552093.4375 -17190.234375 -552093.5 -649193.25 -17190.234375 -433777.15625 -721344.9375 -17190.234375 -298790.9375 -765775.75 -17190.234375 -152322.359375 -780778.1875 -17190.234375 -0.07664400339126587 -765775.75 -17190.234375 152322.203125 -721345 -17190.234375 298790.8125 -649193.4375 -17190.234375 433777.0625 -552093.625 -17190.234375 552093.5 -433777.1875 -17190.234375 649193.4375 -298790.9375 -17190.234375 721345.125 -152322.328125 -17190.234375 765775.875 -0.02346000075340271 -17190.234375 780778.375 152322.28125 -17190.234375 765775.875 298790.9375 -17190.234375 721345.125 433777.25 -17190.234375 649193.5625 552093.6875 -17190.234375 552093.75 649193.5625 -17190.234375 433777.34375 721345.25 -17190.234375 298791.03125 765776.1875 -17190.234375 152322.34375 780778.625 -17190.234375 -0.0032659999560564756 765775.375 -17190.234375 -152322.046875 721344.75 -17190.234375 -298790.59375 649193.125 -17190.234375 -433776.875 552093.4375 -17190.234375 -552093.25 433777.0625 -17190.234375 -649193 298790.90625 -17190.234375 -721344.75 152322.34375 -17190.234375 -765775.5625</float_array>
                    <technique_common>
                        <accessor count="96" source="#pointarray4_VC" stride="3">
                            <param name="X" type="float"/>
                            <param name="Y" type="float"/>
                            <param name="Z" type="float"/>
                        </accessor>
                    </technique_common>
                </source>
                <source id="uvs4_VC">
                    <float_array id="uvarray4_VC" count="4">0.12548828125 0.9990234375 0.12548828125 0.7509765625</float_array>
                    <technique_common>
                        <accessor count="1" source="#uvarray4_VC" stride="2">
                            <param name="S" type="float"/>
                            <param name="T" type="float"/>
                        </accessor>
                    </technique_common>
                </source>
                <vertices id="vertices4_VC">
                    <input semantic="POSITION" source="#points4_VC"/>
                </vertices>
                <polylist count="128" material="Material1">
                    <input offset="0" semantic="VERTEX" source="#vertices4_VC"/>
                    <input offset="1" semantic="TEXCOORD" source="#uvs4_VC" set="0"/>
                    <vcount>3 3 3 3 3 3 3 3 3 3 3 3 3 3 3 3 3 3 3 3 3 3 3 3 3 3 3 3 3 3 3 3 3 3 3 3 3 3 3 3 3 3 3 3 3 3 3 3 3 3 3 3 3 3 3 3 3 3 3 3 3 3 3 3 3 3 3 3 3 3 3 3 3 3 3 3 3 3 3 3 3 3 3 3 3 3 3 3 3 3 3 3 3 3 3 3 3 3 3 3 3 3 3 3 3 3 3 3 3 3 3 3 3 3 3 3 3 3 3 3 3 3 3 3 3 3 3 3</vcount>
                    <p>2 0 1 1 0 0 3 1 1 1 2 0 4 0 3 1 2 0 5 1 3 1 4 0 6 0 5 1 4 0 7 1 5 1 6 0 8 0 7 1 6 0 9 1 7 1 8 0 10 0 9 1 8 0 11 1 9 1 10 0 12 0 11 1 10 0 13 1 11 1 12 0 14 0 13 1 12 0 15 1 13 1 14 0 16 0 15 1 14 0 17 1 15 1 16 0 18 0 17 1 16 0 19 1 17 1 18 0 20 0 19 1 18 0 21 1 19 1 20 0 22 0 21 1 20 0 23 1 21 1 22 0 24 0 23 1 22 0 25 1 23 1 24 0 26 0 25 1 24 0 27 1 25 1 26 0 28 0 27 1 26 0 29 1 27 1 28 0 30 0 29 1 28 0 31 1 29 1 30 0 32 0 31 1 30 0 33 1 31 1 32 0 34 0 33 1 32 0 35 1 33 1 34 0 36 0 35 1 34 0 37 1 35 1 36 0 38 0 37 1 36 0 39 1 37 1 38 0 40 0 39 1 38 0 41 1 39 1 40 0 42 0 41 1 40 0 43 1 41 1 42 0 44 0 43 1 42 0 45 1 43 1 44 0 46 0 45 1 44 0 47 1 45 1 46 0 48 0 47 1 46 0 49 1 47 1 48 0 50 0 49 1 48 0 51 1 49 1 50 0 52 0 51 1 50 0 53 1 51 1 52 0 54 0 53 1 52 0 55 1 53 1 54 0 56 0 55 1 54 0 57 1 55 1 56 0 58 0 57 1 56 0 59 1 57 1 58 0 60 0 59 1 58 0 61 1 59 1 60 0 62 0 61 1 60 0 63 1 61 1 62 0 0 0 63 1 62 0 1 1 63 1 0 0 3 1 64 1 1 1 65 1 64 1 3 1 5 1 65 1 3 1 66 1 65 1 5 1 7 1 66 1 5 1 67 1 66 1 7 1 9 1 67 1 7 1 68 1 67 1 9 1 11 1 68 1 9 1 69 1 68 1 11 1 13 1 69 1 11 1 70 1 69 1 13 1 15 1 70 1 13 1 71 1 70 1 15 1 17 1 71 1 15 1 72 1 71 1 17 1 19 1 72 1 17 1 73 1 72 1 19 1 21 1 73 1 19 1 74 1 73 1 21 1 23 1 74 1 21 1 75 1 74 1 23 1 25 1 75 1 23 1 76 1 75 1 25 1 27 1 76 1 25 1 77 1 76 1 27 1 29 1 77 1 27 1 78 1 77 1 29 1 31 1 78 1 29 1 79 1 78 1 31 1 33 1 79 1 31 1 80 1 79 1 33 1 35 1 80 1 33 1 81 1 80 1 35 1 37 1 81 1 35 1 82 1 81 1 37 1 39 1 82 1 37 1 83 1 82 1 39 1 41 1 83 1 39 1 84 1 83 1 41 1 43 1 84 1 41 1 85 1 84 1 43 1 45 1 85 1 43 1 86 1 85 1 45 1 47 1 86 1 45 1 87 1 86 1 47 1 49 1 87 1 47 1 88 1 87 1 49 1 51 1 88 1 49 1 89 1 88 1 51 1 53 1 89 1 51 1 90 1 89 1 53 1 55 1 90 1 53 1 91 1 90 1 55 1 57 1 91 1 55 1 92 1 91 1 57 1 59 1 92 1 57 1 93 1 92 1 59 1 61 1 93 1 59 1 94 1 93 1 61 1 63 1 94 1 61 1 95 1 94 1 63 1 1 1 95 1 63 1 64 1 95 1 1 1</p>
                </polylist>
            </mesh>
        </geometry>
        <geometry id="mesh5">
            <mesh>
                <source id="points5">
                    <float_array id="pointarray5" count="48">-81717.90625 -118712.1015625 554017.9375 162404.734375 -118712.1015625 567403.9375 -120645.703125 -118712.1015625 637962.3125 123476.921875 -118712.1015625 651348.25 -207935 -118712.0703125 363785.75 32846.25 -118712.09375 388310.125 -246329.96875 -118712.0703125 517577.21875 -5548.74462890625 -118712.09375 542101.5 138573.65625 -82753.0078125 718074.75 112839.6484375 -82753.0078125 669775.625 186872.515625 -82753.0078125 692340.625 161138.40625 -82753.0078125 644041.5625 113419.328125 -109290.5078125 733201.125 31061.134765625 -109290.5078125 739602.4375 103352.671875 -109290.5078125 680826.3125 20995.099609375 -109290.5078125 687227.875</float_array>
                    <technique_common>
                        <accessor count="16" source="#pointarray5" stride="3">
                            <param name="X" type="float"/>
                            <param name="Y" type="float"/>
                            <param name="Z" type="float"/>
                        </accessor>
                    </technique_common>
                </source>
                <source id="uvs5">
                    <float_array id="uvarray5" count="8">1 0 0 0.00390625 1 1 0 1</float_array>
                    <technique_common>
                        <accessor count="1" source="#uvarray5" stride="2">
                            <param name="S" type="float"/>
                            <param name="T" type="float"/>
                        </accessor>
                    </technique_common>
                </source>
                <vertices id="vertices5">
                    <input semantic="POSITION" source="#points5"/>
                </vertices>
                <polylist count="8" material="Material1">
                    <input offset="0" semantic="VERTEX" source="#vertices5"/>
                    <input offset="1" semantic="TEXCOORD" source="#uvs5" set="0"/>
                    <vcount>3 3 3 3 3 3 3 3</vcount>
                    <p>2 2 1 1 0 0 3 3 1 1 2 2 6 2 5 1 4 0 7 3 5 1 6 2 10 2 9 1 8 0 11 3 9 1 10 2 14 2 13 1 12 0 15 3 13 1 14 2</p>
                </polylist>
            </mesh>
        </geometry>
        <geometry id="mesh5_VC">
            <mesh>
                <source id="points5_VC">
                    <float_array id="pointarray5_VC" count="48">-81717.90625 -118712.1015625 554017.9375 162404.734375 -118712.1015625 567403.9375 -120645.703125 -118712.1015625 637962.3125 123476.921875 -118712.1015625 651348.25 -207935 -118712.0703125 363785.75 32846.25 -118712.09375 388310.125 -246329.96875 -118712.0703125 517577.21875 -5548.74462890625 -118712.09375 542101.5 138573.65625 -82753.0078125 718074.75 112839.6484375 -82753.0078125 669775.625 186872.515625 -82753.0078125 692340.625 161138.40625 -82753.0078125 644041.5625 113419.328125 -109290.5078125 733201.125 31061.134765625 -109290.5078125 739602.4375 103352.671875 -109290.5078125 680826.3125 20995.099609375 -109290.5078125 687227.875</float_array>
                    <technique_common>
                        <accessor count="16" source="#pointarray5_VC" stride="3">
                            <param name="X" type="float"/>
                            <param name="Y" type="float"/>
                            <param name="Z" type="float"/>
                        </accessor>
                    </technique_common>
                </source>
                <source id="uvs5_VC">
                    <float_array id="uvarray5_VC" count="2">0.12548828125 0.7509765625</float_array>
                    <technique_common>
                        <accessor count="1" source="#uvarray5_VC" stride="2">
                            <param name="S" type="float"/>
                            <param name="T" type="float"/>
                        </accessor>
                    </technique_common>
                </source>
                <vertices id="vertices5_VC">
                    <input semantic="POSITION" source="#points5_VC"/>
                </vertices>
                <polylist count="8" material="Material1">
                    <input offset="0" semantic="VERTEX" source="#vertices5_VC"/>
                    <input offset="1" semantic="TEXCOORD" source="#uvs5_VC" set="0"/>
                    <vcount>3 3 3 3 3 3 3 3</vcount>
                    <p>2 0 1 0 0 0 3 0 1 0 2 0 6 0 5 0 4 0 7 0 5 0 6 0 10 0 9 0 8 0 11 0 9 0 10 0 14 0 13 0 12 0 15 0 13 0 14 0</p>
                </polylist>
            </mesh>
        </geometry>
    </library_geometries>
    <library_visual_scenes>
        <visual_scene id="VisualSceneNode">
            <node id="node0" name="m0" type="NODE">
                <instance_geometry url="#mesh0">
                    <bind_material>
                        <technique_common>
                            <instance_material symbol="Material1" target="#mat1">
                                <bind_vertex_input semantic="UVSET0" input_semantic="TEXCOORD" input_set="0"></bind_vertex_input>
                            </instance_material>
                        </technique_common>
                    </bind_material>
                </instance_geometry>
            </node>
            <node id="node0_VC" name="m0_VC" type="NODE">
                <instance_geometry url="#mesh0_VC">
                    <bind_material>
                        <technique_common>
                            <instance_material symbol="Material1" target="#mat_vc">
                                <bind_vertex_input semantic="UVSET0" input_semantic="TEXCOORD" input_set="0"></bind_vertex_input>
                            </instance_material>
                        </technique_common>
                    </bind_material>
                </instance_geometry>
            </node>
            <node id="node1" name="m1" type="NODE">
                <instance_geometry url="#mesh1">
                    <bind_material>
                        <technique_common>
                            <instance_material symbol="Material1" target="#mat2">
                                <bind_vertex_input semantic="UVSET0" input_semantic="TEXCOORD" input_set="0"></bind_vertex_input>
                            </instance_material>
                        </technique_common>
                    </bind_material>
                </instance_geometry>
            </node>
            <node id="node1_VC" name="m1_VC" type="NODE">
                <instance_geometry url="#mesh1_VC">
                    <bind_material>
                        <technique_common>
                            <instance_material symbol="Material1" target="#mat_vc">
                                <bind_vertex_input semantic="UVSET0" input_semantic="TEXCOORD" input_set="0"></bind_vertex_input>
                            </instance_material>
                        </technique_common>
                    </bind_material>
                </instance_geometry>
            </node>
            <node id="node2" name="m2" type="NODE">
                <instance_geometry url="#mesh2">
                    <bind_material>
                        <technique_common>
                            <instance_material symbol="Material1" target="#mat5">
                                <bind_vertex_input semantic="UVSET0" input_semantic="TEXCOORD" input_set="0"></bind_vertex_input>
                            </instance_material>
                        </technique_common>
                    </bind_material>
                </instance_geometry>
            </node>
            <node id="node2_VC" name="m2_VC" type="NODE">
                <instance_geometry url="#mesh2_VC">
                    <bind_material>
                        <technique_common>
                            <instance_material symbol="Material1" target="#mat_vc">
                                <bind_vertex_input semantic="UVSET0" input_semantic="TEXCOORD" input_set="0"></bind_vertex_input>
                            </instance_material>
                        </technique_common>
                    </bind_material>
                </instance_geometry>
            </node>
            <node id="node3" name="m3" type="NODE">
                <instance_geometry url="#mesh3">
                    <bind_material>
                        <technique_common>
                            <instance_material symbol="Material1" target="#mat4">
                                <bind_vertex_input semantic="UVSET0" input_semantic="TEXCOORD" input_set="0"></bind_vertex_input>
                            </instance_material>
                        </technique_common>
                    </bind_material>
                </instance_geometry>
            </node>
            <node id="node3_VC" name="m3_VC" type="NODE">
                <instance_geometry url="#mesh3_VC">
                    <bind_material>
                        <technique_common>
                            <instance_material symbol="Material1" target="#mat_vc">
                                <bind_vertex_input semantic="UVSET0" input_semantic="TEXCOORD" input_set="0"></bind_vertex_input>
                            </instance_material>
                        </technique_common>
                    </bind_material>
                </instance_geometry>
            </node>
            <node id="node4" name="m4" type="NODE">
                <instance_geometry url="#mesh4">
                    <bind_material>
                        <technique_common>
                            <instance_material symbol="Material1" target="#mat3">
                                <bind_vertex_input semantic="UVSET0" input_semantic="TEXCOORD" input_set="0"></bind_vertex_input>
                            </instance_material>
                        </technique_common>
                    </bind_material>
                </instance_geometry>
            </node>
            <node id="node4_VC" name="m4_VC" type="NODE">
                <instance_geometry url="#mesh4_VC">
                    <bind_material>
                        <technique_common>
                            <instance_material symbol="Material1" target="#mat_vc">
                                <bind_vertex_input semantic="UVSET0" input_semantic="TEXCOORD" input_set="0"></bind_vertex_input>
                            </instance_material>
                        </technique_common>
                    </bind_material>
                </instance_geometry>
            </node>
            <node id="node5" name="m5" type="NODE">
                <instance_geometry url="#mesh5">
                    <bind_material>
                        <technique_common>
                            <instance_material symbol="Material1" target="#mat0">
                                <bind_vertex_input semantic="UVSET0" input_semantic="TEXCOORD" input_set="0"></bind_vertex_input>
                            </instance_material>
                        </technique_common>
                    </bind_material>
                </instance_geometry>
            </node>
            <node id="node5_VC" name="m5_VC" type="NODE">
                <instance_geometry url="#mesh5_VC">
                    <bind_material>
                        <technique_common>
                            <instance_material symbol="Material1" target="#mat_vc">
                                <bind_vertex_input semantic="UVSET0" input_semantic="TEXCOORD" input_set="0"></bind_vertex_input>
                            </instance_material>
                        </technique_common>
                    </bind_material>
                </instance_geometry>
            </node>
        </visual_scene>
    </library_visual_scenes>
    <scene>
        <instance_visual_scene url="#VisualSceneNode"></instance_visual_scene>
    </scene>
</COLLADA>
