<?xml version="1.0" encoding="utf-8"?>
<COLLADA xmlns="http://www.collada.org/2005/11/COLLADASchema" version="1.4.1" xmlns:xsi="http://www.w3.org/2001/XMLSchema-instance">
  <asset>
    <contributor>
      <author>Blender User</author>
      <authoring_tool>Blender 2.79.0 commit date:2018-03-22, commit time:14:10, hash:f4dc9f9d68b</authoring_tool>
    </contributor>
    <created>2023-06-02T19:19:14</created>
    <modified>2023-06-02T19:19:14</modified>
    <unit name="meter" meter="1"/>
    <up_axis>Z_UP</up_axis>
  </asset>
  <library_images>
    <image id="grnd03L2_png" name="grnd03L2_png">
      <init_from>grnd03L2.png</init_from>
    </image>
  </library_images>
  <library_effects>
    <effect id="BaseMat_v-effect">
      <profile_COMMON>
        <newparam sid="grnd03L2_png-surface">
          <surface type="2D">
            <init_from>grnd03L2_png</init_from>
          </surface>
        </newparam>
        <newparam sid="grnd03L2_png-sampler">
          <sampler2D>
            <source>grnd03L2_png-surface</source>
          </sampler2D>
        </newparam>
        <technique sid="common">
          <lambert>
            <emission>
              <color sid="emission">0 0 0 1</color>
            </emission>
            <ambient>
              <color sid="ambient">0 0 0 1</color>
            </ambient>
            <diffuse>
              <texture texture="grnd03L2_png-sampler"/>
            </diffuse>
            <index_of_refraction>
              <float sid="index_of_refraction">1</float>
            </index_of_refraction>
          </lambert>
        </technique>
      </profile_COMMON>
    </effect>
  </library_effects>
  <library_materials>
    <material id="BaseMat_v-material" name="BaseMat_v">
      <instance_effect url="#BaseMat_v-effect"/>
    </material>
  </library_materials>
  <library_geometries>
    <geometry id="Shape_0-mesh" name="Shape 0">
      <mesh>
        <source id="Shape_0-mesh-positions">
          <float_array id="Shape_0-mesh-positions-array" count="4614">23.7168 10.66016 -19.47461 21.71484 10.625 -21.73047 19.96484 8.103516 -24.36133 17.56055 5.431641 -26.23633 15.29492 2.796875 -28.46484 12.01367 2.685547 -28.74609 15.39063 -0.0078125 -28.56641 3.515625 -6.132813 -30.41602 6.375 -9.044922 -30.93945 3.441406 -9.251954 -31.53516 0.4609375 -9.328125 -31.64844 0.5253906 -11.69922 -29.62109 0.5 -14.46094 -27.93359 -2.316406 -11.72852 -29.59375 -2.195313 -14.27734 -27.50391 -5.060547 -17.35352 -26.625 -5.009766 -19.91016 -24.82031 -7.648438 -19.50977 -24.36133 -10.20508 -19.00781 -23.73047 -10.16992 -21.26172 -21.73047 -12.62305 -22.64844 -18.96484 22.7168 5.455078 -22.73047 20.36523 5.464844 -24.82031 20.62695 2.746094 -25.11328 17.85742 2.732422 -26.63086 12.16992 -2.820313 -29.20117 15.29492 -2.814453 -28.46484 12.09961 -5.642578 -29.04102 11.78125 -8.369141 -28.24609 9.109375 -8.640625 -29.63281 8.90625 -11.44727 -28.52344 5.966797 -11.21484 -28.61523 3.230469 -11.42969 -29.08398 6.044922 -14.58203 -28.04883 3.203125 -14.54297 -28.00977 0.4589844 -17.66602 -26.98633 0.4160156 -20.01563 -24.88672 -2.291016 -20.17188 -25.11328 -5 -22.26172 -22.73047 -2.287109 -22.54102 -23.00977 -5.083984 -24.56641 -20.55469 -7.681641 -21.96875 -22.41211 -7.529297 -23.55078 -19.70508 -10.20508 -23.26367 -19.47461 -5.009766 24.33594 -20.37891 -5.212891 22.92969 -23.33398 0.4824219 26.15625 -17.91016 6.109375 28.00586 -15.27148 3.320313 29.20703 -12.45117 6.171875 28.85938 -12.27734 6.167969 29.375 -9.173829 8.992189 28.27344 -12.03906 12.02539 28.27344 -9.00586 12.10352 28.44727 -6.050781 15.04883 27.5957 -3.181641 17.85547 26.18359 -0.4550781 22.99609 22.52539 2.273438 20.33789 24.29102 2.251953 22.2832 21.8125 7.623047 22.7168 22.24609 4.986328 24.73438 2.701172 -20.35156 22.99609 2.740234 -23.00977 23.09766 -0.0078125 -23.11133 17.01367 -5.316406 -25.46289 16.85547 -8.0625 -25.21875 15.08984 -5.609375 -28.13672 14.63672 -8.28125 -27.34961 11.77344 -11.31836 -27.9082 11.33008 -13.78125 -26.43555 5.986328 -17.35352 -26.625 8.648439 -16.95898 -26.05859 5.763672 -19.45898 -24.27539 3.179688 -22.35547 -22.81641 0.4609375 -22.61133 -23.08008 -5.060547 -26.15625 -17.82031 22.98242 -13.02734 17.91992 23.7168 -10.67578 18.52344 24.22461 -10.43359 15.28516 26.81445 -11.03516 13.49609 27.58789 -8.341797 13.83984 29.60352 -5.642578 8.082032 29.43945 -2.849609 11.42578 30.27734 -0.015625 8.402344 30.18164 -2.837891 8.333985 31.96484 2.964844 5.601563 32.58398 3.046875 2.580078 32.42578 6.226563 2.603516 32.3125 6.207031 -0.4746094 31.52148 9.236329 -3.455078 28.70703 11.41211 -6.035156 27.89258 11.07422 -8.728516 27.85352 14.48047 -6.017578 27.32227 14.16602 -8.730469 26.14648 17.00195 -11.60156 -24.49219 -10.82031 -17.03125 -25.18359 -8.21875 -17.4668 -26.66211 -8.341797 -14.79102 -28.43945 -5.722656 -12.29102 -30.11719 -2.943359 -9.591797 -30.84766 -0.0078125 -3.496094 -30.73047 2.970703 -3.455078 -30.35156 2.935547 -6.476563 -30.35156 5.992188 -3.419922 -30.4668 6.048828 -0.4746094 -30.43164 6.015625 2.462891 -29.80664 9.070314 -0.4746094 -28.75195 11.9668 2.380859 -29.69727 8.994141 2.419922 -28.40625 11.79297 5.232422 -27.76563 11.53516 8.035157 -26.66211 14.30664 7.857422 -24.49219 16.54688 10.33594 -27.81836 -8.53711 -12.03906 -27.81836 -11.57031 -9.00586 -28.49414 -8.615235 -9.105469 -28.86523 -8.742189 -6.195313 -30.35156 -2.951172 -6.476563 -30.35156 -6.007813 -3.419922 -30.73047 -2.986328 -3.455078 -30.84766 3.011719 -0.4746094 -31.46289 -0.005859375 -0.5175781 -32.61523 0.01757812 2.654297 -31.04492 6.230469 5.494141 -30.65234 6.107422 8.751954 -27.81836 8.521485 11.08594 -28.72461 8.673829 8.205079 -26.33008 11.06445 10.5293 -25.52344 13.83008 10.4043 -24.95898 13.5332 13.06445 -24.19922 -8.38086 19.64453 -21.38086 -8.056641 21.34961 -19.47266 -5.482422 23.89453 -19.17773 -2.679688 23.5625 -17.21875 -0.0078125 26.08203 -16.9668 2.738281 25.74609 -14.36914 2.796875 27.51172 -14.16406 5.59375 27.18359 -11.51367 2.849609 28.73828 -8.21875 8.673829 28.71094 -5.246094 11.79297 28.39258 -4.984375 14.32227 26.31641 -2.394531 11.9668 28.73828 -2.261719 14.53516 26.62695 0.4414063 17.9082 26.07617 0.4589844 20.70508 24.83594 28.34375 -8.421875 10.93359 28.80078 -8.398439 7.853516 30.94922 -9.033204 5.410156 31.81445 -6.074219 5.589844 32.19531 -3.03125 5.681641 32.58398 -3.064453 2.580078 30.05273 0.2402344 0.1289063 30.02148 3.390625 -3.154297 30.2207 3.125 -6.472656 31.81445 6.058594 -6.542969 30.51953 8.916016 -9.400391 27.67969 11.21094 -11.70117 25.88477 13.5332 -14.01758 24.58398 13.23242 -16.51172 -24.27344 -0.0078125 19.78906 -25.99414 2.765625 17.10742 -23.89258 2.710938 19.46484 -23.39453 5.347656 19.0293 -21.33984 5.361328 21.38281 -19.3125 5.435547 23.72656 -19.03906 8.103516 23.4082 -18.00391 10.32617 22.08984 -15.00391 10.11719 23.06445 -13.07813 13.5332 24.94531 -10.05078 16.1875 23.71289 -12.77734 16.02734 23.64453 -10.06445 18.9375 22.44336 -7.712891 19.7207 23.61523 -7.580078 16.9043 24.66211 -5.125 21.88281 21.88477 -5.101563 -25.01367 19.95508 -2.25 -24.30273 19.41602 -2.255859 -22.2832 21.82031 0.4609375 -22.64258 22.1582 3.210938 -22.54102 22.05664 5.980469 -17.32422 25.64648 6.275391 -15.19336 28.16797 9.15625 -14.93164 27.70898 8.673829 -16.99805 25.16992 9.246094 -11.88477 28.47266 14.4082 -11.03516 25.92188 14.74023 -8.357422 26.70898 17.86914 -2.746094 25.71094 17.47656 -5.423828 25.16406 20.41797 -2.720703 23.89063 19.83203 -5.335938 23.12109 22.78711 -2.726563 21.82813 -17.13477 -26.58008 -9.003907 -14.26953 -27.9375 -9.076172 -10.75586 -26.58203 -6.822266 -7.490234 -27.30664 -3.494141 -4.117188 -28.61523 -0.4316406 -2.208984 -31.52734 -0.4726563 0.4257813 -32.07422 2.605469 -2.560547 -31.74023 5.681641 0.3886719 -29.95313 8.451172 3.273438 -29.33008 8.28125 6.132813 -28.64453 11.24805 8.992189 -28.28906 11.08594 8.796875 -27.13281 13.83984 -8.148439 -29.12109 -9.609375 -5.501953 -30.69727 -9.585938 -4.646484 -29.2793 -6.789063 -4.023438 -28.42383 -3.556641 -2.298828 -31.58203 -3.521484 3.238281 -30.36719 2.412109 3.212891 -29.89258 5.333984 6.458984 -30.80078 2.464844 6.369141 -30.45313 5.429688 6.263672 -29.80859 8.390625 9.025391 -28.76758 8.085939 14.32031 -26.13477 10.45898 16.06445 -23.08008 15.12695 25.01172 -2.75 19.61523 23.09766 -0.0078125 22.1582 20.53711 -0.01171875 24.01367 19.74805 2.59375 23 15.06641 5.580078 27.13477 14.57422 8.203125 26.24609 11.75586 11.2832 26.90625 8.427735 13.83789 25.41211 8.302735 17.03906 24.20898 5.945313 17.60742 25.58008 -2.767578 22.59961 12.35352 -6.011719 23.92773 9.132814 -2.800781 24.03906 9.369141 -9.232422 26.22656 6.669922 -14.28906 28.11328 2.46875 -13.89648 27.35352 -0.2929688 -16.92969 26.18359 -0.4570313 -21.5 21.95898 -5.873047 -19.43945 24.33594 -5.949219 -23.21875 19.24023 -5.890625 -25.99414 -2.783203 -18.06055 -24.19727 -2.763672 -20.65625 -22.35742 -2.755859 -23.29492 -19.70117 2.746094 -25.11328 -16.88281 5.515625 -26.625 -13.90625 5.511719 -27.61523 -16.52734 8.201172 -26.12305 -13.75586 8.283204 -27.37695 -13.50977 11.01758 -26.82813 -10.84766 11.30273 -27.9082 -8.066407 11.55469 -28.75781 -7.871094 14.30664 -27.60156 22.51367 -5.412109 21.56641 21.94727 -8.021485 21.04883 19.46094 -10.67578 22.7793 17.2793 -8.142579 24.92383 17.01758 -10.82031 24.47852 16.49805 -13.24805 23.64453 13.94727 -13.49609 24.87305 11.73828 -14.2793 26.28711 13.70313 -16.04297 23.64453 11.27539 -16.56445 24.47852 8.392579 -19.0625 22.88086 8.355469 -21.25781 20.89648 5.710938 -19.26367 23.06445 5.748047 -21.91406 21.41797 3.216797 -24.64453 19.6875 27.89453 -11.31836 10.83398 27.23828 -14.16602 7.789063 20.62891 -24.62109 -0.4746094 22.42383 -21.96484 -3.166016 20.62305 -24.64063 -3.230469 -11.59375 -0.0078125 28.8457 -8.50586 -0.0234375 29.45508 -8.404297 5.792969 29.32422 -5.337891 8.859375 29.32422 -5.443359 5.898438 29.96875 -2.480469 5.992188 30.33789 -2.394531 8.878907 29.25391 0.4570313 14.64063 26.7207 3.320313 11.9668 28.73828 -10.84766 -11.31836 26.95508 -8.21875 -8.689454 28.71094 -5.337891 -8.875 29.32422 -5.443359 -5.914063 29.96875 -5.587891 -2.972656 30.625 -2.535156 -6.042969 30.59961 -2.572266 -0.00390625 30.98242 3.490234 0.01171875 31.01563 3.302734 5.849609 29.80664 6.050781 5.626953 28.36914 9.257813 5.732422 28.9043 9.072266 8.607422 28.44727 32.19531 -6.167969 2.546875 31.52148 -9.251954 2.501953 29.47461 -11.86719 2.316406 30.46094 -12.24609 -0.4980469 26.91797 -17.5918 -3.25 26.61133 -17.35352 -6 26.10938 -16.99805 -8.6875 23.07031 -18.44727 -10.85938 19.47461 -23.2793 -11.15234 18.54102 -22.26367 -13.2832 16.96484 -24.8418 -14.10156 -17.45117 -26.4043 -3.373047 -17.50781 -26.26758 -0.4570313 -14.33398 -25.17188 -0.34375 -14.31641 -24.21484 2.794922 -10.82227 -26.53516 6.089844 -11.33789 -28.90234 8.246094 -8.333985 -29.62891 8.539064 -5.345703 -29.03711 11.16602 -5.052734 -27.02539 13.76953 -2.318359 -27.5918 14.12305 -2.28125 -26.33398 17.01367 -5.060547 17.33594 -26.625 -7.748047 16.98242 -26.12305 -7.648438 19.49414 -24.36133 -7.689453 21.94922 -22.41992 -10.07617 22.96484 -19.24805 -10.16992 21.24414 -21.73047 -12.55664 22.51172 -18.87305 -12.84961 24.26367 -16.60547 -15.28906 23.26367 -16.20898 -17.79297 22.26367 -13.36914 -21.55273 22.06641 -11.47852 -18.24414 22.79297 -10.99414 -20.90625 21.29102 -8.498047 -17.08008 -2.771484 25.91211 -16.54688 -5.421875 25.01563 -16.51367 -8.212891 25.13672 -13.65625 -8.228516 26.24023 -13.95898 -5.525391 26.77148 -11.09961 -8.53711 27.80469 -10.56445 -13.98047 25.875 -7.871094 -14.32422 26.64844 -7.748047 -16.99805 25.16992 -5.060547 -17.35352 25.67188 -5.009766 -19.91016 23.86914 -21.92969 22.375 -0.4824219 -19.53516 24.35156 -0.5039063 -16.42383 25.64258 2.308594 -19.40039 24.27539 2.251953 -19.08789 23.97461 4.923828 -16.45508 25.94922 5.154297 -14.57422 28.47656 5.291016 -14.22656 27.86133 8.082032 -11.33008 28.52734 8.09961 -10.95313 26.72656 10.5293 -9.375 24.62891 9.361329 -5.851563 23.17188 12.49805 -8.960939 23.19922 12.35938 -2.619141 21.66406 15.6543 6.111328 22.91797 12.42969 6.113281 24.49414 9.587891 9.519532 28.87695 4.701172 12.21094 28.43945 8.074219 12.5625 29.51172 5.328125 15.14063 27.8457 5.173828 14.84961 27.64258 2.412109 -7.789063 21.99219 18.48242 -7.791016 22.40039 21.81836 -5.683594 21.82422 15.50391 0.171875 23.94141 9.449219 3.142578 25.79688 6.828125 3.152344 24.17578 9.558594 6.302734 25.8418 6.833984 3.328125 27.29102 3.935547 6.691406 26.75195 3.302734 -2.433594 -9.009766 29.68359 0.390625 -6.267578 31.83203 0.4101563 -3.013672 31.29883 3.517578 -3.029297 32.07617 6.693359 -2.953125 31.45313 6.613281 0.04296875 30.90039 9.509766 -0.05859375 29.81055 9.177735 2.830078 28.87695 12.23828 5.685547 28.33008 11.87695 8.40625 27.41602 -4.923828 -21.93555 21.46094 -7.648438 -19.50977 23.4082 -10.34961 -16.56445 24.47852 -12.77734 -16.04297 23.64453 -12.90039 -13.35938 24.5918 -19.01172 -10.95508 23.38672 -5.929688 25.15234 6.212891 -2.611328 27.04688 3.724609 -5.666016 29.70898 1.640625 -2.564453 29.5918 1.423828 3.552734 32.14648 -0.4804688 0.4628906 32.17578 -3.552734 3.412109 29.50781 -5.601563 9.019532 28.86523 -5.958984 9.144532 29.17969 -9.158204 -10.95898 5.470703 -28.67383 -11.01367 8.449219 -28.54492 -8.78125 2.970703 -31.53516 -8.857422 -0.0078125 -31.64844 -5.816406 3.273438 -30.41211 -6.007813 -3.015625 -29.89258 -2.808594 -6.458984 -29.22656 -2.878906 -3.128906 -29.07031 0.4277344 -2.976563 -29.4043 0.5273438 -6.265625 -29.45117 -11.83984 30.07813 2.464844 -11.33594 28.95117 -0.2871094 -8.857422 31.16406 -0.4746094 -8.333985 29.86523 -3.074219 -5.246094 29.37109 -9.171875 -2.410156 29.63477 -9.259766 -2.394531 29.20703 -12.45117 3.285156 28.23828 -15.44141 -5.667969 -0.0078125 30.875 -2.515625 2.970703 30.7168 6.103516 8.671875 28.47461 6.162109 11.77148 28.35156 5.804688 14.18359 25.87695 11.13086 18.99023 -23.73047 15.68945 17.75586 -22.10156 15.37109 19.52734 -20.01172 18.22656 21.61719 -15.70313 20.28906 19.81836 -15.60547 22.08789 17.75586 -15.70313 22.98242 18.38867 -13.49414 23.7168 18.99023 -11.14453 15.23633 -0.02148437 27.34375 15.29492 -2.814453 27.51172 15.08984 -5.609375 27.18359 12.4707 -2.894531 28.9043 12.82813 -5.898438 29.65625 9.246094 -8.603516 27.90039 12.69727 -8.947266 29.39063 6.140625 -11.86328 27.80859 11.77344 27.42383 -11.78711 9.023439 27.86523 -15.13281 5.986328 26.14063 -17.82031 8.783204 25.99219 -17.67578 5.935547 24.33594 -20.37891 3.216797 24.62891 -20.64063 3.21875 22.64063 -23.125 -23.07031 7.980469 18.74414 -20.06055 12.93359 20.03906 -20.79102 10.625 20.77734 -17.39648 12.66016 21.36523 -17.30273 15.21875 21.14844 -14.50391 17.56055 20.84766 -15.10742 15.5625 22.54297 -12.28516 18.21875 21.68945 14.08789 -24.8418 -16.97852 16.0332 -23.02734 -16.04688 17.93359 -21.35352 -15.4707 17.20898 -20.21289 -17.25391 18.06055 -17.77344 -17.9043 19.13086 -18.64063 -17 20.77539 -16.89063 -17.33398 21.64063 -14.89844 -17.79883 -22.05664 13.00977 17.91992 -21.4043 15.43945 17.57617 -16.69336 17.14844 20.17578 -16.25 18.80273 18.29102 -13.97266 19.17383 18.83008 -13.96484 20.59766 16.51172 -12.01563 20.17969 19.79492 -12.65039 22.49023 17.98047 21.71484 -10.64063 20.77734 18.85938 -13.02734 22.04297 16.0332 -15.57813 22.54297 13.48047 -18.4043 22.04297 13.37109 -20.44922 19.97656 11.13086 -19.00781 22.7793 11.00195 -20.87109 20.48047 -5.603516 6.058594 -31.82813 -5.476563 9.060547 -31.0625 -2.515625 9.236329 -31.53516 0.4335938 11.68555 -29.0625 3.267578 14.82422 -28.46484 9.234375 23.74609 12.67578 12.06641 26.52734 10.41211 9.480469 24.74023 9.542969 17.62891 25.97461 2.298828 17.35547 25.82422 5.007813 31.63477 -9.328125 -0.4746094 31.2793 -6.314453 -0.2089844 29.45313 -3.25 0.3710938 28.83984 0.2402344 -2.769531 30.27734 0.08203125 -9.810547 31.15039 5.955078 -9.585938 31.23633 3.009766 -9.716797 -30.4668 -6.064453 -0.4746094 -30.8457 -6.164063 2.466797 -31.06055 -3.0625 -0.5039063 -28.76172 -0.08398437 5.033203 -31.86914 2.984375 5.78125 -30.76172 2.796875 8.716797 -29.08008 5.962891 11.70117 -7.748047 -16.99805 -26.12305 -13.00391 -16.29297 -24.97461 -13.09961 -13.56641 -25.93945 -13.50977 -11.03516 -26.82813 -16.09375 -10.82031 -25.43164 -15.75 -13.38281 -24.85156 -18.53711 -10.67578 -23.73047 -16.52734 -8.21875 -26.12305 -19.15625 -8.199219 -24.56641 -22.18945 -8.552735 -23.14258 6.541016 0.01953125 -30.70313 9.460938 2.869141 -30.74414 9.060547 5.552734 -29.55273 12.08008 5.585938 -28.82813 11.86523 8.400391 -28.33984 19.46094 10.66016 -23.73047 18.91016 13.04688 -23.05469 25.00586 -19.98047 7.835938 22.2832 -21.83008 7.623047 22.7168 -22.26172 4.986328 22.99609 -22.54102 2.273438 20.62695 -24.64453 2.277344 18.14453 -26.56641 -0.4746094 18.04688 -26.46484 -3.25 -5.085938 -14.43555 -27.75586 -5.173828 -11.41211 -28.99805 -8.460939 -8.931641 -30.5332 -10.9375 -8.398439 -28.4707 -11.66406 -5.880859 -30.20508 -11.83984 -2.949219 -30.5625 -13.87695 -2.736328 -27.74805 21.11523 17.14844 -17.63281 19.51758 19.04688 -17.46289 19.51758 16.97852 -19.53125 18.8418 18.37109 -18.85547 17.26172 18.83789 -19.32227 17.61914 17.14844 -21.12891 18.22656 15.21875 -22.10156 16.0332 15.5625 -23.49609 13.70313 16.02734 -24.59766 14.00391 13.5332 -25.89844 20.28906 19.81836 14.65234 19.51758 16.97852 18.57813 20.28906 15.12109 19.34961 18.85938 13.00977 22.04297 18.91016 10.35938 22.0918 17.01563 10.80273 24.47461 -10.34961 24.94531 -17.03125 -13.19336 25.72266 -14.16992 -16.09375 24.94531 -11.28906 -16.52734 25.63867 -8.6875 -18.90039 23.70313 -8.539064 -5.246094 28.85938 -12.27734 -8.189454 29.0918 -9.128907 -8.150391 28.93555 -6.066406 -11.16406 28.44727 -6.052734 -14.125 27.59375 -3.183594 -11.05859 28.43945 -2.984375 30.54883 2.933594 -12.77734 29.39063 -0.0078125 -15.81836 30.66016 -0.0078125 -12.85938 29.56836 -3.056641 -9.691407 29.70117 -6.667969 -3.021484 31.52148 -9.251954 -3.455078 30.54883 -12.31055 -3.417969 -29.98242 -5.914063 -6.382813 -29.69727 -9.009766 -3.373047 -28.85938 -12.06445 -0.4746094 -27.62695 -14.93555 -0.4746094 -27.52539 -14.83984 2.330078 -27.19727 -14.63477 5.125 -25.68555 -17.35352 5.046875 0.4609375 -31.85742 -6.691406 -2.560547 -31.74023 -6.634766 3.335938 -29.92969 -9.408204 6.171875 -28.87695 -12.27734 3.320313 -29.22266 -12.45117 6.064453 -27.66797 -15.10352 11.62305 -26.65625 -14.58398 -11.22656 -28.4668 11.24023 -14.24023 -27.89258 8.097657 -14.17969 -25.92383 5.714844 -17.44531 -27.30469 5.242188 -20.42188 -25.35742 5.353516 -17.43164 -26.66211 2.412109 -20.41992 -25.45898 -0.515625 -11.29883 -28.58789 -9.365235 -5.408203 -29.72656 -12.59961 -2.3125 -26.46484 -18.06055 0.4609375 -27.69141 -15.20508 0.4609375 -26.56641 -18.1582 27.43359 17.54883 5.242188 25.96484 20.78125 5.277344 26.67188 13.87891 4.78125 26.76953 13.94336 10.5332 27.89453 11.30273 10.83398 27.19727 8.216797 13.63477 6.511719 -30.89258 -0.4746094 3.365234 -30.83203 -0.4960938 9.488282 -30.08398 -0.4746094 9.464844 -30.16797 -3.373047 9.330079 -29.80859 -6.277344 12.58984 -29.73633 -6.349609 14.97852 -27.56836 -8.957032 -30.4668 -0.0078125 -6.533203 -30.22656 -0.0078125 -9.666016 -29.69727 2.888672 -9.478516 -29.28711 5.787109 -9.332032 -28.11133 5.681641 -12.17969 -28.75195 2.849609 -12.45117 -27.46875 8.56836 -15.19727 14.77734 27.11719 -8.810547 16.52734 24.12891 -10.94727 21.04102 20.57031 -13.45313 -13.75586 2.654297 -27.48438 -11.83984 2.933594 -30.5625 -13.97461 -0.0234375 -27.8457 -17.21875 -0.0078125 -27.0332 -17.12109 -2.783203 -26.93164 -19.5625 -5.515625 -25.03516 -28.66016 8.763672 -12.36328 -27.74609 11.61328 -6.177734 -28.66016 11.87891 -9.248047 -28.24414 11.74805 -3.294922 -27.21094 14.71484 -0.4746094 -22.19141 -15.95313 17.82031 -23.6582 -16.04297 12.76367 -20.11523 -20.58594 12.50195 13.70313 -24.12891 15.55859 13.48047 -22.52734 17.91992 15.68945 -21.63281 17.28906 15.5918 -19.83398 19.34961 15.68945 -17.77344 21.14844 17.69336 -19.33984 18.85547 17.61914 -17.16406 20.17578 18.45703 -15.42773 21.45313 20.73047 -15.41992 19.7793 -13.85352 8.326172 26.64844 -16.52734 8.201172 25.16992 -16.88281 5.515625 25.67188 -19.80273 -0.0078125 24.25977 -19.52539 2.716797 23.95703 -22.17188 -0.0078125 22.1582 -21.65625 2.675781 21.65234 -2.548828 6.126953 -32.07617 -2.646484 3.546875 -29.60742 -2.720703 0.203125 -29.25586 0.4726563 0.08007812 -29.24023 3.568359 -3.027344 -29.43359 0.4609375 -9.328125 30.69727 0.4609375 -12.39258 29.72266 0.4667969 -14.86523 27.52734 3.298828 -12.10742 28.84766 3.361328 -15.51563 28.73242 3.201172 -17.16602 25.52734 -19.94531 15.56445 -20.88477 -17.30273 15.21875 -22.10156 -15.57227 13.23242 -24.59766 -16.09375 10.80469 -25.43164 9.707032 -2.986328 -31.53516 6.509766 -2.984375 -31.00781 6.572266 2.988281 -31.82422 0.4492188 6.146484 -32.03516 0.4609375 9.310547 -31.64844 0.4609375 29.31445 -12.5332 0.4609375 28.08203 -15.4043 -2.34375 27.98047 -15.30859 -4.884766 25.375 -17.32422 -7.533203 23.54492 -19.71289 17.75977 5.503906 25.60156 17.40625 8.179689 25.10547 19.81641 5.351563 23.20508 22.2832 8.089844 21.3457 19.52344 7.892578 22.85742 21.71484 10.625 20.77734 22.98242 13.00977 17.91992 22.08789 15.21875 17.28906 -28.40625 -11.81055 5.232422 -29.52344 -8.935547 5.355469 -28.87891 -8.742189 8.25 -29.16797 -6.042969 11.73633 -21.89648 -12.93359 -18.74219 -20.71289 -14.94336 -17.88672 -19.36328 -15.13672 -20.30273 16.85938 -10.74805 -25.17188 19.0957 -10.48828 -23.20313 16.49805 -13.24805 -24.59766 18.85938 -13.02734 -22.99609 18.22656 -15.23438 -22.10156 20.72461 -12.81445 -20.71875 19.63477 -2.521484 -23.66406 24.34766 -8.119141 -19.97852 -17.75195 -22.49219 -10.61719 -20.11523 -20.58594 -13.45313 -19.36328 -19.83398 -15.60547 23.65625 -18.94531 -8.3125 25.25391 -16.44141 -11.22461 25.88477 -13.54883 -14.01758 25.41602 -10.82031 -17.03125 25.18555 -13.5918 -16.94531 -12.55664 18.38867 -22.99609 -12.51563 20.57031 -21.05469 -14.66602 19.81836 -20.30273 -14.76367 21.61719 -18.24023 -16.69336 20.64453 -17.63281 -19.15234 19.60547 -17.96094 22.68555 -22.23242 -5.933594 17.9375 -26.41602 -8.929689 -5.394531 21.61719 18.85547 -2.707031 21.15039 18.99805 -2.408203 21.17188 21.70313 3.291016 20.63672 24.76563 -22.05859 18.38867 12.54297 -20.79102 21.24414 10.15625 -17.49414 22.18945 9.78125 -21.12109 21.57617 7.53125 -21.79102 22.24609 4.986328 -23.88281 19.89453 4.996094 -24.17383 20.15625 2.277344 -7.667969 -26.56445 13.44336 -10.25391 -25.67188 12.99609 -7.730469 -25.61523 16.44727 -12.77734 -24.12891 15.55859 -24.17383 -20.17188 -3.230469 26.81445 -13.98047 10.54883 25.41602 -16.56445 10.33594 23.7168 -19.00781 10.19141 22.98242 -18.4043 12.54297 21.13867 -20.60352 15.23242 24.34766 8.103516 -19.97852 24.80664 5.464844 -20.37891 26.61133 5.515625 -17.82031 26.53711 2.736328 -17.74023 -23.00391 19.32617 -11.21094 -21.74219 18.56055 -13.38477 -22.10938 15.45117 -12.94922 -20.91016 14.95117 -15.48438 -21.66992 15.58594 -18.68164 11.27539 24.94531 -17.03125 13.70313 24.11328 -16.51172 13.43945 20.56836 -21.05273 13.48047 22.51172 -18.87305 15.4668 21.29883 -17.98047 27.83789 -14.41797 -3.21875 30.19141 -12.13477 -6.349609 31.15039 -9.117189 -6.439453 30.51953 -8.931641 -9.400391 30.39063 -6.056641 -9.564454 25.91992 8.152344 16.39258 26.04102 5.390625 16.51172 26.57813 2.728516 16.89258 24.79102 2.648438 19.46289 22.94727 2.730469 22.01563 -11.16797 -28.25781 -12.10742 -8.308594 -29.13086 -12.36328 -7.751953 -26.75 -14.51758 -10.35156 -25.89063 -14.10352 -7.748047 -25.6543 -17.4668 3.060547 23.45703 12.69141 6.078125 22.38086 15.54102 9.083985 22.56836 15.54102 11.27344 23.0625 18.56641 11.3418 21.72656 21.25977 8.679689 21.72852 21.45117 8.796875 -14.32422 -27.60156 11.11914 -18.98828 -23.70703 13.43945 -20.58594 -21.05469 13.48047 -18.4043 -22.99609 8.248047 -18.77734 -23.42578 3.216797 -24.64453 -20.64063 0.4609375 -24.74414 -20.74219 3.236328 -26.46484 -18.06055 32.3125 -0.0078125 5.738281 29.82031 5.65625 8.212891 28.23633 5.628906 14.21875 29.10742 5.626953 11.24414 27.65625 8.164064 10.64648 -23.38672 8.097657 -19.94336 -23.47461 10.97461 -20.02539 -21.35938 8.089844 -22.29688 -23.8418 5.457031 -20.34375 -21.79102 5.455078 -22.73047 -8.78125 -2.986328 -31.53516 -5.671875 -6.126953 -31.49609 -5.501953 -9.117189 -31.16602 -2.279297 17.43555 -26.71094 3.236328 17.57617 -26.93164 3.216797 20.15625 -25.11328 6.041016 23.09766 -23.63477 -15.13477 -20.50195 20.01758 -14.76367 -21.63281 17.28906 -16.79688 -19.46094 18.94727 -16.69336 -20.66211 16.67969 -18.5918 -19.0625 16.50977 -17.30273 -21.63281 14.75 -19.36328 -19.83398 14.65234 28.55273 14.91992 -0.4746094 28.89258 11.61133 -0.4863281 9.00586 8.535157 -29.24023 3.244141 11.77148 -29.17773 11.13086 -23.26367 -19.47461 14.43555 11.01758 25.875 13.89648 13.42578 24.74023 10.83984 16.19141 23.30664 23.7168 -10.67578 -19.47461 21.36914 -10.45313 -21.33789 22.2832 -8.107422 -22.29688 19.95117 -5.40625 -24.17578 19.91797 -8.09961 -24.29883 29.43164 8.605469 8.115235 28.17773 11.28711 7.912109 29.77148 12.00586 5.332031 29.23047 11.75391 2.316406 -27.40625 -5.662109 14.27734 -25.99414 -2.783203 17.10742 -26.14258 -8.4375 16.98047 -24.35547 -5.509766 19.83008 -31.07617 -6.458984 8.894532 -29.69727 -9.009766 2.419922 11.58984 -25.70117 -17.50977 8.673829 -25.6543 -17.4668 24.61133 19.66797 7.726563 21.71484 21.24414 10.15625 17.80469 21.7832 12.08984 17.51172 21.18164 14.26758 -12.55664 -18.4043 22.04297 -12.51563 -20.58594 20.10156 27.15625 14.09375 7.742188 25.10156 16.35352 10.20703 23.98828 15.64258 12.45508 23.7168 18.99023 10.19141 22.98242 18.38867 12.54297 -23.82422 19.87695 -3.183594 -24.27344 20.25781 -0.4746094 -26.03516 17.60156 2.302734 -26.0957 17.67383 -0.4746094 -21.27344 -21.95898 -3.107422 -23.88281 -19.91016 -5.949219 -20.91602 -21.43945 -8.398439 8.992189 11.55469 -28.75781 11.77344 11.30273 -27.9082 16.89063 13.5918 -25.20117 -20.64063 -21.07617 -11.0332 -10.20508 18.99023 -23.73047 -15.10742 15.5625 -23.49609 -25.88867 -11.03516 -14.44922 -26.96875 -11.31836 -11.78711 -25.88867 -13.98047 -11.50195 -27.99609 -14.9668 -6.1875 -19.36328 19.81836 14.65234 -20.11523 20.57031 12.50195 -26.0957 -17.69141 -0.4746094 -25.99414 -17.5918 2.296875 -24.17383 -20.17188 2.277344 -21.32813 -21.98242 2.181641 -23.88281 -19.91016 4.996094 -20.69922 -21.30469 7.376953 -21.23828 -21.83203 4.845703 8.876954 24.73242 -20.63477 -27.81836 -11.57031 8.052735 -27.11523 -11.37695 10.89258 -24.51172 -13.74805 16.00781 -25.45508 -13.82813 13.32031 12.30273 29.12305 -0.296875 12.82617 30.22266 2.488281 -15.1875 -15.65234 -23.59766 -16.53711 -17.00781 -20.94141 21.04102 -12.98633 20.10156 24.58398 -13.24805 15.55859 13.50195 15.86328 23.25586 13.58398 20.91016 20.41992 -8.267579 23.08789 15.74023 -13.28711 25.74414 13.24805 -17.29297 -26.55859 -6.191406 -13.97266 -26.36133 -6.396484 -19.58008 -24.66211 -6.03125 -20.27148 -25.29492 -3.333984 -22.20508 -15.34375 -15.81055 -23.22852 -13.00781 -16.22656 -27.62695 -0.0078125 -15.4043 -27.52539 -2.814453 -15.30859 20.62695 24.62891 -3.230469 22.14063 21.72852 -5.800781 8.8125 20.06445 24.05078 27.58789 8.326172 -14.79102 26.10938 8.201172 -17.4668 26.81445 11.01758 -14.44922 12.26758 2.849609 28.29883 -25.84961 -5.552734 16.96094 -27.81836 -8.53711 11.08594 11.74023 -27.45313 -11.78906 9.234375 -29.13086 -12.36328 12.19336 -28.67188 -9.136719 6.03125 -8.59375 27.89648 6.210938 -5.503906 29.26172 3.269531 -5.814453 29.9707 -10.34961 16.54688 -25.43164 -12.77734 16.02734 -24.59766 -24.18945 20.12891 -8.832032 -23.20898 15.9668 -10.4375 -6.048828 0.1796875 -29.87891 29.0293 -5.650391 11.24805 28.12305 -5.609375 14.15039 28.29688 -2.798828 14.2793 28.33008 -0.01757812 14.33789 27.01953 -0.0078125 17.20508 18.20508 15.19922 21.12109 17.4668 17.01953 20.00586 15.41992 17.56836 20.83594 17.34961 18.90039 18.45703 15.27539 19.78711 19.11133 -19.43945 5.464844 -24.82031 -18.53711 10.66016 -23.73047 -28.82227 8.72461 -6.201172 -4.728516 -29.69336 5.935547 -2.347656 -31.62891 2.580078 -2.367188 20.58594 24.72266 26.22656 -17.10938 4.962891 27.52148 -14.32227 4.992188 26.91797 -17.5918 2.296875 27.71094 -14.41602 -0.5234375 3.517578 32.11328 -3.53125 6.568359 30.08203 1.988281 6.677734 31.8418 -0.4746094 9.730469 31.12305 -0.4394531 9.638672 31.18945 2.599609 -27.52539 14.82422 2.330078 -15.06055 -23.41016 12.25195 -17.68359 -22.25 12.35352 -20.79102 -21.26172 10.15625 -10.56445 13.96484 25.875 -7.818359 14.24805 26.48828 -8.066407 11.55469 27.80469 0.4609375 -28.09766 14.45117 0.4765625 -28.35938 11.1875 3.283203 8.884766 -30.46875 6.074219 8.539064 -29.40625 6.091797 11.63672 -28.92969 -18.5918 19.04688 16.50977 -17.91797 18.37109 17.9043 -17.79492 -22.3418 -13.41602 -17.30273 -21.63281 -15.70313 -15.10742 -23.02734 -16.04688 -12.77734 -24.12891 -16.51172 -18.16016 18.87109 -19.35547 24.34766 19.49414 -8.587891 15.38477 21.41016 16.99805 -5.185547 11.66602 -29.0957 24.88477 -19.95898 -3.21875 22.24805 -21.7793 -0.4375 -2.304688 -14.69141 27.25195 -2.337891 -27.77344 -15.19727 -2.414063 -29.00195 -12.33789 0.4511719 -29.10156 -12.43359 -22.06836 -5.460938 22.07227 -24.17383 -2.761719 19.6875 -26.0957 -0.0078125 17.20508 31.45508 9.222657 -0.4882813 30.18164 8.779297 2.330078 29.87109 8.722657 5.216797 18.85938 22.51172 -13.49414 16.49805 24.11328 -13.7168 16.0332 23.01172 -16.04688 19.46094 23.24609 -11.14453 19.78906 23.63867 -8.492189 22.11133 21.64648 -8.513672 8.882814 21.39648 18.18359 6.228516 20.83594 18.23242 6.089844 20.4082 24.51367 3.359375 19.99414 21.14844 -10.76953 -26.33594 2.724609 13.98828 24.60742 15.89258 14.30469 25.93555 13.3457 16.27734 24.29102 12.85742 -23.70898 -8.232422 -20.16211 -24.12695 -5.513672 -20.5293 -25.68555 -5.53125 -17.82031 -20.80859 -10.73438 -21.75586 17.2793 -25.38281 7.646484 16.7793 -24.5918 10.17969 16.41797 -24.00586 12.69727 14.00391 -25.42969 13.06445 -22.70117 -15.68359 15.14453 -20.73438 -17.61719 16.91602 -19.44922 -18.08594 19.40625 16.00586 23.35547 15.21289 0.3183594 26.99805 3.787109 3.382813 -30.96094 -3.439453 3.347656 -30.54102 -6.421875 3.173828 -8.935547 29.41406 6.263672 -29.80859 -9.34375 -27.19727 5.59375 14.15039 -30.35938 2.925781 12.10938 -27.91602 -0.0078125 14.69141 12.04883 -0.1074219 27.93555 15.1582 2.771484 27.23242 17.69531 2.710938 25.44336 23.7168 10.66016 18.52344 24.33984 8.09961 19.02148 14.43555 -11.03516 -26.82813 -29.31445 -0.005859375 -12.70508 13.70313 -16.04297 -24.59766 16.0332 -15.57813 -23.49609 -10.58008 -16.92969 -26 -7.871094 -14.32422 -27.60156 -7.828125 -11.2168 -28.33984 -27.52539 2.796875 -15.30859 -10.1582 -21.23438 20.75391 -10.29102 -23.46094 18.67969 -5.138672 -14.63477 27.18359 -5.246094 -11.81055 28.39258 -2.394531 -11.98438 28.73828 -8.066407 -11.57031 27.80469 -11.33594 -2.832031 28.29102 -8.316407 -2.919922 29.11133 30.46484 5.740234 5.269531 -17.18164 -15.13281 -21.95508 -17.93359 -13.02734 -22.99609 -19.70313 -12.74219 -20.66797 9.460938 -30.48633 2.369141 -16.88281 -5.53125 -26.625 -13.89258 -5.503906 -27.71875 25.83008 13.50391 13.03516 24.58398 13.23242 15.55859 20.52734 24.51172 -6.003906 17.45313 25.63867 -8.6875 17.80664 26.14063 -6 15.08984 27.65234 -6.078125 6.023438 -27.49219 14.05469 -17.12109 26.44727 -3.25 -16.88281 26.14063 -6 -13.85352 27.11719 -8.810547 -11.23633 28.67578 -9.103516 -14.16406 27.65234 -6.078125 -2.630859 32.19336 -0.4746094 -2.59375 32.11328 -3.53125 -2.425781 30.26563 -6.025391 0.4238281 29.14063 -5.445313 -13.58398 26.53906 -11.5957 -5.751953 31.8418 -0.4746094 -7.587891 25.12891 -17.13086 -10.51563 26.32813 -14.42383 -7.759766 26.72461 -14.56641 -8.066407 28.27344 -12.03906 -13.74219 -8.277344 -27.39453 6.164063 29.66016 -5.943359 28.81445 11.48828 -3.248047 28.45117 14.82422 -3.28125 30.16406 2.796875 8.34961 29.55078 -0.01171875 11.49805 29.52734 2.833984 11.43945 27.79688 -14.50977 2.185547 28.71484 -11.49414 5.054688 9.261719 29.75781 -3.005859 12.13672 28.65234 -2.996094 14.00391 25.41406 -14.01758 11.48828 26.34375 -14.44922 13.84766 25.3125 -11.08203 22.98242 -13.02734 -18.87305 26.81445 -13.98047 -11.50195 27.71875 -14.35352 -6.005859 -22.79688 -13.49219 18.41602 -5.884766 26.93945 3.388672 -8.53711 28.70313 4.746094 29.58594 -11.89453 -9.248047 3.158203 -19.93164 23.80469 0.4609375 -20.27344 24.25977 0.4863281 -17.24805 25.48633 -23.42188 19.49414 7.634766 -25.18359 16.98242 7.734375 -24.49219 -16.56445 10.33594 -22.79297 -19.00781 10.19141 -25.18359 -16.99805 7.734375 -10.64844 -11.13672 -27.47852 -10.56445 -13.98047 -26.82813 21.71484 21.24414 -11.10938 -5.130859 20.27734 24.35938 19.24805 -23.12891 12.79883 21.25391 -20.79883 12.62109 19.46094 -23.26367 10.19141 21.71484 -21.26172 10.15625 0.3945313 29.35742 1.347656 3.472656 29.43945 1.380859 20.03906 24.00781 4.929688 16.57422 25.11328 7.488281 19.43164 23.36523 7.466797 13.71484 22.86328 18.22656 11.62695 23.16406 15.46875 -10.77734 -26.29883 -0.3261719 -10.77148 -26.61328 -3.322266 -31.15039 -2.873047 8.810547 -30.71289 -3.082031 12.33203 -28.4043 -0.1113281 8.470704 18.35938 22.37891 9.865235 -10.34961 -24.96289 -17.03125 -15.20117 -23.62891 -13.34961 -12.72656 -24.83789 -13.55664 0.4296875 -30.05664 -9.46875 17.79492 -20.87305 16.85742 20.10938 -19.62109 16.93945 18.51758 -22.12695 15.03906 -26.66211 -14.32422 7.857422 3.4375 6.044922 -31.84375 6.353516 5.859375 -30.9043 -18.16211 -18.63281 -19.11914 -16.97266 -19.52539 -20.0332 -14.76367 -21.63281 -18.24023 -16.69336 -20.66211 -17.63281 25.18359 -16.46484 -13.98242 24.23047 -16.20508 -16.76563 -5.134766 -26.55859 17.03906 -29.69727 8.994141 -3.373047 -29.98242 5.898438 -6.382813 6.462891 -30.82227 -3.419922 6.369141 -30.45313 -6.382813 -8.578125 -5.935547 29.94336 -11.33984 -5.716797 28.39258 -5.5625 -30.9375 8.652344 -2.515625 -31.06641 8.767579 -2.421875 -28.58789 11.16797 16.49805 13.23242 23.64453 -26.00195 -17.56641 -6.029297 6.064453 14.61914 -28.13672 8.550782 16.74023 -25.74414 26.72266 10.98047 13.45117 25.41602 10.80469 16.08008 20.01367 -17.40234 19.06445 -27.71094 -2.847656 14.51758 -18.40625 23.23242 7.365234 -15.96094 25.02344 10.33398 -15.4707 24.15625 12.73047 27.24414 -8.173829 -14.55273 -26.66211 -8.341797 13.83984 -26.20703 -11.16016 13.64258 -25.46484 -11.17383 16.55859 27.21875 17.82227 -0.5058594 -17.16211 21.70508 12.09766 -14.35547 22.0957 14.28906 -30.87305 0.0390625 12.24609 29.11914 2.851563 -15.59766 26.29102 -0.01171875 -17.48047 26.75781 17.38281 -8.800782 24.125 19.30664 -5.820313 26.91797 17.57617 -3.25 -2.291016 -24.64453 -20.64063 -5.052734 19.99805 -24.95703 -2.292969 22.85547 -23.29297 0.4609375 20.25781 -25.21289 -5.138672 14.61914 -28.13672 -22.05664 -18.4043 12.54297 -25.93555 -14.00586 10.56836 -22.53906 13.29297 -19.28711 23.91797 19.19727 -3.041016 28.45117 14.82227 2.335938 27.20508 17.7168 2.304688 5.59375 -24.72461 15.9668 -12.81836 -21.08203 -21.56055 -15.22266 -20.48828 -21.00195 -23.87109 12.64258 -13.38281 -25.56641 10.54297 -14.21484 8.199219 -22.56055 18.22852 8.486329 -25.0332 16.11523 10.85742 -22.47461 17.93359 11.27539 -24.96289 16.08008 22.98242 13.00977 -18.87305 22.08789 15.21875 -18.24023 20.28906 15.12109 -20.30273 21.11523 17.14844 16.67969 22.08789 17.75586 14.75 23.48242 15.5625 15.09375 12.54492 -29.63672 5.443359 15.08984 -27.66797 5.125 11.96484 -28.14453 8.007814 -23.91602 16.21094 12.88086 -22.79297 18.99023 10.19141 -24.65039 13.78516 16.20703 -23.14063 16.06641 15.50391 21.11523 -17.16406 16.67969 -22.07031 2.740234 -23.00977 -24.06641 -0.0078125 -20.57813 -22.17188 -0.0078125 -23.11133 -7.638672 -21.83594 21.35156 -7.859375 -24.55273 19.5332 -11.33984 5.701172 28.39258 -22.05664 -18.4043 -13.49414 -23.83008 -16.15039 -13.82617 -24.49219 -16.56445 -11.28906 -27.45508 11.42773 -11.93359 -20.14453 -25.24805 2.431641 24.80664 -5.480469 -20.37891 26.03125 -5.386719 -17.37109 -22.74609 -5.65625 -23.69922 -28.16992 -15.14844 -3.335938 -28.99414 -12.07422 -3.357422 -21.72461 -22.31445 -0.4511719 -28.40625 -11.81055 -6.185547 -23.42188 -19.50977 -8.587891 -24.90039 -13.51758 -13.98633 -28.85938 12.04883 -0.4746094 -20.63867 10.57031 -21.54297 -20.71875 13.35156 -21.6582 9.488282 -30.67383 5.533203 24.58398 -16.04297 12.76367 25.88477 -13.54883 13.06445 -7.464844 -27.69141 6.130859 -7.548828 -27.42383 2.720703 -4.214844 -28.48438 2.699219 -27.41016 -14.66992 -9.03125 -26.01172 -17.56445 -8.955079 14.47266 -26.35352 -11.50586 17.49609 -25.70117 -11.60352 8.519532 -21.72266 -22.16797 5.857422 -24.00586 -20.09375 8.574219 -23.89258 -19.97852 -11.92188 -0.0078125 -30.67578 -8.646485 5.955078 -31.16602 -12.55664 -18.4043 -22.99609 -14.75195 -17.74023 -22.08203 11.0957 21.24414 -21.73047 11.13086 23.24609 -19.47461 -2.675781 25.63672 6.595703 3.207031 22.27734 15.82422 -14.76367 -17.77344 21.14844 -10.84766 11.30273 26.95508 -11.09961 8.521485 27.80469 9.347657 -5.736328 29.19336 -20.3457 -16.00781 20.33203 23.32227 -7.761719 18.36133 24.95508 -0.005859375 19.5957 26.91797 -2.783203 17.10742 24.83984 -7.716797 15.63477 24.56836 -5.400391 19.24219 26.61133 -5.53125 16.86914 23.48242 -15.57813 15.09375 22.08789 -17.77344 14.75 22.08789 -15.23438 17.28906 26.08594 16.89648 7.796875 28.23438 2.767578 14.23438 23.48633 5.179688 18.53711 18.8418 18.37109 17.9043 25.41602 10.80469 -17.03125 27.95313 5.525391 -14.98633 28.53906 8.431641 -11.92773 24.88477 -0.0078125 -20.49219 26.61133 17.33594 -6 30.19141 -5.880859 -12.60352 30.54883 -2.949219 -12.77734 28.77734 -5.720703 -15.37695 26.10938 -8.21875 -17.4668 26.45117 -2.744141 -17.65234 29.28711 -2.900391 -15.71875 22.99609 -2.757813 -23.00977 25.09961 -2.761719 -20.64063 23.17969 -18.60156 -13.5957 -18.75195 -23.91797 -8.384766 -21.20508 -21.79883 -5.816406 -5.107422 -27.45898 -14.97266 -20.19141 -17.16406 -17.63281 -16.39648 -25.50195 -11.43945 -13.9082 -27.14258 -11.81836 -10.34961 -24.96289 16.08008 0.4296875 -26.92773 17.44141 3.236328 -26.46484 17.10742 -17.36133 -26.90039 8.119141 -14.08984 -27.48242 11.07617 -12.97266 -25.25 12.85352 -16.32031 -25.40039 10.4043 -18.14844 -22.86719 9.935547 -15.10742 -23.02734 15.09375 15.29492 -27.99609 2.330078 12.6582 -29.74414 -0.4667969 15.44727 -28.19141 -0.4804688 19.96484 -23.89258 7.634766 12.86328 -30.45117 2.46875 5.833984 -24.0625 19.25195 0.4609375 -24.56445 19.64453 9.384766 -30.05859 -9.398438 17.80664 -26.15625 -6 20.36523 -24.35352 -5.949219 19.96484 -23.89258 -8.587891 15.49805 -28.49219 -6.244141 12.4375 -29.22266 -3.333984 13.48047 -22.52734 -18.87305 22.0918 -17.78516 -15.71289 19.84961 -19.39648 -15.2832 18.81836 -16.46875 -18.84961 9.039064 -27.93945 -15.19727 5.986328 -26.15625 -17.82031 20.51758 -20.08789 -13.125 16.66406 -18.50391 -18.83789 14.875 -20.88281 -17.46875 -19.03906 8.103516 -24.36133 -19.21875 -24.26172 7.746094 25.46094 20.47656 2.224609 21.04102 20.57031 12.50195 -2.353516 11.69727 -29.19531 -2.341797 14.81445 -28.44727 -2.353516 20.63867 -25.78516 0.4609375 17.43164 -26.64844 -17.7793 12.89844 -22.75 -10.56445 13.96484 -26.82813 -13.07813 13.5332 -25.89844 -14.76367 17.75586 -22.10156 -16.52344 19.04688 -19.53125 -16.69336 17.14844 -21.12891 -2.515625 -9.25 -31.50195 17.84375 -2.746094 -26.60938 3.203125 -17.41406 -26.67969 5.837891 -21.96094 -22.37109 3.050781 -19.49023 -24.29492 19.89648 -14.87305 -19.91016 15.64844 -17.73438 -22.06055 15.57813 -19.82227 -20.28906 6.011719 20.12109 -25.18555 6.023438 17.39453 -26.71484 8.574219 19.49414 -24.36133 11.48828 13.96484 -26.82813 8.796875 14.30664 -27.60156 3.666016 0.1816406 -29.49414 3.556641 3.291016 -29.73438 0.4082031 3.314453 -30.0957 20.19336 0.07226562 -24.49609 24.82813 19.96289 -0.4707031 23.48242 15.5625 -16.04688 11.27539 16.54688 -25.43164 21.04102 12.96875 -21.05469 -16.51953 25.92188 7.761719 -22.07031 22.52539 2.273438 -13.16797 24.72656 15.99609 -10.33008 24.2168 15.77539 -10.3418 23.74219 18.87109 -16.57617 20.41211 16.50391 -16.84766 21.08398 14.29492 -2.285156 24.57031 -20.59375 -2.203125 25.66406 -17.56445 -10.81836 27.4082 -11.79688 -19.42383 24.26563 -3.195313 20.72852 24.72852 -0.4746094 23.09766 22.62695 -0.4746094 0.4453125 29.41992 -9.208985 3.271484 29.30078 -9.134766 -19.47266 -8.31836 23.92773 -19.26367 -9.9375 19.30664 -16.29102 -10.99219 24.94336 -15.6543 -13.36328 23.85156 -18.58789 -13.55664 22.92969 -19.77148 -13.15039 19.79102 -12.55664 -22.52734 17.91992 -16.96875 -17.54492 20.72266 -10.33984 21.56055 21.10742 -2.335938 17.9375 26.36133 0.4238281 20.28516 21.48242 -21.34766 8.085939 21.33398 -13.50977 11.01758 25.875 -15.57227 13.23242 23.64453 -19.36328 15.12109 19.34961 22.24219 5.326172 21.39453 6.074219 20.68359 21.20703 11.24414 13.66211 25.22852 11.16797 19.22852 22.80273 13.18945 18.4375 21.60938 -26.07031 -0.0078125 -18.14258 -24.27344 -20.27344 -0.4746094 -26.05273 -17.63086 -3.253906 -27.19727 -5.609375 -15.10352 19.8125 -8.083985 23.21484 17.91016 -0.02539062 25.74805 12.48438 -11.98828 28.41797 -25.88867 17.42969 -8.91211 -25.1582 13.40039 -10.99023 -26.33008 14.29883 -3.341797 -25.24609 17.13086 -3.265625 -26.46094 17.82617 -6.169922 -27.95313 15.00391 -6.25 -27.41797 14.68555 -9.035157 -25.01563 5.458984 -17.37109 -25.94531 8.445314 -17.95117 -27.70898 2.837891 14.51367 -25.38086 5.435547 16.63672 -26.92383 5.585938 -14.97852 -25.99414 2.765625 -18.06055 -24.17383 2.746094 -20.64063 -24.8125 10.89648 -17.24023 -22.47656 12.4043 -16.05859 14.18359 -25.82617 -14.19727 -20.79492 17.65234 -18.13672 -24.78711 10.90039 16.27734 -23.66406 7.865234 15.42383 -25.31055 10.88281 13.2168 -26.2832 8.175782 13.55273 -22.79297 10.66016 18.52344 -27.17188 14.61133 5.119141 -25.95703 17.50781 5.107422 -21.16211 17.75586 14.75 -20.29102 17.24805 16.7793 13.48047 18.38867 -22.99609 14.43555 11.01758 -26.82813 17.38281 11.03516 -25.99609 -8.646485 -5.972656 -31.16602 -17.12109 2.765625 -26.93164 -14.19141 -25.14844 -3.457031 -7.224609 -26.96289 -7.123047 26.81445 -11.03516 -14.44922 27.70313 -11.21094 -11.67969 29.58594 -8.779297 -12.36328 -11.63086 29.58008 5.371094 28.41602 -3.679688 -2.910156 28.44922 -3.515625 -6.580078 3.318359 -28.98242 11.42969 3.267578 -27.99609 14.35547 29.54492 -6.457031 -6.349609 -8.740235 31.10156 2.574219 -10.74805 25.2168 13.05469 22.2168 -21.76953 -8.544922 24.62891 -19.75781 -5.90625 27.58789 -14.32422 -8.810547 0.1972656 23.17578 12.64844 0.3378906 21.98438 15.83984 24.58398 16.02734 -13.7168 11.77344 -27.43945 10.83398 -13.81445 26.92383 10.78516 -19.70117 -2.761719 -25.11328 -19.80273 -0.0078125 -25.21289 22.99609 22.52539 -3.224609 26.81445 13.96484 -11.50195 28.21875 0.1367188 -6.431641 -5.058594 27.2793 -14.88086 0.4609375 -31.85742 5.738281 32.10938 3.125 -0.3847656 -5.03125 28.86914 -5.691406 31.15039 9.101564 -6.439453 -5.539063 31.00391 -3.308594 0.4609375 32.25 -0.4765625 30.19141 5.865234 -12.60352 31.98438 6.175781 -3.474609 -22.07031 22.52539 -3.224609 -15.59766 24.14648 -13.73633 -20.85352 21.35547 -13.93945 -19.94531 20.40039 -16.04883 -17.16992 21.375 -15.55664 32.70508 -0.0078125 2.619141 0.4609375 22.62695 -23.11133 25.09961 -20.17188 2.277344 18.04688 26.44727 -3.25 -18.85742 -17.21094 -19.80273 28.06836 -11.29297 7.837891 25.98438 -16.90234 7.671875 24.85352 -19.94336 5.005859 6.53125 31.28711 -3.376953 3.236328 26.44727 -18.06055 0.4609375 24.72852 -20.74219 17.38086 20.35938 -17.39453 -22.74414 -10.54688 18.02734 -23.42188 -19.50977 7.634766 12.25781 -0.02734375 -29.30469 9.529297 26.63867 6.976563 -32.70508 -3.285156 2.53125 -31.74414 -2.958984 5.78125 14.92383 27.55664 7.976563 14.7832 27.40039 -0.3457031 -28.75195 -11.98438 2.380859 -29.80664 -9.085939 -0.4746094 -31.30664 -6.367188 5.607422 11.89648 24.66016 12.88672 14.80859 27.05664 10.83789 16.35547 24.76758 10.2793 17.01758 20.19336 16.10547 19.51758 19.04688 16.50977 18.04688 -26.46484 2.296875 17.80664 -26.15625 5.046875 20.36523 -24.35352 4.996094 -14.36914 -2.814453 27.51172 -14.46484 -0.0078125 27.61328 -31.68555 3.117188 2.498047 -2.515625 -2.986328 30.7168 -29.33789 8.859375 5.324219 -2.291016 -20.17188 24.16016 22.7168 -5.470703 -22.73047 -13.50977 -11.03516 25.875 -10.07422 -18.77734 22.49219 -20.99805 18.02148 -15.85547 -4.996094 17.37305 25.3418 6.525391 -6.070313 -31.79883 14.64648 -26.87109 7.779297 -8.539064 2.888672 29.68359 -5.537109 2.935547 30.33789 0.4804688 8.876954 29.07227 0.4609375 6.048828 30.45313 9.572266 -5.972656 -31.16602 -28.66406 8.667969 -9.136719 -21.22266 -2.666016 21.19141 -18.64844 -19.31641 18.58203 -21.21875 -17.81836 14.78711 11.15625 -16.38281 -25.14844 -18.5918 16.97852 18.57813 -29.12695 -2.916016 -12.62305 3.277344 8.828125 29.00391 0.4667969 11.92969 28.5625 8.992189 11.55469 27.80469 -29.75195 -5.884766 -9.457032 3.441406 2.970703 30.7168 0.4609375 3.011719 30.83398 6.359375 2.876953 29.91602 -22.79297 -10.67578 -19.47461 15.50781 -28.37695 -3.279297 3.179688 14.57227 26.73828 3.162109 17.69922 25.55078 21.04102 12.96875 20.10156 13.87891 -13.42383 -25.6582 15.79297 15.35938 22.19727 11.0957 -21.26172 -21.73047 21.46289 -21.03516 -10.98242 -19.15234 17.47656 -20.08984 -2.3125 -17.5918 25.98047 16.26367 -16.00195 -20.01367 0.4609375 -0.0078125 30.95313 0.4609375 14.91992 -28.56641 0.4277344 -32.125 -0.4824219 0.4609375 -32.25 -3.572266 -2.3125 -17.5918 -26.93164 19.39453 -18.91406 18.41016 9.783204 -0.0078125 -31.64844 -8.291016 -29.09375 11.37695 -22.79297 -19.00781 -11.14453 3.267578 -27.99609 -15.30859 -18.5918 -19.0625 -17.46289 11.48828 -26.35938 13.49609 17.45117 8.201172 -26.12109 27.01953 -17.69141 -0.4746094 24.97656 -20.05664 -0.4628906 22.2832 8.089844 -22.29688 14.77734 8.326172 -27.60156 -7.630859 -27.4082 -0.3554688 17.99805 0.00390625 -26.8418 15.08984 5.59375 -28.13672 -7.933594 8.390625 -28.99414 -21.16211 -17.77344 -15.70313 -2.515625 -31.06641 -9.720704 8.728516 22.22852 -22.75586 0.1875 25.92383 6.873047 3.308594 21.14063 18.40234 0.4726563 20.89063 18.76367 -17.59961 -15.64453 21.66797 -15.18164 -15.67773 22.68945 10.01172 -3.025391 31.29883</float_array>
          <technique_common>
            <accessor source="#Shape_0-mesh-positions-array" count="1538" stride="3">
              <param name="X" type="float"/>
              <param name="Y" type="float"/>
              <param name="Z" type="float"/>
            </accessor>
          </technique_common>
        </source>
        <source id="Shape_0-mesh-normals">
          <float_array id="Shape_0-mesh-normals-array" count="4614">0.7617859 0.4129517 -0.4991526 0.6795625 0.4772127 -0.5571921 0.72504 0.4869887 -0.4869897 0.7081638 0.4093214 -0.5752912 0.733159 0.3382158 -0.5899898 0.6503176 0.4092202 -0.6400203 0.6650073 0.3398407 -0.6650366 0.6655591 0.2941091 -0.6859526 0.6820206 0.2639698 -0.6820322 0.6021752 0.2629855 -0.7538061 0.5725128 0.1680245 -0.8024942 0.5272078 0.1593387 -0.8346636 0.5308884 0.1179025 -0.8392 0.3912388 0.1387691 -0.9097667 0.5613802 0.07550573 -0.8241063 0.34424 0.09007489 -0.9345508 0.3896481 0.02057617 -0.920734 0.3537855 0.159592 -0.9216107 0.4732012 0.08638733 -0.8767086 0.3255464 0.06517446 -0.9432773 0.4758145 -0.0709908 -0.8766762 0.2938125 -0.08716106 -0.9518809 0.4143691 -0.2184959 -0.8834919 -0.2753924 0.1022732 -0.9558762 -0.1138126 -0.01288908 -0.9934186 -0.2196488 0.2377369 -0.9461689 0.1615582 -0.4524049 -0.8770569 0.1269835 -0.2493288 -0.9600574 0.1232563 -0.5425881 -0.8309068 -0.02532279 -0.0841518 -0.9961312 0.106862 -0.5835875 -0.8049884 -0.08668899 -0.5964915 -0.7979242 -0.01100432 -0.4002687 -0.9163317 -0.0348429 -0.4155348 -0.9089097 -0.0571652 -0.4313393 -0.9003769 -0.09723055 -0.3796179 -0.9200199 -0.1799519 -0.4667111 -0.8659088 -0.1814718 -0.5101588 -0.8407177 -0.1752699 -0.6074281 -0.7747977 -0.26265 -0.5792679 -0.7716629 -0.2774641 -0.6959107 -0.662361 -0.2886276 -0.6298607 -0.7210892 -0.2323182 -0.687738 -0.6877826 -0.3165792 -0.658999 -0.6822741 -0.2555936 -0.7783693 -0.5734224 -0.4086872 -0.7824944 -0.4697632 -0.4226325 -0.8258063 -0.3733978 0.7893284 0.1196662 -0.6021965 0.7534472 0.2632209 -0.6025215 0.6948386 0.1854621 -0.6948404 0.7196925 0.03949481 -0.6931687 0.574671 -0.06619638 -0.815703 0.5750773 -0.1581544 -0.8026664 0.6453692 -0.004157721 -0.7638595 0.6797656 -0.1911054 -0.7080943 0.4164372 -0.09142851 -0.9045556 0.5139842 -0.2380253 -0.8241142 0.4770497 -0.1807156 -0.8600962 0.3829775 -0.2770706 -0.8812265 0.4449269 -0.4315788 -0.7847164 0.2510704 -0.3692345 -0.8947791 0.08778285 -0.4744994 -0.8758679 0.1017015 -0.3531599 -0.9300188 -0.02768868 -0.3736447 -0.9271586 0.07380217 -0.5755459 -0.8144325 0.05556476 -0.4864575 -0.8719357 0.1230568 -0.6150265 -0.7788451 -0.02077263 -0.6209363 -0.7835857 -0.06222087 -0.6859803 -0.7249549 -0.1515267 -0.6663339 -0.7300951 -0.2160615 -0.7676576 -0.6033402 -0.3108912 -0.7593292 -0.5716344 -0.2907482 -0.8314031 -0.4735341 -0.3361982 -0.8414282 -0.4230477 -0.3692436 0.6973099 -0.6143436 -0.2515143 0.5182203 -0.8174279 -0.2943907 0.5733503 -0.7645937 -0.2322426 0.7095929 -0.6652378 -0.2080538 0.887375 -0.4114357 -0.007028162 0.7600914 -0.6497781 -0.0932995 0.8942211 -0.4377945 -0.03596621 0.8395789 -0.5420459 -0.1548115 0.8418832 -0.516978 -0.1681877 0.8345826 -0.5245807 -0.06861221 0.8609358 -0.5040655 0.03614282 0.8243976 -0.5648562 0.02239066 0.8973528 -0.4407458 0.1125672 0.8987146 -0.4238406 0.05093699 0.9796777 -0.1940028 0.1738311 0.9604145 -0.2176855 0.07849723 0.9919744 -0.09912168 0.2538583 0.9346678 -0.248902 0.1858854 0.9772145 -0.1024618 0.3582969 0.904398 -0.2317062 0.2523362 0.9563741 -0.1472247 0.1942688 0.9787741 -0.06527632 0.3736559 0.9156597 -0.1481506 0.3846225 0.9162857 -0.1117413 0.3510575 0.9344151 0.06022667 0.4644407 0.8855929 -0.004488587 0.4914638 0.869885 -0.04199206 0.4097954 0.90577 0.1079292 0.5195933 0.8514112 0.07156693 0.5713257 0.8179652 0.06723177 0.5325993 0.8274167 0.1781004 0.6109068 0.7909357 0.03483974 0.5237466 0.8217926 0.2243807 0.4665751 0.8663986 0.1779364 0.4983039 0.7895008 0.3583037 0.7127568 0.6667339 0.2178157 0.6767329 0.5398931 0.5005478 0.829756 0.02420568 -0.5576013 0.7700363 0.03355544 -0.6371171 0.8515282 0.03722268 -0.5229858 0.6507906 -7.3388e-5 -0.7592574 0.5669193 -0.0754038 -0.8203151 0.5699105 -0.08046454 -0.8177577 0.4749116 -0.06407886 -0.8776976 0.6069941 -0.299228 -0.7362206 0.5646288 -0.1503947 -0.8115268 0.503131 -0.2594088 -0.8243582 0.4559524 -0.2881391 -0.8420709 0.2999959 -0.327442 -0.8959823 0.3453567 -0.4448812 -0.8263229 0.3215399 -0.3983948 -0.8590074 0.282744 -0.599987 -0.7483792 0.1405873 -0.6097701 -0.78001 0.1800673 -0.6444659 -0.7431282 0.1514075 -0.6107567 -0.7772079 0.1704661 -0.6136581 -0.7709507 0.04896336 -0.6579383 -0.7514786 0.01223701 -0.7748315 -0.6320495 -0.04612994 -0.7827143 -0.6206694 -0.07232332 -0.8738496 -0.4807871 -0.1799047 -0.8731985 -0.4529445 0.8020837 -0.2970593 0.5180904 0.8628805 -0.140423 0.4855087 0.7082124 -0.4093952 0.575179 0.8449717 -0.0461207 0.5328187 0.7818431 -0.2519262 0.5703111 0.7124291 -0.3685666 0.5971629 0.7694069 -0.2559506 0.5852371 0.8671579 -0.2381216 0.4374191 0.9487153 -0.2347488 0.2117366 0.9497336 -0.2071347 0.2347372 0.8730444 -0.2261002 0.4320558 0.9527021 -0.09405493 0.2889856 0.8944211 -0.1306208 0.4277257 0.9091534 0.006827473 0.4164057 0.9164809 -0.09641039 0.3882884 0.9245768 0.04120492 0.3787611 0.9637771 -0.08221513 -0.2537213 0.9011995 0.1851102 0.3918848 0.9987383 0.04470449 0.02287662 0.9269067 0.3001699 0.2252599 0.8984851 -0.2728307 -0.3439303 0.9919028 0.103734 -0.073269 0.986268 -0.1160095 -0.1175472 0.8570888 0.5097832 0.07429701 0.8688853 0.4920685 -0.05391627 0.8754571 0.4779946 -0.07138735 0.848572 0.5029141 -0.1643261 0.8370041 0.5172149 -0.1786421 0.8570917 0.4575844 -0.2366653 0.9441229 0.2838608 -0.1674972 0.9648642 0.1714864 -0.1990719 0.8391471 0.5286519 -0.1279042 0.9133965 0.2736979 -0.3013243 0.7403541 0.4841291 -0.4663636 0.7294225 0.482834 -0.4845763 -0.7069799 -0.4655558 -0.5323883 -0.7095874 -0.4922073 -0.5042001 -0.6537162 -0.5230839 -0.5468441 -0.7516642 -0.4371461 -0.4938666 -0.8149082 -0.3702603 -0.4459058 -0.831958 -0.2731701 -0.4829329 -0.8628358 -0.2601491 -0.4334016 -0.8687965 -0.1967133 -0.454419 -0.8962362 -0.2817291 -0.3426216 -0.8782874 -0.2470141 -0.409384 -0.9381662 -0.2684713 -0.2185581 -0.901449 -0.1291401 -0.4131739 -0.977283 -0.08584666 -0.1937744 -0.9772684 0.0552529 -0.2046792 -0.9914713 -0.08314281 -0.1003599 -0.9949294 0 -0.1005769 -0.9912442 0.008643209 -0.131759 -0.9823541 0.1050943 -0.1547116 -0.993118 0.0828219 -0.08280885 -0.9756471 0.1913446 -0.1072384 -0.9716312 0.1835849 -0.1490957 -0.9854477 0.1693997 -0.01403093 -0.9523985 0.2978419 -0.0650177 -0.9586898 0.2831223 -0.027489 -0.9585251 0.271402 0.08700978 -0.9272624 0.3676894 0.07063281 -0.9072383 0.4021252 0.1233453 -0.917146 0.3520566 0.1868137 -0.8700082 0.3604246 0.3364223 -0.8935267 0.4102106 0.1825852 -0.8476442 0.4189454 0.3255524 -0.8117228 0.4975995 0.3057792 -0.8810918 0.3218854 0.346507 -0.8455056 0.4569111 0.2763198 -0.7935053 0.5467367 0.2672612 -0.9398099 -0.2077049 -0.2713226 -0.8737092 -0.3440296 -0.3439129 -0.9273358 -0.3296862 -0.1770749 -0.945678 -0.2659931 -0.1869248 -0.9627231 -0.250854 -0.1011751 -0.9733833 -0.1983494 -0.1148149 -0.989427 -0.0829935 -0.1189392 -0.9580643 -0.1594624 -0.2380855 -0.9614852 0.03509885 -0.2726066 -0.9941084 0.1046909 0.02807623 -0.9297783 0.3343507 -0.1540195 -0.9782846 -0.1121848 0.1742811 -0.9165318 0.3976458 -0.04298251 -0.8826512 0.3859725 0.2682389 -0.8439066 0.4747496 0.2498693 -0.7697779 0.4636622 0.438702 -0.8072668 0.4015908 0.4324873 -0.91614 0.1859792 0.3551045 -0.9550111 0.2548686 0.1516435 -0.8110108 0.3234356 0.4874947 -0.593445 0.6819475 0.4275168 -0.6199715 -0.4481762 0.6440291 -0.738943 0.007691919 0.673724 -0.5945228 -0.4230489 0.6837927 -0.6393256 0.02238416 0.7686103 -0.5829515 0.005860865 0.8124858 -0.6437141 -0.03439337 0.7644929 -0.7496376 -0.08914738 0.6558173 -0.6634933 -0.06281983 0.7455403 -0.5606089 -0.1803535 0.808202 -0.5315827 0.03629547 0.8462285 -0.4368143 -0.01140433 0.8994794 -0.5539471 0.1034495 0.8260998 -0.4800053 0.09262639 0.872362 -0.448542 0.1665636 0.8781041 -0.3363386 0.07410013 0.9388214 -0.3483554 0.1769337 0.9205124 -0.2593352 0.1740679 0.9499714 -0.3460446 0.2605509 0.9013138 -0.2598543 0.2598541 0.9300278 -0.2211462 0.39365 0.8922634 -0.136599 0.260655 0.9557195 -0.1762652 0.478087 0.8604438 -0.03176486 0.4216634 0.906196 -0.1555824 0.4584675 0.8749868 -0.09023565 0.372959 0.9234496 -0.1252813 0.3030466 0.944705 0.02919173 0.4096879 0.9117585 0.1519845 0.2977148 0.9424791 0.1109077 0.2821007 0.9529526 0.09530013 0.8466815 0.5234963 0.07516664 0.8406729 0.5363012 0.9183143 -0.3333916 0.213422 0.9354978 -0.2738367 0.2232878 0.8677115 -0.2548015 0.426794 0.8163726 -0.4147666 0.4018763 0.8855239 -0.2024684 0.4181555 0.9926047 -0.04961627 -0.1107885 0.9126486 -0.07042771 -0.4026321 0.8212587 0.1238765 -0.5569462 0.7520434 -0.3785185 -0.5395874 0.9307609 -0.2817521 -0.2330238 0.8416497 -0.4760875 -0.2548856 0.9017068 -0.4160305 0.1176595 0.9818601 -0.139435 -0.1284868 0.9649952 0.1229887 -0.2316421 0.7482096 0.5198592 -0.4122242 0.8247536 0.4046546 -0.3950143 0.9347864 0.3053298 -0.1815164 0.8554468 0.3307445 -0.398521 0.80581 0.4187307 -0.41873 -0.8215247 -0.2365558 0.5187858 -0.8706824 -0.08325976 0.4847475 -0.685247 -0.4886627 0.540042 -0.7143337 -0.1149933 0.6902926 -0.8341862 -0.05507099 0.5487264 -0.7340452 0.01781314 0.6788669 -0.8136107 1.76388e-5 0.5814102 -0.7818933 0.1757167 0.5981359 -0.7384775 0.008731782 0.6742216 -0.7047845 0.2117804 0.6770731 -0.7115823 0.1892563 0.6766334 -0.7772579 0.2431487 0.5803008 -0.7530615 0.08144867 0.6528895 -0.7047503 0.2117653 0.6771134 -0.6642144 0.1211829 0.7376544 -0.5787189 0.3904393 0.71599 -0.5256865 0.4297043 0.7341717 -0.4513906 0.4216112 0.7864416 -0.6334149 0.325513 0.7020164 -0.6156395 0.2277511 0.7543988 -0.538053 0.337208 0.7725216 -0.418883 0.4187535 0.8057187 -0.305078 0.509235 0.8047404 -0.342167 0.5710266 0.7462241 -0.2484602 0.5648075 0.7869307 -0.4412038 0.4520738 0.7752217 -0.316617 0.4327433 0.8440894 -0.4242343 0.3996247 0.8126041 -0.1724982 0.6228315 0.7631025 -0.08426684 0.8663776 0.4922287 0.22051 0.9485859 0.2270687 -0.08189541 -0.8721171 0.4823951 -0.04930806 -0.7343755 0.6769499 -0.1576911 -0.9395166 0.3040431 0.08754056 -0.761962 0.641678 -0.06385856 -0.7564764 0.650896 -0.09404075 -0.7134343 0.6943831 -0.06374341 -0.73091 0.6794906 0.04931545 -0.5666289 0.8224961 0.1990602 -0.6544579 0.7294244 0.2837693 -0.5199624 0.8056762 0.212687 -0.641022 0.7374652 0.03213572 -0.6968902 0.7164575 0.06496375 -0.7838426 0.6175521 0.1384587 -0.4609492 0.8765587 0.2235791 -0.7270651 0.6491447 0.3518443 -0.5281471 0.77283 0.4663484 -0.5582304 0.6862202 -0.01506376 -0.1430009 0.9896079 0.4431991 -0.5100947 0.7371418 0.3414994 -0.2087273 0.9164122 0.6304403 -0.35434 0.6906434 0.6932196 -0.2446538 0.6779316 0.5789692 -0.1631162 0.7988665 0.65211 -0.1120544 0.7497977 0.646059 -0.1783832 0.7421504 0.5824561 -0.1275494 0.8027926 0.595912 -0.1787532 0.7829024 0.6066966 -0.2069915 0.7675114 0.6680443 -0.1519541 0.7284414 0.5755825 0.09707438 0.8119614 -0.396939 -0.7091064 -0.5827585 -0.6270887 -0.7414438 -0.2387909 -0.6819446 -0.4310167 -0.5909113 -0.3147062 -0.9423158 0.1140222 -0.1776715 -0.9497696 0.2576251 -0.06054037 -0.9461379 0.3180534 -0.04816067 -0.9449069 0.3237769 -0.2544103 -0.9661741 0.04222464 -0.3282335 -0.8765219 0.3520967 -0.2588143 -0.9629052 -0.07634663 -0.6565835 -0.7517473 0.06143611 -0.3069959 -0.9517039 -0.003681182 -0.6139055 -0.788938 -0.02640306 -0.6257106 -0.7710956 -0.1178891 -0.5780681 -0.8159645 -0.006272375 -0.5616864 -0.8251304 -0.06056553 0.1935713 -0.979899 0.04825103 -0.3057219 -0.9520072 0.01470679 0.2885734 -0.9014921 0.3225486 0.1955184 -0.8845632 0.4234626 0.1650158 -0.9649699 0.2039682 0.02805376 -0.9885399 0.14833 0.05142223 -0.95611 0.2884607 0.01630246 -0.959684 0.2806084 0.1348462 -0.9151154 0.3799741 0.1960081 -0.8158606 0.5440152 0.2390344 -0.919173 0.3130236 0.2230584 -0.8098745 0.5425388 0.3178143 -0.8370563 0.4453433 -0.3594146 -0.932282 0.04088187 -0.3069744 -0.8725078 0.3801276 -0.6769241 -0.6170033 0.4013487 -0.3556853 -0.9344282 -0.01821994 -0.6071141 -0.7922204 0.06164056 0.1186008 -0.9927296 -0.02054178 0.09558415 -0.9950028 0.0288639 0.2066229 -0.9766332 0.05911654 0.2049024 -0.9654582 0.1609521 -0.009702503 -0.9986686 0.0506674 -0.1262824 -0.9791081 0.1593738 0.143334 -0.944986 0.2940354 0.2824082 -0.8751219 0.3929471 0.3680945 -0.8519985 0.3722972 0.3877593 -0.866016 0.3156881 0.4766982 -0.8274561 0.2967751 0.4467385 -0.8137934 0.3717054 0.3688248 -0.7610665 0.5336163 0.418851 -0.8489772 0.3221827 0.3817372 -0.7951441 0.4711928 0.4094507 -0.7682505 0.4920786 0.8378429 -0.08383923 0.5394353 0.7360925 -0.3563144 0.5755066 0.726295 -0.4439859 0.5247591 0.748345 -0.09726566 0.6561397 0.7842499 0.03188771 0.6196252 0.7063812 -0.04478347 0.7064136 0.6517802 0.2347978 0.7211468 0.5418759 0.1897842 0.8187506 0.633665 0.09049749 0.7682963 0.6293037 0.07890576 0.7731435 0.6363826 0.08233445 0.7669669 0.4343295 0.1659382 0.8853374 0.5950601 0.2563537 0.7616996 0.3823177 0.2511807 0.8892365 0.3817095 0.3317831 0.8626807 0.3455436 0.2398728 0.9072269 0.3414793 0.3946174 0.8530352 0.2199126 0.4504098 0.8653147 0.2214534 0.566054 0.7940664 0.1523111 0.557875 0.8158289 0.3594043 0.2242426 0.9058388 0.2533536 0.4730665 0.8438129 0.2721253 0.2026202 0.9406874 0.07133567 0.7381103 0.6708982 -0.05362665 0.9077091 0.4161592 0.1273059 0.9461793 0.2975533 -0.0129581 0.9347172 0.3551561 0.0801199 0.9498438 0.3022872 0.1271532 0.8453345 0.5188849 0.5389224 0.7702787 0.3409301 0.5672965 0.5650906 0.5990387 0.2971076 0.8421151 0.450077 0.4278756 0.6791323 0.5964075 -0.01893663 0.9634899 0.2670745 -0.4157609 0.9091781 -0.02319592 -0.5941261 0.8001746 0.08206665 -0.6728496 0.7052729 -0.2233015 -0.5971329 0.8020551 0.01183056 -0.4786264 0.8742356 -0.0814194 -0.468087 0.8644441 0.1833875 -0.5192596 0.8545926 0.006418406 -0.5807868 0.812735 0.04635328 -0.6210389 0.7836573 -0.01385486 -0.7129265 0.6902881 -0.123443 -0.6569696 0.7283709 -0.194594 -0.7670251 0.5661873 -0.3018353 -0.6461781 0.7552306 -0.1099114 -0.7118079 0.7014821 -0.03538876 -0.6177083 0.7849408 -0.04800456 -0.7235657 0.4937933 -0.4823079 -0.8460881 -0.06714177 -0.5287977 -0.8695205 -0.1154606 -0.4802113 -0.8546699 -0.1804755 -0.4867937 -0.821249 0.003963768 -0.5705562 -0.7947481 0.02085036 -0.6065813 -0.710806 0.05775934 -0.7010127 -0.7340357 0.07344007 -0.6751282 -0.6084408 0.01854711 -0.7933826 -0.713088 0.08834964 -0.6954854 -0.6183924 0.09686052 -0.7798777 -0.6121659 0.1833023 -0.7691899 -0.4051923 0.08305019 -0.9104515 -0.4448398 0.1792889 -0.8774811 -0.3988422 0.1437073 -0.9056894 -0.4842794 0.2361029 -0.842454 -0.4029842 0.1577184 -0.9015147 -0.4203875 0.3089435 -0.8531285 -0.3638197 0.2032877 -0.9090156 -0.3450949 0.3051146 -0.8875893 -0.2780317 0.3100135 -0.90917 -0.3393903 0.4266715 -0.8383112 -0.260148 0.4334009 -0.8628365 -0.2691639 0.5124369 -0.8154504 -0.1412972 0.4081921 -0.9018949 -0.1339826 0.50576 -0.8522063 0.6178151 -0.20941 0.7579261 0.7327468 -0.181777 0.6557738 0.6374243 -0.09531283 0.7645952 0.6048803 -0.2825738 0.7444944 0.520937 -0.2835333 0.8051296 0.4779394 -0.3969882 0.7835652 0.5107016 -0.4145142 0.7532343 0.4373804 -0.5082216 0.7418958 0.3357192 -0.5889409 0.7351471 0.2502485 -0.6664805 0.7022674 0.07064586 -0.7083103 0.7023573 0.2361104 -0.7423083 0.6270808 0.3147439 -0.5863265 0.7464299 0.3819043 -0.7713895 0.5090259 0.1189029 -0.7778102 0.6171495 0.8718339 -0.4092008 0.2691845 0.9270423 -0.348061 0.13945 0.9045825 -0.3883412 0.1758458 0.8901436 -0.4154466 0.1872124 0.8841885 -0.419085 0.2063454 0.8040931 -0.5824596 0.1190602 0.8962504 -0.4309054 0.1051459 0.7832357 -0.6209918 0.03018605 0.6986203 -0.7128118 -0.06188064 0.7090646 -0.7045328 -0.02934515 0.7159879 -0.6837939 -0.1406673 0.7126557 -0.700658 -0.03464484 0.7331047 -0.6798554 0.018821 0.7144248 -0.6963434 -0.06857883 0.6756109 -0.7287918 -0.1114116 0.5989855 -0.7990195 -0.05276513 0.64679 -0.7623408 -0.02234601 0.4878416 -0.8649166 -0.1180248 0.5865928 -0.7783104 -0.2239239 0.3464201 -0.8433683 -0.4107593 -0.4768058 -0.1966608 0.8567268 -0.4570708 -0.1698057 0.8730707 -0.3779727 -0.1728442 0.9095393 -0.3304656 -0.06922358 0.9412761 -0.294814 -0.0835334 0.9518965 -0.3204924 -0.06240487 0.9451933 -0.2583707 0.02641123 0.9656848 -0.1882357 0.1112251 0.9758055 -0.1715897 0.1715899 0.9701102 -0.05371588 0.2341818 0.9707078 0.0410149 0.258512 0.965137 0.04565691 0.2595774 0.9646425 -8.61708e-5 0.3719828 0.9282397 0.09394311 0.3748049 0.9223318 0.1745145 0.4833925 0.8578324 -0.2605701 -0.346149 0.9012681 -0.4232729 -0.2674376 0.8656312 -0.3438543 -0.343855 0.8738009 -0.2569161 -0.3631596 0.8956056 -0.1592527 -0.296063 0.9417991 -0.2914385 -0.1204075 0.9489815 -0.1119914 -0.2184001 0.9694119 -0.2208729 -0.07776224 0.9721976 -0.2417456 -0.1623579 0.9566604 -0.1129925 -0.06383854 0.9915429 -0.09160631 0.01719921 0.9956468 -0.05536037 0.03147691 0.9979702 -0.005750179 0.07700914 0.9970139 0.02224218 0.1186938 0.9926818 0.03514021 0.1922392 0.9807188 0.1542221 0.204285 0.9666868 0.2396216 0.3000584 0.9233344 0.2407616 0.2703326 0.9321771 0.1570507 0.2400823 0.9579644 0.1317869 0.09063595 0.9871259 0.1219297 0.1371269 0.9830206 0.1847309 0.1900835 0.9642317 0.8958708 -0.4261304 0.1258108 0.7989274 -0.5678855 0.1980438 0.9887543 -0.1387653 -0.05576115 0.7843763 -0.5901931 0.190856 0.8178216 -0.5733804 -0.0490185 0.8625751 -0.5040278 0.04381906 0.8273826 -0.5616212 -0.004445612 0.8782875 -0.4731245 -0.0690245 0.819167 -0.5630005 -0.1095262 0.8513903 -0.492456 -0.1806152 0.7462828 -0.5995885 -0.2890601 0.738576 -0.6414034 -0.2076229 0.7107914 -0.5924901 -0.3791189 0.7498616 -0.5792837 -0.3195904 0.7134495 -0.664613 -0.2219895 0.7254158 -0.5125496 -0.4594181 0.6123239 -0.669349 -0.420751 0.7269265 -0.5567899 -0.401949 0.7473404 -0.4663485 -0.4732879 0.6031821 -0.6447195 -0.469583 -0.07355451 -0.9970108 0.0236532 -0.7048725 -0.7093244 -0.003709793 -0.7250705 -0.6573984 -0.2051833 0.03171306 -0.9984824 -0.04502618 0.01462376 -0.9977364 0.06563699 0.0262103 -0.9926055 -0.1185215 0.06810706 -0.9905983 -0.1186444 0.03085005 -0.9059473 -0.4222651 -0.3493484 -0.9357392 -0.04845595 -0.2020426 -0.8764674 -0.437017 -0.3547843 -0.8401811 -0.4101511 -0.2407409 -0.923245 -0.2994368 -0.3043447 -0.9147632 -0.2656739 -0.1934498 -0.8097146 0.5540212 -0.2828515 -0.9533597 0.1053579 0.08991336 -0.7956753 0.5990129 0.02863013 -0.8678735 0.4959595 -0.1276751 -0.8954715 0.4264153 -0.2204818 -0.9083869 0.3552763 -0.06701803 -0.9499328 0.3051826 -0.03147542 -0.8268072 0.5616041 0.280574 -0.8030588 0.5257138 -0.3466303 0.5821313 -0.7355071 -0.3724113 0.69946 -0.6099717 -0.2678044 0.7687643 -0.5807601 -0.3923559 0.6618865 -0.63872 -0.3388637 0.7113638 -0.6157379 -0.4920046 0.6561842 -0.5721485 -0.3586423 0.7569354 -0.5462826 -0.5627898 0.6723483 -0.4808487 -0.595712 0.7148141 -0.3662894 -0.4504313 0.7749063 -0.4434318 -0.4391987 0.8232182 -0.359745 -0.5924019 0.6689618 -0.4489436 -0.5272271 0.8065282 -0.2674771 -0.6037616 0.7968524 -0.02232152 -0.8279966 0.3149697 -0.4639136 -0.4009811 -0.09071588 0.9115837 -0.4443951 -0.1795992 0.8776431 -0.3826483 -0.324756 0.8649358 -0.3765241 -0.4262336 0.8225294 -0.2600322 -0.4333637 0.86289 -0.1525795 -0.4396441 0.8851173 -0.2786495 -0.5306885 0.8004525 -0.1811347 -0.5261965 0.8308475 -0.1680254 -0.6522784 0.7391213 -0.02575594 -0.5092427 0.8602376 -0.09684765 -0.6610072 0.7441036 -0.7836931 0.6160781 -0.07920265 -0.8330025 0.491549 -0.2539418 -0.6536811 0.75677 3.86025e-4 -0.6506632 0.7563438 0.06768643 -0.4821174 0.8703022 0.1006832 -0.5682632 0.8020727 0.1837293 -0.7057936 0.7068564 -0.0470044 -0.7366335 0.6198216 0.2705409 -0.4416071 0.8456002 0.299906 -0.3155726 0.8334584 0.4536091 0.5213599 0.7367678 0.4305313 0.4714813 0.8373839 0.2765749 0.416228 0.8972518 0.1472876 0.4198922 0.8935561 0.1588965 0.04107224 0.9640533 0.2625154 0.007984101 0.9667338 0.2556604 0.126985 0.9896892 0.06625944 -0.1079119 0.9296514 0.3522831 -4.33256e-4 0.9323834 0.3614706 -0.1122388 0.944973 0.3072922 0.04671806 0.9565036 0.2879555 -0.03142607 0.911813 0.4094014 -0.04955238 0.9465366 0.3187682 -0.07912069 0.8850225 0.4587757 -0.3583839 0.8206049 0.4451615 -0.1363183 0.8793868 0.4561757 -0.4232478 0.6904236 0.5866657 -0.3655542 0.7451519 0.5577803 -0.1690797 0.8806072 0.4426546 0.1521322 0.9366756 0.3154279 0.6228662 0.7687817 0.1449569 0.4960213 0.8678712 0.0276131 0.6560195 0.747721 -0.1027226 -0.06526559 0.8811999 0.468217 -0.5781199 0.460797 0.6733822 0.3648487 0.9264929 0.09217613 0.1938439 0.9805981 0.0291869 0.2480063 0.9444831 0.2155102 -0.03425896 0.901899 0.4305862 -0.04409724 0.8788068 0.4751359 0.01570409 0.8742468 0.4852276 -0.006794571 0.8206117 0.5714458 -0.2458252 0.7294176 0.6383729 -0.1863449 0.7119626 0.6770412 0.0432164 -0.2828883 0.9581788 -0.2389993 -0.2954276 0.9249876 0.09123927 -0.0932061 0.9914576 0.3279159 -0.364075 0.8717343 -0.02520179 -0.155699 0.9874831 0.1451862 -0.1986352 0.96926 0.1931393 0.2609426 0.9458363 0.3918263 0.2929378 0.8721581 0.2633939 0.1559712 0.9519961 0.3059911 0.01376575 0.9519349 0.2906441 0.1683737 0.9419004 -0.1188988 -0.6101345 0.7833256 -0.2656025 -0.5881878 0.7638655 -0.3323315 -0.5887026 0.7368752 -0.3344795 -0.5922902 0.7330183 -0.336627 -0.564606 0.753593 -0.3721951 -0.4955511 0.784793 -0.3819027 -0.4246109 0.8208874 -0.3059014 -0.4447291 0.8418078 -0.3951269 -0.2878279 0.8723703 -0.7238825 -0.2892872 0.6263442 -0.6111393 -0.1264857 0.7813516 0.2948855 0.666392 0.6848097 -0.04433757 0.7915174 0.6095363 0.1792041 0.6939883 0.6973279 0.07379955 0.6293177 0.7736361 -0.06412386 0.9120885 0.4049478 -0.001136422 0.6415461 0.7670838 0.007122218 0.8813155 0.4724748 0.03118598 0.9156758 0.4007061 0.03627628 0.9003053 -0.4337447 0.1415393 0.8872357 -0.4390668 -0.02257192 0.9070191 -0.4204842 0.2475656 0.8844074 -0.3956448 0.08138084 0.9428125 -0.3232364 -0.5358878 0.3449378 -0.7706117 -0.3533375 0.2847118 -0.8911184 -0.5892469 0.2125454 -0.7794952 0.02386862 0.07967215 -0.9965354 0.09780293 -0.02256858 -0.9949499 0.2203181 -0.2526842 -0.9421309 0.366182 -0.08845281 -0.9263297 0.07751786 -0.08874458 -0.9930335 0.3622201 0.1008605 -0.9266195 0.07797634 -0.00540024 -0.9969407 0.1550481 0.3185576 -0.9351371 -0.08383268 0.05067038 -0.9951907 -0.1949458 0.3063753 -0.9317351 -0.5777732 0.756753 -0.3057829 -0.3356169 0.9287735 -0.157293 -0.3886881 0.9116032 -0.1337961 -0.4071401 0.8283127 -0.3848831 -0.1691294 0.9783132 -0.1195769 -0.2692819 0.8640293 -0.4253712 -0.2217596 0.9312084 -0.289264 -0.07517427 0.9156464 -0.3948932 -0.1494696 0.9861057 -0.07248759 -0.009740471 0.986678 -0.1623934 -0.08934736 0.9575266 -0.2741534 0.06021046 0.9973139 -0.04171091 -3.20702e-5 0.9762116 -0.2168201 -0.3739016 0.07356482 0.9245464 -0.2465573 0.04882103 0.9678978 -0.08269625 0.1075261 0.9907571 0.09528464 0.2838547 0.9541212 0.10916 0.1717147 0.9790803 0.1769964 0.4067502 0.8962292 0.345993 0.5517095 -0.7588844 0.3786622 0.5344148 -0.7556559 0.2564013 0.5199939 -0.814779 0.40931 0.5756295 -0.7078955 0.4736695 0.6368502 -0.6083247 0.4920507 0.5971322 -0.6334977 0.532375 0.6555652 -0.5355476 0.4500582 0.6772669 -0.5820285 0.5211638 0.6156674 -0.5910516 0.4435354 0.6479681 -0.6192042 0.5267629 0.6574493 -0.5387778 0.5341472 0.6333893 -0.559915 0.6222285 0.6222285 -0.4750406 0.679486 0.5571774 -0.4773386 0.6451046 0.6451037 -0.4094892 0.7081114 0.5752987 -0.4094017 0.6521114 0.6710092 -0.3528419 0.5309748 0.05759423 0.8454282 0.4218121 0.06999135 0.9039779 0.5096638 -0.03766411 0.8595489 0.4682989 0.1311908 0.8737763 0.3379942 0.08789891 0.9370346 -0.01233875 -0.3930494 0.9194346 -0.2076562 -0.1184427 0.9710048 0.1755706 -0.1842215 0.9670767 0.06778621 0.04279845 0.9967815 0.2646772 -0.1554812 0.9517203 -0.1153131 -0.5319523 0.838886 0.4976611 0.8037477 -0.3260723 0.4092569 0.7889809 -0.4582771 0.5334002 0.7792308 -0.3290647 0.471629 0.8110936 -0.3459675 0.3234639 0.8737982 -0.3631088 0.2763225 0.8099261 -0.5173642 0.1064289 0.8057808 -0.5825722 0.046772 0.8432042 -0.5355548 0.09699416 0.7955335 -0.598096 -0.02842134 0.7160989 -0.69742 0.04903936 0.7060936 -0.7064186 0.07182896 0.5643415 -0.8224107 -0.9207412 0.1390667 0.3645493 -0.7641738 0.173647 0.6211967 -0.5459401 0.3498809 0.7612705 -0.5598826 0.3465232 0.7526309 -0.6193087 0.2341162 0.7494307 -0.5604863 0.4120582 0.7183754 -0.4753342 0.5557854 0.6820265 -0.4113869 0.6786488 0.6084379 -0.4270631 0.6556874 0.6226485 -0.6244762 0.5267879 0.576649 0.5112907 -0.6135903 -0.6017382 0.3315255 -0.9037901 -0.2706552 0.5835132 -0.3249598 -0.7442536 0.6108078 -0.5499085 -0.5696617 0.6112738 -0.5441771 -0.5746441 0.3993997 -0.6225984 -0.6729421 0.4834035 -0.547029 -0.6834328 0.6806475 -0.4391716 -0.586385 0.4860541 -0.5047256 -0.713445 0.4271898 -0.6504904 -0.6279897 0.4982403 -0.4833015 -0.7198446 0.4427073 -0.6934388 -0.5684655 0.4520909 -0.5296437 -0.7176988 0.4877616 -0.5563457 -0.6727319 0.7662695 -0.3122551 -0.5615406 -0.8892332 -0.1865022 0.4177098 -0.5777223 0.3170099 0.7521581 -0.5645604 0.5004351 0.6563812 -0.5700215 0.456912 0.6828667 -0.5258838 0.5689836 0.6322214 -0.4403321 0.6284478 0.6412185 -0.3110734 0.7300068 0.6085422 -0.4203342 0.7668022 0.4851121 -0.5453576 0.6476342 0.5321231 -0.7045902 0.341062 0.6222776 0.8673428 -0.2101773 0.451156 0.6831966 -0.257872 0.6831871 0.6804889 -0.3261457 0.6561737 0.5918033 -0.3299328 0.7354682 0.4903768 -0.4479896 0.7475534 0.4161378 -0.4949249 0.7628098 0.4263887 -0.5779031 0.6958597 0.4089044 -0.6012167 0.686539 0.3152777 -0.7018525 0.6387512 0.232114 -0.7969353 0.5576893 -0.1436458 -0.1026969 -0.9842861 -0.2690799 0.4309536 -0.8613216 -0.03536456 -0.2286645 -0.9728627 -0.1061973 0.4496674 -0.8868604 0.1045676 0.4474142 -0.8881927 -0.04683786 0.4727976 -0.8799254 -0.003249764 0.4705824 -0.8823502 -0.01350945 0.3855247 -0.9225987 0.1348416 0.3247808 -0.9361278 0.09045869 0.3590001 -0.9289436 0.175592 0.3927615 -0.9027214 0.02436941 0.5177664 -0.8551749 0.2623237 0.4580613 -0.8493328 -0.2422385 0.9141774 0.3249619 -0.02954971 0.9402354 0.3392408 -0.2988175 0.9030742 0.3084886 -0.4077522 0.8223196 0.3968986 -0.4307639 0.7230665 0.540016 0.3794311 0.8477832 0.3705345 0.6061285 0.7821792 0.1442362 0.6922545 0.668278 0.2723752 0.6070262 0.7544576 0.2496259 0.8483973 0.3411418 -0.4047772 0.8760367 0.4478579 -0.1788383 0.9766557 0.1512788 -0.152507 0.9734984 0.151399 0.171404 0.946023 -0.2619472 0.1908513 0.9493756 -0.1905083 0.2497854 0.9884364 -0.1448795 0.04476052 0.938516 0.08404588 -0.3348494 0.7923319 0.3591721 -0.4931588 -0.9631134 -0.2688956 -0.01038247 -0.961374 -0.2168078 -0.1695718 -0.9752337 -0.2033715 -0.08694314 -0.926913 -0.3666293 -0.0800969 -0.9587376 -0.2668632 -0.09801232 -0.9555022 0.1858442 0.2290799 -0.8274423 0.003883063 0.5615373 -0.9975308 0.03908824 -0.05834686 -0.9210395 -0.3203918 0.2214394 -0.8924459 0.1117538 0.4370946 -0.7379536 0.4332109 0.5174486 -0.2530526 -0.5189829 -0.8164688 -0.453016 -0.5111073 -0.7304424 -0.2914676 -0.2941445 -0.910234 -0.3685367 -0.3412978 -0.8646945 -0.3643404 -0.287485 -0.8857813 -0.5356225 -0.390044 -0.7489821 -0.5179942 -0.2769646 -0.8093038 -0.5543656 -0.42545 -0.715312 -0.459658 -0.2499119 -0.852208 -0.432802 -0.3018978 -0.8494353 -0.4797398 -0.1224954 -0.8688181 -0.6390857 -0.4050243 -0.6538539 -0.7018701 -0.03667593 -0.7113602 -0.04465007 0.01131564 -0.9989386 -0.3353171 -0.1190181 -0.9345572 0.4706525 0.3646829 -0.8034256 0.3386611 0.2531148 -0.9062238 0.2274031 0.07594883 -0.9708346 0.2792896 0.179054 -0.9433647 0.3633435 0.2595958 -0.8947579 0.3282513 0.2847493 -0.9006493 0.5231696 0.1988862 -0.8286965 0.4842596 0.4818518 -0.730282 0.6756985 0.4042489 -0.6164532 0.7323201 -0.5632835 0.3826475 0.8000241 -0.514465 0.3086866 0.7699648 -0.5769044 0.2726455 0.6351379 -0.7258678 0.2640376 0.6885721 -0.7012132 0.1848475 0.5999851 -0.7750152 0.1984173 0.6199002 -0.7816954 0.06838238 0.5397025 -0.8367435 0.0926373 0.5671888 -0.8235878 1.85276e-5 0.5135292 -0.8579344 -0.01538062 0.4402176 -0.8964329 0.05115288 -0.2342463 -0.5400085 -0.8084055 -0.2814747 -0.4482478 -0.8484374 -0.07669591 -0.3586609 -0.9303119 -0.4335258 -0.47198 -0.7676526 -0.1949724 -0.1406813 -0.9706671 -0.4400617 -0.3976799 -0.8051066 -0.5266964 -0.3730646 -0.7638152 -0.5145165 -0.168775 -0.8407068 -0.5762147 -0.0753439 -0.8138182 -0.5611093 -0.02776914 -0.8272759 -0.5596991 0.02548211 -0.8283041 -0.4188346 -0.06613171 -0.9056513 -0.4164509 1.451e-5 -0.9091582 0.6450201 0.5403459 -0.5403475 0.5708065 0.5502266 -0.6094513 0.461029 0.627476 -0.627476 0.5256763 0.5976364 -0.6053885 0.5744814 0.5151946 -0.6360391 0.4636893 0.609537 -0.6430062 0.2921658 0.4231989 -0.8576374 0.4940908 0.6947725 0.5226525 0.7161134 0.536513 0.4464699 0.5074371 0.7223968 0.4697345 0.6449239 0.5405254 0.5402829 0.558919 0.5485917 0.6218173 0.6795233 0.4772565 0.5572022 0.6169059 0.4750339 0.627511 0.6273329 0.3707509 0.6848337 0.4931696 0.5261684 0.6927703 0.6041018 0.2485027 0.7571707 0.4957204 0.4370476 0.7505004 0.5999808 0.2603888 0.7564527 0.6352798 0.318687 0.7034616 -0.1775684 0.8344804 -0.5216436 -0.3267641 0.812569 -0.4826562 -0.1913259 0.7973421 -0.5723987 -0.2211086 0.8620305 -0.456086 -0.4004206 0.81207 -0.4245067 -0.4375565 0.8373886 -0.3276045 -0.6164531 0.7167543 -0.3259584 -0.5591268 0.781494 -0.2768472 -0.6649348 0.6553677 -0.3582666 -0.2053452 0.8064629 -0.5544827 -0.1703978 0.8092418 -0.5622209 -0.1767466 0.921177 -0.3466895 -0.2083337 0.8947871 -0.3949092 -0.1154528 0.986965 -0.1121199 -0.3002533 0.9365737 -0.1807701 -0.2085637 0.9770296 0.043756 -0.392897 0.915706 -0.08434712 -0.313701 0.947393 0.0635491 0.7569714 0.01327562 -0.6533131 0.744208 0.2818136 -0.605587 0.9901959 1.55125e-5 -0.1396859 0.9888319 -0.07054567 -0.131282 0.9458017 0.03229498 0.3231352 0.9865702 0.1450601 0.07507902 0.8912068 0.4333784 0.1339167 0.9936055 0.05650115 -0.09775424 0.9850725 0.1552876 -0.0742833 -0.9673691 -0.24355 -0.06986021 -0.9360859 -0.3488849 0.0449714 -0.9305723 -0.3569126 0.08153957 -0.8923409 -0.4450058 0.07548236 -0.893167 -0.4402438 0.09185957 -0.8423298 -0.5305919 0.09461921 -0.8811182 -0.4377995 0.1787802 -0.8307268 -0.5262045 0.1816642 -0.8129142 -0.521624 0.2589961 0.1934362 -0.9210479 -0.3380136 0.1294931 -0.9202097 -0.3693856 0.1824862 -0.9607895 -0.2087637 0.04606878 -0.975871 -0.2134331 0.02811235 -0.9769095 -0.2117966 0.03767216 -0.9399574 -0.3392063 0.02331566 -0.9368947 -0.3488336 0.06314367 -0.8806074 -0.4696206 0.2275487 -0.9068706 -0.3546934 0.1999201 -0.8020858 -0.5627526 0.3742036 -0.8602489 -0.3463286 -0.260591 -0.7683561 0.5845693 -0.2843434 -0.7802737 0.5570653 -0.2485292 -0.7913358 0.5585883 -0.4170513 -0.6953566 0.5852757 -0.2997367 -0.917818 -0.260323 -0.52702 -0.7862167 0.3226658 -0.08727008 -0.9953962 -0.03962695 -0.8149961 -0.5573924 0.1584138 -0.7523291 -0.6587038 0.01049864 -0.3037372 -0.8383656 -0.4526446 0.01725614 -0.859339 -0.5111154 0.0597549 -0.8783277 -0.4743099 -0.1524358 -0.8389781 -0.5223783 -0.05532276 -0.9124531 -0.4054244 -0.0326721 -0.9098944 -0.4135515 -1.70474e-5 -0.8827655 -0.469814 0.09494495 -0.8422659 -0.5306352 0.9073425 0.4200705 0.01644867 0.7305831 0.6398909 -0.2383022 0.9727178 0.09291285 0.2125735 0.8662878 0.3480565 0.3583325 0.9073777 0.3536757 0.2271109 0.9369756 0.349091 -0.01457351 0.9000863 0.3535302 0.2546784 0.8292533 0.4615199 0.31518 0.9516968 0.1624436 0.2605481 0.8848079 0.2517729 0.3920782 0.9149488 0.256376 0.3116731 0.9139202 0.2975311 0.2760892 0.8675278 0.2346268 0.4385725 0.1227059 -0.9924361 0.00373125 0.1265571 -0.9899421 -0.06323087 0.1719053 -0.9817439 -0.08141028 0.2585862 -0.964575 -0.0522325 0.2706075 -0.9626795 -0.004483819 0.1722747 -0.9816734 -0.08147871 0.2106866 -0.9720309 -0.1037649 0.3761209 -0.8630794 -0.3370859 -0.9515845 0.1687974 -0.2568941 -0.9602184 0.1640607 -0.2259752 -0.9091186 0.190922 -0.3702057 -0.921764 0.02756959 -0.38677 -0.8810526 0.02719449 -0.4722359 -0.9236729 0.1655934 -0.3455537 -0.8480221 0.3110184 -0.4290992 -0.6230691 0.6766015 -0.3924223 -0.8313059 0.1354398 -0.5390611 -0.695669 0.6900259 -0.1997724 0.4696965 0.7836222 -0.4065976 0.3251243 0.8878751 -0.3255335 0.4723863 0.8372048 -0.2755711 0.542486 0.7847134 -0.2998898 0.5752962 0.7081375 -0.40936 -0.554992 0.04436635 -0.8306717 -0.5698927 -0.05131858 -0.8201151 -0.993874 0.107219 -0.02680486 -0.946941 0.2972686 -0.1222059 -0.9330494 0.3100472 -0.1824541 -0.9872214 0.1470597 0.06138074 -0.9335124 0.3369427 0.1225738 -0.9033488 0.4093976 -0.1278853 -0.8702908 0.480419 0.1085894 -0.8794636 0.4434038 -0.1730229 -0.8621348 0.506105 -0.02411133 -0.872728 0.4624404 -0.1565082 -0.7811367 -0.4453528 0.4375917 -0.7546767 -0.494172 0.4315752 -0.6244654 -0.1088339 0.7734328 -0.724626 -0.6509531 0.2262238 -0.7318447 -0.5899776 0.3410714 -0.6870279 -0.6426928 0.3390261 -0.7138283 -0.578629 0.3945093 -0.6071438 -0.6981797 0.3793701 -0.7215093 -0.6236988 0.3007061 -0.6232613 -0.7593995 0.1867029 -0.7163451 -0.6376305 0.2833322 -0.6207011 -0.6344788 0.4606156 -0.7386513 -0.3661028 0.5660064 0.1265623 -0.7494068 0.6499012 0.2015533 -0.7271429 0.6562313 0.2211868 -0.7418417 0.6330461 0.3828755 -0.7060913 0.5956857 0.3418412 -0.6645151 0.6645032 0.36677 -0.6305119 0.6840574 0.4058281 -0.5639902 0.7191792 0.6025851 -0.5043703 0.6184674 0.7208153 -0.3203347 0.6146634 -0.4334751 0.2602124 0.8627797 -0.5553534 0.1317346 0.8211144 -0.6526503 0.131925 0.7460854 -0.7032698 -0.1040511 0.7032673 0.0427252 -0.4213883 -0.9058734 -0.02022641 -0.4015491 -0.9156141 -0.03737288 -0.1023357 -0.9940477 -0.2413102 -0.07860803 -0.9672592 -0.2453761 0.144845 -0.9585461 -0.1996575 -0.4017762 0.8937073 -0.02362287 -0.4947882 0.8686926 -0.1098951 -0.5736559 0.8116909 -0.4305751 0.5532441 -0.7131101 -0.8793773 0.4109956 -0.2403714 -0.7542184 0.5335835 -0.3826791 -0.5235009 0.4709416 -0.7100429 -0.4322277 0.4435955 -0.785113 -0.5560168 0.3172202 -0.7682557 -0.4549254 0.4047045 -0.7932573 -0.5806574 0.3267148 -0.7457174 -0.5211271 0.4131728 -0.7468031 -0.5107485 0.337463 -0.7907306 -0.2456743 -0.3568545 -0.9012763 0.1557064 0.008401811 -0.9877678 0.03445112 -0.2373434 -0.9708147 -0.1246896 0.8726478 -0.4721634 0.5915497 0.274129 0.7582364 0.6487631 0.1453279 0.7469848 0.5503041 0.336088 0.7643365 0.7422614 0.3276814 0.584528 0.7081062 0.4094098 0.5752993 0.773086 0.4415525 0.4553784 -0.9087359 -0.3780245 0.1769087 -0.8966457 -0.3642256 0.2517262 -0.8831589 -0.4580959 0.1008888 -0.7941086 -0.5428593 0.2733047 -0.8683844 -0.4189019 0.2653863 -0.8326788 -0.3900923 0.3930321 -0.6579915 -0.4487552 -0.6047031 -0.7659586 -0.3717683 -0.5244958 -0.7335466 -0.2637115 -0.6263911 -0.5925067 -0.4625282 -0.6595481 -0.6757788 -0.4409708 -0.5906503 -0.4936045 -0.383367 -0.7806308 -0.6314049 -0.5536204 -0.5429847 -0.5261319 -0.435423 -0.7304738 -0.4752764 -0.6154706 -0.6287355 0.6177921 -0.1375527 -0.7742171 0.5943701 -0.2993069 -0.7464178 0.5099306 -0.3583973 -0.7819989 0.6621068 -0.2852184 -0.6930117 0.5957393 -0.6400842 -0.4851669 0.6453043 -0.4151209 -0.6412934 0.6544598 -0.5891865 -0.4738581 0.6031426 -0.1840434 -0.7761102 0.8207071 -0.1578217 -0.5491194 0.6255754 -0.3092136 -0.7162699 0.7534522 -0.2632074 -0.6025212 0.670219 -0.3245431 -0.6674416 0.8256222 -0.22912 -0.5156083 0.8289196 -0.194616 -0.5244206 -0.6618416 -0.6532523 -0.3677325 -0.5149959 -0.7369018 -0.4378985 -0.5128396 -0.8354108 -0.1976979 -0.6149542 -0.7137677 -0.3352119 -0.5438259 -0.7224929 -0.4269162 -0.6222258 -0.6222276 -0.4750453 -0.6599697 -0.6192125 -0.4254598 -0.6988814 -0.4908295 -0.5202414 -0.7587897 -0.4324218 -0.4870828 0.7386521 -0.645323 -0.1948111 0.8003103 -0.5573896 -0.2209535 0.8356267 -0.4298831 -0.341948 0.9057136 -0.3020015 -0.2974528 0.8576654 -0.3037872 -0.4148777 -0.4773288 0.5571745 -0.6794953 -0.4093887 0.5751793 -0.7082159 -0.4751194 0.6221986 -0.6221982 -0.3531814 0.6615376 -0.6615369 -0.3960963 0.7664024 -0.5057026 -0.4648062 0.7234505 -0.5104652 -0.5639137 0.6434685 -0.5176385 0.6945191 -0.7145581 -0.0839641 0.7322012 -0.6787509 -0.05637902 0.7201026 -0.644673 -0.2566106 0.5064386 -0.793444 -0.3375894 0.149904 0.9825617 0.1100066 0.2038958 0.9778749 0.04676795 -0.01544767 0.9965483 0.08156478 -0.6182346 0.6521227 0.4387735 -0.6701563 0.6198903 0.4081993 -0.5060119 0.7759616 0.3766107 -0.7236411 0.6178967 0.3074853 -0.4990022 0.8233309 0.2704126 -0.5585916 0.7705608 0.306939 -0.6086359 0.7148121 0.3443924 -0.6249628 0.6447638 0.4401151 -0.6267538 0.7389817 0.2471555 -0.7397848 0.6419657 0.2014909 -0.7749704 0.6245636 0.09664976 -0.8558365 0.5151792 0.04619961 -0.3194178 -0.8978361 0.3030884 -0.321574 -0.8818192 0.3449422 -0.4323211 -0.8108306 0.3945279 -0.4101487 -0.709509 0.5730401 -0.4564787 -0.6890622 0.5628682 -0.7309033 -0.5971153 -0.3305054 -0.9155122 -0.3786077 -0.1359919 -0.8789827 -0.2654777 -0.3961199 -0.7678639 -0.6404706 -0.0135079 -0.6424182 -0.7561816 -0.1244522 -0.7960455 -0.6047249 -0.02488917 -0.671886 -0.734305 -0.09677529 -0.7062404 -0.7079712 0.001101911 -0.7742689 -0.6168515 -0.1414288 -0.7994701 -0.6006303 -0.009532511 0.7619004 -0.4989581 0.4129754 0.7414352 -0.5316025 0.4094784 0.7410445 -0.6173053 0.2641729 0.7833954 -0.4299576 0.4488077 0.7290098 -0.5708764 0.3776837 0.8204405 0.2522918 -0.5130558 0.8595122 0.09308695 -0.5025672 0.8088126 0.2577658 -0.5285633 -0.8980516 0.1222835 -0.4225522 -0.9267631 0.2541205 -0.2766463 -0.8455525 0.2846308 -0.4516928 -0.9619065 0.2565742 -0.09436881 -0.7780925 0.6140852 -0.1321799 -0.8819378 0.4117476 -0.2294551 0.4086363 0.7638879 -0.4994916 0.432384 0.7411194 -0.5136012 0.470656 0.6906061 -0.5491324 0.4933394 0.6718543 -0.5524746 0.8210089 -0.5436631 -0.1742841 0.805083 -0.4959003 -0.32546 0.9556862 -0.1386965 -0.2596676 0.8192476 -0.3470291 -0.4565131 0.9467265 -0.1754826 -0.2700277 0.8201033 0.1464483 0.5531578 0.6582452 0.1482074 0.7380704 0.7933969 0.1404978 0.5922685 0.7824187 0.1938056 0.5918281 0.7741469 0.3159148 0.5485386 -0.3338088 -0.8053014 -0.4899606 -0.3531551 -0.7519761 -0.556609 -0.3215143 -0.768408 -0.5533335 -0.1058817 0.9554439 0.275529 -0.4001281 0.9087835 0.1183641 -0.1557633 0.9355121 0.317104 -0.1035634 0.9465143 0.3055904 0.2622265 0.7102749 0.6532588 0.320988 -0.4495856 -0.8335704 0.366379 -0.4704465 -0.8027742 0.2257462 -0.587769 -0.7768953 0.4162901 -0.5736225 -0.7054501 0.4715619 -0.6558932 -0.5894349 0.6736782 -0.5275931 -0.5174971 0.6759908 -0.6494807 -0.3481541 0.1709547 -0.6176726 -0.7676296 0.1439317 -0.6282753 -0.7645612 0.1669843 -0.6665096 -0.7265543 0.1780695 -0.7346931 -0.6546125 0.178932 -0.7434052 -0.6444627 0.9201887 0.08643519 0.3818137 0.9232073 0.2407237 0.2995672 0.9519028 0.0716207 0.2979121 0.9058967 0.3485546 0.2405428 -0.7330873 0.3384699 -0.5899333 -0.6829258 0.09123003 -0.7247686 -0.6648251 0.243368 -0.7062433 -0.7874102 0.1543793 -0.5967849 -0.7007996 0.1853485 -0.6888583 0.1127375 -0.07596796 -0.9907165 0.285497 0.1965253 -0.9380136 -0.08015412 0.01072305 -0.9967249 -0.04674404 0.5314784 -0.8457812 -0.04423582 0.4727948 -0.8800616 0.01902455 0.6008105 -0.7991651 0.1811939 0.4992282 -0.8473134 0.09723287 0.7450692 -0.6598619 -0.4209071 -0.7463099 0.5156149 -0.4509009 -0.758822 0.4699762 -0.3800775 -0.6542535 0.65383 -0.5587049 -0.7043763 0.437839 -0.5852076 -0.766864 0.2635372 -0.5389257 -0.7406223 0.4012952 -0.6116028 -0.6325562 0.4751998 0.8845369 0.3011629 0.3562239 0.9238928 0.3729996 0.0854029 0.9570084 0.2880331 -0.03423297 0.8919263 0.4436525 -0.08740729 0.1812537 0.130903 -0.9746853 0.2233716 0.3000344 -0.9274075 0.2038145 0.2574379 -0.9445556 0.07906854 0.204071 -0.9757578 0.2891564 -0.6668778 -0.686777 0.6300614 -0.486846 -0.6049824 0.3092997 -0.6685714 -0.6762737 0.2851639 0.4964712 0.8198767 0.3367675 0.5107405 0.7910321 0.2456732 0.3873823 0.888583 0.4031671 0.3628588 0.8401131 0.497241 -0.5198236 -0.6946473 0.5591832 -0.4216835 -0.7137908 0.461043 -0.2390336 -0.8545773 0.8820836 0.2777494 0.3805048 0.9413368 0.2550899 0.2209394 0.8393173 0.5066813 0.1970298 -0.8762699 0.0104981 0.4817063 -0.8635402 -0.2109942 0.4580172 -0.4755511 -0.3272255 0.8165627 -0.7579893 -0.3823919 0.5284209 -0.9143814 0.3751951 0.1521034 -0.933254 -0.3554553 -0.0518521 -0.9391815 -0.3391017 0.05429971 0.1796383 -0.8018888 -0.5698285 0.1451185 -0.7775059 -0.611903 0.7529003 0.523089 0.3993985 0.5074976 0.7948372 0.3326861 0.5386345 0.7745192 0.3316519 0.5071281 0.7707719 0.3856578 0.6201394 0.7187663 0.3143283 0.5888223 0.6809049 0.4354961 -0.3383837 -0.5902543 0.7328687 -0.3420475 -0.5267427 0.7781682 -0.309131 -0.6515526 0.6927607 0.7430927 0.4814587 0.4647697 0.7867521 0.4938284 0.3703442 0.7855884 0.4657055 0.4073934 -0.7367243 -0.6661254 -0.1162514 -0.6368849 -0.7162021 -0.2853635 -0.7603988 -0.610996 -0.2201769 -0.7232415 -0.4697051 -0.5062597 0.3454671 0.2686221 -0.8991634 0.3190855 0.4455138 -0.8364819 -0.5435835 -0.8088447 -0.2242487 -0.6661157 -0.6630553 -0.3415372 -0.6824972 -0.6059046 -0.4087509 -0.4130613 0.4990553 -0.7617903 -0.486826 0.4870167 -0.7251312 -0.8175044 -0.3676141 -0.4433359 -0.5115016 0.6868495 0.5163371 -0.5943441 0.6150091 0.5181881 -0.5104919 0.7201049 0.4699437 -0.3889355 0.8005216 0.4559546 -0.6030365 0.7503981 0.2706469 -0.8467969 -0.5317644 0.01272076 -0.6856082 -0.7214907 0.09691601 -0.7953431 -0.5994188 0.09014719 -0.686634 -0.7038567 0.1819878 -0.8254672 -0.5380572 0.1705825 0.2666569 0.7746132 -0.5734707 0.3889831 0.5971208 -0.7015261 -0.8979023 -0.3365763 0.2837039 -0.8484109 -0.4548423 0.2707719 -0.9204205 -0.2816883 0.271068 -0.8435034 -0.4791811 0.2426676 0.5707189 0.7697145 -0.2860413 0.3262144 0.9306285 -0.1658759 -0.0536912 0.9179341 0.393083 -0.5895448 -0.525274 -0.6136156 0.7534881 -0.438889 0.4895225 0.7251923 -0.4868759 0.4868758 0.5101848 0.4104478 0.7558068 0.4728407 0.5198528 0.7114596 0.5516133 0.5344133 0.6404103 0.5962709 0.5713999 0.5638824 0.3357436 0.9177173 0.2123 -0.4975163 0.71022 0.4980614 -0.2120531 0.8900225 0.4036006 -0.3106023 -0.9504618 0.01219439 -0.7441318 -0.4640395 -0.4805573 -0.6829423 -0.36624 -0.6320271 -0.8617386 -0.09251254 -0.4988467 -0.8706123 0.01736903 -0.4916632 -0.8235407 1.36052e-5 -0.5672572 0.6202095 0.7826278 -0.05323737 0.8089097 0.5617633 -0.1734566 0.6607385 0.7164847 -0.2237728 0.8050622 0.5501433 -0.2218499 0.3777629 0.4460742 0.8113649 0.8894335 0.2234945 -0.3986958 0.3953403 0.1104154 0.9118742 -0.9326267 -0.2356251 0.2732915 0.4813265 -0.804715 -0.3475037 0.3125962 -0.8870824 -0.3396591 0.1159676 -0.5392881 0.8340983 -0.3376951 0.5109538 -0.7904989 -0.4188544 0.4187246 -0.8057487 -0.6768917 0.2273292 -0.7000994 -0.5365215 0.5559611 -0.6348639 -0.6564682 0.5926495 -0.4667077 0.9129865 -0.04741531 0.4052254 0.9058532 0.0212239 0.4230598 0.8394784 0.0725277 0.5385311 0.4528869 0.5875411 0.6705886 0.4752054 0.662966 0.5784946 -0.6023889 0.262875 -0.753674 -0.923203 0.3408361 -0.177559 -0.6032314 -0.6778864 -0.4202165 -0.1000544 0.5084411 0.8552642 -0.3439996 0.2855185 0.8945074 -0.1110547 0.8175429 0.5650579 0.911733 -0.4091511 0.03658592 0.1584979 0.9645665 0.2109263 -0.9007198 0.4341563 0.01457494 -0.5551613 -0.6946362 0.4574676 -0.5005863 -0.8030276 0.3233576 -0.4540032 -0.8406738 0.2952099 -0.07864874 -0.9510096 0.2989902 0.3863461 0.399872 -0.8311674 -0.4247785 0.6392518 0.6410309 -0.283842 0.8154194 0.5045046 -0.2426 -0.5898213 0.7702311 -0.4029733 -0.4609583 0.7906518 -0.5267341 -0.6694798 0.5237825 -0.6280542 -0.1406262 0.7653576 -0.4984567 -0.7842116 -0.369531 -0.4852686 -0.7671694 -0.4194823 -0.245598 0.6854474 -0.6854513 -0.3844453 0.5649057 -0.7301256 0.6697866 0.7359575 -0.09875518 0.7125335 0.6824958 -0.1627743 0.7145339 0.6992481 -0.02221363 0.67872 0.5333897 0.5048114 0.5025678 0.7460677 0.4368165 -0.07862436 0.4641497 -0.8822604 -0.0732271 -0.4414992 0.8942686 -0.0430749 -0.9235799 -0.3809788 -0.6548428 0.01541036 0.755608 0.8327533 0.4847926 0.2673912 0.4744087 0.6781632 -0.5612764 0.6261322 0.7173248 -0.30562 -0.3121221 0.9483672 0.05638825 -0.3167489 -0.9475038 0.0436688 0.7651015 0.5737657 0.2922545 0.1706802 0.8504833 0.4975404 0.7048224 0.5064444 0.4967288 0.09217059 0.8903782 0.4457932 -0.5431711 -0.6401234 -0.5433298 -0.8480377 -0.3088682 -0.4306188 0.5450085 -0.8014451 0.246275 0.4824121 -0.8182488 0.3126462 0.558928 -0.78657 0.262502 0.4772056 -0.8240841 0.3052217 -0.6049745 -0.773423 0.1892691 -0.451824 -0.8643917 0.2206403 0.4798544 0.6581588 0.5801438 -0.05264824 0.8512024 0.5221902 0.2290868 -0.9722525 -0.04737448 0.2875236 0.5001139 -0.8168331 0.3335912 0.4421147 -0.8326173 0.4592419 -0.1541623 0.874832 0.1905497 -0.975264 -0.112032 -0.6951352 0.3777477 0.6116319 -0.7468544 0.1585823 0.645802 0.4657903 0.04711425 0.8836401 0.8063933 -0.01022464 0.5912914 0.3412357 -0.4249433 -0.83844 -0.9086604 0.07126235 -0.4114099 0.4854053 -0.4981394 -0.7184976 -0.1841455 -0.3568437 -0.9158347 -0.8327402 0.1634054 -0.5290015 -0.8873417 0.1439496 -0.4380676 -0.3395323 -0.5839938 0.7373391 -0.1770483 -0.3484339 0.9204607 0.8470697 0.3323296 0.4147651 -0.6845718 -0.4406848 -0.5806536 0.8792653 0.02484267 0.4756842 0.05694895 -0.9933967 -0.09959787 0.3952755 -0.918474 0.01276457 -0.421406 -0.1785678 -0.8891178 0.7539381 0.5205066 0.400812 0.4936528 0.8506726 -0.1807296 0.1265601 -0.7330436 0.6683036 0.2995344 -0.7920407 0.5319312 -0.5264289 0.830774 -0.1807965 -0.4986401 0.83803 -0.2215036 -0.1579606 0.9570177 0.2432398 -0.191547 0.9257057 -0.3261579 0.1448081 0.8821829 -0.4480893 -0.3028293 0.8563657 -0.4182491 -0.1885654 0.8275422 -0.5287883 -0.3858218 -0.1719491 -0.9064078 0.008418858 0.9990202 -0.04345154 0.9431353 0.300246 -0.1426475 0.7434731 0.6513503 -0.1516268 0.9496852 -0.01546806 0.3128238 0.8048457 -0.5332864 0.2604399 0.4120838 0.8223651 -0.3923045 0.4220271 0.8816921 -0.2109788 0.806495 -0.5660787 -0.1706483 -0.7294594 -0.004386961 0.68401 0.09686136 0.9079805 0.4076634 0.7493448 -0.4683108 -0.4681532 0.1069834 -0.5169378 0.8493114 -0.8317562 0.5214678 0.1904024 -0.7173709 0.6451401 0.2630081 -0.7855097 -0.5186244 0.337644 -0.6621928 -0.7023626 0.2611275 -0.2548161 -0.2883755 -0.9229888 0.675492 0.6754887 -0.2956782 0.535523 -0.7983148 0.2755156 0.5204043 -0.8192791 0.2407514 0.4551064 -0.836235 0.3059238 0.5268762 -0.7980092 0.2925453 0.6789816 -0.6789761 0.2792413 -0.1512748 0.6680129 0.7286115 0.4482978 0.7930648 0.4124045 -0.3817633 0.8982069 0.217902 -0.02056378 -0.9815467 0.1901136 0.8044495 0.5789198 0.1330899 -0.4212074 -0.7163941 -0.5562049 0.102021 -0.9001228 -0.4235218 0.3708878 -0.7092587 0.5994951 0.6025764 -0.5516942 0.5766587 -0.8653368 -0.4340716 0.2505476 0.3761864 0.3973335 -0.8370245 0.18182 -0.7894672 -0.5862448 0.01195871 -0.897411 -0.4410337 -0.7391397 -0.566735 -0.3639837 -0.5626945 -0.7207946 -0.4047592 0.5711603 -0.7863743 -0.235354 -0.3620641 -0.7356298 0.572502 -0.9494546 0.2575634 -0.1794353 0.1234128 -0.9775251 -0.1709217 -0.5111254 -0.09373825 0.8543793 0.1575316 -0.8636183 0.4789022 0.4064791 0.5656225 0.7175278 -0.8839893 -0.4638537 0.05833292 0.2594987 0.5001511 -0.8261413 0.8132193 0.2976583 0.5000743 0.8050426 -0.4082555 0.4303883 -0.9865523 0.06737595 0.148913 -0.7680668 0.5348633 0.3521289 -0.7200116 0.5325039 0.4449977 0.739173 -0.264535 -0.6193906 0.7521436 -0.3681114 -0.5466023 -0.7239693 -0.333512 0.6038529 0.7487679 0.6350299 -0.1899571 0.803342 0.5927709 -0.0571326 -0.6376428 0.4208524 0.6452092 0.7262655 -0.02186292 -0.6870665 0.7583929 -0.06400263 -0.6486479 0.7911113 0.6100526 -0.04448294 -0.06435632 0.5317524 -0.8444511 -0.09160339 0.3980134 -0.9127947 0.7696228 0.6141262 -0.1747281 0.3651327 -0.7317519 0.5755147 0.6222119 0.4750837 -0.6222121 0.7897063 0.4993497 0.3563899 -0.6299993 -0.4306046 0.6462821 0.6028122 -0.7899547 0.1122013 0.4548592 -0.7927004 0.4058687 -0.7821634 0.05907344 -0.6202667 -0.7403029 -0.4882908 -0.4620863 0.1273543 -0.9064246 0.4027102 -0.5992584 0.5990393 -0.5310757 0.7836105 -0.07268536 -0.6169858 -0.9675024 -0.1355102 -0.2134857 -0.5676029 -0.7828209 -0.2549871 -0.7746567 -0.3746146 -0.5094811 -0.904432 0.4157041 -0.09587943 -0.5886162 0.1710009 -0.79012 0.8959607 -0.4441335 2.64548e-5 0.8057484 -0.4188553 0.418724 -0.311596 -0.9496859 -0.03169959 0.1812119 -0.7516023 -0.6342368 -0.5853588 6.66855e-5 -0.8107744 -0.4097816 0.3875519 -0.8257619 -0.4163466 -0.5415608 -0.73032 0.4477415 0.632263 -0.6322746 -0.1581756 0.8736062 0.4602096 0.04379189 0.9185318 0.3929142 -0.3572121 -0.5393927 0.762532 -0.3439674 0.343854 0.8737568 0.4002539 -0.09769845 0.9111816 0.7749475 0.1723053 0.608085 0.5064261 0.610152 0.6093006 0.7905742 0.3376175 -0.5108885 0.7628744 -0.1309517 -0.6331464 0.8387778 -0.02365875 -0.5439597 0.5623716 -0.6851499 -0.462934 -0.6287519 -0.3861945 0.6749258 -0.4049094 -0.6736717 0.6182352 0.295071 -0.9302403 -0.2181426 0.452185 -0.6074308 0.6531131 0.6485112 -0.6541889 -0.3891919 0.7577409 0.6525556 -1.5237e-6 -0.6777309 0.728878 0.0970456 -0.7383626 0.4010362 -0.5422091 -0.8647934 0.03245621 -0.501078 -0.6816549 0.4765511 0.5551989 -0.8297175 0.2025275 0.5201459 -0.6552657 0.3522434 0.6682451</float_array>
          <technique_common>
            <accessor source="#Shape_0-mesh-normals-array" count="1538" stride="3">
              <param name="X" type="float"/>
              <param name="Y" type="float"/>
              <param name="Z" type="float"/>
            </accessor>
          </technique_common>
        </source>
        <source id="Shape_0-mesh-map-0">
          <float_array id="Shape_0-mesh-map-0-array" count="18432">0.07836914 -1.173828 0.02978515 -1.112915 0.0213623 -1.146973 0.07836914 -1.173828 0.08374023 -1.134644 0.02978515 -1.112915 0.1411133 -1.15271 0.08374023 -1.134644 0.07836914 -1.173828 0.1411133 -1.15271 0.08471679 -1.08728 0.08374023 -1.134644 0.1419678 -1.10376 0.08471679 -1.08728 0.1411133 -1.15271 0.1419678 -1.10376 0.1411133 -1.048706 0.08471679 -1.08728 0.2038574 -1.117676 0.1411133 -1.048706 0.1419678 -1.10376 0.2038574 -1.117676 0.2036133 -1.061035 0.1411133 -1.048706 0.2680664 -1.070801 0.2036133 -1.061035 0.2038574 -1.117676 0.2680664 -1.070801 0.2011719 -0.9996338 0.2036133 -1.061035 0.2687988 -1.002319 0.2011719 -0.9996338 0.2680664 -1.070801 0.2687988 -1.002319 0.2648926 -0.9418945 0.2011719 -0.9996338 0.3347168 -1.009521 0.2648926 -0.9418945 0.2687988 -1.002319 0.3347168 -1.009521 0.3331299 -0.9468994 0.2648926 -0.9418945 0.4017334 -0.9493408 0.3331299 -0.9468994 0.3347168 -1.009521 0.4017334 -0.9493408 0.3359375 -0.8668213 0.3331299 -0.9468994 0.4022217 -0.8728027 0.3359375 -0.8668213 0.4017334 -0.9493408 0.4022217 -0.8728027 0.4017334 -0.8122559 0.3359375 -0.8668213 0.470459 -0.8706055 0.4017334 -0.8122559 0.4022217 -0.8728027 0.470459 -0.8706055 0.4744873 -0.8104248 0.4017334 -0.8122559 0.5473633 -0.8071289 0.4744873 -0.8104248 0.470459 -0.8706055 0.5473633 -0.8071289 0.4744873 -0.7324219 0.4744873 -0.8104248 0.5498047 -0.7327881 0.4744873 -0.7324219 0.5473633 -0.8071289 0.5498047 -0.7327881 0.5512695 -0.6591797 0.4744873 -0.7324219 0.6224365 -0.729126 0.5512695 -0.6591797 0.5498047 -0.7327881 0.6224365 -0.729126 0.6275635 -0.6573486 0.5512695 -0.6591797 0.6806641 -0.6522217 0.6275635 -0.6573486 0.6224365 -0.729126 0.6806641 -0.6522217 0.6293945 -0.5845947 0.6275635 -0.6573486 0.6872559 -0.5861816 0.6293945 -0.5845947 0.6806641 -0.6522217 0.6872559 -0.5861816 0.6879883 -0.5167236 0.6293945 -0.5845947 0.7547607 -0.5855713 0.6879883 -0.5167236 0.6872559 -0.5861816 0.7547607 -0.5855713 0.7502441 -0.5196533 0.6879883 -0.5167236 0.8312988 -0.5168457 0.7502441 -0.5196533 0.7547607 -0.5855713 0.8312988 -0.5168457 0.7541504 -0.4490967 0.7502441 -0.5196533 0.8254395 -0.449707 0.7541504 -0.4490967 0.8312988 -0.5168457 0.8254395 -0.449707 0.8167725 -0.3840332 0.7541504 -0.4490967 0.8878174 -0.4509277 0.8167725 -0.3840332 0.8254395 -0.449707 0.8878174 -0.4509277 0.8780518 -0.3864746 0.8167725 -0.3840332 0.9381104 -0.3857422 0.8780518 -0.3864746 0.8878174 -0.4509277 0.9381104 -0.3857422 0.8658447 -0.3240967 0.8780518 -0.3864746 0.9208984 -0.3249512 0.8658447 -0.3240967 0.9381104 -0.3857422 0.9208984 -0.3249512 0.9165039 -0.2602539 0.8658447 -0.3240967 0.9697266 -0.3240967 0.9165039 -0.2602539 0.9208984 -0.3249512 0.9697266 -0.3240967 0.9547119 -0.2650146 0.9165039 -0.2602539 0.9908447 -0.2612305 0.9547119 -0.2650146 0.9697266 -0.3240967 0.2680664 -1.179321 0.2038574 -1.117676 0.2036133 -1.168091 0.2680664 -1.179321 0.2683105 -1.128174 0.2038574 -1.117676 0.3345947 -1.13501 0.2683105 -1.128174 0.2680664 -1.179321 0.3345947 -1.13501 0.2680664 -1.070801 0.2683105 -1.128174 0.3344727 -1.077148 0.2680664 -1.070801 0.3345947 -1.13501 0.3344727 -1.077148 0.3347168 -1.009521 0.2680664 -1.070801 0.3997803 -1.06665 0.3347168 -1.009521 0.3344727 -1.077148 0.3997803 -1.06665 0.4013672 -1.012939 0.3347168 -1.009521 0.4686279 -1.009155 0.4013672 -1.012939 0.3997803 -1.06665 0.4686279 -1.009155 0.4017334 -0.9493408 0.4013672 -1.012939 0.4703369 -0.9468994 0.4017334 -0.9493408 0.4686279 -1.009155 0.4703369 -0.9468994 0.470459 -0.8706055 0.4017334 -0.9493408 0.5385742 -0.9418945 0.470459 -0.8706055 0.4703369 -0.9468994 0.5385742 -0.9418945 0.5393066 -0.8688965 0.470459 -0.8706055 0.605957 -0.861084 0.5393066 -0.8688965 0.5385742 -0.9418945 0.605957 -0.861084 0.5473633 -0.8071289 0.5393066 -0.8688965 0.6125488 -0.7958984 0.5473633 -0.8071289 0.605957 -0.861084 0.6125488 -0.7958984 0.6224365 -0.729126 0.5473633 -0.8071289 0.6811523 -0.7908936 0.6224365 -0.729126 0.6125488 -0.7958984 0.6811523 -0.7908936 0.675415 -0.7191162 0.6224365 -0.729126 0.7576904 -0.7210693 0.675415 -0.7191162 0.6811523 -0.7908936 0.7576904 -0.7210693 0.6806641 -0.6522217 0.675415 -0.7191162 0.7567139 -0.6516113 0.6806641 -0.6522217 0.7576904 -0.7210693 0.7567139 -0.6516113 0.7547607 -0.5855713 0.6806641 -0.6522217 0.8269043 -0.6516113 0.7547607 -0.5855713 0.7567139 -0.6516113 0.8269043 -0.6516113 0.8330078 -0.5845947 0.7547607 -0.5855713 0.8903809 -0.5834961 0.8330078 -0.5845947 0.8269043 -0.6516113 0.8903809 -0.5834961 0.8312988 -0.5168457 0.8330078 -0.5845947 0.8942871 -0.517334 0.8312988 -0.5168457 0.8903809 -0.5834961 0.8942871 -0.517334 0.8878174 -0.4509277 0.8312988 -0.5168457 0.9521484 -0.5174561 0.8878174 -0.4509277 0.8942871 -0.517334 0.9521484 -0.5174561 0.9453125 -0.4511719 0.8878174 -0.4509277 1.001587 -0.4490967 0.9453125 -0.4511719 0.9521484 -0.5174561 1.001587 -0.4490967 0.9381104 -0.3857422 0.9453125 -0.4511719 0.9768067 -0.3894043 0.9381104 -0.3857422 1.001587 -0.4490967 0.9768067 -0.3894043 0.9697266 -0.3240967 0.9381104 -0.3857422 1.028198 -0.3840332 0.9697266 -0.3240967 0.9768067 -0.3894043 1.028198 -0.3840332 1.01123 -0.3205566 0.9697266 -0.3240967 1.927979 0.965332 1.989868 0.9008789 1.975342 0.9642334 1.927979 0.965332 1.950317 0.9047852 1.989868 0.9008789 1.878052 0.8999023 1.950317 0.9047852 1.927979 0.965332 1.878052 0.8999023 1.949219 0.8334961 1.950317 0.9047852 1.883301 0.833252 1.949219 0.8334961 1.878052 0.8999023 1.883301 0.833252 1.886963 0.7661133 1.949219 0.8334961 1.809326 0.8312988 1.886963 0.7661133 1.883301 0.833252 1.809326 0.8312988 1.817749 0.765625 1.886963 0.7661133 1.756592 0.7661133 1.817749 0.765625 1.809326 0.8312988 1.756592 0.7661133 1.821533 0.6983643 1.817749 0.765625 1.757446 0.6972656 1.821533 0.6983643 1.756592 0.7661133 1.757446 0.6972656 1.753296 0.6281738 1.821533 0.6983643 1.684448 0.6962891 1.753296 0.6281738 1.757446 0.6972656 1.684448 0.6962891 1.680298 0.626709 1.753296 0.6281738 1.60437 0.6268311 1.680298 0.626709 1.684448 0.6962891 1.60437 0.6268311 1.674438 0.5578613 1.680298 0.626709 1.604004 0.5540771 1.674438 0.5578613 1.60437 0.6268311 1.604004 0.5540771 1.600342 0.4837646 1.674438 0.5578613 1.525879 0.5571289 1.600342 0.4837646 1.604004 0.5540771 1.525879 0.5571289 1.528076 0.4818115 1.600342 0.4837646 1.453491 0.480957 1.528076 0.4818115 1.525879 0.5571289 1.453491 0.480957 1.528809 0.4088135 1.528076 0.4818115 1.458008 0.40979 1.528809 0.4088135 1.453491 0.480957 1.458008 0.40979 1.459717 0.3366699 1.528809 0.4088135 1.388794 0.4163818 1.459717 0.3366699 1.458008 0.40979 1.388794 0.4163818 1.391479 0.3413086 1.459717 0.3366699 1.324219 0.3468018 1.391479 0.3413086 1.388794 0.4163818 1.324219 0.3468018 1.391968 0.2711182 1.391479 0.3413086 1.325317 0.2806396 1.391968 0.2711182 1.324219 0.3468018 1.325317 0.2806396 1.324829 0.2158203 1.391968 0.2711182 1.259888 0.2879639 1.324829 0.2158203 1.325317 0.2806396 1.259888 0.2879639 1.258545 0.2225342 1.324829 0.2158203 1.194092 0.2331542 1.258545 0.2225342 1.259888 0.2879639 1.194092 0.2331542 1.251343 0.1433105 1.258545 0.2225342 1.191528 0.1762695 1.251343 0.1433105 1.194092 0.2331542 0.3355713 -1.17749 0.2680664 -1.179321 0.3347168 -1.221558 0.3355713 -1.17749 0.3345947 -1.13501 0.2680664 -1.179321 0.4017334 -1.181152 0.3345947 -1.13501 0.3355713 -1.17749 0.4017334 -1.181152 0.4017334 -1.137451 0.3345947 -1.13501 0.4688721 -1.13501 0.4017334 -1.137451 0.4017334 -1.181152 0.4688721 -1.13501 0.3997803 -1.06665 0.4017334 -1.137451 0.4631348 -1.052979 0.3997803 -1.06665 0.4688721 -1.13501 0.4631348 -1.052979 0.4686279 -1.009155 0.3997803 -1.06665 0.5335693 -1.060669 0.4686279 -1.009155 0.4631348 -1.052979 0.5335693 -1.060669 0.5313721 -0.9888916 0.4686279 -1.009155 0.5985107 -0.9849854 0.5313721 -0.9888916 0.5335693 -1.060669 0.5985107 -0.9849854 0.5385742 -0.9418945 0.5313721 -0.9888916 0.6038818 -0.9309082 0.5385742 -0.9418945 0.5985107 -0.9849854 0.6038818 -0.9309082 0.605957 -0.861084 0.5385742 -0.9418945 0.6710205 -0.9259033 0.605957 -0.861084 0.6038818 -0.9309082 0.6710205 -0.9259033 0.6779785 -0.8609619 0.605957 -0.861084 0.7381592 -0.8500977 0.6779785 -0.8609619 0.6710205 -0.9259033 0.7381592 -0.8500977 0.6811523 -0.7908936 0.6779785 -0.8609619 0.7513428 -0.788208 0.6811523 -0.7908936 0.7381592 -0.8500977 0.7513428 -0.788208 0.7576904 -0.7210693 0.6811523 -0.7908936 0.8157959 -0.7845459 0.7576904 -0.7210693 0.7513428 -0.788208 0.8157959 -0.7845459 0.8254395 -0.7196045 0.7576904 -0.7210693 0.8768311 -0.7141113 0.8254395 -0.7196045 0.8157959 -0.7845459 0.8768311 -0.7141113 0.8269043 -0.6516113 0.8254395 -0.7196045 0.8775635 -0.6478271 0.8269043 -0.6516113 0.8768311 -0.7141113 0.8775635 -0.6478271 0.8903809 -0.5834961 0.8269043 -0.6516113 0.9476318 -0.651001 0.8903809 -0.5834961 0.8775635 -0.6478271 0.9476318 -0.651001 0.9538574 -0.5845947 0.8903809 -0.5834961 1.005981 -0.5845947 0.9538574 -0.5845947 0.9476318 -0.651001 1.005981 -0.5845947 0.9521484 -0.5174561 0.9538574 -0.5845947 1.00354 -0.517334 0.9521484 -0.5174561 1.005981 -0.5845947 1.00354 -0.517334 1.001587 -0.4490967 0.9521484 -0.5174561 1.047974 -0.5168457 1.001587 -0.4490967 1.00354 -0.517334 1.047974 -0.5168457 1.040405 -0.449707 1.001587 -0.4490967 -0.0625 0.5579834 -0.1348876 0.6208496 -0.1201172 0.5634766 -0.0625 0.5579834 -0.05578613 0.626709 -0.1348876 0.6208496 -0.01208496 0.6120605 -0.05578613 0.626709 -0.0625 0.5579834 -0.01208496 0.6120605 -0.06433105 0.6931152 -0.05578613 0.626709 -0.02050781 0.6778564 -0.06433105 0.6931152 -0.01208496 0.6120605 -0.02050781 0.6778564 -0.02807617 0.7446289 -0.06433105 0.6931152 0.05041503 0.6759033 -0.02807617 0.7446289 -0.02050781 0.6778564 0.05041503 0.6759033 0.0427246 0.7435303 -0.02807617 0.7446289 0.1199951 0.7437744 0.0427246 0.7435303 0.05041503 0.6759033 0.1199951 0.7437744 0.03833007 0.8120117 0.0427246 0.7435303 0.1138916 0.8122559 0.03833007 0.8120117 0.1199951 0.7437744 0.1138916 0.8122559 0.1121826 0.8812256 0.03833007 0.8120117 0.1785889 0.8076172 0.1121826 0.8812256 0.1138916 0.8122559 0.1785889 0.8076172 0.1772461 0.8814697 0.1121826 0.8812256 0.253418 0.8814697 0.1772461 0.8814697 0.1785889 0.8076172 0.253418 0.8814697 0.1806641 0.9541016 0.1772461 0.8814697 0.2543945 0.9560547 0.1806641 0.9541016 0.253418 0.8814697 0.2543945 0.9560547 0.2537842 1.033569 0.1806641 0.9541016 0.3269043 0.9580078 0.2537842 1.033569 0.2543945 0.9560547 0.3269043 0.9580078 0.3291016 1.033203 0.2537842 1.033569 0.4023438 1.032349 0.3291016 1.033203 0.3269043 0.9580078 0.4023438 1.032349 0.3294678 1.106812 0.3291016 1.033203 0.4018555 1.107056 0.3294678 1.106812 0.4023438 1.032349 0.4018555 1.107056 0.3968506 1.162109 0.3294678 1.106812 0.4747314 1.103882 0.3968506 1.162109 0.4018555 1.107056 0.4747314 1.103882 0.4648438 1.160278 0.3968506 1.162109 0.5306396 1.151978 0.4648438 1.160278 0.4747314 1.103882 0.5306396 1.151978 0.4644775 1.235229 0.4648438 1.160278 0.5306396 1.227539 0.4644775 1.235229 0.5306396 1.151978 0.5306396 1.227539 0.5324707 1.306152 0.4644775 1.235229 0.5983887 1.222656 0.5324707 1.306152 0.5306396 1.227539 0.5983887 1.222656 0.6008301 1.296753 0.5324707 1.306152 0.6524658 1.272949 0.6008301 1.296753 0.5983887 1.222656 -1.188477 2.138184 -1.13147 2.217529 -1.186646 2.199585 -1.188477 2.138184 -1.13501 2.157837 -1.13147 2.217529 -1.140259 2.094727 -1.13501 2.157837 -1.188477 2.138184 -1.140259 2.094727 -1.071533 2.168457 -1.13501 2.157837 -1.074585 2.103149 -1.071533 2.168457 -1.140259 2.094727 -1.074585 2.103149 -1.007813 2.110718 -1.071533 2.168457 -1.079224 2.035889 -1.007813 2.110718 -1.074585 2.103149 -1.079224 2.035889 -1.010498 2.041992 -1.007813 2.110718 -1.014526 1.972778 -1.010498 2.041992 -1.079224 2.035889 -1.014526 1.972778 -0.9420166 2.050171 -1.010498 2.041992 -0.942627 1.976074 -0.9420166 2.050171 -1.014526 1.972778 -0.942627 1.976074 -0.8709717 1.977905 -0.9420166 2.050171 -0.9428711 1.900024 -0.8709717 1.977905 -0.942627 1.976074 -0.9428711 1.900024 -0.8709717 1.901367 -0.8709717 1.977905 -0.8709717 1.827271 -0.8709717 1.901367 -0.9428711 1.900024 -0.8709717 1.827271 -0.7990723 1.900024 -0.8709717 1.901367 -0.7982178 1.826172 -0.7990723 1.900024 -0.8709717 1.827271 -0.7982178 1.826172 -0.7243652 1.825439 -0.7990723 1.900024 -0.7971191 1.753418 -0.7243652 1.825439 -0.7982178 1.826172 -0.7971191 1.753418 -0.7230225 1.753418 -0.7243652 1.825439 -0.7237549 1.681641 -0.7230225 1.753418 -0.7971191 1.753418 -0.7237549 1.681641 -0.6491699 1.753418 -0.7230225 1.753418 -0.651001 1.682739 -0.6491699 1.753418 -0.7237549 1.681641 -0.651001 1.682739 -0.5783691 1.683716 -0.6491699 1.753418 -0.6542969 1.611694 -0.5783691 1.683716 -0.651001 1.682739 -0.6542969 1.611694 -0.5826416 1.614014 -0.5783691 1.683716 -0.5889893 1.545532 -0.5826416 1.614014 -0.6542969 1.611694 -0.5889893 1.545532 -0.513916 1.616821 -0.5826416 1.614014 -0.5212402 1.549927 -0.513916 1.616821 -0.5889893 1.545532 -0.5212402 1.549927 -0.4559326 1.552856 -0.513916 1.616821 -0.532959 1.487671 -0.4559326 1.552856 -0.5212402 1.549927 -0.532959 1.487671 -0.4665527 1.48938 -0.4559326 1.552856 -0.4747314 1.427246 -0.4665527 1.48938 -0.532959 1.487671 -1.153442 1.961792 -1.079224 2.035889 -1.147217 2.029785 -1.153442 1.961792 -1.081177 1.964233 -1.079224 2.035889 -1.084351 1.893188 -1.081177 1.964233 -1.153442 1.961792 -1.084351 1.893188 -1.014526 1.972778 -1.081177 1.964233 -1.015259 1.897705 -1.014526 1.972778 -1.084351 1.893188 -1.015259 1.897705 -0.9428711 1.900024 -1.014526 1.972778 -1.017578 1.825439 -0.9428711 1.900024 -1.015259 1.897705 -1.017578 1.825439 -0.9437256 1.826172 -0.9428711 1.900024 -0.9455567 1.75415 -0.9437256 1.826172 -1.017578 1.825439 -0.9455567 1.75415 -0.8709717 1.827271 -0.9437256 1.826172 -0.8709717 1.754517 -0.8709717 1.827271 -0.9455567 1.75415 -0.8709717 1.754517 -0.7971191 1.753418 -0.8709717 1.827271 -0.8702393 1.677002 -0.7971191 1.753418 -0.8709717 1.754517 -0.8702393 1.677002 -0.7945557 1.680786 -0.7971191 1.753418 -0.7978516 1.600586 -0.7945557 1.680786 -0.8702393 1.677002 -0.7978516 1.600586 -0.7237549 1.681641 -0.7945557 1.680786 -0.7185059 1.607666 -0.7237549 1.681641 -0.7978516 1.600586 -0.7185059 1.607666 -0.6542969 1.611694 -0.7237549 1.681641 -0.7215576 1.528076 -0.6542969 1.611694 -0.7185059 1.607666 -0.7215576 1.528076 -0.6588135 1.541382 -0.6542969 1.611694 -0.6625977 1.471069 -0.6588135 1.541382 -0.7215576 1.528076 -0.6625977 1.471069 -0.5889893 1.545532 -0.6588135 1.541382 -0.6004639 1.484619 -0.5889893 1.545532 -0.6625977 1.471069 -0.6004639 1.484619 -0.532959 1.487671 -0.5889893 1.545532 -0.6048584 1.418945 -0.532959 1.487671 -0.6004639 1.484619 -0.6048584 1.418945 -0.5401611 1.422729 -0.532959 1.487671 -0.5340576 1.345947 -0.5401611 1.422729 -0.6048584 1.418945 -0.5340576 1.345947 -0.4747314 1.427246 -0.5401611 1.422729 -0.4782715 1.363159 -0.4747314 1.427246 -0.5340576 1.345947 -0.833252 -0.1075439 -0.7709961 -0.0349121 -0.8411865 -0.03881835 -0.833252 -0.1075439 -0.7698975 -0.09082031 -0.7709961 -0.0349121 -0.7703857 -0.1541748 -0.7698975 -0.09082031 -0.833252 -0.1075439 -0.7703857 -0.1541748 -0.7015381 -0.1114502 -0.7698975 -0.09082031 -0.7019043 -0.161377 -0.7015381 -0.1114502 -0.7703857 -0.1541748 -0.7019043 -0.161377 -0.6365967 -0.1461182 -0.7015381 -0.1114502 -0.7042236 -0.2126465 -0.6365967 -0.1461182 -0.7019043 -0.161377 -0.7042236 -0.2126465 -0.6365967 -0.2092285 -0.6365967 -0.1461182 -0.6365967 -0.2764893 -0.6365967 -0.2092285 -0.7042236 -0.2126465 -0.6365967 -0.2764893 -0.5695801 -0.2154541 -0.6365967 -0.2092285 -0.5681152 -0.2788086 -0.5695801 -0.2154541 -0.6365967 -0.2764893 -0.5681152 -0.2788086 -0.4997559 -0.2838135 -0.5695801 -0.2154541 -0.5667725 -0.3486328 -0.4997559 -0.2838135 -0.5681152 -0.2788086 -0.5667725 -0.3486328 -0.4971924 -0.3529053 -0.4997559 -0.2838135 -0.494873 -0.4245605 -0.4971924 -0.3529053 -0.5667725 -0.3486328 -0.494873 -0.4245605 -0.4283447 -0.3586426 -0.4971924 -0.3529053 -0.4245605 -0.4290771 -0.4283447 -0.3586426 -0.494873 -0.4245605 -0.4245605 -0.4290771 -0.354248 -0.4328613 -0.4283447 -0.3586426 -0.4200439 -0.4993896 -0.354248 -0.4328613 -0.4245605 -0.4290771 -0.4200439 -0.4993896 -0.3483887 -0.501709 -0.354248 -0.4328613 -0.3441162 -0.5712891 -0.3483887 -0.501709 -0.4200439 -0.4993896 -0.3441162 -0.5712891 -0.2866211 -0.5080566 -0.3483887 -0.501709 -0.2813721 -0.574585 -0.2866211 -0.5080566 -0.3441162 -0.5712891 -0.2813721 -0.574585 -0.1983643 -0.5727539 -0.2866211 -0.5080566 -0.2788086 -0.6409912 -0.1983643 -0.5727539 -0.2813721 -0.574585 -0.2788086 -0.6409912 -0.1989746 -0.640625 -0.1983643 -0.5727539 -0.2041016 -0.7070313 -0.1989746 -0.640625 -0.2788086 -0.6409912 -0.2041016 -0.7070313 -0.1307373 -0.6411133 -0.1989746 -0.640625 -0.1323242 -0.7102051 -0.1307373 -0.6411133 -0.2041016 -0.7070313 0.1259766 0.6057129 0.05041503 0.6759033 0.05273437 0.6051025 0.1259766 0.6057129 0.1256104 0.6765137 0.05041503 0.6759033 0.1853027 0.6610107 0.1256104 0.6765137 0.1259766 0.6057129 0.1853027 0.6610107 0.1199951 0.7437744 0.1256104 0.6765137 0.1809082 0.7332764 0.1199951 0.7437744 0.1853027 0.6610107 0.1809082 0.7332764 0.1785889 0.8076172 0.1199951 0.7437744 0.255249 0.730957 0.1785889 0.8076172 0.1809082 0.7332764 0.255249 0.730957 0.2543945 0.8067627 0.1785889 0.8076172 0.3083496 0.8022461 0.2543945 0.8067627 0.255249 0.730957 0.3083496 0.8022461 0.253418 0.8814697 0.2543945 0.8067627 0.3143311 0.8875732 0.253418 0.8814697 0.3083496 0.8022461 0.3143311 0.8875732 0.3269043 0.9580078 0.253418 0.8814697 0.3851318 0.8874512 0.3269043 0.9580078 0.3143311 0.8875732 0.3851318 0.8874512 0.3945313 0.9644775 0.3269043 0.9580078 0.4755859 0.9580078 0.3945313 0.9644775 0.3851318 0.8874512 0.4755859 0.9580078 0.4023438 1.032349 0.3945313 0.9644775 0.4772949 1.029541 0.4023438 1.032349 0.4755859 0.9580078 0.4772949 1.029541 0.4747314 1.103882 0.4023438 1.032349 0.5516357 1.026978 0.4747314 1.103882 0.4772949 1.029541 0.5516357 1.026978 0.5471191 1.099365 0.4747314 1.103882 0.6087646 1.087524 0.5471191 1.099365 0.5516357 1.026978 0.6087646 1.087524 0.5306396 1.151978 0.5471191 1.099365 0.6032715 1.155396 0.5306396 1.151978 0.6087646 1.087524 0.6032715 1.155396 0.5983887 1.222656 0.5306396 1.151978 0.6704102 1.150635 0.5983887 1.222656 0.6032715 1.155396 0.6704102 1.150635 0.65979 1.212036 0.5983887 1.222656 0.7208252 1.204712 0.65979 1.212036 0.6704102 1.150635 0.7208252 1.204712 0.6524658 1.272949 0.65979 1.212036 0.7094727 1.261597 0.6524658 1.272949 0.7208252 1.204712 -0.7747803 0.03955078 -0.711792 0.1203613 -0.7840576 0.0826416 -0.7747803 0.03955078 -0.7060547 0.04699707 -0.711792 0.1203613 -0.7044678 0.005126953 -0.7060547 0.04699707 -0.7747803 0.03955078 -0.7044678 0.005126953 -0.6367188 0.05200195 -0.7060547 0.04699707 -0.6365967 0.007568359 -0.6367188 0.05200195 -0.7044678 0.005126953 -0.6365967 0.007568359 -0.5688477 0.005126953 -0.6367188 0.05200195 -0.6365967 -0.03686523 -0.5688477 0.005126953 -0.6365967 0.007568359 -0.6365967 -0.03686523 -0.5701904 -0.04626464 -0.5688477 0.005126953 -0.5710449 -0.1008301 -0.5701904 -0.04626464 -0.6365967 -0.03686523 -0.5710449 -0.1008301 -0.5058594 -0.05847167 -0.5701904 -0.04626464 -0.5054932 -0.1085205 -0.5058594 -0.05847167 -0.5710449 -0.1008301 -0.5054932 -0.1085205 -0.4389648 -0.1083984 -0.5058594 -0.05847167 -0.5036621 -0.1580811 -0.4389648 -0.1083984 -0.5054932 -0.1085205 -0.5036621 -0.1580811 -0.4384766 -0.1647949 -0.4389648 -0.1083984 -0.4360352 -0.2261963 -0.4384766 -0.1647949 -0.5036621 -0.1580811 -0.4360352 -0.2261963 -0.3841553 -0.1900635 -0.4384766 -0.1647949 -0.3892822 -0.2634277 -0.3841553 -0.1900635 -0.4360352 -0.2261963 -0.3892822 -0.2634277 -0.3132324 -0.2493896 -0.3841553 -0.1900635 -0.3673096 -0.2998047 -0.3132324 -0.2493896 -0.3892822 -0.2634277 -0.3673096 -0.2998047 -0.3059082 -0.3104248 -0.3132324 -0.2493896 -0.2952881 -0.3718262 -0.3059082 -0.3104248 -0.3673096 -0.2998047 -0.2952881 -0.3718262 -0.2449951 -0.317749 -0.3059082 -0.3104248 -0.2410889 -0.3842773 -0.2449951 -0.317749 -0.2952881 -0.3718262 -0.2410889 -0.3842773 -0.1738281 -0.3840332 -0.2449951 -0.317749 -0.2235107 -0.4447021 -0.1738281 -0.3840332 -0.2410889 -0.3842773 -0.2235107 -0.4447021 -0.1547852 -0.4414063 -0.1738281 -0.3840332 -0.1411133 -0.5045166 -0.1547852 -0.4414063 -0.2235107 -0.4447021 -0.1411133 -0.5045166 -0.08935546 -0.4395752 -0.1547852 -0.4414063 -0.1019287 -0.5046387 -0.08935546 -0.4395752 -0.1411133 -0.5045166 -1.279663 -0.5740967 -1.247437 -0.505249 -1.285156 -0.5043945 -1.279663 -0.5740967 -1.230103 -0.5748291 -1.247437 -0.505249 -1.23645 -0.6411133 -1.230103 -0.5748291 -1.279663 -0.5740967 -1.23645 -0.6411133 -1.180664 -0.574707 -1.230103 -0.5748291 -1.189453 -0.6411133 -1.180664 -0.574707 -1.23645 -0.6411133 -1.189453 -0.6411133 -1.131592 -0.6411133 -1.180664 -0.574707 -1.187012 -0.708252 -1.131592 -0.6411133 -1.189453 -0.6411133 -1.187012 -0.708252 -1.123291 -0.7070313 -1.131592 -0.6411133 -1.106934 -0.7694092 -1.123291 -0.7070313 -1.187012 -0.708252 -1.106934 -0.7694092 -1.055786 -0.7080078 -1.123291 -0.7070313 -1.05957 -0.7758789 -1.055786 -0.7080078 -1.106934 -0.7694092 -1.05957 -0.7758789 -1.007568 -0.7830811 -1.055786 -0.7080078 -1.051636 -0.8416748 -1.007568 -0.7830811 -1.05957 -0.7758789 -1.051636 -0.8416748 -1.001221 -0.8535156 -1.007568 -0.7830811 -0.9852295 -0.916626 -1.001221 -0.8535156 -1.051636 -0.8416748 -0.9852295 -0.916626 -0.9267578 -0.8557129 -1.001221 -0.8535156 -0.9293213 -0.9348145 -0.9267578 -0.8557129 -0.9852295 -0.916626 -0.9293213 -0.9348145 -0.8549805 -0.9399414 -0.9267578 -0.8557129 -0.9060059 -0.9818115 -0.8549805 -0.9399414 -0.9293213 -0.9348145 -0.9060059 -0.9818115 -0.8405762 -0.9898682 -0.8549805 -0.9399414 -0.8353271 -1.05188 -0.8405762 -0.9898682 -0.9060059 -0.9818115 -0.8353271 -1.05188 -0.7734375 -0.9984131 -0.8405762 -0.9898682 -0.7689209 -1.056763 -0.7734375 -0.9984131 -0.8353271 -1.05188 -0.7689209 -1.056763 -0.7034912 -1.066284 -0.7734375 -0.9984131 -0.7668457 -1.114258 -0.7034912 -1.066284 -0.7689209 -1.056763 -0.7668457 -1.114258 -0.7028809 -1.12854 -0.7034912 -1.066284 -0.703125 -1.186401 -0.7028809 -1.12854 -0.7668457 -1.114258 -0.703125 -1.186401 -0.6367188 -1.13147 -0.7028809 -1.12854 -1.015503 0.96521 -0.9466553 1.043945 -1.006226 1.025879 -1.015503 0.96521 -0.9484863 0.9741211 -0.9466553 1.043945 -0.9554443 0.9014893 -0.9484863 0.9741211 -1.015503 0.96521 -0.9554443 0.9014893 -0.8830566 0.9667969 -0.9484863 0.9741211 -0.8934326 0.8881836 -0.8830566 0.9667969 -0.9554443 0.9014893 -0.8934326 0.8881836 -0.8079834 0.8886719 -0.8830566 0.9667969 -0.9007568 0.802002 -0.8079834 0.8886719 -0.8934326 0.8881836 -0.9007568 0.802002 -0.8121338 0.8084717 -0.8079834 0.8886719 -0.8135986 0.7237549 -0.8121338 0.8084717 -0.9007568 0.802002 -0.8135986 0.7237549 -0.7354736 0.8118896 -0.8121338 0.8084717 -0.7373047 0.7260742 -0.7354736 0.8118896 -0.8135986 0.7237549 -0.7373047 0.7260742 -0.6607666 0.7285156 -0.7354736 0.8118896 -0.7382813 0.6795654 -0.6607666 0.7285156 -0.7373047 0.7260742 -0.7382813 0.6795654 -0.6636963 0.6828613 -0.6607666 0.7285156 -0.6630859 0.6151123 -0.6636963 0.6828613 -0.7382813 0.6795654 -0.6630859 0.6151123 -0.5878906 0.6881104 -0.6636963 0.6828613 -0.5865479 0.6142578 -0.5878906 0.6881104 -0.6630859 0.6151123 -0.5865479 0.6142578 -0.5202637 0.6159668 -0.5878906 0.6881104 -0.5964355 0.5469971 -0.5202637 0.6159668 -0.5865479 0.6142578 -0.5964355 0.5469971 -0.5244141 0.5455322 -0.5202637 0.6159668 -0.5218506 0.4725342 -0.5244141 0.5455322 -0.5964355 0.5469971 -0.5218506 0.4725342 -0.4475098 0.5444336 -0.5244141 0.5455322 -0.4520264 0.475708 -0.4475098 0.5444336 -0.5218506 0.4725342 -0.4520264 0.475708 -0.3834229 0.4783936 -0.4475098 0.5444336 -0.4559326 0.4058838 -0.3834229 0.4783936 -0.4520264 0.475708 -0.4559326 0.4058838 -0.3886719 0.4106445 -0.3834229 0.4783936 -0.3970947 0.3448486 -0.3886719 0.4106445 -0.4559326 0.4058838 -0.9609375 0.7598877 -0.9007568 0.802002 -0.9615479 0.824585 -0.9609375 0.7598877 -0.8925781 0.7390137 -0.9007568 0.802002 -0.8887939 0.6881104 -0.8925781 0.7390137 -0.9609375 0.7598877 -0.8887939 0.6881104 -0.8135986 0.7237549 -0.8925781 0.7390137 -0.8128662 0.6816406 -0.8135986 0.7237549 -0.8887939 0.6881104 -0.8128662 0.6816406 -0.7382813 0.6795654 -0.8135986 0.7237549 -0.8140869 0.6142578 -0.7382813 0.6795654 -0.8128662 0.6816406 -0.8140869 0.6142578 -0.7385254 0.6151123 -0.7382813 0.6795654 -0.7388916 0.543335 -0.7385254 0.6151123 -0.8140869 0.6142578 -0.7388916 0.543335 -0.6630859 0.6151123 -0.7385254 0.6151123 -0.6678467 0.5463867 -0.6630859 0.6151123 -0.7388916 0.543335 -0.6678467 0.5463867 -0.5964355 0.5469971 -0.6630859 0.6151123 -0.6665039 0.4677734 -0.5964355 0.5469971 -0.6678467 0.5463867 -0.6665039 0.4677734 -0.5941162 0.4699707 -0.5964355 0.5469971 -0.5915527 0.3937988 -0.5941162 0.4699707 -0.6665039 0.4677734 -0.5915527 0.3937988 -0.5218506 0.4725342 -0.5941162 0.4699707 -0.5291748 0.4050293 -0.5218506 0.4725342 -0.5915527 0.3937988 -0.5291748 0.4050293 -0.4559326 0.4058838 -0.5218506 0.4725342 -0.5311279 0.333252 -0.4559326 0.4058838 -0.5291748 0.4050293 -0.5311279 0.333252 -0.4621582 0.3378906 -0.4559326 0.4058838 -0.4713135 0.2757568 -0.4621582 0.3378906 -0.5311279 0.333252 -0.4713135 0.2757568 -0.3970947 0.3448486 -0.4621582 0.3378906 -0.4075928 0.2834473 -0.3970947 0.3448486 -0.4713135 0.2757568 -0.4075928 0.2834473 -0.3466797 0.2907715 -0.3970947 0.3448486 -0.416626 0.2244873 -0.3466797 0.2907715 -0.4075928 0.2834473 -0.416626 0.2244873 -0.3572998 0.2331542 -0.3466797 0.2907715 -0.359375 0.1732178 -0.3572998 0.2331542 -0.416626 0.2244873 -0.7044678 -1.287354 -0.7683105 -1.22998 -0.7716064 -1.279785 -0.7044678 -1.287354 -0.7036133 -1.240723 -0.7683105 -1.22998 -0.6365967 -1.23938 -0.7036133 -1.240723 -0.7044678 -1.287354 -0.6365967 -1.23938 -0.703125 -1.186401 -0.7036133 -1.240723 -0.6365967 -1.19397 -0.703125 -1.186401 -0.6365967 -1.23938 -0.6365967 -1.19397 -0.6367188 -1.13147 -0.703125 -1.186401 -0.5697021 -1.190308 -0.6367188 -1.13147 -0.6365967 -1.19397 -0.5697021 -1.190308 -0.572998 -1.112183 -0.6367188 -1.13147 -0.5057373 -1.113892 -0.572998 -1.112183 -0.5697021 -1.190308 -0.5057373 -1.113892 -0.5701904 -1.062134 -0.572998 -1.112183 -0.5019531 -1.063599 -0.5701904 -1.062134 -0.5057373 -1.113892 -0.5019531 -1.063599 -0.5001221 -0.9978027 -0.5701904 -1.062134 -0.4366455 -1.055054 -0.5001221 -0.9978027 -0.5019531 -1.063599 -0.4366455 -1.055054 -0.4360352 -0.9858398 -0.5001221 -0.9978027 -0.3673096 -0.9824219 -0.4360352 -0.9858398 -0.4366455 -1.055054 -0.3673096 -0.9824219 -0.4311523 -0.9199219 -0.4360352 -0.9858398 -0.3608398 -0.9169922 -0.4311523 -0.9199219 -0.3673096 -0.9824219 -0.3608398 -0.9169922 -0.354248 -0.8494873 -0.4311523 -0.9199219 -0.3027344 -0.904541 -0.354248 -0.8494873 -0.3608398 -0.9169922 -0.3027344 -0.904541 -0.2984619 -0.8356934 -0.354248 -0.8494873 -0.2202148 -0.8326416 -0.2984619 -0.8356934 -0.3027344 -0.904541 -0.2202148 -0.8326416 -0.289917 -0.7716064 -0.2984619 -0.8356934 -0.2064208 -0.7750244 -0.289917 -0.7716064 -0.2202148 -0.8326416 -0.2064208 -0.7750244 -0.2041016 -0.7070313 -0.289917 -0.7716064 -0.1379395 -0.7785645 -0.2041016 -0.7070313 -0.2064208 -0.7750244 -0.1379395 -0.7785645 -0.1323242 -0.7102051 -0.2041016 -0.7070313 1.151489 0.8458252 1.075073 0.9204102 1.078491 0.8450928 1.151489 0.8458252 1.157227 0.9243164 1.075073 0.9204102 1.228516 0.9223633 1.157227 0.9243164 1.151489 0.8458252 1.228516 0.9223633 1.151611 1.006348 1.157227 0.9243164 1.217407 1.002808 1.151611 1.006348 1.228516 0.9223633 1.217407 1.002808 1.182495 1.054077 1.151611 1.006348 1.264404 0.9859619 1.182495 1.054077 1.217407 1.002808 1.264404 0.9859619 1.249146 1.061401 1.182495 1.054077 1.320068 1.066528 1.249146 1.061401 1.264404 0.9859619 1.320068 1.066528 1.251099 1.133301 1.249146 1.061401 1.319946 1.126343 1.251099 1.133301 1.320068 1.066528 1.319946 1.126343 1.323853 1.178467 1.251099 1.133301 1.387451 1.116699 1.323853 1.178467 1.319946 1.126343 1.387451 1.116699 1.391479 1.190918 1.323853 1.178467 1.459717 1.195557 1.391479 1.190918 1.387451 1.116699 1.459717 1.195557 1.3927 1.254517 1.391479 1.190918 1.458374 1.251709 1.3927 1.254517 1.459717 1.195557 1.458374 1.251709 1.459106 1.316406 1.3927 1.254517 1.525635 1.252197 1.459106 1.316406 1.458374 1.251709 1.525635 1.252197 1.523804 1.30249 1.459106 1.316406 1.587891 1.287964 1.523804 1.30249 1.525635 1.252197 1.587891 1.287964 1.52417 1.344482 1.523804 1.30249 1.596069 1.368164 1.52417 1.344482 1.587891 1.287964 1.596069 1.368164 1.598022 1.409668 1.52417 1.344482 0.4694824 0.06152343 0.5362549 0.01599121 0.5366211 0.05407714 0.4694824 0.06152343 0.4689941 0.01770019 0.5362549 0.01599121 0.4017334 0.01452636 0.4689941 0.01770019 0.4694824 0.06152343 0.4017334 0.01452636 0.4688721 -0.02722167 0.4689941 0.01770019 0.4017334 -0.03173828 0.4688721 -0.02722167 0.4017334 0.01452636 0.4017334 -0.03173828 0.4017334 -0.0895996 0.4688721 -0.02722167 0.3345947 -0.03430175 0.4017334 -0.0895996 0.4017334 -0.03173828 0.3345947 -0.03430175 0.3344727 -0.09216308 0.4017334 -0.0895996 0.2680664 -0.09851074 0.3344727 -0.09216308 0.3345947 -0.03430175 0.2680664 -0.09851074 0.3339844 -0.1551514 0.3344727 -0.09216308 0.2667236 -0.1610107 0.3339844 -0.1551514 0.2680664 -0.09851074 0.2667236 -0.1610107 0.2668457 -0.2336426 0.3339844 -0.1551514 0.2011719 -0.1696777 0.2668457 -0.2336426 0.2667236 -0.1610107 0.2011719 -0.1696777 0.1992188 -0.2373047 0.2668457 -0.2336426 0.1324463 -0.2432861 0.1992188 -0.2373047 0.2011719 -0.1696777 0.1324463 -0.2432861 0.1951904 -0.3043213 0.1992188 -0.2373047 0.1254883 -0.3083496 0.1951904 -0.3043213 0.1324463 -0.2432861 0.1254883 -0.3083496 0.1192627 -0.3763428 0.1951904 -0.3043213 0.0604248 -0.3153076 0.1192627 -0.3763428 0.1254883 -0.3083496 0.0604248 -0.3153076 0.05200195 -0.3811035 0.1192627 -0.3763428 -0.01318359 -0.3840332 0.05200195 -0.3811035 0.0604248 -0.3153076 -0.01318359 -0.3840332 0.04443359 -0.447876 0.05200195 -0.3811035 -0.02185058 -0.449707 0.04443359 -0.447876 -0.01318359 -0.3840332 -0.703125 -1.186401 -0.7683105 -1.22998 -0.7036133 -1.240723 -0.703125 -1.186401 -0.7686768 -1.179688 -0.7683105 -1.22998 -0.7668457 -1.114258 -0.7686768 -1.179688 -0.703125 -1.186401 -0.7668457 -1.114258 -0.8323975 -1.165894 -0.7686768 -1.179688 -0.8339844 -1.11377 -0.8323975 -1.165894 -0.7668457 -1.114258 -0.8339844 -1.11377 -0.8972168 -1.105225 -0.8323975 -1.165894 -0.8353271 -1.05188 -0.8972168 -1.105225 -0.8339844 -1.11377 -0.8353271 -1.05188 -0.9007568 -1.045532 -0.8972168 -1.105225 -0.9060059 -0.9818115 -0.9007568 -1.045532 -0.8353271 -1.05188 -0.9060059 -0.9818115 -0.960083 -1.032837 -0.9007568 -1.045532 -0.9660645 -0.9705811 -0.960083 -1.032837 -0.9060059 -0.9818115 -0.9660645 -0.9705811 -1.02832 -0.9645996 -0.960083 -1.032837 -0.9852295 -0.916626 -1.02832 -0.9645996 -0.9660645 -0.9705811 -0.9852295 -0.916626 -1.041016 -0.9052734 -1.02832 -0.9645996 -1.051636 -0.8416748 -1.041016 -0.9052734 -0.9852295 -0.916626 -1.051636 -0.8416748 -1.100708 -0.9017334 -1.041016 -0.9052734 -1.102051 -0.8348389 -1.100708 -0.9017334 -1.051636 -0.8416748 -1.102051 -0.8348389 -1.15564 -0.8339844 -1.100708 -0.9017334 -1.106934 -0.7694092 -1.15564 -0.8339844 -1.102051 -0.8348389 -1.106934 -0.7694092 -1.171753 -0.7702637 -1.15564 -0.8339844 -1.187012 -0.708252 -1.171753 -0.7702637 -1.106934 -0.7694092 -1.187012 -0.708252 -1.224121 -0.7723389 -1.171753 -0.7702637 -1.238403 -0.708374 -1.224121 -0.7723389 -1.187012 -0.708252 -0.01208496 0.6120605 0.05041503 0.6759033 -0.02050781 0.6778564 -0.01208496 0.6120605 0.05273437 0.6051025 0.05041503 0.6759033 0.05969238 0.5401611 0.05273437 0.6051025 -0.01208496 0.6120605 0.05969238 0.5401611 0.1259766 0.6057129 0.05273437 0.6051025 0.1271973 0.5356445 0.1259766 0.6057129 0.05969238 0.5401611 0.1271973 0.5356445 0.1954346 0.5317383 0.1259766 0.6057129 0.1300049 0.46875 0.1954346 0.5317383 0.1271973 0.5356445 0.1300049 0.46875 0.1961669 0.4637451 0.1954346 0.5317383 0.1951904 0.3945313 0.1961669 0.4637451 0.1300049 0.46875 0.1951904 0.3945313 0.2613525 0.4519043 0.1961669 0.4637451 0.2618408 0.388916 0.2613525 0.4519043 0.1951904 0.3945313 0.2618408 0.388916 0.3288574 0.3917236 0.2613525 0.4519043 0.2619629 0.3310547 0.3288574 0.3917236 0.2618408 0.388916 0.2619629 0.3310547 0.328125 0.3496094 0.3288574 0.3917236 0.3291016 0.2802734 0.328125 0.3496094 0.2619629 0.3310547 0.3291016 0.2802734 0.3947754 0.3450928 0.328125 0.3496094 0.3963623 0.2797852 0.3947754 0.3450928 0.3291016 0.2802734 0.3963623 0.2797852 0.4627686 0.2867432 0.3947754 0.3450928 0.3968506 0.2352295 0.4627686 0.2867432 0.3963623 0.2797852 0.3968506 0.2352295 0.4639893 0.2427979 0.4627686 0.2867432 0.4699707 0.1856689 0.4639893 0.2427979 0.3968506 0.2352295 0.4699707 0.1856689 0.5356445 0.2364502 0.4639893 0.2427979 0.5362549 0.208252 0.5356445 0.2364502 0.4699707 0.1856689 -0.7714844 -0.2888184 -0.7042236 -0.2126465 -0.7689209 -0.2255859 -0.7714844 -0.2888184 -0.7052002 -0.2788086 -0.7042236 -0.2126465 -0.7056885 -0.3529053 -0.7052002 -0.2788086 -0.7714844 -0.2888184 -0.7056885 -0.3529053 -0.6365967 -0.2764893 -0.7052002 -0.2788086 -0.6365967 -0.3466797 -0.6365967 -0.2764893 -0.7056885 -0.3529053 -0.6365967 -0.3466797 -0.5667725 -0.3486328 -0.6365967 -0.2764893 -0.637085 -0.4221191 -0.5667725 -0.3486328 -0.6365967 -0.3466797 -0.637085 -0.4221191 -0.565918 -0.4212646 -0.5667725 -0.3486328 -0.5646973 -0.4945068 -0.565918 -0.4212646 -0.637085 -0.4221191 -0.5646973 -0.4945068 -0.494873 -0.4245605 -0.565918 -0.4212646 -0.4924316 -0.4968262 -0.494873 -0.4245605 -0.5646973 -0.4945068 -0.4924316 -0.4968262 -0.4200439 -0.4993896 -0.494873 -0.4245605 -0.4901123 -0.5692139 -0.4200439 -0.4993896 -0.4924316 -0.4968262 -0.4901123 -0.5692139 -0.4195557 -0.5712891 -0.4200439 -0.4993896 -0.4196777 -0.6416016 -0.4195557 -0.5712891 -0.4901123 -0.5692139 -0.4196777 -0.6416016 -0.3441162 -0.5712891 -0.4195557 -0.5712891 -0.3450928 -0.6412354 -0.3441162 -0.5712891 -0.4196777 -0.6416016 -0.3450928 -0.6412354 -0.2788086 -0.6409912 -0.3441162 -0.5712891 -0.3441162 -0.7109375 -0.2788086 -0.6409912 -0.3450928 -0.6412354 -0.3441162 -0.7109375 -0.2805176 -0.7075195 -0.2788086 -0.6409912 -0.289917 -0.7716064 -0.2805176 -0.7075195 -0.3441162 -0.7109375 -0.289917 -0.7716064 -0.2041016 -0.7070313 -0.2805176 -0.7075195 -0.9190674 -0.4328613 -0.8449707 -0.3586426 -0.9129639 -0.3648682 -0.9190674 -0.4328613 -0.8487549 -0.4290771 -0.8449707 -0.3586426 -0.8532715 -0.4993896 -0.8487549 -0.4290771 -0.9190674 -0.4328613 -0.8532715 -0.4993896 -0.7814941 -0.4202881 -0.8487549 -0.4290771 -0.7808838 -0.4968262 -0.7814941 -0.4202881 -0.8532715 -0.4993896 -0.7808838 -0.4968262 -0.7091064 -0.4934082 -0.7814941 -0.4202881 -0.7840576 -0.5678711 -0.7091064 -0.4934082 -0.7808838 -0.4968262 -0.7840576 -0.5678711 -0.7093506 -0.5683594 -0.7091064 -0.4934082 -0.710083 -0.6398926 -0.7093506 -0.5683594 -0.7840576 -0.5678711 -0.710083 -0.6398926 -0.6365967 -0.5670166 -0.7093506 -0.5683594 -0.6365967 -0.6411133 -0.6365967 -0.5670166 -0.710083 -0.6398926 -0.6365967 -0.6411133 -0.5628662 -0.6411133 -0.6365967 -0.5670166 -0.6361084 -0.7150879 -0.5628662 -0.6411133 -0.6365967 -0.6411133 -0.6361084 -0.7150879 -0.5638428 -0.7138672 -0.5628662 -0.6411133 -0.5661621 -0.7851563 -0.5638428 -0.7138672 -0.6361084 -0.7150879 -0.5661621 -0.7851563 -0.4935303 -0.7105713 -0.5638428 -0.7138672 -0.4990234 -0.7775879 -0.4935303 -0.7105713 -0.5661621 -0.7851563 -0.4990234 -0.7775879 -0.4245605 -0.7789307 -0.4935303 -0.7105713 -0.49646 -0.855957 -0.4245605 -0.7789307 -0.4990234 -0.7775879 -0.49646 -0.855957 -0.4261475 -0.8514404 -0.4245605 -0.7789307 -0.4311523 -0.9199219 -0.4261475 -0.8514404 -0.49646 -0.855957 -0.4311523 -0.9199219 -0.354248 -0.8494873 -0.4261475 -0.8514404 0.1853027 0.6610107 0.255249 0.730957 0.1809082 0.7332764 0.1853027 0.6610107 0.2563477 0.6556396 0.255249 0.730957 0.2608643 0.5917969 0.2563477 0.6556396 0.1853027 0.6610107 0.2608643 0.5917969 0.3291016 0.6538086 0.2563477 0.6556396 0.3297119 0.5825195 0.3291016 0.6538086 0.2608643 0.5917969 0.3297119 0.5825195 0.4008789 0.5809326 0.3291016 0.6538086 0.3303223 0.529541 0.4008789 0.5809326 0.3297119 0.5825195 0.3303223 0.529541 0.3961182 0.5294189 0.4008789 0.5809326 0.3968506 0.4519043 0.3961182 0.5294189 0.3303223 0.529541 0.3968506 0.4519043 0.4641113 0.5310059 0.3961182 0.5294189 0.4639893 0.4577637 0.4641113 0.5310059 0.3968506 0.4519043 0.4639893 0.4577637 0.5296631 0.4664307 0.4641113 0.5310059 0.461792 0.3990479 0.5296631 0.4664307 0.4639893 0.4577637 0.461792 0.3990479 0.5205078 0.4188232 0.5296631 0.4664307 0.526123 0.3499756 0.5205078 0.4188232 0.461792 0.3990479 0.526123 0.3499756 0.5827637 0.4310303 0.5205078 0.4188232 0.5856934 0.3677979 0.5827637 0.4310303 0.526123 0.3499756 0.5856934 0.3677979 0.6380615 0.3909912 0.5827637 0.4310303 0.5898438 0.3129883 0.6380615 0.3909912 0.5856934 0.3677979 0.5898438 0.3129883 0.6418457 0.3377686 0.6380615 0.3909912 0.6618652 0.2747803 0.6418457 0.3377686 0.5898438 0.3129883 -0.8092041 1.051636 -0.7393799 1.124146 -0.8082275 1.120605 -0.8092041 1.051636 -0.737915 1.053101 -0.7393799 1.124146 -0.7351074 0.9755859 -0.737915 1.053101 -0.8092041 1.051636 -0.7351074 0.9755859 -0.6678467 1.051147 -0.737915 1.053101 -0.6584473 0.9752197 -0.6678467 1.051147 -0.7351074 0.9755859 -0.6584473 0.9752197 -0.5871582 0.9719238 -0.6678467 1.051147 -0.6601563 0.8885498 -0.5871582 0.9719238 -0.6584473 0.9752197 -0.6601563 0.8885498 -0.5780029 0.8898926 -0.5871582 0.9719238 -0.5770264 0.8078613 -0.5780029 0.8898926 -0.6601563 0.8885498 -0.5770264 0.8078613 -0.5252686 0.9024658 -0.5780029 0.8898926 -0.5181885 0.8291016 -0.5252686 0.9024658 -0.5770264 0.8078613 -0.5181885 0.8291016 -0.4488525 0.8280029 -0.5252686 0.9024658 -0.5153809 0.7613525 -0.4488525 0.8280029 -0.5181885 0.8291016 -0.5153809 0.7613525 -0.4539795 0.7561035 -0.4488525 0.8280029 -0.4539795 0.6846924 -0.4539795 0.7561035 -0.5153809 0.7613525 -0.4539795 0.6846924 -0.3903809 0.7489014 -0.4539795 0.7561035 -0.3818359 0.6821289 -0.3903809 0.7489014 -0.4539795 0.6846924 -0.3818359 0.6821289 -0.3111572 0.6812744 -0.3903809 0.7489014 -0.3737793 0.6142578 -0.3111572 0.6812744 -0.3818359 0.6821289 -0.3737793 0.6142578 -0.3006592 0.6149902 -0.3111572 0.6812744 -0.3088379 0.5463867 -0.3006592 0.6149902 -0.3737793 0.6142578 2.018433 0.9666748 1.989868 0.9008789 2.03064 0.901123 2.018433 0.9666748 1.975342 0.9642334 1.989868 0.9008789 1.959961 1.026611 1.975342 0.9642334 2.018433 0.9666748 1.959961 1.026611 1.927979 0.965332 1.975342 0.9642334 1.911133 1.025757 1.927979 0.965332 1.959961 1.026611 1.911133 1.025757 1.850464 1.023438 1.927979 0.965332 1.894653 1.083008 1.850464 1.023438 1.911133 1.025757 1.894653 1.083008 1.841309 1.083984 1.850464 1.023438 1.825928 1.137939 1.841309 1.083984 1.894653 1.083008 1.825928 1.137939 1.785889 1.091187 1.841309 1.083984 1.776245 1.150757 1.785889 1.091187 1.825928 1.137939 1.776245 1.150757 1.71582 1.158325 1.785889 1.091187 1.760254 1.196777 1.71582 1.158325 1.776245 1.150757 1.760254 1.196777 1.706909 1.211914 1.71582 1.158325 1.720825 1.286743 1.706909 1.211914 1.760254 1.196777 1.720825 1.286743 1.648926 1.2229 1.706909 1.211914 1.660645 1.303833 1.648926 1.2229 1.720825 1.286743 1.660645 1.303833 1.587891 1.287964 1.648926 1.2229 1.654175 1.339233 1.587891 1.287964 1.660645 1.303833 1.654175 1.339233 1.596069 1.368164 1.587891 1.287964 -0.7703857 -0.1541748 -0.7042236 -0.2126465 -0.7019043 -0.161377 -0.7703857 -0.1541748 -0.7689209 -0.2255859 -0.7042236 -0.2126465 -0.8370361 -0.2264404 -0.7689209 -0.2255859 -0.7703857 -0.1541748 -0.8370361 -0.2264404 -0.7714844 -0.2888184 -0.7689209 -0.2255859 -0.8374023 -0.2962646 -0.7714844 -0.2888184 -0.8370361 -0.2264404 -0.8374023 -0.2962646 -0.8449707 -0.3586426 -0.7714844 -0.2888184 -0.9060059 -0.2998047 -0.8449707 -0.3586426 -0.8374023 -0.2962646 -0.9060059 -0.2998047 -0.9129639 -0.3648682 -0.8449707 -0.3586426 -0.9779053 -0.3718262 -0.9129639 -0.3648682 -0.9060059 -0.2998047 -0.9779053 -0.3718262 -0.9190674 -0.4328613 -0.9129639 -0.3648682 -0.9863281 -0.4375 -0.9190674 -0.4328613 -0.9779053 -0.3718262 -0.9863281 -0.4375 -0.9938965 -0.5042725 -0.9190674 -0.4328613 -1.051636 -0.4405518 -0.9938965 -0.5042725 -0.9863281 -0.4375 -1.051636 -0.4405518 -1.060303 -0.5062256 -0.9938965 -0.5042725 -1.122803 -0.5074463 -1.060303 -0.5062256 -1.051636 -0.4405518 -1.122803 -0.5074463 -1.066162 -0.5733643 -1.060303 -0.5062256 -1.12915 -0.5738525 -1.066162 -0.5733643 -1.122803 -0.5074463 -1.12915 -0.5738525 -1.131592 -0.6411133 -1.066162 -0.5733643 -1.180664 -0.574707 -1.131592 -0.6411133 -1.12915 -0.5738525 1.391968 1.370239 1.459106 1.316406 1.45813 1.359253 1.391968 1.370239 1.39209 1.312988 1.459106 1.316406 1.324829 1.316406 1.39209 1.312988 1.391968 1.370239 1.324829 1.316406 1.3927 1.254517 1.39209 1.312988 1.325317 1.251221 1.3927 1.254517 1.324829 1.316406 1.325317 1.251221 1.323853 1.178467 1.3927 1.254517 1.26001 1.24353 1.323853 1.178467 1.325317 1.251221 1.26001 1.24353 1.254395 1.179199 1.323853 1.178467 1.190674 1.180908 1.254395 1.179199 1.26001 1.24353 1.190674 1.180908 1.251099 1.133301 1.254395 1.179199 1.182861 1.124878 1.251099 1.133301 1.190674 1.180908 1.182861 1.124878 1.182495 1.054077 1.251099 1.133301 1.116943 1.114746 1.182495 1.054077 1.182861 1.124878 1.116943 1.114746 1.123169 1.044922 1.182495 1.054077 1.061401 1.039795 1.123169 1.044922 1.116943 1.114746 1.061401 1.039795 1.151611 1.006348 1.123169 1.044922 1.078491 0.9963379 1.151611 1.006348 1.061401 1.039795 1.078491 0.9963379 1.075073 0.9204102 1.151611 1.006348 0.9958496 0.9793701 1.075073 0.9204102 1.078491 0.9963379 0.9219971 0.7658691 0.9979248 0.8414307 0.9162598 0.8436279 0.9219971 0.7658691 0.9934082 0.769165 0.9979248 0.8414307 0.9937744 0.6990967 0.9934082 0.769165 0.9219971 0.7658691 0.9937744 0.6990967 1.071411 0.772583 0.9934082 0.769165 1.070313 0.7026367 1.071411 0.772583 0.9937744 0.6990967 1.070313 0.7026367 1.146851 0.7004395 1.071411 0.772583 1.07666 0.6281738 1.146851 0.7004395 1.070313 0.7026367 1.07666 0.6281738 1.146118 0.6281738 1.146851 0.7004395 1.147217 0.5458984 1.146118 0.6281738 1.07666 0.6281738 1.147217 0.5458984 1.213379 0.6234131 1.146118 0.6281738 1.209961 0.5446777 1.213379 0.6234131 1.147217 0.5458984 1.209961 0.5446777 1.265503 0.5449219 1.213379 0.6234131 1.183105 0.479126 1.265503 0.5449219 1.209961 0.5446777 1.183105 0.479126 1.250122 0.4705811 1.265503 0.5449219 1.253906 0.4075928 1.250122 0.4705811 1.183105 0.479126 1.253906 0.4075928 1.31958 0.4642334 1.250122 0.4705811 1.321411 0.4147949 1.31958 0.4642334 1.253906 0.4075928 1.321411 0.4147949 1.388794 0.4163818 1.31958 0.4642334 1.324219 0.3468018 1.388794 0.4163818 1.321411 0.4147949 0.8474121 0.9677734 0.9193115 1.029907 0.8647461 1.029907 0.8474121 0.9677734 0.928833 0.9677734 0.9193115 1.029907 0.9197998 0.9093018 0.928833 0.9677734 0.8474121 0.9677734 0.9197998 0.9093018 0.9958496 0.9793701 0.928833 0.9677734 1.001587 0.9162598 0.9958496 0.9793701 0.9197998 0.9093018 1.001587 0.9162598 1.075073 0.9204102 0.9958496 0.9793701 0.9979248 0.8414307 1.075073 0.9204102 1.001587 0.9162598 0.9979248 0.8414307 1.078491 0.8450928 1.075073 0.9204102 1.071411 0.772583 1.078491 0.8450928 0.9979248 0.8414307 1.071411 0.772583 1.151489 0.8458252 1.078491 0.8450928 1.149536 0.7731934 1.151489 0.8458252 1.071411 0.772583 1.149536 0.7731934 1.212402 0.7728271 1.151489 0.8458252 1.146851 0.7004395 1.212402 0.7728271 1.149536 0.7731934 1.146851 0.7004395 1.213501 0.7006836 1.212402 0.7728271 1.213379 0.6234131 1.213501 0.7006836 1.146851 0.7004395 1.213379 0.6234131 1.28418 0.696167 1.213501 0.7006836 1.299561 0.6140137 1.28418 0.696167 1.213379 0.6234131 1.299561 0.6140137 1.331787 0.6170654 1.28418 0.696167 -0.8642578 -0.6411133 -0.7840576 -0.5678711 -0.8565674 -0.5703125 -0.8642578 -0.6411133 -0.7895508 -0.6394043 -0.7840576 -0.5678711 -0.7784424 -0.7097168 -0.7895508 -0.6394043 -0.8642578 -0.6411133 -0.7784424 -0.7097168 -0.710083 -0.6398926 -0.7895508 -0.6394043 -0.7104492 -0.7158203 -0.710083 -0.6398926 -0.7784424 -0.7097168 -0.7104492 -0.7158203 -0.6361084 -0.7150879 -0.710083 -0.6398926 -0.7086182 -0.793335 -0.6361084 -0.7150879 -0.7104492 -0.7158203 -0.7086182 -0.793335 -0.635376 -0.7913818 -0.6361084 -0.7150879 -0.6379395 -0.8621826 -0.635376 -0.7913818 -0.7086182 -0.793335 -0.6379395 -0.8621826 -0.5661621 -0.7851563 -0.635376 -0.7913818 -0.5672607 -0.8540039 -0.5661621 -0.7851563 -0.6379395 -0.8621826 -0.5672607 -0.8540039 -0.49646 -0.855957 -0.5661621 -0.7851563 -0.5667725 -0.9294434 -0.49646 -0.855957 -0.5672607 -0.8540039 -0.5667725 -0.9294434 -0.4975586 -0.928833 -0.49646 -0.855957 -0.5001221 -0.9978027 -0.4975586 -0.928833 -0.5667725 -0.9294434 -0.5001221 -0.9978027 -0.4311523 -0.9199219 -0.4975586 -0.928833 -0.4360352 -0.9858398 -0.4311523 -0.9199219 -0.5001221 -0.9978027 -1.180664 -0.574707 -1.247437 -0.505249 -1.230103 -0.5748291 -1.180664 -0.574707 -1.172241 -0.5095215 -1.247437 -0.505249 -1.122803 -0.5074463 -1.172241 -0.5095215 -1.180664 -0.574707 -1.122803 -0.5074463 -1.1698 -0.4432373 -1.172241 -0.5095215 -1.113037 -0.4429932 -1.1698 -0.4432373 -1.122803 -0.5074463 -1.113037 -0.4429932 -1.095093 -0.3837891 -1.1698 -0.4432373 -1.051636 -0.4405518 -1.095093 -0.3837891 -1.113037 -0.4429932 -1.051636 -0.4405518 -1.041016 -0.3769531 -1.095093 -0.3837891 -0.9779053 -0.3718262 -1.041016 -0.3769531 -1.051636 -0.4405518 -0.9779053 -0.3718262 -1.02832 -0.317749 -1.041016 -0.3769531 -0.9627686 -0.3146973 -1.02832 -0.317749 -0.9779053 -0.3718262 -0.9627686 -0.3146973 -0.9628906 -0.2474365 -1.02832 -0.317749 -0.9060059 -0.2998047 -0.9628906 -0.2474365 -0.9627686 -0.3146973 -0.9060059 -0.2998047 -0.9049072 -0.2319336 -0.9628906 -0.2474365 -0.8370361 -0.2264404 -0.9049072 -0.2319336 -0.9060059 -0.2998047 -0.8370361 -0.2264404 -0.9040527 -0.1654053 -0.9049072 -0.2319336 -0.8395996 -0.1541748 -0.9040527 -0.1654053 -0.8370361 -0.2264404 1.228516 0.9223633 1.264404 0.9859619 1.217407 1.002808 1.228516 0.9223633 1.297485 0.9212646 1.264404 0.9859619 1.289307 0.8413086 1.297485 0.9212646 1.228516 0.9223633 1.289307 0.8413086 1.34021 0.9158936 1.297485 0.9212646 1.345459 0.8400879 1.34021 0.9158936 1.289307 0.8413086 1.345459 0.8400879 1.391968 0.8416748 1.34021 0.9158936 1.347412 0.7678223 1.391968 0.8416748 1.345459 0.8400879 1.347412 0.7678223 1.391968 0.7661133 1.391968 0.8416748 1.39209 0.6906738 1.391968 0.7661133 1.347412 0.7678223 1.39209 0.6906738 1.467163 0.7661133 1.391968 0.7661133 1.466553 0.6915283 1.467163 0.7661133 1.39209 0.6906738 1.466553 0.6915283 1.517212 0.6940918 1.467163 0.7661133 1.462891 0.6179199 1.517212 0.6940918 1.466553 0.6915283 1.462891 0.6179199 1.525513 0.6268311 1.517212 0.6940918 1.525879 0.5571289 1.525513 0.6268311 1.462891 0.6179199 1.525879 0.5571289 1.60437 0.6268311 1.525513 0.6268311 1.604004 0.5540771 1.60437 0.6268311 1.525879 0.5571289 0.1951904 -0.3043213 0.2668457 -0.2336426 0.1992188 -0.2373047 0.1951904 -0.3043213 0.2679443 -0.3056641 0.2668457 -0.2336426 0.2559814 -0.3621826 0.2679443 -0.3056641 0.1951904 -0.3043213 0.2559814 -0.3621826 0.329834 -0.2841797 0.2679443 -0.3056641 0.3289795 -0.3588867 0.329834 -0.2841797 0.2559814 -0.3621826 0.3289795 -0.3588867 0.4017334 -0.3570557 0.329834 -0.2841797 0.3215332 -0.4312744 0.4017334 -0.3570557 0.3289795 -0.3588867 0.3215332 -0.4312744 0.3970947 -0.4255371 0.4017334 -0.3570557 0.3964844 -0.5068359 0.3970947 -0.4255371 0.3215332 -0.4312744 0.3964844 -0.5068359 0.4752197 -0.4266357 0.3970947 -0.4255371 0.4780273 -0.5030518 0.4752197 -0.4266357 0.3964844 -0.5068359 0.4780273 -0.5030518 0.5593262 -0.5047607 0.4752197 -0.4266357 0.4742432 -0.5838623 0.5593262 -0.5047607 0.4780273 -0.5030518 0.4742432 -0.5838623 0.5545654 -0.5861816 0.5593262 -0.5047607 0.5512695 -0.6591797 0.5545654 -0.5861816 0.4742432 -0.5838623 0.5512695 -0.6591797 0.6293945 -0.5845947 0.5545654 -0.5861816 0.6275635 -0.6573486 0.6293945 -0.5845947 0.5512695 -0.6591797 1.320068 1.066528 1.387451 1.116699 1.319946 1.126343 1.320068 1.066528 1.387329 1.054199 1.387451 1.116699 1.391968 0.9937744 1.387329 1.054199 1.320068 1.066528 1.391968 0.9937744 1.453247 1.047485 1.387329 1.054199 1.455444 0.980957 1.453247 1.047485 1.391968 0.9937744 1.455444 0.980957 1.528564 0.9765625 1.453247 1.047485 1.461182 0.9127197 1.528564 0.9765625 1.455444 0.980957 1.461182 0.9127197 1.519287 0.9003906 1.528564 0.9765625 1.527588 0.836792 1.519287 0.9003906 1.461182 0.9127197 1.527588 0.836792 1.60437 0.9056396 1.519287 0.9003906 1.606567 0.8363037 1.60437 0.9056396 1.527588 0.836792 1.606567 0.8363037 1.684448 0.8359375 1.60437 0.9056396 1.605225 0.7666016 1.684448 0.8359375 1.606567 0.8363037 1.605225 0.7666016 1.686401 0.7661133 1.684448 0.8359375 1.684448 0.6962891 1.686401 0.7661133 1.605225 0.7666016 1.684448 0.6962891 1.756592 0.7661133 1.686401 0.7661133 1.757446 0.6972656 1.756592 0.7661133 1.684448 0.6962891 -0.7091064 -0.4934082 -0.637085 -0.4221191 -0.7077637 -0.4266357 -0.7091064 -0.4934082 -0.6365967 -0.4914551 -0.637085 -0.4221191 -0.6365967 -0.5670166 -0.6365967 -0.4914551 -0.7091064 -0.4934082 -0.6365967 -0.5670166 -0.5646973 -0.4945068 -0.6365967 -0.4914551 -0.5638428 -0.5683594 -0.5646973 -0.4945068 -0.6365967 -0.5670166 -0.5638428 -0.5683594 -0.4901123 -0.5692139 -0.5646973 -0.4945068 -0.5628662 -0.6411133 -0.4901123 -0.5692139 -0.5638428 -0.5683594 -0.5628662 -0.6411133 -0.4886475 -0.6411133 -0.4901123 -0.5692139 -0.4935303 -0.7105713 -0.4886475 -0.6411133 -0.5628662 -0.6411133 -0.4935303 -0.7105713 -0.4196777 -0.6416016 -0.4886475 -0.6411133 -0.4207764 -0.7099609 -0.4196777 -0.6416016 -0.4935303 -0.7105713 -0.4207764 -0.7099609 -0.3441162 -0.7109375 -0.4196777 -0.6416016 -0.4245605 -0.7789307 -0.3441162 -0.7109375 -0.4207764 -0.7099609 -0.4245605 -0.7789307 -0.348877 -0.7803955 -0.3441162 -0.7109375 -0.354248 -0.8494873 -0.348877 -0.7803955 -0.4245605 -0.7789307 -0.354248 -0.8494873 -0.289917 -0.7716064 -0.348877 -0.7803955 -0.2984619 -0.8356934 -0.289917 -0.7716064 -0.354248 -0.8494873 1.959961 0.5056152 1.981201 0.442749 2.001465 0.5020752 1.959961 0.5056152 1.942017 0.4481201 1.981201 0.442749 1.894531 0.4492188 1.942017 0.4481201 1.959961 0.5056152 1.894531 0.4492188 1.920166 0.394165 1.942017 0.4481201 1.869141 0.4019775 1.920166 0.394165 1.894531 0.4492188 1.869141 0.4019775 1.852295 0.355835 1.920166 0.394165 1.81958 0.3996582 1.852295 0.355835 1.869141 0.4019775 1.81958 0.3996582 1.805176 0.3529053 1.852295 0.355835 1.763916 0.3322754 1.805176 0.3529053 1.81958 0.3996582 1.763916 0.3322754 1.806885 0.3007813 1.805176 0.3529053 1.761475 0.2818604 1.806885 0.3007813 1.763916 0.3322754 1.761475 0.2818604 1.763916 0.237915 1.806885 0.3007813 1.708984 0.2635498 1.763916 0.237915 1.761475 0.2818604 1.708984 0.2635498 1.709961 0.2160645 1.763916 0.237915 1.652588 0.1981201 1.709961 0.2160645 1.708984 0.2635498 1.652588 0.1981201 1.715332 0.177002 1.709961 0.2160645 1.663696 0.1387939 1.715332 0.177002 1.652588 0.1981201 -0.5701904 -1.062134 -0.6367188 -1.13147 -0.572998 -1.112183 -0.5701904 -1.062134 -0.637085 -1.067261 -0.6367188 -1.13147 -0.6369629 -1.001953 -0.637085 -1.067261 -0.5701904 -1.062134 -0.6369629 -1.001953 -0.7034912 -1.066284 -0.637085 -1.067261 -0.7052002 -1.003418 -0.7034912 -1.066284 -0.6369629 -1.001953 -0.7052002 -1.003418 -0.7734375 -0.9984131 -0.7034912 -1.066284 -0.7071533 -0.9344482 -0.7734375 -0.9984131 -0.7052002 -1.003418 -0.7071533 -0.9344482 -0.7805176 -0.9431152 -0.7734375 -0.9984131 -0.7766113 -0.8581543 -0.7805176 -0.9431152 -0.7071533 -0.9344482 -0.7766113 -0.8581543 -0.8549805 -0.9399414 -0.7805176 -0.9431152 -0.8466797 -0.8557129 -0.8549805 -0.9399414 -0.7766113 -0.8581543 -0.8466797 -0.8557129 -0.9267578 -0.8557129 -0.8549805 -0.9399414 -0.8463135 -0.7772217 -0.9267578 -0.8557129 -0.8466797 -0.8557129 -0.8463135 -0.7772217 -0.9261475 -0.7797852 -0.9267578 -0.8557129 -0.9321289 -0.7104492 -0.9261475 -0.7797852 -0.8463135 -0.7772217 -0.9321289 -0.7104492 -1.007568 -0.7830811 -0.9261475 -0.7797852 -1.015381 -0.7119141 -1.007568 -0.7830811 -0.9321289 -0.7104492 1.651001 0.439209 1.600342 0.4837646 1.595581 0.4165039 1.651001 0.439209 1.668213 0.4898682 1.600342 0.4837646 1.733276 0.4968262 1.668213 0.4898682 1.651001 0.439209 1.733276 0.4968262 1.674438 0.5578613 1.668213 0.4898682 1.75 0.5570068 1.674438 0.5578613 1.733276 0.4968262 1.75 0.5570068 1.753296 0.6281738 1.674438 0.5578613 1.812012 0.5628662 1.753296 0.6281738 1.75 0.5570068 1.812012 0.5628662 1.815674 0.6312256 1.753296 0.6281738 1.878052 0.6324463 1.815674 0.6312256 1.812012 0.5628662 1.878052 0.6324463 1.821533 0.6983643 1.815674 0.6312256 1.884521 0.6988525 1.821533 0.6983643 1.878052 0.6324463 1.884521 0.6988525 1.886963 0.7661133 1.821533 0.6983643 1.94519 0.6988525 1.886963 0.7661133 1.884521 0.6988525 1.94519 0.6988525 1.944824 0.7661133 1.886963 0.7661133 1.996216 0.7661133 1.944824 0.7661133 1.94519 0.6988525 1.996216 0.7661133 1.949219 0.8334961 1.944824 0.7661133 -0.4389648 -0.1083984 -0.4415283 -0.06628417 -0.5058594 -0.05847167 -0.4389648 -0.1083984 -0.3760986 -0.07312011 -0.4415283 -0.06628417 -0.3769531 -0.1220703 -0.3760986 -0.07312011 -0.4389648 -0.1083984 -0.3769531 -0.1220703 -0.3205566 -0.1397705 -0.3760986 -0.07312011 -0.3841553 -0.1900635 -0.3205566 -0.1397705 -0.3769531 -0.1220703 -0.3841553 -0.1900635 -0.3271484 -0.204834 -0.3205566 -0.1397705 -0.3132324 -0.2493896 -0.3271484 -0.204834 -0.3841553 -0.1900635 -0.3132324 -0.2493896 -0.2647705 -0.2071533 -0.3271484 -0.204834 -0.2563477 -0.2608643 -0.2647705 -0.2071533 -0.3132324 -0.2493896 -0.2563477 -0.2608643 -0.2075195 -0.2755127 -0.2647705 -0.2071533 -0.2449951 -0.317749 -0.2075195 -0.2755127 -0.2563477 -0.2608643 -0.2449951 -0.317749 -0.1914063 -0.3297119 -0.2075195 -0.2755127 -0.1738281 -0.3840332 -0.1914063 -0.3297119 -0.2449951 -0.317749 -0.1738281 -0.3840332 -0.1435547 -0.3363037 -0.1914063 -0.3297119 -0.1097412 -0.3771973 -0.1435547 -0.3363037 -0.1738281 -0.3840332 -0.1097412 -0.3771973 -0.05651855 -0.3771973 -0.1435547 -0.3363037 1.008301 -0.9174805 1.008301 -0.9876709 1.032349 -0.9197998 1.008301 -0.9174805 0.9639893 -0.9649658 1.008301 -0.9876709 0.9116211 -0.9366455 0.9639893 -0.9649658 1.008301 -0.9174805 0.9116211 -0.9366455 0.9230957 -1.011353 0.9639893 -0.9649658 0.8952637 -0.9936523 0.9230957 -1.011353 0.9116211 -0.9366455 0.8952637 -0.9936523 0.8568115 -1.040649 0.9230957 -1.011353 0.8535156 -0.9803467 0.8568115 -1.040649 0.8952637 -0.9936523 0.8535156 -0.9803467 0.8356934 -1.014526 0.8568115 -1.040649 0.803833 -1.032959 0.8356934 -1.014526 0.8535156 -0.9803467 0.803833 -1.032959 0.8568115 -1.040649 0.8356934 -1.014526 0.8140869 -1.080811 0.8568115 -1.040649 0.803833 -1.032959 0.8140869 -1.080811 0.8359375 -1.112915 0.8568115 -1.040649 0.7655029 -1.101929 0.8359375 -1.112915 0.8140869 -1.080811 0.7655029 -1.101929 0.7973633 -1.165161 0.8359375 -1.112915 0.7335205 -1.188477 0.7973633 -1.165161 0.7655029 -1.101929 -0.3760986 -0.07312011 -0.2996826 -0.02770996 -0.3701172 -0.02441406 -0.3760986 -0.07312011 -0.3186035 -0.09106445 -0.2996826 -0.02770996 -0.3205566 -0.1397705 -0.3186035 -0.09106445 -0.3760986 -0.07312011 -0.3205566 -0.1397705 -0.2592773 -0.1070557 -0.3186035 -0.09106445 -0.2670898 -0.1568604 -0.2592773 -0.1070557 -0.3205566 -0.1397705 -0.2670898 -0.1568604 -0.2216797 -0.1756592 -0.2592773 -0.1070557 -0.2647705 -0.2071533 -0.2216797 -0.1756592 -0.2670898 -0.1568604 -0.2647705 -0.2071533 -0.2175292 -0.2220458 -0.2216797 -0.1756592 -0.2075195 -0.2755127 -0.2175292 -0.2220458 -0.2647705 -0.2071533 -0.2075195 -0.2755127 -0.1772461 -0.2329102 -0.2175292 -0.2220458 -0.1680908 -0.2885742 -0.1772461 -0.2329102 -0.2075195 -0.2755127 -0.1680908 -0.2885742 -0.1333008 -0.2886963 -0.1772461 -0.2329102 -0.1435547 -0.3363037 -0.1333008 -0.2886963 -0.1680908 -0.2885742 -0.1435547 -0.3363037 -0.08703613 -0.3208008 -0.1333008 -0.2886963 -0.05651855 -0.3771973 -0.08703613 -0.3208008 -0.1435547 -0.3363037 -0.8323975 -1.165894 -0.8972168 -1.209106 -0.8260498 -1.199463 -0.8323975 -1.165894 -0.8963623 -1.160278 -0.8972168 -1.209106 -0.8972168 -1.105225 -0.8963623 -1.160278 -0.8323975 -1.165894 -0.8972168 -1.105225 -0.9536134 -1.143799 -0.8963623 -1.160278 -0.9545898 -1.090454 -0.9536134 -1.143799 -0.8972168 -1.105225 -0.9545898 -1.090454 -1.013306 -1.080688 -0.9536134 -1.143799 -0.960083 -1.032837 -1.013306 -1.080688 -0.9545898 -1.090454 -0.960083 -1.032837 -1.016968 -1.021484 -1.013306 -1.080688 -1.02832 -0.9645996 -1.016968 -1.021484 -0.960083 -1.032837 -1.02832 -0.9645996 -1.070557 -1.013062 -1.016968 -1.021484 -1.085938 -0.9591064 -1.070557 -1.013062 -1.02832 -0.9645996 -1.085938 -0.9591064 -1.135864 -0.9564209 -1.070557 -1.013062 -1.100708 -0.9017334 -1.135864 -0.9564209 -1.085938 -0.9591064 -1.100708 -0.9017334 -1.14624 -0.8985596 -1.135864 -0.9564209 -1.15564 -0.8339844 -1.14624 -0.8985596 -1.100708 -0.9017334 0.2559814 -0.3621826 0.3215332 -0.4312744 0.3289795 -0.3588867 0.2559814 -0.3621826 0.25354 -0.4365234 0.3215332 -0.4312744 0.1801758 -0.4395752 0.25354 -0.4365234 0.2559814 -0.3621826 0.1801758 -0.4395752 0.2518311 -0.5111084 0.25354 -0.4365234 0.1759033 -0.5118408 0.2518311 -0.5111084 0.1801758 -0.4395752 0.1759033 -0.5118408 0.1740723 -0.5845947 0.2518311 -0.5111084 0.1158447 -0.5158691 0.1740723 -0.5845947 0.1759033 -0.5118408 0.1158447 -0.5158691 0.1160889 -0.5839844 0.1740723 -0.5845947 0.03710937 -0.5845947 0.1160889 -0.5839844 0.1158447 -0.5158691 0.03710937 -0.5845947 0.1140137 -0.6525879 0.1160889 -0.5839844 0.03942871 -0.6531982 0.1140137 -0.6525879 0.03710937 -0.5845947 0.03942871 -0.6531982 0.04443359 -0.7214355 0.1140137 -0.6525879 -0.02770996 -0.6524658 0.04443359 -0.7214355 0.03942871 -0.6531982 -0.02770996 -0.6524658 -0.02319335 -0.720459 0.04443359 -0.7214355 1.000732 0.555542 1.07666 0.6281738 1.000732 0.6290283 1.000732 0.555542 1.070679 0.5518799 1.07666 0.6281738 1.065552 0.4869385 1.070679 0.5518799 1.000732 0.555542 1.065552 0.4869385 1.147217 0.5458984 1.070679 0.5518799 1.125977 0.482666 1.147217 0.5458984 1.065552 0.4869385 1.125977 0.482666 1.183105 0.479126 1.147217 0.5458984 1.115601 0.4157715 1.183105 0.479126 1.125977 0.482666 1.115601 0.4157715 1.185547 0.4129639 1.183105 0.479126 1.197388 0.3725586 1.185547 0.4129639 1.115601 0.4157715 1.197388 0.3725586 1.253906 0.4075928 1.185547 0.4129639 1.257935 0.3535156 1.253906 0.4075928 1.197388 0.3725586 1.257935 0.3535156 1.324219 0.3468018 1.253906 0.4075928 1.259888 0.2879639 1.324219 0.3468018 1.257935 0.3535156 1.259888 0.2879639 1.325317 0.2806396 1.324219 0.3468018 0.3291016 0.6538086 0.255249 0.730957 0.2563477 0.6556396 0.3291016 0.6538086 0.3226318 0.727417 0.255249 0.730957 0.3912354 0.71875 0.3226318 0.727417 0.3291016 0.6538086 0.3912354 0.71875 0.3083496 0.8022461 0.3226318 0.727417 0.3885498 0.791748 0.3083496 0.8022461 0.3912354 0.71875 0.3885498 0.791748 0.3851318 0.8874512 0.3083496 0.8022461 0.4781494 0.7957764 0.3851318 0.8874512 0.3885498 0.791748 0.4781494 0.7957764 0.4746094 0.8850098 0.3851318 0.8874512 0.5571289 0.883667 0.4746094 0.8850098 0.4781494 0.7957764 0.5571289 0.883667 0.4755859 0.9580078 0.4746094 0.8850098 0.5548096 0.9552002 0.4755859 0.9580078 0.5571289 0.883667 0.5548096 0.9552002 0.5516357 1.026978 0.4755859 0.9580078 0.6295166 0.9532471 0.5516357 1.026978 0.5548096 0.9552002 0.6295166 0.9532471 0.6253662 1.02478 0.5516357 1.026978 -1.092651 1.753418 -1.017578 1.825439 -1.09082 1.824219 -1.092651 1.753418 -1.018921 1.753418 -1.017578 1.825439 -1.021362 1.681519 -1.018921 1.753418 -1.092651 1.753418 -1.021362 1.681519 -0.9455567 1.75415 -1.018921 1.753418 -0.9510498 1.680054 -0.9455567 1.75415 -1.021362 1.681519 -0.9510498 1.680054 -0.8702393 1.677002 -0.9455567 1.75415 -0.9429932 1.600586 -0.8702393 1.677002 -0.9510498 1.680054 -0.9429932 1.600586 -0.8728027 1.618896 -0.8702393 1.677002 -0.8735352 1.534912 -0.8728027 1.618896 -0.9429932 1.600586 -0.8735352 1.534912 -0.7978516 1.600586 -0.8728027 1.618896 -0.8023682 1.528931 -0.7978516 1.600586 -0.8735352 1.534912 -0.8023682 1.528931 -0.7215576 1.528076 -0.7978516 1.600586 -0.7993164 1.446045 -0.7215576 1.528076 -0.8023682 1.528931 -0.7993164 1.446045 -0.7250977 1.456055 -0.7215576 1.528076 0.8658447 -0.3240967 0.8167725 -0.3840332 0.8780518 -0.3864746 0.8658447 -0.3240967 0.8150635 -0.3149414 0.8167725 -0.3840332 0.7994385 -0.2557373 0.8150635 -0.3149414 0.8658447 -0.3240967 0.7994385 -0.2557373 0.743042 -0.3153076 0.8150635 -0.3149414 0.7329102 -0.253418 0.743042 -0.3153076 0.7994385 -0.2557373 0.7329102 -0.253418 0.6710205 -0.2432861 0.743042 -0.3153076 0.7283936 -0.1885986 0.6710205 -0.2432861 0.7329102 -0.253418 0.7283936 -0.1885986 0.6658936 -0.1802979 0.6710205 -0.2432861 0.6623535 -0.1206055 0.6658936 -0.1802979 0.7283936 -0.1885986 0.6623535 -0.1206055 0.6022949 -0.1696777 0.6658936 -0.1802979 0.6018066 -0.1054688 0.6022949 -0.1696777 0.6623535 -0.1206055 0.6018066 -0.1054688 0.5362549 -0.09558105 0.6022949 -0.1696777 0.6104736 -0.03137207 0.5362549 -0.09558105 0.6018066 -0.1054688 0.6104736 -0.03137207 0.5396729 -0.01782226 0.5362549 -0.09558105 0.3284912 -0.7338867 0.4017334 -0.8122559 0.401001 -0.7331543 0.3284912 -0.7338867 0.3314209 -0.8044434 0.4017334 -0.8122559 0.2658691 -0.7946777 0.3314209 -0.8044434 0.3284912 -0.7338867 0.2658691 -0.7946777 0.3359375 -0.8668213 0.3314209 -0.8044434 0.2650146 -0.8684082 0.3359375 -0.8668213 0.2658691 -0.7946777 0.2650146 -0.8684082 0.2648926 -0.9418945 0.3359375 -0.8668213 0.1962891 -0.8631592 0.2648926 -0.9418945 0.2650146 -0.8684082 0.1962891 -0.8631592 0.1981201 -0.9343262 0.2648926 -0.9418945 0.1324463 -0.9259033 0.1981201 -0.9343262 0.1962891 -0.8631592 0.1324463 -0.9259033 0.2011719 -0.9996338 0.1981201 -0.9343262 0.131958 -0.9979248 0.2011719 -0.9996338 0.1324463 -0.9259033 0.131958 -0.9979248 0.1411133 -1.048706 0.2011719 -0.9996338 0.069458 -0.9859619 0.1411133 -1.048706 0.131958 -0.9979248 0.069458 -0.9859619 0.08288574 -1.035278 0.1411133 -1.048706 0.06848144 0.4173584 0.1300049 0.46875 0.0649414 0.4770508 0.06848144 0.4173584 0.1259766 0.3935547 0.1300049 0.46875 0.1312256 0.3483887 0.1259766 0.3935547 0.06848144 0.4173584 0.1312256 0.3483887 0.1951904 0.3945313 0.1259766 0.3935547 0.1956787 0.3378906 0.1951904 0.3945313 0.1312256 0.3483887 0.1956787 0.3378906 0.2619629 0.3310547 0.1951904 0.3945313 0.1954346 0.2867432 0.2619629 0.3310547 0.1956787 0.3378906 0.1954346 0.2867432 0.2618408 0.2796631 0.2619629 0.3310547 0.2613525 0.2352295 0.2618408 0.2796631 0.1954346 0.2867432 0.2613525 0.2352295 0.3291016 0.2802734 0.2618408 0.2796631 0.3291016 0.2327881 0.3291016 0.2802734 0.2613525 0.2352295 0.3291016 0.2327881 0.3968506 0.2352295 0.3291016 0.2802734 0.3292236 0.1929932 0.3968506 0.2352295 0.3291016 0.2327881 0.3292236 0.1929932 0.397583 0.1884766 0.3968506 0.2352295 0.7541504 -0.4490967 0.6879883 -0.5167236 0.7502441 -0.5196533 0.7541504 -0.4490967 0.6802979 -0.4470215 0.6879883 -0.5167236 0.6755371 -0.3822021 0.6802979 -0.4470215 0.7541504 -0.4490967 0.6755371 -0.3822021 0.6242676 -0.4389648 0.6802979 -0.4470215 0.619751 -0.3666992 0.6242676 -0.4389648 0.6755371 -0.3822021 0.619751 -0.3666992 0.5473633 -0.3621826 0.6242676 -0.4389648 0.6066895 -0.3061523 0.5473633 -0.3621826 0.619751 -0.3666992 0.6066895 -0.3061523 0.545166 -0.2884521 0.5473633 -0.3621826 0.5360107 -0.2340088 0.545166 -0.2884521 0.6066895 -0.3061523 0.5360107 -0.2340088 0.4736328 -0.2841797 0.545166 -0.2884521 0.4683838 -0.234375 0.4736328 -0.2841797 0.5360107 -0.2340088 0.4683838 -0.234375 0.4020996 -0.2319336 0.4736328 -0.2841797 0.4694824 -0.1551514 0.4020996 -0.2319336 0.4683838 -0.234375 0.4694824 -0.1551514 0.4017334 -0.15271 0.4020996 -0.2319336 1.825928 0.237915 1.763916 0.237915 1.772339 0.2038574 1.825928 0.237915 1.811035 0.2617188 1.763916 0.237915 1.857422 0.3007813 1.811035 0.2617188 1.825928 0.237915 1.857422 0.3007813 1.806885 0.3007813 1.811035 0.2617188 1.840942 0.3172607 1.806885 0.3007813 1.857422 0.3007813 1.840942 0.3172607 1.852295 0.355835 1.806885 0.3007813 1.857422 0.3007813 1.852295 0.355835 1.840942 0.3172607 1.857422 0.3007813 1.896484 0.3470459 1.852295 0.355835 1.920166 0.3322754 1.896484 0.3470459 1.857422 0.3007813 1.920166 0.3322754 1.920166 0.394165 1.896484 0.3470459 1.954224 0.3858643 1.920166 0.394165 1.920166 0.3322754 1.954224 0.3858643 1.981201 0.442749 1.920166 0.394165 1.99585 0.3648682 1.981201 0.442749 1.954224 0.3858643 1.99585 0.3648682 2.012939 0.4354248 1.981201 0.442749 -0.1712646 -1.106567 -0.2027588 -1.169312 -0.1523438 -1.125366 -0.1712646 -1.106567 -0.2175292 -1.14563 -0.2027588 -1.169312 -0.2216797 -1.106567 -0.2175292 -1.14563 -0.1712646 -1.106567 -0.2216797 -1.106567 -0.2647705 -1.169312 -0.2175292 -1.14563 -0.2670898 -1.125366 -0.2647705 -1.169312 -0.2216797 -1.106567 -0.2670898 -1.125366 -0.3197021 -1.143799 -0.2647705 -1.169312 -0.2651367 -1.074463 -0.3197021 -1.143799 -0.2670898 -1.125366 -0.2651367 -1.074463 -0.3186035 -1.090454 -0.3197021 -1.143799 -0.3132324 -1.032837 -0.3186035 -1.090454 -0.2651367 -1.074463 -0.3132324 -1.032837 -0.3834229 -1.091675 -0.3186035 -1.090454 -0.3725586 -1.04541 -0.3834229 -1.091675 -0.3132324 -1.032837 -0.3725586 -1.04541 -0.4366455 -1.055054 -0.3834229 -1.091675 -0.3673096 -0.9824219 -0.4366455 -1.055054 -0.3725586 -1.04541 1.850464 1.023438 1.798828 0.9627686 1.861816 0.9614259 1.850464 1.023438 1.796265 1.030151 1.798828 0.9627686 1.785889 1.091187 1.796265 1.030151 1.850464 1.023438 1.785889 1.091187 1.732666 1.03418 1.796265 1.030151 1.72644 1.099609 1.732666 1.03418 1.785889 1.091187 1.72644 1.099609 1.663574 1.109131 1.732666 1.03418 1.71582 1.158325 1.663574 1.109131 1.72644 1.099609 1.71582 1.158325 1.656128 1.17041 1.663574 1.109131 1.648926 1.2229 1.656128 1.17041 1.71582 1.158325 1.648926 1.2229 1.592529 1.18103 1.656128 1.17041 1.588867 1.239014 1.592529 1.18103 1.648926 1.2229 1.588867 1.239014 1.525635 1.252197 1.592529 1.18103 1.587891 1.287964 1.525635 1.252197 1.588867 1.239014 1.743774 0.901001 1.684448 0.8359375 1.754272 0.8347168 1.743774 0.901001 1.680298 0.9056396 1.684448 0.8359375 1.674438 0.9744873 1.680298 0.9056396 1.743774 0.901001 1.674438 0.9744873 1.60437 0.9056396 1.680298 0.9056396 1.603271 0.9775391 1.60437 0.9056396 1.674438 0.9744873 1.603271 0.9775391 1.528564 0.9765625 1.60437 0.9056396 1.602661 1.051758 1.528564 0.9765625 1.603271 0.9775391 1.602661 1.051758 1.528198 1.050049 1.528564 0.9765625 1.528809 1.123291 1.528198 1.050049 1.602661 1.051758 1.528809 1.123291 1.453247 1.047485 1.528198 1.050049 1.45813 1.122314 1.453247 1.047485 1.528809 1.123291 1.45813 1.122314 1.387451 1.116699 1.453247 1.047485 1.459717 1.195557 1.387451 1.116699 1.45813 1.122314 0.6295166 0.9532471 0.7038574 0.8814697 0.6984863 0.9512939 0.6295166 0.9532471 0.6315918 0.8814697 0.7038574 0.8814697 0.5571289 0.883667 0.6315918 0.8814697 0.6295166 0.9532471 0.5571289 0.883667 0.6295166 0.8095703 0.6315918 0.8814697 0.5541992 0.8070068 0.6295166 0.8095703 0.5571289 0.883667 0.5541992 0.8070068 0.5510254 0.7336426 0.6295166 0.8095703 0.4781494 0.7957764 0.5510254 0.7336426 0.5541992 0.8070068 0.4781494 0.7957764 0.4725342 0.723877 0.5510254 0.7336426 0.3912354 0.71875 0.4725342 0.723877 0.4781494 0.7957764 0.3912354 0.71875 0.4747314 0.6589355 0.4725342 0.723877 0.4018555 0.6556396 0.4747314 0.6589355 0.3912354 0.71875 0.4018555 0.6556396 0.4008789 0.5809326 0.4747314 0.6589355 0.3291016 0.6538086 0.4008789 0.5809326 0.4018555 0.6556396 -1.084351 1.893188 -1.017578 1.825439 -1.015259 1.897705 -1.084351 1.893188 -1.09082 1.824219 -1.017578 1.825439 -1.165649 1.823853 -1.09082 1.824219 -1.084351 1.893188 -1.165649 1.823853 -1.092651 1.753418 -1.09082 1.824219 -1.165405 1.753418 -1.092651 1.753418 -1.165649 1.823853 -1.165405 1.753418 -1.163452 1.683716 -1.092651 1.753418 -1.235596 1.753418 -1.163452 1.683716 -1.165405 1.753418 -1.235596 1.753418 -1.233276 1.684937 -1.163452 1.683716 -1.300415 1.685669 -1.233276 1.684937 -1.235596 1.753418 -1.300415 1.685669 -1.228271 1.616577 -1.233276 1.684937 -1.294556 1.61853 -1.228271 1.616577 -1.300415 1.685669 -1.294556 1.61853 -1.285889 1.552856 -1.228271 1.616577 -0.8887939 0.6881104 -0.8140869 0.6142578 -0.8128662 0.6816406 -0.8887939 0.6881104 -0.8902588 0.6142578 -0.8140869 0.6142578 -0.9580078 0.6149902 -0.8902588 0.6142578 -0.8887939 0.6881104 -0.9580078 0.6149902 -0.883667 0.5437012 -0.8902588 0.6142578 -0.956543 0.5440674 -0.883667 0.5437012 -0.9580078 0.6149902 -0.956543 0.5440674 -0.9549561 0.4725342 -0.883667 0.5437012 -1.030884 0.5444336 -0.9549561 0.4725342 -0.956543 0.5440674 -1.030884 0.5444336 -1.026611 0.4747314 -0.9549561 0.4725342 -1.095703 0.477417 -1.026611 0.4747314 -1.030884 0.5444336 -1.095703 0.477417 -1.028687 0.3999023 -1.026611 0.4747314 -1.0979 0.4046631 -1.028687 0.3999023 -1.095703 0.477417 -1.0979 0.4046631 -1.083008 0.3415527 -1.028687 0.3999023 -0.4093018 0.8759766 -0.4488525 0.8280029 -0.3984375 0.8128662 -0.4093018 0.8759766 -0.4521484 0.8997803 -0.4488525 0.8280029 -0.4561768 0.9697266 -0.4521484 0.8997803 -0.4093018 0.8759766 -0.4561768 0.9697266 -0.5252686 0.9024658 -0.4521484 0.8997803 -0.5289307 0.9733887 -0.5252686 0.9024658 -0.4561768 0.9697266 -0.5289307 0.9733887 -0.5871582 0.9719238 -0.5252686 0.9024658 -0.5284424 1.049438 -0.5871582 0.9719238 -0.5289307 0.9733887 -0.5284424 1.049438 -0.5986328 1.051514 -0.5871582 0.9719238 -0.5959473 1.124146 -0.5986328 1.051514 -0.5284424 1.049438 -0.5959473 1.124146 -0.6678467 1.051147 -0.5986328 1.051514 -0.6673584 1.117432 -0.6678467 1.051147 -0.5959473 1.124146 -0.6673584 1.117432 -0.7393799 1.124146 -0.6678467 1.051147 -0.9554443 0.9014893 -0.9007568 0.802002 -0.8934326 0.8881836 -0.9554443 0.9014893 -0.9615479 0.824585 -0.9007568 0.802002 -1.028687 0.8284912 -0.9615479 0.824585 -0.9554443 0.9014893 -1.028687 0.8284912 -0.9609375 0.7598877 -0.9615479 0.824585 -1.034546 0.7576904 -0.9609375 0.7598877 -1.028687 0.8284912 -1.034546 0.7576904 -1.028198 0.6845703 -0.9609375 0.7598877 -1.092529 0.7502441 -1.028198 0.6845703 -1.034546 0.7576904 -1.092529 0.7502441 -1.0979 0.6826172 -1.028198 0.6845703 -1.167969 0.6820068 -1.0979 0.6826172 -1.092529 0.7502441 -1.167969 0.6820068 -1.098145 0.6142578 -1.0979 0.6826172 -1.170288 0.6142578 -1.098145 0.6142578 -1.167969 0.6820068 -1.170288 0.6142578 -1.167969 0.5463867 -1.098145 0.6142578 0.1884766 1.38916 0.2611084 1.314331 0.2630615 1.381714 0.1884766 1.38916 0.1893311 1.310181 0.2611084 1.314331 0.1269531 1.294189 0.1893311 1.310181 0.1884766 1.38916 0.1269531 1.294189 0.2006836 1.220581 0.1893311 1.310181 0.1282958 1.22583 0.2006836 1.220581 0.1269531 1.294189 0.1282958 1.22583 0.1241455 1.157227 0.2006836 1.220581 0.06018066 1.222046 0.1241455 1.157227 0.1282958 1.22583 0.06018066 1.222046 0.05273437 1.157593 0.1241455 1.157227 -0.01098632 1.14978 0.05273437 1.157593 0.06018066 1.222046 -0.01098632 1.14978 0.05737304 1.080933 0.05273437 1.157593 -0.01550292 1.082275 0.05737304 1.080933 -0.01098632 1.14978 -0.01550292 1.082275 -0.02978515 1.019043 0.05737304 1.080933 -0.7388916 0.543335 -0.6665039 0.4677734 -0.6678467 0.5463867 -0.7388916 0.543335 -0.7384033 0.4664307 -0.6665039 0.4677734 -0.8103027 0.4676514 -0.7384033 0.4664307 -0.7388916 0.543335 -0.8103027 0.4676514 -0.7384033 0.3937988 -0.7384033 0.4664307 -0.8092041 0.3942871 -0.7384033 0.3937988 -0.8103027 0.4676514 -0.8092041 0.3942871 -0.8082275 0.3216553 -0.7384033 0.3937988 -0.880127 0.397583 -0.8082275 0.3216553 -0.8092041 0.3942871 -0.880127 0.397583 -0.8818359 0.3179932 -0.8082275 0.3216553 -0.9499512 0.3276367 -0.8818359 0.3179932 -0.880127 0.397583 -0.9499512 0.3276367 -0.8792725 0.2469482 -0.8818359 0.3179932 -0.9455567 0.2596436 -0.8792725 0.2469482 -0.9499512 0.3276367 -0.7990723 1.900024 -0.8709717 1.977905 -0.8709717 1.901367 -0.7990723 1.900024 -0.8001709 1.973389 -0.8709717 1.977905 -0.7293701 1.969727 -0.8001709 1.973389 -0.7990723 1.900024 -0.7293701 1.969727 -0.8011475 2.046021 -0.8001709 1.973389 -0.7319336 2.039307 -0.8011475 2.046021 -0.7293701 1.969727 -0.7319336 2.039307 -0.7342529 2.107666 -0.8011475 2.046021 -0.6566162 2.043823 -0.7342529 2.107666 -0.7319336 2.039307 -0.6566162 2.043823 -0.661377 2.113037 -0.7342529 2.107666 -0.6131592 2.089111 -0.661377 2.113037 -0.6566162 2.043823 -0.6131592 2.089111 -0.6644287 2.180298 -0.661377 2.113037 -0.6046143 2.162964 -0.6644287 2.180298 -0.6131592 2.089111 1.528809 0.4088135 1.600342 0.4837646 1.528076 0.4818115 1.528809 0.4088135 1.595581 0.4165039 1.600342 0.4837646 1.592529 0.3511963 1.595581 0.4165039 1.528809 0.4088135 1.592529 0.3511963 1.651001 0.439209 1.595581 0.4165039 1.647705 0.3737793 1.651001 0.439209 1.592529 0.3511963 1.647705 0.3737793 1.715332 0.3745117 1.651001 0.439209 1.652588 0.302124 1.715332 0.3745117 1.647705 0.3737793 1.652588 0.302124 1.709961 0.3167725 1.715332 0.3745117 1.708984 0.2635498 1.709961 0.3167725 1.652588 0.302124 1.708984 0.2635498 1.763916 0.3322754 1.709961 0.3167725 1.761475 0.2818604 1.763916 0.3322754 1.708984 0.2635498 0.329834 -0.2841797 0.2668457 -0.2336426 0.2679443 -0.3056641 0.329834 -0.2841797 0.3366699 -0.2373047 0.2668457 -0.2336426 0.4020996 -0.2319336 0.3366699 -0.2373047 0.329834 -0.2841797 0.4020996 -0.2319336 0.3339844 -0.1551514 0.3366699 -0.2373047 0.4017334 -0.15271 0.3339844 -0.1551514 0.4020996 -0.2319336 0.4017334 -0.15271 0.4017334 -0.0895996 0.3339844 -0.1551514 0.4694824 -0.1551514 0.4017334 -0.0895996 0.4017334 -0.15271 0.4694824 -0.1551514 0.4689941 -0.09216308 0.4017334 -0.0895996 0.5362549 -0.09558105 0.4689941 -0.09216308 0.4694824 -0.1551514 0.5362549 -0.09558105 0.4688721 -0.02722167 0.4689941 -0.09216308 0.5396729 -0.01782226 0.4688721 -0.02722167 0.5362549 -0.09558105 -0.7293701 1.969727 -0.6566162 2.043823 -0.7319336 2.039307 -0.7293701 1.969727 -0.6589355 1.965088 -0.6566162 2.043823 -0.6575928 1.893311 -0.6589355 1.965088 -0.7293701 1.969727 -0.6575928 1.893311 -0.5805664 1.967773 -0.6589355 1.965088 -0.5870361 1.8927 -0.5805664 1.967773 -0.6575928 1.893311 -0.5870361 1.8927 -0.5042725 1.894531 -0.5805664 1.967773 -0.5837402 1.822266 -0.5042725 1.894531 -0.5870361 1.8927 -0.5837402 1.822266 -0.5214844 1.823486 -0.5042725 1.894531 -0.5113525 1.753418 -0.5214844 1.823486 -0.5837402 1.822266 -0.5113525 1.753418 -0.4522705 1.821655 -0.5214844 1.823486 -0.4390869 1.753418 -0.4522705 1.821655 -0.5113525 1.753418 -0.3356934 1.224121 -0.2915039 1.16748 -0.2769775 1.182251 -0.3356934 1.224121 -0.3568115 1.179932 -0.2915039 1.16748 -0.4150391 1.203247 -0.3568115 1.179932 -0.3356934 1.224121 -0.4150391 1.203247 -0.3656006 1.143677 -0.3568115 1.179932 -0.4204102 1.164185 -0.3656006 1.143677 -0.4150391 1.203247 -0.4204102 1.164185 -0.4213867 1.116699 -0.3656006 1.143677 -0.4777832 1.182129 -0.4213867 1.116699 -0.4204102 1.164185 -0.4777832 1.182129 -0.4786377 1.133179 -0.4213867 1.116699 -0.5465088 1.130981 -0.4786377 1.133179 -0.4777832 1.182129 -0.5465088 1.130981 -0.4841309 1.068726 -0.4786377 1.133179 -0.5374756 1.094849 -0.4841309 1.068726 -0.5465088 1.130981 -1.22583 -0.9645996 -1.185425 -0.8950195 -1.246216 -0.9052734 -1.22583 -0.9645996 -1.186646 -0.9591064 -1.185425 -0.8950195 -1.164795 -1.013062 -1.186646 -0.9591064 -1.22583 -0.9645996 -1.164795 -1.013062 -1.135864 -0.9564209 -1.186646 -0.9591064 -1.120972 -1.010742 -1.135864 -0.9564209 -1.164795 -1.013062 -1.120972 -1.010742 -1.070557 -1.013062 -1.135864 -0.9564209 -1.108765 -1.062012 -1.070557 -1.013062 -1.120972 -1.010742 -1.108765 -1.062012 -1.055664 -1.060181 -1.070557 -1.013062 -1.061523 -1.118652 -1.055664 -1.060181 -1.108765 -1.062012 -1.061523 -1.118652 -1.013306 -1.080688 -1.055664 -1.060181 -1.013062 -1.13623 -1.013306 -1.080688 -1.061523 -1.118652 -0.4360352 -0.2261963 -0.4997559 -0.2838135 -0.4331055 -0.2915039 -0.4360352 -0.2261963 -0.501709 -0.2175292 -0.4997559 -0.2838135 -0.5036621 -0.1580811 -0.501709 -0.2175292 -0.4360352 -0.2261963 -0.5036621 -0.1580811 -0.5695801 -0.2154541 -0.501709 -0.2175292 -0.5700684 -0.1529541 -0.5695801 -0.2154541 -0.5036621 -0.1580811 -0.5700684 -0.1529541 -0.6365967 -0.1461182 -0.5695801 -0.2154541 -0.5710449 -0.1008301 -0.6365967 -0.1461182 -0.5700684 -0.1529541 -0.5710449 -0.1008301 -0.6365967 -0.08825683 -0.6365967 -0.1461182 -0.6365967 -0.03686523 -0.6365967 -0.08825683 -0.5710449 -0.1008301 -0.6365967 -0.03686523 -0.7015381 -0.1114502 -0.6365967 -0.08825683 0.2518311 -0.5111084 0.3215332 -0.4312744 0.25354 -0.4365234 0.2518311 -0.5111084 0.3149414 -0.508667 0.3215332 -0.4312744 0.3205566 -0.583374 0.3149414 -0.508667 0.2518311 -0.5111084 0.3205566 -0.583374 0.3964844 -0.5068359 0.3149414 -0.508667 0.3995361 -0.5848389 0.3964844 -0.5068359 0.3205566 -0.583374 0.3995361 -0.5848389 0.4742432 -0.5838623 0.3964844 -0.5068359 0.3970947 -0.6628418 0.4742432 -0.5838623 0.3995361 -0.5848389 0.3970947 -0.6628418 0.4754639 -0.6605225 0.4742432 -0.5838623 0.4744873 -0.7324219 0.4754639 -0.6605225 0.3970947 -0.6628418 0.4744873 -0.7324219 0.5512695 -0.6591797 0.4754639 -0.6605225 -0.8532715 -0.4993896 -0.7840576 -0.5678711 -0.7808838 -0.4968262 -0.8532715 -0.4993896 -0.8565674 -0.5703125 -0.7840576 -0.5678711 -0.9291992 -0.5712891 -0.8565674 -0.5703125 -0.8532715 -0.4993896 -0.9291992 -0.5712891 -0.8642578 -0.6411133 -0.8565674 -0.5703125 -0.9390869 -0.6411133 -0.8642578 -0.6411133 -0.9291992 -0.5712891 -0.9390869 -0.6411133 -0.9321289 -0.7104492 -0.8642578 -0.6411133 -0.9995117 -0.6412354 -0.9321289 -0.7104492 -0.9390869 -0.6411133 -0.9995117 -0.6412354 -1.015381 -0.7119141 -0.9321289 -0.7104492 -1.055786 -0.7080078 -1.015381 -0.7119141 -0.9995117 -0.6412354 -1.055786 -0.7080078 -1.007568 -0.7830811 -1.015381 -0.7119141 -0.02526855 -0.1055908 0.02087402 -0.04406738 -0.02954101 -0.06542968 -0.02526855 -0.1055908 0.0213623 -0.08618164 0.02087402 -0.04406738 0.02978515 -0.1507568 0.0213623 -0.08618164 -0.02526855 -0.1055908 0.02978515 -0.1507568 0.07543945 -0.06726074 0.0213623 -0.08618164 0.08642578 -0.1390381 0.07543945 -0.06726074 0.02978515 -0.1507568 0.08642578 -0.1390381 0.1411133 -0.1206055 0.07543945 -0.06726074 0.07836914 -0.1929932 0.1411133 -0.1206055 0.08642578 -0.1390381 0.07836914 -0.1929932 0.1375732 -0.1802979 0.1411133 -0.1206055 0.1324463 -0.2432861 0.1375732 -0.1802979 0.07836914 -0.1929932 0.1324463 -0.2432861 0.2011719 -0.1696777 0.1375732 -0.1802979 0.4744873 -0.7324219 0.4017334 -0.8122559 0.4744873 -0.8104248 0.4744873 -0.7324219 0.401001 -0.7331543 0.4017334 -0.8122559 0.3970947 -0.6628418 0.401001 -0.7331543 0.4744873 -0.7324219 0.3970947 -0.6628418 0.3284912 -0.7338867 0.401001 -0.7331543 0.321167 -0.6602783 0.3284912 -0.7338867 0.3970947 -0.6628418 0.321167 -0.6602783 0.2537842 -0.6573486 0.3284912 -0.7338867 0.3205566 -0.583374 0.2537842 -0.6573486 0.321167 -0.6602783 0.3205566 -0.583374 0.2513428 -0.5843506 0.2537842 -0.6573486 0.2518311 -0.5111084 0.2513428 -0.5843506 0.3205566 -0.583374 0.2518311 -0.5111084 0.1740723 -0.5845947 0.2513428 -0.5843506 1.756592 0.7661133 1.684448 0.8359375 1.686401 0.7661133 1.756592 0.7661133 1.754272 0.8347168 1.684448 0.8359375 1.809326 0.8312988 1.754272 0.8347168 1.756592 0.7661133 1.809326 0.8312988 1.743774 0.901001 1.754272 0.8347168 1.803467 0.8968506 1.743774 0.901001 1.809326 0.8312988 1.803467 0.8968506 1.798828 0.9627686 1.743774 0.901001 1.878052 0.8999023 1.798828 0.9627686 1.803467 0.8968506 1.878052 0.8999023 1.861816 0.9614259 1.798828 0.9627686 1.927979 0.965332 1.861816 0.9614259 1.878052 0.8999023 1.927979 0.965332 1.850464 1.023438 1.861816 0.9614259 -0.5057373 -1.113892 -0.4366455 -1.055054 -0.5019531 -1.063599 -0.5057373 -1.113892 -0.4436035 -1.106689 -0.4366455 -1.055054 -0.4388428 -1.174194 -0.4436035 -1.106689 -0.5057373 -1.113892 -0.4388428 -1.174194 -0.3834229 -1.091675 -0.4436035 -1.106689 -0.3769531 -1.160278 -0.3834229 -1.091675 -0.4388428 -1.174194 -0.3769531 -1.160278 -0.3197021 -1.143799 -0.3834229 -1.091675 -0.3760986 -1.209106 -0.3197021 -1.143799 -0.3769531 -1.160278 -0.3760986 -1.209106 -0.3186035 -1.191162 -0.3197021 -1.143799 -0.3132324 -1.230347 -0.3186035 -1.191162 -0.3760986 -1.209106 -0.3132324 -1.230347 -0.2647705 -1.169312 -0.3186035 -1.191162 -1.228271 1.616577 -1.163452 1.683716 -1.233276 1.684937 -1.228271 1.616577 -1.15918 1.614014 -1.163452 1.683716 -1.153442 1.545166 -1.15918 1.614014 -1.228271 1.616577 -1.153442 1.545166 -1.088989 1.610962 -1.15918 1.614014 -1.084229 1.540283 -1.088989 1.610962 -1.153442 1.545166 -1.084229 1.540283 -1.028564 1.524536 -1.088989 1.610962 -1.079224 1.471069 -1.028564 1.524536 -1.084229 1.540283 -1.079224 1.471069 -1.018311 1.4552 -1.028564 1.524536 -1.009033 1.393066 -1.018311 1.4552 -1.079224 1.471069 0.7127686 -0.09204101 0.7664795 -0.06738281 0.7174072 -0.03857421 0.7127686 -0.09204101 0.7712402 -0.1003418 0.7664795 -0.06738281 0.7711182 -0.1536865 0.7712402 -0.1003418 0.7127686 -0.09204101 0.7711182 -0.1536865 0.8218994 -0.112793 0.7712402 -0.1003418 0.8168945 -0.1694336 0.8218994 -0.112793 0.7711182 -0.1536865 0.8168945 -0.1694336 0.878418 -0.1586914 0.8218994 -0.112793 0.8348389 -0.2130126 0.878418 -0.1586914 0.8168945 -0.1694336 0.8348389 -0.2130126 0.9019775 -0.2015381 0.878418 -0.1586914 0.9165039 -0.2602539 0.9019775 -0.2015381 0.8348389 -0.2130126 0.5985107 -0.9849854 0.6710205 -0.9259033 0.6038818 -0.9309082 0.5985107 -0.9849854 0.6640625 -0.9852295 0.6710205 -0.9259033 0.6577148 -1.039795 0.6640625 -0.9852295 0.5985107 -0.9849854 0.6577148 -1.039795 0.7250977 -0.9763184 0.6640625 -0.9852295 0.7197266 -1.033936 0.7250977 -0.9763184 0.6577148 -1.039795 0.7197266 -1.033936 0.7736816 -1.018555 0.7250977 -0.9763184 0.7144775 -1.07959 0.7736816 -1.018555 0.7197266 -1.033936 0.7144775 -1.07959 0.7648926 -1.059326 0.7736816 -1.018555 0.7655029 -1.101929 0.7648926 -1.059326 0.7144775 -1.07959 0.4688721 -1.13501 0.5335693 -1.060669 0.4631348 -1.052979 0.4688721 -1.13501 0.5351563 -1.128174 0.5335693 -1.060669 0.5354004 -1.179321 0.5351563 -1.128174 0.4688721 -1.13501 0.5354004 -1.179321 0.5996094 -1.117676 0.5351563 -1.128174 0.5998535 -1.168091 0.5996094 -1.117676 0.5354004 -1.179321 0.5998535 -1.168091 0.6623535 -1.15271 0.5996094 -1.117676 0.6022949 -1.21106 0.6623535 -1.15271 0.5998535 -1.168091 0.6022949 -1.21106 0.6658936 -1.194214 0.6623535 -1.15271 -0.986084 1.059082 -1.052856 0.9968262 -1.006226 1.025879 -0.986084 1.059082 -1.054443 1.060059 -1.052856 0.9968262 -1.05542 1.116699 -1.054443 1.060059 -0.986084 1.059082 -1.05542 1.116699 -1.110352 1.047974 -1.054443 1.060059 -1.10791 1.098389 -1.110352 1.047974 -1.05542 1.116699 -1.10791 1.098389 -1.15332 1.079468 -1.110352 1.047974 -1.110352 1.142334 -1.15332 1.079468 -1.10791 1.098389 -1.110352 1.142334 -1.157471 1.11853 -1.15332 1.079468 0.5827637 0.4310303 0.5296631 0.4664307 0.5205078 0.4188232 0.5827637 0.4310303 0.5916748 0.4799805 0.5296631 0.4664307 0.6589355 0.4794922 0.5916748 0.4799805 0.5827637 0.4310303 0.6589355 0.4794922 0.5983887 0.5401611 0.5916748 0.4799805 0.65979 0.5506592 0.5983887 0.5401611 0.6589355 0.4794922 0.65979 0.5506592 0.6704102 0.6120605 0.5983887 0.5401611 0.7313232 0.5496826 0.6704102 0.6120605 0.65979 0.5506592 0.7313232 0.5496826 0.7335205 0.6173096 0.6704102 0.6120605 1.920166 1.137939 1.894653 1.083008 1.942017 1.083984 1.920166 1.137939 1.876221 1.13562 1.894653 1.083008 1.857422 1.180908 1.876221 1.13562 1.920166 1.137939 1.857422 1.180908 1.825928 1.137939 1.876221 1.13562 1.811035 1.185059 1.825928 1.137939 1.857422 1.180908 1.811035 1.185059 1.760254 1.196777 1.825928 1.137939 1.819092 1.245117 1.760254 1.196777 1.811035 1.185059 1.819092 1.245117 1.772339 1.264526 1.760254 1.196777 0.3947754 0.3450928 0.461792 0.3990479 0.3961182 0.394165 0.3947754 0.3450928 0.4624023 0.338623 0.461792 0.3990479 0.4627686 0.2867432 0.4624023 0.338623 0.3947754 0.3450928 0.4627686 0.2867432 0.526123 0.3499756 0.4624023 0.338623 0.5272217 0.2979736 0.526123 0.3499756 0.4627686 0.2867432 0.5272217 0.2979736 0.5898438 0.3129883 0.526123 0.3499756 0.5356445 0.2364502 0.5898438 0.3129883 0.5272217 0.2979736 0.5356445 0.2364502 0.6009521 0.2539063 0.5898438 0.3129883 0.9197998 0.9093018 0.9979248 0.8414307 1.001587 0.9162598 0.9197998 0.9093018 0.9162598 0.8436279 0.9979248 0.8414307 0.8502197 0.8363037 0.9162598 0.8436279 0.9197998 0.9093018 0.8502197 0.8363037 0.9219971 0.7658691 0.9162598 0.8436279 0.8555908 0.7670898 0.9219971 0.7658691 0.8502197 0.8363037 0.8555908 0.7670898 0.8637695 0.6953125 0.9219971 0.7658691 0.7736816 0.7662354 0.8637695 0.6953125 0.8555908 0.7670898 0.7736816 0.7662354 0.7753906 0.6970215 0.8637695 0.6953125 1.02002 1.294189 1.065674 1.361572 1.001587 1.342529 1.02002 1.294189 1.073975 1.316162 1.065674 1.361572 1.074951 1.268677 1.073975 1.316162 1.02002 1.294189 1.074951 1.268677 1.131348 1.334106 1.073975 1.316162 1.132202 1.285156 1.131348 1.334106 1.074951 1.268677 1.132202 1.285156 1.196411 1.293213 1.131348 1.334106 1.141479 1.20459 1.196411 1.293213 1.132202 1.285156 1.141479 1.20459 1.200439 1.226929 1.196411 1.293213 1.26001 1.24353 1.200439 1.226929 1.190674 1.180908 1.26001 1.24353 1.196411 1.293213 1.200439 1.226929 1.258545 1.30957 1.196411 1.293213 1.26001 1.24353 1.258545 1.30957 1.258301 1.360718 1.196411 1.293213 1.324829 1.316406 1.258301 1.360718 1.258545 1.30957 1.324829 1.316406 1.324707 1.367798 1.258301 1.360718 1.391968 1.370239 1.324707 1.367798 1.324829 1.316406 1.391968 1.370239 1.324097 1.413208 1.324707 1.367798 -0.3903809 0.7489014 -0.4488525 0.8280029 -0.4539795 0.7561035 -0.3903809 0.7489014 -0.3984375 0.8128662 -0.4488525 0.8280029 -0.3250732 0.8143311 -0.3984375 0.8128662 -0.3903809 0.7489014 -0.3250732 0.8143311 -0.4093018 0.8759766 -0.3984375 0.8128662 -0.3339844 0.8782959 -0.4093018 0.8759766 -0.3250732 0.8143311 -0.3339844 0.8782959 -0.3466797 0.9376221 -0.4093018 0.8759766 -0.2705078 0.8768311 -0.3466797 0.9376221 -0.3339844 0.8782959 -0.2705078 0.8768311 -0.2890625 0.932251 -0.3466797 0.9376221 -0.9455567 1.260742 -0.8779297 1.309204 -0.9473877 1.294922 -0.9455567 1.260742 -0.8740234 1.260498 -0.8779297 1.309204 -0.8720703 1.20874 -0.8740234 1.260498 -0.9455567 1.260742 -0.8720703 1.20874 -0.8062744 1.261719 -0.8740234 1.260498 -0.8056641 1.21582 -0.8062744 1.261719 -0.8720703 1.20874 -0.8056641 1.21582 -0.7384033 1.218262 -0.8062744 1.261719 -0.8027344 1.14502 -0.7384033 1.218262 -0.8056641 1.21582 -0.8027344 1.14502 -0.737793 1.156006 -0.7384033 1.218262 0.05969238 0.5401611 0.1300049 0.46875 0.1271973 0.5356445 0.05969238 0.5401611 0.0649414 0.4770508 0.1300049 0.46875 0.005615234 0.4897461 0.0649414 0.4770508 0.05969238 0.5401611 0.005615234 0.4897461 0.06848144 0.4173584 0.0649414 0.4770508 0.01110839 0.4321289 0.06848144 0.4173584 0.005615234 0.4897461 0.01110839 0.4321289 0.009155273 0.3736572 0.06848144 0.4173584 -0.0427246 0.4475098 0.009155273 0.3736572 0.01110839 0.4321289 -0.0427246 0.4475098 -0.05456542 0.378418 0.009155273 0.3736572 0.1411133 -1.15271 0.2038574 -1.117676 0.1419678 -1.10376 0.1411133 -1.15271 0.2036133 -1.168091 0.2038574 -1.117676 0.2011719 -1.21106 0.2036133 -1.168091 0.1411133 -1.15271 0.2011719 -1.21106 0.2680664 -1.179321 0.2036133 -1.168091 0.2667236 -1.223389 0.2680664 -1.179321 0.2011719 -1.21106 0.2667236 -1.223389 0.3347168 -1.221558 0.2680664 -1.179321 0.2664795 -1.256104 0.3347168 -1.221558 0.2667236 -1.223389 0.2664795 -1.256104 0.3319092 -1.284546 0.3347168 -1.221558 -0.3491211 2.082275 -0.3986816 2.015625 -0.3317871 2.022217 -0.3491211 2.082275 -0.4173584 2.068726 -0.3986816 2.015625 -0.430542 2.12915 -0.4173584 2.068726 -0.3491211 2.082275 -0.430542 2.12915 -0.4932861 2.058105 -0.4173584 2.068726 -0.5054932 2.119995 -0.4932861 2.058105 -0.430542 2.12915 -0.5054932 2.119995 -0.567749 2.134033 -0.4932861 2.058105 -0.4899902 2.19812 -0.567749 2.134033 -0.5054932 2.119995 -0.4899902 2.19812 -0.5460205 2.212891 -0.567749 2.134033 1.733276 0.4968262 1.812012 0.5628662 1.75 0.5570068 1.733276 0.4968262 1.796387 0.5020752 1.812012 0.5628662 1.783691 0.442749 1.796387 0.5020752 1.733276 0.4968262 1.783691 0.442749 1.856079 0.5056152 1.796387 0.5020752 1.841309 0.4481201 1.856079 0.5056152 1.783691 0.442749 1.841309 0.4481201 1.894531 0.4492188 1.856079 0.5056152 1.81958 0.3996582 1.894531 0.4492188 1.841309 0.4481201 1.81958 0.3996582 1.869141 0.4019775 1.894531 0.4492188 0.4641113 0.5310059 0.4008789 0.5809326 0.3961182 0.5294189 0.4641113 0.5310059 0.4725342 0.5852051 0.4008789 0.5809326 0.543335 0.5910645 0.4725342 0.5852051 0.4641113 0.5310059 0.543335 0.5910645 0.4747314 0.6589355 0.4725342 0.5852051 0.5471191 0.6634521 0.4747314 0.6589355 0.543335 0.5910645 0.5471191 0.6634521 0.5510254 0.7336426 0.4747314 0.6589355 0.6193848 0.6671143 0.5510254 0.7336426 0.5471191 0.6634521 0.6193848 0.6671143 0.6253662 0.737915 0.5510254 0.7336426 -0.4372559 -1.262939 -0.4989014 -1.31958 -0.4356689 -1.294189 -0.4372559 -1.262939 -0.5047607 -1.265869 -0.4989014 -1.31958 -0.5098877 -1.203491 -0.5047607 -1.265869 -0.4372559 -1.262939 -0.5098877 -1.203491 -0.5698242 -1.279053 -0.5047607 -1.265869 -0.5717773 -1.235352 -0.5698242 -1.279053 -0.5098877 -1.203491 -0.5717773 -1.235352 -0.6365967 -1.23938 -0.5698242 -1.279053 -0.5697021 -1.190308 -0.6365967 -1.23938 -0.5717773 -1.235352 -0.5697021 -1.190308 -0.6365967 -1.19397 -0.6365967 -1.23938 -1.022461 0.8983154 -0.9554443 0.9014893 -1.015503 0.96521 -1.022461 0.8983154 -1.028687 0.8284912 -0.9554443 0.9014893 -1.071289 0.878418 -1.028687 0.8284912 -1.022461 0.8983154 -1.071289 0.878418 -1.081421 0.8148193 -1.028687 0.8284912 -1.153442 0.8148193 -1.081421 0.8148193 -1.071289 0.878418 -1.153442 0.8148193 -1.092529 0.7502441 -1.081421 0.8148193 -1.162109 0.7491455 -1.092529 0.7502441 -1.153442 0.8148193 -1.162109 0.7491455 -1.167969 0.6820068 -1.092529 0.7502441 0.9937744 0.6990967 1.07666 0.6281738 1.070313 0.7026367 0.9937744 0.6990967 1.000732 0.6290283 1.07666 0.6281738 0.9349365 0.6253662 1.000732 0.6290283 0.9937744 0.6990967 0.9349365 0.6253662 1.000732 0.555542 1.000732 0.6290283 0.9361572 0.5604248 1.000732 0.555542 0.9349365 0.6253662 0.9361572 0.5604248 0.9267578 0.5020752 1.000732 0.555542 0.8563232 0.5654297 0.9267578 0.5020752 0.9361572 0.5604248 0.8563232 0.5654297 0.861084 0.5003662 0.9267578 0.5020752 0.7381592 -0.8500977 0.8157959 -0.7845459 0.7513428 -0.788208 0.7381592 -0.8500977 0.8016357 -0.8458252 0.8157959 -0.7845459 0.793457 -0.9080811 0.8016357 -0.8458252 0.7381592 -0.8500977 0.793457 -0.9080811 0.8653564 -0.8449707 0.8016357 -0.8458252 0.8510742 -0.90271 0.8653564 -0.8449707 0.793457 -0.9080811 0.8510742 -0.90271 0.9044189 -0.9016113 0.8653564 -0.8449707 0.8347168 -0.9555664 0.9044189 -0.9016113 0.8510742 -0.90271 0.8347168 -0.9555664 0.8856201 -0.9538574 0.9044189 -0.9016113 0.9321289 -0.7814941 0.8768311 -0.7141113 0.8602295 -0.7747803 0.9321289 -0.7814941 0.9379883 -0.7159424 0.8768311 -0.7141113 0.987915 -0.7164307 0.9379883 -0.7159424 0.9321289 -0.7814941 0.987915 -0.7164307 0.9476318 -0.651001 0.9379883 -0.7159424 1.00354 -0.6519775 0.9476318 -0.651001 0.987915 -0.7164307 1.00354 -0.6519775 1.005981 -0.5845947 0.9476318 -0.651001 1.047974 -0.6524658 1.005981 -0.5845947 1.00354 -0.6519775 0.1806641 0.9541016 0.1121826 0.8812256 0.1772461 0.8814697 0.1806641 0.9541016 0.1135254 0.9499512 0.1121826 0.8812256 0.1168213 1.019653 0.1135254 0.9499512 0.1806641 0.9541016 0.1168213 1.019653 0.03808593 0.9509277 0.1135254 0.9499512 0.04284667 1.019043 0.03808593 0.9509277 0.1168213 1.019653 0.04284667 1.019043 -0.02978515 1.019043 0.03808593 0.9509277 0.05737304 1.080933 -0.02978515 1.019043 0.04284667 1.019043 0.1334229 0 0.1951904 0.06030273 0.135376 0.03271484 0.1334229 0 0.2037354 -0.002075195 0.1951904 0.06030273 0.2038574 -0.05163574 0.2037354 -0.002075195 0.1334229 0 0.2038574 -0.05163574 0.2681885 0.009033203 0.2037354 -0.002075195 0.2683105 -0.04101562 0.2681885 0.009033203 0.2038574 -0.05163574 0.2683105 -0.04101562 0.3345947 -0.03430175 0.2681885 0.009033203 0.2680664 -0.09851074 0.3345947 -0.03430175 0.2683105 -0.04101562 0.4752197 -0.4266357 0.5473633 -0.3621826 0.4744873 -0.3588867 0.4752197 -0.4266357 0.5511475 -0.4348145 0.5473633 -0.3621826 0.5593262 -0.5047607 0.5511475 -0.4348145 0.4752197 -0.4266357 0.5593262 -0.5047607 0.6242676 -0.4389648 0.5511475 -0.4348145 0.6274414 -0.5118408 0.6242676 -0.4389648 0.5593262 -0.5047607 0.6274414 -0.5118408 0.6879883 -0.5167236 0.6242676 -0.4389648 0.6293945 -0.5845947 0.6879883 -0.5167236 0.6274414 -0.5118408 2.03125 0.7661133 2.078125 0.7661133 2.032715 0.8331299 2.03125 0.7661133 2.038208 0.6983643 2.078125 0.7661133 1.996216 0.7661133 2.038208 0.6983643 2.03125 0.7661133 1.996216 0.7661133 1.993774 0.6988525 2.038208 0.6983643 1.94519 0.6988525 1.993774 0.6988525 1.996216 0.7661133 1.94519 0.6988525 1.995483 0.6306152 1.993774 0.6988525 1.957642 0.6298828 1.995483 0.6306152 1.94519 0.6988525 -0.263916 1.035645 -0.3044434 0.9862061 -0.237793 0.9952393 -0.263916 1.035645 -0.3193359 1.033203 -0.3044434 0.9862061 -0.3234863 1.079468 -0.3193359 1.033203 -0.263916 1.035645 -0.3234863 1.079468 -0.3664551 1.047974 -0.3193359 1.033203 -0.3687744 1.098389 -0.3664551 1.047974 -0.3234863 1.079468 -0.3687744 1.098389 -0.4213867 1.116699 -0.3664551 1.047974 -0.3656006 1.143677 -0.4213867 1.116699 -0.3687744 1.098389 0.2006836 1.220581 0.2611084 1.314331 0.1893311 1.310181 0.2006836 1.220581 0.260376 1.24353 0.2611084 1.314331 0.2608643 1.168701 0.260376 1.24353 0.2006836 1.220581 0.2608643 1.168701 0.3291016 1.245972 0.260376 1.24353 0.3293457 1.165161 0.3291016 1.245972 0.2608643 1.168701 0.3293457 1.165161 0.3968506 1.162109 0.3291016 1.245972 0.3294678 1.106812 0.3968506 1.162109 0.3293457 1.165161 0.2658691 -0.7946777 0.1962891 -0.8631592 0.2650146 -0.8684082 0.2658691 -0.7946777 0.1929932 -0.793335 0.1962891 -0.8631592 0.1928711 -0.7218018 0.1929932 -0.793335 0.2658691 -0.7946777 0.1928711 -0.7218018 0.1192627 -0.7929688 0.1929932 -0.793335 0.1173096 -0.722168 0.1192627 -0.7929688 0.1928711 -0.7218018 0.1173096 -0.722168 0.04443359 -0.7214355 0.1192627 -0.7929688 0.1140137 -0.6525879 0.04443359 -0.7214355 0.1173096 -0.722168 0.9697266 -0.8452148 0.9044189 -0.9016113 0.9517822 -0.90271 0.9697266 -0.8452148 0.9208984 -0.8443604 0.9044189 -0.9016113 0.9321289 -0.7814941 0.9208984 -0.8443604 0.9697266 -0.8452148 0.9321289 -0.7814941 0.8653564 -0.8449707 0.9208984 -0.8443604 0.8602295 -0.7747803 0.8653564 -0.8449707 0.9321289 -0.7814941 0.8602295 -0.7747803 0.8157959 -0.7845459 0.8653564 -0.8449707 0.8768311 -0.7141113 0.8157959 -0.7845459 0.8602295 -0.7747803 -0.3132324 -1.032837 -0.3673096 -0.9824219 -0.3725586 -1.04541 -0.3132324 -1.032837 -0.3084717 -0.9692384 -0.3673096 -0.9824219 -0.2490234 -0.9595947 -0.3084717 -0.9692384 -0.3132324 -1.032837 -0.2490234 -0.9595947 -0.3027344 -0.904541 -0.3084717 -0.9692384 -0.2409667 -0.8946533 -0.3027344 -0.904541 -0.2490234 -0.9595947 -0.2409667 -0.8946533 -0.2202148 -0.8326416 -0.3027344 -0.904541 -0.166748 -0.90271 -0.2202148 -0.8326416 -0.2409667 -0.8946533 0.7144775 -1.07959 0.6623535 -1.15271 0.7197266 -1.134644 0.7144775 -1.07959 0.6568604 -1.095337 0.6623535 -1.15271 0.6577148 -1.039795 0.6568604 -1.095337 0.7144775 -1.07959 0.6577148 -1.039795 0.5996094 -1.117676 0.6568604 -1.095337 0.5993652 -1.059814 0.5996094 -1.117676 0.6577148 -1.039795 0.5993652 -1.059814 0.5335693 -1.060669 0.5996094 -1.117676 0.5985107 -0.9849854 0.5335693 -1.060669 0.5993652 -1.059814 0.1168213 1.019653 0.05737304 1.080933 0.04284667 1.019043 0.1168213 1.019653 0.1191406 1.091675 0.05737304 1.080933 0.1900635 1.094604 0.1191406 1.091675 0.1168213 1.019653 0.1900635 1.094604 0.1241455 1.157227 0.1191406 1.091675 0.1872559 1.174805 0.1241455 1.157227 0.1900635 1.094604 0.1872559 1.174805 0.2006836 1.220581 0.1241455 1.157227 0.2608643 1.168701 0.2006836 1.220581 0.1872559 1.174805 -0.7720947 0.001586914 -0.7044678 0.005126953 -0.7747803 0.03955078 -0.7720947 0.001586914 -0.7709961 -0.0349121 -0.7044678 0.005126953 -0.8425293 0.008666992 -0.7709961 -0.0349121 -0.7720947 0.001586914 -0.8425293 0.008666992 -0.8411865 -0.03881835 -0.7709961 -0.0349121 -0.894043 -0.07421875 -0.8411865 -0.03881835 -0.8425293 0.008666992 -0.894043 -0.07421875 -0.833252 -0.1075439 -0.8411865 -0.03881835 -0.8791504 -0.1593018 -0.833252 -0.1075439 -0.894043 -0.07421875 -0.9429932 1.600586 -1.028564 1.524536 -0.940918 1.526611 -0.9429932 1.600586 -1.026245 1.604858 -1.028564 1.524536 -1.021362 1.681519 -1.026245 1.604858 -0.9429932 1.600586 -1.021362 1.681519 -1.088989 1.610962 -1.026245 1.604858 -1.09082 1.682739 -1.088989 1.610962 -1.021362 1.681519 -1.09082 1.682739 -1.163452 1.683716 -1.088989 1.610962 -1.092651 1.753418 -1.163452 1.683716 -1.09082 1.682739 1.008301 -0.9174805 0.9517822 -0.90271 0.9116211 -0.9366455 1.008301 -0.9174805 0.9697266 -0.8452148 0.9517822 -0.90271 1.029297 -0.8564453 0.9697266 -0.8452148 1.008301 -0.9174805 1.029297 -0.8564453 1.028198 -0.7851563 0.9697266 -0.8452148 1.052612 -0.8572998 1.028198 -0.7851563 1.029297 -0.8564453 1.052612 -0.8572998 1.083984 -0.7941895 1.028198 -0.7851563 1.194092 0.2331542 1.131348 0.1981201 1.191528 0.1762695 1.194092 0.2331542 1.132202 0.2470703 1.131348 0.1981201 1.139282 0.3289795 1.132202 0.2470703 1.194092 0.2331542 1.139282 0.3289795 1.074951 0.2635498 1.132202 0.2470703 1.084961 0.3425293 1.074951 0.2635498 1.139282 0.3289795 1.084961 0.3425293 1.031738 0.3497314 1.074951 0.2635498 -1.02832 -0.317749 -1.095093 -0.3837891 -1.041016 -0.3769531 -1.02832 -0.317749 -1.085938 -0.3231201 -1.095093 -0.3837891 -1.070557 -0.269165 -1.085938 -0.3231201 -1.02832 -0.317749 -1.070557 -0.269165 -1.139282 -0.3240967 -1.085938 -0.3231201 -1.137207 -0.2601318 -1.139282 -0.3240967 -1.070557 -0.269165 -1.137207 -0.2601318 -1.164795 -0.269165 -1.139282 -0.3240967 0.1269531 1.294189 0.06018066 1.222046 0.1282958 1.22583 0.1269531 1.294189 0.06811523 1.281006 0.06018066 1.222046 0.06848144 1.345337 0.06811523 1.281006 0.1269531 1.294189 0.06848144 1.345337 0.01318359 1.26355 0.06811523 1.281006 0.01110839 1.330688 0.01318359 1.26355 0.06848144 1.345337 0.01110839 1.330688 -0.0427246 1.315186 0.01318359 1.26355 1.52417 1.344482 1.459106 1.316406 1.523804 1.30249 1.52417 1.344482 1.45813 1.359253 1.459106 1.316406 1.460083 1.394043 1.45813 1.359253 1.52417 1.344482 1.460083 1.394043 1.391968 1.370239 1.45813 1.359253 1.391968 1.414673 1.391968 1.370239 1.460083 1.394043 1.391968 1.414673 1.324097 1.413208 1.391968 1.370239 -0.8720703 1.20874 -0.8027344 1.14502 -0.8056641 1.21582 -0.8720703 1.20874 -0.8688965 1.143311 -0.8027344 1.14502 -0.9318848 1.136353 -0.8688965 1.143311 -0.8720703 1.20874 -0.9318848 1.136353 -0.8741455 1.103638 -0.8688965 1.143311 -0.9316406 1.083496 -0.8741455 1.103638 -0.9318848 1.136353 -0.9316406 1.083496 -0.9466553 1.043945 -0.8741455 1.103638 0.1192627 -0.7929688 0.1962891 -0.8631592 0.1929932 -0.793335 0.1192627 -0.7929688 0.1254883 -0.8609619 0.1962891 -0.8631592 0.0604248 -0.8540039 0.1254883 -0.8609619 0.1192627 -0.7929688 0.0604248 -0.8540039 0.1324463 -0.9259033 0.1254883 -0.8609619 0.07092285 -0.9154053 0.1324463 -0.9259033 0.0604248 -0.8540039 0.07092285 -0.9154053 0.069458 -0.9859619 0.1324463 -0.9259033 -0.9318848 1.136353 -0.986084 1.059082 -0.9316406 1.083496 -0.9318848 1.136353 -0.9962158 1.129517 -0.986084 1.059082 -0.9990234 1.182129 -0.9962158 1.129517 -0.9318848 1.136353 -0.9990234 1.182129 -1.05542 1.116699 -0.9962158 1.129517 -1.056396 1.164185 -1.05542 1.116699 -0.9990234 1.182129 -1.056396 1.164185 -1.110352 1.142334 -1.05542 1.116699 1.959961 1.026611 1.894653 1.083008 1.911133 1.025757 1.959961 1.026611 1.942017 1.083984 1.894653 1.083008 1.981201 1.089478 1.942017 1.083984 1.959961 1.026611 1.981201 1.089478 1.920166 1.137939 1.942017 1.083984 1.954224 1.146362 1.920166 1.137939 1.981201 1.089478 1.954224 1.146362 1.920166 1.199951 1.920166 1.137939 -1.140259 2.094727 -1.079224 2.035889 -1.074585 2.103149 -1.140259 2.094727 -1.147217 2.029785 -1.079224 2.035889 -1.21228 2.022827 -1.147217 2.029785 -1.140259 2.094727 -1.21228 2.022827 -1.153442 1.961792 -1.147217 2.029785 -1.229126 1.962402 -1.153442 1.961792 -1.21228 2.022827 -1.229126 1.962402 -1.236328 1.892944 -1.153442 1.961792 0.9770509 1.231445 1.02002 1.294189 0.970459 1.272949 0.9770509 1.231445 1.022461 1.250366 1.02002 1.294189 1.031128 1.188843 1.022461 1.250366 0.9770509 1.231445 1.031128 1.188843 1.074951 1.268677 1.022461 1.250366 1.084839 1.196533 1.074951 1.268677 1.031128 1.188843 1.084839 1.196533 1.141479 1.20459 1.074951 1.268677 -0.7384033 1.218262 -0.6706543 1.260254 -0.7384033 1.262817 -0.7384033 1.218262 -0.6711426 1.21582 -0.6706543 1.260254 -0.6734619 1.146362 -0.6711426 1.21582 -0.7384033 1.218262 -0.6734619 1.146362 -0.6047363 1.20874 -0.6711426 1.21582 -0.6083984 1.144165 -0.6047363 1.20874 -0.6734619 1.146362 -0.6083984 1.144165 -0.5465088 1.130981 -0.6047363 1.20874 1.856079 0.5056152 1.812012 0.5628662 1.796387 0.5020752 1.856079 0.5056152 1.884399 0.5605469 1.812012 0.5628662 1.936157 0.564209 1.884399 0.5605469 1.856079 0.5056152 1.936157 0.564209 1.878052 0.6324463 1.884399 0.5605469 1.957642 0.6298828 1.878052 0.6324463 1.936157 0.564209 1.957642 0.6298828 1.94519 0.6988525 1.878052 0.6324463 -1.153442 1.545166 -1.079224 1.471069 -1.084229 1.540283 -1.153442 1.545166 -1.148682 1.47583 -1.079224 1.471069 -1.212891 1.483643 -1.148682 1.47583 -1.153442 1.545166 -1.212891 1.483643 -1.143311 1.408569 -1.148682 1.47583 -1.208496 1.416504 -1.143311 1.408569 -1.212891 1.483643 -1.208496 1.416504 -1.206543 1.35083 -1.143311 1.408569 1.453491 0.480957 1.388794 0.4163818 1.458008 0.40979 1.453491 0.480957 1.387573 0.4769287 1.388794 0.4163818 1.391113 0.5397949 1.387573 0.4769287 1.453491 0.480957 1.391113 0.5397949 1.31958 0.4642334 1.387573 0.4769287 1.316772 0.5419922 1.31958 0.4642334 1.391113 0.5397949 1.316772 0.5419922 1.265503 0.5449219 1.31958 0.4642334 0.7994385 -0.2557373 0.7283936 -0.1885986 0.7329102 -0.253418 0.7994385 -0.2557373 0.7838135 -0.2023926 0.7283936 -0.1885986 0.8348389 -0.2130126 0.7838135 -0.2023926 0.7994385 -0.2557373 0.8348389 -0.2130126 0.7711182 -0.1536865 0.7838135 -0.2023926 0.8168945 -0.1694336 0.7711182 -0.1536865 0.8348389 -0.2130126 -0.9536134 -1.143799 -0.8972168 -1.209106 -0.8963623 -1.160278 -0.9536134 -1.143799 -0.9545898 -1.191162 -0.8972168 -1.209106 -1.008545 -1.169312 -0.9545898 -1.191162 -0.9536134 -1.143799 -1.008545 -1.169312 -0.960083 -1.230347 -0.9545898 -1.191162 -1.016968 -1.203369 -0.960083 -1.230347 -1.008545 -1.169312 -0.2490234 -0.9595947 -0.166748 -0.90271 -0.2409667 -0.8946533 -0.2490234 -0.9595947 -0.1861572 -0.9520264 -0.166748 -0.90271 -0.2072754 -1.00647 -0.1861572 -0.9520264 -0.2490234 -0.9595947 -0.2072754 -1.00647 -0.1257324 -0.9616699 -0.1861572 -0.9520264 -0.1531982 -1.00293 -0.1257324 -0.9616699 -0.2072754 -1.00647 0.9958496 0.9793701 0.9193115 1.029907 0.928833 0.9677734 0.9958496 0.9793701 0.9949951 1.029663 0.9193115 1.029907 1.061401 1.039795 0.9949951 1.029663 0.9958496 0.9793701 1.061401 1.039795 0.989624 1.098999 0.9949951 1.029663 1.056763 1.101929 0.989624 1.098999 1.061401 1.039795 -0.8830566 0.9667969 -0.9466553 1.043945 -0.9484863 0.9741211 -0.8830566 0.9667969 -0.8780518 1.047852 -0.9466553 1.043945 -0.8092041 1.051636 -0.8780518 1.047852 -0.8830566 0.9667969 -0.8092041 1.051636 -0.8741455 1.103638 -0.8780518 1.047852 -0.8082275 1.120605 -0.8741455 1.103638 -0.8092041 1.051636 -1.265259 2.07959 -1.30481 2.125366 -1.320313 2.071411 -1.265259 2.07959 -1.245605 2.128052 -1.30481 2.125366 -1.188477 2.138184 -1.245605 2.128052 -1.265259 2.07959 -1.188477 2.138184 -1.235718 2.178711 -1.245605 2.128052 -1.186646 2.199585 -1.235718 2.178711 -1.188477 2.138184 -0.9420166 2.050171 -1.007813 2.110718 -1.010498 2.041992 -0.9420166 2.050171 -0.9394531 2.115723 -1.007813 2.110718 -0.8709717 2.118164 -0.9394531 2.115723 -0.9420166 2.050171 -0.8709717 2.118164 -0.9387207 2.182983 -0.9394531 2.115723 -0.8709717 2.184937 -0.9387207 2.182983 -0.8709717 2.118164 1.391968 0.2711182 1.459717 0.3366699 1.391479 0.3413086 1.391968 0.2711182 1.459229 0.2736816 1.459717 0.3366699 1.459106 0.2158203 1.459229 0.2736816 1.391968 0.2711182 1.459106 0.2158203 1.526978 0.276123 1.459229 0.2736816 1.522095 0.2366943 1.526978 0.276123 1.459106 0.2158203 -0.2202148 -0.8326416 -0.1379395 -0.7785645 -0.2064208 -0.7750244 -0.2202148 -0.8326416 -0.1463623 -0.8450928 -0.1379395 -0.7785645 -0.166748 -0.90271 -0.1463623 -0.8450928 -0.2202148 -0.8326416 -0.166748 -0.90271 -0.1057129 -0.8419189 -0.1463623 -0.8450928 -0.105835 -0.9068604 -0.1057129 -0.8419189 -0.166748 -0.90271 0.7441406 1.081909 0.6834717 1.016479 0.7526855 1.016235 0.7441406 1.081909 0.6787109 1.084839 0.6834717 1.016479 0.6704102 1.150635 0.6787109 1.084839 0.7441406 1.081909 0.6704102 1.150635 0.6087646 1.087524 0.6787109 1.084839 0.6032715 1.155396 0.6087646 1.087524 0.6704102 1.150635 -0.6379395 -0.8621826 -0.5667725 -0.9294434 -0.5672607 -0.8540039 -0.6379395 -0.8621826 -0.6390381 -0.9241943 -0.5667725 -0.9294434 -0.7071533 -0.9344482 -0.6390381 -0.9241943 -0.6379395 -0.8621826 -0.7071533 -0.9344482 -0.6369629 -1.001953 -0.6390381 -0.9241943 -0.7052002 -1.003418 -0.6369629 -1.001953 -0.7071533 -0.9344482 -1.009033 1.393066 -1.076904 1.327026 -1.006348 1.327515 -1.009033 1.393066 -1.074585 1.403809 -1.076904 1.327026 -1.079224 1.471069 -1.074585 1.403809 -1.009033 1.393066 -1.079224 1.471069 -1.143311 1.408569 -1.074585 1.403809 -1.148682 1.47583 -1.143311 1.408569 -1.079224 1.471069 -1.014771 0.3387451 -1.028687 0.3999023 -1.083008 0.3415527 -1.014771 0.3387451 -0.9499512 0.3276367 -1.028687 0.3999023 -1.007813 0.2719727 -0.9499512 0.3276367 -1.014771 0.3387451 -1.007813 0.2719727 -0.9455567 0.2596436 -0.9499512 0.3276367 -0.9449463 0.1873779 -0.9455567 0.2596436 -1.007813 0.2719727 -0.7766113 -0.8581543 -0.8463135 -0.7772217 -0.8466797 -0.8557129 -0.7766113 -0.8581543 -0.770874 -0.7814941 -0.8463135 -0.7772217 -0.7086182 -0.793335 -0.770874 -0.7814941 -0.7766113 -0.8581543 -0.7086182 -0.793335 -0.7784424 -0.7097168 -0.770874 -0.7814941 -0.7104492 -0.7158203 -0.7784424 -0.7097168 -0.7086182 -0.793335 0.0604248 -0.3153076 -0.002563476 -0.3205566 -0.01318359 -0.3840332 0.0604248 -0.3153076 0.01000976 -0.2612305 -0.002563476 -0.3205566 0.07092285 -0.2539063 0.01000976 -0.2612305 0.0604248 -0.3153076 0.07092285 -0.2539063 0.07836914 -0.1929932 0.01000976 -0.2612305 0.1324463 -0.2432861 0.07836914 -0.1929932 0.07092285 -0.2539063 -0.3986816 2.015625 -0.4449463 1.959473 -0.3790283 1.957642 -0.3986816 2.015625 -0.4807129 1.996826 -0.4449463 1.959473 -0.4932861 2.058105 -0.4807129 1.996826 -0.3986816 2.015625 -0.4932861 2.058105 -0.543457 2.010254 -0.4807129 1.996826 -0.5618896 2.068726 -0.543457 2.010254 -0.4932861 2.058105 0.4736328 -0.2841797 0.5473633 -0.3621826 0.545166 -0.2884521 0.4736328 -0.2841797 0.4744873 -0.3588867 0.5473633 -0.3621826 0.4017334 -0.3570557 0.4744873 -0.3588867 0.4736328 -0.2841797 0.4017334 -0.3570557 0.4752197 -0.4266357 0.4744873 -0.3588867 0.3970947 -0.4255371 0.4752197 -0.4266357 0.4017334 -0.3570557 0.03833007 0.8120117 -0.02807617 0.7446289 0.0427246 0.7435303 0.03833007 0.8120117 -0.03125 0.8132324 -0.02807617 0.7446289 -0.03271484 0.8812256 -0.03125 0.8132324 0.03833007 0.8120117 -0.03271484 0.8812256 -0.1003418 0.8135986 -0.03125 0.8132324 -0.1026611 0.8814697 -0.1003418 0.8135986 -0.03271484 0.8812256 -0.2216797 -1.106567 -0.2651367 -1.074463 -0.2670898 -1.125366 -0.2216797 -1.106567 -0.2207031 -1.056519 -0.2651367 -1.074463 -0.1748047 -1.053589 -0.2207031 -1.056519 -0.2216797 -1.106567 -0.1748047 -1.053589 -0.2072754 -1.00647 -0.2207031 -1.056519 -0.1531982 -1.00293 -0.2072754 -1.00647 -0.1748047 -1.053589 0.2038574 -0.05163574 0.2680664 -0.09851074 0.2683105 -0.04101562 0.2038574 -0.05163574 0.2036133 -0.1082764 0.2680664 -0.09851074 0.1411133 -0.1206055 0.2036133 -0.1082764 0.2038574 -0.05163574 0.1411133 -0.1206055 0.2011719 -0.1696777 0.2036133 -0.1082764 0.1375732 -0.1802979 0.2011719 -0.1696777 0.1411133 -0.1206055 -0.6491699 1.753418 -0.7243652 1.825439 -0.7230225 1.753418 -0.6491699 1.753418 -0.651001 1.824219 -0.7243652 1.825439 -0.5837402 1.822266 -0.651001 1.824219 -0.6491699 1.753418 -0.5837402 1.822266 -0.6575928 1.893311 -0.651001 1.824219 -0.5870361 1.8927 -0.6575928 1.893311 -0.5837402 1.822266 -0.5770264 0.8078613 -0.5153809 0.7613525 -0.5181885 0.8291016 -0.5770264 0.8078613 -0.5817871 0.7409668 -0.5153809 0.7613525 -0.6607666 0.7285156 -0.5817871 0.7409668 -0.5770264 0.8078613 -0.6607666 0.7285156 -0.5878906 0.6881104 -0.5817871 0.7409668 -0.6636963 0.6828613 -0.5878906 0.6881104 -0.6607666 0.7285156 -0.2866211 -0.5080566 -0.2235107 -0.4447021 -0.2884521 -0.4388428 -0.2866211 -0.5080566 -0.2120361 -0.5078125 -0.2235107 -0.4447021 -0.1983643 -0.5727539 -0.2120361 -0.5078125 -0.2866211 -0.5080566 -0.1983643 -0.5727539 -0.1411133 -0.5045166 -0.2120361 -0.5078125 -0.133667 -0.5720215 -0.1411133 -0.5045166 -0.1983643 -0.5727539 0.2613525 0.4519043 0.1954346 0.5317383 0.1961669 0.4637451 0.2613525 0.4519043 0.2640381 0.5272217 0.1954346 0.5317383 0.3303223 0.529541 0.2640381 0.5272217 0.2613525 0.4519043 0.3303223 0.529541 0.2608643 0.5917969 0.2640381 0.5272217 0.3297119 0.5825195 0.2608643 0.5917969 0.3303223 0.529541 1.39209 0.6906738 1.462891 0.6179199 1.466553 0.6915283 1.39209 0.6906738 1.391968 0.6143799 1.462891 0.6179199 1.331787 0.6170654 1.391968 0.6143799 1.39209 0.6906738 1.331787 0.6170654 1.391113 0.5397949 1.391968 0.6143799 1.316772 0.5419922 1.391113 0.5397949 1.331787 0.6170654 -0.5113525 1.753418 -0.4407959 1.685547 -0.4390869 1.753418 -0.5113525 1.753418 -0.508667 1.684937 -0.4407959 1.685547 -0.5783691 1.683716 -0.508667 1.684937 -0.5113525 1.753418 -0.5783691 1.683716 -0.513916 1.616821 -0.508667 1.684937 -0.5826416 1.614014 -0.513916 1.616821 -0.5783691 1.683716 -0.3664551 1.047974 -0.4274902 0.9934082 -0.3580322 0.9945068 -0.3664551 1.047974 -0.4249268 1.057373 -0.4274902 0.9934082 -0.4213867 1.116699 -0.4249268 1.057373 -0.3664551 1.047974 -0.4213867 1.116699 -0.4841309 1.068726 -0.4249268 1.057373 -0.4786377 1.133179 -0.4841309 1.068726 -0.4213867 1.116699 -0.2952881 -0.3718262 -0.2235107 -0.4447021 -0.2410889 -0.3842773 -0.2952881 -0.3718262 -0.2884521 -0.4388428 -0.2235107 -0.4447021 -0.354248 -0.4328613 -0.2884521 -0.4388428 -0.2952881 -0.3718262 -0.354248 -0.4328613 -0.2866211 -0.5080566 -0.2884521 -0.4388428 -0.3483887 -0.501709 -0.2866211 -0.5080566 -0.354248 -0.4328613 -0.4539795 0.6846924 -0.3737793 0.6142578 -0.3818359 0.6821289 -0.4539795 0.6846924 -0.4534912 0.6138916 -0.3737793 0.6142578 -0.5202637 0.6159668 -0.4534912 0.6138916 -0.4539795 0.6846924 -0.5202637 0.6159668 -0.4475098 0.5444336 -0.4534912 0.6138916 -0.5244141 0.5455322 -0.4475098 0.5444336 -0.5202637 0.6159668 0.1740723 -0.5845947 0.2537842 -0.6573486 0.2513428 -0.5843506 0.1740723 -0.5845947 0.1844482 -0.6535645 0.2537842 -0.6573486 0.1140137 -0.6525879 0.1844482 -0.6535645 0.1740723 -0.5845947 0.1140137 -0.6525879 0.1928711 -0.7218018 0.1844482 -0.6535645 0.1173096 -0.722168 0.1928711 -0.7218018 0.1140137 -0.6525879 -0.2216797 -0.1756592 -0.1712646 -0.1756592 -0.21521 -0.1341553 -0.2216797 -0.1756592 -0.1877441 -0.1921387 -0.1712646 -0.1756592 -0.1772461 -0.2329102 -0.1877441 -0.1921387 -0.2216797 -0.1756592 -0.1772461 -0.2329102 -0.1712646 -0.1756592 -0.1877441 -0.1921387 -0.1378174 -0.2249756 -0.1712646 -0.1756592 -0.1772461 -0.2329102 -1.070557 -0.269165 -1.111816 -0.2196045 -1.137207 -0.2601318 -1.070557 -0.269165 -1.064941 -0.215332 -1.111816 -0.2196045 -1.018555 -0.1999512 -1.064941 -0.215332 -1.070557 -0.269165 -1.018555 -0.1999512 -1.078247 -0.1547852 -1.064941 -0.215332 -1.027466 -0.1329346 -1.078247 -0.1547852 -1.018555 -0.1999512 -1.110352 1.047974 -1.052856 0.9968262 -1.054443 1.060059 -1.110352 1.047974 -1.118774 0.9945068 -1.052856 0.9968262 -1.172363 0.9862061 -1.118774 0.9945068 -1.110352 1.047974 -1.172363 0.9862061 -1.130127 0.9376221 -1.118774 0.9945068 -1.190063 0.9338379 -1.130127 0.9376221 -1.172363 0.9862061 1.819092 1.245117 1.871094 1.245117 1.823364 1.285278 1.819092 1.245117 1.853149 1.220825 1.871094 1.245117 1.857422 1.180908 1.853149 1.220825 1.819092 1.245117 1.857422 1.180908 1.871094 1.245117 1.853149 1.220825 1.896484 1.185059 1.871094 1.245117 1.857422 1.180908 1.652588 0.1981201 1.595337 0.1239014 1.663696 0.1387939 1.652588 0.1981201 1.590088 0.1827393 1.595337 0.1239014 1.588257 0.2373047 1.590088 0.1827393 1.652588 0.1981201 1.588257 0.2373047 1.522461 0.1882324 1.590088 0.1827393 1.522095 0.2366943 1.522461 0.1882324 1.588257 0.2373047 0.9295654 0.3536377 0.9650879 0.4016113 0.9134521 0.4042969 0.9295654 0.3536377 0.9869385 0.3618164 0.9650879 0.4016113 0.9770509 0.3007813 0.9869385 0.3618164 0.9295654 0.3536377 0.9770509 0.3007813 1.031738 0.3497314 0.9869385 0.3618164 1.022461 0.2818604 1.031738 0.3497314 0.9770509 0.3007813 0.1801758 -0.4395752 0.1158447 -0.5158691 0.1759033 -0.5118408 0.1801758 -0.4395752 0.1165771 -0.4466553 0.1158447 -0.5158691 0.1192627 -0.3763428 0.1165771 -0.4466553 0.1801758 -0.4395752 0.1192627 -0.3763428 0.04443359 -0.447876 0.1165771 -0.4466553 0.05200195 -0.3811035 0.04443359 -0.447876 0.1192627 -0.3763428 0.3968506 0.4519043 0.461792 0.3990479 0.4639893 0.4577637 0.3968506 0.4519043 0.3961182 0.394165 0.461792 0.3990479 0.3288574 0.3917236 0.3961182 0.394165 0.3968506 0.4519043 0.3288574 0.3917236 0.3947754 0.3450928 0.3961182 0.394165 0.328125 0.3496094 0.3947754 0.3450928 0.3288574 0.3917236 -1.066162 -0.5733643 -0.9938965 -0.5042725 -1.060303 -0.5062256 -1.066162 -0.5733643 -0.9953613 -0.5734863 -0.9938965 -0.5042725 -0.9995117 -0.6412354 -0.9953613 -0.5734863 -1.066162 -0.5733643 -0.9995117 -0.6412354 -0.9291992 -0.5712891 -0.9953613 -0.5734863 -0.9390869 -0.6411133 -0.9291992 -0.5712891 -0.9995117 -0.6412354 -1.098145 0.6142578 -1.028198 0.6845703 -1.0979 0.6826172 -1.098145 0.6142578 -1.030518 0.614502 -1.028198 0.6845703 -1.030884 0.5444336 -1.030518 0.614502 -1.098145 0.6142578 -1.030884 0.5444336 -0.9580078 0.6149902 -1.030518 0.614502 -0.956543 0.5440674 -0.9580078 0.6149902 -1.030884 0.5444336 -0.7015381 -0.1114502 -0.7709961 -0.0349121 -0.7698975 -0.09082031 -0.7015381 -0.1114502 -0.7039795 -0.03930664 -0.7709961 -0.0349121 -0.6365967 -0.03686523 -0.7039795 -0.03930664 -0.7015381 -0.1114502 -0.6365967 -0.03686523 -0.7044678 0.005126953 -0.7039795 -0.03930664 -0.6365967 0.007568359 -0.7044678 0.005126953 -0.6365967 -0.03686523 0.3294678 1.106812 0.2537842 1.033569 0.3291016 1.033203 0.3294678 1.106812 0.260498 1.095947 0.2537842 1.033569 0.2608643 1.168701 0.260498 1.095947 0.3294678 1.106812 0.2608643 1.168701 0.1900635 1.094604 0.260498 1.095947 0.1872559 1.174805 0.1900635 1.094604 0.2608643 1.168701 1.763916 0.3322754 1.715332 0.3745117 1.709961 0.3167725 1.763916 0.3322754 1.772339 0.3858643 1.715332 0.3745117 1.81958 0.3996582 1.772339 0.3858643 1.763916 0.3322754 1.81958 0.3996582 1.783691 0.442749 1.772339 0.3858643 1.841309 0.4481201 1.783691 0.442749 1.81958 0.3996582 1.592529 0.3511963 1.652588 0.302124 1.647705 0.3737793 1.592529 0.3511963 1.587769 0.2940674 1.652588 0.302124 1.526978 0.276123 1.587769 0.2940674 1.592529 0.3511963 1.526978 0.276123 1.588257 0.2373047 1.587769 0.2940674 1.522095 0.2366943 1.588257 0.2373047 1.526978 0.276123 0.9349365 0.6253662 0.8563232 0.5654297 0.9361572 0.5604248 0.9349365 0.6253662 0.8623047 0.6290283 0.8563232 0.5654297 0.8637695 0.6953125 0.8623047 0.6290283 0.9349365 0.6253662 0.8637695 0.6953125 0.7814941 0.6286621 0.8623047 0.6290283 0.7753906 0.6970215 0.7814941 0.6286621 0.8637695 0.6953125 -0.7354736 0.8118896 -0.8079834 0.8886719 -0.8121338 0.8084717 -0.7354736 0.8118896 -0.7347412 0.8887939 -0.8079834 0.8886719 -0.6601563 0.8885498 -0.7347412 0.8887939 -0.7354736 0.8118896 -0.6601563 0.8885498 -0.7351074 0.9755859 -0.7347412 0.8887939 -0.6584473 0.9752197 -0.7351074 0.9755859 -0.6601563 0.8885498 1.066284 0.3798828 0.9920654 0.435791 1.008667 0.3864746 1.066284 0.3798828 1.054321 0.4279785 0.9920654 0.435791 1.115601 0.4157715 1.054321 0.4279785 1.066284 0.3798828 1.115601 0.4157715 1.065552 0.4869385 1.054321 0.4279785 1.125977 0.482666 1.065552 0.4869385 1.115601 0.4157715 -1.13147 2.217529 -1.07959 2.307129 -1.132935 2.273193 -1.13147 2.217529 -1.071777 2.234375 -1.07959 2.307129 -1.071533 2.168457 -1.071777 2.234375 -1.13147 2.217529 -1.071533 2.168457 -1.005371 2.243286 -1.071777 2.234375 -1.005859 2.177124 -1.005371 2.243286 -1.071533 2.168457 0.6623535 -0.1206055 0.6104736 -0.03137207 0.6018066 -0.1054688 0.6623535 -0.1206055 0.6636963 -0.06506347 0.6104736 -0.03137207 0.7127686 -0.09204101 0.6636963 -0.06506347 0.6623535 -0.1206055 0.7127686 -0.09204101 0.6623535 -0.01660156 0.6636963 -0.06506347 0.7174072 -0.03857421 0.6623535 -0.01660156 0.7127686 -0.09204101 -0.4777832 0.1501465 -0.539917 0.2034912 -0.5402832 0.1378174 -0.4777832 0.1501465 -0.4781494 0.2156982 -0.539917 0.2034912 -0.416626 0.2244873 -0.4781494 0.2156982 -0.4777832 0.1501465 -0.416626 0.2244873 -0.4713135 0.2757568 -0.4781494 0.2156982 -0.4075928 0.2834473 -0.4713135 0.2757568 -0.416626 0.2244873 -0.3656006 1.143677 -0.2915039 1.16748 -0.3568115 1.179932 -0.3656006 1.143677 -0.3135986 1.131836 -0.2915039 1.16748 -0.3234863 1.079468 -0.3135986 1.131836 -0.3656006 1.143677 -0.3234863 1.079468 -0.2528076 1.100464 -0.3135986 1.131836 -0.2728271 1.080933 -0.2528076 1.100464 -0.3234863 1.079468 0.2261963 1.522583 0.3041992 1.495605 0.2617188 1.552612 0.2261963 1.522583 0.2736816 1.479004 0.3041992 1.495605 0.2205811 1.455933 0.2736816 1.479004 0.2261963 1.522583 0.2205811 1.455933 0.2965088 1.421509 0.2736816 1.479004 0.2353516 1.40271 0.2965088 1.421509 0.2205811 1.455933 1.289307 0.8413086 1.347412 0.7678223 1.345459 0.8400879 1.289307 0.8413086 1.287842 0.7696533 1.347412 0.7678223 1.212402 0.7728271 1.287842 0.7696533 1.289307 0.8413086 1.212402 0.7728271 1.28418 0.696167 1.287842 0.7696533 1.213501 0.7006836 1.28418 0.696167 1.212402 0.7728271 -0.883667 0.5437012 -0.8140869 0.6142578 -0.8902588 0.6142578 -0.883667 0.5437012 -0.810791 0.5428467 -0.8140869 0.6142578 -0.8103027 0.4676514 -0.810791 0.5428467 -0.883667 0.5437012 -0.8103027 0.4676514 -0.7388916 0.543335 -0.810791 0.5428467 2.009155 0.5686035 2.001465 0.5020752 2.035645 0.4968262 2.009155 0.5686035 1.959961 0.5056152 2.001465 0.5020752 1.975342 0.5679932 1.959961 0.5056152 2.009155 0.5686035 1.975342 0.5679932 1.936157 0.564209 1.959961 0.5056152 -0.7784424 -0.7097168 -0.8463135 -0.7772217 -0.770874 -0.7814941 -0.7784424 -0.7097168 -0.8547363 -0.7073975 -0.8463135 -0.7772217 -0.8642578 -0.6411133 -0.8547363 -0.7073975 -0.7784424 -0.7097168 -0.8642578 -0.6411133 -0.9321289 -0.7104492 -0.8547363 -0.7073975 -1.028687 0.3999023 -0.9549561 0.4725342 -1.026611 0.4747314 -1.028687 0.3999023 -0.9562988 0.3962402 -0.9549561 0.4725342 -0.9499512 0.3276367 -0.9562988 0.3962402 -1.028687 0.3999023 -0.9499512 0.3276367 -0.880127 0.397583 -0.9562988 0.3962402 -0.5649414 0.1116943 -0.4997559 0.03442382 -0.4907227 0.08044433 -0.5649414 0.1116943 -0.5671387 0.04699707 -0.4997559 0.03442382 -0.6367188 0.05200195 -0.5671387 0.04699707 -0.5649414 0.1116943 -0.6367188 0.05200195 -0.5688477 0.005126953 -0.5671387 0.04699707 -0.6369629 -1.001953 -0.5667725 -0.9294434 -0.6390381 -0.9241943 -0.6369629 -1.001953 -0.5687256 -1.000122 -0.5667725 -0.9294434 -0.5701904 -1.062134 -0.5687256 -1.000122 -0.6369629 -1.001953 -0.5701904 -1.062134 -0.5001221 -0.9978027 -0.5687256 -1.000122 -0.4388428 -1.174194 -0.3760986 -1.209106 -0.3769531 -1.160278 -0.4388428 -1.174194 -0.4385986 -1.224365 -0.3760986 -1.209106 -0.5098877 -1.203491 -0.4385986 -1.224365 -0.4388428 -1.174194 -0.5098877 -1.203491 -0.4372559 -1.262939 -0.4385986 -1.224365 0.7250977 -0.9763184 0.6710205 -0.9259033 0.6640625 -0.9852295 0.7250977 -0.9763184 0.7294922 -0.9123535 0.6710205 -0.9259033 0.793457 -0.9080811 0.7294922 -0.9123535 0.7250977 -0.9763184 0.793457 -0.9080811 0.7381592 -0.8500977 0.7294922 -0.9123535 -0.8011475 2.046021 -0.8709717 1.977905 -0.8001709 1.973389 -0.8011475 2.046021 -0.8709717 2.052246 -0.8709717 1.977905 -0.8709717 2.118164 -0.8709717 2.052246 -0.8011475 2.046021 -0.8709717 2.118164 -0.9420166 2.050171 -0.8709717 2.052246 0.7821045 -0.9649658 0.7250977 -0.9763184 0.7736816 -1.018555 0.7821045 -0.9649658 0.793457 -0.9080811 0.7250977 -0.9763184 0.8347168 -0.9555664 0.793457 -0.9080811 0.7821045 -0.9649658 0.8347168 -0.9555664 0.8510742 -0.90271 0.793457 -0.9080811 0.743042 -0.3153076 0.8167725 -0.3840332 0.8150635 -0.3149414 0.743042 -0.3153076 0.7513428 -0.3811035 0.8167725 -0.3840332 0.6755371 -0.3822021 0.7513428 -0.3811035 0.743042 -0.3153076 0.6755371 -0.3822021 0.7541504 -0.4490967 0.7513428 -0.3811035 -0.8709717 2.118164 -0.8031006 2.182983 -0.8709717 2.184937 -0.8709717 2.118164 -0.8023682 2.115723 -0.8031006 2.182983 -0.8011475 2.046021 -0.8023682 2.115723 -0.8709717 2.118164 -0.8011475 2.046021 -0.7342529 2.107666 -0.8023682 2.115723 -1.139282 -0.3240967 -1.095093 -0.3837891 -1.085938 -0.3231201 -1.139282 -0.3240967 -1.155151 -0.3817139 -1.095093 -0.3837891 -1.209473 -0.378418 -1.155151 -0.3817139 -1.139282 -0.3240967 -1.209473 -0.378418 -1.1698 -0.4432373 -1.155151 -0.3817139 -0.9291992 -0.5712891 -0.9938965 -0.5042725 -0.9953613 -0.5734863 -0.9291992 -0.5712891 -0.9249268 -0.501709 -0.9938965 -0.5042725 -0.8532715 -0.4993896 -0.9249268 -0.501709 -0.9291992 -0.5712891 -0.8532715 -0.4993896 -0.9190674 -0.4328613 -0.9249268 -0.501709 -0.7056885 -0.3529053 -0.637085 -0.4221191 -0.6365967 -0.3466797 -0.7056885 -0.3529053 -0.7077637 -0.4266357 -0.637085 -0.4221191 -0.7814941 -0.4202881 -0.7077637 -0.4266357 -0.7056885 -0.3529053 -0.7814941 -0.4202881 -0.7091064 -0.4934082 -0.7077637 -0.4266357 0.1900635 1.094604 0.2537842 1.033569 0.260498 1.095947 0.1900635 1.094604 0.1887207 1.021729 0.2537842 1.033569 0.1168213 1.019653 0.1887207 1.021729 0.1900635 1.094604 0.1168213 1.019653 0.1806641 0.9541016 0.1887207 1.021729 0.7711182 -0.1536865 0.7283936 -0.1885986 0.7838135 -0.2023926 0.7711182 -0.1536865 0.7197266 -0.1352539 0.7283936 -0.1885986 0.7127686 -0.09204101 0.7197266 -0.1352539 0.7711182 -0.1536865 0.7127686 -0.09204101 0.6623535 -0.1206055 0.7197266 -0.1352539 -0.03271484 0.8812256 -0.09509277 0.9482422 -0.1026611 0.8814697 -0.03271484 0.8812256 -0.03015136 0.9492188 -0.09509277 0.9482422 0.03808593 0.9509277 -0.03015136 0.9492188 -0.03271484 0.8812256 0.03808593 0.9509277 -0.02978515 1.019043 -0.03015136 0.9492188 -0.7384033 0.3937988 -0.6665039 0.4677734 -0.7384033 0.4664307 -0.7384033 0.3937988 -0.6688232 0.3944092 -0.6665039 0.4677734 -0.6663818 0.3112793 -0.6688232 0.3944092 -0.7384033 0.3937988 -0.6663818 0.3112793 -0.5915527 0.3937988 -0.6688232 0.3944092 0.5360107 -0.2340088 0.4694824 -0.1551514 0.4683838 -0.234375 0.5360107 -0.2340088 0.5366211 -0.1610107 0.4694824 -0.1551514 0.6022949 -0.1696777 0.5366211 -0.1610107 0.5360107 -0.2340088 0.6022949 -0.1696777 0.5362549 -0.09558105 0.5366211 -0.1610107 0.01318359 1.26355 0.06018066 1.222046 0.06811523 1.281006 0.01318359 1.26355 -8.54492e-4 1.211426 0.06018066 1.222046 -0.0625 1.204712 -8.54492e-4 1.211426 0.01318359 1.26355 -0.0625 1.204712 -0.01098632 1.14978 -8.54492e-4 1.211426 1.526978 0.276123 1.459717 0.3366699 1.459229 0.2736816 1.526978 0.276123 1.526855 0.3425293 1.459717 0.3366699 1.592529 0.3511963 1.526855 0.3425293 1.526978 0.276123 1.592529 0.3511963 1.528809 0.4088135 1.526855 0.3425293 -1.247925 -0.8371582 -1.299194 -0.8447266 -1.280273 -0.9105225 -1.247925 -0.8371582 -1.307983 -0.7769775 -1.299194 -0.8447266 -1.240356 -0.7664795 -1.307983 -0.7769775 -1.247925 -0.8371582 -1.240356 -0.7664795 -1.282837 -0.7088623 -1.307983 -0.7769775 1.528809 1.123291 1.459717 1.195557 1.45813 1.122314 1.528809 1.123291 1.526855 1.189697 1.459717 1.195557 1.592529 1.18103 1.526855 1.189697 1.528809 1.123291 1.592529 1.18103 1.525635 1.252197 1.526855 1.189697 1.592529 1.18103 1.663574 1.109131 1.656128 1.17041 1.592529 1.18103 1.595581 1.115723 1.663574 1.109131 1.528809 1.123291 1.595581 1.115723 1.592529 1.18103 1.528809 1.123291 1.602661 1.051758 1.595581 1.115723 1.391968 0.8416748 1.461182 0.9127197 1.391968 0.9179688 1.391968 0.8416748 1.466553 0.8408203 1.461182 0.9127197 1.467163 0.7661133 1.466553 0.8408203 1.391968 0.8416748 1.467163 0.7661133 1.527588 0.836792 1.466553 0.8408203 1.527588 0.836792 1.605225 0.7666016 1.606567 0.8363037 1.527588 0.836792 1.513306 0.7670898 1.605225 0.7666016 1.467163 0.7661133 1.513306 0.7670898 1.527588 0.836792 1.467163 0.7661133 1.517212 0.6940918 1.513306 0.7670898 1.674438 0.9744873 1.602661 1.051758 1.603271 0.9775391 1.674438 0.9744873 1.668457 1.041626 1.602661 1.051758 1.732666 1.03418 1.668457 1.041626 1.674438 0.9744873 1.732666 1.03418 1.663574 1.109131 1.668457 1.041626 1.391968 0.9937744 1.461182 0.9127197 1.455444 0.980957 1.391968 0.9937744 1.391968 0.9179688 1.461182 0.9127197 1.34021 0.9158936 1.391968 0.9179688 1.391968 0.9937744 1.34021 0.9158936 1.391968 0.8416748 1.391968 0.9179688 1.732666 1.03418 1.798828 0.9627686 1.796265 1.030151 1.732666 1.03418 1.736084 0.967041 1.798828 0.9627686 1.674438 0.9744873 1.736084 0.967041 1.732666 1.03418 1.674438 0.9744873 1.743774 0.901001 1.736084 0.967041 0.6022949 -0.1696777 0.6710205 -0.2432861 0.6658936 -0.1802979 0.6022949 -0.1696777 0.6037598 -0.2376708 0.6710205 -0.2432861 0.5360107 -0.2340088 0.6037598 -0.2376708 0.6022949 -0.1696777 0.5360107 -0.2340088 0.6066895 -0.3061523 0.6037598 -0.2376708 1.60437 0.6268311 1.517212 0.6940918 1.525513 0.6268311 1.60437 0.6268311 1.603516 0.6975098 1.517212 0.6940918 1.684448 0.6962891 1.603516 0.6975098 1.60437 0.6268311 1.684448 0.6962891 1.605225 0.7666016 1.603516 0.6975098 0.4644775 1.235229 0.3968506 1.162109 0.4648438 1.160278 0.4644775 1.235229 0.397583 1.243652 0.3968506 1.162109 0.3968506 1.310791 0.397583 1.243652 0.4644775 1.235229 0.3968506 1.310791 0.3291016 1.245972 0.397583 1.243652 0.03808593 0.9509277 0.1121826 0.8812256 0.1135254 0.9499512 0.03808593 0.9509277 0.03662109 0.8813477 0.1121826 0.8812256 -0.03271484 0.8812256 0.03662109 0.8813477 0.03808593 0.9509277 -0.03271484 0.8812256 0.03833007 0.8120117 0.03662109 0.8813477 0.2608643 0.5917969 0.1954346 0.5317383 0.2640381 0.5272217 0.2608643 0.5917969 0.1939697 0.6008301 0.1954346 0.5317383 0.1853027 0.6610107 0.1939697 0.6008301 0.2608643 0.5917969 0.1853027 0.6610107 0.1259766 0.6057129 0.1939697 0.6008301 1.391113 0.5397949 1.462891 0.6179199 1.391968 0.6143799 1.391113 0.5397949 1.453735 0.5512695 1.462891 0.6179199 1.453491 0.480957 1.453735 0.5512695 1.391113 0.5397949 1.453491 0.480957 1.525879 0.5571289 1.453735 0.5512695 1.783691 0.442749 1.715332 0.3745117 1.772339 0.3858643 1.783691 0.442749 1.722656 0.4354248 1.715332 0.3745117 1.733276 0.4968262 1.722656 0.4354248 1.783691 0.442749 1.733276 0.4968262 1.651001 0.439209 1.722656 0.4354248 0.7335205 -1.188477 0.6623535 -1.15271 0.6658936 -1.194214 0.7335205 -1.188477 0.7197266 -1.134644 0.6623535 -1.15271 0.7655029 -1.101929 0.7197266 -1.134644 0.7335205 -1.188477 0.7655029 -1.101929 0.7144775 -1.07959 0.7197266 -1.134644 0.5983887 0.5401611 0.5296631 0.4664307 0.5916748 0.4799805 0.5983887 0.5401611 0.5327148 0.5317383 0.5296631 0.4664307 0.543335 0.5910645 0.5327148 0.5317383 0.5983887 0.5401611 0.543335 0.5910645 0.4641113 0.5310059 0.5327148 0.5317383 -0.9660645 -0.07299804 -0.894043 -0.07421875 -0.97229 -0.03112792 -0.9660645 -0.07299804 -0.9576416 -0.1468506 -0.894043 -0.07421875 -1.026123 -0.08776855 -0.9576416 -0.1468506 -0.9660645 -0.07299804 -1.026123 -0.08776855 -1.027466 -0.1329346 -0.9576416 -0.1468506 1.34021 0.9158936 1.264404 0.9859619 1.297485 0.9212646 1.34021 0.9158936 1.317383 0.9909668 1.264404 0.9859619 1.391968 0.9937744 1.317383 0.9909668 1.34021 0.9158936 1.391968 0.9937744 1.320068 1.066528 1.317383 0.9909668 0.543335 0.5910645 0.6193848 0.6671143 0.5471191 0.6634521 0.543335 0.5910645 0.6027832 0.6077881 0.6193848 0.6671143 0.5983887 0.5401611 0.6027832 0.6077881 0.543335 0.5910645 0.5983887 0.5401611 0.6704102 0.6120605 0.6027832 0.6077881 -1.055786 -0.7080078 -1.131592 -0.6411133 -1.123291 -0.7070313 -1.055786 -0.7080078 -1.057739 -0.6417236 -1.131592 -0.6411133 -0.9995117 -0.6412354 -1.057739 -0.6417236 -1.055786 -0.7080078 -0.9995117 -0.6412354 -1.066162 -0.5733643 -1.057739 -0.6417236 1.191406 1.392456 1.258301 1.360718 1.255493 1.411377 1.191406 1.392456 1.193848 1.349487 1.258301 1.360718 1.131348 1.334106 1.193848 1.349487 1.191406 1.392456 1.131348 1.334106 1.196411 1.293213 1.193848 1.349487 -0.5378418 1.240479 -0.4777832 1.182129 -0.4742432 1.223633 -0.5378418 1.240479 -0.5402832 1.19751 -0.4777832 1.182129 -0.6047363 1.20874 -0.5402832 1.19751 -0.5378418 1.240479 -0.6047363 1.20874 -0.5465088 1.130981 -0.5402832 1.19751 0.6755371 -0.3822021 0.6066895 -0.3061523 0.619751 -0.3666992 0.6755371 -0.3822021 0.673584 -0.3132324 0.6066895 -0.3061523 0.743042 -0.3153076 0.673584 -0.3132324 0.6755371 -0.3822021 0.743042 -0.3153076 0.6710205 -0.2432861 0.673584 -0.3132324 1.588257 0.2373047 1.652588 0.302124 1.587769 0.2940674 1.588257 0.2373047 1.651733 0.2470703 1.652588 0.302124 1.652588 0.1981201 1.651733 0.2470703 1.588257 0.2373047 1.652588 0.1981201 1.708984 0.2635498 1.651733 0.2470703 -0.539917 0.2034912 -0.6015625 0.256958 -0.6033936 0.1905518 -0.539917 0.2034912 -0.5367432 0.2677002 -0.6015625 0.256958 -0.4713135 0.2757568 -0.5367432 0.2677002 -0.539917 0.2034912 -0.4713135 0.2757568 -0.5311279 0.333252 -0.5367432 0.2677002 0.8457031 0.90271 0.9197998 0.9093018 0.8474121 0.9677734 0.8457031 0.90271 0.8502197 0.8363037 0.9197998 0.9093018 0.7852783 0.902832 0.8502197 0.8363037 0.8457031 0.90271 0.7852783 0.902832 0.7764893 0.8353271 0.8502197 0.8363037 0.06848144 0.3134766 0.009155273 0.3736572 0.004760742 0.3166504 0.06848144 0.3134766 0.06933593 0.3623047 0.009155273 0.3736572 0.1312256 0.3483887 0.06933593 0.3623047 0.06848144 0.3134766 0.1312256 0.3483887 0.06848144 0.4173584 0.06933593 0.3623047 1.28418 0.696167 1.347412 0.7678223 1.287842 0.7696533 1.28418 0.696167 1.346558 0.692627 1.347412 0.7678223 1.331787 0.6170654 1.346558 0.692627 1.28418 0.696167 1.331787 0.6170654 1.39209 0.6906738 1.346558 0.692627 1.197388 0.3725586 1.259888 0.2879639 1.257935 0.3535156 1.197388 0.3725586 1.197876 0.3028564 1.259888 0.2879639 1.139282 0.3289795 1.197876 0.3028564 1.197388 0.3725586 1.139282 0.3289795 1.194092 0.2331542 1.197876 0.3028564 0.9920654 0.435791 0.9267578 0.5020752 0.9350586 0.4423828 0.9920654 0.435791 1.002441 0.4934082 0.9267578 0.5020752 1.065552 0.4869385 1.002441 0.4934082 0.9920654 0.435791 1.065552 0.4869385 1.000732 0.555542 1.002441 0.4934082 -0.7351074 0.9755859 -0.8079834 0.8886719 -0.7347412 0.8887939 -0.7351074 0.9755859 -0.8111572 0.972168 -0.8079834 0.8886719 -0.8092041 1.051636 -0.8111572 0.972168 -0.7351074 0.9755859 -0.8092041 1.051636 -0.8830566 0.9667969 -0.8111572 0.972168 -0.9460449 1.440674 -1.028564 1.524536 -1.018311 1.4552 -0.9460449 1.440674 -0.940918 1.526611 -1.028564 1.524536 -0.8735352 1.534912 -0.940918 1.526611 -0.9460449 1.440674 -0.8735352 1.534912 -0.9429932 1.600586 -0.940918 1.526611 1.139282 0.3289795 1.066284 0.3798828 1.084961 0.3425293 1.139282 0.3289795 1.129272 0.3779297 1.066284 0.3798828 1.197388 0.3725586 1.129272 0.3779297 1.139282 0.3289795 1.197388 0.3725586 1.115601 0.4157715 1.129272 0.3779297 -1.071289 0.878418 -1.142822 0.8782959 -1.153442 0.8148193 -1.071289 0.878418 -1.130127 0.9376221 -1.142822 0.8782959 -1.057861 0.9364014 -1.130127 0.9376221 -1.071289 0.878418 -1.057861 0.9364014 -1.052856 0.9968262 -1.130127 0.9376221 -0.9580078 0.6149902 -1.028198 0.6845703 -1.030518 0.614502 -0.9580078 0.6149902 -0.9642334 0.6870117 -1.028198 0.6845703 -0.8887939 0.6881104 -0.9642334 0.6870117 -0.9580078 0.6149902 -0.8887939 0.6881104 -0.9609375 0.7598877 -0.9642334 0.6870117 -1.164795 -1.013062 -1.108765 -1.062012 -1.120972 -1.010742 -1.164795 -1.013062 -1.14624 -1.064453 -1.108765 -1.062012 -1.17688 -1.082153 -1.14624 -1.064453 -1.164795 -1.013062 -1.17688 -1.082153 -1.115723 -1.121094 -1.14624 -1.064453 -1.212891 1.483643 -1.285889 1.552856 -1.275391 1.48938 -1.212891 1.483643 -1.220581 1.549927 -1.285889 1.552856 -1.153442 1.545166 -1.220581 1.549927 -1.212891 1.483643 -1.153442 1.545166 -1.228271 1.616577 -1.220581 1.549927 0.1928711 -0.7218018 0.2537842 -0.6573486 0.1844482 -0.6535645 0.1928711 -0.7218018 0.2584229 -0.7285156 0.2537842 -0.6573486 0.2658691 -0.7946777 0.2584229 -0.7285156 0.1928711 -0.7218018 0.2658691 -0.7946777 0.3284912 -0.7338867 0.2584229 -0.7285156 -1.095703 0.477417 -1.167969 0.5463867 -1.162109 0.479248 -1.095703 0.477417 -1.100708 0.5456543 -1.167969 0.5463867 -1.030884 0.5444336 -1.100708 0.5456543 -1.095703 0.477417 -1.030884 0.5444336 -1.098145 0.6142578 -1.100708 0.5456543 -1.216064 1.040039 -1.15332 1.079468 -1.193726 1.06897 -1.216064 1.040039 -1.157471 1.033203 -1.15332 1.079468 -1.172363 0.9862061 -1.157471 1.033203 -1.216064 1.040039 -1.172363 0.9862061 -1.110352 1.047974 -1.157471 1.033203 0.6495361 0.4272461 0.5827637 0.4310303 0.6380615 0.3909912 0.6495361 0.4272461 0.6589355 0.4794922 0.5827637 0.4310303 0.7012939 0.4472656 0.6589355 0.4794922 0.6495361 0.4272461 0.7012939 0.4472656 0.7270508 0.4858398 0.6589355 0.4794922 -0.3105469 0.7509766 -0.3903809 0.7489014 -0.3111572 0.6812744 -0.3105469 0.7509766 -0.3250732 0.8143311 -0.3903809 0.7489014 -0.2393799 0.7501221 -0.3250732 0.8143311 -0.3105469 0.7509766 -0.2393799 0.7501221 -0.2496338 0.8175049 -0.3250732 0.8143311 -0.6575928 1.893311 -0.7243652 1.825439 -0.651001 1.824219 -0.6575928 1.893311 -0.7266846 1.897705 -0.7243652 1.825439 -0.7293701 1.969727 -0.7266846 1.897705 -0.6575928 1.893311 -0.7293701 1.969727 -0.7990723 1.900024 -0.7266846 1.897705 -0.8103027 0.4676514 -0.880127 0.397583 -0.8092041 0.3942871 -0.8103027 0.4676514 -0.8826904 0.4699707 -0.880127 0.397583 -0.883667 0.5437012 -0.8826904 0.4699707 -0.8103027 0.4676514 -0.883667 0.5437012 -0.9549561 0.4725342 -0.8826904 0.4699707 -0.7814941 -0.4202881 -0.8449707 -0.3586426 -0.8487549 -0.4290771 -0.7814941 -0.4202881 -0.776123 -0.3529053 -0.8449707 -0.3586426 -0.7056885 -0.3529053 -0.776123 -0.3529053 -0.7814941 -0.4202881 -0.7056885 -0.3529053 -0.7714844 -0.2888184 -0.776123 -0.3529053 -0.5878906 0.6881104 -0.5153809 0.7613525 -0.5817871 0.7409668 -0.5878906 0.6881104 -0.5125732 0.6870117 -0.5153809 0.7613525 -0.5202637 0.6159668 -0.5125732 0.6870117 -0.5878906 0.6881104 -0.5202637 0.6159668 -0.4539795 0.6846924 -0.5125732 0.6870117 -0.2072754 -1.00647 -0.2651367 -1.074463 -0.2207031 -1.056519 -0.2072754 -1.00647 -0.2612305 -1.015625 -0.2651367 -1.074463 -0.2490234 -0.9595947 -0.2612305 -1.015625 -0.2072754 -1.00647 -0.2490234 -0.9595947 -0.3132324 -1.032837 -0.2612305 -1.015625 -0.8062744 1.261719 -0.8779297 1.309204 -0.8740234 1.260498 -0.8062744 1.261719 -0.8082275 1.313477 -0.8779297 1.309204 -0.7384033 1.300171 -0.8082275 1.313477 -0.8062744 1.261719 2.009155 0.5686035 2.067627 0.6292725 2.032837 0.630249 2.009155 0.5686035 2.054565 0.5626221 2.067627 0.6292725 2.035645 0.4968262 2.054565 0.5626221 2.009155 0.5686035 -0.01098632 1.14978 -0.08288574 1.080688 -0.01550292 1.082275 -0.01098632 1.14978 -0.07519531 1.145386 -0.08288574 1.080688 -0.0625 1.204712 -0.07519531 1.145386 -0.01098632 1.14978 0.005615234 0.4897461 -0.0427246 0.4475098 0.01110839 0.4321289 0.005615234 0.4897461 -0.05114746 0.5010986 -0.0427246 0.4475098 -0.0625 0.5579834 -0.05114746 0.5010986 0.005615234 0.4897461 1.444092 1.491455 1.487549 1.544434 1.426636 1.539917 1.444092 1.491455 1.502319 1.497314 1.487549 1.544434 1.496094 1.437256 1.502319 1.497314 1.444092 1.491455 -0.6367188 0.05200195 -0.711792 0.1203613 -0.7060547 0.04699707 -0.6367188 0.05200195 -0.635498 0.1242676 -0.711792 0.1203613 -0.5649414 0.1116943 -0.635498 0.1242676 -0.6367188 0.05200195 0.8399658 1.509277 0.9311523 1.558594 0.8654785 1.568359 0.8399658 1.509277 0.9091797 1.49585 0.9311523 1.558594 0.8880615 1.437256 0.9091797 1.49585 0.8399658 1.509277 0.6159668 -1.296021 0.5412598 -1.276245 0.545166 -1.310791 0.6159668 -1.296021 0.6011963 -1.23877 0.5412598 -1.276245 0.6710205 -1.228271 0.6011963 -1.23877 0.6159668 -1.296021 -1.143311 1.408569 -1.076904 1.327026 -1.074585 1.403809 -1.143311 1.408569 -1.143677 1.337402 -1.076904 1.327026 -1.206543 1.35083 -1.143677 1.337402 -1.143311 1.408569 -0.6047363 1.20874 -0.6706543 1.260254 -0.6711426 1.21582 -0.6047363 1.20874 -0.6033936 1.252808 -0.6706543 1.260254 -0.5378418 1.240479 -0.6033936 1.252808 -0.6047363 1.20874 1.391846 0.1710205 1.3927 0.1125488 1.459717 0.1199951 1.391846 0.1710205 1.323975 0.112915 1.3927 0.1125488 1.325928 0.1555176 1.323975 0.112915 1.391846 0.1710205 1.074951 0.2635498 1.131348 0.1981201 1.132202 0.2470703 1.074951 0.2635498 1.073975 0.2160645 1.131348 0.1981201 1.02002 0.237915 1.073975 0.2160645 1.074951 0.2635498 1.031128 1.188843 1.069336 1.155151 1.084839 1.196533 1.031128 1.188843 1.031372 1.12793 1.069336 1.155151 0.9769287 1.118408 1.031372 1.12793 1.031128 1.188843 -0.8735352 1.534912 -0.7993164 1.446045 -0.8023682 1.528931 -0.8735352 1.534912 -0.869751 1.442749 -0.7993164 1.446045 -0.9460449 1.440674 -0.869751 1.442749 -0.8735352 1.534912 0.4017334 -1.29126 0.3347168 -1.221558 0.3319092 -1.284546 0.4017334 -1.29126 0.4018555 -1.215454 0.3347168 -1.221558 0.4685059 -1.219482 0.4018555 -1.215454 0.4017334 -1.29126 1.522461 0.1882324 1.595337 0.1239014 1.590088 0.1827393 1.522461 0.1882324 1.526855 0.1274414 1.595337 0.1239014 1.459717 0.1199951 1.526855 0.1274414 1.522461 0.1882324 1.005981 -0.5845947 1.047974 -0.5168457 1.00354 -0.517334 1.005981 -0.5845947 1.050415 -0.5845947 1.047974 -0.5168457 1.047974 -0.6524658 1.050415 -0.5845947 1.005981 -0.5845947 1.949219 0.8334961 1.989868 0.9008789 1.950317 0.9047852 1.949219 0.8334961 2.010132 0.8349609 1.989868 0.9008789 1.996216 0.7661133 2.010132 0.8349609 1.949219 0.8334961 2.032715 0.8331299 2.067627 0.9029541 2.03064 0.901123 2.032715 0.8331299 2.075195 0.8347168 2.067627 0.9029541 2.078125 0.7661133 2.075195 0.8347168 2.032715 0.8331299 -0.4150391 1.203247 -0.4777832 1.182129 -0.4204102 1.164185 -0.4150391 1.203247 -0.4742432 1.223633 -0.4777832 1.182129 -0.4686279 1.258911 -0.4742432 1.223633 -0.4150391 1.203247 0.07543945 -0.06726074 0.02087402 -0.04406738 0.0213623 -0.08618164 0.07543945 -0.06726074 0.07678222 -0.02282714 0.02087402 -0.04406738 0.1334229 0 0.07678222 -0.02282714 0.07543945 -0.06726074 1.035889 1.50061 0.9572754 1.437256 1.016357 1.437744 1.035889 1.50061 0.9545898 1.505127 0.9572754 1.437256 0.9732666 1.567871 0.9545898 1.505127 1.035889 1.50061 0.3291016 1.245972 0.2611084 1.314331 0.260376 1.24353 0.3291016 1.245972 0.329834 1.316772 0.2611084 1.314331 0.3968506 1.310791 0.329834 1.316772 0.3291016 1.245972 0.987915 -0.7164307 1.047974 -0.6524658 1.00354 -0.6519775 0.987915 -0.7164307 1.040405 -0.7196045 1.047974 -0.6524658 1.028198 -0.7851563 1.040405 -0.7196045 0.987915 -0.7164307 1.141113 1.502075 1.064575 1.437256 1.116211 1.444336 1.141113 1.502075 1.060913 1.507935 1.064575 1.437256 1.088867 1.565552 1.060913 1.507935 1.141113 1.502075 -1.172363 0.9862061 -1.253418 0.9385986 -1.190063 0.9338379 -1.172363 0.9862061 -1.239746 0.9973145 -1.253418 0.9385986 -1.216064 1.040039 -1.239746 0.9973145 -1.172363 0.9862061 -0.567749 2.134033 -0.5618896 2.068726 -0.4932861 2.058105 -0.567749 2.134033 -0.6131592 2.089111 -0.5618896 2.068726 -0.6046143 2.162964 -0.6131592 2.089111 -0.567749 2.134033 -1.247925 -0.8371582 -1.185425 -0.8950195 -1.1875 -0.8300781 -1.247925 -0.8371582 -1.246216 -0.9052734 -1.185425 -0.8950195 -1.280273 -0.9105225 -1.246216 -0.9052734 -1.247925 -0.8371582 0.08471679 -1.08728 0.02978515 -1.112915 0.08374023 -1.134644 0.08471679 -1.08728 0.03210449 -1.06897 0.02978515 -1.112915 0.02978515 -1.018555 0.03210449 -1.06897 0.08471679 -1.08728 -0.2647705 -1.169312 -0.2027588 -1.169312 -0.2175292 -1.14563 -0.2647705 -1.169312 -0.2563477 -1.203369 -0.2027588 -1.169312 -0.3132324 -1.230347 -0.2563477 -1.203369 -0.2647705 -1.169312 -1.018555 -0.1999512 -0.9576416 -0.1468506 -1.027466 -0.1329346 -1.018555 -0.1999512 -0.9675293 -0.1757813 -0.9576416 -0.1468506 -0.9628906 -0.2474365 -0.9675293 -0.1757813 -1.018555 -0.1999512 0.1922607 0.2058105 0.2570801 0.1378174 0.260498 0.1977539 0.1922607 0.2058105 0.1844482 0.1577148 0.2570801 0.1378174 0.1218262 0.1942139 0.1844482 0.1577148 0.1922607 0.2058105 1.131348 1.334106 1.065674 1.361572 1.073975 1.316162 1.131348 1.334106 1.127808 1.37561 1.065674 1.361572 1.191406 1.392456 1.127808 1.37561 1.131348 1.334106 0.1312256 0.3483887 0.1954346 0.2867432 0.1956787 0.3378906 0.1312256 0.3483887 0.1309814 0.2979736 0.1954346 0.2867432 0.06848144 0.3134766 0.1309814 0.2979736 0.1312256 0.3483887 -0.2592773 -0.1070557 -0.2996826 -0.02770996 -0.3186035 -0.09106445 -0.2592773 -0.1070557 -0.2440186 -0.06457519 -0.2996826 -0.02770996 -0.2027588 -0.112915 -0.2440186 -0.06457519 -0.2592773 -0.1070557 -1.115723 -1.121094 -1.070557 -1.169312 -1.055664 -1.14563 -1.115723 -1.121094 -1.139771 -1.14624 -1.070557 -1.169312 -1.17688 -1.082153 -1.139771 -1.14624 -1.115723 -1.121094 0.3345947 -0.03430175 0.3344727 0.01708984 0.2681885 0.009033203 0.3345947 -0.03430175 0.4017334 0.01452636 0.3344727 0.01708984 0.4017334 -0.03173828 0.4017334 0.01452636 0.3345947 -0.03430175 -1.1698 -0.4432373 -1.247437 -0.505249 -1.172241 -0.5095215 -1.1698 -0.4432373 -1.236206 -0.4378662 -1.247437 -0.505249 -1.209473 -0.378418 -1.236206 -0.4378662 -1.1698 -0.4432373 -0.4283447 -0.3586426 -0.4997559 -0.2838135 -0.4971924 -0.3529053 -0.4283447 -0.3586426 -0.4331055 -0.2915039 -0.4997559 -0.2838135 -0.3673096 -0.2998047 -0.4331055 -0.2915039 -0.4283447 -0.3586426 -0.9990234 1.182129 -1.064453 1.20752 -1.056396 1.164185 -0.9990234 1.182129 -1.002563 1.223633 -1.064453 1.20752 -0.9455567 1.260742 -1.002563 1.223633 -0.9990234 1.182129 -0.3737793 0.6142578 -0.3760986 0.5456543 -0.3088379 0.5463867 -0.3737793 0.6142578 -0.4475098 0.5444336 -0.3760986 0.5456543 -0.4534912 0.6138916 -0.4475098 0.5444336 -0.3737793 0.6142578 -0.5915527 2.033325 -0.5805664 1.967773 -0.543457 2.010254 -0.5915527 2.033325 -0.6566162 2.043823 -0.5805664 1.967773 -0.6131592 2.089111 -0.6566162 2.043823 -0.5915527 2.033325 -0.223877 1.538696 -0.3063965 1.461182 -0.2202148 1.473633 -0.223877 1.538696 -0.3037109 1.532593 -0.3063965 1.461182 -0.3088379 1.604614 -0.3037109 1.532593 -0.223877 1.538696 -0.1090088 1.469604 -0.1801758 1.40271 -0.1187744 1.405151 -0.1090088 1.469604 -0.1824951 1.471924 -0.1801758 1.40271 -0.1756592 1.536499 -0.1824951 1.471924 -0.1090088 1.469604 -1.005371 2.243286 -1.07959 2.307129 -1.071777 2.234375 -1.005371 2.243286 -1.008911 2.320679 -1.07959 2.307129 -0.9381104 2.310791 -1.008911 2.320679 -1.005371 2.243286 -1.165649 1.823853 -1.235596 1.753418 -1.165405 1.753418 -1.165649 1.823853 -1.240723 1.823364 -1.235596 1.753418 -1.236328 1.892944 -1.240723 1.823364 -1.165649 1.823853 -0.3088379 1.604614 -0.2233887 1.667969 -0.3048096 1.673462 -0.3088379 1.604614 -0.2320557 1.603027 -0.2233887 1.667969 -0.223877 1.538696 -0.2320557 1.603027 -0.3088379 1.604614 -1.15918 1.892944 -1.165649 1.823853 -1.084351 1.893188 -1.15918 1.892944 -1.236328 1.892944 -1.165649 1.823853 -1.153442 1.961792 -1.236328 1.892944 -1.15918 1.892944 -0.9365234 1.19751 -0.9455567 1.260742 -0.9990234 1.182129 -0.9365234 1.19751 -0.8720703 1.20874 -0.9455567 1.260742 -0.9318848 1.136353 -0.8720703 1.20874 -0.9365234 1.19751 -1.200928 2.083496 -1.265259 2.07959 -1.21228 2.022827 -1.200928 2.083496 -1.188477 2.138184 -1.265259 2.07959 -1.140259 2.094727 -1.188477 2.138184 -1.200928 2.083496 -0.576416 1.753418 -0.5113525 1.753418 -0.5837402 1.822266 -0.576416 1.753418 -0.5783691 1.683716 -0.5113525 1.753418 -0.6491699 1.753418 -0.5783691 1.683716 -0.576416 1.753418 0.1433105 -0.06921386 0.2038574 -0.05163574 0.1334229 0 0.1433105 -0.06921386 0.1411133 -0.1206055 0.2038574 -0.05163574 0.07543945 -0.06726074 0.1411133 -0.1206055 0.1433105 -0.06921386 -0.5915527 0.3937988 -0.5311279 0.333252 -0.5291748 0.4050293 -0.5915527 0.3937988 -0.59375 0.3190918 -0.5311279 0.333252 -0.6663818 0.3112793 -0.59375 0.3190918 -0.5915527 0.3937988 0.3291016 0.449585 0.3303223 0.529541 0.2613525 0.4519043 0.3291016 0.449585 0.3968506 0.4519043 0.3303223 0.529541 0.3288574 0.3917236 0.3968506 0.4519043 0.3291016 0.449585 -0.001586914 0.5506592 0.005615234 0.4897461 0.05969238 0.5401611 -0.001586914 0.5506592 -0.0625 0.5579834 0.005615234 0.4897461 -0.01208496 0.6120605 -0.0625 0.5579834 -0.001586914 0.5506592 -0.6602783 0.8099365 -0.5770264 0.8078613 -0.6601563 0.8885498 -0.6602783 0.8099365 -0.6607666 0.7285156 -0.5770264 0.8078613 -0.7354736 0.8118896 -0.6607666 0.7285156 -0.6602783 0.8099365 -1.21228 2.022827 -1.299805 1.960571 -1.229126 1.962402 -1.21228 2.022827 -1.275391 2.017578 -1.299805 1.960571 -1.265259 2.07959 -1.275391 2.017578 -1.21228 2.022827 -1.007813 0.2719727 -1.010254 0.1981201 -0.9449463 0.1873779 -1.007813 0.2719727 -1.071167 0.2111816 -1.010254 0.1981201 -1.073608 0.2790527 -1.071167 0.2111816 -1.007813 0.2719727 0.9851074 -0.7827148 0.987915 -0.7164307 0.9321289 -0.7814941 0.9851074 -0.7827148 1.028198 -0.7851563 0.987915 -0.7164307 0.9697266 -0.8452148 1.028198 -0.7851563 0.9851074 -0.7827148 0.4017334 -0.2821045 0.4020996 -0.2319336 0.329834 -0.2841797 0.4017334 -0.2821045 0.4736328 -0.2841797 0.4020996 -0.2319336 0.4017334 -0.3570557 0.4736328 -0.2841797 0.4017334 -0.2821045 0.1965332 -0.3795166 0.2559814 -0.3621826 0.1951904 -0.3043213 0.1965332 -0.3795166 0.1801758 -0.4395752 0.2559814 -0.3621826 0.1192627 -0.3763428 0.1801758 -0.4395752 0.1965332 -0.3795166 0.8510742 -0.2666016 0.7994385 -0.2557373 0.8658447 -0.3240967 0.8510742 -0.2666016 0.8348389 -0.2130126 0.7994385 -0.2557373 0.9165039 -0.2602539 0.8348389 -0.2130126 0.8510742 -0.2666016 1.911133 0.5064697 1.959961 0.5056152 1.936157 0.564209 1.911133 0.5064697 1.894531 0.4492188 1.959961 0.5056152 1.856079 0.5056152 1.894531 0.4492188 1.911133 0.5064697 1.219238 0.8428955 1.228516 0.9223633 1.151489 0.8458252 1.219238 0.8428955 1.289307 0.8413086 1.228516 0.9223633 1.212402 0.7728271 1.289307 0.8413086 1.219238 0.8428955 0.9307861 0.6966553 0.9937744 0.6990967 0.9219971 0.7658691 0.9307861 0.6966553 0.9349365 0.6253662 0.9937744 0.6990967 0.8637695 0.6953125 0.9349365 0.6253662 0.9307861 0.6966553 -1.019409 -0.2590332 -0.9628906 -0.2474365 -1.018555 -0.1999512 -1.019409 -0.2590332 -1.02832 -0.317749 -0.9628906 -0.2474365 -1.070557 -0.269165 -1.02832 -0.317749 -1.019409 -0.2590332 -0.3603516 -0.3648682 -0.354248 -0.4328613 -0.2952881 -0.3718262 -0.3603516 -0.3648682 -0.4283447 -0.3586426 -0.354248 -0.4328613 -0.3673096 -0.2998047 -0.4283447 -0.3586426 -0.3603516 -0.3648682 -0.7103271 -0.8743896 -0.7766113 -0.8581543 -0.7071533 -0.9344482 -0.7103271 -0.8743896 -0.7086182 -0.793335 -0.7766113 -0.8581543 -0.6379395 -0.8621826 -0.7086182 -0.793335 -0.7103271 -0.8743896 -0.2915039 1.16748 -0.2528076 1.100464 -0.2301025 1.122314 -0.2915039 1.16748 -0.3135986 1.131836 -0.2528076 1.100464 -0.1965332 0.6856689 -0.1524658 0.7497559 -0.2092285 0.7493896 -0.1965332 0.6856689 -0.1308594 0.6920166 -0.1524658 0.7497559 -0.6365967 -1.289795 -0.6365967 -1.23938 -0.7044678 -1.287354 -0.6365967 -1.289795 -0.5698242 -1.279053 -0.6365967 -1.23938 -0.1003418 0.8135986 -0.02807617 0.7446289 -0.03125 0.8132324 -0.1003418 0.8135986 -0.09448242 0.74646 -0.02807617 0.7446289 -0.09448242 0.74646 -0.06433105 0.6931152 -0.02807617 0.7446289 -0.09448242 0.74646 -0.1524658 0.7497559 -0.06433105 0.6931152 -0.1308594 0.6920166 -0.06433105 0.6931152 -0.1524658 0.7497559 -0.1308594 0.6920166 -0.1348876 0.6208496 -0.06433105 0.6931152 -0.9536134 -1.143799 -1.013062 -1.13623 -1.008545 -1.169312 -0.9536134 -1.143799 -1.013306 -1.080688 -1.013062 -1.13623 -1.008545 -1.169312 -1.070557 -1.169312 -1.016968 -1.203369 -1.008545 -1.169312 -1.055664 -1.14563 -1.070557 -1.169312 0.1286621 1.361938 0.1269531 1.294189 0.1884766 1.38916 0.1286621 1.361938 0.06848144 1.345337 0.1269531 1.294189 0.05737304 1.080933 0.1241455 1.157227 0.05273437 1.157593 0.05737304 1.080933 0.1191406 1.091675 0.1241455 1.157227 -0.5698242 -1.279053 -0.4989014 -1.31958 -0.5047607 -1.265869 -0.5698242 -1.279053 -0.5688477 -1.319458 -0.4989014 -1.31958 1.834229 1.634399 1.894043 1.549438 1.897583 1.619141 1.834229 1.634399 1.832275 1.572021 1.894043 1.549438 -0.05114746 1.261597 0.01318359 1.26355 -0.0427246 1.315186 -0.05114746 1.261597 -0.0625 1.204712 0.01318359 1.26355 -0.1877441 -1.090088 -0.2216797 -1.106567 -0.1712646 -1.106567 -0.1877441 -1.090088 -0.1748047 -1.053589 -0.2216797 -1.106567 0.7335205 1.145386 0.6704102 1.150635 0.7441406 1.081909 0.7335205 1.145386 0.7208252 1.204712 0.6704102 1.150635 0.1955566 -1.270386 0.2664795 -1.256104 0.1981201 -1.247192 0.1955566 -1.270386 0.2581787 -1.310791 0.2664795 -1.256104 0.329834 -1.31958 0.2664795 -1.256104 0.2581787 -1.310791 0.329834 -1.31958 0.3319092 -1.284546 0.2664795 -1.256104 -0.1734619 1.670288 -0.1062012 1.603271 -0.1097412 1.669434 -0.1734619 1.670288 -0.1798096 1.603149 -0.1062012 1.603271 0.4639893 1.304932 0.4644775 1.235229 0.5324707 1.306152 0.4639893 1.304932 0.3968506 1.310791 0.4644775 1.235229 0.1411133 -1.15271 0.1375732 -1.194214 0.2011719 -1.21106 0.1411133 -1.15271 0.07836914 -1.173828 0.1375732 -1.194214 0.6253662 0.737915 0.6295166 0.8095703 0.5510254 0.7336426 0.6253662 0.737915 0.6931152 0.7418213 0.6295166 0.8095703 0.6022949 -1.21106 0.5412598 -1.276245 0.6011963 -1.23877 0.6022949 -1.21106 0.5330811 -1.209229 0.5412598 -1.276245 0.7441406 0.6809082 0.6704102 0.6120605 0.7335205 0.6173096 0.7441406 0.6809082 0.6728516 0.6820068 0.6704102 0.6120605 0.4724121 -1.288696 0.4685059 -1.219482 0.4017334 -1.29126 0.4724121 -1.288696 0.5412598 -1.276245 0.4685059 -1.219482 0.701416 0.810791 0.6295166 0.8095703 0.6931152 0.7418213 0.701416 0.810791 0.7038574 0.8814697 0.6295166 0.8095703 -0.1026611 1.536011 -0.1756592 1.536499 -0.1090088 1.469604 -0.1026611 1.536011 -0.1062012 1.603271 -0.1756592 1.536499 0.4689941 -1.186401 0.4688721 -1.13501 0.4017334 -1.181152 0.4689941 -1.186401 0.5354004 -1.179321 0.4688721 -1.13501 1.748047 1.576904 1.811279 1.615356 1.758545 1.631714 1.748047 1.576904 1.799805 1.550293 1.811279 1.615356 0.7313232 0.5496826 0.6589355 0.4794922 0.7270508 0.4858398 0.7313232 0.5496826 0.65979 0.5506592 0.6589355 0.4794922 1.705688 1.437256 1.66626 1.537109 1.646118 1.463623 1.705688 1.437256 1.720703 1.502197 1.66626 1.537109 -0.2893066 1.73938 -0.2233887 1.667969 -0.2194824 1.734131 -0.2893066 1.73938 -0.3048096 1.673462 -0.2233887 1.667969 1.028198 -0.3840332 1.001587 -0.4490967 1.040405 -0.449707 1.028198 -0.3840332 0.9768067 -0.3894043 1.001587 -0.4490967 -1.028687 0.8284912 -1.092529 0.7502441 -1.034546 0.7576904 -1.028687 0.8284912 -1.081421 0.8148193 -1.092529 0.7502441 -1.210449 1.085938 -1.15332 1.079468 -1.157471 1.11853 -1.210449 1.085938 -1.193726 1.06897 -1.15332 1.079468 0.3294678 1.521118 0.4152832 1.489624 0.3751221 1.550415 0.3294678 1.521118 0.3590088 1.460693 0.4152832 1.489624 0.4152832 1.489624 0.3846436 1.40271 0.4425049 1.422729 0.4152832 1.489624 0.3590088 1.460693 0.3846436 1.40271 -0.3250732 0.8143311 -0.2705078 0.8768311 -0.3339844 0.8782959 -0.3250732 0.8143311 -0.2496338 0.8175049 -0.2705078 0.8768311 -1.294189 -0.6403809 -1.23645 -0.6411133 -1.279663 -0.5740967 -1.294189 -0.6403809 -1.282837 -0.7088623 -1.23645 -0.6411133 1.885742 1.535767 1.841431 1.437256 1.897217 1.473877 1.885742 1.535767 1.832275 1.501709 1.841431 1.437256 -0.5284424 1.049438 -0.4561768 0.9697266 -0.4726563 1.024048 -0.5284424 1.049438 -0.5289307 0.9733887 -0.4561768 0.9697266 1.762329 1.437256 1.791016 1.536743 1.74585 1.488159 1.762329 1.437256 1.805786 1.491821 1.791016 1.536743 -0.4093018 0.8759766 -0.4127197 0.9423828 -0.4561768 0.9697266 -0.4093018 0.8759766 -0.3466797 0.9376221 -0.4127197 0.9423828 -0.3466797 0.9376221 -0.4274902 0.9934082 -0.4127197 0.9423828 -0.3466797 0.9376221 -0.3580322 0.9945068 -0.4274902 0.9934082 -0.4274902 0.9934082 -0.4841309 1.068726 -0.4726563 1.024048 -0.4274902 0.9934082 -0.4249268 1.057373 -0.4841309 1.068726 -1.164795 -0.2071533 -1.164795 -0.269165 -1.141113 -0.2220458 -1.164795 -0.2071533 -1.198853 -0.2608643 -1.164795 -0.269165 -1.22583 -0.317749 -1.164795 -0.269165 -1.198853 -0.2608643 -1.22583 -0.317749 -1.186646 -0.3231201 -1.164795 -0.269165 -0.6706543 0.1846924 -0.6015625 0.256958 -0.6697998 0.2519531 -0.6706543 0.1846924 -0.6033936 0.1905518 -0.6015625 0.256958 0.2613525 0.2352295 0.3292236 0.1929932 0.3291016 0.2327881 0.2613525 0.2352295 0.260498 0.1977539 0.3292236 0.1929932 0.3292236 0.1929932 0.2570801 0.1378174 0.3288574 0.1551514 0.3292236 0.1929932 0.260498 0.1977539 0.2570801 0.1378174 0.1306152 0.2615967 0.1954346 0.2867432 0.1309814 0.2979736 0.1306152 0.2615967 0.1940917 0.2427979 0.1954346 0.2867432 -0.7384033 0.3937988 -0.7381592 0.3162842 -0.6663818 0.3112793 -0.7384033 0.3937988 -0.8082275 0.3216553 -0.7381592 0.3162842 -1.224121 -0.7723389 -1.15564 -0.8339844 -1.171753 -0.7702637 -1.224121 -0.7723389 -1.1875 -0.8300781 -1.15564 -0.8339844 1.575317 1.625977 1.636353 1.553711 1.639893 1.615845 1.575317 1.625977 1.571411 1.560913 1.636353 1.553711 -1.238403 -0.708374 -1.23645 -0.6411133 -1.282837 -0.7088623 -1.238403 -0.708374 -1.187012 -0.708252 -1.23645 -0.6411133 -0.4140625 0.1553955 -0.416626 0.2244873 -0.4777832 0.1501465 -0.4140625 0.1553955 -0.359375 0.1732178 -0.416626 0.2244873 -0.04980468 0.3411865 0.009155273 0.3736572 -0.05456542 0.378418 -0.04980468 0.3411865 0.004760742 0.3166504 0.009155273 0.3736572 -1.200195 -1.022217 -1.164795 -1.013062 -1.22583 -0.9645996 -1.200195 -1.022217 -1.17688 -1.082153 -1.164795 -1.013062 -1.185425 -0.8950195 -1.135864 -0.9564209 -1.14624 -0.8985596 -1.185425 -0.8950195 -1.186646 -0.9591064 -1.135864 -0.9564209 -1.115723 -1.121094 -1.108765 -1.062012 -1.14624 -1.064453 -1.115723 -1.121094 -1.098389 -1.103516 -1.108765 -1.062012 -0.9549561 0.4725342 -0.880127 0.397583 -0.8826904 0.4699707 -0.9549561 0.4725342 -0.9562988 0.3962402 -0.880127 0.397583 0.5356445 0.2364502 0.4627686 0.2867432 0.4639893 0.2427979 0.5356445 0.2364502 0.5272217 0.2979736 0.4627686 0.2867432 -0.8792725 0.2469482 -0.8082275 0.3216553 -0.8818359 0.3179932 -0.8792725 0.2469482 -0.8068848 0.2467041 -0.8082275 0.3216553 -0.8082275 0.3216553 -0.7385254 0.2481689 -0.7381592 0.3162842 -0.8082275 0.3216553 -0.8068848 0.2467041 -0.7385254 0.2481689 0.01660156 1.450195 -0.07080078 1.442871 -0.03649902 1.40271 0.01660156 1.450195 -0.001953125 1.468872 -0.07080078 1.442871 0.8752441 -1.058228 0.8568115 -1.040649 0.8359375 -1.112915 0.8752441 -1.058228 0.9230957 -1.011353 0.8568115 -1.040649 0.803833 -1.032959 0.7655029 -1.101929 0.8140869 -1.080811 0.803833 -1.032959 0.7648926 -1.059326 0.7655029 -1.101929 1.077393 -0.7214355 1.028198 -0.7851563 1.083984 -0.7941895 1.077393 -0.7214355 1.040405 -0.7196045 1.028198 -0.7851563 -1.141479 0.2813721 -1.083008 0.3415527 -1.154419 0.3424072 -1.141479 0.2813721 -1.073608 0.2790527 -1.083008 0.3415527 0.6380615 0.3909912 0.6953125 0.3601074 0.6907959 0.4078369 0.6380615 0.3909912 0.6418457 0.3377686 0.6953125 0.3601074 0.9230957 -1.011353 1.008301 -0.9876709 0.9639893 -0.9649658 0.9230957 -1.011353 0.9453125 -1.026245 1.008301 -0.9876709 -0.07080078 1.442871 -0.03735351 1.500977 -0.0760498 1.459229 -0.07080078 1.442871 -0.001953125 1.468872 -0.03735351 1.500977 0.2680664 -0.09851074 0.2011719 -0.1696777 0.2667236 -0.1610107 0.2680664 -0.09851074 0.2036133 -0.1082764 0.2011719 -0.1696777 2.001465 1.030151 1.959961 1.026611 2.018433 0.9666748 2.001465 1.030151 1.981201 1.089478 1.959961 1.026611 -0.2073975 1.411743 -0.3063965 1.461182 -0.279541 1.40271 -0.2073975 1.411743 -0.2202148 1.473633 -0.3063965 1.461182 1.251343 0.1433105 1.324829 0.2158203 1.258545 0.2225342 1.251343 0.1433105 1.325928 0.1555176 1.324829 0.2158203 1.074951 0.2635498 1.022461 0.2818604 1.02002 0.237915 1.074951 0.2635498 1.031738 0.3497314 1.022461 0.2818604 0.04443359 -0.447876 0.1158447 -0.5158691 0.1165771 -0.4466553 0.04443359 -0.447876 0.03967285 -0.5161133 0.1158447 -0.5158691 0.5977783 1.537476 0.6604004 1.469727 0.6628418 1.53772 0.5977783 1.537476 0.5821533 1.471558 0.6604004 1.469727 0.6604004 1.469727 0.5914307 1.40271 0.6605225 1.40271 0.6604004 1.469727 0.5821533 1.471558 0.5914307 1.40271 0.02978515 -0.1507568 0.07836914 -0.1929932 0.08642578 -0.1390381 0.02978515 -0.1507568 0.0213623 -0.2043457 0.07836914 -0.1929932 0.1324463 -0.2432861 0.0604248 -0.3153076 0.1254883 -0.3083496 0.1324463 -0.2432861 0.07092285 -0.2539063 0.0604248 -0.3153076 1.896484 1.185059 1.920166 1.137939 1.920166 1.199951 1.896484 1.185059 1.857422 1.180908 1.920166 1.137939 0.9521484 -0.5174561 0.8903809 -0.5834961 0.9538574 -0.5845947 0.9521484 -0.5174561 0.8942871 -0.517334 0.8903809 -0.5834961 0.6293945 -0.5845947 0.5593262 -0.5047607 0.5545654 -0.5861816 0.6293945 -0.5845947 0.6274414 -0.5118408 0.5593262 -0.5047607 0.6710205 -0.2432861 0.6066895 -0.3061523 0.673584 -0.3132324 0.6710205 -0.2432861 0.6037598 -0.2376708 0.6066895 -0.3061523 0.5385742 -0.9418945 0.4686279 -1.009155 0.5313721 -0.9888916 0.5385742 -0.9418945 0.4703369 -0.9468994 0.4686279 -1.009155 0.6811523 -0.7908936 0.605957 -0.861084 0.6779785 -0.8609619 0.6811523 -0.7908936 0.6125488 -0.7958984 0.605957 -0.861084 0.8269043 -0.6516113 0.7576904 -0.7210693 0.8254395 -0.7196045 0.8269043 -0.6516113 0.7567139 -0.6516113 0.7576904 -0.7210693 0.9476318 -0.651001 0.8768311 -0.7141113 0.9379883 -0.7159424 0.9476318 -0.651001 0.8775635 -0.6478271 0.8768311 -0.7141113 1.998169 1.463623 1.918823 1.478027 1.97229 1.437256 1.998169 1.463623 1.969849 1.526001 1.918823 1.478027 0.04223632 1.580811 0.04125976 1.519775 0.07629394 1.57251 0.04223632 1.580811 -0.008666992 1.562134 0.04125976 1.519775 0.04125976 1.519775 -0.03735351 1.500977 -0.001953125 1.468872 0.04125976 1.519775 -0.008666992 1.562134 -0.03735351 1.500977 0.1697998 1.42395 0.1033936 1.475464 0.104126 1.40271 0.1697998 1.42395 0.1658936 1.490723 0.1033936 1.475464 0.1033936 1.475464 0.1654053 1.557983 0.1036377 1.542114 0.1033936 1.475464 0.1658936 1.490723 0.1654053 1.557983 2.038208 0.6983643 1.995483 0.6306152 2.032837 0.630249 2.038208 0.6983643 1.993774 0.6988525 1.995483 0.6306152 0.05200195 -0.788208 0.1192627 -0.7929688 0.04443359 -0.7214355 0.05200195 -0.788208 0.0604248 -0.8540039 0.1192627 -0.7929688 0.3205566 -0.583374 0.3970947 -0.6628418 0.3995361 -0.5848389 0.3205566 -0.583374 0.321167 -0.6602783 0.3970947 -0.6628418 0.3997803 -1.06665 0.3345947 -1.13501 0.4017334 -1.137451 0.3997803 -1.06665 0.3344727 -1.077148 0.3345947 -1.13501 1.45459 0.1932373 1.459717 0.1199951 1.522461 0.1882324 1.45459 0.1932373 1.391846 0.1710205 1.459717 0.1199951 1.391846 0.1710205 1.324829 0.2158203 1.325928 0.1555176 1.391846 0.1710205 1.391968 0.2132568 1.324829 0.2158203 1.715332 0.177002 1.763916 0.237915 1.709961 0.2160645 1.715332 0.177002 1.772339 0.2038574 1.763916 0.237915 1.876221 0.2818604 1.857422 0.3007813 1.825928 0.237915 1.876221 0.2818604 1.920166 0.3322754 1.857422 0.3007813 0.01000976 -0.9080811 0.0604248 -0.8540039 -0.002563476 -0.8487549 0.01000976 -0.9080811 0.07092285 -0.9154053 0.0604248 -0.8540039 0.08471679 -1.08728 0.08288574 -1.035278 0.02978515 -1.018555 0.08471679 -1.08728 0.1411133 -1.048706 0.08288574 -1.035278 1.920166 0.3322754 1.99585 0.3648682 1.954224 0.3858643 1.920166 0.3322754 1.943481 0.3155518 1.99585 0.3648682 1.531006 1.423584 1.52417 1.344482 1.598022 1.409668 1.531006 1.423584 1.460083 1.394043 1.52417 1.344482 1.190674 1.180908 1.116943 1.114746 1.182861 1.124878 1.190674 1.180908 1.12793 1.167236 1.116943 1.114746 1.324097 1.413208 1.258301 1.360718 1.324707 1.367798 1.324097 1.413208 1.255493 1.411377 1.258301 1.360718 1.26001 1.24353 1.324829 1.316406 1.258545 1.30957 1.26001 1.24353 1.325317 1.251221 1.324829 1.316406 1.260864 1.56543 1.27478 1.485718 1.299683 1.552856 1.260864 1.56543 1.210571 1.527466 1.27478 1.485718 1.069336 1.155151 1.116943 1.114746 1.12793 1.167236 1.069336 1.155151 1.056763 1.101929 1.116943 1.114746 1.17395 1.473145 1.27478 1.485718 1.210571 1.527466 1.17395 1.473145 1.220215 1.437256 1.27478 1.485718 0.989624 1.098999 0.9193115 1.029907 0.9949951 1.029663 0.989624 1.098999 0.9411621 1.086304 0.9193115 1.029907 0.9771729 1.182251 1.031128 1.188843 0.9770509 1.231445 0.9771729 1.182251 0.9769287 1.118408 1.031128 1.188843 1.809326 0.8312988 1.878052 0.8999023 1.803467 0.8968506 1.809326 0.8312988 1.883301 0.833252 1.878052 0.8999023 1.663574 1.109131 1.602661 1.051758 1.668457 1.041626 1.663574 1.109131 1.595581 1.115723 1.602661 1.051758 1.525635 1.252197 1.459717 1.195557 1.526855 1.189697 1.525635 1.252197 1.458374 1.251709 1.459717 1.195557 1.391968 0.2711182 1.391968 0.2132568 1.459106 0.2158203 1.391968 0.2711182 1.324829 0.2158203 1.391968 0.2132568 1.517212 0.6940918 1.605225 0.7666016 1.513306 0.7670898 1.517212 0.6940918 1.603516 0.6975098 1.605225 0.7666016 1.399048 1.489136 1.326904 1.518555 1.329956 1.437256 1.399048 1.489136 1.401855 1.545654 1.326904 1.518555 0.8815918 0.4456787 0.9650879 0.4016113 0.9350586 0.4423828 0.8815918 0.4456787 0.9134521 0.4042969 0.9650879 0.4016113 -0.07312011 -0.9052734 -0.1257324 -0.9616699 -0.07800292 -0.9648438 -0.07312011 -0.9052734 -0.105835 -0.9068604 -0.1257324 -0.9616699 -0.8395996 -0.1541748 -0.7703857 -0.1541748 -0.833252 -0.1075439 -0.8395996 -0.1541748 -0.8370361 -0.2264404 -0.7703857 -0.1541748 0.7384033 1.571533 0.788208 1.500854 0.8013916 1.565186 0.7384033 1.571533 0.6885986 1.525635 0.788208 1.500854 -0.9040527 -0.1654053 -0.9628906 -0.2474365 -0.9049072 -0.2319336 -0.9040527 -0.1654053 -0.9675293 -0.1757813 -0.9628906 -0.2474365 0.7003174 1.447144 0.788208 1.500854 0.6885986 1.525635 0.7003174 1.447144 0.7769775 1.437256 0.788208 1.500854 -1.186646 -0.3231201 -1.139282 -0.3240967 -1.164795 -0.269165 -1.186646 -0.3231201 -1.209473 -0.378418 -1.139282 -0.3240967 -1.111816 -0.2196045 -1.078247 -0.1547852 -1.108276 -0.1743164 -1.111816 -0.2196045 -1.064941 -0.215332 -1.078247 -0.1547852 -0.1738281 -0.3840332 -0.08935546 -0.4395752 -0.1097412 -0.3771973 -0.1738281 -0.3840332 -0.1547852 -0.4414063 -0.08935546 -0.4395752 -0.1307373 -0.6411133 -0.1983643 -0.5727539 -0.1989746 -0.640625 -0.1307373 -0.6411133 -0.133667 -0.5720215 -0.1983643 -0.5727539 0.8502197 0.8363037 0.7736816 0.7662354 0.8555908 0.7670898 0.8502197 0.8363037 0.7764893 0.8353271 0.7736816 0.7662354 -0.4389648 -0.1083984 -0.3841553 -0.1900635 -0.3769531 -0.1220703 -0.4389648 -0.1083984 -0.4384766 -0.1647949 -0.3841553 -0.1900635 2.009277 1.575684 2.078125 1.558472 2.05603 1.627197 2.009277 1.575684 2.012329 1.539551 2.078125 1.558472 -0.5710449 -0.1008301 -0.5036621 -0.1580811 -0.5054932 -0.1085205 -0.5710449 -0.1008301 -0.5700684 -0.1529541 -0.5036621 -0.1580811 -0.2075195 -0.2755127 -0.1435547 -0.3363037 -0.1680908 -0.2885742 -0.2075195 -0.2755127 -0.1914063 -0.3297119 -0.1435547 -0.3363037 -0.3132324 -0.2493896 -0.2449951 -0.317749 -0.2563477 -0.2608643 -0.3132324 -0.2493896 -0.3059082 -0.3104248 -0.2449951 -0.317749 -0.3205566 -0.1397705 -0.2647705 -0.2071533 -0.2670898 -0.1568604 -0.3205566 -0.1397705 -0.3271484 -0.204834 -0.2647705 -0.2071533 -0.4372559 -1.262939 -0.3760986 -1.209106 -0.4385986 -1.224365 -0.4372559 -1.262939 -0.3725586 -1.25061 -0.3760986 -1.209106 -0.4388428 -1.174194 -0.5063477 -1.173096 -0.5098877 -1.203491 -0.4388428 -1.174194 -0.5057373 -1.113892 -0.5063477 -1.173096 0.7814941 0.6286621 0.8563232 0.5654297 0.8623047 0.6290283 0.7814941 0.6286621 0.7928467 0.5621338 0.8563232 0.5654297 -0.3673096 -0.9824219 -0.3027344 -0.904541 -0.3608398 -0.9169922 -0.3673096 -0.9824219 -0.3084717 -0.9692384 -0.3027344 -0.904541 -0.166748 -0.90271 -0.1257324 -0.9616699 -0.105835 -0.9068604 -0.166748 -0.90271 -0.1861572 -0.9520264 -0.1257324 -0.9616699 0.4017334 0.06347656 0.4017334 0.01452636 0.4694824 0.06152343 0.4017334 0.06347656 0.3339844 0.06152343 0.4017334 0.01452636 -0.8062744 1.261719 -0.7384033 1.262817 -0.7384033 1.300171 -0.8062744 1.261719 -0.7384033 1.218262 -0.7384033 1.262817 -1.007568 -0.7830811 -0.9267578 -0.8557129 -0.9261475 -0.7797852 -1.007568 -0.7830811 -1.001221 -0.8535156 -0.9267578 -0.8557129 -1.106934 -0.7694092 -1.051636 -0.8416748 -1.05957 -0.7758789 -1.106934 -0.7694092 -1.102051 -0.8348389 -1.051636 -0.8416748 -0.9387207 2.182983 -1.007813 2.110718 -0.9394531 2.115723 -0.9387207 2.182983 -1.005859 2.177124 -1.007813 2.110718 -1.291138 2.225464 -1.235718 2.178711 -1.240479 2.237793 -1.291138 2.225464 -1.290039 2.172485 -1.235718 2.178711 -1.235718 2.178711 -1.30481 2.125366 -1.245605 2.128052 -1.235718 2.178711 -1.290039 2.172485 -1.30481 2.125366 -0.8353271 -1.05188 -0.7668457 -1.114258 -0.7689209 -1.056763 -0.8353271 -1.05188 -0.8339844 -1.11377 -0.7668457 -1.114258 -0.8549805 -0.9399414 -0.7734375 -0.9984131 -0.7805176 -0.9431152 -0.8549805 -0.9399414 -0.8405762 -0.9898682 -0.7734375 -0.9984131 -0.7034912 -1.066284 -0.6367188 -1.13147 -0.637085 -1.067261 -0.7034912 -1.066284 -0.7028809 -1.12854 -0.6367188 -1.13147 -1.100708 -0.9017334 -1.02832 -0.9645996 -1.041016 -0.9052734 -1.100708 -0.9017334 -1.085938 -0.9591064 -1.02832 -0.9645996 -0.9852295 -0.916626 -0.9060059 -0.9818115 -0.9293213 -0.9348145 -0.9852295 -0.916626 -0.9660645 -0.9705811 -0.9060059 -0.9818115 -0.960083 -1.032837 -0.8972168 -1.105225 -0.9007568 -1.045532 -0.960083 -1.032837 -0.9545898 -1.090454 -0.8972168 -1.105225 -1.070557 -1.013062 -1.013306 -1.080688 -1.016968 -1.021484 -1.070557 -1.013062 -1.055664 -1.060181 -1.013306 -1.080688 1.624878 1.484863 1.526489 1.502686 1.562134 1.437256 1.624878 1.484863 1.593506 1.540039 1.526489 1.502686 -0.4522705 1.821655 -0.5042725 1.894531 -0.5214844 1.823486 -0.4522705 1.821655 -0.4353027 1.892578 -0.5042725 1.894531 -0.4449463 1.959473 -0.5042725 1.894531 -0.4353027 1.892578 -0.4449463 1.959473 -0.5119629 1.962524 -0.5042725 1.894531 -0.5119629 1.962524 -0.5805664 1.967773 -0.5042725 1.894531 -0.5119629 1.962524 -0.543457 2.010254 -0.5805664 1.967773 0.2681885 0.009033203 0.1951904 0.06030273 0.2037354 -0.002075195 0.2681885 0.009033203 0.2681885 0.03759765 0.1951904 0.06030273 0.1951904 0.06030273 0.2650146 0.08422851 0.1922607 0.09765625 0.1951904 0.06030273 0.2681885 0.03759765 0.2650146 0.08422851 -0.5688477 0.005126953 -0.4997559 0.03442382 -0.5671387 0.04699707 -0.5688477 0.005126953 -0.5036621 -0.009887695 -0.4997559 0.03442382 -0.4443359 -0.05175781 -0.4997559 0.03442382 -0.5036621 -0.009887695 -0.4443359 -0.05175781 -0.4367676 0.01208496 -0.4997559 0.03442382 -0.4997559 0.03442382 -0.4283447 0.04968261 -0.4907227 0.08044433 -0.4997559 0.03442382 -0.4367676 0.01208496 -0.4283447 0.04968261 0.3339844 0.06152343 0.2650146 0.08422851 0.2681885 0.03759765 0.3339844 0.06152343 0.3331299 0.09899902 0.2650146 0.08422851 1.727051 1.623291 1.661377 1.567505 1.727173 1.550781 1.727051 1.623291 1.660889 1.630493 1.661377 1.567505 -0.3724365 2.133789 -0.430542 2.12915 -0.3491211 2.082275 -0.3724365 2.133789 -0.3918457 2.180542 -0.430542 2.12915 1.918579 1.571045 1.988403 1.581055 1.966797 1.627197 1.918579 1.571045 1.937134 1.539673 1.988403 1.581055 -0.567749 2.134033 -0.6026611 2.230957 -0.6046143 2.162964 -0.567749 2.134033 -0.5460205 2.212891 -0.6026611 2.230957 -1.083008 0.3415527 -1.007813 0.2719727 -1.014771 0.3387451 -1.083008 0.3415527 -1.073608 0.2790527 -1.007813 0.2719727 -0.4395752 2.184814 -0.430542 2.12915 -0.3918457 2.180542 -0.4395752 2.184814 -0.4899902 2.19812 -0.430542 2.12915 -0.3706055 -0.01159667 -0.4443359 -0.05175781 -0.3701172 -0.02441406 -0.3706055 -0.01159667 -0.4367676 0.01208496 -0.4443359 -0.05175781 -0.6625977 1.471069 -0.6048584 1.418945 -0.6004639 1.484619 -0.6625977 1.471069 -0.6710205 1.410767 -0.6048584 1.418945 0.557251 1.40271 0.4691162 1.464233 0.4987793 1.404907 0.557251 1.40271 0.550293 1.467041 0.4691162 1.464233 0.4691162 1.464233 0.5447998 1.532471 0.4899902 1.53833 0.4691162 1.464233 0.550293 1.467041 0.5447998 1.532471 -0.4431152 1.617065 -0.513916 1.616821 -0.4559326 1.552856 -0.4431152 1.617065 -0.4407959 1.685547 -0.513916 1.616821 -0.2592773 -0.1070557 -0.21521 -0.1341553 -0.2027588 -0.112915 -0.2592773 -0.1070557 -0.2216797 -0.1756592 -0.21521 -0.1341553 -0.5058594 -0.05847167 -0.5688477 0.005126953 -0.5701904 -0.04626464 -0.5058594 -0.05847167 -0.5036621 -0.009887695 -0.5688477 0.005126953 -0.9094238 -0.0078125 -0.894043 -0.07421875 -0.8425293 0.008666992 -0.9094238 -0.0078125 -0.97229 -0.03112792 -0.894043 -0.07421875 -0.4013672 1.247192 -0.4150391 1.203247 -0.3356934 1.224121 -0.4013672 1.247192 -0.4686279 1.258911 -0.4150391 1.203247 -1.187012 -0.708252 -1.189453 -0.6411133 -1.23645 -0.6411133 1.806885 0.3007813 1.763916 0.237915 1.811035 0.2617188 1.920166 0.394165 1.981201 0.442749 1.942017 0.4481201 0.069458 -0.9859619 0.131958 -0.9979248 0.1324463 -0.9259033 0.5473633 -0.3621826 0.5511475 -0.4348145 0.6242676 -0.4389648 1.088867 1.565552 1.141113 1.502075 1.151855 1.56604 0.3339844 -0.1551514 0.4017334 -0.0895996 0.3344727 -0.09216308 1.920166 0.394165 1.852295 0.355835 1.896484 0.3470459 -0.8830566 0.9667969 -0.8079834 0.8886719 -0.8111572 0.972168 -0.9007568 0.802002 -0.8925781 0.7390137 -0.8135986 0.7237549 -0.9466553 1.043945 -0.8780518 1.047852 -0.8741455 1.103638 -0.1062012 1.603271 -0.1798096 1.603149 -0.1756592 1.536499 0.7038574 0.8814697 0.6315918 0.8814697 0.6295166 0.8095703 0.6879883 -0.5167236 0.6802979 -0.4470215 0.6242676 -0.4389648 0.5412598 -1.276245 0.5330811 -1.209229 0.4685059 -1.219482 0.6159668 -1.296021 0.675415 -1.25 0.6710205 -1.228271 1.323853 1.178467 1.254395 1.179199 1.251099 1.133301 0.3851318 0.8874512 0.3143311 0.8875732 0.3083496 0.8022461 0.3964844 -0.5068359 0.4742432 -0.5838623 0.4780273 -0.5030518 1.182495 1.054077 1.249146 1.061401 1.251099 1.133301 0.3912354 0.71875 0.4781494 0.7957764 0.3885498 0.791748 -0.4475098 0.5444336 -0.3834229 0.4783936 -0.3760986 0.5456543 0.4008789 0.5809326 0.4725342 0.5852051 0.4747314 0.6589355 1.196411 1.293213 1.258301 1.360718 1.193848 1.349487 1.323853 1.178467 1.391479 1.190918 1.3927 1.254517 -1.307983 -0.7769775 -1.282837 -0.7088623 -1.320313 -0.7097168 0.3912354 0.71875 0.3291016 0.6538086 0.4018555 0.6556396 1.182495 1.054077 1.123169 1.044922 1.151611 1.006348 0.5510254 0.7336426 0.4725342 0.723877 0.4747314 0.6589355 1.320068 1.066528 1.264404 0.9859619 1.317383 0.9909668 0.5571289 0.883667 0.4781494 0.7957764 0.5541992 0.8070068 1.075073 0.9204102 1.157227 0.9243164 1.151611 1.006348 1.061401 1.039795 0.9958496 0.9793701 1.078491 0.9963379 0.461792 0.3990479 0.4624023 0.338623 0.526123 0.3499756 0.4641113 0.5310059 0.5296631 0.4664307 0.5327148 0.5317383 0.9979248 0.8414307 0.9934082 0.769165 1.071411 0.772583 0.8880615 1.437256 0.8399658 1.509277 0.8282471 1.452759 0.6524658 1.272949 0.5983887 1.222656 0.65979 1.212036 1.141479 1.20459 1.132202 1.285156 1.074951 1.268677 -0.4559326 0.4058838 -0.4621582 0.3378906 -0.3970947 0.3448486 0.3339844 -0.1551514 0.2668457 -0.2336426 0.3366699 -0.2373047 1.061401 1.039795 1.116943 1.114746 1.056763 1.101929 -0.5915527 0.3937988 -0.6665039 0.4677734 -0.6688232 0.3944092 0.4694824 -0.1551514 0.5366211 -0.1610107 0.5362549 -0.09558105 0.4688721 -0.02722167 0.4017334 -0.0895996 0.4689941 -0.09216308 -0.1772461 -0.2329102 -0.1333008 -0.2886963 -0.1378174 -0.2249756 1.035889 1.50061 1.03833 1.567749 0.9732666 1.567871 0.3291016 1.245972 0.3968506 1.162109 0.397583 1.243652 0.5306396 1.151978 0.5983887 1.222656 0.5306396 1.227539 0.3851318 0.8874512 0.4746094 0.8850098 0.4755859 0.9580078 1.743774 0.901001 1.798828 0.9627686 1.736084 0.967041 -0.5964355 0.5469971 -0.5865479 0.6142578 -0.6630859 0.6151123 1.528564 0.9765625 1.528198 1.050049 1.453247 1.047485 0.4023438 1.032349 0.3269043 0.9580078 0.3945313 0.9644775 1.528564 0.9765625 1.519287 0.9003906 1.60437 0.9056396 0.5571289 0.883667 0.6295166 0.9532471 0.5548096 0.9552002 0.5516357 1.026978 0.4772949 1.029541 0.4755859 0.9580078 1.684448 0.8359375 1.680298 0.9056396 1.60437 0.9056396 0.5306396 1.151978 0.4747314 1.103882 0.5471191 1.099365 1.527588 0.836792 1.461182 0.9127197 1.466553 0.8408203 1.391968 0.8416748 1.391968 0.7661133 1.467163 0.7661133 1.648926 1.2229 1.587891 1.287964 1.588867 1.239014 0.5516357 1.026978 0.6253662 1.02478 0.6087646 1.087524 -0.4559326 0.4058838 -0.4520264 0.475708 -0.5218506 0.4725342 0.4023438 1.032349 0.4747314 1.103882 0.4018555 1.107056 1.387451 1.116699 1.387329 1.054199 1.453247 1.047485 0.6623535 -0.1206055 0.7283936 -0.1885986 0.7197266 -0.1352539 1.459106 1.316406 1.39209 1.312988 1.3927 1.254517 1.785889 1.091187 1.850464 1.023438 1.841309 1.083984 1.894653 1.083008 1.876221 1.13562 1.825928 1.137939 1.785889 1.091187 1.71582 1.158325 1.72644 1.099609 1.760254 1.196777 1.772339 1.264526 1.720825 1.286743 1.648926 1.2229 1.71582 1.158325 1.706909 1.211914 1.760254 1.196777 1.776245 1.150757 1.825928 1.137939 1.857422 1.180908 1.819092 1.245117 1.811035 1.185059 -0.01098632 1.14978 0.06018066 1.222046 -8.54492e-4 1.211426 0.253418 0.8814697 0.3269043 0.9580078 0.2543945 0.9560547 0.2537842 1.033569 0.1887207 1.021729 0.1806641 0.9541016 1.886963 0.7661133 1.944824 0.7661133 1.949219 0.8334961 0.3294678 1.106812 0.3293457 1.165161 0.2608643 1.168701 0.1121826 0.8812256 0.03662109 0.8813477 0.03833007 0.8120117 1.444092 1.491455 1.460083 1.45459 1.496094 1.437256 0.1951904 0.3945313 0.2619629 0.3310547 0.2618408 0.388916 1.459717 0.3366699 1.526855 0.3425293 1.528809 0.4088135 0.878418 -0.1586914 0.8566895 -0.1297607 0.8218994 -0.112793 0.1954346 0.5317383 0.1939697 0.6008301 0.1259766 0.6057129 0.5898438 0.3129883 0.6009521 0.2539063 0.6618652 0.2747803 1.600342 0.4837646 1.668213 0.4898682 1.674438 0.5578613 0.1951904 0.3945313 0.1300049 0.46875 0.1259766 0.3935547 0.253418 0.8814697 0.1785889 0.8076172 0.2543945 0.8067627 1.525879 0.5571289 1.462891 0.6179199 1.453735 0.5512695 1.753296 0.6281738 1.680298 0.626709 1.674438 0.5578613 0.255249 0.730957 0.3226318 0.727417 0.3083496 0.8022461 0.1199951 0.7437744 0.1785889 0.8076172 0.1138916 0.8122559 1.878052 0.6324463 1.812012 0.5628662 1.884399 0.5605469 1.753296 0.6281738 1.815674 0.6312256 1.821533 0.6983643 1.878052 0.6324463 1.94519 0.6988525 1.884521 0.6988525 1.886963 0.7661133 1.817749 0.765625 1.821533 0.6983643 0.1199951 0.7437744 0.05041503 0.6759033 0.1256104 0.6765137 1.652588 0.302124 1.651733 0.2470703 1.708984 0.2635498 -0.1348876 0.6208496 -0.05578613 0.626709 -0.06433105 0.6931152 1.651001 0.439209 1.715332 0.3745117 1.722656 0.4354248 1.806885 0.3007813 1.852295 0.355835 1.805176 0.3529053 -0.9576416 -0.1468506 -0.8791504 -0.1593018 -0.894043 -0.07421875 1.146851 0.7004395 1.149536 0.7731934 1.071411 0.772583 -0.5465088 1.130981 -0.4777832 1.182129 -0.5402832 1.19751 1.147217 0.5458984 1.07666 0.6281738 1.070679 0.5518799 -0.7044678 0.005126953 -0.7709961 -0.0349121 -0.7039795 -0.03930664 1.265503 0.5449219 1.250122 0.4705811 1.31958 0.4642334 0.470459 -0.8706055 0.4022217 -0.8728027 0.4017334 -0.9493408 1.265503 0.5449219 1.299561 0.6140137 1.213379 0.6234131 1.147217 0.5458984 1.183105 0.479126 1.209961 0.5446777 1.146851 0.7004395 1.146118 0.6281738 1.213379 0.6234131 -0.8702393 1.677002 -0.8709717 1.754517 -0.9455567 1.75415 1.39209 0.6906738 1.347412 0.7678223 1.346558 0.692627 -1.021362 1.681519 -0.9429932 1.600586 -0.9510498 1.680054 1.194092 0.2331542 1.259888 0.2879639 1.197876 0.3028564 1.253906 0.4075928 1.183105 0.479126 1.185547 0.4129639 1.253906 0.4075928 1.324219 0.3468018 1.321411 0.4147949 1.388794 0.4163818 1.387573 0.4769287 1.31958 0.4642334 -1.163452 1.683716 -1.15918 1.614014 -1.088989 1.610962 0.9267578 0.5020752 1.002441 0.4934082 1.000732 0.555542 -1.021362 1.681519 -1.092651 1.753418 -1.09082 1.682739 -0.5964355 0.5469971 -0.5941162 0.4699707 -0.5218506 0.4725342 0.3291016 0.2802734 0.2619629 0.3310547 0.2618408 0.2796631 -1.028564 1.524536 -1.026245 1.604858 -1.088989 1.610962 1.065552 0.4869385 0.9920654 0.435791 1.054321 0.4279785 -0.7384033 1.218262 -0.737793 1.156006 -0.6734619 1.146362 1.066284 0.3798828 1.129272 0.3779297 1.115601 0.4157715 -1.228271 1.616577 -1.285889 1.552856 -1.220581 1.549927 0.2205811 1.455933 0.2261963 1.522583 0.1964111 1.500854 0.9295654 0.3536377 0.9429932 0.3172607 0.9770509 0.3007813 0.1954346 0.2867432 0.1940917 0.2427979 0.2613525 0.2352295 -0.539917 0.2034912 -0.4781494 0.2156982 -0.4713135 0.2757568 -1.235596 1.753418 -1.302856 1.753418 -1.300415 1.685669 1.02002 1.294189 1.022461 1.250366 1.074951 1.268677 -0.6365967 -0.2764893 -0.7042236 -0.2126465 -0.7052002 -0.2788086 -0.8370361 -0.2264404 -0.9060059 -0.2998047 -0.8374023 -0.2962646 -0.6048584 1.418945 -0.6044922 1.344238 -0.5340576 1.345947 -0.4747314 1.427246 -0.532959 1.487671 -0.5401611 1.422729 -0.513916 1.616821 -0.4407959 1.685547 -0.508667 1.684937 -0.5889893 1.545532 -0.532959 1.487671 -0.5212402 1.549927 -0.8449707 -0.3586426 -0.776123 -0.3529053 -0.7714844 -0.2888184 -0.8702393 1.677002 -0.8728027 1.618896 -0.7978516 1.600586 -0.7237549 1.681641 -0.7971191 1.753418 -0.7945557 1.680786 -0.7840576 -0.5678711 -0.7895508 -0.6394043 -0.710083 -0.6398926 -0.6365967 -0.5670166 -0.7091064 -0.4934082 -0.7093506 -0.5683594 -1.122803 -0.5074463 -1.051636 -0.4405518 -1.113037 -0.4429932 -0.9779053 -0.3718262 -1.051636 -0.4405518 -0.9863281 -0.4375 -0.7215576 1.528076 -0.7185059 1.607666 -0.7978516 1.600586 -0.5889893 1.545532 -0.6542969 1.611694 -0.6588135 1.541382 -0.9938965 -0.5042725 -0.9249268 -0.501709 -0.9190674 -0.4328613 -1.122803 -0.5074463 -1.180664 -0.574707 -1.12915 -0.5738525 0.6623535 -1.15271 0.6568604 -1.095337 0.5996094 -1.117676 0.5335693 -1.060669 0.5351563 -1.128174 0.5996094 -1.117676 -0.9779053 -0.3718262 -0.9060059 -0.2998047 -0.9627686 -0.3146973 -0.7215576 1.528076 -0.7250977 1.456055 -0.6625977 1.471069 0.6577148 -1.039795 0.5985107 -0.9849854 0.5993652 -1.059814 -0.7237549 1.681641 -0.6542969 1.611694 -0.651001 1.682739 -1.095093 -0.3837891 -1.155151 -0.3817139 -1.1698 -0.4432373 -0.4899902 2.19812 -0.5054932 2.119995 -0.430542 2.12915 -0.4932861 2.058105 -0.3986816 2.015625 -0.4173584 2.068726 0.6224365 -0.729126 0.675415 -0.7191162 0.6806641 -0.6522217 -0.3441162 -0.5712891 -0.2788086 -0.6409912 -0.2813721 -0.574585 0.4017334 0.01452636 0.3339844 0.06152343 0.3344727 0.01708984 -0.8709717 1.827271 -0.7971191 1.753418 -0.7982178 1.826172 -0.2235107 -0.4447021 -0.2120361 -0.5078125 -0.1411133 -0.5045166 0.6224365 -0.729126 0.5498047 -0.7327881 0.5473633 -0.8071289 0.07836914 -0.1929932 0.0213623 -0.2043457 0.01000976 -0.2612305 0.1218262 0.1942139 0.1922607 0.2058105 0.1274414 0.2253417 -0.494873 -0.4245605 -0.5667725 -0.3486328 -0.565918 -0.4212646 -0.637085 -0.4221191 -0.6365967 -0.4914551 -0.5646973 -0.4945068 -0.494873 -0.4245605 -0.4200439 -0.4993896 -0.4245605 -0.4290771 -0.4901123 -0.5692139 -0.4886475 -0.6411133 -0.4196777 -0.6416016 -0.3441162 -0.5712891 -0.4200439 -0.4993896 -0.4195557 -0.5712891 -0.4901123 -0.5692139 -0.4924316 -0.4968262 -0.5646973 -0.4945068 -0.6365967 -0.5670166 -0.5628662 -0.6411133 -0.5638428 -0.5683594 0.470459 -0.8706055 0.5393066 -0.8688965 0.5473633 -0.8071289 -0.7243652 1.825439 -0.7266846 1.897705 -0.7990723 1.900024 -0.5805664 1.967773 -0.6566162 2.043823 -0.6589355 1.965088 -0.6365967 -0.1461182 -0.6365967 -0.08825683 -0.7015381 -0.1114502 0.5512695 -0.6591797 0.4742432 -0.5838623 0.4754639 -0.6605225 -0.4997559 -0.2838135 -0.501709 -0.2175292 -0.5695801 -0.2154541 -0.6365967 -0.2764893 -0.5667725 -0.3486328 -0.5681152 -0.2788086 -0.263916 1.035645 -0.2728271 1.080933 -0.3234863 1.079468 -0.6365967 -0.1461182 -0.6365967 -0.2092285 -0.5695801 -0.2154541 -0.3656006 1.143677 -0.3687744 1.098389 -0.3234863 1.079468 -0.7393799 1.124146 -0.737915 1.053101 -0.6678467 1.051147 0.8157959 -0.7845459 0.8016357 -0.8458252 0.8653564 -0.8449707 -0.1772461 -0.2329102 -0.2216797 -0.1756592 -0.2175292 -0.2220458 -0.8709717 1.977905 -0.8709717 2.052246 -0.9420166 2.050171 -0.8709717 1.827271 -0.9428711 1.900024 -0.9437256 1.826172 0.3964844 -0.5068359 0.3215332 -0.4312744 0.3149414 -0.508667 0.7547607 -0.5855713 0.6872559 -0.5861816 0.6806641 -0.6522217 -0.2647705 -1.169312 -0.3197021 -1.143799 -0.3186035 -1.191162 -0.3760986 -1.209106 -0.3725586 -1.25061 -0.3132324 -1.230347 -0.3834229 -1.091675 -0.4366455 -1.055054 -0.4436035 -1.106689 -1.017578 1.825439 -1.018921 1.753418 -0.9455567 1.75415 -0.5697021 -1.190308 -0.5063477 -1.173096 -0.5057373 -1.113892 -0.4935303 -0.7105713 -0.4245605 -0.7789307 -0.4207764 -0.7099609 -0.3441162 -0.7109375 -0.3450928 -0.6412354 -0.4196777 -0.6416016 -0.49646 -0.855957 -0.4975586 -0.928833 -0.4311523 -0.9199219 -0.354248 -0.8494873 -0.4245605 -0.7789307 -0.4261475 -0.8514404 -0.49646 -0.855957 -0.4990234 -0.7775879 -0.5661621 -0.7851563 -1.014526 1.972778 -0.9428711 1.900024 -0.942627 1.976074 -1.014526 1.972778 -1.079224 2.035889 -1.081177 1.964233 -0.5001221 -0.9978027 -0.5667725 -0.9294434 -0.5687256 -1.000122 -0.4935303 -0.7105713 -0.5628662 -0.6411133 -0.5638428 -0.7138672 -0.6361084 -0.7150879 -0.635376 -0.7913818 -0.5661621 -0.7851563 -1.13147 2.217529 -1.13501 2.157837 -1.071533 2.168457 0.4699707 0.1856689 0.3968506 0.2352295 0.397583 0.1884766 -0.2041016 -0.7070313 -0.2788086 -0.6409912 -0.2805176 -0.7075195 -0.3441162 -0.7109375 -0.348877 -0.7803955 -0.289917 -0.7716064 -0.3834229 -1.091675 -0.3197021 -1.143799 -0.3186035 -1.090454 -1.007813 2.110718 -1.005859 2.177124 -1.071533 2.168457 -0.5871582 0.9719238 -0.5986328 1.051514 -0.6678467 1.051147 -0.9381104 2.310791 -1.005371 2.243286 -0.9382324 2.246338 0.6577148 -1.039795 0.7144775 -1.07959 0.7197266 -1.033936 -0.5871582 0.9719238 -0.5780029 0.8898926 -0.5252686 0.9024658 0.7381592 -0.8500977 0.6710205 -0.9259033 0.7294922 -0.9123535 -0.2651367 -1.074463 -0.2612305 -1.015625 -0.3132324 -1.032837 0.9044189 -0.9016113 0.9208984 -0.8443604 0.8653564 -0.8449707 0.5898438 0.3129883 0.5856934 0.3677979 0.526123 0.3499756 0.02978515 -0.1507568 -0.02526855 -0.1055908 -0.01721191 -0.1655273 -1.131592 -0.6411133 -1.057739 -0.6417236 -1.066162 -0.5733643 0.03710937 -0.5845947 0.1158447 -0.5158691 0.03967285 -0.5161133 0.803833 -1.032959 0.8535156 -0.9803467 0.7923584 -0.9705811 -0.9321289 -0.7104492 -0.8463135 -0.7772217 -0.8547363 -0.7073975 -0.6361084 -0.7150879 -0.6365967 -0.6411133 -0.710083 -0.6398926 2.078125 0.7661133 2.038208 0.6983643 2.075562 0.6976318 -0.5959473 1.124146 -0.5284424 1.049438 -0.5374756 1.094849 -0.7382813 0.6795654 -0.7385254 0.6151123 -0.6630859 0.6151123 -0.7388916 0.543335 -0.8140869 0.6142578 -0.810791 0.5428467 0.7547607 -0.5855713 0.8330078 -0.5845947 0.8312988 -0.5168457 0.8878174 -0.4509277 0.9453125 -0.4511719 0.9381104 -0.3857422 -0.4539795 0.6846924 -0.5153809 0.7613525 -0.5125732 0.6870117 -1.108765 -1.062012 -1.098389 -1.103516 -1.061523 -1.118652 0.3359375 -0.8668213 0.4017334 -0.8122559 0.3314209 -0.8044434 -1.153442 1.961792 -1.15918 1.892944 -1.084351 1.893188 -0.4488525 0.8280029 -0.4521484 0.8997803 -0.5252686 0.9024658 -0.9990234 1.182129 -0.9318848 1.136353 -0.9365234 1.19751 -1.098145 0.6142578 -1.167969 0.5463867 -1.100708 0.5456543 -1.21228 2.022827 -1.140259 2.094727 -1.200928 2.083496 -1.110352 1.047974 -1.15332 1.079468 -1.157471 1.033203 -0.6491699 1.753418 -0.576416 1.753418 -0.5837402 1.822266 0.9697266 -0.3240967 1.01123 -0.3205566 0.9908447 -0.2612305 0.07543945 -0.06726074 0.1433105 -0.06921386 0.1334229 0 -1.052856 0.9968262 -1.118774 0.9945068 -1.130127 0.9376221 0.1740723 -0.5845947 0.1160889 -0.5839844 0.1140137 -0.6525879 0.2537842 -0.6573486 0.2584229 -0.7285156 0.3284912 -0.7338867 -0.3466797 0.2907715 -0.3339844 0.3500977 -0.3970947 0.3448486 0.2011719 -0.9996338 0.1411133 -1.048706 0.2036133 -1.061035 0.3288574 0.3917236 0.3291016 0.449585 0.2613525 0.4519043 0.2038574 -1.117676 0.2683105 -1.128174 0.2680664 -1.070801 0.05969238 0.5401611 -0.01208496 0.6120605 -0.001586914 0.5506592 0.2011719 -0.9996338 0.2648926 -0.9418945 0.1981201 -0.9343262 -0.6601563 0.8885498 -0.7354736 0.8118896 -0.6602783 0.8099365 0.1962891 -0.8631592 0.1254883 -0.8609619 0.1324463 -0.9259033 0.3347168 -1.009521 0.4013672 -1.012939 0.4017334 -0.9493408 0.3359375 -0.8668213 0.2648926 -0.9418945 0.3331299 -0.9468994 0.3347168 -1.009521 0.2687988 -1.002319 0.2680664 -1.070801 0.9321289 -0.7814941 0.9697266 -0.8452148 0.9851074 -0.7827148 0.7541504 -0.4490967 0.8167725 -0.3840332 0.7513428 -0.3811035 0.4017334 -0.3570557 0.4017334 -0.2821045 0.329834 -0.2841797 -0.986084 1.059082 -0.9962158 1.129517 -1.05542 1.116699 0.1951904 -0.3043213 0.1192627 -0.3763428 0.1965332 -0.3795166 -1.110352 1.142334 -1.10791 1.098389 -1.05542 1.116699 0.8658447 -0.3240967 0.9165039 -0.2602539 0.8510742 -0.2666016 -0.9609375 0.7598877 -1.028198 0.6845703 -0.9642334 0.6870117 1.856079 0.5056152 1.911133 0.5064697 1.936157 0.564209 0.8878174 -0.4509277 0.8254395 -0.449707 0.8312988 -0.5168457 1.151489 0.8458252 1.212402 0.7728271 1.219238 0.8428955 0.9697266 -0.3240967 0.9208984 -0.3249512 0.9381104 -0.3857422 0.9219971 0.7658691 0.8637695 0.6953125 0.9307861 0.6966553 0.3291016 0.2802734 0.3968506 0.2352295 0.3963623 0.2797852 -1.070557 -0.269165 -1.019409 -0.2590332 -1.018555 -0.1999512 0.009155273 0.3736572 0.06933593 0.3623047 0.06848144 0.4173584 -0.3673096 -0.2998047 -0.3603516 -0.3648682 -0.2952881 -0.3718262 -0.7382813 0.6795654 -0.7373047 0.7260742 -0.8135986 0.7237549 -0.7071533 -0.9344482 -0.6379395 -0.8621826 -0.7103271 -0.8743896</float_array>
          <technique_common>
            <accessor source="#Shape_0-mesh-map-0-array" count="9216" stride="2">
              <param name="S" type="float"/>
              <param name="T" type="float"/>
            </accessor>
          </technique_common>
        </source>
        <source id="Shape_0-mesh-colors-Shape0-color" name="Shape0-color">
          <float_array id="Shape_0-mesh-colors-Shape0-color-array" count="27648">0.7137255 0.7137255 0.7137255 0.7254902 0.7254902 0.7254902 0.7215687 0.7215687 0.7215687 0.7137255 0.7137255 0.7137255 0.7215687 0.7215687 0.7215687 0.7254902 0.7254902 0.7254902 0.7254902 0.7254902 0.7254902 0.7215687 0.7215687 0.7215687 0.7137255 0.7137255 0.7137255 0.7254902 0.7254902 0.7254902 0.7254902 0.7254902 0.7254902 0.7215687 0.7215687 0.7215687 0.7254902 0.7254902 0.7254902 0.7254902 0.7254902 0.7254902 0.7254902 0.7254902 0.7254902 0.7254902 0.7254902 0.7254902 0.7254902 0.7254902 0.7254902 0.7254902 0.7254902 0.7254902 0.7254902 0.7254902 0.7254902 0.7254902 0.7254902 0.7254902 0.7254902 0.7254902 0.7254902 0.7254902 0.7254902 0.7254902 0.7254902 0.7254902 0.7254902 0.7254902 0.7254902 0.7254902 0.7215687 0.7215687 0.7215687 0.7254902 0.7254902 0.7254902 0.7254902 0.7254902 0.7254902 0.7215687 0.7215687 0.7215687 0.7215687 0.7215687 0.7215687 0.7254902 0.7254902 0.7254902 0.7215687 0.7215687 0.7215687 0.7215687 0.7215687 0.7215687 0.7215687 0.7215687 0.7215687 0.7215687 0.7215687 0.7215687 0.7098039 0.7098039 0.7098039 0.7215687 0.7215687 0.7215687 0.7215687 0.7215687 0.7215687 0.7098039 0.7098039 0.7098039 0.7215687 0.7215687 0.7215687 0.7215687 0.7215687 0.7215687 0.7098039 0.7098039 0.7098039 0.7098039 0.7098039 0.7098039 0.7098039 0.7098039 0.7098039 0.7098039 0.7098039 0.7098039 0.7215687 0.7215687 0.7215687 0.7098039 0.7098039 0.7098039 0.7098039 0.7098039 0.7098039 0.7098039 0.7098039 0.7098039 0.7019608 0.7019608 0.7019608 0.7098039 0.7098039 0.7098039 0.7098039 0.7098039 0.7098039 0.7019608 0.7019608 0.7019608 0.6980392 0.6980392 0.6980392 0.7098039 0.7098039 0.7098039 0.7058824 0.7058824 0.7058824 0.6980392 0.6980392 0.6980392 0.7019608 0.7019608 0.7019608 0.7058824 0.7058824 0.7058824 0.682353 0.682353 0.682353 0.6980392 0.6980392 0.6980392 0.6784314 0.6784314 0.6784314 0.682353 0.682353 0.682353 0.7058824 0.7058824 0.7058824 0.6784314 0.6784314 0.6784314 0.5960785 0.5960785 0.5960785 0.682353 0.682353 0.682353 0.6117647 0.6117647 0.6117647 0.5960785 0.5960785 0.5960785 0.6784314 0.6784314 0.6784314 0.6117647 0.6117647 0.6117647 0.627451 0.627451 0.627451 0.5960785 0.5960785 0.5960785 0.6156863 0.6156863 0.6156863 0.627451 0.627451 0.627451 0.6117647 0.6117647 0.6117647 0.6156863 0.6156863 0.6156863 0.5921569 0.5921569 0.5921569 0.627451 0.627451 0.627451 0.627451 0.627451 0.627451 0.5921569 0.5921569 0.5921569 0.6156863 0.6156863 0.6156863 0.627451 0.627451 0.627451 0.6196079 0.6196079 0.6196079 0.5921569 0.5921569 0.5921569 0.6 0.6 0.6 0.6196079 0.6196079 0.6196079 0.627451 0.627451 0.627451 0.6 0.6 0.6 0.5647059 0.5647059 0.5647059 0.6196079 0.6196079 0.6196079 0.6039216 0.6039216 0.6039216 0.5647059 0.5647059 0.5647059 0.6 0.6 0.6 0.6039216 0.6039216 0.6039216 0.6 0.6 0.6 0.5647059 0.5647059 0.5647059 0.6039216 0.6039216 0.6039216 0.6 0.6 0.6 0.6039216 0.6039216 0.6039216 0.6039216 0.6039216 0.6039216 0.5960785 0.5960785 0.5960785 0.6 0.6 0.6 0.5843138 0.5843138 0.5843138 0.5960785 0.5960785 0.5960785 0.6039216 0.6039216 0.6039216 0.5843138 0.5843138 0.5843138 0.5686275 0.5686275 0.5686275 0.5960785 0.5960785 0.5960785 0.5607843 0.5607843 0.5607843 0.5686275 0.5686275 0.5686275 0.5843138 0.5843138 0.5843138 0.5607843 0.5607843 0.5607843 0.5529412 0.5529412 0.5529412 0.5686275 0.5686275 0.5686275 0.5450981 0.5450981 0.5450981 0.5529412 0.5529412 0.5529412 0.5607843 0.5607843 0.5607843 0.5450981 0.5450981 0.5450981 0.5568628 0.5568628 0.5568628 0.5529412 0.5529412 0.5529412 0.5450981 0.5450981 0.5450981 0.5568628 0.5568628 0.5568628 0.5450981 0.5450981 0.5450981 0.5450981 0.5450981 0.5450981 0.5529412 0.5529412 0.5529412 0.5568628 0.5568628 0.5568628 0.5372549 0.5372549 0.5372549 0.5529412 0.5529412 0.5529412 0.5450981 0.5450981 0.5450981 0.5372549 0.5372549 0.5372549 0.5294118 0.5294118 0.5294118 0.5529412 0.5529412 0.5529412 0.5215687 0.5215687 0.5215687 0.5294118 0.5294118 0.5294118 0.5372549 0.5372549 0.5372549 0.7137255 0.7137255 0.7137255 0.7254902 0.7254902 0.7254902 0.7176471 0.7176471 0.7176471 0.7137255 0.7137255 0.7137255 0.7254902 0.7254902 0.7254902 0.7254902 0.7254902 0.7254902 0.7215687 0.7215687 0.7215687 0.7254902 0.7254902 0.7254902 0.7137255 0.7137255 0.7137255 0.7215687 0.7215687 0.7215687 0.7215687 0.7215687 0.7215687 0.7254902 0.7254902 0.7254902 0.7176471 0.7176471 0.7176471 0.7215687 0.7215687 0.7215687 0.7215687 0.7215687 0.7215687 0.7176471 0.7176471 0.7176471 0.7215687 0.7215687 0.7215687 0.7215687 0.7215687 0.7215687 0.7058824 0.7058824 0.7058824 0.7215687 0.7215687 0.7215687 0.7176471 0.7176471 0.7176471 0.7058824 0.7058824 0.7058824 0.7137255 0.7137255 0.7137255 0.7215687 0.7215687 0.7215687 0.7019608 0.7019608 0.7019608 0.7137255 0.7137255 0.7137255 0.7058824 0.7058824 0.7058824 0.7019608 0.7019608 0.7019608 0.7098039 0.7098039 0.7098039 0.7137255 0.7137255 0.7137255 0.7058824 0.7058824 0.7058824 0.7098039 0.7098039 0.7098039 0.7019608 0.7019608 0.7019608 0.7058824 0.7058824 0.7058824 0.7058824 0.7058824 0.7058824 0.7098039 0.7098039 0.7098039 0.6941177 0.6941177 0.6941177 0.7058824 0.7058824 0.7058824 0.7058824 0.7058824 0.7058824 0.6941177 0.6941177 0.6941177 0.682353 0.682353 0.682353 0.7058824 0.7058824 0.7058824 0.6901961 0.6901961 0.6901961 0.682353 0.682353 0.682353 0.6941177 0.6941177 0.6941177 0.6901961 0.6901961 0.6901961 0.6784314 0.6784314 0.6784314 0.682353 0.682353 0.682353 0.6588236 0.6588236 0.6588236 0.6784314 0.6784314 0.6784314 0.6901961 0.6901961 0.6901961 0.6588236 0.6588236 0.6588236 0.6156863 0.6156863 0.6156863 0.6784314 0.6784314 0.6784314 0.6588236 0.6588236 0.6588236 0.6156863 0.6156863 0.6156863 0.6588236 0.6588236 0.6588236 0.6588236 0.6588236 0.6588236 0.6156863 0.6156863 0.6156863 0.6156863 0.6156863 0.6156863 0.6313726 0.6313726 0.6313726 0.6156863 0.6156863 0.6156863 0.6588236 0.6588236 0.6588236 0.6313726 0.6313726 0.6313726 0.627451 0.627451 0.627451 0.6156863 0.6156863 0.6156863 0.6313726 0.6313726 0.6313726 0.627451 0.627451 0.627451 0.6313726 0.6313726 0.6313726 0.6313726 0.6313726 0.6313726 0.6039216 0.6039216 0.6039216 0.627451 0.627451 0.627451 0.6117647 0.6117647 0.6117647 0.6039216 0.6039216 0.6039216 0.6313726 0.6313726 0.6313726 0.6117647 0.6117647 0.6117647 0.6039216 0.6039216 0.6039216 0.6039216 0.6039216 0.6039216 0.6078432 0.6078432 0.6078432 0.6039216 0.6039216 0.6039216 0.6117647 0.6117647 0.6117647 0.6078432 0.6078432 0.6078432 0.6039216 0.6039216 0.6039216 0.6039216 0.6039216 0.6039216 0.5843138 0.5843138 0.5843138 0.6039216 0.6039216 0.6039216 0.6078432 0.6078432 0.6078432 0.5843138 0.5843138 0.5843138 0.5607843 0.5607843 0.5607843 0.6039216 0.6039216 0.6039216 0.5647059 0.5647059 0.5647059 0.5607843 0.5607843 0.5607843 0.5843138 0.5843138 0.5843138 0.5647059 0.5647059 0.5647059 0.5568628 0.5568628 0.5568628 0.5607843 0.5607843 0.5607843 0.5411765 0.5411765 0.5411765 0.5568628 0.5568628 0.5568628 0.5647059 0.5647059 0.5647059 0.5411765 0.5411765 0.5411765 0.5450981 0.5450981 0.5450981 0.5568628 0.5568628 0.5568628 0.5372549 0.5372549 0.5372549 0.5450981 0.5450981 0.5450981 0.5411765 0.5411765 0.5411765 0.5372549 0.5372549 0.5372549 0.5372549 0.5372549 0.5372549 0.5450981 0.5450981 0.5450981 0.5333334 0.5333334 0.5333334 0.5372549 0.5372549 0.5372549 0.5372549 0.5372549 0.5372549 0.5333334 0.5333334 0.5333334 0.5294118 0.5294118 0.5294118 0.5372549 0.5372549 0.5372549 0.7333334 0.7333334 0.7333334 0.654902 0.654902 0.654902 0.6509804 0.6509804 0.6509804 0.7333334 0.7333334 0.7333334 0.7450981 0.7450981 0.7450981 0.654902 0.654902 0.654902 0.827451 0.827451 0.827451 0.7450981 0.7450981 0.7450981 0.7333334 0.7333334 0.7333334 0.827451 0.827451 0.827451 0.7803922 0.7803922 0.7803922 0.7450981 0.7450981 0.7450981 0.8431373 0.8431373 0.8431373 0.7803922 0.7803922 0.7803922 0.827451 0.827451 0.827451 0.8431373 0.8431373 0.8431373 0.8039216 0.8039216 0.8039216 0.7803922 0.7803922 0.7803922 0.7882353 0.7882353 0.7882353 0.8039216 0.8039216 0.8039216 0.8431373 0.8431373 0.8431373 0.7882353 0.7882353 0.7882353 0.7803922 0.7803922 0.7803922 0.8039216 0.8039216 0.8039216 0.7764706 0.7764706 0.7764706 0.7803922 0.7803922 0.7803922 0.7882353 0.7882353 0.7882353 0.7764706 0.7764706 0.7764706 0.8039216 0.8039216 0.8039216 0.7803922 0.7803922 0.7803922 0.7921569 0.7921569 0.7921569 0.8039216 0.8039216 0.8039216 0.7764706 0.7764706 0.7764706 0.7921569 0.7921569 0.7921569 0.8196079 0.8196079 0.8196079 0.8039216 0.8039216 0.8039216 0.8745098 0.8745098 0.8745098 0.8196079 0.8196079 0.8196079 0.7921569 0.7921569 0.7921569 0.8745098 0.8745098 0.8745098 0.8941177 0.8941177 0.8941177 0.8196079 0.8196079 0.8196079 0.9294118 0.9294118 0.9294118 0.8941177 0.8941177 0.8941177 0.8745098 0.8745098 0.8745098 0.9294118 0.9294118 0.9294118 0.8235294 0.8235294 0.8235294 0.8941177 0.8941177 0.8941177 0.8627451 0.8627451 0.8627451 0.8235294 0.8235294 0.8235294 0.9294118 0.9294118 0.9294118 0.8627451 0.8627451 0.8627451 0.7960785 0.7960785 0.7960785 0.8235294 0.8235294 0.8235294 0.882353 0.882353 0.882353 0.7960785 0.7960785 0.7960785 0.8627451 0.8627451 0.8627451 0.882353 0.882353 0.882353 0.8745098 0.8745098 0.8745098 0.7960785 0.7960785 0.7960785 0.8352941 0.8352941 0.8352941 0.8745098 0.8745098 0.8745098 0.882353 0.882353 0.882353 0.8352941 0.8352941 0.8352941 0.8431373 0.8431373 0.8431373 0.8745098 0.8745098 0.8745098 0.8509804 0.8509804 0.8509804 0.8431373 0.8431373 0.8431373 0.8352941 0.8352941 0.8352941 0.8509804 0.8509804 0.8509804 0.7803922 0.7803922 0.7803922 0.8431373 0.8431373 0.8431373 0.8352941 0.8352941 0.8352941 0.7803922 0.7803922 0.7803922 0.8509804 0.8509804 0.8509804 0.8352941 0.8352941 0.8352941 0.7921569 0.7921569 0.7921569 0.7803922 0.7803922 0.7803922 0.8039216 0.8039216 0.8039216 0.7921569 0.7921569 0.7921569 0.8352941 0.8352941 0.8352941 0.8039216 0.8039216 0.8039216 0.7647059 0.7647059 0.7647059 0.7921569 0.7921569 0.7921569 0.7843137 0.7843137 0.7843137 0.7647059 0.7647059 0.7647059 0.8039216 0.8039216 0.8039216 0.7843137 0.7843137 0.7843137 0.7450981 0.7450981 0.7450981 0.7647059 0.7647059 0.7647059 0.7960785 0.7960785 0.7960785 0.7450981 0.7450981 0.7450981 0.7843137 0.7843137 0.7843137 0.7960785 0.7960785 0.7960785 0.7882353 0.7882353 0.7882353 0.7450981 0.7450981 0.7450981 0.7686275 0.7686275 0.7686275 0.7882353 0.7882353 0.7882353 0.7960785 0.7960785 0.7960785 0.7686275 0.7686275 0.7686275 0.6705883 0.6705883 0.6705883 0.7882353 0.7882353 0.7882353 0.6509804 0.6509804 0.6509804 0.6705883 0.6705883 0.6705883 0.7686275 0.7686275 0.7686275 0.7098039 0.7098039 0.7098039 0.7137255 0.7137255 0.7137255 0.7176471 0.7176471 0.7176471 0.7098039 0.7098039 0.7098039 0.7215687 0.7215687 0.7215687 0.7137255 0.7137255 0.7137255 0.7098039 0.7098039 0.7098039 0.7215687 0.7215687 0.7215687 0.7098039 0.7098039 0.7098039 0.7098039 0.7098039 0.7098039 0.7137255 0.7137255 0.7137255 0.7215687 0.7215687 0.7215687 0.7137255 0.7137255 0.7137255 0.7137255 0.7137255 0.7137255 0.7098039 0.7098039 0.7098039 0.7137255 0.7137255 0.7137255 0.7058824 0.7058824 0.7058824 0.7137255 0.7137255 0.7137255 0.7137255 0.7137255 0.7137255 0.7058824 0.7058824 0.7058824 0.7137255 0.7137255 0.7137255 0.7137255 0.7137255 0.7137255 0.7019608 0.7019608 0.7019608 0.7058824 0.7058824 0.7058824 0.6980392 0.6980392 0.6980392 0.7019608 0.7019608 0.7019608 0.7137255 0.7137255 0.7137255 0.6980392 0.6980392 0.6980392 0.7137255 0.7137255 0.7137255 0.7019608 0.7019608 0.7019608 0.7098039 0.7098039 0.7098039 0.7137255 0.7137255 0.7137255 0.6980392 0.6980392 0.6980392 0.7098039 0.7098039 0.7098039 0.6941177 0.6941177 0.6941177 0.7137255 0.7137255 0.7137255 0.6941177 0.6941177 0.6941177 0.6941177 0.6941177 0.6941177 0.7098039 0.7098039 0.7098039 0.6941177 0.6941177 0.6941177 0.6901961 0.6901961 0.6901961 0.6941177 0.6941177 0.6941177 0.6784314 0.6784314 0.6784314 0.6901961 0.6901961 0.6901961 0.6941177 0.6941177 0.6941177 0.6784314 0.6784314 0.6784314 0.654902 0.654902 0.654902 0.6901961 0.6901961 0.6901961 0.6509804 0.6509804 0.6509804 0.654902 0.654902 0.654902 0.6784314 0.6784314 0.6784314 0.6509804 0.6509804 0.6509804 0.6588236 0.6588236 0.6588236 0.654902 0.654902 0.654902 0.6588236 0.6588236 0.6588236 0.6588236 0.6588236 0.6588236 0.6509804 0.6509804 0.6509804 0.6588236 0.6588236 0.6588236 0.6313726 0.6313726 0.6313726 0.6588236 0.6588236 0.6588236 0.6235294 0.6235294 0.6235294 0.6313726 0.6313726 0.6313726 0.6588236 0.6588236 0.6588236 0.6235294 0.6235294 0.6235294 0.6117647 0.6117647 0.6117647 0.6313726 0.6313726 0.6313726 0.6117647 0.6117647 0.6117647 0.6117647 0.6117647 0.6117647 0.6235294 0.6235294 0.6235294 0.6117647 0.6117647 0.6117647 0.6117647 0.6117647 0.6117647 0.6117647 0.6117647 0.6117647 0.6117647 0.6117647 0.6117647 0.6117647 0.6117647 0.6117647 0.6117647 0.6117647 0.6117647 0.6117647 0.6117647 0.6117647 0.6078432 0.6078432 0.6078432 0.6117647 0.6117647 0.6117647 0.6117647 0.6117647 0.6117647 0.6078432 0.6078432 0.6078432 0.6117647 0.6117647 0.6117647 0.6117647 0.6117647 0.6117647 0.6039216 0.6039216 0.6039216 0.6078432 0.6078432 0.6078432 0.5686275 0.5686275 0.5686275 0.6039216 0.6039216 0.6039216 0.6117647 0.6117647 0.6117647 0.5686275 0.5686275 0.5686275 0.5647059 0.5647059 0.5647059 0.6039216 0.6039216 0.6039216 0.5607843 0.5607843 0.5607843 0.5647059 0.5647059 0.5647059 0.5686275 0.5686275 0.5686275 0.5607843 0.5607843 0.5607843 0.5411765 0.5411765 0.5411765 0.5647059 0.5647059 0.5647059 0.5647059 0.5647059 0.5647059 0.5411765 0.5411765 0.5411765 0.5607843 0.5607843 0.5607843 0.5647059 0.5647059 0.5647059 0.5411765 0.5411765 0.5411765 0.5411765 0.5411765 0.5411765 0.4980392 0.4980392 0.4980392 0.509804 0.509804 0.509804 0.4980392 0.4980392 0.4980392 0.4980392 0.4980392 0.4980392 0.5019608 0.5019608 0.5019608 0.509804 0.509804 0.509804 0.4901961 0.4901961 0.4901961 0.5019608 0.5019608 0.5019608 0.4980392 0.4980392 0.4980392 0.4901961 0.4901961 0.4901961 0.4901961 0.4901961 0.4901961 0.5019608 0.5019608 0.5019608 0.4980392 0.4980392 0.4980392 0.4901961 0.4901961 0.4901961 0.4901961 0.4901961 0.4901961 0.4980392 0.4980392 0.4980392 0.509804 0.509804 0.509804 0.4901961 0.4901961 0.4901961 0.5372549 0.5372549 0.5372549 0.509804 0.509804 0.509804 0.4980392 0.4980392 0.4980392 0.5372549 0.5372549 0.5372549 0.5372549 0.5372549 0.5372549 0.509804 0.509804 0.509804 0.5137255 0.5137255 0.5137255 0.5372549 0.5372549 0.5372549 0.5372549 0.5372549 0.5372549 0.5137255 0.5137255 0.5137255 0.5411765 0.5411765 0.5411765 0.5372549 0.5372549 0.5372549 0.5254902 0.5254902 0.5254902 0.5411765 0.5411765 0.5411765 0.5137255 0.5137255 0.5137255 0.5254902 0.5254902 0.5254902 0.5294118 0.5294118 0.5294118 0.5411765 0.5411765 0.5411765 0.5294118 0.5294118 0.5294118 0.5294118 0.5294118 0.5294118 0.5254902 0.5254902 0.5254902 0.5294118 0.5294118 0.5294118 0.5333334 0.5333334 0.5333334 0.5294118 0.5294118 0.5294118 0.6627451 0.6627451 0.6627451 0.5333334 0.5333334 0.5333334 0.5294118 0.5294118 0.5294118 0.6627451 0.6627451 0.6627451 0.5607843 0.5607843 0.5607843 0.5333334 0.5333334 0.5333334 0.6039216 0.6039216 0.6039216 0.5607843 0.5607843 0.5607843 0.6627451 0.6627451 0.6627451 0.6039216 0.6039216 0.6039216 0.5725491 0.5725491 0.5725491 0.5607843 0.5607843 0.5607843 0.6705883 0.6705883 0.6705883 0.5725491 0.5725491 0.5725491 0.6039216 0.6039216 0.6039216 0.6705883 0.6705883 0.6705883 0.6470589 0.6470589 0.6470589 0.5725491 0.5725491 0.5725491 0.6470589 0.6470589 0.6470589 0.6470589 0.6470589 0.6470589 0.6705883 0.6705883 0.6705883 0.6470589 0.6470589 0.6470589 0.6431373 0.6431373 0.6431373 0.6470589 0.6470589 0.6470589 0.6784314 0.6784314 0.6784314 0.6431373 0.6431373 0.6431373 0.6470589 0.6470589 0.6470589 0.6784314 0.6784314 0.6784314 0.6784314 0.6784314 0.6784314 0.6431373 0.6431373 0.6431373 0.6901961 0.6901961 0.6901961 0.6784314 0.6784314 0.6784314 0.6784314 0.6784314 0.6784314 0.6901961 0.6901961 0.6901961 0.6980392 0.6980392 0.6980392 0.6784314 0.6784314 0.6784314 0.7019608 0.7019608 0.7019608 0.6980392 0.6980392 0.6980392 0.6901961 0.6901961 0.6901961 0.7019608 0.7019608 0.7019608 0.6705883 0.6705883 0.6705883 0.6980392 0.6980392 0.6980392 0.6588236 0.6588236 0.6588236 0.6705883 0.6705883 0.6705883 0.7019608 0.7019608 0.7019608 0.6588236 0.6588236 0.6588236 0.6941177 0.6941177 0.6941177 0.6705883 0.6705883 0.6705883 0.6941177 0.6941177 0.6941177 0.6941177 0.6941177 0.6941177 0.6588236 0.6588236 0.6588236 0.6941177 0.6941177 0.6941177 0.7098039 0.7098039 0.7098039 0.6941177 0.6941177 0.6941177 0.7215687 0.7215687 0.7215687 0.7098039 0.7098039 0.7098039 0.6941177 0.6941177 0.6941177 0.4862745 0.4862745 0.4862745 0.4862745 0.4862745 0.4862745 0.4862745 0.4862745 0.4862745 0.4862745 0.4862745 0.4862745 0.4823529 0.4823529 0.4823529 0.4862745 0.4862745 0.4862745 0.4784314 0.4784314 0.4784314 0.4823529 0.4823529 0.4823529 0.4862745 0.4862745 0.4862745 0.4784314 0.4784314 0.4784314 0.4862745 0.4862745 0.4862745 0.4823529 0.4823529 0.4823529 0.4901961 0.4901961 0.4901961 0.4862745 0.4862745 0.4862745 0.4784314 0.4784314 0.4784314 0.4901961 0.4901961 0.4901961 0.4980392 0.4980392 0.4980392 0.4862745 0.4862745 0.4862745 0.4901961 0.4901961 0.4901961 0.4980392 0.4980392 0.4980392 0.4901961 0.4901961 0.4901961 0.4901961 0.4901961 0.4901961 0.4901961 0.4901961 0.4901961 0.4980392 0.4980392 0.4980392 0.5058824 0.5058824 0.5058824 0.4901961 0.4901961 0.4901961 0.4901961 0.4901961 0.4901961 0.5058824 0.5058824 0.5058824 0.5137255 0.5137255 0.5137255 0.4901961 0.4901961 0.4901961 0.5372549 0.5372549 0.5372549 0.5137255 0.5137255 0.5137255 0.5058824 0.5058824 0.5058824 0.5372549 0.5372549 0.5372549 0.5686275 0.5686275 0.5686275 0.5137255 0.5137255 0.5137255 0.5411765 0.5411765 0.5411765 0.5686275 0.5686275 0.5686275 0.5372549 0.5372549 0.5372549 0.5411765 0.5411765 0.5411765 0.5764706 0.5764706 0.5764706 0.5686275 0.5686275 0.5686275 0.5725491 0.5725491 0.5725491 0.5764706 0.5764706 0.5764706 0.5411765 0.5411765 0.5411765 0.5725491 0.5725491 0.5725491 0.6117647 0.6117647 0.6117647 0.5764706 0.5764706 0.5764706 0.6235294 0.6235294 0.6235294 0.6117647 0.6117647 0.6117647 0.5725491 0.5725491 0.5725491 0.6235294 0.6235294 0.6235294 0.6313726 0.6313726 0.6313726 0.6117647 0.6117647 0.6117647 0.627451 0.627451 0.627451 0.6313726 0.6313726 0.6313726 0.6235294 0.6235294 0.6235294 0.627451 0.627451 0.627451 0.6313726 0.6313726 0.6313726 0.6313726 0.6313726 0.6313726 0.7254902 0.7254902 0.7254902 0.6313726 0.6313726 0.6313726 0.627451 0.627451 0.627451 0.7254902 0.7254902 0.7254902 0.7294118 0.7294118 0.7294118 0.6313726 0.6313726 0.6313726 0.7098039 0.7098039 0.7098039 0.7294118 0.7294118 0.7294118 0.7254902 0.7254902 0.7254902 0.7098039 0.7098039 0.7098039 0.7529412 0.7529412 0.7529412 0.7294118 0.7294118 0.7294118 0.7882353 0.7882353 0.7882353 0.7529412 0.7529412 0.7529412 0.7098039 0.7098039 0.7098039 0.7882353 0.7882353 0.7882353 0.7764706 0.7764706 0.7764706 0.7529412 0.7529412 0.7529412 0.8156863 0.8156863 0.8156863 0.7764706 0.7764706 0.7764706 0.7882353 0.7882353 0.7882353 0.8156863 0.8156863 0.8156863 0.8313726 0.8313726 0.8313726 0.7764706 0.7764706 0.7764706 0.8235294 0.8235294 0.8235294 0.8313726 0.8313726 0.8313726 0.8156863 0.8156863 0.8156863 0.8235294 0.8235294 0.8235294 0.8666667 0.8666667 0.8666667 0.8313726 0.8313726 0.8313726 0.8117647 0.8117647 0.8117647 0.8666667 0.8666667 0.8666667 0.8235294 0.8235294 0.8235294 0.8117647 0.8117647 0.8117647 0.8666667 0.8666667 0.8666667 0.8666667 0.8666667 0.8666667 0.8745098 0.8745098 0.8745098 0.8666667 0.8666667 0.8666667 0.8117647 0.8117647 0.8117647 0.5058824 0.5058824 0.5058824 0.4901961 0.4901961 0.4901961 0.4862745 0.4862745 0.4862745 0.5058824 0.5058824 0.5058824 0.5058824 0.5058824 0.5058824 0.4901961 0.4901961 0.4901961 0.5058824 0.5058824 0.5058824 0.5058824 0.5058824 0.5058824 0.5058824 0.5058824 0.5058824 0.5058824 0.5058824 0.5058824 0.5058824 0.5058824 0.5058824 0.5058824 0.5058824 0.5058824 0.5019608 0.5019608 0.5019608 0.5058824 0.5058824 0.5058824 0.5058824 0.5058824 0.5058824 0.5019608 0.5019608 0.5019608 0.5411765 0.5411765 0.5411765 0.5058824 0.5058824 0.5058824 0.5058824 0.5058824 0.5058824 0.5411765 0.5411765 0.5411765 0.5019608 0.5019608 0.5019608 0.5058824 0.5058824 0.5058824 0.5411765 0.5411765 0.5411765 0.5411765 0.5411765 0.5411765 0.5215687 0.5215687 0.5215687 0.5411765 0.5411765 0.5411765 0.5058824 0.5058824 0.5058824 0.5215687 0.5215687 0.5215687 0.5725491 0.5725491 0.5725491 0.5411765 0.5411765 0.5411765 0.5607843 0.5607843 0.5607843 0.5725491 0.5725491 0.5725491 0.5215687 0.5215687 0.5215687 0.5607843 0.5607843 0.5607843 0.627451 0.627451 0.627451 0.5725491 0.5725491 0.5725491 0.6431373 0.6431373 0.6431373 0.627451 0.627451 0.627451 0.5607843 0.5607843 0.5607843 0.6431373 0.6431373 0.6431373 0.6313726 0.6313726 0.6313726 0.627451 0.627451 0.627451 0.6 0.6 0.6 0.6313726 0.6313726 0.6313726 0.6431373 0.6431373 0.6431373 0.6 0.6 0.6 0.7254902 0.7254902 0.7254902 0.6313726 0.6313726 0.6313726 0.7490196 0.7490196 0.7490196 0.7254902 0.7254902 0.7254902 0.6 0.6 0.6 0.7490196 0.7490196 0.7490196 0.7882353 0.7882353 0.7882353 0.7254902 0.7254902 0.7254902 0.8039216 0.8039216 0.8039216 0.7882353 0.7882353 0.7882353 0.7490196 0.7490196 0.7490196 0.8039216 0.8039216 0.8039216 0.8509804 0.8509804 0.8509804 0.7882353 0.7882353 0.7882353 0.854902 0.854902 0.854902 0.8509804 0.8509804 0.8509804 0.8039216 0.8039216 0.8039216 0.854902 0.854902 0.854902 0.8156863 0.8156863 0.8156863 0.8509804 0.8509804 0.8509804 0.8039216 0.8039216 0.8039216 0.8156863 0.8156863 0.8156863 0.854902 0.854902 0.854902 0.8039216 0.8039216 0.8039216 0.8117647 0.8117647 0.8117647 0.8156863 0.8156863 0.8156863 0.7607843 0.7607843 0.7607843 0.8117647 0.8117647 0.8117647 0.8039216 0.8039216 0.8039216 0.7607843 0.7607843 0.7607843 0.7843137 0.7843137 0.7843137 0.8117647 0.8117647 0.8117647 0.8392157 0.8392157 0.8392157 0.7843137 0.7843137 0.7843137 0.7607843 0.7607843 0.7607843 0.8392157 0.8392157 0.8392157 0.8745098 0.8745098 0.8745098 0.7843137 0.7843137 0.7843137 0.9215686 0.9215686 0.9215686 0.8745098 0.8745098 0.8745098 0.8392157 0.8392157 0.8392157 0.5058824 0.5058824 0.5058824 0.6745098 0.6745098 0.6745098 0.5254902 0.5254902 0.5254902 0.5058824 0.5058824 0.5058824 0.6666667 0.6666667 0.6666667 0.6745098 0.6745098 0.6745098 0.6941177 0.6941177 0.6941177 0.6666667 0.6666667 0.6666667 0.5058824 0.5058824 0.5058824 0.6941177 0.6941177 0.6941177 0.6705883 0.6705883 0.6705883 0.6666667 0.6666667 0.6666667 0.6627451 0.6627451 0.6627451 0.6705883 0.6705883 0.6705883 0.6941177 0.6941177 0.6941177 0.6627451 0.6627451 0.6627451 0.6666667 0.6666667 0.6666667 0.6705883 0.6705883 0.6705883 0.5843138 0.5843138 0.5843138 0.6666667 0.6666667 0.6666667 0.6627451 0.6627451 0.6627451 0.5843138 0.5843138 0.5843138 0.6901961 0.6901961 0.6901961 0.6666667 0.6666667 0.6666667 0.6666667 0.6666667 0.6666667 0.6901961 0.6901961 0.6901961 0.5843138 0.5843138 0.5843138 0.6666667 0.6666667 0.6666667 0.7490196 0.7490196 0.7490196 0.6901961 0.6901961 0.6901961 0.7176471 0.7176471 0.7176471 0.7490196 0.7490196 0.7490196 0.6666667 0.6666667 0.6666667 0.7176471 0.7176471 0.7176471 0.7647059 0.7647059 0.7647059 0.7490196 0.7490196 0.7490196 0.6666667 0.6666667 0.6666667 0.7647059 0.7647059 0.7647059 0.7176471 0.7176471 0.7176471 0.6666667 0.6666667 0.6666667 0.7529412 0.7529412 0.7529412 0.7647059 0.7647059 0.7647059 0.7058824 0.7058824 0.7058824 0.7529412 0.7529412 0.7529412 0.6666667 0.6666667 0.6666667 0.7058824 0.7058824 0.7058824 0.8 0.8 0.8 0.7529412 0.7529412 0.7529412 0.7411765 0.7411765 0.7411765 0.8 0.8 0.8 0.7058824 0.7058824 0.7058824 0.7411765 0.7411765 0.7411765 0.8 0.8 0.8 0.8 0.8 0.8 0.7647059 0.7647059 0.7647059 0.8 0.8 0.8 0.7411765 0.7411765 0.7411765 0.7647059 0.7647059 0.7647059 0.827451 0.827451 0.827451 0.8 0.8 0.8 0.7764706 0.7764706 0.7764706 0.827451 0.827451 0.827451 0.7647059 0.7647059 0.7647059 0.7764706 0.7764706 0.7764706 0.8235294 0.8235294 0.8235294 0.827451 0.827451 0.827451 0.7764706 0.7764706 0.7764706 0.8235294 0.8235294 0.8235294 0.7764706 0.7764706 0.7764706 0.7764706 0.7764706 0.7764706 0.7450981 0.7450981 0.7450981 0.8235294 0.8235294 0.8235294 0.7607843 0.7607843 0.7607843 0.7450981 0.7450981 0.7450981 0.7764706 0.7764706 0.7764706 0.7607843 0.7607843 0.7607843 0.7137255 0.7137255 0.7137255 0.7450981 0.7450981 0.7450981 0.7137255 0.7137255 0.7137255 0.7137255 0.7137255 0.7137255 0.7607843 0.7607843 0.7607843 0.7137255 0.7137255 0.7137255 0.9019608 0.9019608 0.9019608 0.7137255 0.7137255 0.7137255 0.9215686 0.9215686 0.9215686 0.9019608 0.9019608 0.9019608 0.7137255 0.7137255 0.7137255 0.5607843 0.5607843 0.5607843 0.5372549 0.5372549 0.5372549 0.5529412 0.5529412 0.5529412 0.5607843 0.5607843 0.5607843 0.5254902 0.5254902 0.5254902 0.5372549 0.5372549 0.5372549 0.5215687 0.5215687 0.5215687 0.5254902 0.5254902 0.5254902 0.5607843 0.5607843 0.5607843 0.5215687 0.5215687 0.5215687 0.5137255 0.5137255 0.5137255 0.5254902 0.5254902 0.5254902 0.5137255 0.5137255 0.5137255 0.5137255 0.5137255 0.5137255 0.5215687 0.5215687 0.5215687 0.5137255 0.5137255 0.5137255 0.5294118 0.5294118 0.5294118 0.5137255 0.5137255 0.5137255 0.6470589 0.6470589 0.6470589 0.5294118 0.5294118 0.5294118 0.5137255 0.5137255 0.5137255 0.6470589 0.6470589 0.6470589 0.6745098 0.6745098 0.6745098 0.5294118 0.5294118 0.5294118 0.7254902 0.7254902 0.7254902 0.6745098 0.6745098 0.6745098 0.6470589 0.6470589 0.6470589 0.7254902 0.7254902 0.7254902 0.6627451 0.6627451 0.6627451 0.6745098 0.6745098 0.6745098 0.6862745 0.6862745 0.6862745 0.6627451 0.6627451 0.6627451 0.7254902 0.7254902 0.7254902 0.6862745 0.6862745 0.6862745 0.6705883 0.6705883 0.6705883 0.6627451 0.6627451 0.6627451 0.6392157 0.6392157 0.6392157 0.6705883 0.6705883 0.6705883 0.6862745 0.6862745 0.6862745 0.6392157 0.6392157 0.6392157 0.6235294 0.6235294 0.6235294 0.6705883 0.6705883 0.6705883 0.5647059 0.5647059 0.5647059 0.6235294 0.6235294 0.6235294 0.6392157 0.6392157 0.6392157 0.5647059 0.5647059 0.5647059 0.6470589 0.6470589 0.6470589 0.6235294 0.6235294 0.6235294 0.6117647 0.6117647 0.6117647 0.6470589 0.6470589 0.6470589 0.5647059 0.5647059 0.5647059 0.6117647 0.6117647 0.6117647 0.6901961 0.6901961 0.6901961 0.6470589 0.6470589 0.6470589 0.6627451 0.6627451 0.6627451 0.6901961 0.6901961 0.6901961 0.6117647 0.6117647 0.6117647 0.6627451 0.6627451 0.6627451 0.7019608 0.7019608 0.7019608 0.6901961 0.6901961 0.6901961 0.7098039 0.7098039 0.7098039 0.7019608 0.7019608 0.7019608 0.6627451 0.6627451 0.6627451 0.7098039 0.7098039 0.7098039 0.7019608 0.7019608 0.7019608 0.7019608 0.7019608 0.7019608 0.682353 0.682353 0.682353 0.7019608 0.7019608 0.7019608 0.7098039 0.7098039 0.7098039 0.682353 0.682353 0.682353 0.6941177 0.6941177 0.6941177 0.7019608 0.7019608 0.7019608 0.7058824 0.7058824 0.7058824 0.6941177 0.6941177 0.6941177 0.682353 0.682353 0.682353 0.7058824 0.7058824 0.7058824 0.7019608 0.7019608 0.7019608 0.6941177 0.6941177 0.6941177 0.7137255 0.7137255 0.7137255 0.7019608 0.7019608 0.7019608 0.7058824 0.7058824 0.7058824 0.7137255 0.7137255 0.7137255 0.7215687 0.7215687 0.7215687 0.7019608 0.7019608 0.7019608 0.7215687 0.7215687 0.7215687 0.7215687 0.7215687 0.7215687 0.7137255 0.7137255 0.7137255 0.5607843 0.5607843 0.5607843 0.6431373 0.6431373 0.6431373 0.5215687 0.5215687 0.5215687 0.5607843 0.5607843 0.5607843 0.6352941 0.6352941 0.6352941 0.6431373 0.6431373 0.6431373 0.6588236 0.6588236 0.6588236 0.6352941 0.6352941 0.6352941 0.5607843 0.5607843 0.5607843 0.6588236 0.6588236 0.6588236 0.6862745 0.6862745 0.6862745 0.6352941 0.6352941 0.6352941 0.6745098 0.6745098 0.6745098 0.6862745 0.6862745 0.6862745 0.6588236 0.6588236 0.6588236 0.6745098 0.6745098 0.6745098 0.7450981 0.7450981 0.7450981 0.6862745 0.6862745 0.6862745 0.6705883 0.6705883 0.6705883 0.7450981 0.7450981 0.7450981 0.6745098 0.6745098 0.6745098 0.6705883 0.6705883 0.6705883 0.7686275 0.7686275 0.7686275 0.7450981 0.7450981 0.7450981 0.7647059 0.7647059 0.7647059 0.7686275 0.7686275 0.7686275 0.6705883 0.6705883 0.6705883 0.7647059 0.7647059 0.7647059 0.8117647 0.8117647 0.8117647 0.7686275 0.7686275 0.7686275 0.7450981 0.7450981 0.7450981 0.8117647 0.8117647 0.8117647 0.7647059 0.7647059 0.7647059 0.7450981 0.7450981 0.7450981 0.7686275 0.7686275 0.7686275 0.8117647 0.8117647 0.8117647 0.7529412 0.7529412 0.7529412 0.7686275 0.7686275 0.7686275 0.7450981 0.7450981 0.7450981 0.7529412 0.7529412 0.7529412 0.8470588 0.8470588 0.8470588 0.7686275 0.7686275 0.7686275 0.8666667 0.8666667 0.8666667 0.8470588 0.8470588 0.8470588 0.7529412 0.7529412 0.7529412 0.8666667 0.8666667 0.8666667 0.854902 0.854902 0.854902 0.8470588 0.8470588 0.8470588 0.8784314 0.8784314 0.8784314 0.854902 0.854902 0.854902 0.8666667 0.8666667 0.8666667 0.8784314 0.8784314 0.8784314 0.7647059 0.7647059 0.7647059 0.854902 0.854902 0.854902 0.8313726 0.8313726 0.8313726 0.7647059 0.7647059 0.7647059 0.8784314 0.8784314 0.8784314 0.8313726 0.8313726 0.8313726 0.8470588 0.8470588 0.8470588 0.7647059 0.7647059 0.7647059 0.8705883 0.8705883 0.8705883 0.8470588 0.8470588 0.8470588 0.8313726 0.8313726 0.8313726 0.8705883 0.8705883 0.8705883 0.9058824 0.9058824 0.9058824 0.8470588 0.8470588 0.8470588 0.8745098 0.8745098 0.8745098 0.9058824 0.9058824 0.9058824 0.8705883 0.8705883 0.8705883 0.8745098 0.8745098 0.8745098 0.8627451 0.8627451 0.8627451 0.9058824 0.9058824 0.9058824 0.854902 0.854902 0.854902 0.8627451 0.8627451 0.8627451 0.8745098 0.8745098 0.8745098 0.854902 0.854902 0.854902 0.854902 0.854902 0.854902 0.8627451 0.8627451 0.8627451 0.882353 0.882353 0.882353 0.854902 0.854902 0.854902 0.854902 0.854902 0.854902 0.882353 0.882353 0.882353 0.9490196 0.9490196 0.9490196 0.854902 0.854902 0.854902 0.9647059 0.9647059 0.9647059 0.9490196 0.9490196 0.9490196 0.882353 0.882353 0.882353 0.4980392 0.4980392 0.4980392 0.4784314 0.4784314 0.4784314 0.5058824 0.5058824 0.5058824 0.4980392 0.4980392 0.4980392 0.4823529 0.4823529 0.4823529 0.4784314 0.4784314 0.4784314 0.4784314 0.4784314 0.4784314 0.4823529 0.4823529 0.4823529 0.4980392 0.4980392 0.4980392 0.4784314 0.4784314 0.4784314 0.4784314 0.4784314 0.4784314 0.4823529 0.4823529 0.4823529 0.4823529 0.4823529 0.4823529 0.4784314 0.4784314 0.4784314 0.4784314 0.4784314 0.4784314 0.4823529 0.4823529 0.4823529 0.4705882 0.4705882 0.4705882 0.4784314 0.4784314 0.4784314 0.4784314 0.4784314 0.4784314 0.4705882 0.4705882 0.4705882 0.4823529 0.4823529 0.4823529 0.4784314 0.4784314 0.4784314 0.4745098 0.4745098 0.4745098 0.4705882 0.4705882 0.4705882 0.4784314 0.4784314 0.4784314 0.4745098 0.4745098 0.4745098 0.4784314 0.4784314 0.4784314 0.4784314 0.4784314 0.4784314 0.4784314 0.4784314 0.4784314 0.4745098 0.4745098 0.4745098 0.4941176 0.4941176 0.4941176 0.4784314 0.4784314 0.4784314 0.4784314 0.4784314 0.4784314 0.4941176 0.4941176 0.4941176 0.4823529 0.4823529 0.4823529 0.4784314 0.4784314 0.4784314 0.4901961 0.4901961 0.4901961 0.4823529 0.4823529 0.4823529 0.4941176 0.4941176 0.4941176 0.4901961 0.4901961 0.4901961 0.4784314 0.4784314 0.4784314 0.4823529 0.4823529 0.4823529 0.4823529 0.4823529 0.4823529 0.4784314 0.4784314 0.4784314 0.4901961 0.4901961 0.4901961 0.4823529 0.4823529 0.4823529 0.5137255 0.5137255 0.5137255 0.4784314 0.4784314 0.4784314 0.4784314 0.4784314 0.4784314 0.5137255 0.5137255 0.5137255 0.4823529 0.4823529 0.4823529 0.4784314 0.4784314 0.4784314 0.4862745 0.4862745 0.4862745 0.5137255 0.5137255 0.5137255 0.4862745 0.4862745 0.4862745 0.4862745 0.4862745 0.4862745 0.4784314 0.4784314 0.4784314 0.4862745 0.4862745 0.4862745 0.4862745 0.4862745 0.4862745 0.4862745 0.4862745 0.4862745 0.4862745 0.4862745 0.4862745 0.4862745 0.4862745 0.4862745 0.4862745 0.4862745 0.4862745 0.4862745 0.4862745 0.4862745 0.4901961 0.4901961 0.4901961 0.4862745 0.4862745 0.4862745 0.4823529 0.4823529 0.4823529 0.4901961 0.4901961 0.4901961 0.4862745 0.4862745 0.4862745 0.4823529 0.4823529 0.4823529 0.4823529 0.4823529 0.4823529 0.4901961 0.4901961 0.4901961 0.4823529 0.4823529 0.4823529 0.4823529 0.4823529 0.4823529 0.4823529 0.4823529 0.4823529 0.4823529 0.4823529 0.4823529 0.4823529 0.4823529 0.4823529 0.4823529 0.4823529 0.4823529 0.4862745 0.4862745 0.4862745 0.4823529 0.4823529 0.4823529 0.4823529 0.4823529 0.4823529 0.4862745 0.4862745 0.4862745 0.5215687 0.5215687 0.5215687 0.4823529 0.4823529 0.4823529 0.5372549 0.5372549 0.5372549 0.4941176 0.4941176 0.4941176 0.4980392 0.4980392 0.4980392 0.5372549 0.5372549 0.5372549 0.5137255 0.5137255 0.5137255 0.4941176 0.4941176 0.4941176 0.5137255 0.5137255 0.5137255 0.5137255 0.5137255 0.5137255 0.5372549 0.5372549 0.5372549 0.5137255 0.5137255 0.5137255 0.509804 0.509804 0.509804 0.5137255 0.5137255 0.5137255 0.5019608 0.5019608 0.5019608 0.509804 0.509804 0.509804 0.5137255 0.5137255 0.5137255 0.5019608 0.5019608 0.5019608 0.5176471 0.5176471 0.5176471 0.509804 0.509804 0.509804 0.4980392 0.4980392 0.4980392 0.5176471 0.5176471 0.5176471 0.5019608 0.5019608 0.5019608 0.4980392 0.4980392 0.4980392 0.5176471 0.5176471 0.5176471 0.5176471 0.5176471 0.5176471 0.4901961 0.4901961 0.4901961 0.5176471 0.5176471 0.5176471 0.4980392 0.4980392 0.4980392 0.4901961 0.4901961 0.4901961 0.5176471 0.5176471 0.5176471 0.5176471 0.5176471 0.5176471 0.4901961 0.4901961 0.4901961 0.5176471 0.5176471 0.5176471 0.4901961 0.4901961 0.4901961 0.4901961 0.4901961 0.4901961 0.5019608 0.5019608 0.5019608 0.5176471 0.5176471 0.5176471 0.4901961 0.4901961 0.4901961 0.5019608 0.5019608 0.5019608 0.4901961 0.4901961 0.4901961 0.4901961 0.4901961 0.4901961 0.5058824 0.5058824 0.5058824 0.5019608 0.5019608 0.5019608 0.5372549 0.5372549 0.5372549 0.5058824 0.5058824 0.5058824 0.4901961 0.4901961 0.4901961 0.5372549 0.5372549 0.5372549 0.5176471 0.5176471 0.5176471 0.5058824 0.5058824 0.5058824 0.5254902 0.5254902 0.5254902 0.5176471 0.5176471 0.5176471 0.5372549 0.5372549 0.5372549 0.5254902 0.5254902 0.5254902 0.509804 0.509804 0.509804 0.5176471 0.5176471 0.5176471 0.5215687 0.5215687 0.5215687 0.509804 0.509804 0.509804 0.5254902 0.5254902 0.5254902 0.5215687 0.5215687 0.5215687 0.5176471 0.5176471 0.5176471 0.509804 0.509804 0.509804 0.5176471 0.5176471 0.5176471 0.5176471 0.5176471 0.5176471 0.5215687 0.5215687 0.5215687 0.5176471 0.5176471 0.5176471 0.5176471 0.5176471 0.5176471 0.5176471 0.5176471 0.5176471 0.5176471 0.5176471 0.5176471 0.5176471 0.5176471 0.5176471 0.5176471 0.5176471 0.5176471 0.5176471 0.5176471 0.5176471 0.4941176 0.4941176 0.4941176 0.5176471 0.5176471 0.5176471 0.5176471 0.5176471 0.5176471 0.4941176 0.4941176 0.4941176 0.5176471 0.5176471 0.5176471 0.5176471 0.5176471 0.5176471 0.4941176 0.4941176 0.4941176 0.4941176 0.4941176 0.4941176 0.5058824 0.5058824 0.5058824 0.4941176 0.4941176 0.4941176 0.5176471 0.5176471 0.5176471 0.509804 0.509804 0.509804 0.4980392 0.4980392 0.4980392 0.5058824 0.5058824 0.5058824 0.509804 0.509804 0.509804 0.4862745 0.4862745 0.4862745 0.4980392 0.4980392 0.4980392 0.5137255 0.5137255 0.5137255 0.4862745 0.4862745 0.4862745 0.509804 0.509804 0.509804 0.5137255 0.5137255 0.5137255 0.4901961 0.4901961 0.4901961 0.4862745 0.4862745 0.4862745 0.4980392 0.4980392 0.4980392 0.4901961 0.4901961 0.4901961 0.5137255 0.5137255 0.5137255 0.4980392 0.4980392 0.4980392 0.4901961 0.4901961 0.4901961 0.4901961 0.4901961 0.4901961 0.5411765 0.5411765 0.5411765 0.4901961 0.4901961 0.4901961 0.4980392 0.4980392 0.4980392 0.5411765 0.5411765 0.5411765 0.5411765 0.5411765 0.5411765 0.4901961 0.4901961 0.4901961 0.5372549 0.5372549 0.5372549 0.5411765 0.5411765 0.5411765 0.5411765 0.5411765 0.5411765 0.5372549 0.5372549 0.5372549 0.5372549 0.5372549 0.5372549 0.5411765 0.5411765 0.5411765 0.5372549 0.5372549 0.5372549 0.5372549 0.5372549 0.5372549 0.5372549 0.5372549 0.5372549 0.5372549 0.5372549 0.5372549 0.5215687 0.5215687 0.5215687 0.5372549 0.5372549 0.5372549 0.5294118 0.5294118 0.5294118 0.5215687 0.5215687 0.5215687 0.5372549 0.5372549 0.5372549 0.5294118 0.5294118 0.5294118 0.5176471 0.5176471 0.5176471 0.5215687 0.5215687 0.5215687 0.5176471 0.5176471 0.5176471 0.5176471 0.5176471 0.5176471 0.5294118 0.5294118 0.5294118 0.5176471 0.5176471 0.5176471 0.5176471 0.5176471 0.5176471 0.5176471 0.5176471 0.5176471 0.5137255 0.5137255 0.5137255 0.5176471 0.5176471 0.5176471 0.5176471 0.5176471 0.5176471 0.5137255 0.5137255 0.5137255 0.5176471 0.5176471 0.5176471 0.5176471 0.5176471 0.5176471 0.5176471 0.5176471 0.5176471 0.5176471 0.5176471 0.5176471 0.5137255 0.5137255 0.5137255 0.5176471 0.5176471 0.5176471 0.5215687 0.5215687 0.5215687 0.5176471 0.5176471 0.5176471 0.5215687 0.5215687 0.5215687 0.5215687 0.5215687 0.5215687 0.5176471 0.5176471 0.5176471 0.5215687 0.5215687 0.5215687 0.5058824 0.5058824 0.5058824 0.5215687 0.5215687 0.5215687 0.5215687 0.5215687 0.5215687 0.5058824 0.5058824 0.5058824 0.5215687 0.5215687 0.5215687 0.5215687 0.5215687 0.5215687 0.4980392 0.4980392 0.4980392 0.5058824 0.5058824 0.5058824 0.5176471 0.5176471 0.5176471 0.4980392 0.4980392 0.4980392 0.5215687 0.5215687 0.5215687 0.5176471 0.5176471 0.5176471 0.4980392 0.4980392 0.4980392 0.4980392 0.4980392 0.4980392 0.5019608 0.5019608 0.5019608 0.4980392 0.4980392 0.4980392 0.5176471 0.5176471 0.5176471 0.5058824 0.5058824 0.5058824 0.4901961 0.4901961 0.4901961 0.4941176 0.4941176 0.4941176 0.5058824 0.5058824 0.5058824 0.4980392 0.4980392 0.4980392 0.4901961 0.4901961 0.4901961 0.509804 0.509804 0.509804 0.4980392 0.4980392 0.4980392 0.5058824 0.5058824 0.5058824 0.509804 0.509804 0.509804 0.4862745 0.4862745 0.4862745 0.4980392 0.4980392 0.4980392 0.509804 0.509804 0.509804 0.4862745 0.4862745 0.4862745 0.509804 0.509804 0.509804 0.509804 0.509804 0.509804 0.5215687 0.5215687 0.5215687 0.4862745 0.4862745 0.4862745 0.5490196 0.5490196 0.5490196 0.5215687 0.5215687 0.5215687 0.509804 0.509804 0.509804 0.5490196 0.5490196 0.5490196 0.5568628 0.5568628 0.5568628 0.5215687 0.5215687 0.5215687 0.5294118 0.5294118 0.5294118 0.5568628 0.5568628 0.5568628 0.5490196 0.5490196 0.5490196 0.5294118 0.5294118 0.5294118 0.5294118 0.5294118 0.5294118 0.5568628 0.5568628 0.5568628 0.5294118 0.5294118 0.5294118 0.5294118 0.5294118 0.5294118 0.5294118 0.5294118 0.5294118 0.5294118 0.5294118 0.5294118 0.5490196 0.5490196 0.5490196 0.5294118 0.5294118 0.5294118 0.5647059 0.5647059 0.5647059 0.5490196 0.5490196 0.5490196 0.5294118 0.5294118 0.5294118 0.5647059 0.5647059 0.5647059 0.6156863 0.6156863 0.6156863 0.5490196 0.5490196 0.5490196 0.627451 0.627451 0.627451 0.6156863 0.6156863 0.6156863 0.5647059 0.5647059 0.5647059 0.627451 0.627451 0.627451 0.6352941 0.6352941 0.6352941 0.6156863 0.6156863 0.6156863 0.6862745 0.6862745 0.6862745 0.6352941 0.6352941 0.6352941 0.627451 0.627451 0.627451 0.6862745 0.6862745 0.6862745 0.7176471 0.7176471 0.7176471 0.6352941 0.6352941 0.6352941 0.7490196 0.7490196 0.7490196 0.7176471 0.7176471 0.7176471 0.6862745 0.6862745 0.6862745 0.7490196 0.7490196 0.7490196 0.7372549 0.7372549 0.7372549 0.7176471 0.7176471 0.7176471 0.5921569 0.5921569 0.5921569 0.7372549 0.7372549 0.7372549 0.7490196 0.7490196 0.7490196 0.5921569 0.5921569 0.5921569 0.7294118 0.7294118 0.7294118 0.7372549 0.7372549 0.7372549 0.6352941 0.6352941 0.6352941 0.7294118 0.7294118 0.7294118 0.5921569 0.5921569 0.5921569 0.6352941 0.6352941 0.6352941 0.7137255 0.7137255 0.7137255 0.7294118 0.7294118 0.7294118 0.8705883 0.8705883 0.8705883 0.7137255 0.7137255 0.7137255 0.6352941 0.6352941 0.6352941 0.8705883 0.8705883 0.8705883 0.9215686 0.9215686 0.9215686 0.7137255 0.7137255 0.7137255 0.9607843 0.9607843 0.9607843 0.9529412 0.9529412 0.9529412 0.9568628 0.9568628 0.9568628 0.9607843 0.9607843 0.9607843 0.9490196 0.9490196 0.9490196 0.9529412 0.9529412 0.9529412 0.9215686 0.9215686 0.9215686 0.9490196 0.9490196 0.9490196 0.9607843 0.9607843 0.9607843 0.9215686 0.9215686 0.9215686 0.8901961 0.8901961 0.8901961 0.9490196 0.9490196 0.9490196 0.8509804 0.8509804 0.8509804 0.8901961 0.8901961 0.8901961 0.9215686 0.9215686 0.9215686 0.8509804 0.8509804 0.8509804 0.9019608 0.9019608 0.9019608 0.8901961 0.8901961 0.8901961 0.854902 0.854902 0.854902 0.9019608 0.9019608 0.9019608 0.8509804 0.8509804 0.8509804 0.854902 0.854902 0.854902 0.9843137 0.9843137 0.9843137 0.9019608 0.9019608 0.9019608 0.9607843 0.9607843 0.9607843 0.9843137 0.9843137 0.9843137 0.854902 0.854902 0.854902 0.9607843 0.9607843 0.9607843 0.9294118 0.9294118 0.9294118 0.9843137 0.9843137 0.9843137 0.854902 0.854902 0.854902 0.9294118 0.9294118 0.9294118 0.9607843 0.9607843 0.9607843 0.854902 0.854902 0.854902 0.9137255 0.9137255 0.9137255 0.9294118 0.9294118 0.9294118 0.9529412 0.9529412 0.9529412 0.9137255 0.9137255 0.9137255 0.854902 0.854902 0.854902 0.9529412 0.9529412 0.9529412 0.9450981 0.9450981 0.9450981 0.9137255 0.9137255 0.9137255 0.9215686 0.9215686 0.9215686 0.9450981 0.9450981 0.9450981 0.9529412 0.9529412 0.9529412 0.9215686 0.9215686 0.9215686 0.9137255 0.9137255 0.9137255 0.9450981 0.9450981 0.9450981 0.9019608 0.9019608 0.9019608 0.9137255 0.9137255 0.9137255 0.9215686 0.9215686 0.9215686 0.9019608 0.9019608 0.9019608 0.8470588 0.8470588 0.8470588 0.9137255 0.9137255 0.9137255 0.8470588 0.8470588 0.8470588 0.8470588 0.8470588 0.8470588 0.9019608 0.9019608 0.9019608 0.8470588 0.8470588 0.8470588 0.8431373 0.8431373 0.8431373 0.8470588 0.8470588 0.8470588 0.8862745 0.8862745 0.8862745 0.8431373 0.8431373 0.8431373 0.8470588 0.8470588 0.8470588 0.8862745 0.8862745 0.8862745 0.882353 0.882353 0.882353 0.8431373 0.8431373 0.8431373 0.8431373 0.8431373 0.8431373 0.882353 0.882353 0.882353 0.8862745 0.8862745 0.8862745 0.8431373 0.8431373 0.8431373 0.682353 0.682353 0.682353 0.882353 0.882353 0.882353 0.509804 0.509804 0.509804 0.4980392 0.4980392 0.4980392 0.4980392 0.4980392 0.4980392 0.509804 0.509804 0.509804 0.5254902 0.5254902 0.5254902 0.4980392 0.4980392 0.4980392 0.5176471 0.5176471 0.5176471 0.5254902 0.5254902 0.5254902 0.509804 0.509804 0.509804 0.5176471 0.5176471 0.5176471 0.5215687 0.5215687 0.5215687 0.5254902 0.5254902 0.5254902 0.5215687 0.5215687 0.5215687 0.5215687 0.5215687 0.5215687 0.5176471 0.5176471 0.5176471 0.5215687 0.5215687 0.5215687 0.5254902 0.5254902 0.5254902 0.5215687 0.5215687 0.5215687 0.5254902 0.5254902 0.5254902 0.5254902 0.5254902 0.5254902 0.5215687 0.5215687 0.5215687 0.5254902 0.5254902 0.5254902 0.5294118 0.5294118 0.5294118 0.5254902 0.5254902 0.5254902 0.5490196 0.5490196 0.5490196 0.5294118 0.5294118 0.5294118 0.5254902 0.5254902 0.5254902 0.5490196 0.5490196 0.5490196 0.5450981 0.5450981 0.5450981 0.5294118 0.5294118 0.5294118 0.5529412 0.5529412 0.5529412 0.5450981 0.5450981 0.5450981 0.5490196 0.5490196 0.5490196 0.5529412 0.5529412 0.5529412 0.5568628 0.5568628 0.5568628 0.5450981 0.5450981 0.5450981 0.5647059 0.5647059 0.5647059 0.5568628 0.5568628 0.5568628 0.5529412 0.5529412 0.5529412 0.5647059 0.5647059 0.5647059 0.5686275 0.5686275 0.5686275 0.5568628 0.5568628 0.5568628 0.5882353 0.5882353 0.5882353 0.5686275 0.5686275 0.5686275 0.5647059 0.5647059 0.5647059 0.5882353 0.5882353 0.5882353 0.5803922 0.5803922 0.5803922 0.5686275 0.5686275 0.5686275 0.6 0.6 0.6 0.5803922 0.5803922 0.5803922 0.5882353 0.5882353 0.5882353 0.6 0.6 0.6 0.6039216 0.6039216 0.6039216 0.5803922 0.5803922 0.5803922 0.6117647 0.6117647 0.6117647 0.6039216 0.6039216 0.6039216 0.6 0.6 0.6 0.6117647 0.6117647 0.6117647 0.6392157 0.6392157 0.6392157 0.6039216 0.6039216 0.6039216 0.6509804 0.6509804 0.6509804 0.6392157 0.6392157 0.6392157 0.6117647 0.6117647 0.6117647 0.6509804 0.6509804 0.6509804 0.6588236 0.6588236 0.6588236 0.6392157 0.6392157 0.6392157 0.6509804 0.6509804 0.6509804 0.6588236 0.6588236 0.6588236 0.6509804 0.6509804 0.6509804 0.4862745 0.4862745 0.4862745 0.4901961 0.4901961 0.4901961 0.4980392 0.4980392 0.4980392 0.4862745 0.4862745 0.4862745 0.4823529 0.4823529 0.4823529 0.4901961 0.4901961 0.4901961 0.4823529 0.4823529 0.4823529 0.4823529 0.4823529 0.4823529 0.4862745 0.4862745 0.4862745 0.4823529 0.4823529 0.4823529 0.4862745 0.4862745 0.4862745 0.4823529 0.4823529 0.4823529 0.4823529 0.4823529 0.4823529 0.4862745 0.4862745 0.4862745 0.4823529 0.4823529 0.4823529 0.4823529 0.4823529 0.4823529 0.4823529 0.4823529 0.4823529 0.4862745 0.4862745 0.4862745 0.4862745 0.4862745 0.4862745 0.4823529 0.4823529 0.4823529 0.4823529 0.4823529 0.4823529 0.4862745 0.4862745 0.4862745 0.4784314 0.4784314 0.4784314 0.4823529 0.4823529 0.4823529 0.4862745 0.4862745 0.4862745 0.4784314 0.4784314 0.4784314 0.4862745 0.4862745 0.4862745 0.4862745 0.4862745 0.4862745 0.4745098 0.4745098 0.4745098 0.4784314 0.4784314 0.4784314 0.4823529 0.4823529 0.4823529 0.4745098 0.4745098 0.4745098 0.4862745 0.4862745 0.4862745 0.4823529 0.4823529 0.4823529 0.4784314 0.4784314 0.4784314 0.4745098 0.4745098 0.4745098 0.4823529 0.4823529 0.4823529 0.4784314 0.4784314 0.4784314 0.4823529 0.4823529 0.4823529 0.4823529 0.4823529 0.4823529 0.4823529 0.4823529 0.4823529 0.4784314 0.4784314 0.4784314 0.4901961 0.4901961 0.4901961 0.4823529 0.4823529 0.4823529 0.4823529 0.4823529 0.4823529 0.4901961 0.4901961 0.4901961 0.4784314 0.4784314 0.4784314 0.4823529 0.4823529 0.4823529 0.4862745 0.4862745 0.4862745 0.4784314 0.4784314 0.4784314 0.4901961 0.4901961 0.4901961 0.4862745 0.4862745 0.4862745 0.4901961 0.4901961 0.4901961 0.4784314 0.4784314 0.4784314 0.4784314 0.4784314 0.4784314 0.4901961 0.4901961 0.4901961 0.4862745 0.4862745 0.4862745 0.4784314 0.4784314 0.4784314 0.4784314 0.4784314 0.4784314 0.4901961 0.4901961 0.4901961 0.4784314 0.4784314 0.4784314 0.4784314 0.4784314 0.4784314 0.4784314 0.4784314 0.4784314 0.4784314 0.4784314 0.4784314 0.5019608 0.5019608 0.5019608 0.4784314 0.4784314 0.4784314 0.4941176 0.4941176 0.4941176 0.5019608 0.5019608 0.5019608 0.4784314 0.4784314 0.4784314 0.4901961 0.4901961 0.4901961 0.5372549 0.5372549 0.5372549 0.4980392 0.4980392 0.4980392 0.4901961 0.4901961 0.4901961 0.5529412 0.5529412 0.5529412 0.5372549 0.5372549 0.5372549 0.5529412 0.5529412 0.5529412 0.5529412 0.5529412 0.5529412 0.4901961 0.4901961 0.4901961 0.5529412 0.5529412 0.5529412 0.5607843 0.5607843 0.5607843 0.5529412 0.5529412 0.5529412 0.5647059 0.5647059 0.5647059 0.5607843 0.5607843 0.5607843 0.5529412 0.5529412 0.5529412 0.5647059 0.5647059 0.5647059 0.5568628 0.5568628 0.5568628 0.5607843 0.5607843 0.5607843 0.5450981 0.5450981 0.5450981 0.5568628 0.5568628 0.5568628 0.5647059 0.5647059 0.5647059 0.5450981 0.5450981 0.5450981 0.5647059 0.5647059 0.5647059 0.5568628 0.5568628 0.5568628 0.5529412 0.5529412 0.5529412 0.5647059 0.5647059 0.5647059 0.5450981 0.5450981 0.5450981 0.5529412 0.5529412 0.5529412 0.5686275 0.5686275 0.5686275 0.5647059 0.5647059 0.5647059 0.5647059 0.5647059 0.5647059 0.5686275 0.5686275 0.5686275 0.5529412 0.5529412 0.5529412 0.5647059 0.5647059 0.5647059 0.5764706 0.5764706 0.5764706 0.5686275 0.5686275 0.5686275 0.5764706 0.5764706 0.5764706 0.5764706 0.5764706 0.5764706 0.5647059 0.5647059 0.5647059 0.5764706 0.5764706 0.5764706 0.5803922 0.5803922 0.5803922 0.5764706 0.5764706 0.5764706 0.5764706 0.5764706 0.5764706 0.5803922 0.5803922 0.5803922 0.5764706 0.5764706 0.5764706 0.5764706 0.5764706 0.5764706 0.5725491 0.5725491 0.5725491 0.5803922 0.5803922 0.5803922 0.5764706 0.5764706 0.5764706 0.5725491 0.5725491 0.5725491 0.5764706 0.5764706 0.5764706 0.5764706 0.5764706 0.5764706 0.5725491 0.5725491 0.5725491 0.5725491 0.5725491 0.5725491 0.5568628 0.5568628 0.5568628 0.5725491 0.5725491 0.5725491 0.5764706 0.5764706 0.5764706 0.5568628 0.5568628 0.5568628 0.5843138 0.5843138 0.5843138 0.5725491 0.5725491 0.5725491 0.5725491 0.5725491 0.5725491 0.5843138 0.5843138 0.5843138 0.5568628 0.5568628 0.5568628 0.5725491 0.5725491 0.5725491 0.5843138 0.5843138 0.5843138 0.5843138 0.5843138 0.5843138 0.5882353 0.5882353 0.5882353 0.5843138 0.5843138 0.5843138 0.5725491 0.5725491 0.5725491 0.6156863 0.6156863 0.6156863 0.5843138 0.5843138 0.5843138 0.6078432 0.6078432 0.6078432 0.6156863 0.6156863 0.6156863 0.5960785 0.5960785 0.5960785 0.5843138 0.5843138 0.5843138 0.627451 0.627451 0.627451 0.5960785 0.5960785 0.5960785 0.6156863 0.6156863 0.6156863 0.627451 0.627451 0.627451 0.6666667 0.6666667 0.6666667 0.5960785 0.5960785 0.5960785 0.6196079 0.6196079 0.6196079 0.6666667 0.6666667 0.6666667 0.627451 0.627451 0.627451 0.6196079 0.6196079 0.6196079 0.6666667 0.6666667 0.6666667 0.6666667 0.6666667 0.6666667 0.627451 0.627451 0.627451 0.6666667 0.6666667 0.6666667 0.6196079 0.6196079 0.6196079 0.627451 0.627451 0.627451 0.7137255 0.7137255 0.7137255 0.6666667 0.6666667 0.6666667 0.6901961 0.6901961 0.6901961 0.7137255 0.7137255 0.7137255 0.627451 0.627451 0.627451 0.6901961 0.6901961 0.6901961 0.7058824 0.7058824 0.7058824 0.7137255 0.7137255 0.7137255 0.6901961 0.6901961 0.6901961 0.7058824 0.7058824 0.7058824 0.6901961 0.6901961 0.6901961 0.6901961 0.6901961 0.6901961 0.7647059 0.7647059 0.7647059 0.7058824 0.7058824 0.7058824 0.7254902 0.7254902 0.7254902 0.7647059 0.7647059 0.7647059 0.6901961 0.6901961 0.6901961 0.7254902 0.7254902 0.7254902 0.7215687 0.7215687 0.7215687 0.7647059 0.7647059 0.7647059 0.6862745 0.6862745 0.6862745 0.7215687 0.7215687 0.7215687 0.7254902 0.7254902 0.7254902 0.6862745 0.6862745 0.6862745 0.7764706 0.7764706 0.7764706 0.7215687 0.7215687 0.7215687 0.7529412 0.7529412 0.7529412 0.7764706 0.7764706 0.7764706 0.6862745 0.6862745 0.6862745 0.7529412 0.7529412 0.7529412 0.7607843 0.7607843 0.7607843 0.7764706 0.7764706 0.7764706 0.7098039 0.7098039 0.7098039 0.7607843 0.7607843 0.7607843 0.7529412 0.7529412 0.7529412 0.7098039 0.7098039 0.7098039 0.7254902 0.7254902 0.7254902 0.7607843 0.7607843 0.7607843 0.7294118 0.7294118 0.7294118 0.7254902 0.7254902 0.7254902 0.7098039 0.7098039 0.7098039 0.7294118 0.7294118 0.7294118 0.7137255 0.7137255 0.7137255 0.7254902 0.7254902 0.7254902 0.5215687 0.5215687 0.5215687 0.5333334 0.5333334 0.5333334 0.5254902 0.5254902 0.5254902 0.5215687 0.5215687 0.5215687 0.5294118 0.5294118 0.5294118 0.5333334 0.5333334 0.5333334 0.5372549 0.5372549 0.5372549 0.5294118 0.5294118 0.5294118 0.5215687 0.5215687 0.5215687 0.5372549 0.5372549 0.5372549 0.6078432 0.6078432 0.6078432 0.5294118 0.5294118 0.5294118 0.5843138 0.5843138 0.5843138 0.6078432 0.6078432 0.6078432 0.5372549 0.5372549 0.5372549 0.5843138 0.5843138 0.5843138 0.6039216 0.6039216 0.6039216 0.6078432 0.6078432 0.6078432 0.5921569 0.5921569 0.5921569 0.6039216 0.6039216 0.6039216 0.5843138 0.5843138 0.5843138 0.5921569 0.5921569 0.5921569 0.6039216 0.6039216 0.6039216 0.6039216 0.6039216 0.6039216 0.627451 0.627451 0.627451 0.6039216 0.6039216 0.6039216 0.5921569 0.5921569 0.5921569 0.627451 0.627451 0.627451 0.627451 0.627451 0.627451 0.6039216 0.6039216 0.6039216 0.6313726 0.6313726 0.6313726 0.627451 0.627451 0.627451 0.627451 0.627451 0.627451 0.6313726 0.6313726 0.6313726 0.6470589 0.6470589 0.6470589 0.627451 0.627451 0.627451 0.654902 0.654902 0.654902 0.6470589 0.6470589 0.6470589 0.6313726 0.6313726 0.6313726 0.654902 0.654902 0.654902 0.6588236 0.6588236 0.6588236 0.6470589 0.6470589 0.6470589 0.6588236 0.6588236 0.6588236 0.6588236 0.6588236 0.6588236 0.654902 0.654902 0.654902 0.6588236 0.6588236 0.6588236 0.654902 0.654902 0.654902 0.6588236 0.6588236 0.6588236 0.654902 0.654902 0.654902 0.654902 0.654902 0.654902 0.6588236 0.6588236 0.6588236 0.654902 0.654902 0.654902 0.6156863 0.6156863 0.6156863 0.654902 0.654902 0.654902 0.6156863 0.6156863 0.6156863 0.6156863 0.6156863 0.6156863 0.654902 0.654902 0.654902 0.6156863 0.6156863 0.6156863 0.6117647 0.6117647 0.6117647 0.6156863 0.6156863 0.6156863 0.6352941 0.6352941 0.6352941 0.6117647 0.6117647 0.6117647 0.6156863 0.6156863 0.6156863 0.6352941 0.6352941 0.6352941 0.7176471 0.7176471 0.7176471 0.6117647 0.6117647 0.6117647 0.5215687 0.5215687 0.5215687 0.6470589 0.6470589 0.6470589 0.5137255 0.5137255 0.5137255 0.5215687 0.5215687 0.5215687 0.5607843 0.5607843 0.5607843 0.6470589 0.6470589 0.6470589 0.5411765 0.5411765 0.5411765 0.5607843 0.5607843 0.5607843 0.5215687 0.5215687 0.5215687 0.5411765 0.5411765 0.5411765 0.6117647 0.6117647 0.6117647 0.5607843 0.5607843 0.5607843 0.5411765 0.5411765 0.5411765 0.6117647 0.6117647 0.6117647 0.5411765 0.5411765 0.5411765 0.5411765 0.5411765 0.5411765 0.5803922 0.5803922 0.5803922 0.6117647 0.6117647 0.6117647 0.5725491 0.5725491 0.5725491 0.5803922 0.5803922 0.5803922 0.5411765 0.5411765 0.5411765 0.5725491 0.5725491 0.5725491 0.5803922 0.5803922 0.5803922 0.5803922 0.5803922 0.5803922 0.5803922 0.5803922 0.5803922 0.5803922 0.5803922 0.5803922 0.5725491 0.5725491 0.5725491 0.5803922 0.5803922 0.5803922 0.5960785 0.5960785 0.5960785 0.5803922 0.5803922 0.5803922 0.6078432 0.6078432 0.6078432 0.5960785 0.5960785 0.5960785 0.5803922 0.5803922 0.5803922 0.6078432 0.6078432 0.6078432 0.6196079 0.6196079 0.6196079 0.5960785 0.5960785 0.5960785 0.6 0.6 0.6 0.6196079 0.6196079 0.6196079 0.6078432 0.6078432 0.6078432 0.6 0.6 0.6 0.6196079 0.6196079 0.6196079 0.6196079 0.6196079 0.6196079 0.6196079 0.6196079 0.6196079 0.6196079 0.6196079 0.6196079 0.6 0.6 0.6 0.6196079 0.6196079 0.6196079 0.6 0.6 0.6 0.6196079 0.6196079 0.6196079 0.6196079 0.6196079 0.6196079 0.6 0.6 0.6 0.6196079 0.6196079 0.6196079 0.6196079 0.6196079 0.6196079 0.6235294 0.6235294 0.6235294 0.6 0.6 0.6 0.6509804 0.6509804 0.6509804 0.6235294 0.6235294 0.6235294 0.6196079 0.6196079 0.6196079 0.6509804 0.6509804 0.6509804 0.6509804 0.6509804 0.6509804 0.6235294 0.6235294 0.6235294 0.627451 0.627451 0.627451 0.6509804 0.6509804 0.6509804 0.6509804 0.6509804 0.6509804 0.5333334 0.5333334 0.5333334 0.4823529 0.4823529 0.4823529 0.4823529 0.4823529 0.4823529 0.5333334 0.5333334 0.5333334 0.5372549 0.5372549 0.5372549 0.4823529 0.4823529 0.4823529 0.5372549 0.5372549 0.5372549 0.5372549 0.5372549 0.5372549 0.5333334 0.5333334 0.5333334 0.5372549 0.5372549 0.5372549 0.5411765 0.5411765 0.5411765 0.5372549 0.5372549 0.5372549 0.5450981 0.5450981 0.5450981 0.5411765 0.5411765 0.5411765 0.5372549 0.5372549 0.5372549 0.5450981 0.5450981 0.5450981 0.5686275 0.5686275 0.5686275 0.5411765 0.5411765 0.5411765 0.5215687 0.5215687 0.5215687 0.5686275 0.5686275 0.5686275 0.5450981 0.5450981 0.5450981 0.5215687 0.5215687 0.5215687 0.5490196 0.5490196 0.5490196 0.5686275 0.5686275 0.5686275 0.5372549 0.5372549 0.5372549 0.5490196 0.5490196 0.5490196 0.5215687 0.5215687 0.5215687 0.5372549 0.5372549 0.5372549 0.5333334 0.5333334 0.5333334 0.5490196 0.5490196 0.5490196 0.5215687 0.5215687 0.5215687 0.5333334 0.5333334 0.5333334 0.5372549 0.5372549 0.5372549 0.5215687 0.5215687 0.5215687 0.4901961 0.4901961 0.4901961 0.5333334 0.5333334 0.5333334 0.509804 0.509804 0.509804 0.4901961 0.4901961 0.4901961 0.5215687 0.5215687 0.5215687 0.509804 0.509804 0.509804 0.4901961 0.4901961 0.4901961 0.4901961 0.4901961 0.4901961 0.4941176 0.4941176 0.4941176 0.4901961 0.4901961 0.4901961 0.509804 0.509804 0.509804 0.4941176 0.4941176 0.4941176 0.5019608 0.5019608 0.5019608 0.4901961 0.4901961 0.4901961 0.5058824 0.5058824 0.5058824 0.5019608 0.5019608 0.5019608 0.4941176 0.4941176 0.4941176 0.5058824 0.5058824 0.5058824 0.4980392 0.4980392 0.4980392 0.5019608 0.5019608 0.5019608 0.5137255 0.5137255 0.5137255 0.4980392 0.4980392 0.4980392 0.5058824 0.5058824 0.5058824 0.5137255 0.5137255 0.5137255 0.4941176 0.4941176 0.4941176 0.4980392 0.4980392 0.4980392 0.4941176 0.4941176 0.4941176 0.4941176 0.4941176 0.4941176 0.5137255 0.5137255 0.5137255 0.6509804 0.6509804 0.6509804 0.654902 0.654902 0.654902 0.6509804 0.6509804 0.6509804 0.6509804 0.6509804 0.6509804 0.6509804 0.6509804 0.6509804 0.654902 0.654902 0.654902 0.6666667 0.6666667 0.6666667 0.6509804 0.6509804 0.6509804 0.6509804 0.6509804 0.6509804 0.6666667 0.6666667 0.6666667 0.7333334 0.7333334 0.7333334 0.6509804 0.6509804 0.6509804 0.7372549 0.7372549 0.7372549 0.7333334 0.7333334 0.7333334 0.6666667 0.6666667 0.6666667 0.7372549 0.7372549 0.7372549 0.7686275 0.7686275 0.7686275 0.7333334 0.7333334 0.7333334 0.7215687 0.7215687 0.7215687 0.7686275 0.7686275 0.7686275 0.7372549 0.7372549 0.7372549 0.7215687 0.7215687 0.7215687 0.7411765 0.7411765 0.7411765 0.7686275 0.7686275 0.7686275 0.7019608 0.7019608 0.7019608 0.7411765 0.7411765 0.7411765 0.7215687 0.7215687 0.7215687 0.7019608 0.7019608 0.7019608 0.7764706 0.7764706 0.7764706 0.7411765 0.7411765 0.7411765 0.7137255 0.7137255 0.7137255 0.7764706 0.7764706 0.7764706 0.7019608 0.7019608 0.7019608 0.7137255 0.7137255 0.7137255 0.7843137 0.7843137 0.7843137 0.7764706 0.7764706 0.7764706 0.7921569 0.7921569 0.7921569 0.7843137 0.7843137 0.7843137 0.7137255 0.7137255 0.7137255 0.7921569 0.7921569 0.7921569 0.8235294 0.8235294 0.8235294 0.7843137 0.7843137 0.7843137 0.7568628 0.7568628 0.7568628 0.8235294 0.8235294 0.8235294 0.7921569 0.7921569 0.7921569 0.7568628 0.7568628 0.7568628 0.8705883 0.8705883 0.8705883 0.8235294 0.8235294 0.8235294 0.8470588 0.8470588 0.8470588 0.8705883 0.8705883 0.8705883 0.7568628 0.7568628 0.7568628 0.8470588 0.8470588 0.8470588 0.8862745 0.8862745 0.8862745 0.8705883 0.8705883 0.8705883 0.6117647 0.6117647 0.6117647 0.8862745 0.8862745 0.8862745 0.8470588 0.8470588 0.8470588 0.6117647 0.6117647 0.6117647 0.8431373 0.8431373 0.8431373 0.8862745 0.8862745 0.8862745 0.6941177 0.6941177 0.6941177 0.5843138 0.5843138 0.5843138 0.6627451 0.6627451 0.6627451 0.6941177 0.6941177 0.6941177 0.6078432 0.6078432 0.6078432 0.5843138 0.5843138 0.5843138 0.5960785 0.5960785 0.5960785 0.6078432 0.6078432 0.6078432 0.6941177 0.6941177 0.6941177 0.5960785 0.5960785 0.5960785 0.6156863 0.6156863 0.6156863 0.6078432 0.6078432 0.6078432 0.6078432 0.6078432 0.6078432 0.6156863 0.6156863 0.6156863 0.5960785 0.5960785 0.5960785 0.6078432 0.6078432 0.6078432 0.5333334 0.5333334 0.5333334 0.6156863 0.6156863 0.6156863 0.5254902 0.5254902 0.5254902 0.5333334 0.5333334 0.5333334 0.6078432 0.6078432 0.6078432 0.5254902 0.5254902 0.5254902 0.5254902 0.5254902 0.5254902 0.5333334 0.5333334 0.5333334 0.5019608 0.5019608 0.5019608 0.5254902 0.5254902 0.5254902 0.5254902 0.5254902 0.5254902 0.5019608 0.5019608 0.5019608 0.5215687 0.5215687 0.5215687 0.5254902 0.5254902 0.5254902 0.5019608 0.5019608 0.5019608 0.5215687 0.5215687 0.5215687 0.5019608 0.5019608 0.5019608 0.5019608 0.5019608 0.5019608 0.4941176 0.4941176 0.4941176 0.5215687 0.5215687 0.5215687 0.4745098 0.4745098 0.4745098 0.4941176 0.4941176 0.4941176 0.5019608 0.5019608 0.5019608 0.4745098 0.4745098 0.4745098 0.4823529 0.4823529 0.4823529 0.4941176 0.4941176 0.4941176 0.4745098 0.4745098 0.4745098 0.4823529 0.4823529 0.4823529 0.4745098 0.4745098 0.4745098 0.4745098 0.4745098 0.4745098 0.4745098 0.4745098 0.4745098 0.4823529 0.4823529 0.4823529 0.4784314 0.4784314 0.4784314 0.4745098 0.4745098 0.4745098 0.4745098 0.4745098 0.4745098 0.4784314 0.4784314 0.4784314 0.4705882 0.4705882 0.4705882 0.4745098 0.4745098 0.4745098 0.4784314 0.4784314 0.4784314 0.4705882 0.4705882 0.4705882 0.4784314 0.4784314 0.4784314 0.8196079 0.8196079 0.8196079 0.8470588 0.8470588 0.8470588 0.8039216 0.8039216 0.8039216 0.8196079 0.8196079 0.8196079 0.8862745 0.8862745 0.8862745 0.8470588 0.8470588 0.8470588 0.9019608 0.9019608 0.9019608 0.8862745 0.8862745 0.8862745 0.8196079 0.8196079 0.8196079 0.9019608 0.9019608 0.9019608 0.9137255 0.9137255 0.9137255 0.8862745 0.8862745 0.8862745 0.9411765 0.9411765 0.9411765 0.9137255 0.9137255 0.9137255 0.9019608 0.9019608 0.9019608 0.9411765 0.9411765 0.9411765 0.9137255 0.9137255 0.9137255 0.9137255 0.9137255 0.9137255 0.9411765 0.9411765 0.9411765 0.9137255 0.9137255 0.9137255 0.9411765 0.9411765 0.9411765 0.9411765 0.9411765 0.9411765 0.9019608 0.9019608 0.9019608 0.9137255 0.9137255 0.9137255 0.9215686 0.9215686 0.9215686 0.9019608 0.9019608 0.9019608 0.9411765 0.9411765 0.9411765 0.9215686 0.9215686 0.9215686 0.9294118 0.9294118 0.9294118 0.9019608 0.9019608 0.9019608 0.972549 0.972549 0.972549 0.9294118 0.9294118 0.9294118 0.9215686 0.9215686 0.9215686 0.972549 0.972549 0.972549 0.9019608 0.9019608 0.9019608 0.9294118 0.9294118 0.9294118 0.972549 0.972549 0.972549 0.9019608 0.9019608 0.9019608 0.972549 0.972549 0.972549 0.972549 0.972549 0.972549 0.8431373 0.8431373 0.8431373 0.9019608 0.9019608 0.9019608 0.8431373 0.8431373 0.8431373 0.8431373 0.8431373 0.8431373 0.972549 0.972549 0.972549 0.8431373 0.8431373 0.8431373 0.8901961 0.8901961 0.8901961 0.8431373 0.8431373 0.8431373 0.9176471 0.9176471 0.9176471 0.8901961 0.8901961 0.8901961 0.8431373 0.8431373 0.8431373 0.9176471 0.9176471 0.9176471 0.9529412 0.9529412 0.9529412 0.8901961 0.8901961 0.8901961 0.8588235 0.8588235 0.8588235 0.9529412 0.9529412 0.9529412 0.9176471 0.9176471 0.9176471 0.9607843 0.9607843 0.9607843 0.972549 0.972549 0.972549 0.9529412 0.9529412 0.9529412 0.9607843 0.9607843 0.9607843 0.9686275 0.9686275 0.9686275 0.972549 0.972549 0.972549 0.9490196 0.9490196 0.9490196 0.9686275 0.9686275 0.9686275 0.9607843 0.9607843 0.9607843 0.9490196 0.9490196 0.9490196 0.9764706 0.9764706 0.9764706 0.9686275 0.9686275 0.9686275 0.9529412 0.9529412 0.9529412 0.9764706 0.9764706 0.9764706 0.9490196 0.9490196 0.9490196 0.9529412 0.9529412 0.9529412 0.9607843 0.9607843 0.9607843 0.9764706 0.9764706 0.9764706 0.9490196 0.9490196 0.9490196 0.9607843 0.9607843 0.9607843 0.9529412 0.9529412 0.9529412 0.9490196 0.9490196 0.9490196 0.9568628 0.9568628 0.9568628 0.9607843 0.9607843 0.9607843 0.9843137 0.9843137 0.9843137 0.9568628 0.9568628 0.9568628 0.9490196 0.9490196 0.9490196 0.9843137 0.9843137 0.9843137 0.972549 0.972549 0.972549 0.9568628 0.9568628 0.9568628 0.9960784 0.9960784 0.9960784 0.972549 0.972549 0.972549 0.9843137 0.9843137 0.9843137 0.9960784 0.9960784 0.9960784 0.9764706 0.9764706 0.9764706 0.972549 0.972549 0.972549 0.9607843 0.9607843 0.9607843 0.9764706 0.9764706 0.9764706 0.9960784 0.9960784 0.9960784 0.9607843 0.9607843 0.9607843 0.8666667 0.8666667 0.8666667 0.9764706 0.9764706 0.9764706 0.7333334 0.7333334 0.7333334 0.8666667 0.8666667 0.8666667 0.9607843 0.9607843 0.9607843 0.7333334 0.7333334 0.7333334 0.8039216 0.8039216 0.8039216 0.8666667 0.8666667 0.8666667 0.8 0.8 0.8 0.8039216 0.8039216 0.8039216 0.7333334 0.7333334 0.7333334 0.8 0.8 0.8 0.8352941 0.8352941 0.8352941 0.8039216 0.8039216 0.8039216 0.8039216 0.8039216 0.8039216 0.8352941 0.8352941 0.8352941 0.8 0.8 0.8 0.9490196 0.9490196 0.9490196 0.9450981 0.9450981 0.9450981 0.9215686 0.9215686 0.9215686 0.9490196 0.9490196 0.9490196 0.9176471 0.9176471 0.9176471 0.9450981 0.9450981 0.9450981 0.9294118 0.9294118 0.9294118 0.9176471 0.9176471 0.9176471 0.9490196 0.9490196 0.9490196 0.9294118 0.9294118 0.9294118 0.8588235 0.8588235 0.8588235 0.9176471 0.9176471 0.9176471 0.9607843 0.9607843 0.9607843 0.8588235 0.8588235 0.8588235 0.9294118 0.9294118 0.9294118 0.9607843 0.9607843 0.9607843 0.9529412 0.9529412 0.9529412 0.8588235 0.8588235 0.8588235 0.972549 0.972549 0.972549 0.9529412 0.9529412 0.9529412 0.9607843 0.9607843 0.9607843 0.972549 0.972549 0.972549 0.9568628 0.9568628 0.9568628 0.9529412 0.9529412 0.9529412 0.9764706 0.9764706 0.9764706 0.9568628 0.9568628 0.9568628 0.972549 0.972549 0.972549 0.9764706 0.9764706 0.9764706 0.9607843 0.9607843 0.9607843 0.9568628 0.9568628 0.9568628 0.9607843 0.9607843 0.9607843 0.9607843 0.9607843 0.9607843 0.9764706 0.9764706 0.9764706 0.9607843 0.9607843 0.9607843 0.9490196 0.9490196 0.9490196 0.9607843 0.9607843 0.9607843 0.9607843 0.9607843 0.9607843 0.9490196 0.9490196 0.9490196 0.9607843 0.9607843 0.9607843 0.9607843 0.9607843 0.9607843 0.9294118 0.9294118 0.9294118 0.9490196 0.9490196 0.9490196 0.972549 0.972549 0.972549 0.9294118 0.9294118 0.9294118 0.9607843 0.9607843 0.9607843 0.972549 0.972549 0.972549 0.9529412 0.9529412 0.9529412 0.9294118 0.9294118 0.9294118 0.9843137 0.9843137 0.9843137 0.9529412 0.9529412 0.9529412 0.972549 0.972549 0.972549 0.9843137 0.9843137 0.9843137 0.9294118 0.9294118 0.9294118 0.9529412 0.9529412 0.9529412 0.5215687 0.5215687 0.5215687 0.5921569 0.5921569 0.5921569 0.5411765 0.5411765 0.5411765 0.5215687 0.5215687 0.5215687 0.5176471 0.5176471 0.5176471 0.5921569 0.5921569 0.5921569 0.4901961 0.4901961 0.4901961 0.5176471 0.5176471 0.5176471 0.5215687 0.5215687 0.5215687 0.4901961 0.4901961 0.4901961 0.627451 0.627451 0.627451 0.5176471 0.5176471 0.5176471 0.5411765 0.5411765 0.5411765 0.627451 0.627451 0.627451 0.4901961 0.4901961 0.4901961 0.5411765 0.5411765 0.5411765 0.654902 0.654902 0.654902 0.627451 0.627451 0.627451 0.5254902 0.5254902 0.5254902 0.654902 0.654902 0.654902 0.5411765 0.5411765 0.5411765 0.5254902 0.5254902 0.5254902 0.6588236 0.6588236 0.6588236 0.654902 0.654902 0.654902 0.6235294 0.6235294 0.6235294 0.6588236 0.6588236 0.6588236 0.5254902 0.5254902 0.5254902 0.6235294 0.6235294 0.6235294 0.6588236 0.6588236 0.6588236 0.6588236 0.6588236 0.6588236 0.6196079 0.6196079 0.6196079 0.6588236 0.6588236 0.6588236 0.6235294 0.6235294 0.6235294 0.6196079 0.6196079 0.6196079 0.6156863 0.6156863 0.6156863 0.6588236 0.6588236 0.6588236 0.5333334 0.5333334 0.5333334 0.6156863 0.6156863 0.6156863 0.6196079 0.6196079 0.6196079 0.5333334 0.5333334 0.5333334 0.5960785 0.5960785 0.5960785 0.6156863 0.6156863 0.6156863 0.5490196 0.5490196 0.5490196 0.5960785 0.5960785 0.5960785 0.5333334 0.5333334 0.5333334 0.5490196 0.5490196 0.5490196 0.6352941 0.6352941 0.6352941 0.5960785 0.5960785 0.5960785 0.6156863 0.6156863 0.6156863 0.6352941 0.6352941 0.6352941 0.5490196 0.5490196 0.5490196 0.4784314 0.4784314 0.4784314 0.4784314 0.4784314 0.4784314 0.4823529 0.4823529 0.4823529 0.4784314 0.4784314 0.4784314 0.4784314 0.4784314 0.4784314 0.4784314 0.4784314 0.4784314 0.4745098 0.4745098 0.4745098 0.4784314 0.4784314 0.4784314 0.4784314 0.4784314 0.4784314 0.4745098 0.4745098 0.4745098 0.4784314 0.4784314 0.4784314 0.4784314 0.4784314 0.4784314 0.4784314 0.4784314 0.4784314 0.4784314 0.4784314 0.4784314 0.4745098 0.4745098 0.4745098 0.4784314 0.4784314 0.4784314 0.4823529 0.4823529 0.4823529 0.4784314 0.4784314 0.4784314 0.4745098 0.4745098 0.4745098 0.4823529 0.4823529 0.4823529 0.4784314 0.4784314 0.4784314 0.4745098 0.4745098 0.4745098 0.4941176 0.4941176 0.4941176 0.4823529 0.4823529 0.4823529 0.5019608 0.5019608 0.5019608 0.4941176 0.4941176 0.4941176 0.4745098 0.4745098 0.4745098 0.5019608 0.5019608 0.5019608 0.4980392 0.4980392 0.4980392 0.4941176 0.4941176 0.4941176 0.5019608 0.5019608 0.5019608 0.4980392 0.4980392 0.4980392 0.5019608 0.5019608 0.5019608 0.5019608 0.5019608 0.5019608 0.4941176 0.4941176 0.4941176 0.4980392 0.4980392 0.4980392 0.5254902 0.5254902 0.5254902 0.4941176 0.4941176 0.4941176 0.5019608 0.5019608 0.5019608 0.5254902 0.5254902 0.5254902 0.5568628 0.5568628 0.5568628 0.4941176 0.4941176 0.4941176 0.5960785 0.5960785 0.5960785 0.5568628 0.5568628 0.5568628 0.5254902 0.5254902 0.5254902 0.5960785 0.5960785 0.5960785 0.5490196 0.5490196 0.5490196 0.5568628 0.5568628 0.5568628 0.5725491 0.5725491 0.5725491 0.5490196 0.5490196 0.5490196 0.5960785 0.5960785 0.5960785 0.9215686 0.9215686 0.9215686 0.854902 0.854902 0.854902 0.8509804 0.8509804 0.8509804 0.9215686 0.9215686 0.9215686 0.8980392 0.8980392 0.8980392 0.854902 0.854902 0.854902 0.9333333 0.9333333 0.9333333 0.8980392 0.8980392 0.8980392 0.9215686 0.9215686 0.9215686 0.9333333 0.9333333 0.9333333 0.8901961 0.8901961 0.8901961 0.8980392 0.8980392 0.8980392 0.9098039 0.9098039 0.9098039 0.8901961 0.8901961 0.8901961 0.9333333 0.9333333 0.9333333 0.9098039 0.9098039 0.9098039 0.9607843 0.9607843 0.9607843 0.8901961 0.8901961 0.8901961 0.9137255 0.9137255 0.9137255 0.9607843 0.9607843 0.9607843 0.9098039 0.9098039 0.9098039 0.9137255 0.9137255 0.9137255 0.9254902 0.9254902 0.9254902 0.9607843 0.9607843 0.9607843 0.9254902 0.9254902 0.9254902 0.9254902 0.9254902 0.9254902 0.9137255 0.9137255 0.9137255 0.9254902 0.9254902 0.9254902 0.8117647 0.8117647 0.8117647 0.9254902 0.9254902 0.9254902 0.8196079 0.8196079 0.8196079 0.8117647 0.8117647 0.8117647 0.9254902 0.9254902 0.9254902 0.8196079 0.8196079 0.8196079 0.8196079 0.8196079 0.8196079 0.8117647 0.8117647 0.8117647 0.8156863 0.8156863 0.8156863 0.8196079 0.8196079 0.8196079 0.8196079 0.8196079 0.8196079 0.8156863 0.8156863 0.8156863 0.827451 0.827451 0.827451 0.8196079 0.8196079 0.8196079 0.882353 0.882353 0.882353 0.827451 0.827451 0.827451 0.8156863 0.8156863 0.8156863 0.882353 0.882353 0.882353 0.9294118 0.9294118 0.9294118 0.827451 0.827451 0.827451 0.8627451 0.8627451 0.8627451 0.9294118 0.9294118 0.9294118 0.882353 0.882353 0.882353 0.5803922 0.5803922 0.5803922 0.5568628 0.5568628 0.5568628 0.5686275 0.5686275 0.5686275 0.5803922 0.5803922 0.5803922 0.5882353 0.5882353 0.5882353 0.5568628 0.5568628 0.5568628 0.5921569 0.5921569 0.5921569 0.5882353 0.5882353 0.5882353 0.5803922 0.5803922 0.5803922 0.5921569 0.5921569 0.5921569 0.5607843 0.5607843 0.5607843 0.5882353 0.5882353 0.5882353 0.6235294 0.6235294 0.6235294 0.5607843 0.5607843 0.5607843 0.5921569 0.5921569 0.5921569 0.6235294 0.6235294 0.6235294 0.654902 0.654902 0.654902 0.5607843 0.5607843 0.5607843 0.6784314 0.6784314 0.6784314 0.654902 0.654902 0.654902 0.6235294 0.6235294 0.6235294 0.6784314 0.6784314 0.6784314 0.7058824 0.7058824 0.7058824 0.654902 0.654902 0.654902 0.6509804 0.6509804 0.6509804 0.7058824 0.7058824 0.7058824 0.6784314 0.6784314 0.6784314 0.6509804 0.6509804 0.6509804 0.7058824 0.7058824 0.7058824 0.7058824 0.7058824 0.7058824 0.6666667 0.6666667 0.6666667 0.7058824 0.7058824 0.7058824 0.6509804 0.6509804 0.6509804 0.6666667 0.6666667 0.6666667 0.7019608 0.7019608 0.7019608 0.7058824 0.7058824 0.7058824 0.6117647 0.6117647 0.6117647 0.7019608 0.7019608 0.7019608 0.6666667 0.6666667 0.6666667 0.6117647 0.6117647 0.6117647 0.6352941 0.6352941 0.6352941 0.7019608 0.7019608 0.7019608 0.627451 0.627451 0.627451 0.6352941 0.6352941 0.6352941 0.6117647 0.6117647 0.6117647 0.627451 0.627451 0.627451 0.6196079 0.6196079 0.6196079 0.6352941 0.6352941 0.6352941 0.5921569 0.5921569 0.5921569 0.6196079 0.6196079 0.6196079 0.627451 0.627451 0.627451 0.9607843 0.9607843 0.9607843 0.9529412 0.9529412 0.9529412 0.854902 0.854902 0.854902 0.9607843 0.9607843 0.9607843 0.8784314 0.8784314 0.8784314 0.9529412 0.9529412 0.9529412 0.9098039 0.9098039 0.9098039 0.8784314 0.8784314 0.8784314 0.9607843 0.9607843 0.9607843 0.9098039 0.9098039 0.9098039 0.9294118 0.9294118 0.9294118 0.8784314 0.8784314 0.8784314 0.8745098 0.8745098 0.8745098 0.9294118 0.9294118 0.9294118 0.9098039 0.9098039 0.9098039 0.8745098 0.8745098 0.8745098 0.9450981 0.9450981 0.9450981 0.9294118 0.9294118 0.9294118 0.882353 0.882353 0.882353 0.9450981 0.9450981 0.9450981 0.8745098 0.8745098 0.8745098 0.882353 0.882353 0.882353 0.9098039 0.9098039 0.9098039 0.9450981 0.9450981 0.9450981 0.8666667 0.8666667 0.8666667 0.9098039 0.9098039 0.9098039 0.882353 0.882353 0.882353 0.8666667 0.8666667 0.8666667 0.9529412 0.9529412 0.9529412 0.9098039 0.9098039 0.9098039 0.9215686 0.9215686 0.9215686 0.9529412 0.9529412 0.9529412 0.8666667 0.8666667 0.8666667 0.9215686 0.9215686 0.9215686 0.8745098 0.8745098 0.8745098 0.9529412 0.9529412 0.9529412 0.9019608 0.9019608 0.9019608 0.8745098 0.8745098 0.8745098 0.9215686 0.9215686 0.9215686 0.9019608 0.9019608 0.9019608 0.9176471 0.9176471 0.9176471 0.8745098 0.8745098 0.8745098 0.8745098 0.8745098 0.8745098 0.9176471 0.9176471 0.9176471 0.9019608 0.9019608 0.9019608 0.8745098 0.8745098 0.8745098 0.7764706 0.7764706 0.7764706 0.9176471 0.9176471 0.9176471 0.7921569 0.7921569 0.7921569 0.7764706 0.7764706 0.7764706 0.8745098 0.8745098 0.8745098 0.6039216 0.6039216 0.6039216 0.627451 0.627451 0.627451 0.627451 0.627451 0.627451 0.6039216 0.6039216 0.6039216 0.6352941 0.6352941 0.6352941 0.627451 0.627451 0.627451 0.627451 0.627451 0.627451 0.6352941 0.6352941 0.6352941 0.6039216 0.6039216 0.6039216 0.627451 0.627451 0.627451 0.6901961 0.6901961 0.6901961 0.6352941 0.6352941 0.6352941 0.6431373 0.6431373 0.6431373 0.6901961 0.6901961 0.6901961 0.627451 0.627451 0.627451 0.6431373 0.6431373 0.6431373 0.7254902 0.7254902 0.7254902 0.6901961 0.6901961 0.6901961 0.6470589 0.6470589 0.6470589 0.7254902 0.7254902 0.7254902 0.6431373 0.6431373 0.6431373 0.6470589 0.6470589 0.6470589 0.682353 0.682353 0.682353 0.7254902 0.7254902 0.7254902 0.654902 0.654902 0.654902 0.682353 0.682353 0.682353 0.6470589 0.6470589 0.6470589 0.654902 0.654902 0.654902 0.6862745 0.6862745 0.6862745 0.682353 0.682353 0.682353 0.6196079 0.6196079 0.6196079 0.6862745 0.6862745 0.6862745 0.654902 0.654902 0.654902 0.6196079 0.6196079 0.6196079 0.7098039 0.7098039 0.7098039 0.6862745 0.6862745 0.6862745 0.6156863 0.6156863 0.6156863 0.7098039 0.7098039 0.7098039 0.6196079 0.6196079 0.6196079 0.6156863 0.6156863 0.6156863 0.7176471 0.7176471 0.7176471 0.7098039 0.7098039 0.7098039 0.7176471 0.7176471 0.7176471 0.7176471 0.7176471 0.7176471 0.6156863 0.6156863 0.6156863 0.7176471 0.7176471 0.7176471 0.7294118 0.7294118 0.7294118 0.7176471 0.7176471 0.7176471 0.7372549 0.7372549 0.7372549 0.7294118 0.7294118 0.7294118 0.7176471 0.7176471 0.7176471 0.7215687 0.7215687 0.7215687 0.7215687 0.7215687 0.7215687 0.7137255 0.7137255 0.7137255 0.7215687 0.7215687 0.7215687 0.7254902 0.7254902 0.7254902 0.7215687 0.7215687 0.7215687 0.7411765 0.7411765 0.7411765 0.7254902 0.7254902 0.7254902 0.7215687 0.7215687 0.7215687 0.7411765 0.7411765 0.7411765 0.7333334 0.7333334 0.7333334 0.7254902 0.7254902 0.7254902 0.7450981 0.7450981 0.7450981 0.7333334 0.7333334 0.7333334 0.7411765 0.7411765 0.7411765 0.7450981 0.7450981 0.7450981 0.7529412 0.7529412 0.7529412 0.7333334 0.7333334 0.7333334 0.7450981 0.7450981 0.7450981 0.7529412 0.7529412 0.7529412 0.7450981 0.7450981 0.7450981 0.7450981 0.7450981 0.7450981 0.7490196 0.7490196 0.7490196 0.7529412 0.7529412 0.7529412 0.7372549 0.7372549 0.7372549 0.7490196 0.7490196 0.7490196 0.7450981 0.7450981 0.7450981 0.7372549 0.7372549 0.7372549 0.7450981 0.7450981 0.7450981 0.7490196 0.7490196 0.7490196 0.7411765 0.7411765 0.7411765 0.7450981 0.7450981 0.7450981 0.7372549 0.7372549 0.7372549 0.7411765 0.7411765 0.7411765 0.7137255 0.7137255 0.7137255 0.7450981 0.7450981 0.7450981 0.7411765 0.7411765 0.7411765 0.7137255 0.7137255 0.7137255 0.7411765 0.7411765 0.7411765 0.7411765 0.7411765 0.7411765 0.7137255 0.7137255 0.7137255 0.7137255 0.7137255 0.7137255 0.7137255 0.7137255 0.7137255 0.7137255 0.7137255 0.7137255 0.7411765 0.7411765 0.7411765 0.7137255 0.7137255 0.7137255 0.7215687 0.7215687 0.7215687 0.7137255 0.7137255 0.7137255 0.7098039 0.7098039 0.7098039 0.7215687 0.7215687 0.7215687 0.7137255 0.7137255 0.7137255 0.5294118 0.5294118 0.5294118 0.5215687 0.5215687 0.5215687 0.5568628 0.5568628 0.5568628 0.5294118 0.5294118 0.5294118 0.5215687 0.5215687 0.5215687 0.5215687 0.5215687 0.5215687 0.5411765 0.5411765 0.5411765 0.5215687 0.5215687 0.5215687 0.5294118 0.5294118 0.5294118 0.5411765 0.5411765 0.5411765 0.4823529 0.4823529 0.4823529 0.5215687 0.5215687 0.5215687 0.5176471 0.5176471 0.5176471 0.4823529 0.4823529 0.4823529 0.5411765 0.5411765 0.5411765 0.5176471 0.5176471 0.5176471 0.4901961 0.4901961 0.4901961 0.4823529 0.4823529 0.4823529 0.5607843 0.5607843 0.5607843 0.4901961 0.4901961 0.4901961 0.5176471 0.5176471 0.5176471 0.5607843 0.5607843 0.5607843 0.509804 0.509804 0.509804 0.4901961 0.4901961 0.4901961 0.4941176 0.4941176 0.4941176 0.509804 0.509804 0.509804 0.5607843 0.5607843 0.5607843 0.4941176 0.4941176 0.4941176 0.4862745 0.4862745 0.4862745 0.509804 0.509804 0.509804 0.5686275 0.5686275 0.5686275 0.4862745 0.4862745 0.4862745 0.4941176 0.4941176 0.4941176 0.5686275 0.5686275 0.5686275 0.5137255 0.5137255 0.5137255 0.4862745 0.4862745 0.4862745 0.5176471 0.5176471 0.5176471 0.5137255 0.5137255 0.5137255 0.5686275 0.5686275 0.5686275 0.5176471 0.5176471 0.5176471 0.5803922 0.5803922 0.5803922 0.5137255 0.5137255 0.5137255 0.5019608 0.5019608 0.5019608 0.5803922 0.5803922 0.5803922 0.5176471 0.5176471 0.5176471 0.5019608 0.5019608 0.5019608 0.4823529 0.4823529 0.4823529 0.5803922 0.5803922 0.5803922 0.4705882 0.4705882 0.4705882 0.4823529 0.4823529 0.4823529 0.5019608 0.5019608 0.5019608 0.772549 0.772549 0.772549 0.7960785 0.7960785 0.7960785 0.7803922 0.7803922 0.7803922 0.772549 0.772549 0.772549 0.7647059 0.7647059 0.7647059 0.7960785 0.7960785 0.7960785 0.772549 0.772549 0.772549 0.7647059 0.7647059 0.7647059 0.772549 0.772549 0.772549 0.772549 0.772549 0.772549 0.8235294 0.8235294 0.8235294 0.7647059 0.7647059 0.7647059 0.7803922 0.7803922 0.7803922 0.8235294 0.8235294 0.8235294 0.772549 0.772549 0.772549 0.7803922 0.7803922 0.7803922 0.8196079 0.8196079 0.8196079 0.8235294 0.8235294 0.8235294 0.7921569 0.7921569 0.7921569 0.8196079 0.8196079 0.8196079 0.7803922 0.7803922 0.7803922 0.7921569 0.7921569 0.7921569 0.8078432 0.8078432 0.8078432 0.8196079 0.8196079 0.8196079 0.8078432 0.8078432 0.8078432 0.8078432 0.8078432 0.8078432 0.7921569 0.7921569 0.7921569 0.8078432 0.8078432 0.8078432 0.8039216 0.8039216 0.8039216 0.8078432 0.8078432 0.8078432 0.8039216 0.8039216 0.8039216 0.8039216 0.8039216 0.8039216 0.8078432 0.8078432 0.8078432 0.8039216 0.8039216 0.8039216 0.8039216 0.8039216 0.8039216 0.8039216 0.8039216 0.8039216 0.7333334 0.7333334 0.7333334 0.8039216 0.8039216 0.8039216 0.8039216 0.8039216 0.8039216 0.7333334 0.7333334 0.7333334 0.7294118 0.7294118 0.7294118 0.8039216 0.8039216 0.8039216 0.7019608 0.7019608 0.7019608 0.7294118 0.7294118 0.7294118 0.7333334 0.7333334 0.7333334 0.7019608 0.7019608 0.7019608 0.7803922 0.7803922 0.7803922 0.7294118 0.7294118 0.7294118 0.7686275 0.7686275 0.7686275 0.7333334 0.7333334 0.7333334 0.8117647 0.8117647 0.8117647 0.7686275 0.7686275 0.7686275 0.7607843 0.7607843 0.7607843 0.7333334 0.7333334 0.7333334 0.8627451 0.8627451 0.8627451 0.7607843 0.7607843 0.7607843 0.7686275 0.7686275 0.7686275 0.8627451 0.8627451 0.8627451 0.8470588 0.8470588 0.8470588 0.7607843 0.7607843 0.7607843 0.854902 0.854902 0.854902 0.8470588 0.8470588 0.8470588 0.8627451 0.8627451 0.8627451 0.854902 0.854902 0.854902 0.8235294 0.8235294 0.8235294 0.8470588 0.8470588 0.8470588 0.7647059 0.7647059 0.7647059 0.8235294 0.8235294 0.8235294 0.854902 0.854902 0.854902 0.7647059 0.7647059 0.7647059 0.8627451 0.8627451 0.8627451 0.8235294 0.8235294 0.8235294 0.882353 0.882353 0.882353 0.8627451 0.8627451 0.8627451 0.7647059 0.7647059 0.7647059 0.882353 0.882353 0.882353 0.9450981 0.9450981 0.9450981 0.8627451 0.8627451 0.8627451 0.9058824 0.9058824 0.9058824 0.9450981 0.9450981 0.9450981 0.882353 0.882353 0.882353 0.9058824 0.9058824 0.9058824 0.9176471 0.9176471 0.9176471 0.9450981 0.9450981 0.9450981 0.8627451 0.8627451 0.8627451 0.9176471 0.9176471 0.9176471 0.9058824 0.9058824 0.9058824 0.8627451 0.8627451 0.8627451 0.9176471 0.9176471 0.9176471 0.9176471 0.9176471 0.9176471 0.9215686 0.9215686 0.9215686 0.9176471 0.9176471 0.9176471 0.8627451 0.8627451 0.8627451 0.9215686 0.9215686 0.9215686 0.9450981 0.9450981 0.9450981 0.9176471 0.9176471 0.9176471 0.6313726 0.6313726 0.6313726 0.627451 0.627451 0.627451 0.5843138 0.5843138 0.5843138 0.6313726 0.6313726 0.6313726 0.6509804 0.6509804 0.6509804 0.627451 0.627451 0.627451 0.6470589 0.6470589 0.6470589 0.6509804 0.6509804 0.6509804 0.6313726 0.6313726 0.6313726 0.6470589 0.6470589 0.6470589 0.6470589 0.6470589 0.6470589 0.6509804 0.6509804 0.6509804 0.6470589 0.6470589 0.6470589 0.6470589 0.6470589 0.6470589 0.6470589 0.6470589 0.6470589 0.6470589 0.6470589 0.6470589 0.6431373 0.6431373 0.6431373 0.6470589 0.6470589 0.6470589 0.6705883 0.6705883 0.6705883 0.6431373 0.6431373 0.6431373 0.6470589 0.6470589 0.6470589 0.6705883 0.6705883 0.6705883 0.6588236 0.6588236 0.6588236 0.6431373 0.6431373 0.6431373 0.6392157 0.6392157 0.6392157 0.6588236 0.6588236 0.6588236 0.6705883 0.6705883 0.6705883 0.6392157 0.6392157 0.6392157 0.6431373 0.6431373 0.6431373 0.6588236 0.6588236 0.6588236 0.6392157 0.6392157 0.6392157 0.6431373 0.6431373 0.6431373 0.6392157 0.6392157 0.6392157 0.6392157 0.6392157 0.6392157 0.627451 0.627451 0.627451 0.6431373 0.6431373 0.6431373 0.6509804 0.6509804 0.6509804 0.627451 0.627451 0.627451 0.6392157 0.6392157 0.6392157 0.6509804 0.6509804 0.6509804 0.6470589 0.6470589 0.6470589 0.627451 0.627451 0.627451 0.682353 0.682353 0.682353 0.6470589 0.6470589 0.6470589 0.6509804 0.6509804 0.6509804 0.7607843 0.7607843 0.7607843 0.8392157 0.8392157 0.8392157 0.6862745 0.6862745 0.6862745 0.7607843 0.7607843 0.7607843 0.8509804 0.8509804 0.8509804 0.8392157 0.8392157 0.8392157 0.8470588 0.8470588 0.8470588 0.8509804 0.8509804 0.8509804 0.7607843 0.7607843 0.7607843 0.8470588 0.8470588 0.8470588 0.9098039 0.9098039 0.9098039 0.8509804 0.8509804 0.8509804 0.8588235 0.8588235 0.8588235 0.9098039 0.9098039 0.9098039 0.8470588 0.8470588 0.8470588 0.8588235 0.8588235 0.8588235 0.9254902 0.9254902 0.9254902 0.9098039 0.9098039 0.9098039 0.8627451 0.8627451 0.8627451 0.9254902 0.9254902 0.9254902 0.8588235 0.8588235 0.8588235 0.8627451 0.8627451 0.8627451 0.9372549 0.9372549 0.9372549 0.9254902 0.9254902 0.9254902 0.9450981 0.9450981 0.9450981 0.9372549 0.9372549 0.9372549 0.8627451 0.8627451 0.8627451 0.9450981 0.9450981 0.9450981 0.9607843 0.9607843 0.9607843 0.9372549 0.9372549 0.9372549 0.9450981 0.9450981 0.9450981 0.9607843 0.9607843 0.9607843 0.9450981 0.9450981 0.9450981 0.9450981 0.9450981 0.9450981 0.9529412 0.9529412 0.9529412 0.9607843 0.9607843 0.9607843 0.9176471 0.9176471 0.9176471 0.9529412 0.9529412 0.9529412 0.9450981 0.9450981 0.9450981 0.9176471 0.9176471 0.9176471 0.9254902 0.9254902 0.9254902 0.9529412 0.9529412 0.9529412 0.9450981 0.9450981 0.9450981 0.9254902 0.9254902 0.9254902 0.9176471 0.9176471 0.9176471 0.4862745 0.4862745 0.4862745 0.509804 0.509804 0.509804 0.509804 0.509804 0.509804 0.4862745 0.4862745 0.4862745 0.4823529 0.4823529 0.4823529 0.509804 0.509804 0.509804 0.4823529 0.4823529 0.4823529 0.4823529 0.4823529 0.4823529 0.4862745 0.4862745 0.4862745 0.4823529 0.4823529 0.4823529 0.4823529 0.4823529 0.4823529 0.4823529 0.4823529 0.4823529 0.4784314 0.4784314 0.4784314 0.4823529 0.4823529 0.4823529 0.4823529 0.4823529 0.4823529 0.4784314 0.4784314 0.4784314 0.4705882 0.4705882 0.4705882 0.4823529 0.4823529 0.4823529 0.4745098 0.4745098 0.4745098 0.4705882 0.4705882 0.4705882 0.4784314 0.4784314 0.4784314 0.4745098 0.4745098 0.4745098 0.4784314 0.4784314 0.4784314 0.4705882 0.4705882 0.4705882 0.4784314 0.4784314 0.4784314 0.4784314 0.4784314 0.4784314 0.4745098 0.4745098 0.4745098 0.4784314 0.4784314 0.4784314 0.4862745 0.4862745 0.4862745 0.4784314 0.4784314 0.4784314 0.4823529 0.4823529 0.4823529 0.4862745 0.4862745 0.4862745 0.4784314 0.4784314 0.4784314 0.4823529 0.4823529 0.4823529 0.4862745 0.4862745 0.4862745 0.4862745 0.4862745 0.4862745 0.4784314 0.4784314 0.4784314 0.4862745 0.4862745 0.4862745 0.4823529 0.4823529 0.4823529 0.4784314 0.4784314 0.4784314 0.4901961 0.4901961 0.4901961 0.4862745 0.4862745 0.4862745 0.4901961 0.4901961 0.4901961 0.4901961 0.4901961 0.4901961 0.4784314 0.4784314 0.4784314 0.5921569 0.5921569 0.5921569 0.6784314 0.6784314 0.6784314 0.6235294 0.6235294 0.6235294 0.5921569 0.5921569 0.5921569 0.5960785 0.5960785 0.5960785 0.6784314 0.6784314 0.6784314 0.6313726 0.6313726 0.6313726 0.5960785 0.5960785 0.5960785 0.5921569 0.5921569 0.5921569 0.6313726 0.6313726 0.6313726 0.6313726 0.6313726 0.6313726 0.5960785 0.5960785 0.5960785 0.6705883 0.6705883 0.6705883 0.6313726 0.6313726 0.6313726 0.6313726 0.6313726 0.6313726 0.6705883 0.6705883 0.6705883 0.6862745 0.6862745 0.6862745 0.6313726 0.6313726 0.6313726 0.6705883 0.6705883 0.6705883 0.6862745 0.6862745 0.6862745 0.6705883 0.6705883 0.6705883 0.6705883 0.6705883 0.6705883 0.7098039 0.7098039 0.7098039 0.6862745 0.6862745 0.6862745 0.6509804 0.6509804 0.6509804 0.7098039 0.7098039 0.7098039 0.6705883 0.6705883 0.6705883 0.6509804 0.6509804 0.6509804 0.6705883 0.6705883 0.6705883 0.7098039 0.7098039 0.7098039 0.682353 0.682353 0.682353 0.6705883 0.6705883 0.6705883 0.6509804 0.6509804 0.6509804 0.682353 0.682353 0.682353 0.7019608 0.7019608 0.7019608 0.6705883 0.6705883 0.6705883 0.6901961 0.6901961 0.6901961 0.7019608 0.7019608 0.7019608 0.682353 0.682353 0.682353 0.6901961 0.6901961 0.6901961 0.6901961 0.6901961 0.6901961 0.7019608 0.7019608 0.7019608 0.972549 0.972549 0.972549 0.9490196 0.9490196 0.9490196 0.9450981 0.9450981 0.9450981 0.972549 0.972549 0.972549 0.972549 0.972549 0.972549 0.9490196 0.9490196 0.9490196 0.9960784 0.9960784 0.9960784 0.972549 0.972549 0.972549 0.972549 0.972549 0.972549 0.9960784 0.9960784 0.9960784 0.9843137 0.9843137 0.9843137 0.972549 0.972549 0.972549 0.9843137 0.9843137 0.9843137 0.9843137 0.9843137 0.9843137 0.9960784 0.9960784 0.9960784 0.9843137 0.9843137 0.9843137 0.9607843 0.9607843 0.9607843 0.9843137 0.9843137 0.9843137 0.8078432 0.8078432 0.8078432 0.9607843 0.9607843 0.9607843 0.9843137 0.9843137 0.9843137 0.8078432 0.8078432 0.8078432 0.7568628 0.7568628 0.7568628 0.9607843 0.9607843 0.9607843 0.7058824 0.7058824 0.7058824 0.7568628 0.7568628 0.7568628 0.8078432 0.8078432 0.8078432 0.7058824 0.7058824 0.7058824 0.7333334 0.7333334 0.7333334 0.7568628 0.7568628 0.7568628 0.7254902 0.7254902 0.7254902 0.7333334 0.7333334 0.7333334 0.7058824 0.7058824 0.7058824 0.7254902 0.7254902 0.7254902 0.8039216 0.8039216 0.8039216 0.7333334 0.7333334 0.7333334 0.7960785 0.7960785 0.7960785 0.8039216 0.8039216 0.8039216 0.7254902 0.7254902 0.7254902 0.7960785 0.7960785 0.7960785 0.7843137 0.7843137 0.7843137 0.8039216 0.8039216 0.8039216 0.6117647 0.6117647 0.6117647 0.6470589 0.6470589 0.6470589 0.5607843 0.5607843 0.5607843 0.6117647 0.6117647 0.6117647 0.6980392 0.6980392 0.6980392 0.6470589 0.6470589 0.6470589 0.7019608 0.7019608 0.7019608 0.6980392 0.6980392 0.6980392 0.6117647 0.6117647 0.6117647 0.7019608 0.7019608 0.7019608 0.7254902 0.7254902 0.7254902 0.6980392 0.6980392 0.6980392 0.6705883 0.6705883 0.6705883 0.7254902 0.7254902 0.7254902 0.7019608 0.7019608 0.7019608 0.6705883 0.6705883 0.6705883 0.6392157 0.6392157 0.6392157 0.7254902 0.7254902 0.7254902 0.6196079 0.6196079 0.6196079 0.6392157 0.6392157 0.6392157 0.6705883 0.6705883 0.6705883 0.6196079 0.6196079 0.6196079 0.5647059 0.5647059 0.5647059 0.6392157 0.6392157 0.6392157 0.5568628 0.5568628 0.5568628 0.5647059 0.5647059 0.5647059 0.6196079 0.6196079 0.6196079 0.5568628 0.5568628 0.5568628 0.5647059 0.5647059 0.5647059 0.5647059 0.5647059 0.5647059 0.5960785 0.5960785 0.5960785 0.5647059 0.5647059 0.5647059 0.5568628 0.5568628 0.5568628 0.5960785 0.5960785 0.5960785 0.6627451 0.6627451 0.6627451 0.5647059 0.5647059 0.5647059 0.6705883 0.6705883 0.6705883 0.6627451 0.6627451 0.6627451 0.5960785 0.5960785 0.5960785 0.6705883 0.6705883 0.6705883 0.6980392 0.6980392 0.6980392 0.6627451 0.6627451 0.6627451 0.5372549 0.5372549 0.5372549 0.5058824 0.5058824 0.5058824 0.5058824 0.5058824 0.5058824 0.5372549 0.5372549 0.5372549 0.4980392 0.4980392 0.4980392 0.5058824 0.5058824 0.5058824 0.5019608 0.5019608 0.5019608 0.4980392 0.4980392 0.4980392 0.5372549 0.5372549 0.5372549 0.5019608 0.5019608 0.5019608 0.5215687 0.5215687 0.5215687 0.4980392 0.4980392 0.4980392 0.5607843 0.5607843 0.5607843 0.5215687 0.5215687 0.5215687 0.5019608 0.5019608 0.5019608 0.5607843 0.5607843 0.5607843 0.6431373 0.6431373 0.6431373 0.5215687 0.5215687 0.5215687 0.7294118 0.7294118 0.7294118 0.6431373 0.6431373 0.6431373 0.5607843 0.5607843 0.5607843 0.7294118 0.7294118 0.7294118 0.6862745 0.6862745 0.6862745 0.6431373 0.6431373 0.6431373 0.6117647 0.6117647 0.6117647 0.6862745 0.6862745 0.6862745 0.7294118 0.7294118 0.7294118 0.6117647 0.6117647 0.6117647 0.6 0.6 0.6 0.6862745 0.6862745 0.6862745 0.5686275 0.5686275 0.5686275 0.6 0.6 0.6 0.6117647 0.6117647 0.6117647 0.5686275 0.5686275 0.5686275 0.8039216 0.8039216 0.8039216 0.6 0.6 0.6 0.682353 0.682353 0.682353 0.8039216 0.8039216 0.8039216 0.5686275 0.5686275 0.5686275 0.682353 0.682353 0.682353 0.8196079 0.8196079 0.8196079 0.8039216 0.8039216 0.8039216 0.5568628 0.5568628 0.5568628 0.5686275 0.5686275 0.5686275 0.5529412 0.5529412 0.5529412 0.5568628 0.5568628 0.5568628 0.5450981 0.5450981 0.5450981 0.5686275 0.5686275 0.5686275 0.5294118 0.5294118 0.5294118 0.5450981 0.5450981 0.5450981 0.5568628 0.5568628 0.5568628 0.5294118 0.5294118 0.5294118 0.5647059 0.5647059 0.5647059 0.5450981 0.5450981 0.5450981 0.5333334 0.5333334 0.5333334 0.5647059 0.5647059 0.5647059 0.5294118 0.5294118 0.5294118 0.5333334 0.5333334 0.5333334 0.5411765 0.5411765 0.5411765 0.5647059 0.5647059 0.5647059 0.509804 0.509804 0.509804 0.5411765 0.5411765 0.5411765 0.5333334 0.5333334 0.5333334 0.509804 0.509804 0.509804 0.5254902 0.5254902 0.5254902 0.5411765 0.5411765 0.5411765 0.509804 0.509804 0.509804 0.5254902 0.5254902 0.5254902 0.509804 0.509804 0.509804 0.509804 0.509804 0.509804 0.5372549 0.5372549 0.5372549 0.5254902 0.5254902 0.5254902 0.5294118 0.5294118 0.5294118 0.5372549 0.5372549 0.5372549 0.509804 0.509804 0.509804 0.5294118 0.5294118 0.5294118 0.5215687 0.5215687 0.5215687 0.5372549 0.5372549 0.5372549 0.5058824 0.5058824 0.5058824 0.5215687 0.5215687 0.5215687 0.5294118 0.5294118 0.5294118 0.5058824 0.5058824 0.5058824 0.5058824 0.5058824 0.5058824 0.5215687 0.5215687 0.5215687 0.6117647 0.6117647 0.6117647 0.6980392 0.6980392 0.6980392 0.6 0.6 0.6 0.6117647 0.6117647 0.6117647 0.7098039 0.7098039 0.7098039 0.6980392 0.6980392 0.6980392 0.7058824 0.7058824 0.7058824 0.7098039 0.7098039 0.7098039 0.6117647 0.6117647 0.6117647 0.7058824 0.7058824 0.7058824 0.7098039 0.7098039 0.7098039 0.7098039 0.7098039 0.7098039 0.6941177 0.6941177 0.6941177 0.7098039 0.7098039 0.7098039 0.7058824 0.7058824 0.7058824 0.6941177 0.6941177 0.6941177 0.7098039 0.7098039 0.7098039 0.7098039 0.7098039 0.7098039 0.6941177 0.6941177 0.6941177 0.7098039 0.7098039 0.7098039 0.6941177 0.6941177 0.6941177 0.6941177 0.6941177 0.6941177 0.7137255 0.7137255 0.7137255 0.7098039 0.7098039 0.7098039 0.7019608 0.7019608 0.7019608 0.7137255 0.7137255 0.7137255 0.6941177 0.6941177 0.6941177 0.7019608 0.7019608 0.7019608 0.7215687 0.7215687 0.7215687 0.7137255 0.7137255 0.7137255 0.7215687 0.7215687 0.7215687 0.7215687 0.7215687 0.7215687 0.7019608 0.7019608 0.7019608 0.7215687 0.7215687 0.7215687 0.7254902 0.7254902 0.7254902 0.7215687 0.7215687 0.7215687 0.7254902 0.7254902 0.7254902 0.7254902 0.7254902 0.7254902 0.7215687 0.7215687 0.7215687 0.7254902 0.7254902 0.7254902 0.7215687 0.7215687 0.7215687 0.7254902 0.7254902 0.7254902 0.5137255 0.5137255 0.5137255 0.5450981 0.5450981 0.5450981 0.5411765 0.5411765 0.5411765 0.5137255 0.5137255 0.5137255 0.5411765 0.5411765 0.5411765 0.5450981 0.5450981 0.5450981 0.5294118 0.5294118 0.5294118 0.5411765 0.5411765 0.5411765 0.5137255 0.5137255 0.5137255 0.5294118 0.5294118 0.5294118 0.5529412 0.5529412 0.5529412 0.5411765 0.5411765 0.5411765 0.5411765 0.5411765 0.5411765 0.5529412 0.5529412 0.5529412 0.5294118 0.5294118 0.5294118 0.5411765 0.5411765 0.5411765 0.5764706 0.5764706 0.5764706 0.5529412 0.5529412 0.5529412 0.5372549 0.5372549 0.5372549 0.5764706 0.5764706 0.5764706 0.5411765 0.5411765 0.5411765 0.5372549 0.5372549 0.5372549 0.5411765 0.5411765 0.5411765 0.5764706 0.5764706 0.5764706 0.5568628 0.5568628 0.5568628 0.5411765 0.5411765 0.5411765 0.5372549 0.5372549 0.5372549 0.5568628 0.5568628 0.5568628 0.5764706 0.5764706 0.5764706 0.5411765 0.5411765 0.5411765 0.5490196 0.5490196 0.5490196 0.5764706 0.5764706 0.5764706 0.5568628 0.5568628 0.5568628 0.5490196 0.5490196 0.5490196 0.5568628 0.5568628 0.5568628 0.5764706 0.5764706 0.5764706 0.5607843 0.5607843 0.5607843 0.5568628 0.5568628 0.5568628 0.5490196 0.5490196 0.5490196 0.5607843 0.5607843 0.5607843 0.5607843 0.5607843 0.5607843 0.5568628 0.5568628 0.5568628 0.5960785 0.5960785 0.5960785 0.5647059 0.5647059 0.5647059 0.6 0.6 0.6 0.5960785 0.5960785 0.5960785 0.5764706 0.5764706 0.5764706 0.5647059 0.5647059 0.5647059 0.5529412 0.5529412 0.5529412 0.5764706 0.5764706 0.5764706 0.5960785 0.5960785 0.5960785 0.5529412 0.5529412 0.5529412 0.5960785 0.5960785 0.5960785 0.5764706 0.5764706 0.5764706 0.5490196 0.5490196 0.5490196 0.5960785 0.5960785 0.5960785 0.5529412 0.5529412 0.5529412 0.5490196 0.5490196 0.5490196 0.5921569 0.5921569 0.5921569 0.5960785 0.5960785 0.5960785 0.5333334 0.5333334 0.5333334 0.5921569 0.5921569 0.5921569 0.5490196 0.5490196 0.5490196 0.5333334 0.5333334 0.5333334 0.5019608 0.5019608 0.5019608 0.5921569 0.5921569 0.5921569 0.5254902 0.5254902 0.5254902 0.5019608 0.5019608 0.5019608 0.5333334 0.5333334 0.5333334 0.5254902 0.5254902 0.5254902 0.5215687 0.5215687 0.5215687 0.5019608 0.5019608 0.5019608 0.5254902 0.5254902 0.5254902 0.5215687 0.5215687 0.5215687 0.5254902 0.5254902 0.5254902 0.5254902 0.5254902 0.5254902 0.5372549 0.5372549 0.5372549 0.5215687 0.5215687 0.5215687 0.5529412 0.5529412 0.5529412 0.5372549 0.5372549 0.5372549 0.5254902 0.5254902 0.5254902 0.5529412 0.5529412 0.5529412 0.5450981 0.5450981 0.5450981 0.5372549 0.5372549 0.5372549 0.7254902 0.7254902 0.7254902 0.7137255 0.7137255 0.7137255 0.7215687 0.7215687 0.7215687 0.7254902 0.7254902 0.7254902 0.7254902 0.7254902 0.7254902 0.7137255 0.7137255 0.7137255 0.7294118 0.7294118 0.7294118 0.7254902 0.7254902 0.7254902 0.7254902 0.7254902 0.7254902 0.7294118 0.7294118 0.7294118 0.7450981 0.7450981 0.7450981 0.7254902 0.7254902 0.7254902 0.7450981 0.7450981 0.7450981 0.7450981 0.7450981 0.7450981 0.7294118 0.7294118 0.7294118 0.7450981 0.7450981 0.7450981 0.7529412 0.7529412 0.7529412 0.7450981 0.7450981 0.7450981 0.7294118 0.7294118 0.7294118 0.7529412 0.7529412 0.7529412 0.7450981 0.7450981 0.7450981 0.7294118 0.7294118 0.7294118 0.7333334 0.7333334 0.7333334 0.7529412 0.7529412 0.7529412 0.7372549 0.7372549 0.7372549 0.7333334 0.7333334 0.7333334 0.7294118 0.7294118 0.7294118 0.7372549 0.7372549 0.7372549 0.7333334 0.7333334 0.7333334 0.7333334 0.7333334 0.7333334 0.7254902 0.7254902 0.7254902 0.7333334 0.7333334 0.7333334 0.7372549 0.7372549 0.7372549 0.7254902 0.7254902 0.7254902 0.7215687 0.7215687 0.7215687 0.7333334 0.7333334 0.7333334 0.7254902 0.7254902 0.7254902 0.7215687 0.7215687 0.7215687 0.7254902 0.7254902 0.7254902 0.7254902 0.7254902 0.7254902 0.7137255 0.7137255 0.7137255 0.7215687 0.7215687 0.7215687 0.7372549 0.7372549 0.7372549 0.654902 0.654902 0.654902 0.7529412 0.7529412 0.7529412 0.7372549 0.7372549 0.7372549 0.6431373 0.6431373 0.6431373 0.654902 0.654902 0.654902 0.6509804 0.6509804 0.6509804 0.6431373 0.6431373 0.6431373 0.7372549 0.7372549 0.7372549 0.6509804 0.6509804 0.6509804 0.627451 0.627451 0.627451 0.6431373 0.6431373 0.6431373 0.6313726 0.6313726 0.6313726 0.627451 0.627451 0.627451 0.6509804 0.6509804 0.6509804 0.6313726 0.6313726 0.6313726 0.5960785 0.5960785 0.5960785 0.627451 0.627451 0.627451 0.6666667 0.6666667 0.6666667 0.5960785 0.5960785 0.5960785 0.6313726 0.6313726 0.6313726 0.6666667 0.6666667 0.6666667 0.6078432 0.6078432 0.6078432 0.5960785 0.5960785 0.5960785 0.654902 0.654902 0.654902 0.6078432 0.6078432 0.6078432 0.6666667 0.6666667 0.6666667 0.654902 0.654902 0.654902 0.5686275 0.5686275 0.5686275 0.6078432 0.6078432 0.6078432 0.5725491 0.5725491 0.5725491 0.5686275 0.5686275 0.5686275 0.654902 0.654902 0.654902 0.5725491 0.5725491 0.5725491 0.5647059 0.5647059 0.5647059 0.5686275 0.5686275 0.5686275 0.627451 0.627451 0.627451 0.5647059 0.5647059 0.5647059 0.5725491 0.5725491 0.5725491 0.7686275 0.7686275 0.7686275 0.7803922 0.7803922 0.7803922 0.7921569 0.7921569 0.7921569 0.7686275 0.7686275 0.7686275 0.7960785 0.7960785 0.7960785 0.7803922 0.7803922 0.7803922 0.7764706 0.7764706 0.7764706 0.7960785 0.7960785 0.7960785 0.7686275 0.7686275 0.7686275 0.7764706 0.7764706 0.7764706 0.8078432 0.8078432 0.8078432 0.7960785 0.7960785 0.7960785 0.8156863 0.8156863 0.8156863 0.8078432 0.8078432 0.8078432 0.7764706 0.7764706 0.7764706 0.8156863 0.8156863 0.8156863 0.8352941 0.8352941 0.8352941 0.8078432 0.8078432 0.8078432 0.7843137 0.7843137 0.7843137 0.8352941 0.8352941 0.8352941 0.8156863 0.8156863 0.8156863 0.7843137 0.7843137 0.7843137 0.8078432 0.8078432 0.8078432 0.8352941 0.8352941 0.8352941 0.8705883 0.8705883 0.8705883 0.8078432 0.8078432 0.8078432 0.7843137 0.7843137 0.7843137 0.8705883 0.8705883 0.8705883 0.8078432 0.8078432 0.8078432 0.8078432 0.8078432 0.8078432 0.8313726 0.8313726 0.8313726 0.8078432 0.8078432 0.8078432 0.8705883 0.8705883 0.8705883 0.8313726 0.8313726 0.8313726 0.8470588 0.8470588 0.8470588 0.8078432 0.8078432 0.8078432 0.8862745 0.8862745 0.8862745 0.8470588 0.8470588 0.8470588 0.8313726 0.8313726 0.8313726 0.8 0.8 0.8 0.8745098 0.8745098 0.8745098 0.7843137 0.7843137 0.7843137 0.8 0.8 0.8 0.8627451 0.8627451 0.8627451 0.8745098 0.8745098 0.8745098 0.8470588 0.8470588 0.8470588 0.8627451 0.8627451 0.8627451 0.8 0.8 0.8 0.8470588 0.8470588 0.8470588 0.9529412 0.9529412 0.9529412 0.8627451 0.8627451 0.8627451 0.9490196 0.9490196 0.9490196 0.9529412 0.9529412 0.9529412 0.8470588 0.8470588 0.8470588 0.9490196 0.9490196 0.9490196 0.9450981 0.9450981 0.9450981 0.9529412 0.9529412 0.9529412 0.8862745 0.8862745 0.8862745 0.9450981 0.9450981 0.9450981 0.9490196 0.9490196 0.9490196 0.8862745 0.8862745 0.8862745 0.9411765 0.9411765 0.9411765 0.9450981 0.9450981 0.9450981 0.9176471 0.9176471 0.9176471 0.9411765 0.9411765 0.9411765 0.8862745 0.8862745 0.8862745 0.9176471 0.9176471 0.9176471 0.9294118 0.9294118 0.9294118 0.9411765 0.9411765 0.9411765 0.9686275 0.9686275 0.9686275 0.9294118 0.9294118 0.9294118 0.9176471 0.9176471 0.9176471 0.9686275 0.9686275 0.9686275 0.9529412 0.9529412 0.9529412 0.9294118 0.9294118 0.9294118 0.9215686 0.9215686 0.9215686 0.9529412 0.9529412 0.9529412 0.9686275 0.9686275 0.9686275 0.6705883 0.6705883 0.6705883 0.7176471 0.7176471 0.7176471 0.7137255 0.7137255 0.7137255 0.6705883 0.6705883 0.6705883 0.6431373 0.6431373 0.6431373 0.7176471 0.7176471 0.7176471 0.5568628 0.5568628 0.5568628 0.6431373 0.6431373 0.6431373 0.6705883 0.6705883 0.6705883 0.5568628 0.5568628 0.5568628 0.6352941 0.6352941 0.6352941 0.6431373 0.6431373 0.6431373 0.5803922 0.5803922 0.5803922 0.6352941 0.6352941 0.6352941 0.5568628 0.5568628 0.5568628 0.5803922 0.5803922 0.5803922 0.6156863 0.6156863 0.6156863 0.6352941 0.6352941 0.6352941 0.6196079 0.6196079 0.6196079 0.6156863 0.6156863 0.6156863 0.5803922 0.5803922 0.5803922 0.6196079 0.6196079 0.6196079 0.6509804 0.6509804 0.6509804 0.6156863 0.6156863 0.6156863 0.7019608 0.7019608 0.7019608 0.6509804 0.6509804 0.6509804 0.6196079 0.6196079 0.6196079 0.7019608 0.7019608 0.7019608 0.6431373 0.6431373 0.6431373 0.6509804 0.6509804 0.6509804 0.6431373 0.6431373 0.6431373 0.6431373 0.6431373 0.6431373 0.7019608 0.7019608 0.7019608 0.6431373 0.6431373 0.6431373 0.5803922 0.5803922 0.5803922 0.6431373 0.6431373 0.6431373 0.6117647 0.6117647 0.6117647 0.5803922 0.5803922 0.5803922 0.6431373 0.6431373 0.6431373 0.5058824 0.5058824 0.5058824 0.5058824 0.5058824 0.5058824 0.5019608 0.5019608 0.5019608 0.5058824 0.5058824 0.5058824 0.5058824 0.5058824 0.5058824 0.5058824 0.5058824 0.5058824 0.4941176 0.4941176 0.4941176 0.5058824 0.5058824 0.5058824 0.5058824 0.5058824 0.5058824 0.4941176 0.4941176 0.4941176 0.5372549 0.5372549 0.5372549 0.5058824 0.5058824 0.5058824 0.5176471 0.5176471 0.5176471 0.5372549 0.5372549 0.5372549 0.4941176 0.4941176 0.4941176 0.5176471 0.5176471 0.5176471 0.509804 0.509804 0.509804 0.5372549 0.5372549 0.5372549 0.4862745 0.4862745 0.4862745 0.509804 0.509804 0.509804 0.5176471 0.5176471 0.5176471 0.4862745 0.4862745 0.4862745 0.4862745 0.4862745 0.4862745 0.509804 0.509804 0.509804 0.4784314 0.4784314 0.4784314 0.4862745 0.4862745 0.4862745 0.4862745 0.4862745 0.4862745 0.4784314 0.4784314 0.4784314 0.5058824 0.5058824 0.5058824 0.4862745 0.4862745 0.4862745 0.4784314 0.4784314 0.4784314 0.5058824 0.5058824 0.5058824 0.4784314 0.4784314 0.4784314 0.4784314 0.4784314 0.4784314 0.4862745 0.4862745 0.4862745 0.5058824 0.5058824 0.5058824 0.5137255 0.5137255 0.5137255 0.5411765 0.5411765 0.5411765 0.4980392 0.4980392 0.4980392 0.5137255 0.5137255 0.5137255 0.5568628 0.5568628 0.5568628 0.5411765 0.5411765 0.5411765 0.5647059 0.5647059 0.5647059 0.5568628 0.5568628 0.5568628 0.5137255 0.5137255 0.5137255 0.5647059 0.5647059 0.5647059 0.5568628 0.5568628 0.5568628 0.5568628 0.5568628 0.5568628 0.5490196 0.5490196 0.5490196 0.5568628 0.5568628 0.5568628 0.5647059 0.5647059 0.5647059 0.5490196 0.5490196 0.5490196 0.5490196 0.5490196 0.5490196 0.5568628 0.5568628 0.5568628 0.5568628 0.5568628 0.5568628 0.5490196 0.5490196 0.5490196 0.5490196 0.5490196 0.5490196 0.5568628 0.5568628 0.5568628 0.5568628 0.5568628 0.5568628 0.5490196 0.5490196 0.5490196 0.5686275 0.5686275 0.5686275 0.5568628 0.5568628 0.5568628 0.5568628 0.5568628 0.5568628 0.5686275 0.5686275 0.5686275 0.5725491 0.5725491 0.5725491 0.5568628 0.5568628 0.5568628 0.5764706 0.5764706 0.5764706 0.5725491 0.5725491 0.5725491 0.5686275 0.5686275 0.5686275 0.5764706 0.5764706 0.5764706 0.5882353 0.5882353 0.5882353 0.5725491 0.5725491 0.5725491 0.4823529 0.4823529 0.4823529 0.4901961 0.4901961 0.4901961 0.4823529 0.4823529 0.4823529 0.4823529 0.4823529 0.4823529 0.4823529 0.4823529 0.4823529 0.4901961 0.4901961 0.4901961 0.4784314 0.4784314 0.4784314 0.4823529 0.4823529 0.4823529 0.4823529 0.4823529 0.4823529 0.4784314 0.4784314 0.4784314 0.5333334 0.5333334 0.5333334 0.4823529 0.4823529 0.4823529 0.5254902 0.5254902 0.5254902 0.5333334 0.5333334 0.5333334 0.4784314 0.4784314 0.4784314 0.5254902 0.5254902 0.5254902 0.5686275 0.5686275 0.5686275 0.5333334 0.5333334 0.5333334 0.4862745 0.4862745 0.4862745 0.5686275 0.5686275 0.5686275 0.5254902 0.5254902 0.5254902 0.4862745 0.4862745 0.4862745 0.5254902 0.5254902 0.5254902 0.5686275 0.5686275 0.5686275 0.4823529 0.4823529 0.4823529 0.5254902 0.5254902 0.5254902 0.4862745 0.4862745 0.4862745 0.4823529 0.4823529 0.4823529 0.5411765 0.5411765 0.5411765 0.5254902 0.5254902 0.5254902 0.4862745 0.4862745 0.4862745 0.5411765 0.5411765 0.5411765 0.4823529 0.4823529 0.4823529 0.4862745 0.4862745 0.4862745 0.4823529 0.4823529 0.4823529 0.5411765 0.5411765 0.5411765 0.5137255 0.5137255 0.5137255 0.4980392 0.4980392 0.4980392 0.5019608 0.5019608 0.5019608 0.5137255 0.5137255 0.5137255 0.5058824 0.5058824 0.5058824 0.4980392 0.4980392 0.4980392 0.5294118 0.5294118 0.5294118 0.5058824 0.5058824 0.5058824 0.5137255 0.5137255 0.5137255 0.5294118 0.5294118 0.5294118 0.509804 0.509804 0.509804 0.5058824 0.5058824 0.5058824 0.5450981 0.5450981 0.5450981 0.509804 0.509804 0.509804 0.5294118 0.5294118 0.5294118 0.5450981 0.5450981 0.5450981 0.5647059 0.5647059 0.5647059 0.509804 0.509804 0.509804 0.5450981 0.5450981 0.5450981 0.5647059 0.5647059 0.5647059 0.5450981 0.5450981 0.5450981 0.5450981 0.5450981 0.5450981 0.5490196 0.5490196 0.5490196 0.5647059 0.5647059 0.5647059 0.5647059 0.5647059 0.5647059 0.5490196 0.5490196 0.5490196 0.5450981 0.5450981 0.5450981 0.5647059 0.5647059 0.5647059 0.5490196 0.5490196 0.5490196 0.5490196 0.5490196 0.5490196 0.5647059 0.5647059 0.5647059 0.5490196 0.5490196 0.5490196 0.5647059 0.5647059 0.5647059 0.5647059 0.5647059 0.5647059 0.5764706 0.5764706 0.5764706 0.5490196 0.5490196 0.5490196 0.6705883 0.6705883 0.6705883 0.6431373 0.6431373 0.6431373 0.7058824 0.7058824 0.7058824 0.6705883 0.6705883 0.6705883 0.6039216 0.6039216 0.6039216 0.6431373 0.6431373 0.6431373 0.5843138 0.5843138 0.5843138 0.6039216 0.6039216 0.6039216 0.6705883 0.6705883 0.6705883 0.5843138 0.5843138 0.5843138 0.6078432 0.6078432 0.6078432 0.6039216 0.6039216 0.6039216 0.6156863 0.6156863 0.6156863 0.6078432 0.6078432 0.6078432 0.5843138 0.5843138 0.5843138 0.6156863 0.6156863 0.6156863 0.6039216 0.6039216 0.6039216 0.6078432 0.6078432 0.6078432 0.6156863 0.6156863 0.6156863 0.6039216 0.6039216 0.6039216 0.6156863 0.6156863 0.6156863 0.6156863 0.6156863 0.6156863 0.5647059 0.5647059 0.5647059 0.6039216 0.6039216 0.6039216 0.5607843 0.5607843 0.5607843 0.5647059 0.5647059 0.5647059 0.6156863 0.6156863 0.6156863 0.5607843 0.5607843 0.5607843 0.5647059 0.5647059 0.5647059 0.5647059 0.5647059 0.5647059 0.5607843 0.5607843 0.5607843 0.5647059 0.5647059 0.5647059 0.5607843 0.5607843 0.5607843 0.5607843 0.5607843 0.5607843 0.5647059 0.5647059 0.5647059 0.5647059 0.5647059 0.5647059 0.5372549 0.5372549 0.5372549 0.5294118 0.5294118 0.5294118 0.5372549 0.5372549 0.5372549 0.5372549 0.5372549 0.5372549 0.5411765 0.5411765 0.5411765 0.5294118 0.5294118 0.5294118 0.5450981 0.5450981 0.5450981 0.5411765 0.5411765 0.5411765 0.5372549 0.5372549 0.5372549 0.5450981 0.5450981 0.5450981 0.5490196 0.5490196 0.5490196 0.5411765 0.5411765 0.5411765 0.5529412 0.5529412 0.5529412 0.5490196 0.5490196 0.5490196 0.5450981 0.5450981 0.5450981 0.5529412 0.5529412 0.5529412 0.5529412 0.5529412 0.5529412 0.5490196 0.5490196 0.5490196 0.5490196 0.5490196 0.5490196 0.5529412 0.5529412 0.5529412 0.5529412 0.5529412 0.5529412 0.5490196 0.5490196 0.5490196 0.5607843 0.5607843 0.5607843 0.5529412 0.5529412 0.5529412 0.5882353 0.5882353 0.5882353 0.5607843 0.5607843 0.5607843 0.5490196 0.5490196 0.5490196 0.5882353 0.5882353 0.5882353 0.5725491 0.5725491 0.5725491 0.5607843 0.5607843 0.5607843 0.5882353 0.5882353 0.5882353 0.5725491 0.5725491 0.5725491 0.5882353 0.5882353 0.5882353 0.6117647 0.6117647 0.6117647 0.5686275 0.5686275 0.5686275 0.5764706 0.5764706 0.5764706 0.6117647 0.6117647 0.6117647 0.6156863 0.6156863 0.6156863 0.5686275 0.5686275 0.5686275 0.6196079 0.6196079 0.6196079 0.6156863 0.6156863 0.6156863 0.6117647 0.6117647 0.6117647 0.6196079 0.6196079 0.6196079 0.5686275 0.5686275 0.5686275 0.6156863 0.6156863 0.6156863 0.5803922 0.5803922 0.5803922 0.5686275 0.5686275 0.5686275 0.6196079 0.6196079 0.6196079 0.5803922 0.5803922 0.5803922 0.5450981 0.5450981 0.5450981 0.5686275 0.5686275 0.5686275 0.5882353 0.5882353 0.5882353 0.5450981 0.5450981 0.5450981 0.5803922 0.5803922 0.5803922 0.5882353 0.5882353 0.5882353 0.5803922 0.5803922 0.5803922 0.5450981 0.5450981 0.5450981 0.7647059 0.7647059 0.7647059 0.5803922 0.5803922 0.5803922 0.5882353 0.5882353 0.5882353 0.7647059 0.7647059 0.7647059 0.5529412 0.5529412 0.5529412 0.5803922 0.5803922 0.5803922 0.7686275 0.7686275 0.7686275 0.5529412 0.5529412 0.5529412 0.7647059 0.7647059 0.7647059 0.8431373 0.8431373 0.8431373 0.7960785 0.7960785 0.7960785 0.8745098 0.8745098 0.8745098 0.8431373 0.8431373 0.8431373 0.7803922 0.7803922 0.7803922 0.7960785 0.7960785 0.7960785 0.7803922 0.7803922 0.7803922 0.7803922 0.7803922 0.7803922 0.8431373 0.8431373 0.8431373 0.7803922 0.7803922 0.7803922 0.772549 0.772549 0.772549 0.7803922 0.7803922 0.7803922 0.8196079 0.8196079 0.8196079 0.772549 0.772549 0.772549 0.7803922 0.7803922 0.7803922 0.8196079 0.8196079 0.8196079 0.7607843 0.7607843 0.7607843 0.772549 0.772549 0.772549 0.7843137 0.7843137 0.7843137 0.7607843 0.7607843 0.7607843 0.8196079 0.8196079 0.8196079 0.7843137 0.7843137 0.7843137 0.7764706 0.7764706 0.7764706 0.7607843 0.7607843 0.7607843 0.7411765 0.7411765 0.7411765 0.7764706 0.7764706 0.7764706 0.7843137 0.7843137 0.7843137 0.7411765 0.7411765 0.7411765 0.7372549 0.7372549 0.7372549 0.7764706 0.7764706 0.7764706 0.7411765 0.7411765 0.7411765 0.7372549 0.7372549 0.7372549 0.7411765 0.7411765 0.7411765 0.5607843 0.5607843 0.5607843 0.5568628 0.5568628 0.5568628 0.5882353 0.5882353 0.5882353 0.5607843 0.5607843 0.5607843 0.5490196 0.5490196 0.5490196 0.5568628 0.5568628 0.5568628 0.5372549 0.5372549 0.5372549 0.5490196 0.5490196 0.5490196 0.5607843 0.5607843 0.5607843 0.5372549 0.5372549 0.5372549 0.5450981 0.5450981 0.5450981 0.5490196 0.5490196 0.5490196 0.5450981 0.5450981 0.5450981 0.5450981 0.5450981 0.5450981 0.5372549 0.5372549 0.5372549 0.5450981 0.5450981 0.5450981 0.5254902 0.5254902 0.5254902 0.5450981 0.5450981 0.5450981 0.5529412 0.5529412 0.5529412 0.5254902 0.5254902 0.5254902 0.5450981 0.5450981 0.5450981 0.5529412 0.5529412 0.5529412 0.5294118 0.5294118 0.5294118 0.5254902 0.5254902 0.5254902 0.5215687 0.5215687 0.5215687 0.5294118 0.5294118 0.5294118 0.5529412 0.5529412 0.5529412 0.5215687 0.5215687 0.5215687 0.5215687 0.5215687 0.5215687 0.5294118 0.5294118 0.5294118 0.5058824 0.5058824 0.5058824 0.5215687 0.5215687 0.5215687 0.5215687 0.5215687 0.5215687 0.6196079 0.6196079 0.6196079 0.5882353 0.5882353 0.5882353 0.5803922 0.5803922 0.5803922 0.6196079 0.6196079 0.6196079 0.6509804 0.6509804 0.6509804 0.5882353 0.5882353 0.5882353 0.6784314 0.6784314 0.6784314 0.6509804 0.6509804 0.6509804 0.6196079 0.6196079 0.6196079 0.6784314 0.6784314 0.6784314 0.654902 0.654902 0.654902 0.6509804 0.6509804 0.6509804 0.7215687 0.7215687 0.7215687 0.654902 0.654902 0.654902 0.6784314 0.6784314 0.6784314 0.7215687 0.7215687 0.7215687 0.7490196 0.7490196 0.7490196 0.654902 0.654902 0.654902 0.7294118 0.7294118 0.7294118 0.7490196 0.7490196 0.7490196 0.7215687 0.7215687 0.7215687 0.7294118 0.7294118 0.7294118 0.7764706 0.7764706 0.7764706 0.7490196 0.7490196 0.7490196 0.7411765 0.7411765 0.7411765 0.7764706 0.7764706 0.7764706 0.7294118 0.7294118 0.7294118 0.7411765 0.7411765 0.7411765 0.8 0.8 0.8 0.7764706 0.7764706 0.7764706 0.7450981 0.7450981 0.7450981 0.8 0.8 0.8 0.7411765 0.7411765 0.7411765 0.4980392 0.4980392 0.4980392 0.4980392 0.4980392 0.4980392 0.6117647 0.6117647 0.6117647 0.4980392 0.4980392 0.4980392 0.4784314 0.4784314 0.4784314 0.4980392 0.4980392 0.4980392 0.4784314 0.4784314 0.4784314 0.4784314 0.4784314 0.4784314 0.4980392 0.4980392 0.4980392 0.4784314 0.4784314 0.4784314 0.4745098 0.4745098 0.4745098 0.4784314 0.4784314 0.4784314 0.4745098 0.4745098 0.4745098 0.4745098 0.4745098 0.4745098 0.4784314 0.4784314 0.4784314 0.4745098 0.4745098 0.4745098 0.4745098 0.4745098 0.4745098 0.4745098 0.4745098 0.4745098 0.4745098 0.4745098 0.4745098 0.4745098 0.4745098 0.4745098 0.4745098 0.4745098 0.4745098 0.4745098 0.4745098 0.4745098 0.4745098 0.4745098 0.4745098 0.4745098 0.4745098 0.4745098 0.4745098 0.4745098 0.4745098 0.4745098 0.4745098 0.4745098 0.4745098 0.4745098 0.4745098 0.4745098 0.4745098 0.4745098 0.4901961 0.4901961 0.4901961 0.4745098 0.4745098 0.4745098 0.5137255 0.5137255 0.5137255 0.4901961 0.4901961 0.4901961 0.4745098 0.4745098 0.4745098 0.4980392 0.4980392 0.4980392 0.4901961 0.4901961 0.4901961 0.4862745 0.4862745 0.4862745 0.4980392 0.4980392 0.4980392 0.4862745 0.4862745 0.4862745 0.4901961 0.4901961 0.4901961 0.4941176 0.4941176 0.4941176 0.4862745 0.4862745 0.4862745 0.4980392 0.4980392 0.4980392 0.4941176 0.4941176 0.4941176 0.4862745 0.4862745 0.4862745 0.4862745 0.4862745 0.4862745 0.4862745 0.4862745 0.4862745 0.4862745 0.4862745 0.4862745 0.4941176 0.4941176 0.4941176 0.4862745 0.4862745 0.4862745 0.4862745 0.4862745 0.4862745 0.4862745 0.4862745 0.4862745 0.4823529 0.4823529 0.4823529 0.4862745 0.4862745 0.4862745 0.4862745 0.4862745 0.4862745 0.4823529 0.4823529 0.4823529 0.4823529 0.4823529 0.4823529 0.4862745 0.4862745 0.4862745 0.4823529 0.4823529 0.4823529 0.4823529 0.4823529 0.4823529 0.4823529 0.4823529 0.4823529 0.4823529 0.4823529 0.4823529 0.4705882 0.4705882 0.4705882 0.4823529 0.4823529 0.4823529 0.4784314 0.4784314 0.4784314 0.4705882 0.4705882 0.4705882 0.4823529 0.4823529 0.4823529 0.8666667 0.8666667 0.8666667 0.7647059 0.7647059 0.7647059 0.8156863 0.8156863 0.8156863 0.8666667 0.8666667 0.8666667 0.7490196 0.7490196 0.7490196 0.7647059 0.7647059 0.7647059 0.7529412 0.7529412 0.7529412 0.7490196 0.7490196 0.7490196 0.8666667 0.8666667 0.8666667 0.7529412 0.7529412 0.7529412 0.7490196 0.7490196 0.7490196 0.7490196 0.7490196 0.7490196 0.7568628 0.7568628 0.7568628 0.7490196 0.7490196 0.7490196 0.7529412 0.7529412 0.7529412 0.7568628 0.7568628 0.7568628 0.6666667 0.6666667 0.6666667 0.7490196 0.7490196 0.7490196 0.7647059 0.7647059 0.7647059 0.6666667 0.6666667 0.6666667 0.7568628 0.7568628 0.7568628 0.7647059 0.7647059 0.7647059 0.6745098 0.6745098 0.6745098 0.6666667 0.6666667 0.6666667 0.6705883 0.6705883 0.6705883 0.6745098 0.6745098 0.6745098 0.7647059 0.7647059 0.7647059 0.6705883 0.6705883 0.6705883 0.6705883 0.6705883 0.6705883 0.6745098 0.6745098 0.6745098 0.6313726 0.6313726 0.6313726 0.6784314 0.6784314 0.6784314 0.5960785 0.5960785 0.5960785 0.6313726 0.6313726 0.6313726 0.6352941 0.6352941 0.6352941 0.6784314 0.6784314 0.6784314 0.6235294 0.6235294 0.6235294 0.6352941 0.6352941 0.6352941 0.6313726 0.6313726 0.6313726 0.6235294 0.6235294 0.6235294 0.6509804 0.6509804 0.6509804 0.6352941 0.6352941 0.6352941 0.6352941 0.6352941 0.6352941 0.6509804 0.6509804 0.6509804 0.6235294 0.6235294 0.6235294 0.6352941 0.6352941 0.6352941 0.6117647 0.6117647 0.6117647 0.6509804 0.6509804 0.6509804 0.5843138 0.5843138 0.5843138 0.6117647 0.6117647 0.6117647 0.6352941 0.6352941 0.6352941 0.5843138 0.5843138 0.5843138 0.5960785 0.5960785 0.5960785 0.6117647 0.6117647 0.6117647 0.5960785 0.5960785 0.5960785 0.5960785 0.5960785 0.5960785 0.5843138 0.5843138 0.5843138 0.5960785 0.5960785 0.5960785 0.627451 0.627451 0.627451 0.5960785 0.5960785 0.5960785 0.5372549 0.5372549 0.5372549 0.5921569 0.5921569 0.5921569 0.5843138 0.5843138 0.5843138 0.5372549 0.5372549 0.5372549 0.5411765 0.5411765 0.5411765 0.5921569 0.5921569 0.5921569 0.4980392 0.4980392 0.4980392 0.5411765 0.5411765 0.5411765 0.5372549 0.5372549 0.5372549 0.4980392 0.4980392 0.4980392 0.5215687 0.5215687 0.5215687 0.5411765 0.5411765 0.5411765 0.4784314 0.4784314 0.4784314 0.5215687 0.5215687 0.5215687 0.4980392 0.4980392 0.4980392 0.4784314 0.4784314 0.4784314 0.5019608 0.5019608 0.5019608 0.5215687 0.5215687 0.5215687 0.4745098 0.4745098 0.4745098 0.5019608 0.5019608 0.5019608 0.4784314 0.4784314 0.4784314 0.4745098 0.4745098 0.4745098 0.4705882 0.4705882 0.4705882 0.5019608 0.5019608 0.5019608 0.4784314 0.4784314 0.4784314 0.4705882 0.4705882 0.4705882 0.4745098 0.4745098 0.4745098 0.4784314 0.4784314 0.4784314 0.4823529 0.4823529 0.4823529 0.4705882 0.4705882 0.4705882 0.6627451 0.6627451 0.6627451 0.7176471 0.7176471 0.7176471 0.6745098 0.6745098 0.6745098 0.6627451 0.6627451 0.6627451 0.6196079 0.6196079 0.6196079 0.7176471 0.7176471 0.7176471 0.6196079 0.6196079 0.6196079 0.6196079 0.6196079 0.6196079 0.6627451 0.6627451 0.6627451 0.6196079 0.6196079 0.6196079 0.5843138 0.5843138 0.5843138 0.6196079 0.6196079 0.6196079 0.5960785 0.5960785 0.5960785 0.5843138 0.5843138 0.5843138 0.6196079 0.6196079 0.6196079 0.5960785 0.5960785 0.5960785 0.5843138 0.5843138 0.5843138 0.5843138 0.5843138 0.5843138 0.6117647 0.6117647 0.6117647 0.5843138 0.5843138 0.5843138 0.5960785 0.5960785 0.5960785 0.6117647 0.6117647 0.6117647 0.5882353 0.5882353 0.5882353 0.5843138 0.5843138 0.5843138 0.5882353 0.5882353 0.5882353 0.5882353 0.5882353 0.5882353 0.6117647 0.6117647 0.6117647 0.5882353 0.5882353 0.5882353 0.5647059 0.5647059 0.5647059 0.5882353 0.5882353 0.5882353 0.5960785 0.5960785 0.5960785 0.6980392 0.6980392 0.6980392 0.682353 0.682353 0.682353 0.5960785 0.5960785 0.5960785 0.6 0.6 0.6 0.6980392 0.6980392 0.6980392 0.5843138 0.5843138 0.5843138 0.6 0.6 0.6 0.5960785 0.5960785 0.5960785 0.5843138 0.5843138 0.5843138 0.6117647 0.6117647 0.6117647 0.6 0.6 0.6 0.6078432 0.6078432 0.6078432 0.6117647 0.6117647 0.6117647 0.5843138 0.5843138 0.5843138 0.6078432 0.6078432 0.6078432 0.6745098 0.6745098 0.6745098 0.6117647 0.6117647 0.6117647 0.6235294 0.6235294 0.6235294 0.6745098 0.6745098 0.6745098 0.6078432 0.6078432 0.6078432 0.6235294 0.6235294 0.6235294 0.6509804 0.6509804 0.6509804 0.6745098 0.6745098 0.6745098 0.6313726 0.6313726 0.6313726 0.6509804 0.6509804 0.6509804 0.6235294 0.6235294 0.6235294 0.6313726 0.6313726 0.6313726 0.6862745 0.6862745 0.6862745 0.6509804 0.6509804 0.6509804 0.7764706 0.7764706 0.7764706 0.8745098 0.8745098 0.8745098 0.9176471 0.9176471 0.9176471 0.7764706 0.7764706 0.7764706 0.7843137 0.7843137 0.7843137 0.8745098 0.8745098 0.8745098 0.7882353 0.7882353 0.7882353 0.7843137 0.7843137 0.7843137 0.7764706 0.7764706 0.7764706 0.7882353 0.7882353 0.7882353 0.8 0.8 0.8 0.7843137 0.7843137 0.7843137 0.7843137 0.7843137 0.7843137 0.8 0.8 0.8 0.7882353 0.7882353 0.7882353 0.7843137 0.7843137 0.7843137 0.7803922 0.7803922 0.7803922 0.8 0.8 0.8 0.827451 0.827451 0.827451 0.7803922 0.7803922 0.7803922 0.7843137 0.7843137 0.7843137 0.827451 0.827451 0.827451 0.7921569 0.7921569 0.7921569 0.7803922 0.7803922 0.7803922 0.7333334 0.7333334 0.7333334 0.7921569 0.7921569 0.7921569 0.827451 0.827451 0.827451 0.7333334 0.7333334 0.7333334 0.7686275 0.7686275 0.7686275 0.7921569 0.7921569 0.7921569 0.5294118 0.5294118 0.5294118 0.5647059 0.5647059 0.5647059 0.5294118 0.5294118 0.5294118 0.5294118 0.5294118 0.5294118 0.5568628 0.5568628 0.5568628 0.5647059 0.5647059 0.5647059 0.5294118 0.5294118 0.5294118 0.5568628 0.5568628 0.5568628 0.5294118 0.5294118 0.5294118 0.5294118 0.5294118 0.5294118 0.5686275 0.5686275 0.5686275 0.5568628 0.5568628 0.5568628 0.5803922 0.5803922 0.5803922 0.5686275 0.5686275 0.5686275 0.5294118 0.5294118 0.5294118 0.5803922 0.5803922 0.5803922 0.5960785 0.5960785 0.5960785 0.5686275 0.5686275 0.5686275 0.5843138 0.5843138 0.5843138 0.5960785 0.5960785 0.5960785 0.5803922 0.5803922 0.5803922 0.5843138 0.5843138 0.5843138 0.5921569 0.5921569 0.5921569 0.5960785 0.5960785 0.5960785 0.6 0.6 0.6 0.5921569 0.5921569 0.5921569 0.5843138 0.5843138 0.5843138 0.6 0.6 0.6 0.627451 0.627451 0.627451 0.5921569 0.5921569 0.5921569 0.5058824 0.5058824 0.5058824 0.509804 0.509804 0.509804 0.4862745 0.4862745 0.4862745 0.5058824 0.5058824 0.5058824 0.5058824 0.5058824 0.5058824 0.509804 0.509804 0.509804 0.4980392 0.4980392 0.4980392 0.5058824 0.5058824 0.5058824 0.5058824 0.5058824 0.5058824 0.4980392 0.4980392 0.4980392 0.4823529 0.4823529 0.4823529 0.5058824 0.5058824 0.5058824 0.4941176 0.4941176 0.4941176 0.4823529 0.4823529 0.4823529 0.4980392 0.4980392 0.4980392 0.4941176 0.4941176 0.4941176 0.5019608 0.5019608 0.5019608 0.4823529 0.4823529 0.4823529 0.5215687 0.5215687 0.5215687 0.5019608 0.5019608 0.5019608 0.4941176 0.4941176 0.4941176 0.5215687 0.5215687 0.5215687 0.5215687 0.5215687 0.5215687 0.5019608 0.5019608 0.5019608 0.5607843 0.5607843 0.5607843 0.5215687 0.5215687 0.5215687 0.5215687 0.5215687 0.5215687 0.4980392 0.4980392 0.4980392 0.4862745 0.4862745 0.4862745 0.4862745 0.4862745 0.4862745 0.4980392 0.4980392 0.4980392 0.4901961 0.4901961 0.4901961 0.4862745 0.4862745 0.4862745 0.4901961 0.4901961 0.4901961 0.4901961 0.4901961 0.4901961 0.4980392 0.4980392 0.4980392 0.4901961 0.4901961 0.4901961 0.5019608 0.5019608 0.5019608 0.4901961 0.4901961 0.4901961 0.509804 0.509804 0.509804 0.5019608 0.5019608 0.5019608 0.4901961 0.4901961 0.4901961 0.509804 0.509804 0.509804 0.5019608 0.5019608 0.5019608 0.5019608 0.5019608 0.5019608 0.5137255 0.5137255 0.5137255 0.5019608 0.5019608 0.5019608 0.509804 0.509804 0.509804 0.5137255 0.5137255 0.5137255 0.5176471 0.5176471 0.5176471 0.5019608 0.5019608 0.5019608 0.5529412 0.5529412 0.5529412 0.5176471 0.5176471 0.5176471 0.5137255 0.5137255 0.5137255 0.7098039 0.7098039 0.7098039 0.6784314 0.6784314 0.6784314 0.6941177 0.6941177 0.6941177 0.7098039 0.7098039 0.7098039 0.6941177 0.6941177 0.6941177 0.6784314 0.6784314 0.6784314 0.6862745 0.6862745 0.6862745 0.6941177 0.6941177 0.6941177 0.7098039 0.7098039 0.7098039 0.6862745 0.6862745 0.6862745 0.6666667 0.6666667 0.6666667 0.6941177 0.6941177 0.6941177 0.6784314 0.6784314 0.6784314 0.6666667 0.6666667 0.6666667 0.6862745 0.6862745 0.6862745 0.6784314 0.6784314 0.6784314 0.6156863 0.6156863 0.6156863 0.6666667 0.6666667 0.6666667 0.6705883 0.6705883 0.6705883 0.6156863 0.6156863 0.6156863 0.6784314 0.6784314 0.6784314 0.6705883 0.6705883 0.6705883 0.6313726 0.6313726 0.6313726 0.6156863 0.6156863 0.6156863 0.6509804 0.6509804 0.6509804 0.6313726 0.6313726 0.6313726 0.6705883 0.6705883 0.6705883 0.7137255 0.7137255 0.7137255 0.6980392 0.6980392 0.6980392 0.7137255 0.7137255 0.7137255 0.7137255 0.7137255 0.7137255 0.7098039 0.7098039 0.7098039 0.6980392 0.6980392 0.6980392 0.7019608 0.7019608 0.7019608 0.7098039 0.7098039 0.7098039 0.7137255 0.7137255 0.7137255 0.7019608 0.7019608 0.7019608 0.6862745 0.6862745 0.6862745 0.7098039 0.7098039 0.7098039 0.6862745 0.6862745 0.6862745 0.6862745 0.6862745 0.6862745 0.7019608 0.7019608 0.7019608 0.6862745 0.6862745 0.6862745 0.682353 0.682353 0.682353 0.6862745 0.6862745 0.6862745 0.6901961 0.6901961 0.6901961 0.682353 0.682353 0.682353 0.6862745 0.6862745 0.6862745 0.6901961 0.6901961 0.6901961 0.6901961 0.6901961 0.6901961 0.682353 0.682353 0.682353 0.4941176 0.4941176 0.4941176 0.5058824 0.5058824 0.5058824 0.4980392 0.4980392 0.4980392 0.4941176 0.4941176 0.4941176 0.5058824 0.5058824 0.5058824 0.5058824 0.5058824 0.5058824 0.4980392 0.4980392 0.4980392 0.5058824 0.5058824 0.5058824 0.4941176 0.4941176 0.4941176 0.4980392 0.4980392 0.4980392 0.5019608 0.5019608 0.5019608 0.5058824 0.5058824 0.5058824 0.4980392 0.4980392 0.4980392 0.5019608 0.5019608 0.5019608 0.4980392 0.4980392 0.4980392 0.4980392 0.4980392 0.4980392 0.4980392 0.4980392 0.4980392 0.5019608 0.5019608 0.5019608 0.4862745 0.4862745 0.4862745 0.4980392 0.4980392 0.4980392 0.4980392 0.4980392 0.4980392 0.4862745 0.4862745 0.4862745 0.4823529 0.4823529 0.4823529 0.4980392 0.4980392 0.4980392 0.6 0.6 0.6 0.6196079 0.6196079 0.6196079 0.6196079 0.6196079 0.6196079 0.6 0.6 0.6 0.6078432 0.6078432 0.6078432 0.6196079 0.6196079 0.6196079 0.627451 0.627451 0.627451 0.6078432 0.6078432 0.6078432 0.6 0.6 0.6 0.627451 0.627451 0.627451 0.6352941 0.6352941 0.6352941 0.6078432 0.6078432 0.6078432 0.6352941 0.6352941 0.6352941 0.6352941 0.6352941 0.6352941 0.627451 0.627451 0.627451 0.6352941 0.6352941 0.6352941 0.6627451 0.6627451 0.6627451 0.6352941 0.6352941 0.6352941 0.682353 0.682353 0.682353 0.6627451 0.6627451 0.6627451 0.6352941 0.6352941 0.6352941 0.682353 0.682353 0.682353 0.6901961 0.6901961 0.6901961 0.6627451 0.6627451 0.6627451 0.6627451 0.6627451 0.6627451 0.7215687 0.7215687 0.7215687 0.6588236 0.6588236 0.6588236 0.6627451 0.6627451 0.6627451 0.7098039 0.7098039 0.7098039 0.7215687 0.7215687 0.7215687 0.7098039 0.7098039 0.7098039 0.7098039 0.7098039 0.7098039 0.6627451 0.6627451 0.6627451 0.7098039 0.7098039 0.7098039 0.7019608 0.7019608 0.7019608 0.7098039 0.7098039 0.7098039 0.7333334 0.7333334 0.7333334 0.7019608 0.7019608 0.7019608 0.7098039 0.7098039 0.7098039 0.7333334 0.7333334 0.7333334 0.7921569 0.7921569 0.7921569 0.7019608 0.7019608 0.7019608 0.7333334 0.7333334 0.7333334 0.7921569 0.7921569 0.7921569 0.7333334 0.7333334 0.7333334 0.7333334 0.7333334 0.7333334 0.7568628 0.7568628 0.7568628 0.7921569 0.7921569 0.7921569 0.5725491 0.5725491 0.5725491 0.6 0.6 0.6 0.5803922 0.5803922 0.5803922 0.5725491 0.5725491 0.5725491 0.5921569 0.5921569 0.5921569 0.6 0.6 0.6 0.5725491 0.5725491 0.5725491 0.5921569 0.5921569 0.5921569 0.5725491 0.5725491 0.5725491 0.5725491 0.5725491 0.5725491 0.6196079 0.6196079 0.6196079 0.5921569 0.5921569 0.5921569 0.5960785 0.5960785 0.5960785 0.6196079 0.6196079 0.6196079 0.5725491 0.5725491 0.5725491 0.5960785 0.5960785 0.5960785 0.6509804 0.6509804 0.6509804 0.6196079 0.6196079 0.6196079 0.5843138 0.5843138 0.5843138 0.6509804 0.6509804 0.6509804 0.5960785 0.5960785 0.5960785 0.5843138 0.5843138 0.5843138 0.6117647 0.6117647 0.6117647 0.6509804 0.6509804 0.6509804 0.9294118 0.9294118 0.9294118 0.972549 0.972549 0.972549 0.9607843 0.9607843 0.9607843 0.9294118 0.9294118 0.9294118 0.9529412 0.9529412 0.9529412 0.972549 0.972549 0.972549 0.9647059 0.9647059 0.9647059 0.9529412 0.9529412 0.9529412 0.9294118 0.9294118 0.9294118 0.9647059 0.9647059 0.9647059 0.9607843 0.9607843 0.9607843 0.9529412 0.9529412 0.9529412 0.9372549 0.9372549 0.9372549 0.9607843 0.9607843 0.9607843 0.9647059 0.9647059 0.9647059 0.9372549 0.9372549 0.9372549 0.9960784 0.9960784 0.9960784 0.9607843 0.9607843 0.9607843 0.9019608 0.9019608 0.9019608 0.9960784 0.9960784 0.9960784 0.9372549 0.9372549 0.9372549 0.9019608 0.9019608 0.9019608 0.9215686 0.9215686 0.9215686 0.9960784 0.9960784 0.9960784 0.9411765 0.9411765 0.9411765 0.8745098 0.8745098 0.8745098 0.9215686 0.9215686 0.9215686 0.9411765 0.9411765 0.9411765 0.9098039 0.9098039 0.9098039 0.8745098 0.8745098 0.8745098 0.9647059 0.9647059 0.9647059 0.9098039 0.9098039 0.9098039 0.9411765 0.9411765 0.9411765 0.9647059 0.9647059 0.9647059 0.9098039 0.9098039 0.9098039 0.9098039 0.9098039 0.9098039 0.9647059 0.9647059 0.9647059 0.9098039 0.9098039 0.9098039 0.9647059 0.9647059 0.9647059 0.9647059 0.9647059 0.9647059 0.9568628 0.9568628 0.9568628 0.9098039 0.9098039 0.9098039 0.9450981 0.9450981 0.9450981 0.9568628 0.9568628 0.9568628 0.9647059 0.9647059 0.9647059 0.9450981 0.9450981 0.9450981 0.9450981 0.9450981 0.9450981 0.9568628 0.9568628 0.9568628 0.9411765 0.9411765 0.9411765 0.9450981 0.9450981 0.9450981 0.9215686 0.9215686 0.9215686 0.9411765 0.9411765 0.9411765 0.9568628 0.9568628 0.9568628 0.9450981 0.9450981 0.9450981 0.9411765 0.9411765 0.9411765 0.9568628 0.9568628 0.9568628 0.9411765 0.9411765 0.9411765 0.9411765 0.9411765 0.9411765 0.9019608 0.9019608 0.9019608 0.9568628 0.9568628 0.9568628 0.9019608 0.9019608 0.9019608 0.9019608 0.9019608 0.9019608 0.9411765 0.9411765 0.9411765 0.9019608 0.9019608 0.9019608 0.854902 0.854902 0.854902 0.9019608 0.9019608 0.9019608 0.8196079 0.8196079 0.8196079 0.854902 0.854902 0.854902 0.9019608 0.9019608 0.9019608 0.8196079 0.8196079 0.8196079 0.8196079 0.8196079 0.8196079 0.854902 0.854902 0.854902 0.5019608 0.5019608 0.5019608 0.4901961 0.4901961 0.4901961 0.4901961 0.4901961 0.4901961 0.5019608 0.5019608 0.5019608 0.4823529 0.4823529 0.4823529 0.4901961 0.4901961 0.4901961 0.4941176 0.4941176 0.4941176 0.4823529 0.4823529 0.4823529 0.5019608 0.5019608 0.5019608 0.4941176 0.4941176 0.4941176 0.4823529 0.4823529 0.4823529 0.4823529 0.4823529 0.4823529 0.4941176 0.4941176 0.4941176 0.4823529 0.4823529 0.4823529 0.4941176 0.4941176 0.4941176 0.4941176 0.4941176 0.4941176 0.4823529 0.4823529 0.4823529 0.4823529 0.4823529 0.4823529 0.4784314 0.4784314 0.4784314 0.4823529 0.4823529 0.4823529 0.4941176 0.4941176 0.4941176 0.4784314 0.4784314 0.4784314 0.4823529 0.4823529 0.4823529 0.4823529 0.4823529 0.4823529 0.4823529 0.4823529 0.4823529 0.4823529 0.4823529 0.4823529 0.4784314 0.4784314 0.4784314 0.4823529 0.4823529 0.4823529 0.4784314 0.4784314 0.4784314 0.4823529 0.4823529 0.4823529 0.4941176 0.4941176 0.4941176 0.4784314 0.4784314 0.4784314 0.4823529 0.4823529 0.4823529 0.4941176 0.4941176 0.4941176 0.4784314 0.4784314 0.4784314 0.4784314 0.4784314 0.4784314 0.4823529 0.4823529 0.4823529 0.4784314 0.4784314 0.4784314 0.4941176 0.4941176 0.4941176 0.4823529 0.4823529 0.4823529 0.4862745 0.4862745 0.4862745 0.4784314 0.4784314 0.4784314 0.4784314 0.4784314 0.4784314 0.4862745 0.4862745 0.4862745 0.4823529 0.4823529 0.4823529 0.4784314 0.4784314 0.4784314 0.4784314 0.4784314 0.4784314 0.4862745 0.4862745 0.4862745 0.5529412 0.5529412 0.5529412 0.5450981 0.5450981 0.5450981 0.5647059 0.5647059 0.5647059 0.5529412 0.5529412 0.5529412 0.5411765 0.5411765 0.5411765 0.5450981 0.5450981 0.5450981 0.5058824 0.5058824 0.5058824 0.5411765 0.5411765 0.5411765 0.5529412 0.5529412 0.5529412 0.5058824 0.5058824 0.5058824 0.5137255 0.5137255 0.5137255 0.5411765 0.5411765 0.5411765 0.5215687 0.5215687 0.5215687 0.5137255 0.5137255 0.5137255 0.5058824 0.5058824 0.5058824 0.5215687 0.5215687 0.5215687 0.5333334 0.5333334 0.5333334 0.5137255 0.5137255 0.5137255 0.5215687 0.5215687 0.5215687 0.5333334 0.5333334 0.5333334 0.5215687 0.5215687 0.5215687 0.5215687 0.5215687 0.5215687 0.5019608 0.5019608 0.5019608 0.5333334 0.5333334 0.5333334 0.7254902 0.7254902 0.7254902 0.7254902 0.7254902 0.7254902 0.7254902 0.7254902 0.7254902 0.7254902 0.7254902 0.7254902 0.7176471 0.7176471 0.7176471 0.7254902 0.7254902 0.7254902 0.7098039 0.7098039 0.7098039 0.7176471 0.7176471 0.7176471 0.7254902 0.7254902 0.7254902 0.7098039 0.7098039 0.7098039 0.7137255 0.7137255 0.7137255 0.7176471 0.7176471 0.7176471 0.7176471 0.7176471 0.7176471 0.7137255 0.7137255 0.7137255 0.7098039 0.7098039 0.7098039 0.7176471 0.7176471 0.7176471 0.7176471 0.7176471 0.7176471 0.7137255 0.7137255 0.7137255 0.7098039 0.7098039 0.7098039 0.7176471 0.7176471 0.7176471 0.7176471 0.7176471 0.7176471 0.7098039 0.7098039 0.7098039 0.7137255 0.7137255 0.7137255 0.7176471 0.7176471 0.7176471 0.7568628 0.7568628 0.7568628 0.6117647 0.6117647 0.6117647 0.8470588 0.8470588 0.8470588 0.7568628 0.7568628 0.7568628 0.5764706 0.5764706 0.5764706 0.6117647 0.6117647 0.6117647 0.6352941 0.6352941 0.6352941 0.5764706 0.5764706 0.5764706 0.7568628 0.7568628 0.7568628 0.6352941 0.6352941 0.6352941 0.6196079 0.6196079 0.6196079 0.5764706 0.5764706 0.5764706 0.6980392 0.6980392 0.6980392 0.6196079 0.6196079 0.6196079 0.6352941 0.6352941 0.6352941 0.6980392 0.6980392 0.6980392 0.8196079 0.8196079 0.8196079 0.6196079 0.6196079 0.6196079 0.7176471 0.7176471 0.7176471 0.8196079 0.8196079 0.8196079 0.6980392 0.6980392 0.6980392 0.7176471 0.7176471 0.7176471 0.7058824 0.7058824 0.7058824 0.8196079 0.8196079 0.8196079 0.772549 0.772549 0.772549 0.7921569 0.7921569 0.7921569 0.7803922 0.7803922 0.7803922 0.772549 0.772549 0.772549 0.7607843 0.7607843 0.7607843 0.7921569 0.7921569 0.7921569 0.7568628 0.7568628 0.7568628 0.7607843 0.7607843 0.7607843 0.772549 0.772549 0.772549 0.7568628 0.7568628 0.7568628 0.7490196 0.7490196 0.7490196 0.7607843 0.7607843 0.7607843 0.7450981 0.7450981 0.7450981 0.7490196 0.7490196 0.7490196 0.7568628 0.7568628 0.7568628 0.7450981 0.7450981 0.7450981 0.7411765 0.7411765 0.7411765 0.7490196 0.7490196 0.7490196 0.7450981 0.7450981 0.7450981 0.7411765 0.7411765 0.7411765 0.7450981 0.7450981 0.7450981 0.7450981 0.7450981 0.7450981 0.7450981 0.7450981 0.7450981 0.7411765 0.7411765 0.7411765 0.5960785 0.5960785 0.5960785 0.5803922 0.5803922 0.5803922 0.5803922 0.5803922 0.5803922 0.5960785 0.5960785 0.5960785 0.6 0.6 0.6 0.5803922 0.5803922 0.5803922 0.627451 0.627451 0.627451 0.6 0.6 0.6 0.5960785 0.5960785 0.5960785 0.627451 0.627451 0.627451 0.6431373 0.6431373 0.6431373 0.6 0.6 0.6 0.6392157 0.6392157 0.6392157 0.6431373 0.6431373 0.6431373 0.627451 0.627451 0.627451 0.6392157 0.6392157 0.6392157 0.6156863 0.6156863 0.6156863 0.6431373 0.6431373 0.6431373 0.6509804 0.6509804 0.6509804 0.6156863 0.6156863 0.6156863 0.6392157 0.6392157 0.6392157 0.6509804 0.6509804 0.6509804 0.6588236 0.6588236 0.6588236 0.6156863 0.6156863 0.6156863 0.5333334 0.5333334 0.5333334 0.5647059 0.5647059 0.5647059 0.5607843 0.5607843 0.5607843 0.5333334 0.5333334 0.5333334 0.5333334 0.5333334 0.5333334 0.5647059 0.5647059 0.5647059 0.5333334 0.5333334 0.5333334 0.5333334 0.5333334 0.5333334 0.5333334 0.5333334 0.5333334 0.5333334 0.5333334 0.5333334 0.5411765 0.5411765 0.5411765 0.5333334 0.5333334 0.5333334 0.5529412 0.5529412 0.5529412 0.5411765 0.5411765 0.5411765 0.5333334 0.5333334 0.5333334 0.5529412 0.5529412 0.5529412 0.509804 0.509804 0.509804 0.5411765 0.5411765 0.5411765 0.5490196 0.5490196 0.5490196 0.509804 0.509804 0.509804 0.5529412 0.5529412 0.5529412 0.5490196 0.5490196 0.5490196 0.509804 0.509804 0.509804 0.509804 0.509804 0.509804 0.5372549 0.5372549 0.5372549 0.5137255 0.5137255 0.5137255 0.5372549 0.5372549 0.5372549 0.5372549 0.5372549 0.5372549 0.5294118 0.5294118 0.5294118 0.5137255 0.5137255 0.5137255 0.5176471 0.5176471 0.5176471 0.5294118 0.5294118 0.5294118 0.5372549 0.5372549 0.5372549 0.5176471 0.5176471 0.5176471 0.5372549 0.5372549 0.5372549 0.5294118 0.5294118 0.5294118 0.5333334 0.5333334 0.5333334 0.5372549 0.5372549 0.5372549 0.5176471 0.5176471 0.5176471 0.5333334 0.5333334 0.5333334 0.5450981 0.5450981 0.5450981 0.5372549 0.5372549 0.5372549 0.5411765 0.5411765 0.5411765 0.5450981 0.5450981 0.5450981 0.5333334 0.5333334 0.5333334 0.5411765 0.5411765 0.5411765 0.5647059 0.5647059 0.5647059 0.5450981 0.5450981 0.5450981 0.9490196 0.9490196 0.9490196 0.9490196 0.9490196 0.9490196 0.9529412 0.9529412 0.9529412 0.9490196 0.9490196 0.9490196 0.9450981 0.9450981 0.9450981 0.9490196 0.9490196 0.9490196 0.9803922 0.9803922 0.9803922 0.9450981 0.9450981 0.9450981 0.9490196 0.9490196 0.9490196 0.9803922 0.9803922 0.9803922 0.972549 0.972549 0.972549 0.9450981 0.9450981 0.9450981 1 1 1 0.972549 0.972549 0.972549 0.9803922 0.9803922 0.9803922 1 1 1 0.9686275 0.9686275 0.9686275 0.972549 0.972549 0.972549 0.9764706 0.9764706 0.9764706 0.9686275 0.9686275 0.9686275 1 1 1 0.9764706 0.9764706 0.9764706 0.8666667 0.8666667 0.8666667 0.9686275 0.9686275 0.9686275 0.6509804 0.6509804 0.6509804 0.6235294 0.6235294 0.6235294 0.6588236 0.6588236 0.6588236 0.6509804 0.6509804 0.6509804 0.6392157 0.6392157 0.6392157 0.6235294 0.6235294 0.6235294 0.6470589 0.6470589 0.6470589 0.6392157 0.6392157 0.6392157 0.6509804 0.6509804 0.6509804 0.6470589 0.6470589 0.6470589 0.6156863 0.6156863 0.6156863 0.6392157 0.6392157 0.6392157 0.6392157 0.6392157 0.6392157 0.6156863 0.6156863 0.6156863 0.6470589 0.6470589 0.6470589 0.6392157 0.6392157 0.6392157 0.6235294 0.6235294 0.6235294 0.6156863 0.6156863 0.6156863 0.6509804 0.6509804 0.6509804 0.6235294 0.6235294 0.6235294 0.6392157 0.6392157 0.6392157 0.6509804 0.6509804 0.6509804 0.6509804 0.6509804 0.6509804 0.6235294 0.6235294 0.6235294 0.6117647 0.6117647 0.6117647 0.6117647 0.6117647 0.6117647 0.6117647 0.6117647 0.6117647 0.6117647 0.6117647 0.6117647 0.6117647 0.6117647 0.6117647 0.6117647 0.6117647 0.6117647 0.5921569 0.5921569 0.5921569 0.6117647 0.6117647 0.6117647 0.6117647 0.6117647 0.6117647 0.5921569 0.5921569 0.5921569 0.6117647 0.6117647 0.6117647 0.6117647 0.6117647 0.6117647 0.5882353 0.5882353 0.5882353 0.6117647 0.6117647 0.6117647 0.5921569 0.5921569 0.5921569 0.5882353 0.5882353 0.5882353 0.5686275 0.5686275 0.5686275 0.6117647 0.6117647 0.6117647 0.5764706 0.5764706 0.5764706 0.5686275 0.5686275 0.5686275 0.5882353 0.5882353 0.5882353 0.5607843 0.5607843 0.5607843 0.5294118 0.5294118 0.5294118 0.5333334 0.5333334 0.5333334 0.5607843 0.5607843 0.5607843 0.5568628 0.5568628 0.5568628 0.5294118 0.5294118 0.5294118 0.5686275 0.5686275 0.5686275 0.5568628 0.5568628 0.5568628 0.5607843 0.5607843 0.5607843 0.5686275 0.5686275 0.5686275 0.5411765 0.5411765 0.5411765 0.5568628 0.5568628 0.5568628 0.5725491 0.5725491 0.5725491 0.5411765 0.5411765 0.5411765 0.5686275 0.5686275 0.5686275 0.5725491 0.5725491 0.5725491 0.5647059 0.5647059 0.5647059 0.5411765 0.5411765 0.5411765 0.5647059 0.5647059 0.5647059 0.5647059 0.5647059 0.5647059 0.5725491 0.5725491 0.5725491 0.5921569 0.5921569 0.5921569 0.5529412 0.5529412 0.5529412 0.7686275 0.7686275 0.7686275 0.5921569 0.5921569 0.5921569 0.5411765 0.5411765 0.5411765 0.5529412 0.5529412 0.5529412 0.5686275 0.5686275 0.5686275 0.5411765 0.5411765 0.5411765 0.5921569 0.5921569 0.5921569 0.5686275 0.5686275 0.5686275 0.5411765 0.5411765 0.5411765 0.5411765 0.5411765 0.5411765 0.5490196 0.5490196 0.5490196 0.5411765 0.5411765 0.5411765 0.5686275 0.5686275 0.5686275 0.5490196 0.5490196 0.5490196 0.5254902 0.5254902 0.5254902 0.5411765 0.5411765 0.5411765 0.5490196 0.5490196 0.5490196 0.5254902 0.5254902 0.5254902 0.5490196 0.5490196 0.5490196 0.7058824 0.7058824 0.7058824 0.5921569 0.5921569 0.5921569 0.6313726 0.6313726 0.6313726 0.7058824 0.7058824 0.7058824 0.6784314 0.6784314 0.6784314 0.5921569 0.5921569 0.5921569 0.7019608 0.7019608 0.7019608 0.6784314 0.6784314 0.6784314 0.7058824 0.7058824 0.7058824 0.7019608 0.7019608 0.7019608 0.5960785 0.5960785 0.5960785 0.6784314 0.6784314 0.6784314 0.6196079 0.6196079 0.6196079 0.5960785 0.5960785 0.5960785 0.7019608 0.7019608 0.7019608 0.6196079 0.6196079 0.6196079 0.5647059 0.5647059 0.5647059 0.5960785 0.5960785 0.5960785 0.6196079 0.6196079 0.6196079 0.5647059 0.5647059 0.5647059 0.6196079 0.6196079 0.6196079 0.6862745 0.6862745 0.6862745 0.6509804 0.6509804 0.6509804 0.6627451 0.6627451 0.6627451 0.6862745 0.6862745 0.6862745 0.6901961 0.6901961 0.6901961 0.6509804 0.6509804 0.6509804 0.7019608 0.7019608 0.7019608 0.6901961 0.6901961 0.6901961 0.6862745 0.6862745 0.6862745 0.7019608 0.7019608 0.7019608 0.6901961 0.6901961 0.6901961 0.6901961 0.6901961 0.6901961 0.7333334 0.7333334 0.7333334 0.6901961 0.6901961 0.6901961 0.7019608 0.7019608 0.7019608 0.7333334 0.7333334 0.7333334 0.6901961 0.6901961 0.6901961 0.6901961 0.6901961 0.6901961 0.7294118 0.7294118 0.7294118 0.6901961 0.6901961 0.6901961 0.7333334 0.7333334 0.7333334 0.4784314 0.4784314 0.4784314 0.4823529 0.4823529 0.4823529 0.4784314 0.4784314 0.4784314 0.4784314 0.4784314 0.4784314 0.4823529 0.4823529 0.4823529 0.4823529 0.4823529 0.4823529 0.4784314 0.4784314 0.4784314 0.4823529 0.4823529 0.4823529 0.4784314 0.4784314 0.4784314 0.4784314 0.4784314 0.4784314 0.4823529 0.4823529 0.4823529 0.4823529 0.4823529 0.4823529 0.4784314 0.4784314 0.4784314 0.4823529 0.4823529 0.4823529 0.4784314 0.4784314 0.4784314 0.4784314 0.4784314 0.4784314 0.4745098 0.4745098 0.4745098 0.4823529 0.4823529 0.4823529 0.4745098 0.4745098 0.4745098 0.4745098 0.4745098 0.4745098 0.4784314 0.4784314 0.4784314 0.6078432 0.6078432 0.6078432 0.6431373 0.6431373 0.6431373 0.6039216 0.6039216 0.6039216 0.6078432 0.6078432 0.6078432 0.5960785 0.5960785 0.5960785 0.6431373 0.6431373 0.6431373 0.627451 0.627451 0.627451 0.5960785 0.5960785 0.5960785 0.6078432 0.6078432 0.6078432 0.627451 0.627451 0.627451 0.654902 0.654902 0.654902 0.5960785 0.5960785 0.5960785 0.6392157 0.6392157 0.6392157 0.654902 0.654902 0.654902 0.627451 0.627451 0.627451 0.6392157 0.6392157 0.6392157 0.6784314 0.6784314 0.6784314 0.654902 0.654902 0.654902 0.6431373 0.6431373 0.6431373 0.6784314 0.6784314 0.6784314 0.6392157 0.6392157 0.6392157 0.7058824 0.7058824 0.7058824 0.6941177 0.6941177 0.6941177 0.6941177 0.6941177 0.6941177 0.7058824 0.7058824 0.7058824 0.6941177 0.6941177 0.6941177 0.6941177 0.6941177 0.6941177 0.6901961 0.6901961 0.6901961 0.6941177 0.6941177 0.6941177 0.7058824 0.7058824 0.7058824 0.6901961 0.6901961 0.6901961 0.6941177 0.6941177 0.6941177 0.6941177 0.6941177 0.6941177 0.6862745 0.6862745 0.6862745 0.6941177 0.6941177 0.6941177 0.6901961 0.6901961 0.6901961 0.6862745 0.6862745 0.6862745 0.7019608 0.7019608 0.7019608 0.6941177 0.6941177 0.6941177 0.6705883 0.6705883 0.6705883 0.7019608 0.7019608 0.7019608 0.6862745 0.6862745 0.6862745 0.6117647 0.6117647 0.6117647 0.6235294 0.6235294 0.6235294 0.6470589 0.6470589 0.6470589 0.6117647 0.6117647 0.6117647 0.6156863 0.6156863 0.6156863 0.6235294 0.6235294 0.6235294 0.6117647 0.6117647 0.6117647 0.6156863 0.6156863 0.6156863 0.6117647 0.6117647 0.6117647 0.6117647 0.6117647 0.6117647 0.6156863 0.6156863 0.6156863 0.6156863 0.6156863 0.6156863 0.6117647 0.6117647 0.6117647 0.6156863 0.6156863 0.6156863 0.6117647 0.6117647 0.6117647 0.6117647 0.6117647 0.6117647 0.6235294 0.6235294 0.6235294 0.6156863 0.6156863 0.6156863 0.6117647 0.6117647 0.6117647 0.6235294 0.6235294 0.6235294 0.6117647 0.6117647 0.6117647 0.654902 0.654902 0.654902 0.627451 0.627451 0.627451 0.5725491 0.5725491 0.5725491 0.654902 0.654902 0.654902 0.7294118 0.7294118 0.7294118 0.627451 0.627451 0.627451 0.7294118 0.7294118 0.7294118 0.7294118 0.7294118 0.7294118 0.654902 0.654902 0.654902 0.7294118 0.7294118 0.7294118 0.7490196 0.7490196 0.7490196 0.7294118 0.7294118 0.7294118 0.682353 0.682353 0.682353 0.7490196 0.7490196 0.7490196 0.7294118 0.7294118 0.7294118 0.682353 0.682353 0.682353 0.5921569 0.5921569 0.5921569 0.7490196 0.7490196 0.7490196 0.627451 0.627451 0.627451 0.5921569 0.5921569 0.5921569 0.682353 0.682353 0.682353 0.6705883 0.6705883 0.6705883 0.682353 0.682353 0.682353 0.6666667 0.6666667 0.6666667 0.6705883 0.6705883 0.6705883 0.682353 0.682353 0.682353 0.682353 0.682353 0.682353 0.6862745 0.6862745 0.6862745 0.682353 0.682353 0.682353 0.6705883 0.6705883 0.6705883 0.6862745 0.6862745 0.6862745 0.6862745 0.6862745 0.6862745 0.682353 0.682353 0.682353 0.6941177 0.6941177 0.6941177 0.6862745 0.6862745 0.6862745 0.6862745 0.6862745 0.6862745 0.6941177 0.6941177 0.6941177 0.6980392 0.6980392 0.6980392 0.6862745 0.6862745 0.6862745 0.7098039 0.7098039 0.7098039 0.6980392 0.6980392 0.6980392 0.6941177 0.6941177 0.6941177 0.5686275 0.5686275 0.5686275 0.5647059 0.5647059 0.5647059 0.5725491 0.5725491 0.5725491 0.5686275 0.5686275 0.5686275 0.5607843 0.5607843 0.5607843 0.5647059 0.5647059 0.5647059 0.5960785 0.5960785 0.5960785 0.5607843 0.5607843 0.5607843 0.5686275 0.5686275 0.5686275 0.5960785 0.5960785 0.5960785 0.6039216 0.6039216 0.6039216 0.5607843 0.5607843 0.5607843 0.6156863 0.6156863 0.6156863 0.6039216 0.6039216 0.6039216 0.5960785 0.5960785 0.5960785 0.6156863 0.6156863 0.6156863 0.6078432 0.6078432 0.6078432 0.6039216 0.6039216 0.6039216 0.627451 0.627451 0.627451 0.6078432 0.6078432 0.6078432 0.6156863 0.6156863 0.6156863 0.6627451 0.6627451 0.6627451 0.6588236 0.6588236 0.6588236 0.5607843 0.5607843 0.5607843 0.6627451 0.6627451 0.6627451 0.6745098 0.6745098 0.6745098 0.6588236 0.6588236 0.6588236 0.5764706 0.5764706 0.5764706 0.6745098 0.6745098 0.6745098 0.6627451 0.6627451 0.6627451 0.5764706 0.5764706 0.5764706 0.5254902 0.5254902 0.5254902 0.6745098 0.6745098 0.6745098 0.5686275 0.5686275 0.5686275 0.5254902 0.5254902 0.5254902 0.5764706 0.5764706 0.5764706 0.5686275 0.5686275 0.5686275 0.5058824 0.5058824 0.5058824 0.5254902 0.5254902 0.5254902 0.5568628 0.5568628 0.5568628 0.5058824 0.5058824 0.5058824 0.5686275 0.5686275 0.5686275 0.7294118 0.7294118 0.7294118 0.5019608 0.5019608 0.5019608 0.7019608 0.7019608 0.7019608 0.7294118 0.7294118 0.7294118 0.4980392 0.4980392 0.4980392 0.5019608 0.5019608 0.5019608 0.5019608 0.5019608 0.5019608 0.4980392 0.4980392 0.4980392 0.7294118 0.7294118 0.7294118 0.5019608 0.5019608 0.5019608 0.4823529 0.4823529 0.4823529 0.4980392 0.4980392 0.4980392 0.509804 0.509804 0.509804 0.4823529 0.4823529 0.4823529 0.5019608 0.5019608 0.5019608 0.509804 0.509804 0.509804 0.509804 0.509804 0.509804 0.4823529 0.4823529 0.4823529 0.5372549 0.5372549 0.5372549 0.509804 0.509804 0.509804 0.509804 0.509804 0.509804 0.6313726 0.6313726 0.6313726 0.6470589 0.6470589 0.6470589 0.6470589 0.6470589 0.6470589 0.6313726 0.6313726 0.6313726 0.6117647 0.6117647 0.6117647 0.6470589 0.6470589 0.6470589 0.6039216 0.6039216 0.6039216 0.6117647 0.6117647 0.6117647 0.6313726 0.6313726 0.6313726 0.6039216 0.6039216 0.6039216 0.5843138 0.5843138 0.5843138 0.6117647 0.6117647 0.6117647 0.5882353 0.5882353 0.5882353 0.5843138 0.5843138 0.5843138 0.6039216 0.6039216 0.6039216 0.5882353 0.5882353 0.5882353 0.5764706 0.5764706 0.5764706 0.5843138 0.5843138 0.5843138 0.7686275 0.7686275 0.7686275 0.6392157 0.6392157 0.6392157 0.6509804 0.6509804 0.6509804 0.7686275 0.7686275 0.7686275 0.7647059 0.7647059 0.7647059 0.6392157 0.6392157 0.6392157 0.7607843 0.7607843 0.7607843 0.7647059 0.7647059 0.7647059 0.7686275 0.7686275 0.7686275 0.7607843 0.7607843 0.7607843 0.7568628 0.7568628 0.7568628 0.7647059 0.7647059 0.7647059 0.7490196 0.7490196 0.7490196 0.7568628 0.7568628 0.7568628 0.7607843 0.7607843 0.7607843 0.7490196 0.7490196 0.7490196 0.7098039 0.7098039 0.7098039 0.7568628 0.7568628 0.7568628 0.4980392 0.4980392 0.4980392 0.4823529 0.4823529 0.4823529 0.4941176 0.4941176 0.4941176 0.4980392 0.4980392 0.4980392 0.4823529 0.4823529 0.4823529 0.4823529 0.4823529 0.4823529 0.4901961 0.4901961 0.4901961 0.4823529 0.4823529 0.4823529 0.4980392 0.4980392 0.4980392 0.4901961 0.4901961 0.4901961 0.4784314 0.4784314 0.4784314 0.4823529 0.4823529 0.4823529 0.4784314 0.4784314 0.4784314 0.4784314 0.4784314 0.4784314 0.4901961 0.4901961 0.4901961 0.4784314 0.4784314 0.4784314 0.4823529 0.4823529 0.4823529 0.4784314 0.4784314 0.4784314 0.5843138 0.5843138 0.5843138 0.6156863 0.6156863 0.6156863 0.6156863 0.6156863 0.6156863 0.5843138 0.5843138 0.5843138 0.627451 0.627451 0.627451 0.6156863 0.6156863 0.6156863 0.6392157 0.6392157 0.6392157 0.627451 0.627451 0.627451 0.5843138 0.5843138 0.5843138 0.6392157 0.6392157 0.6392157 0.627451 0.627451 0.627451 0.627451 0.627451 0.627451 0.6313726 0.6313726 0.6313726 0.627451 0.627451 0.627451 0.6392157 0.6392157 0.6392157 0.6313726 0.6313726 0.6313726 0.654902 0.654902 0.654902 0.627451 0.627451 0.627451 0.882353 0.882353 0.882353 0.8470588 0.8470588 0.8470588 0.8431373 0.8431373 0.8431373 0.882353 0.882353 0.882353 0.8039216 0.8039216 0.8039216 0.8470588 0.8470588 0.8470588 0.8 0.8 0.8 0.8039216 0.8039216 0.8039216 0.882353 0.882353 0.882353 0.8 0.8 0.8 0.8196079 0.8196079 0.8196079 0.8039216 0.8039216 0.8039216 0.7450981 0.7450981 0.7450981 0.8196079 0.8196079 0.8196079 0.8 0.8 0.8 0.7450981 0.7450981 0.7450981 0.8196079 0.8196079 0.8196079 0.8196079 0.8196079 0.8196079 0.4941176 0.4941176 0.4941176 0.4784314 0.4784314 0.4784314 0.4823529 0.4823529 0.4823529 0.4941176 0.4941176 0.4941176 0.4823529 0.4823529 0.4823529 0.4784314 0.4784314 0.4784314 0.4941176 0.4941176 0.4941176 0.4823529 0.4823529 0.4823529 0.4941176 0.4941176 0.4941176 0.4941176 0.4941176 0.4941176 0.4862745 0.4862745 0.4862745 0.4823529 0.4823529 0.4823529 0.4901961 0.4901961 0.4901961 0.4862745 0.4862745 0.4862745 0.4941176 0.4941176 0.4941176 0.4901961 0.4901961 0.4901961 0.4941176 0.4941176 0.4941176 0.4862745 0.4862745 0.4862745 0.6941177 0.6941177 0.6941177 0.6941177 0.6941177 0.6941177 0.6941177 0.6941177 0.6941177 0.6941177 0.6941177 0.6941177 0.7019608 0.7019608 0.7019608 0.6941177 0.6941177 0.6941177 0.7137255 0.7137255 0.7137255 0.7019608 0.7019608 0.7019608 0.6941177 0.6941177 0.6941177 0.7137255 0.7137255 0.7137255 0.7019608 0.7019608 0.7019608 0.7019608 0.7019608 0.7019608 0.7137255 0.7137255 0.7137255 0.7019608 0.7019608 0.7019608 0.7137255 0.7137255 0.7137255 0.7137255 0.7137255 0.7137255 0.7254902 0.7254902 0.7254902 0.7019608 0.7019608 0.7019608 0.4941176 0.4941176 0.4941176 0.4941176 0.4941176 0.4941176 0.4901961 0.4901961 0.4901961 0.4941176 0.4941176 0.4941176 0.5019608 0.5019608 0.5019608 0.4941176 0.4941176 0.4941176 0.4901961 0.4901961 0.4901961 0.5019608 0.5019608 0.5019608 0.4941176 0.4941176 0.4941176 0.4901961 0.4901961 0.4901961 0.4980392 0.4980392 0.4980392 0.5019608 0.5019608 0.5019608 0.4901961 0.4901961 0.4901961 0.4980392 0.4980392 0.4980392 0.4901961 0.4901961 0.4901961 0.4901961 0.4901961 0.4901961 0.4862745 0.4862745 0.4862745 0.4980392 0.4980392 0.4980392 0.6666667 0.6666667 0.6666667 0.7215687 0.7215687 0.7215687 0.7372549 0.7372549 0.7372549 0.6666667 0.6666667 0.6666667 0.6588236 0.6588236 0.6588236 0.7215687 0.7215687 0.7215687 0.627451 0.627451 0.627451 0.6588236 0.6588236 0.6588236 0.6666667 0.6666667 0.6666667 0.627451 0.627451 0.627451 0.6627451 0.6627451 0.6627451 0.6588236 0.6588236 0.6588236 0.6313726 0.6313726 0.6313726 0.6627451 0.6627451 0.6627451 0.627451 0.627451 0.627451 0.6313726 0.6313726 0.6313726 0.6196079 0.6196079 0.6196079 0.6627451 0.6627451 0.6627451 0.4784314 0.4784314 0.4784314 0.4901961 0.4901961 0.4901961 0.4901961 0.4901961 0.4901961 0.4784314 0.4784314 0.4784314 0.4862745 0.4862745 0.4862745 0.4901961 0.4901961 0.4901961 0.4784314 0.4784314 0.4784314 0.4862745 0.4862745 0.4862745 0.4784314 0.4784314 0.4784314 0.4784314 0.4784314 0.4784314 0.5058824 0.5058824 0.5058824 0.4862745 0.4862745 0.4862745 0.4784314 0.4784314 0.4784314 0.5058824 0.5058824 0.5058824 0.4784314 0.4784314 0.4784314 0.4784314 0.4784314 0.4784314 0.4823529 0.4823529 0.4823529 0.5058824 0.5058824 0.5058824 0.9529412 0.9529412 0.9529412 0.9411765 0.9411765 0.9411765 0.9450981 0.9450981 0.9450981 0.9529412 0.9529412 0.9529412 0.9607843 0.9607843 0.9607843 0.9411765 0.9411765 0.9411765 0.9764706 0.9764706 0.9764706 0.9607843 0.9607843 0.9607843 0.9529412 0.9529412 0.9529412 0.9764706 0.9764706 0.9764706 0.9647059 0.9647059 0.9647059 0.9607843 0.9607843 0.9607843 0.9647059 0.9647059 0.9647059 0.9647059 0.9647059 0.9647059 0.9764706 0.9764706 0.9764706 0.9647059 0.9647059 0.9647059 0.9450981 0.9450981 0.9450981 0.9647059 0.9647059 0.9647059 0.4862745 0.4862745 0.4862745 0.4784314 0.4784314 0.4784314 0.4784314 0.4784314 0.4784314 0.4862745 0.4862745 0.4862745 0.4784314 0.4784314 0.4784314 0.4784314 0.4784314 0.4784314 0.4823529 0.4823529 0.4823529 0.4784314 0.4784314 0.4784314 0.4862745 0.4862745 0.4862745 0.4823529 0.4823529 0.4823529 0.4862745 0.4862745 0.4862745 0.4784314 0.4784314 0.4784314 0.4823529 0.4823529 0.4823529 0.4862745 0.4862745 0.4862745 0.4823529 0.4823529 0.4823529 0.4823529 0.4823529 0.4823529 0.4745098 0.4745098 0.4745098 0.4862745 0.4862745 0.4862745 0.7490196 0.7490196 0.7490196 0.7921569 0.7921569 0.7921569 0.7607843 0.7607843 0.7607843 0.7490196 0.7490196 0.7490196 0.7686275 0.7686275 0.7686275 0.7921569 0.7921569 0.7921569 0.7215687 0.7215687 0.7215687 0.7686275 0.7686275 0.7686275 0.7490196 0.7490196 0.7490196 0.7215687 0.7215687 0.7215687 0.8078432 0.8078432 0.8078432 0.7686275 0.7686275 0.7686275 0.7294118 0.7294118 0.7294118 0.8078432 0.8078432 0.8078432 0.7215687 0.7215687 0.7215687 0.7294118 0.7294118 0.7294118 0.7333334 0.7333334 0.7333334 0.8078432 0.8078432 0.8078432 0.4980392 0.4980392 0.4980392 0.5215687 0.5215687 0.5215687 0.4941176 0.4941176 0.4941176 0.4980392 0.4980392 0.4980392 0.5490196 0.5490196 0.5490196 0.5215687 0.5215687 0.5215687 0.5058824 0.5058824 0.5058824 0.5490196 0.5490196 0.5490196 0.4980392 0.4980392 0.4980392 0.5058824 0.5058824 0.5058824 0.5490196 0.5490196 0.5490196 0.5490196 0.5490196 0.5490196 0.5019608 0.5019608 0.5019608 0.5490196 0.5490196 0.5490196 0.5058824 0.5058824 0.5058824 0.5019608 0.5019608 0.5019608 0.4980392 0.4980392 0.4980392 0.5490196 0.5490196 0.5490196 0.8352941 0.8352941 0.8352941 0.8352941 0.8352941 0.8352941 0.8509804 0.8509804 0.8509804 0.8352941 0.8352941 0.8352941 0.7686275 0.7686275 0.7686275 0.8352941 0.8352941 0.8352941 0.8039216 0.8039216 0.8039216 0.7686275 0.7686275 0.7686275 0.8352941 0.8352941 0.8352941 0.8039216 0.8039216 0.8039216 0.8039216 0.8039216 0.8039216 0.7686275 0.7686275 0.7686275 0.9529412 0.9529412 0.9529412 0.8039216 0.8039216 0.8039216 0.8039216 0.8039216 0.8039216 0.9529412 0.9529412 0.9529412 0.9764706 0.9764706 0.9764706 0.8039216 0.8039216 0.8039216 0.5294118 0.5294118 0.5294118 0.509804 0.509804 0.509804 0.5333334 0.5333334 0.5333334 0.5294118 0.5294118 0.5294118 0.5176471 0.5176471 0.5176471 0.509804 0.509804 0.509804 0.5137255 0.5137255 0.5137255 0.5176471 0.5176471 0.5176471 0.5294118 0.5294118 0.5294118 0.5137255 0.5137255 0.5137255 0.4901961 0.4901961 0.4901961 0.5176471 0.5176471 0.5176471 0.509804 0.509804 0.509804 0.4901961 0.4901961 0.4901961 0.5137255 0.5137255 0.5137255 0.4823529 0.4823529 0.4823529 0.509804 0.509804 0.509804 0.4823529 0.4823529 0.4823529 0.4823529 0.4823529 0.4823529 0.4980392 0.4980392 0.4980392 0.509804 0.509804 0.509804 0.5137255 0.5137255 0.5137255 0.4980392 0.4980392 0.4980392 0.4823529 0.4823529 0.4823529 0.5137255 0.5137255 0.5137255 0.4980392 0.4980392 0.4980392 0.4980392 0.4980392 0.4980392 0.5019608 0.5019608 0.5019608 0.4980392 0.4980392 0.4980392 0.5137255 0.5137255 0.5137255 0.7294118 0.7294118 0.7294118 0.627451 0.627451 0.627451 0.682353 0.682353 0.682353 0.7294118 0.7294118 0.7294118 0.654902 0.654902 0.654902 0.627451 0.627451 0.627451 0.6705883 0.6705883 0.6705883 0.654902 0.654902 0.654902 0.7294118 0.7294118 0.7294118 0.6705883 0.6705883 0.6705883 0.6588236 0.6588236 0.6588236 0.654902 0.654902 0.654902 0.6784314 0.6784314 0.6784314 0.6588236 0.6588236 0.6588236 0.6705883 0.6705883 0.6705883 0.8588235 0.8588235 0.8588235 0.9450981 0.9450981 0.9450981 0.9176471 0.9176471 0.9176471 0.8588235 0.8588235 0.8588235 0.9215686 0.9215686 0.9215686 0.9450981 0.9450981 0.9450981 0.8431373 0.8431373 0.8431373 0.9215686 0.9215686 0.9215686 0.8588235 0.8588235 0.8588235 0.8431373 0.8431373 0.8431373 0.9568628 0.9568628 0.9568628 0.9215686 0.9215686 0.9215686 0.972549 0.972549 0.972549 0.9568628 0.9568628 0.9568628 0.8431373 0.8431373 0.8431373 0.509804 0.509804 0.509804 0.4941176 0.4941176 0.4941176 0.5137255 0.5137255 0.5137255 0.509804 0.509804 0.509804 0.5058824 0.5058824 0.5058824 0.4941176 0.4941176 0.4941176 0.5333334 0.5333334 0.5333334 0.5058824 0.5058824 0.5058824 0.509804 0.509804 0.509804 0.5333334 0.5333334 0.5333334 0.4862745 0.4862745 0.4862745 0.5058824 0.5058824 0.5058824 0.4823529 0.4823529 0.4823529 0.4862745 0.4862745 0.4862745 0.5333334 0.5333334 0.5333334 0.4823529 0.4823529 0.4823529 0.4862745 0.4862745 0.4862745 0.4901961 0.4901961 0.4901961 0.4823529 0.4823529 0.4823529 0.4862745 0.4862745 0.4862745 0.4862745 0.4862745 0.4862745 0.4862745 0.4862745 0.4862745 0.4862745 0.4862745 0.4862745 0.4823529 0.4823529 0.4823529 0.4862745 0.4862745 0.4862745 0.4862745 0.4862745 0.4862745 0.4862745 0.4862745 0.4862745 0.4862745 0.4862745 0.4862745 0.4862745 0.4862745 0.4862745 0.4862745 0.4862745 0.4862745 0.5137255 0.5137255 0.5137255 0.4980392 0.4980392 0.4980392 0.4901961 0.4901961 0.4901961 0.5137255 0.5137255 0.5137255 0.4980392 0.4980392 0.4980392 0.4980392 0.4980392 0.4980392 0.5372549 0.5372549 0.5372549 0.4980392 0.4980392 0.4980392 0.5137255 0.5137255 0.5137255 0.5372549 0.5372549 0.5372549 0.509804 0.509804 0.509804 0.4980392 0.4980392 0.4980392 0.5215687 0.5215687 0.5215687 0.509804 0.509804 0.509804 0.5372549 0.5372549 0.5372549 0.7647059 0.7647059 0.7647059 0.7803922 0.7803922 0.7803922 0.7921569 0.7921569 0.7921569 0.7647059 0.7647059 0.7647059 0.7843137 0.7843137 0.7843137 0.7803922 0.7803922 0.7803922 0.6980392 0.6980392 0.6980392 0.7843137 0.7843137 0.7843137 0.7647059 0.7647059 0.7647059 0.6980392 0.6980392 0.6980392 0.7254902 0.7254902 0.7254902 0.7843137 0.7843137 0.7843137 0.6980392 0.6980392 0.6980392 0.7254902 0.7254902 0.7254902 0.6980392 0.6980392 0.6980392 0.5921569 0.5921569 0.5921569 0.8705883 0.8705883 0.8705883 0.6352941 0.6352941 0.6352941 0.5921569 0.5921569 0.5921569 0.7333334 0.7333334 0.7333334 0.8705883 0.8705883 0.8705883 0.627451 0.627451 0.627451 0.7333334 0.7333334 0.7333334 0.5921569 0.5921569 0.5921569 0.627451 0.627451 0.627451 0.9764706 0.9764706 0.9764706 0.7333334 0.7333334 0.7333334 0.8666667 0.8666667 0.8666667 0.9764706 0.9764706 0.9764706 0.627451 0.627451 0.627451 0.7098039 0.7098039 0.7098039 0.7098039 0.7098039 0.7098039 0.7176471 0.7176471 0.7176471 0.7098039 0.7098039 0.7098039 0.6980392 0.6980392 0.6980392 0.7098039 0.7098039 0.7098039 0.7058824 0.7058824 0.7058824 0.6980392 0.6980392 0.6980392 0.7098039 0.7098039 0.7098039 0.7058824 0.7058824 0.7058824 0.7098039 0.7098039 0.7098039 0.6980392 0.6980392 0.6980392 0.682353 0.682353 0.682353 0.7098039 0.7098039 0.7098039 0.7058824 0.7058824 0.7058824 0.6235294 0.6235294 0.6235294 0.5333334 0.5333334 0.5333334 0.6196079 0.6196079 0.6196079 0.6235294 0.6235294 0.6235294 0.5529412 0.5529412 0.5529412 0.5333334 0.5333334 0.5333334 0.5607843 0.5607843 0.5607843 0.5529412 0.5529412 0.5529412 0.6235294 0.6235294 0.6235294 0.5607843 0.5607843 0.5607843 0.5411765 0.5411765 0.5411765 0.5529412 0.5529412 0.5529412 0.5176471 0.5176471 0.5176471 0.5411765 0.5411765 0.5411765 0.5607843 0.5607843 0.5607843 0.5607843 0.5607843 0.5607843 0.5764706 0.5764706 0.5764706 0.6627451 0.6627451 0.6627451 0.5607843 0.5607843 0.5607843 0.5843138 0.5843138 0.5843138 0.5764706 0.5764706 0.5764706 0.5215687 0.5215687 0.5215687 0.5843138 0.5843138 0.5843138 0.5607843 0.5607843 0.5607843 0.5215687 0.5215687 0.5215687 0.5490196 0.5490196 0.5490196 0.5843138 0.5843138 0.5843138 0.5490196 0.5490196 0.5490196 0.5490196 0.5490196 0.5490196 0.5215687 0.5215687 0.5215687 0.5921569 0.5921569 0.5921569 0.5725491 0.5725491 0.5725491 0.5882353 0.5882353 0.5882353 0.5921569 0.5921569 0.5921569 0.5882353 0.5882353 0.5882353 0.5725491 0.5725491 0.5725491 0.5882353 0.5882353 0.5882353 0.5882353 0.5882353 0.5882353 0.5921569 0.5921569 0.5921569 0.5882353 0.5882353 0.5882353 0.5882353 0.5882353 0.5882353 0.5882353 0.5882353 0.5882353 0.5843138 0.5843138 0.5843138 0.5882353 0.5882353 0.5882353 0.5882353 0.5882353 0.5882353 0.4941176 0.4941176 0.4941176 0.5176471 0.5176471 0.5176471 0.5686275 0.5686275 0.5686275 0.4941176 0.4941176 0.4941176 0.4784314 0.4784314 0.4784314 0.5176471 0.5176471 0.5176471 0.5254902 0.5254902 0.5254902 0.4784314 0.4784314 0.4784314 0.4941176 0.4941176 0.4941176 0.5254902 0.5254902 0.5254902 0.4901961 0.4901961 0.4901961 0.4784314 0.4784314 0.4784314 0.5411765 0.5411765 0.5411765 0.4901961 0.4901961 0.4901961 0.5254902 0.5254902 0.5254902 0.6117647 0.6117647 0.6117647 0.6431373 0.6431373 0.6431373 0.6509804 0.6509804 0.6509804 0.6117647 0.6117647 0.6117647 0.627451 0.627451 0.627451 0.6431373 0.6431373 0.6431373 0.6196079 0.6196079 0.6196079 0.627451 0.627451 0.627451 0.6117647 0.6117647 0.6117647 0.6196079 0.6196079 0.6196079 0.6117647 0.6117647 0.6117647 0.627451 0.627451 0.627451 0.5882353 0.5882353 0.5882353 0.6117647 0.6117647 0.6117647 0.6196079 0.6196079 0.6196079 0.6117647 0.6117647 0.6117647 0.682353 0.682353 0.682353 0.8431373 0.8431373 0.8431373 0.6117647 0.6117647 0.6117647 0.5960785 0.5960785 0.5960785 0.682353 0.682353 0.682353 0.6196079 0.6196079 0.6196079 0.5960785 0.5960785 0.5960785 0.6117647 0.6117647 0.6117647 0.6196079 0.6196079 0.6196079 0.6941177 0.6941177 0.6941177 0.5960785 0.5960785 0.5960785 0.7647059 0.7647059 0.7647059 0.6941177 0.6941177 0.6941177 0.6196079 0.6196079 0.6196079 0.5215687 0.5215687 0.5215687 0.5921569 0.5921569 0.5921569 0.5019608 0.5019608 0.5019608 0.5215687 0.5215687 0.5215687 0.6313726 0.6313726 0.6313726 0.5921569 0.5921569 0.5921569 0.654902 0.654902 0.654902 0.6313726 0.6313726 0.6313726 0.5215687 0.5215687 0.5215687 0.654902 0.654902 0.654902 0.7058824 0.7058824 0.7058824 0.6313726 0.6313726 0.6313726 0.7058824 0.7058824 0.7058824 0.7058824 0.7058824 0.7058824 0.654902 0.654902 0.654902 0.5411765 0.5411765 0.5411765 0.509804 0.509804 0.509804 0.5372549 0.5372549 0.5372549 0.5411765 0.5411765 0.5411765 0.5411765 0.5411765 0.5411765 0.509804 0.509804 0.509804 0.5294118 0.5294118 0.5294118 0.5411765 0.5411765 0.5411765 0.5411765 0.5411765 0.5411765 0.5294118 0.5294118 0.5294118 0.5058824 0.5058824 0.5058824 0.5411765 0.5411765 0.5411765 0.5137255 0.5137255 0.5137255 0.5058824 0.5058824 0.5058824 0.5294118 0.5294118 0.5294118 0.6509804 0.6509804 0.6509804 0.6666667 0.6666667 0.6666667 0.6313726 0.6313726 0.6313726 0.6509804 0.6509804 0.6509804 0.6901961 0.6901961 0.6901961 0.6666667 0.6666667 0.6666667 0.7294118 0.7294118 0.7294118 0.6901961 0.6901961 0.6901961 0.6509804 0.6509804 0.6509804 0.7294118 0.7294118 0.7294118 0.6705883 0.6705883 0.6705883 0.6901961 0.6901961 0.6901961 0.6784314 0.6784314 0.6784314 0.6705883 0.6705883 0.6705883 0.7294118 0.7294118 0.7294118 0.5686275 0.5686275 0.5686275 0.5490196 0.5490196 0.5490196 0.5490196 0.5490196 0.5490196 0.5686275 0.5686275 0.5686275 0.5686275 0.5686275 0.5686275 0.5490196 0.5490196 0.5490196 0.5843138 0.5843138 0.5843138 0.5686275 0.5686275 0.5686275 0.5686275 0.5686275 0.5686275 0.5843138 0.5843138 0.5843138 0.5647059 0.5647059 0.5647059 0.5686275 0.5686275 0.5686275 0.5882353 0.5882353 0.5882353 0.5647059 0.5647059 0.5647059 0.5843138 0.5843138 0.5843138 0.7294118 0.7294118 0.7294118 0.6313726 0.6313726 0.6313726 0.6313726 0.6313726 0.6313726 0.7294118 0.7294118 0.7294118 0.6784314 0.6784314 0.6784314 0.6313726 0.6313726 0.6313726 0.7294118 0.7294118 0.7294118 0.6784314 0.6784314 0.6784314 0.7294118 0.7294118 0.7294118 0.7294118 0.7294118 0.7294118 0.6784314 0.6784314 0.6784314 0.6784314 0.6784314 0.6784314 0.7215687 0.7215687 0.7215687 0.6784314 0.6784314 0.6784314 0.7294118 0.7294118 0.7294118 0.5372549 0.5372549 0.5372549 0.509804 0.509804 0.509804 0.5215687 0.5215687 0.5215687 0.5372549 0.5372549 0.5372549 0.509804 0.509804 0.509804 0.509804 0.509804 0.509804 0.5019608 0.5019608 0.5019608 0.509804 0.509804 0.509804 0.5372549 0.5372549 0.5372549 0.5019608 0.5019608 0.5019608 0.5176471 0.5176471 0.5176471 0.509804 0.509804 0.509804 0.5058824 0.5058824 0.5058824 0.5176471 0.5176471 0.5176471 0.5019608 0.5019608 0.5019608 0.8235294 0.8235294 0.8235294 0.854902 0.854902 0.854902 0.8705883 0.8705883 0.8705883 0.8235294 0.8235294 0.8235294 0.7843137 0.7843137 0.7843137 0.854902 0.854902 0.854902 0.7450981 0.7450981 0.7450981 0.7843137 0.7843137 0.7843137 0.8235294 0.8235294 0.8235294 0.7450981 0.7450981 0.7450981 0.882353 0.882353 0.882353 0.7843137 0.7843137 0.7843137 0.9058824 0.9058824 0.9058824 0.882353 0.882353 0.882353 0.7450981 0.7450981 0.7450981 0.5686275 0.5686275 0.5686275 0.5568628 0.5568628 0.5568628 0.5647059 0.5647059 0.5647059 0.5686275 0.5686275 0.5686275 0.5647059 0.5647059 0.5647059 0.5568628 0.5568628 0.5568628 0.5725491 0.5725491 0.5725491 0.5647059 0.5647059 0.5647059 0.5686275 0.5686275 0.5686275 0.5725491 0.5725491 0.5725491 0.5411765 0.5411765 0.5411765 0.5647059 0.5647059 0.5647059 0.5411765 0.5411765 0.5411765 0.5411765 0.5411765 0.5411765 0.5725491 0.5725491 0.5725491 0.9254902 0.9254902 0.9254902 0.8156863 0.8156863 0.8156863 0.8196079 0.8196079 0.8196079 0.9254902 0.9254902 0.9254902 0.8941177 0.8941177 0.8941177 0.8156863 0.8156863 0.8156863 0.9294118 0.9294118 0.9294118 0.8941177 0.8941177 0.8941177 0.9254902 0.9254902 0.9254902 0.9294118 0.9294118 0.9294118 0.8039216 0.8039216 0.8039216 0.8941177 0.8941177 0.8941177 0.9529412 0.9529412 0.9529412 0.8039216 0.8039216 0.8039216 0.9294118 0.9294118 0.9294118 0.7411765 0.7411765 0.7411765 0.8196079 0.8196079 0.8196079 0.7450981 0.7450981 0.7450981 0.7411765 0.7411765 0.7411765 0.7843137 0.7843137 0.7843137 0.8196079 0.8196079 0.8196079 0.7529412 0.7529412 0.7529412 0.7843137 0.7843137 0.7843137 0.7411765 0.7411765 0.7411765 0.7529412 0.7529412 0.7529412 0.8313726 0.8313726 0.8313726 0.7843137 0.7843137 0.7843137 0.7764706 0.7764706 0.7764706 0.8313726 0.8313726 0.8313726 0.7529412 0.7529412 0.7529412 0.4823529 0.4823529 0.4823529 0.4784314 0.4784314 0.4784314 0.4823529 0.4823529 0.4823529 0.4823529 0.4823529 0.4823529 0.4823529 0.4823529 0.4823529 0.4784314 0.4784314 0.4784314 0.4745098 0.4745098 0.4745098 0.4823529 0.4823529 0.4823529 0.4823529 0.4823529 0.4823529 0.4745098 0.4745098 0.4745098 0.4901961 0.4901961 0.4901961 0.4823529 0.4823529 0.4823529 0.4745098 0.4745098 0.4745098 0.4901961 0.4901961 0.4901961 0.4745098 0.4745098 0.4745098 0.8705883 0.8705883 0.8705883 0.854902 0.854902 0.854902 0.8745098 0.8745098 0.8745098 0.8705883 0.8705883 0.8705883 0.8705883 0.8705883 0.8705883 0.854902 0.854902 0.854902 0.8 0.8 0.8 0.8705883 0.8705883 0.8705883 0.8705883 0.8705883 0.8705883 0.8 0.8 0.8 0.8235294 0.8235294 0.8235294 0.8705883 0.8705883 0.8705883 0.827451 0.827451 0.827451 0.8235294 0.8235294 0.8235294 0.8 0.8 0.8 0.4941176 0.4941176 0.4941176 0.5137255 0.5137255 0.5137255 0.5058824 0.5058824 0.5058824 0.4941176 0.4941176 0.4941176 0.509804 0.509804 0.509804 0.5137255 0.5137255 0.5137255 0.509804 0.509804 0.509804 0.509804 0.509804 0.509804 0.4941176 0.4941176 0.4941176 0.509804 0.509804 0.509804 0.5176471 0.5176471 0.5176471 0.509804 0.509804 0.509804 0.5176471 0.5176471 0.5176471 0.5176471 0.5176471 0.5176471 0.509804 0.509804 0.509804 0.6862745 0.6862745 0.6862745 0.6745098 0.6745098 0.6745098 0.6509804 0.6509804 0.6509804 0.6862745 0.6862745 0.6862745 0.7058824 0.7058824 0.7058824 0.6745098 0.6745098 0.6745098 0.6705883 0.6705883 0.6705883 0.7058824 0.7058824 0.7058824 0.6862745 0.6862745 0.6862745 0.6705883 0.6705883 0.6705883 0.6901961 0.6901961 0.6901961 0.7058824 0.7058824 0.7058824 0.6862745 0.6862745 0.6862745 0.6901961 0.6901961 0.6901961 0.6705883 0.6705883 0.6705883 0.9254902 0.9254902 0.9254902 0.9529412 0.9529412 0.9529412 0.9450981 0.9450981 0.9450981 0.9254902 0.9254902 0.9254902 0.9372549 0.9372549 0.9372549 0.9529412 0.9529412 0.9529412 0.9607843 0.9607843 0.9607843 0.9372549 0.9372549 0.9372549 0.9254902 0.9254902 0.9254902 0.9607843 0.9607843 0.9607843 0.9529412 0.9529412 0.9529412 0.9372549 0.9372549 0.9372549 0.9686275 0.9686275 0.9686275 0.9529412 0.9529412 0.9529412 0.9607843 0.9607843 0.9607843 0.4901961 0.4901961 0.4901961 0.4784314 0.4784314 0.4784314 0.4784314 0.4784314 0.4784314 0.4901961 0.4901961 0.4901961 0.4862745 0.4862745 0.4862745 0.4784314 0.4784314 0.4784314 0.5137255 0.5137255 0.5137255 0.4862745 0.4862745 0.4862745 0.4901961 0.4901961 0.4901961 0.5137255 0.5137255 0.5137255 0.4745098 0.4745098 0.4745098 0.4862745 0.4862745 0.4862745 0.5529412 0.5529412 0.5529412 0.4745098 0.4745098 0.4745098 0.5137255 0.5137255 0.5137255 0.5019608 0.5019608 0.5019608 0.5058824 0.5058824 0.5058824 0.5058824 0.5058824 0.5058824 0.5019608 0.5019608 0.5019608 0.509804 0.509804 0.509804 0.5058824 0.5058824 0.5058824 0.509804 0.509804 0.509804 0.509804 0.509804 0.509804 0.5019608 0.5019608 0.5019608 0.509804 0.509804 0.509804 0.5215687 0.5215687 0.5215687 0.509804 0.509804 0.509804 0.5294118 0.5294118 0.5294118 0.5215687 0.5215687 0.5215687 0.509804 0.509804 0.509804 0.7333334 0.7333334 0.7333334 0.6627451 0.6627451 0.6627451 0.6745098 0.6745098 0.6745098 0.7333334 0.7333334 0.7333334 0.7019608 0.7019608 0.7019608 0.6627451 0.6627451 0.6627451 0.7098039 0.7098039 0.7098039 0.7019608 0.7019608 0.7019608 0.7333334 0.7333334 0.7333334 0.7098039 0.7098039 0.7098039 0.6627451 0.6627451 0.6627451 0.7019608 0.7019608 0.7019608 0.6588236 0.6588236 0.6588236 0.6627451 0.6627451 0.6627451 0.7098039 0.7098039 0.7098039 0.7137255 0.7137255 0.7137255 0.6941177 0.6941177 0.6941177 0.7098039 0.7098039 0.7098039 0.7137255 0.7137255 0.7137255 0.7333334 0.7333334 0.7333334 0.6941177 0.6941177 0.6941177 0.7137255 0.7137255 0.7137255 0.7333334 0.7333334 0.7333334 0.7137255 0.7137255 0.7137255 0.7137255 0.7137255 0.7137255 0.7372549 0.7372549 0.7372549 0.7333334 0.7333334 0.7333334 0.6980392 0.6980392 0.6980392 0.7372549 0.7372549 0.7372549 0.7137255 0.7137255 0.7137255 0.7294118 0.7294118 0.7294118 0.654902 0.654902 0.654902 0.6784314 0.6784314 0.6784314 0.7294118 0.7294118 0.7294118 0.7372549 0.7372549 0.7372549 0.654902 0.654902 0.654902 0.7372549 0.7372549 0.7372549 0.7372549 0.7372549 0.7372549 0.7294118 0.7294118 0.7294118 0.7372549 0.7372549 0.7372549 0.7098039 0.7098039 0.7098039 0.7372549 0.7372549 0.7372549 0.7529412 0.7529412 0.7529412 0.7098039 0.7098039 0.7098039 0.7372549 0.7372549 0.7372549 0.6313726 0.6313726 0.6313726 0.6705883 0.6705883 0.6705883 0.6705883 0.6705883 0.6705883 0.6313726 0.6313726 0.6313726 0.6392157 0.6392157 0.6392157 0.6705883 0.6705883 0.6705883 0.6039216 0.6039216 0.6039216 0.6392157 0.6392157 0.6392157 0.6313726 0.6313726 0.6313726 0.6039216 0.6039216 0.6039216 0.6588236 0.6588236 0.6588236 0.6392157 0.6392157 0.6392157 0.6392157 0.6392157 0.6392157 0.6588236 0.6588236 0.6588236 0.6039216 0.6039216 0.6039216 0.5803922 0.5803922 0.5803922 0.6 0.6 0.6 0.6078432 0.6078432 0.6078432 0.5803922 0.5803922 0.5803922 0.5803922 0.5803922 0.5803922 0.6 0.6 0.6 0.5764706 0.5764706 0.5764706 0.5803922 0.5803922 0.5803922 0.5803922 0.5803922 0.5803922 0.5764706 0.5764706 0.5764706 0.5725491 0.5725491 0.5725491 0.5803922 0.5803922 0.5803922 0.5803922 0.5803922 0.5803922 0.5725491 0.5725491 0.5725491 0.5764706 0.5764706 0.5764706 0.4745098 0.4745098 0.4745098 0.4941176 0.4941176 0.4941176 0.4823529 0.4823529 0.4823529 0.4745098 0.4745098 0.4745098 0.4705882 0.4705882 0.4705882 0.4941176 0.4941176 0.4941176 0.4745098 0.4745098 0.4745098 0.4705882 0.4705882 0.4705882 0.4745098 0.4745098 0.4745098 0.4745098 0.4745098 0.4745098 0.4980392 0.4980392 0.4980392 0.4705882 0.4705882 0.4705882 0.4784314 0.4784314 0.4784314 0.4980392 0.4980392 0.4980392 0.4745098 0.4745098 0.4745098 0.5490196 0.5490196 0.5490196 0.5647059 0.5647059 0.5647059 0.5490196 0.5490196 0.5490196 0.5490196 0.5490196 0.5490196 0.5647059 0.5647059 0.5647059 0.5647059 0.5647059 0.5647059 0.5568628 0.5568628 0.5568628 0.5647059 0.5647059 0.5647059 0.5490196 0.5490196 0.5490196 0.5568628 0.5568628 0.5568628 0.5647059 0.5647059 0.5647059 0.5647059 0.5647059 0.5647059 0.5490196 0.5490196 0.5490196 0.5647059 0.5647059 0.5647059 0.5568628 0.5568628 0.5568628 0.6705883 0.6705883 0.6705883 0.6745098 0.6745098 0.6745098 0.6666667 0.6666667 0.6666667 0.6705883 0.6705883 0.6705883 0.6705883 0.6705883 0.6705883 0.6745098 0.6745098 0.6745098 0.6705883 0.6705883 0.6705883 0.6705883 0.6705883 0.6705883 0.6705883 0.6705883 0.6705883 0.6705883 0.6705883 0.6705883 0.6588236 0.6588236 0.6588236 0.6705883 0.6705883 0.6705883 0.6745098 0.6745098 0.6745098 0.6588236 0.6588236 0.6588236 0.6705883 0.6705883 0.6705883 0.6431373 0.6431373 0.6431373 0.5725491 0.5725491 0.5725491 0.6470589 0.6470589 0.6470589 0.6431373 0.6431373 0.6431373 0.6156863 0.6156863 0.6156863 0.5725491 0.5725491 0.5725491 0.627451 0.627451 0.627451 0.6156863 0.6156863 0.6156863 0.6431373 0.6431373 0.6431373 0.627451 0.627451 0.627451 0.5960785 0.5960785 0.5960785 0.6156863 0.6156863 0.6156863 0.6156863 0.6156863 0.6156863 0.5960785 0.5960785 0.5960785 0.627451 0.627451 0.627451 0.7372549 0.7372549 0.7372549 0.7607843 0.7607843 0.7607843 0.7764706 0.7764706 0.7764706 0.7372549 0.7372549 0.7372549 0.7411765 0.7411765 0.7411765 0.7607843 0.7607843 0.7607843 0.7450981 0.7450981 0.7450981 0.7411765 0.7411765 0.7411765 0.7372549 0.7372549 0.7372549 0.7450981 0.7450981 0.7450981 0.7568628 0.7568628 0.7568628 0.7411765 0.7411765 0.7411765 0.7450981 0.7450981 0.7450981 0.7568628 0.7568628 0.7568628 0.7450981 0.7450981 0.7450981 0.7803922 0.7803922 0.7803922 0.7843137 0.7843137 0.7843137 0.8196079 0.8196079 0.8196079 0.7803922 0.7803922 0.7803922 0.7529412 0.7529412 0.7529412 0.7843137 0.7843137 0.7843137 0.7254902 0.7254902 0.7254902 0.7529412 0.7529412 0.7529412 0.7803922 0.7803922 0.7803922 0.7254902 0.7254902 0.7254902 0.7137255 0.7137255 0.7137255 0.7529412 0.7529412 0.7529412 0.6980392 0.6980392 0.6980392 0.7137255 0.7137255 0.7137255 0.7254902 0.7254902 0.7254902 0.9803922 0.9803922 0.9803922 0.9764706 0.9764706 0.9764706 1 1 1 0.9803922 0.9803922 0.9803922 1 1 1 0.9764706 0.9764706 0.9764706 0.9960784 0.9960784 0.9960784 1 1 1 0.9803922 0.9803922 0.9803922 0.9960784 0.9960784 0.9960784 0.8705883 0.8705883 0.8705883 1 1 1 0.9215686 0.9215686 0.9215686 0.8705883 0.8705883 0.8705883 0.9960784 0.9960784 0.9960784 0.5176471 0.5176471 0.5176471 0.5176471 0.5176471 0.5176471 0.5176471 0.5176471 0.5176471 0.5176471 0.5176471 0.5176471 0.5137255 0.5137255 0.5137255 0.5176471 0.5176471 0.5176471 0.5215687 0.5215687 0.5215687 0.5137255 0.5137255 0.5137255 0.5176471 0.5176471 0.5176471 0.5215687 0.5215687 0.5215687 0.5372549 0.5372549 0.5372549 0.5137255 0.5137255 0.5137255 0.5450981 0.5450981 0.5450981 0.5372549 0.5372549 0.5372549 0.5215687 0.5215687 0.5215687 0.6745098 0.6745098 0.6745098 0.882353 0.882353 0.882353 0.6588236 0.6588236 0.6588236 0.6745098 0.6745098 0.6745098 0.8784314 0.8784314 0.8784314 0.882353 0.882353 0.882353 0.8078432 0.8078432 0.8078432 0.8784314 0.8784314 0.8784314 0.6745098 0.6745098 0.6745098 0.8078432 0.8078432 0.8078432 0.9960784 0.9960784 0.9960784 0.8784314 0.8784314 0.8784314 0.9843137 0.9843137 0.9843137 0.9960784 0.9960784 0.9960784 0.8078432 0.8078432 0.8078432 0.4862745 0.4862745 0.4862745 0.5058824 0.5058824 0.5058824 0.5019608 0.5019608 0.5019608 0.4862745 0.4862745 0.4862745 0.4784314 0.4784314 0.4784314 0.5058824 0.5058824 0.5058824 0.4862745 0.4862745 0.4862745 0.4784314 0.4784314 0.4784314 0.4862745 0.4862745 0.4862745 0.4862745 0.4862745 0.4862745 0.4980392 0.4980392 0.4980392 0.4784314 0.4784314 0.4784314 0.4980392 0.4980392 0.4980392 0.4980392 0.4980392 0.4980392 0.4862745 0.4862745 0.4862745 0.509804 0.509804 0.509804 0.5058824 0.5058824 0.5058824 0.5294118 0.5294118 0.5294118 0.509804 0.509804 0.509804 0.5019608 0.5019608 0.5019608 0.5058824 0.5058824 0.5058824 0.4980392 0.4980392 0.4980392 0.5019608 0.5019608 0.5019608 0.509804 0.509804 0.509804 0.4980392 0.4980392 0.4980392 0.4862745 0.4862745 0.4862745 0.5019608 0.5019608 0.5019608 0.4862745 0.4862745 0.4862745 0.4862745 0.4862745 0.4862745 0.4980392 0.4980392 0.4980392 0.5294118 0.5294118 0.5294118 0.5254902 0.5254902 0.5254902 0.5294118 0.5294118 0.5294118 0.5294118 0.5294118 0.5294118 0.5215687 0.5215687 0.5215687 0.5254902 0.5254902 0.5254902 0.5176471 0.5176471 0.5176471 0.5215687 0.5215687 0.5215687 0.5294118 0.5294118 0.5294118 0.5176471 0.5176471 0.5176471 0.5215687 0.5215687 0.5215687 0.5215687 0.5215687 0.5215687 0.5215687 0.5215687 0.5215687 0.5215687 0.5215687 0.5215687 0.5176471 0.5176471 0.5176471 0.4745098 0.4745098 0.4745098 0.4980392 0.4980392 0.4980392 0.4784314 0.4784314 0.4784314 0.4745098 0.4745098 0.4745098 0.4784314 0.4784314 0.4784314 0.4980392 0.4980392 0.4980392 0.4784314 0.4784314 0.4784314 0.4784314 0.4784314 0.4784314 0.4745098 0.4745098 0.4745098 0.4784314 0.4784314 0.4784314 0.4745098 0.4745098 0.4745098 0.4784314 0.4784314 0.4784314 0.4823529 0.4823529 0.4823529 0.4745098 0.4745098 0.4745098 0.4784314 0.4784314 0.4784314 0.654902 0.654902 0.654902 0.882353 0.882353 0.882353 0.7921569 0.7921569 0.7921569 0.654902 0.654902 0.654902 0.6588236 0.6588236 0.6588236 0.882353 0.882353 0.882353 0.7098039 0.7098039 0.7098039 0.6588236 0.6588236 0.6588236 0.654902 0.654902 0.654902 0.7098039 0.7098039 0.7098039 0.6745098 0.6745098 0.6745098 0.6588236 0.6588236 0.6588236 0.7490196 0.7490196 0.7490196 0.6745098 0.6745098 0.6745098 0.7098039 0.7098039 0.7098039 0.9333333 0.9333333 0.9333333 0.9137255 0.9137255 0.9137255 0.9098039 0.9098039 0.9098039 0.9333333 0.9333333 0.9333333 0.9529412 0.9529412 0.9529412 0.9137255 0.9137255 0.9137255 0.9490196 0.9490196 0.9490196 0.9529412 0.9529412 0.9529412 0.9333333 0.9333333 0.9333333 0.9490196 0.9490196 0.9490196 0.9529412 0.9529412 0.9529412 0.9529412 0.9529412 0.9529412 0.9294118 0.9294118 0.9294118 0.9529412 0.9529412 0.9529412 0.9490196 0.9490196 0.9490196 0.5568628 0.5568628 0.5568628 0.5411765 0.5411765 0.5411765 0.5568628 0.5568628 0.5568628 0.5568628 0.5568628 0.5568628 0.5490196 0.5490196 0.5490196 0.5411765 0.5411765 0.5411765 0.5450981 0.5450981 0.5450981 0.5490196 0.5490196 0.5490196 0.5568628 0.5568628 0.5568628 0.5450981 0.5450981 0.5450981 0.5372549 0.5372549 0.5372549 0.5490196 0.5490196 0.5490196 0.7098039 0.7098039 0.7098039 0.7137255 0.7137255 0.7137255 0.7137255 0.7137255 0.7137255 0.7098039 0.7098039 0.7098039 0.7215687 0.7215687 0.7215687 0.7137255 0.7137255 0.7137255 0.7098039 0.7098039 0.7098039 0.7215687 0.7215687 0.7215687 0.7098039 0.7098039 0.7098039 0.7098039 0.7098039 0.7098039 0.7215687 0.7215687 0.7215687 0.7215687 0.7215687 0.7215687 0.4901961 0.4901961 0.4901961 0.5176471 0.5176471 0.5176471 0.4784314 0.4784314 0.4784314 0.4901961 0.4901961 0.4901961 0.4980392 0.4980392 0.4980392 0.5176471 0.5176471 0.5176471 0.5215687 0.5215687 0.5215687 0.4980392 0.4980392 0.4980392 0.4901961 0.4901961 0.4901961 0.5215687 0.5215687 0.5215687 0.5019608 0.5019608 0.5019608 0.4980392 0.4980392 0.4980392 0.5725491 0.5725491 0.5725491 0.5490196 0.5490196 0.5490196 0.5568628 0.5568628 0.5568628 0.5725491 0.5725491 0.5725491 0.5607843 0.5607843 0.5607843 0.5490196 0.5490196 0.5490196 0.5882353 0.5882353 0.5882353 0.5607843 0.5607843 0.5607843 0.5725491 0.5725491 0.5725491 0.5882353 0.5882353 0.5882353 0.5490196 0.5490196 0.5490196 0.5607843 0.5607843 0.5607843 0.682353 0.682353 0.682353 0.8509804 0.8509804 0.8509804 0.8196079 0.8196079 0.8196079 0.682353 0.682353 0.682353 0.772549 0.772549 0.772549 0.8509804 0.8509804 0.8509804 0.6862745 0.6862745 0.6862745 0.772549 0.772549 0.772549 0.682353 0.682353 0.682353 0.6862745 0.6862745 0.6862745 0.7450981 0.7450981 0.7450981 0.772549 0.772549 0.772549 0.5411765 0.5411765 0.5411765 0.5333334 0.5333334 0.5333334 0.5529412 0.5529412 0.5529412 0.5411765 0.5411765 0.5411765 0.5254902 0.5254902 0.5254902 0.5333334 0.5333334 0.5333334 0.5294118 0.5294118 0.5294118 0.5254902 0.5254902 0.5254902 0.5411765 0.5411765 0.5411765 0.5294118 0.5294118 0.5294118 0.5490196 0.5490196 0.5490196 0.5254902 0.5254902 0.5254902 0.5294118 0.5294118 0.5294118 0.5843138 0.5843138 0.5843138 0.5803922 0.5803922 0.5803922 0.5294118 0.5294118 0.5294118 0.5137255 0.5137255 0.5137255 0.5843138 0.5843138 0.5843138 0.5333334 0.5333334 0.5333334 0.5137255 0.5137255 0.5137255 0.5294118 0.5294118 0.5294118 0.5333334 0.5333334 0.5333334 0.5333334 0.5333334 0.5333334 0.5137255 0.5137255 0.5137255 0.6666667 0.6666667 0.6666667 0.6784314 0.6784314 0.6784314 0.6941177 0.6941177 0.6941177 0.6666667 0.6666667 0.6666667 0.6509804 0.6509804 0.6509804 0.6784314 0.6784314 0.6784314 0.6470589 0.6470589 0.6470589 0.6509804 0.6509804 0.6509804 0.6666667 0.6666667 0.6666667 0.6470589 0.6470589 0.6470589 0.6509804 0.6509804 0.6509804 0.6509804 0.6509804 0.6509804 0.5686275 0.5686275 0.5686275 0.5686275 0.5686275 0.5686275 0.6156863 0.6156863 0.6156863 0.5686275 0.5686275 0.5686275 0.5450981 0.5450981 0.5450981 0.5686275 0.5686275 0.5686275 0.5372549 0.5372549 0.5372549 0.5450981 0.5450981 0.5450981 0.5686275 0.5686275 0.5686275 0.5372549 0.5372549 0.5372549 0.5137255 0.5137255 0.5137255 0.5450981 0.5450981 0.5450981 0.6431373 0.6431373 0.6431373 0.6666667 0.6666667 0.6666667 0.6156863 0.6156863 0.6156863 0.6431373 0.6431373 0.6431373 0.6470589 0.6470589 0.6470589 0.6666667 0.6666667 0.6666667 0.6509804 0.6509804 0.6509804 0.6470589 0.6470589 0.6470589 0.6431373 0.6431373 0.6431373 0.6509804 0.6509804 0.6509804 0.6392157 0.6392157 0.6392157 0.6470589 0.6470589 0.6470589 0.5647059 0.5647059 0.5647059 0.5686275 0.5686275 0.5686275 0.5450981 0.5450981 0.5450981 0.5647059 0.5647059 0.5647059 0.5843138 0.5843138 0.5843138 0.5686275 0.5686275 0.5686275 0.5529412 0.5529412 0.5529412 0.5843138 0.5843138 0.5843138 0.5647059 0.5647059 0.5647059 0.5529412 0.5529412 0.5529412 0.5960785 0.5960785 0.5960785 0.5843138 0.5843138 0.5843138 0.5372549 0.5372549 0.5372549 0.5490196 0.5490196 0.5490196 0.5215687 0.5215687 0.5215687 0.5372549 0.5372549 0.5372549 0.5803922 0.5803922 0.5803922 0.5490196 0.5490196 0.5490196 0.5686275 0.5686275 0.5686275 0.5803922 0.5803922 0.5803922 0.5372549 0.5372549 0.5372549 0.5686275 0.5686275 0.5686275 0.5450981 0.5450981 0.5450981 0.5803922 0.5803922 0.5803922 0.4784314 0.4784314 0.4784314 0.4823529 0.4823529 0.4823529 0.4823529 0.4823529 0.4823529 0.4784314 0.4784314 0.4784314 0.4823529 0.4823529 0.4823529 0.4823529 0.4823529 0.4823529 0.4784314 0.4784314 0.4784314 0.4823529 0.4823529 0.4823529 0.4784314 0.4784314 0.4784314 0.4784314 0.4784314 0.4784314 0.4784314 0.4784314 0.4784314 0.4823529 0.4823529 0.4823529 0.4980392 0.4980392 0.4980392 0.4941176 0.4941176 0.4941176 0.4705882 0.4705882 0.4705882 0.4980392 0.4980392 0.4980392 0.4941176 0.4941176 0.4941176 0.4941176 0.4941176 0.4941176 0.5372549 0.5372549 0.5372549 0.4941176 0.4941176 0.4941176 0.4980392 0.4980392 0.4980392 0.5372549 0.5372549 0.5372549 0.5215687 0.5215687 0.5215687 0.4941176 0.4941176 0.4941176 0.627451 0.627451 0.627451 0.627451 0.627451 0.627451 0.6196079 0.6196079 0.6196079 0.627451 0.627451 0.627451 0.627451 0.627451 0.627451 0.627451 0.627451 0.627451 0.6078432 0.6078432 0.6078432 0.627451 0.627451 0.627451 0.627451 0.627451 0.627451 0.6078432 0.6078432 0.6078432 0.6039216 0.6039216 0.6039216 0.627451 0.627451 0.627451 0.5960785 0.5960785 0.5960785 0.5725491 0.5725491 0.5725491 0.6156863 0.6156863 0.6156863 0.5960785 0.5960785 0.5960785 0.5882353 0.5882353 0.5882353 0.5725491 0.5725491 0.5725491 0.5686275 0.5686275 0.5686275 0.5882353 0.5882353 0.5882353 0.5960785 0.5960785 0.5960785 0.5686275 0.5686275 0.5686275 0.5607843 0.5607843 0.5607843 0.5882353 0.5882353 0.5882353 0.4901961 0.4901961 0.4901961 0.509804 0.509804 0.509804 0.5176471 0.5176471 0.5176471 0.4901961 0.4901961 0.4901961 0.5058824 0.5058824 0.5058824 0.509804 0.509804 0.509804 0.4980392 0.4980392 0.4980392 0.5058824 0.5058824 0.5058824 0.4901961 0.4901961 0.4901961 0.4980392 0.4980392 0.4980392 0.509804 0.509804 0.509804 0.5058824 0.5058824 0.5058824 0.5294118 0.5294118 0.5294118 0.5411765 0.5411765 0.5411765 0.5137255 0.5137255 0.5137255 0.5294118 0.5294118 0.5294118 0.5176471 0.5176471 0.5176471 0.5411765 0.5411765 0.5411765 0.5411765 0.5411765 0.5411765 0.5176471 0.5176471 0.5176471 0.5294118 0.5294118 0.5294118 0.5411765 0.5411765 0.5411765 0.5647059 0.5647059 0.5647059 0.5176471 0.5176471 0.5176471 0.5490196 0.5490196 0.5490196 0.5294118 0.5294118 0.5294118 0.5411765 0.5411765 0.5411765 0.5490196 0.5490196 0.5490196 0.5411765 0.5411765 0.5411765 0.5294118 0.5294118 0.5294118 0.5568628 0.5568628 0.5568628 0.5411765 0.5411765 0.5411765 0.5490196 0.5490196 0.5490196 0.5568628 0.5568628 0.5568628 0.5176471 0.5176471 0.5176471 0.5411765 0.5411765 0.5411765 0.5254902 0.5254902 0.5254902 0.5529412 0.5529412 0.5529412 0.5254902 0.5254902 0.5254902 0.5254902 0.5254902 0.5254902 0.5254902 0.5254902 0.5254902 0.5529412 0.5529412 0.5529412 0.5372549 0.5372549 0.5372549 0.5254902 0.5254902 0.5254902 0.5254902 0.5254902 0.5254902 0.5372549 0.5372549 0.5372549 0.5215687 0.5215687 0.5215687 0.5254902 0.5254902 0.5254902 0.627451 0.627451 0.627451 0.6156863 0.6156863 0.6156863 0.627451 0.627451 0.627451 0.627451 0.627451 0.627451 0.6313726 0.6313726 0.6313726 0.6156863 0.6156863 0.6156863 0.6 0.6 0.6 0.6313726 0.6313726 0.6313726 0.627451 0.627451 0.627451 0.6 0.6 0.6 0.5607843 0.5607843 0.5607843 0.6313726 0.6313726 0.6313726 0.7254902 0.7254902 0.7254902 0.7803922 0.7803922 0.7803922 0.7843137 0.7843137 0.7843137 0.7254902 0.7254902 0.7254902 0.7529412 0.7529412 0.7529412 0.7803922 0.7803922 0.7803922 0.7803922 0.7803922 0.7803922 0.7529412 0.7529412 0.7529412 0.7254902 0.7254902 0.7254902 0.7803922 0.7803922 0.7803922 0.8431373 0.8431373 0.8431373 0.7529412 0.7529412 0.7529412 0.4901961 0.4901961 0.4901961 0.4941176 0.4941176 0.4941176 0.5058824 0.5058824 0.5058824 0.4901961 0.4901961 0.4901961 0.4941176 0.4941176 0.4941176 0.4941176 0.4941176 0.4941176 0.4941176 0.4941176 0.4941176 0.4941176 0.4941176 0.4941176 0.4901961 0.4901961 0.4901961 0.4941176 0.4941176 0.4941176 0.4941176 0.4941176 0.4941176 0.4941176 0.4941176 0.4941176 0.9176471 0.9176471 0.9176471 0.9215686 0.9215686 0.9215686 0.9686275 0.9686275 0.9686275 0.9176471 0.9176471 0.9176471 0.9176471 0.9176471 0.9176471 0.9215686 0.9215686 0.9215686 0.8078432 0.8078432 0.8078432 0.9176471 0.9176471 0.9176471 0.9176471 0.9176471 0.9176471 0.8078432 0.8078432 0.8078432 0.8470588 0.8470588 0.8470588 0.9176471 0.9176471 0.9176471 0.8078432 0.8078432 0.8078432 0.8352941 0.8352941 0.8352941 0.8078432 0.8078432 0.8078432 0.8078432 0.8078432 0.8078432 0.8784314 0.8784314 0.8784314 0.8352941 0.8352941 0.8352941 0.9176471 0.9176471 0.9176471 0.8784314 0.8784314 0.8784314 0.8078432 0.8078432 0.8078432 0.9176471 0.9176471 0.9176471 0.8862745 0.8862745 0.8862745 0.8784314 0.8784314 0.8784314 0.9607843 0.9607843 0.9607843 0.882353 0.882353 0.882353 0.9568628 0.9568628 0.9568628 0.9607843 0.9607843 0.9607843 0.8745098 0.8745098 0.8745098 0.882353 0.882353 0.882353 0.8117647 0.8117647 0.8117647 0.8745098 0.8745098 0.8745098 0.9607843 0.9607843 0.9607843 0.8117647 0.8117647 0.8117647 0.8666667 0.8666667 0.8666667 0.8745098 0.8745098 0.8745098 0.8666667 0.8666667 0.8666667 0.9019608 0.9019608 0.9019608 0.9215686 0.9215686 0.9215686 0.8666667 0.8666667 0.8666667 0.8392157 0.8392157 0.8392157 0.9019608 0.9019608 0.9019608 0.8117647 0.8117647 0.8117647 0.8392157 0.8392157 0.8392157 0.8666667 0.8666667 0.8666667 0.8117647 0.8117647 0.8117647 0.8196079 0.8196079 0.8196079 0.8392157 0.8392157 0.8392157 0.8470588 0.8470588 0.8470588 0.8862745 0.8862745 0.8862745 0.9490196 0.9490196 0.9490196 0.8470588 0.8470588 0.8470588 0.8313726 0.8313726 0.8313726 0.8862745 0.8862745 0.8862745 0.8078432 0.8078432 0.8078432 0.8313726 0.8313726 0.8313726 0.8470588 0.8470588 0.8470588 0.8078432 0.8078432 0.8078432 0.8352941 0.8352941 0.8352941 0.8313726 0.8313726 0.8313726 0.9098039 0.9098039 0.9098039 0.882353 0.882353 0.882353 0.8745098 0.8745098 0.8745098 0.9098039 0.9098039 0.9098039 0.9568628 0.9568628 0.9568628 0.882353 0.882353 0.882353 0.8901961 0.8901961 0.8901961 0.9568628 0.9568628 0.9568628 0.9098039 0.9098039 0.9098039 0.8901961 0.8901961 0.8901961 0.9607843 0.9607843 0.9607843 0.9568628 0.9568628 0.9568628 0.8078432 0.8078432 0.8078432 0.7803922 0.7803922 0.7803922 0.7960785 0.7960785 0.7960785 0.8078432 0.8078432 0.8078432 0.7803922 0.7803922 0.7803922 0.7803922 0.7803922 0.7803922 0.8470588 0.8470588 0.8470588 0.7803922 0.7803922 0.7803922 0.8078432 0.8078432 0.8078432 0.8470588 0.8470588 0.8470588 0.8 0.8 0.8 0.7803922 0.7803922 0.7803922 0.5372549 0.5372549 0.5372549 0.5411765 0.5411765 0.5411765 0.5254902 0.5254902 0.5254902 0.5372549 0.5372549 0.5372549 0.5372549 0.5372549 0.5372549 0.5411765 0.5411765 0.5411765 0.5254902 0.5254902 0.5254902 0.5372549 0.5372549 0.5372549 0.5372549 0.5372549 0.5372549 0.5254902 0.5254902 0.5254902 0.5333334 0.5333334 0.5333334 0.5372549 0.5372549 0.5372549 0.9294118 0.9294118 0.9294118 0.8196079 0.8196079 0.8196079 0.827451 0.827451 0.827451 0.9294118 0.9294118 0.9294118 0.9098039 0.9098039 0.9098039 0.8196079 0.8196079 0.8196079 0.8745098 0.8745098 0.8745098 0.9098039 0.9098039 0.9098039 0.9294118 0.9294118 0.9294118 0.8745098 0.8745098 0.8745098 0.9019608 0.9019608 0.9019608 0.9098039 0.9098039 0.9098039 0.6705883 0.6705883 0.6705883 0.6784314 0.6784314 0.6784314 0.6980392 0.6980392 0.6980392 0.6705883 0.6705883 0.6705883 0.6431373 0.6431373 0.6431373 0.6784314 0.6784314 0.6784314 0.7215687 0.7215687 0.7215687 0.6431373 0.6431373 0.6431373 0.6705883 0.6705883 0.6705883 0.7215687 0.7215687 0.7215687 0.654902 0.654902 0.654902 0.6431373 0.6431373 0.6431373 0.5411765 0.5411765 0.5411765 0.5294118 0.5294118 0.5294118 0.5568628 0.5568628 0.5568628 0.5411765 0.5411765 0.5411765 0.5607843 0.5607843 0.5607843 0.5294118 0.5294118 0.5294118 0.5294118 0.5294118 0.5294118 0.5607843 0.5607843 0.5607843 0.5411765 0.5411765 0.5411765 0.5294118 0.5294118 0.5294118 0.5411765 0.5411765 0.5411765 0.5607843 0.5607843 0.5607843 0.5411765 0.5411765 0.5411765 0.5568628 0.5568628 0.5568628 0.5647059 0.5647059 0.5647059 0.5411765 0.5411765 0.5411765 0.5490196 0.5490196 0.5490196 0.5568628 0.5568628 0.5568628 0.5215687 0.5215687 0.5215687 0.5490196 0.5490196 0.5490196 0.5411765 0.5411765 0.5411765 0.5215687 0.5215687 0.5215687 0.5607843 0.5607843 0.5607843 0.5490196 0.5490196 0.5490196 0.8039216 0.8039216 0.8039216 0.8156863 0.8156863 0.8156863 0.8941177 0.8941177 0.8941177 0.8039216 0.8039216 0.8039216 0.7921569 0.7921569 0.7921569 0.8156863 0.8156863 0.8156863 0.8352941 0.8352941 0.8352941 0.7921569 0.7921569 0.7921569 0.8039216 0.8039216 0.8039216 0.8352941 0.8352941 0.8352941 0.882353 0.882353 0.882353 0.7921569 0.7921569 0.7921569 0.7568628 0.7568628 0.7568628 0.7607843 0.7607843 0.7607843 0.7411765 0.7411765 0.7411765 0.7568628 0.7568628 0.7568628 0.7607843 0.7607843 0.7607843 0.7607843 0.7607843 0.7607843 0.772549 0.772549 0.772549 0.7607843 0.7607843 0.7607843 0.7568628 0.7568628 0.7568628 0.772549 0.772549 0.772549 0.772549 0.772549 0.772549 0.7607843 0.7607843 0.7607843 0.682353 0.682353 0.682353 0.682353 0.682353 0.682353 0.6901961 0.6901961 0.6901961 0.682353 0.682353 0.682353 0.6666667 0.6666667 0.6666667 0.682353 0.682353 0.682353 0.6509804 0.6509804 0.6509804 0.6666667 0.6666667 0.6666667 0.682353 0.682353 0.682353 0.6509804 0.6509804 0.6509804 0.6705883 0.6705883 0.6705883 0.6666667 0.6666667 0.6666667 0.6352941 0.6352941 0.6352941 0.6196079 0.6196079 0.6196079 0.6078432 0.6078432 0.6078432 0.6352941 0.6352941 0.6352941 0.6117647 0.6117647 0.6117647 0.6196079 0.6196079 0.6196079 0.627451 0.627451 0.627451 0.6117647 0.6117647 0.6117647 0.6352941 0.6352941 0.6352941 0.627451 0.627451 0.627451 0.5960785 0.5960785 0.5960785 0.6117647 0.6117647 0.6117647 0.6117647 0.6117647 0.6117647 0.5686275 0.5686275 0.5686275 0.4980392 0.4980392 0.4980392 0.6117647 0.6117647 0.6117647 0.6941177 0.6941177 0.6941177 0.5686275 0.5686275 0.5686275 0.4980392 0.4980392 0.4980392 0.6941177 0.6941177 0.6941177 0.6117647 0.6117647 0.6117647 0.4980392 0.4980392 0.4980392 0.5529412 0.5529412 0.5529412 0.6941177 0.6941177 0.6941177 0.8901961 0.8901961 0.8901961 0.854902 0.854902 0.854902 0.8980392 0.8980392 0.8980392 0.8901961 0.8901961 0.8901961 0.9607843 0.9607843 0.9607843 0.854902 0.854902 0.854902 0.9098039 0.9098039 0.9098039 0.9607843 0.9607843 0.9607843 0.8901961 0.8901961 0.8901961 0.9098039 0.9098039 0.9098039 0.9607843 0.9607843 0.9607843 0.9607843 0.9607843 0.9607843 0.627451 0.627451 0.627451 0.6509804 0.6509804 0.6509804 0.6392157 0.6392157 0.6392157 0.627451 0.627451 0.627451 0.654902 0.654902 0.654902 0.6509804 0.6509804 0.6509804 0.6352941 0.6352941 0.6352941 0.654902 0.654902 0.654902 0.627451 0.627451 0.627451 0.6352941 0.6352941 0.6352941 0.6627451 0.6627451 0.6627451 0.654902 0.654902 0.654902 0.4784314 0.4784314 0.4784314 0.4705882 0.4705882 0.4705882 0.4745098 0.4745098 0.4745098 0.4784314 0.4784314 0.4784314 0.4705882 0.4705882 0.4705882 0.4705882 0.4705882 0.4705882 0.4745098 0.4745098 0.4745098 0.4705882 0.4705882 0.4705882 0.4784314 0.4784314 0.4784314 0.4745098 0.4745098 0.4745098 0.4745098 0.4745098 0.4745098 0.4705882 0.4705882 0.4705882 0.8666667 0.8666667 0.8666667 0.9019608 0.9019608 0.9019608 0.8588235 0.8588235 0.8588235 0.8666667 0.8666667 0.8666667 0.9058824 0.9058824 0.9058824 0.9019608 0.9019608 0.9019608 0.9098039 0.9098039 0.9098039 0.9058824 0.9058824 0.9058824 0.8666667 0.8666667 0.8666667 0.9098039 0.9098039 0.9098039 0.9568628 0.9568628 0.9568628 0.9058824 0.9058824 0.9058824 0.4862745 0.4862745 0.4862745 0.4745098 0.4745098 0.4745098 0.4901961 0.4901961 0.4901961 0.4862745 0.4862745 0.4862745 0.4745098 0.4745098 0.4745098 0.4745098 0.4745098 0.4745098 0.4862745 0.4862745 0.4862745 0.4745098 0.4745098 0.4745098 0.4862745 0.4862745 0.4862745 0.4862745 0.4862745 0.4862745 0.4745098 0.4745098 0.4745098 0.4745098 0.4745098 0.4745098 0.5529412 0.5529412 0.5529412 0.5333334 0.5333334 0.5333334 0.5490196 0.5490196 0.5490196 0.5529412 0.5529412 0.5529412 0.5607843 0.5607843 0.5607843 0.5333334 0.5333334 0.5333334 0.5647059 0.5647059 0.5647059 0.5607843 0.5607843 0.5607843 0.5529412 0.5529412 0.5529412 0.5647059 0.5647059 0.5647059 0.5411765 0.5411765 0.5411765 0.5607843 0.5607843 0.5607843 0.7137255 0.7137255 0.7137255 0.7843137 0.7843137 0.7843137 0.7529412 0.7529412 0.7529412 0.7137255 0.7137255 0.7137255 0.7294118 0.7294118 0.7294118 0.7843137 0.7843137 0.7843137 0.7137255 0.7137255 0.7137255 0.7294118 0.7294118 0.7294118 0.7137255 0.7137255 0.7137255 0.7137255 0.7137255 0.7137255 0.7411765 0.7411765 0.7411765 0.7294118 0.7294118 0.7294118 0.5254902 0.5254902 0.5254902 0.5294118 0.5294118 0.5294118 0.5294118 0.5294118 0.5294118 0.5254902 0.5254902 0.5254902 0.5215687 0.5215687 0.5215687 0.5294118 0.5294118 0.5294118 0.5215687 0.5215687 0.5215687 0.5215687 0.5215687 0.5215687 0.5254902 0.5254902 0.5254902 0.5215687 0.5215687 0.5215687 0.5176471 0.5176471 0.5176471 0.5215687 0.5215687 0.5215687 0.9647059 0.9647059 0.9647059 0.9294118 0.9294118 0.9294118 0.9490196 0.9490196 0.9490196 0.9647059 0.9647059 0.9647059 0.9647059 0.9647059 0.9647059 0.9294118 0.9294118 0.9294118 0.882353 0.882353 0.882353 0.9647059 0.9647059 0.9647059 0.9647059 0.9647059 0.9647059 0.882353 0.882353 0.882353 0.9058824 0.9058824 0.9058824 0.9647059 0.9647059 0.9647059 0.5294118 0.5294118 0.5294118 0.5333334 0.5333334 0.5333334 0.5294118 0.5294118 0.5294118 0.5294118 0.5294118 0.5294118 0.5176471 0.5176471 0.5176471 0.5333334 0.5333334 0.5333334 0.5294118 0.5294118 0.5294118 0.5176471 0.5176471 0.5176471 0.5294118 0.5294118 0.5294118 0.5294118 0.5294118 0.5294118 0.5137255 0.5137255 0.5137255 0.5176471 0.5176471 0.5176471 0.9529412 0.9529412 0.9529412 0.9137255 0.9137255 0.9137255 0.9529412 0.9529412 0.9529412 0.9529412 0.9529412 0.9529412 0.9137255 0.9137255 0.9137255 0.9137255 0.9137255 0.9137255 0.9294118 0.9294118 0.9294118 0.9137255 0.9137255 0.9137255 0.9529412 0.9529412 0.9529412 0.9294118 0.9294118 0.9294118 0.9254902 0.9254902 0.9254902 0.9137255 0.9137255 0.9137255 0.7058824 0.7058824 0.7058824 0.7960785 0.7960785 0.7960785 0.7254902 0.7254902 0.7254902 0.7058824 0.7058824 0.7058824 0.7686275 0.7686275 0.7686275 0.7960785 0.7960785 0.7960785 0.7607843 0.7607843 0.7607843 0.7686275 0.7686275 0.7686275 0.7058824 0.7058824 0.7058824 0.7607843 0.7607843 0.7607843 0.7686275 0.7686275 0.7686275 0.7686275 0.7686275 0.7686275 0.882353 0.882353 0.882353 0.9686275 0.9686275 0.9686275 0.7921569 0.7921569 0.7921569 0.882353 0.882353 0.882353 1 1 1 0.9686275 0.9686275 0.9686275 0.9960784 0.9960784 0.9960784 1 1 1 0.882353 0.882353 0.882353 0.9960784 0.9960784 0.9960784 0.972549 0.972549 0.972549 1 1 1 0.5372549 0.5372549 0.5372549 0.5176471 0.5176471 0.5176471 0.5137255 0.5137255 0.5137255 0.5372549 0.5372549 0.5372549 0.5294118 0.5294118 0.5294118 0.5176471 0.5176471 0.5176471 0.5333334 0.5333334 0.5333334 0.5294118 0.5294118 0.5294118 0.5372549 0.5372549 0.5372549 0.5333334 0.5333334 0.5333334 0.509804 0.509804 0.509804 0.5294118 0.5294118 0.5294118 0.6431373 0.6431373 0.6431373 0.5019608 0.5019608 0.5019608 0.5215687 0.5215687 0.5215687 0.6431373 0.6431373 0.6431373 0.7019608 0.7019608 0.7019608 0.5019608 0.5019608 0.5019608 0.6117647 0.6117647 0.6117647 0.7019608 0.7019608 0.7019608 0.6431373 0.6431373 0.6431373 0.6117647 0.6117647 0.6117647 0.7294118 0.7294118 0.7294118 0.7019608 0.7019608 0.7019608 0.7607843 0.7607843 0.7607843 0.6745098 0.6745098 0.6745098 0.7490196 0.7490196 0.7490196 0.7607843 0.7607843 0.7607843 0.654902 0.654902 0.654902 0.6745098 0.6745098 0.6745098 0.7058824 0.7058824 0.7058824 0.654902 0.654902 0.654902 0.7607843 0.7607843 0.7607843 0.7058824 0.7058824 0.7058824 0.8078432 0.8078432 0.8078432 0.654902 0.654902 0.654902 0.5176471 0.5176471 0.5176471 0.5294118 0.5294118 0.5294118 0.5333334 0.5333334 0.5333334 0.5176471 0.5176471 0.5176471 0.5215687 0.5215687 0.5215687 0.5294118 0.5294118 0.5294118 0.5372549 0.5372549 0.5372549 0.5215687 0.5215687 0.5215687 0.5176471 0.5176471 0.5176471 0.5372549 0.5372549 0.5372549 0.5058824 0.5058824 0.5058824 0.5215687 0.5215687 0.5215687 0.5647059 0.5647059 0.5647059 0.5647059 0.5647059 0.5647059 0.5647059 0.5647059 0.5647059 0.5647059 0.5647059 0.5647059 0.5529412 0.5529412 0.5529412 0.5647059 0.5647059 0.5647059 0.5137255 0.5137255 0.5137255 0.5529412 0.5529412 0.5529412 0.5647059 0.5647059 0.5647059 0.5137255 0.5137255 0.5137255 0.509804 0.509804 0.509804 0.5529412 0.5529412 0.5529412 0.4941176 0.4941176 0.4941176 0.4823529 0.4823529 0.4823529 0.4862745 0.4862745 0.4862745 0.4941176 0.4941176 0.4941176 0.4980392 0.4980392 0.4980392 0.4823529 0.4823529 0.4823529 0.5019608 0.5019608 0.5019608 0.4980392 0.4980392 0.4980392 0.4941176 0.4941176 0.4941176 0.5019608 0.5019608 0.5019608 0.4941176 0.4941176 0.4941176 0.4980392 0.4980392 0.4980392 0.5058824 0.5058824 0.5058824 0.4862745 0.4862745 0.4862745 0.4901961 0.4901961 0.4901961 0.5058824 0.5058824 0.5058824 0.5137255 0.5137255 0.5137255 0.4862745 0.4862745 0.4862745 0.4980392 0.4980392 0.4980392 0.5137255 0.5137255 0.5137255 0.5058824 0.5058824 0.5058824 0.4980392 0.4980392 0.4980392 0.5058824 0.5058824 0.5058824 0.5137255 0.5137255 0.5137255 0.6901961 0.6901961 0.6901961 0.6745098 0.6745098 0.6745098 0.7058824 0.7058824 0.7058824 0.6901961 0.6901961 0.6901961 0.6901961 0.6901961 0.6901961 0.6745098 0.6745098 0.6745098 0.7058824 0.7058824 0.7058824 0.6901961 0.6901961 0.6901961 0.6901961 0.6901961 0.6901961 0.7058824 0.7058824 0.7058824 0.6117647 0.6117647 0.6117647 0.6901961 0.6901961 0.6901961 0.5686275 0.5686275 0.5686275 0.5764706 0.5764706 0.5764706 0.5803922 0.5803922 0.5803922 0.5686275 0.5686275 0.5686275 0.5647059 0.5647059 0.5647059 0.5764706 0.5764706 0.5764706 0.5568628 0.5568628 0.5568628 0.5647059 0.5647059 0.5647059 0.5686275 0.5686275 0.5686275 0.5568628 0.5568628 0.5568628 0.5490196 0.5490196 0.5490196 0.5647059 0.5647059 0.5647059 0.5019608 0.5019608 0.5019608 0.4980392 0.4980392 0.4980392 0.4980392 0.4980392 0.4980392 0.5019608 0.5019608 0.5019608 0.5019608 0.5019608 0.5019608 0.4980392 0.4980392 0.4980392 0.509804 0.509804 0.509804 0.5019608 0.5019608 0.5019608 0.5019608 0.5019608 0.5019608 0.509804 0.509804 0.509804 0.5019608 0.5019608 0.5019608 0.5019608 0.5019608 0.5019608 0.5843138 0.5843138 0.5843138 0.6 0.6 0.6 0.6235294 0.6235294 0.6235294 0.5843138 0.5843138 0.5843138 0.627451 0.627451 0.627451 0.6 0.6 0.6 0.627451 0.627451 0.627451 0.627451 0.627451 0.627451 0.5843138 0.5843138 0.5843138 0.627451 0.627451 0.627451 0.6470589 0.6470589 0.6470589 0.627451 0.627451 0.627451 0.5058824 0.5058824 0.5058824 0.5019608 0.5019608 0.5019608 0.4980392 0.4980392 0.4980392 0.5058824 0.5058824 0.5058824 0.4941176 0.4941176 0.4941176 0.5019608 0.5019608 0.5019608 0.4784314 0.4784314 0.4784314 0.4941176 0.4941176 0.4941176 0.5058824 0.5058824 0.5058824 0.4784314 0.4784314 0.4784314 0.4745098 0.4745098 0.4745098 0.4941176 0.4941176 0.4941176 0.6784314 0.6784314 0.6784314 0.6313726 0.6313726 0.6313726 0.6784314 0.6784314 0.6784314 0.6784314 0.6784314 0.6784314 0.6352941 0.6352941 0.6352941 0.6313726 0.6313726 0.6313726 0.6196079 0.6196079 0.6196079 0.6352941 0.6352941 0.6352941 0.6784314 0.6784314 0.6784314 0.6196079 0.6196079 0.6196079 0.6117647 0.6117647 0.6117647 0.6352941 0.6352941 0.6352941 0.5450981 0.5450981 0.5450981 0.5490196 0.5490196 0.5490196 0.5529412 0.5529412 0.5529412 0.5450981 0.5450981 0.5450981 0.5450981 0.5450981 0.5450981 0.5490196 0.5490196 0.5490196 0.5568628 0.5568628 0.5568628 0.5450981 0.5450981 0.5450981 0.5450981 0.5450981 0.5450981 0.5568628 0.5568628 0.5568628 0.5490196 0.5490196 0.5490196 0.5450981 0.5450981 0.5450981 0.6078432 0.6078432 0.6078432 0.5333334 0.5333334 0.5333334 0.5294118 0.5294118 0.5294118 0.6078432 0.6078432 0.6078432 0.6078432 0.6078432 0.6078432 0.5333334 0.5333334 0.5333334 0.627451 0.627451 0.627451 0.6078432 0.6078432 0.6078432 0.6078432 0.6078432 0.6078432 0.627451 0.627451 0.627451 0.6156863 0.6156863 0.6156863 0.6078432 0.6078432 0.6078432 0.5176471 0.5176471 0.5176471 0.509804 0.509804 0.509804 0.509804 0.509804 0.509804 0.5176471 0.5176471 0.5176471 0.4980392 0.4980392 0.4980392 0.509804 0.509804 0.509804 0.509804 0.509804 0.509804 0.4980392 0.4980392 0.4980392 0.5176471 0.5176471 0.5176471 0.509804 0.509804 0.509804 0.4941176 0.4941176 0.4941176 0.4980392 0.4980392 0.4980392 0.6705883 0.6705883 0.6705883 0.6666667 0.6666667 0.6666667 0.6901961 0.6901961 0.6901961 0.6705883 0.6705883 0.6705883 0.7215687 0.7215687 0.7215687 0.6666667 0.6666667 0.6666667 0.7294118 0.7294118 0.7294118 0.7215687 0.7215687 0.7215687 0.6705883 0.6705883 0.6705883 0.7294118 0.7294118 0.7294118 0.654902 0.654902 0.654902 0.7215687 0.7215687 0.7215687 0.4784314 0.4784314 0.4784314 0.4823529 0.4823529 0.4823529 0.4784314 0.4784314 0.4784314 0.4784314 0.4784314 0.4784314 0.4941176 0.4941176 0.4941176 0.4823529 0.4823529 0.4823529 0.4862745 0.4862745 0.4862745 0.4941176 0.4941176 0.4941176 0.4784314 0.4784314 0.4784314 0.7098039 0.7098039 0.7098039 0.7019608 0.7019608 0.7019608 0.6901961 0.6901961 0.6901961 0.7098039 0.7098039 0.7098039 0.6980392 0.6980392 0.6980392 0.7019608 0.7019608 0.7019608 0.7137255 0.7137255 0.7137255 0.6980392 0.6980392 0.6980392 0.7098039 0.7098039 0.7098039 0.5607843 0.5607843 0.5607843 0.5333334 0.5333334 0.5333334 0.5607843 0.5607843 0.5607843 0.5607843 0.5607843 0.5607843 0.5607843 0.5607843 0.5607843 0.5333334 0.5333334 0.5333334 0.6 0.6 0.6 0.5607843 0.5607843 0.5607843 0.5607843 0.5607843 0.5607843 0.5058824 0.5058824 0.5058824 0.5215687 0.5215687 0.5215687 0.5215687 0.5215687 0.5215687 0.5058824 0.5058824 0.5058824 0.5019608 0.5019608 0.5019608 0.5215687 0.5215687 0.5215687 0.4980392 0.4980392 0.4980392 0.5019608 0.5019608 0.5019608 0.5058824 0.5058824 0.5058824 0.4823529 0.4823529 0.4823529 0.5137255 0.5137255 0.5137255 0.4784314 0.4784314 0.4784314 0.4823529 0.4823529 0.4823529 0.5176471 0.5176471 0.5176471 0.5137255 0.5137255 0.5137255 0.4941176 0.4941176 0.4941176 0.5176471 0.5176471 0.5176471 0.4823529 0.4823529 0.4823529 0.6862745 0.6862745 0.6862745 0.6431373 0.6431373 0.6431373 0.6352941 0.6352941 0.6352941 0.6862745 0.6862745 0.6862745 0.6509804 0.6509804 0.6509804 0.6431373 0.6431373 0.6431373 0.682353 0.682353 0.682353 0.6509804 0.6509804 0.6509804 0.6862745 0.6862745 0.6862745 0.9450981 0.9450981 0.9450981 0.9215686 0.9215686 0.9215686 0.9450981 0.9450981 0.9450981 0.9450981 0.9450981 0.9450981 0.8941177 0.8941177 0.8941177 0.9215686 0.9215686 0.9215686 0.9215686 0.9215686 0.9215686 0.8941177 0.8941177 0.8941177 0.9450981 0.9450981 0.9450981 0.6509804 0.6509804 0.6509804 0.6862745 0.6862745 0.6862745 0.6588236 0.6588236 0.6588236 0.6509804 0.6509804 0.6509804 0.6745098 0.6745098 0.6745098 0.6862745 0.6862745 0.6862745 0.6627451 0.6627451 0.6627451 0.6745098 0.6745098 0.6745098 0.6509804 0.6509804 0.6509804 0.5490196 0.5490196 0.5490196 0.5764706 0.5764706 0.5764706 0.5843138 0.5843138 0.5843138 0.5490196 0.5490196 0.5490196 0.5294118 0.5294118 0.5294118 0.5764706 0.5764706 0.5764706 0.4980392 0.4980392 0.4980392 0.5294118 0.5294118 0.5294118 0.5490196 0.5490196 0.5490196 0.4862745 0.4862745 0.4862745 0.4784314 0.4784314 0.4784314 0.4784314 0.4784314 0.4784314 0.4862745 0.4862745 0.4862745 0.4784314 0.4784314 0.4784314 0.4784314 0.4784314 0.4784314 0.4862745 0.4862745 0.4862745 0.4784314 0.4784314 0.4784314 0.4862745 0.4862745 0.4862745 0.7215687 0.7215687 0.7215687 0.6784314 0.6784314 0.6784314 0.7215687 0.7215687 0.7215687 0.7215687 0.7215687 0.7215687 0.6431373 0.6431373 0.6431373 0.6784314 0.6784314 0.6784314 0.7058824 0.7058824 0.7058824 0.6431373 0.6431373 0.6431373 0.7215687 0.7215687 0.7215687 0.7568628 0.7568628 0.7568628 0.6392157 0.6392157 0.6392157 0.7647059 0.7647059 0.7647059 0.7568628 0.7568628 0.7568628 0.6313726 0.6313726 0.6313726 0.6392157 0.6392157 0.6392157 0.654902 0.654902 0.654902 0.6313726 0.6313726 0.6313726 0.7568628 0.7568628 0.7568628 0.9764706 0.9764706 0.9764706 0.9215686 0.9215686 0.9215686 0.9647059 0.9647059 0.9647059 0.9764706 0.9764706 0.9764706 0.9294118 0.9294118 0.9294118 0.9215686 0.9215686 0.9215686 0.9529412 0.9529412 0.9529412 0.9294118 0.9294118 0.9294118 0.9764706 0.9764706 0.9764706 0.6117647 0.6117647 0.6117647 0.682353 0.682353 0.682353 0.5686275 0.5686275 0.5686275 0.6117647 0.6117647 0.6117647 0.6509804 0.6509804 0.6509804 0.682353 0.682353 0.682353 0.6431373 0.6431373 0.6431373 0.6509804 0.6509804 0.6509804 0.6117647 0.6117647 0.6117647 0.7176471 0.7176471 0.7176471 0.7176471 0.7176471 0.7176471 0.7137255 0.7137255 0.7137255 0.7176471 0.7176471 0.7176471 0.7215687 0.7215687 0.7215687 0.7176471 0.7176471 0.7176471 0.7098039 0.7098039 0.7098039 0.7215687 0.7215687 0.7215687 0.7176471 0.7176471 0.7176471 0.7372549 0.7372549 0.7372549 0.6941177 0.6941177 0.6941177 0.7333334 0.7333334 0.7333334 0.7372549 0.7372549 0.7372549 0.6705883 0.6705883 0.6705883 0.6941177 0.6941177 0.6941177 0.7215687 0.7215687 0.7215687 0.6705883 0.6705883 0.6705883 0.7372549 0.7372549 0.7372549 0.5686275 0.5686275 0.5686275 0.5647059 0.5647059 0.5647059 0.5607843 0.5607843 0.5607843 0.5686275 0.5686275 0.5686275 0.5647059 0.5647059 0.5647059 0.5647059 0.5647059 0.5647059 0.5764706 0.5764706 0.5764706 0.5647059 0.5647059 0.5647059 0.5686275 0.5686275 0.5686275 0.7803922 0.7803922 0.7803922 0.654902 0.654902 0.654902 0.7450981 0.7450981 0.7450981 0.7803922 0.7803922 0.7803922 0.682353 0.682353 0.682353 0.654902 0.654902 0.654902 0.7019608 0.7019608 0.7019608 0.682353 0.682353 0.682353 0.7803922 0.7803922 0.7803922 0.6627451 0.6627451 0.6627451 0.6588236 0.6588236 0.6588236 0.6509804 0.6509804 0.6509804 0.6627451 0.6627451 0.6627451 0.6509804 0.6509804 0.6509804 0.6588236 0.6588236 0.6588236 0.6509804 0.6509804 0.6509804 0.6509804 0.6509804 0.6509804 0.6627451 0.6627451 0.6627451 0.4784314 0.4784314 0.4784314 0.4745098 0.4745098 0.4745098 0.4745098 0.4745098 0.4745098 0.4784314 0.4784314 0.4784314 0.4901961 0.4901961 0.4901961 0.4745098 0.4745098 0.4745098 0.5058824 0.5058824 0.5058824 0.4901961 0.4901961 0.4901961 0.4784314 0.4784314 0.4784314 0.5843138 0.5843138 0.5843138 0.7176471 0.7176471 0.7176471 0.6196079 0.6196079 0.6196079 0.5843138 0.5843138 0.5843138 0.7058824 0.7058824 0.7058824 0.7176471 0.7176471 0.7176471 0.5921569 0.5921569 0.5921569 0.7058824 0.7058824 0.7058824 0.5843138 0.5843138 0.5843138 0.6980392 0.6980392 0.6980392 0.7372549 0.7372549 0.7372549 0.6980392 0.6980392 0.6980392 0.6980392 0.6980392 0.6980392 0.7254902 0.7254902 0.7254902 0.7372549 0.7372549 0.7372549 0.7215687 0.7215687 0.7215687 0.7254902 0.7254902 0.7254902 0.6980392 0.6980392 0.6980392 0.654902 0.654902 0.654902 0.6431373 0.6431373 0.6431373 0.5960785 0.5960785 0.5960785 0.654902 0.654902 0.654902 0.6784314 0.6784314 0.6784314 0.6431373 0.6431373 0.6431373 0.7215687 0.7215687 0.7215687 0.6784314 0.6784314 0.6784314 0.654902 0.654902 0.654902 0.5921569 0.5921569 0.5921569 0.5764706 0.5764706 0.5764706 0.5882353 0.5882353 0.5882353 0.5921569 0.5921569 0.5921569 0.5803922 0.5803922 0.5803922 0.5764706 0.5764706 0.5764706 0.5843138 0.5843138 0.5843138 0.5803922 0.5803922 0.5803922 0.5921569 0.5921569 0.5921569 0.5019608 0.5019608 0.5019608 0.4901961 0.4901961 0.4901961 0.4941176 0.4941176 0.4941176 0.5019608 0.5019608 0.5019608 0.4941176 0.4941176 0.4941176 0.4901961 0.4901961 0.4901961 0.4941176 0.4941176 0.4941176 0.4941176 0.4941176 0.4941176 0.5019608 0.5019608 0.5019608 0.509804 0.509804 0.509804 0.5529412 0.5529412 0.5529412 0.5294118 0.5294118 0.5294118 0.509804 0.509804 0.509804 0.5176471 0.5176471 0.5176471 0.5529412 0.5529412 0.5529412 0.5019608 0.5019608 0.5019608 0.5176471 0.5176471 0.5176471 0.509804 0.509804 0.509804 0.8196079 0.8196079 0.8196079 0.7647059 0.7647059 0.7647059 0.6196079 0.6196079 0.6196079 0.8196079 0.8196079 0.8196079 0.7647059 0.7647059 0.7647059 0.7647059 0.7647059 0.7647059 0.7686275 0.7686275 0.7686275 0.7647059 0.7647059 0.7647059 0.8196079 0.8196079 0.8196079 0.4901961 0.4901961 0.4901961 0.4901961 0.4901961 0.4901961 0.4941176 0.4941176 0.4941176 0.4901961 0.4901961 0.4901961 0.4862745 0.4862745 0.4862745 0.4901961 0.4901961 0.4901961 0.5058824 0.5058824 0.5058824 0.4862745 0.4862745 0.4862745 0.4901961 0.4901961 0.4901961 0.7254902 0.7254902 0.7254902 0.7254902 0.7254902 0.7254902 0.7215687 0.7215687 0.7215687 0.7254902 0.7254902 0.7254902 0.7215687 0.7215687 0.7215687 0.7254902 0.7254902 0.7254902 0.7372549 0.7372549 0.7372549 0.7215687 0.7215687 0.7215687 0.7254902 0.7254902 0.7254902 0.627451 0.627451 0.627451 0.654902 0.654902 0.654902 0.6431373 0.6431373 0.6431373 0.627451 0.627451 0.627451 0.6313726 0.6313726 0.6313726 0.654902 0.654902 0.654902 0.6 0.6 0.6 0.6313726 0.6313726 0.6313726 0.627451 0.627451 0.627451 0.5137255 0.5137255 0.5137255 0.6941177 0.6941177 0.6941177 0.5529412 0.5529412 0.5529412 0.5137255 0.5137255 0.5137255 0.5490196 0.5490196 0.5490196 0.6941177 0.6941177 0.6941177 0.4941176 0.4941176 0.4941176 0.5490196 0.5490196 0.5490196 0.5137255 0.5137255 0.5137255 0.5294118 0.5294118 0.5294118 0.5568628 0.5568628 0.5568628 0.5568628 0.5568628 0.5568628 0.5294118 0.5294118 0.5294118 0.5215687 0.5215687 0.5215687 0.5568628 0.5568628 0.5568628 0.5176471 0.5176471 0.5176471 0.5215687 0.5215687 0.5215687 0.5294118 0.5294118 0.5294118 0.9098039 0.9098039 0.9098039 0.8745098 0.8745098 0.8745098 0.9098039 0.9098039 0.9098039 0.9098039 0.9098039 0.9098039 0.8666667 0.8666667 0.8666667 0.8745098 0.8745098 0.8745098 0.8666667 0.8666667 0.8666667 0.8666667 0.8666667 0.8666667 0.9098039 0.9098039 0.9098039 0.5294118 0.5294118 0.5294118 0.5372549 0.5372549 0.5372549 0.5411765 0.5411765 0.5411765 0.5294118 0.5294118 0.5294118 0.5294118 0.5294118 0.5294118 0.5372549 0.5372549 0.5372549 0.5294118 0.5294118 0.5294118 0.5294118 0.5294118 0.5294118 0.5294118 0.5294118 0.5294118 0.9098039 0.9098039 0.9098039 0.8392157 0.8392157 0.8392157 0.8509804 0.8509804 0.8509804 0.9098039 0.9098039 0.9098039 0.9215686 0.9215686 0.9215686 0.8392157 0.8392157 0.8392157 0.9411765 0.9411765 0.9411765 0.9215686 0.9215686 0.9215686 0.9098039 0.9098039 0.9098039 0.4941176 0.4941176 0.4941176 0.5215687 0.5215687 0.5215687 0.5176471 0.5176471 0.5176471 0.4941176 0.4941176 0.4941176 0.5019608 0.5019608 0.5019608 0.5215687 0.5215687 0.5215687 0.5019608 0.5019608 0.5019608 0.5019608 0.5019608 0.5019608 0.4941176 0.4941176 0.4941176 0.5254902 0.5254902 0.5254902 0.5411765 0.5411765 0.5411765 0.5411765 0.5411765 0.5411765 0.5254902 0.5254902 0.5254902 0.5176471 0.5176471 0.5176471 0.5411765 0.5411765 0.5411765 0.5215687 0.5215687 0.5215687 0.5176471 0.5176471 0.5176471 0.5254902 0.5254902 0.5254902 0.4784314 0.4784314 0.4784314 0.4784314 0.4784314 0.4784314 0.4784314 0.4784314 0.4784314 0.4784314 0.4784314 0.4784314 0.4745098 0.4745098 0.4745098 0.4784314 0.4784314 0.4784314 0.4784314 0.4784314 0.4784314 0.4745098 0.4745098 0.4745098 0.4784314 0.4784314 0.4784314 0.8 0.8 0.8 0.7647059 0.7647059 0.7647059 0.7529412 0.7529412 0.7529412 0.8 0.8 0.8 0.8156863 0.8156863 0.8156863 0.7647059 0.7647059 0.7647059 0.8313726 0.8313726 0.8313726 0.8156863 0.8156863 0.8156863 0.8 0.8 0.8 0.4901961 0.4901961 0.4901961 0.4823529 0.4823529 0.4823529 0.4901961 0.4901961 0.4901961 0.4901961 0.4901961 0.4901961 0.4823529 0.4823529 0.4823529 0.4823529 0.4823529 0.4823529 0.4823529 0.4823529 0.4823529 0.4823529 0.4823529 0.4823529 0.4901961 0.4901961 0.4901961 0.5137255 0.5137255 0.5137255 0.5137255 0.5137255 0.5137255 0.4941176 0.4941176 0.4941176 0.5137255 0.5137255 0.5137255 0.5176471 0.5176471 0.5176471 0.5137255 0.5137255 0.5137255 0.509804 0.509804 0.509804 0.5176471 0.5176471 0.5176471 0.5137255 0.5137255 0.5137255 0.7137255 0.7137255 0.7137255 0.654902 0.654902 0.654902 0.6941177 0.6941177 0.6941177 0.7137255 0.7137255 0.7137255 0.5882353 0.5882353 0.5882353 0.654902 0.654902 0.654902 0.7647059 0.7647059 0.7647059 0.5882353 0.5882353 0.5882353 0.7137255 0.7137255 0.7137255 0.4823529 0.4823529 0.4823529 0.4823529 0.4823529 0.4823529 0.4823529 0.4823529 0.4823529 0.4823529 0.4823529 0.4823529 0.4862745 0.4862745 0.4862745 0.4823529 0.4823529 0.4823529 0.4823529 0.4823529 0.4823529 0.4862745 0.4862745 0.4862745 0.4823529 0.4823529 0.4823529 0.7019608 0.7019608 0.7019608 0.6901961 0.6901961 0.6901961 0.6862745 0.6862745 0.6862745 0.7019608 0.7019608 0.7019608 0.6941177 0.6941177 0.6941177 0.6901961 0.6901961 0.6901961 0.7098039 0.7098039 0.7098039 0.6941177 0.6941177 0.6941177 0.7019608 0.7019608 0.7019608 0.4980392 0.4980392 0.4980392 0.5058824 0.5058824 0.5058824 0.4784314 0.4784314 0.4784314 0.4980392 0.4980392 0.4980392 0.5058824 0.5058824 0.5058824 0.5058824 0.5058824 0.5058824 0.5215687 0.5215687 0.5215687 0.5058824 0.5058824 0.5058824 0.4980392 0.4980392 0.4980392 0.4941176 0.4941176 0.4941176 0.4862745 0.4862745 0.4862745 0.5176471 0.5176471 0.5176471 0.4941176 0.4941176 0.4941176 0.4941176 0.4941176 0.4941176 0.4862745 0.4862745 0.4862745 0.4823529 0.4823529 0.4823529 0.4941176 0.4941176 0.4941176 0.4941176 0.4941176 0.4941176 0.4823529 0.4823529 0.4823529 0.4784314 0.4784314 0.4784314 0.4823529 0.4823529 0.4823529 0.4823529 0.4823529 0.4823529 0.4784314 0.4784314 0.4784314 0.4784314 0.4784314 0.4784314 0.4823529 0.4823529 0.4823529 0.4784314 0.4784314 0.4784314 0.4823529 0.4823529 0.4823529 0.5294118 0.5294118 0.5294118 0.4941176 0.4941176 0.4941176 0.5058824 0.5058824 0.5058824 0.5294118 0.5294118 0.5294118 0.4823529 0.4823529 0.4823529 0.4941176 0.4941176 0.4941176 0.5058824 0.5058824 0.5058824 0.4823529 0.4823529 0.4823529 0.5294118 0.5294118 0.5294118 0.4941176 0.4941176 0.4941176 0.4823529 0.4823529 0.4823529 0.4901961 0.4901961 0.4901961 0.4941176 0.4941176 0.4941176 0.4941176 0.4941176 0.4941176 0.4823529 0.4823529 0.4823529 0.4941176 0.4941176 0.4941176 0.4941176 0.4941176 0.4941176 0.4941176 0.4941176 0.4941176 0.4823529 0.4823529 0.4823529 0.4823529 0.4823529 0.4823529 0.4784314 0.4784314 0.4784314 0.4823529 0.4823529 0.4823529 0.4862745 0.4862745 0.4862745 0.4823529 0.4823529 0.4823529 0.4784314 0.4784314 0.4784314 0.4862745 0.4862745 0.4862745 0.4823529 0.4823529 0.4823529 0.7372549 0.7372549 0.7372549 0.7411765 0.7411765 0.7411765 0.7294118 0.7294118 0.7294118 0.7372549 0.7372549 0.7372549 0.7529412 0.7529412 0.7529412 0.7411765 0.7411765 0.7411765 0.7294118 0.7294118 0.7294118 0.7529412 0.7529412 0.7529412 0.7372549 0.7372549 0.7372549 0.5607843 0.5607843 0.5607843 0.5686275 0.5686275 0.5686275 0.5921569 0.5921569 0.5921569 0.5607843 0.5607843 0.5607843 0.5843138 0.5843138 0.5843138 0.5686275 0.5686275 0.5686275 0.5843138 0.5843138 0.5843138 0.5843138 0.5843138 0.5843138 0.5607843 0.5607843 0.5607843 0.5176471 0.5176471 0.5176471 0.5176471 0.5176471 0.5176471 0.5137255 0.5137255 0.5137255 0.5176471 0.5176471 0.5176471 0.5215687 0.5215687 0.5215687 0.5176471 0.5176471 0.5176471 0.5568628 0.5568628 0.5568628 0.5215687 0.5215687 0.5215687 0.5176471 0.5176471 0.5176471 0.5686275 0.5686275 0.5686275 0.5725491 0.5725491 0.5725491 0.5686275 0.5686275 0.5686275 0.5686275 0.5686275 0.5686275 0.5803922 0.5803922 0.5803922 0.5725491 0.5725491 0.5725491 0.5764706 0.5764706 0.5764706 0.5803922 0.5803922 0.5803922 0.5686275 0.5686275 0.5686275 0.5058824 0.5058824 0.5058824 0.5058824 0.5058824 0.5058824 0.5529412 0.5529412 0.5529412 0.5058824 0.5058824 0.5058824 0.4980392 0.4980392 0.4980392 0.5058824 0.5058824 0.5058824 0.4901961 0.4901961 0.4901961 0.4980392 0.4980392 0.4980392 0.5058824 0.5058824 0.5058824 0.5215687 0.5215687 0.5215687 0.5372549 0.5372549 0.5372549 0.5215687 0.5215687 0.5215687 0.5215687 0.5215687 0.5215687 0.5019608 0.5019608 0.5019608 0.5372549 0.5372549 0.5372549 0.5176471 0.5176471 0.5176471 0.5019608 0.5019608 0.5019608 0.5215687 0.5215687 0.5215687 0.4784314 0.4784314 0.4784314 0.4823529 0.4823529 0.4823529 0.4784314 0.4784314 0.4784314 0.4784314 0.4784314 0.4784314 0.4823529 0.4823529 0.4823529 0.4823529 0.4823529 0.4823529 0.4823529 0.4823529 0.4823529 0.4823529 0.4823529 0.4823529 0.4784314 0.4784314 0.4784314 0.5882353 0.5882353 0.5882353 0.6117647 0.6117647 0.6117647 0.5843138 0.5843138 0.5843138 0.5882353 0.5882353 0.5882353 0.627451 0.627451 0.627451 0.6117647 0.6117647 0.6117647 0.5843138 0.5843138 0.5843138 0.627451 0.627451 0.627451 0.5882353 0.5882353 0.5882353 0.5921569 0.5921569 0.5921569 0.5921569 0.5921569 0.5921569 0.6117647 0.6117647 0.6117647 0.5921569 0.5921569 0.5921569 0.5843138 0.5843138 0.5843138 0.5921569 0.5921569 0.5921569 0.6117647 0.6117647 0.6117647 0.5843138 0.5843138 0.5843138 0.5921569 0.5921569 0.5921569 0.5372549 0.5372549 0.5372549 0.5372549 0.5372549 0.5372549 0.5607843 0.5607843 0.5607843 0.5372549 0.5372549 0.5372549 0.5215687 0.5215687 0.5215687 0.5372549 0.5372549 0.5372549 0.654902 0.654902 0.654902 0.5215687 0.5215687 0.5215687 0.5372549 0.5372549 0.5372549 0.5960785 0.5960785 0.5960785 0.5921569 0.5921569 0.5921569 0.5803922 0.5803922 0.5803922 0.5960785 0.5960785 0.5960785 0.6313726 0.6313726 0.6313726 0.5921569 0.5921569 0.5921569 0.6039216 0.6039216 0.6039216 0.6313726 0.6313726 0.6313726 0.5960785 0.5960785 0.5960785 0.5333334 0.5333334 0.5333334 0.5294118 0.5294118 0.5294118 0.5568628 0.5568628 0.5568628 0.5333334 0.5333334 0.5333334 0.5137255 0.5137255 0.5137255 0.5294118 0.5294118 0.5294118 0.5529412 0.5529412 0.5529412 0.5137255 0.5137255 0.5137255 0.5333334 0.5333334 0.5333334 0.7254902 0.7254902 0.7254902 0.7215687 0.7215687 0.7215687 0.7215687 0.7215687 0.7215687 0.7254902 0.7254902 0.7254902 0.7411765 0.7411765 0.7411765 0.7215687 0.7215687 0.7215687 0.7490196 0.7490196 0.7490196 0.7411765 0.7411765 0.7411765 0.7254902 0.7254902 0.7254902 0.9568628 0.9568628 0.9568628 0.9215686 0.9215686 0.9215686 0.9607843 0.9607843 0.9607843 0.9568628 0.9568628 0.9568628 0.9333333 0.9333333 0.9333333 0.9215686 0.9215686 0.9215686 0.9490196 0.9490196 0.9490196 0.9333333 0.9333333 0.9333333 0.9568628 0.9568628 0.9568628 0.9490196 0.9490196 0.9490196 0.9490196 0.9490196 0.9490196 0.9607843 0.9607843 0.9607843 0.9490196 0.9490196 0.9490196 0.9803922 0.9803922 0.9803922 0.9490196 0.9490196 0.9490196 0.9960784 0.9960784 0.9960784 0.9803922 0.9803922 0.9803922 0.9490196 0.9490196 0.9490196 0.4862745 0.4862745 0.4862745 0.4941176 0.4941176 0.4941176 0.5137255 0.5137255 0.5137255 0.4862745 0.4862745 0.4862745 0.4980392 0.4980392 0.4980392 0.4941176 0.4941176 0.4941176 0.4901961 0.4901961 0.4901961 0.4980392 0.4980392 0.4980392 0.4862745 0.4862745 0.4862745 0.827451 0.827451 0.827451 0.8 0.8 0.8 0.8705883 0.8705883 0.8705883 0.827451 0.827451 0.827451 0.8 0.8 0.8 0.8 0.8 0.8 0.8313726 0.8313726 0.8313726 0.8 0.8 0.8 0.827451 0.827451 0.827451 0.5254902 0.5254902 0.5254902 0.4941176 0.4941176 0.4941176 0.5607843 0.5607843 0.5607843 0.5254902 0.5254902 0.5254902 0.5254902 0.5254902 0.5254902 0.4941176 0.4941176 0.4941176 0.6235294 0.6235294 0.6235294 0.5254902 0.5254902 0.5254902 0.5254902 0.5254902 0.5254902 0.4980392 0.4980392 0.4980392 0.4745098 0.4745098 0.4745098 0.5529412 0.5529412 0.5529412 0.4980392 0.4980392 0.4980392 0.4784314 0.4784314 0.4784314 0.4745098 0.4745098 0.4745098 0.4862745 0.4862745 0.4862745 0.4901961 0.4901961 0.4901961 0.4823529 0.4823529 0.4823529 0.4862745 0.4862745 0.4862745 0.509804 0.509804 0.509804 0.4901961 0.4901961 0.4901961 0.5137255 0.5137255 0.5137255 0.509804 0.509804 0.509804 0.5058824 0.5058824 0.5058824 0.5137255 0.5137255 0.5137255 0.5411765 0.5411765 0.5411765 0.509804 0.509804 0.509804 0.5058824 0.5058824 0.5058824 0.509804 0.509804 0.509804 0.5411765 0.5411765 0.5411765 0.5058824 0.5058824 0.5058824 0.4941176 0.4941176 0.4941176 0.509804 0.509804 0.509804 0.4941176 0.4941176 0.4941176 0.4901961 0.4901961 0.4901961 0.509804 0.509804 0.509804 0.4941176 0.4941176 0.4941176 0.4901961 0.4901961 0.4901961 0.4901961 0.4901961 0.4901961 0.509804 0.509804 0.509804 0.4901961 0.4901961 0.4901961 0.4901961 0.4901961 0.4901961 0.509804 0.509804 0.509804 0.509804 0.509804 0.509804 0.4901961 0.4901961 0.4901961 0.4823529 0.4823529 0.4823529 0.4784314 0.4784314 0.4784314 0.5137255 0.5137255 0.5137255 0.4823529 0.4823529 0.4823529 0.4705882 0.4705882 0.4705882 0.4784314 0.4784314 0.4784314 0.5137255 0.5137255 0.5137255 0.5215687 0.5215687 0.5215687 0.5019608 0.5019608 0.5019608 0.5137255 0.5137255 0.5137255 0.5176471 0.5176471 0.5176471 0.5215687 0.5215687 0.5215687 0.6509804 0.6509804 0.6509804 0.5843138 0.5843138 0.5843138 0.6705883 0.6705883 0.6705883 0.6509804 0.6509804 0.6509804 0.6392157 0.6392157 0.6392157 0.5843138 0.5843138 0.5843138 0.5647059 0.5647059 0.5647059 0.6039216 0.6039216 0.6039216 0.5647059 0.5647059 0.5647059 0.5647059 0.5647059 0.5647059 0.5607843 0.5607843 0.5607843 0.6039216 0.6039216 0.6039216 0.5411765 0.5411765 0.5411765 0.5647059 0.5647059 0.5647059 0.5333334 0.5333334 0.5333334 0.5411765 0.5411765 0.5411765 0.5176471 0.5176471 0.5176471 0.5647059 0.5647059 0.5647059 0.5490196 0.5490196 0.5490196 0.5333334 0.5333334 0.5333334 0.5333334 0.5333334 0.5333334 0.5490196 0.5490196 0.5490196 0.5529412 0.5529412 0.5529412 0.5333334 0.5333334 0.5333334 0.6313726 0.6313726 0.6313726 0.627451 0.627451 0.627451 0.654902 0.654902 0.654902 0.6313726 0.6313726 0.6313726 0.6 0.6 0.6 0.627451 0.627451 0.627451 0.7254902 0.7254902 0.7254902 0.6509804 0.6509804 0.6509804 0.7372549 0.7372549 0.7372549 0.7254902 0.7254902 0.7254902 0.7294118 0.7294118 0.7294118 0.6509804 0.6509804 0.6509804 0.7137255 0.7137255 0.7137255 0.7058824 0.7058824 0.7058824 0.7098039 0.7098039 0.7098039 0.7137255 0.7137255 0.7137255 0.7137255 0.7137255 0.7137255 0.7058824 0.7058824 0.7058824 0.7098039 0.7098039 0.7098039 0.7098039 0.7098039 0.7098039 0.6980392 0.6980392 0.6980392 0.7098039 0.7098039 0.7098039 0.6980392 0.6980392 0.6980392 0.7098039 0.7098039 0.7098039 0.6705883 0.6705883 0.6705883 0.7098039 0.7098039 0.7098039 0.6980392 0.6980392 0.6980392 0.6705883 0.6705883 0.6705883 0.7137255 0.7137255 0.7137255 0.7098039 0.7098039 0.7098039 0.7176471 0.7176471 0.7176471 0.7098039 0.7098039 0.7098039 0.7098039 0.7098039 0.7098039 0.7176471 0.7176471 0.7176471 0.7215687 0.7215687 0.7215687 0.7098039 0.7098039 0.7098039 0.6705883 0.6705883 0.6705883 0.6705883 0.6705883 0.6705883 0.6941177 0.6941177 0.6941177 0.6705883 0.6705883 0.6705883 0.7215687 0.7215687 0.7215687 0.6705883 0.6705883 0.6705883 0.7254902 0.7254902 0.7254902 0.7137255 0.7137255 0.7137255 0.7098039 0.7098039 0.7098039 0.7254902 0.7254902 0.7254902 0.7137255 0.7137255 0.7137255 0.7137255 0.7137255 0.7137255 0.6588236 0.6588236 0.6588236 0.6352941 0.6352941 0.6352941 0.6156863 0.6156863 0.6156863 0.6588236 0.6588236 0.6588236 0.6862745 0.6862745 0.6862745 0.6352941 0.6352941 0.6352941 0.6901961 0.6901961 0.6901961 0.6862745 0.6862745 0.6862745 0.6745098 0.6745098 0.6745098 0.6901961 0.6901961 0.6901961 0.6941177 0.6941177 0.6941177 0.6862745 0.6862745 0.6862745 0.6901961 0.6901961 0.6901961 0.6627451 0.6627451 0.6627451 0.6901961 0.6901961 0.6901961 0.6901961 0.6901961 0.6901961 0.6745098 0.6745098 0.6745098 0.6627451 0.6627451 0.6627451 0.7098039 0.7098039 0.7098039 0.7098039 0.7098039 0.7098039 0.7176471 0.7176471 0.7176471 0.7098039 0.7098039 0.7098039 0.6862745 0.6862745 0.6862745 0.7098039 0.7098039 0.7098039 0.7098039 0.7098039 0.7098039 0.6352941 0.6352941 0.6352941 0.6862745 0.6862745 0.6862745 0.7098039 0.7098039 0.7098039 0.7176471 0.7176471 0.7176471 0.6352941 0.6352941 0.6352941 0.7019608 0.7019608 0.7019608 0.7098039 0.7098039 0.7098039 0.7019608 0.7019608 0.7019608 0.7019608 0.7019608 0.7019608 0.7098039 0.7098039 0.7098039 0.7098039 0.7098039 0.7098039 0.7019608 0.7019608 0.7019608 0.7137255 0.7137255 0.7137255 0.7098039 0.7098039 0.7098039 0.7019608 0.7019608 0.7019608 0.7019608 0.7019608 0.7019608 0.7137255 0.7137255 0.7137255 0.627451 0.627451 0.627451 0.6235294 0.6235294 0.6235294 0.627451 0.627451 0.627451 0.627451 0.627451 0.627451 0.5843138 0.5843138 0.5843138 0.6235294 0.6235294 0.6235294 0.682353 0.682353 0.682353 0.627451 0.627451 0.627451 0.6470589 0.6470589 0.6470589 0.682353 0.682353 0.682353 0.6352941 0.6352941 0.6352941 0.627451 0.627451 0.627451 0.4941176 0.4941176 0.4941176 0.4941176 0.4941176 0.4941176 0.4980392 0.4980392 0.4980392 0.4941176 0.4941176 0.4941176 0.4901961 0.4901961 0.4901961 0.4941176 0.4941176 0.4941176 0.4862745 0.4862745 0.4862745 0.4784314 0.4784314 0.4784314 0.4823529 0.4823529 0.4823529 0.4862745 0.4862745 0.4862745 0.4823529 0.4823529 0.4823529 0.4784314 0.4784314 0.4784314 0.5333334 0.5333334 0.5333334 0.5411765 0.5411765 0.5411765 0.5411765 0.5411765 0.5411765 0.5333334 0.5333334 0.5333334 0.5372549 0.5372549 0.5372549 0.5411765 0.5411765 0.5411765 0.5294118 0.5294118 0.5294118 0.5450981 0.5450981 0.5450981 0.5450981 0.5450981 0.5450981 0.5294118 0.5294118 0.5294118 0.5372549 0.5372549 0.5372549 0.5450981 0.5450981 0.5450981 0.5019608 0.5019608 0.5019608 0.4980392 0.4980392 0.4980392 0.4823529 0.4823529 0.4823529 0.5019608 0.5019608 0.5019608 0.4980392 0.4980392 0.4980392 0.4980392 0.4980392 0.4980392 0.5058824 0.5058824 0.5058824 0.5372549 0.5372549 0.5372549 0.4980392 0.4980392 0.4980392 0.5058824 0.5058824 0.5058824 0.5372549 0.5372549 0.5372549 0.5372549 0.5372549 0.5372549 0.5372549 0.5372549 0.5372549 0.5176471 0.5176471 0.5176471 0.5372549 0.5372549 0.5372549 0.5372549 0.5372549 0.5372549 0.5372549 0.5372549 0.5372549 0.5176471 0.5176471 0.5176471 0.4941176 0.4941176 0.4941176 0.4784314 0.4784314 0.4784314 0.4941176 0.4941176 0.4941176 0.4941176 0.4941176 0.4941176 0.4745098 0.4745098 0.4745098 0.4784314 0.4784314 0.4784314 0.4941176 0.4941176 0.4941176 0.4784314 0.4784314 0.4784314 0.4980392 0.4980392 0.4980392 0.4941176 0.4941176 0.4941176 0.4941176 0.4941176 0.4941176 0.4784314 0.4784314 0.4784314 0.4901961 0.4901961 0.4901961 0.4862745 0.4862745 0.4862745 0.4901961 0.4901961 0.4901961 0.4901961 0.4901961 0.4901961 0.5137255 0.5137255 0.5137255 0.4862745 0.4862745 0.4862745 0.4862745 0.4862745 0.4862745 0.4784314 0.4784314 0.4784314 0.4901961 0.4901961 0.4901961 0.4862745 0.4862745 0.4862745 0.5254902 0.5254902 0.5254902 0.4784314 0.4784314 0.4784314 0.4784314 0.4784314 0.4784314 0.4784314 0.4784314 0.4784314 0.4901961 0.4901961 0.4901961 0.4784314 0.4784314 0.4784314 0.4745098 0.4745098 0.4745098 0.4784314 0.4784314 0.4784314 0.4823529 0.4823529 0.4823529 0.4745098 0.4745098 0.4745098 0.4784314 0.4784314 0.4784314 0.4823529 0.4823529 0.4823529 0.4823529 0.4823529 0.4823529 0.4745098 0.4745098 0.4745098 0.4823529 0.4823529 0.4823529 0.4784314 0.4784314 0.4784314 0.4745098 0.4745098 0.4745098 0.4823529 0.4823529 0.4823529 0.4823529 0.4823529 0.4823529 0.4784314 0.4784314 0.4784314 0.4784314 0.4784314 0.4784314 0.4901961 0.4901961 0.4901961 0.4901961 0.4901961 0.4901961 0.4784314 0.4784314 0.4784314 0.4823529 0.4823529 0.4823529 0.4901961 0.4901961 0.4901961 0.4823529 0.4823529 0.4823529 0.4823529 0.4823529 0.4823529 0.4823529 0.4823529 0.4823529 0.4823529 0.4823529 0.4823529 0.4823529 0.4823529 0.4823529 0.4823529 0.4823529 0.4823529 0.4823529 0.4823529 0.4823529 0.4823529 0.4823529 0.4823529 0.4823529 0.4823529 0.4823529 0.4823529 0.4823529 0.4823529 0.4823529 0.4823529 0.4823529 0.4823529 0.4823529 0.4823529 0.5568628 0.5568628 0.5568628 0.5294118 0.5294118 0.5294118 0.5568628 0.5568628 0.5568628 0.5568628 0.5568628 0.5568628 0.5294118 0.5294118 0.5294118 0.5294118 0.5294118 0.5294118 0.5568628 0.5568628 0.5568628 0.5607843 0.5607843 0.5607843 0.5490196 0.5490196 0.5490196 0.5568628 0.5568628 0.5568628 0.5568628 0.5568628 0.5568628 0.5607843 0.5607843 0.5607843 0.5607843 0.5607843 0.5607843 0.5568628 0.5568628 0.5568628 0.5607843 0.5607843 0.5607843 0.5607843 0.5607843 0.5607843 0.5568628 0.5568628 0.5568628 0.5568628 0.5568628 0.5568628 0.5254902 0.5254902 0.5254902 0.5372549 0.5372549 0.5372549 0.5294118 0.5294118 0.5294118 0.5254902 0.5254902 0.5254902 0.5294118 0.5294118 0.5294118 0.5372549 0.5372549 0.5372549 0.5490196 0.5490196 0.5490196 0.5607843 0.5607843 0.5607843 0.5568628 0.5568628 0.5568628 0.5490196 0.5490196 0.5490196 0.5529412 0.5529412 0.5529412 0.5607843 0.5607843 0.5607843 0.5019608 0.5019608 0.5019608 0.4901961 0.4901961 0.4901961 0.4784314 0.4784314 0.4784314 0.5019608 0.5019608 0.5019608 0.4941176 0.4941176 0.4941176 0.4901961 0.4901961 0.4901961 0.4901961 0.4901961 0.4901961 0.4901961 0.4901961 0.4901961 0.4901961 0.4901961 0.4901961 0.4901961 0.4901961 0.4901961 0.4941176 0.4941176 0.4941176 0.4901961 0.4901961 0.4901961 0.4941176 0.4941176 0.4941176 0.4784314 0.4784314 0.4784314 0.4941176 0.4941176 0.4941176 0.4941176 0.4941176 0.4941176 0.4784314 0.4784314 0.4784314 0.4784314 0.4784314 0.4784314 0.5294118 0.5294118 0.5294118 0.5176471 0.5176471 0.5176471 0.5294118 0.5294118 0.5294118 0.5294118 0.5294118 0.5294118 0.5019608 0.5019608 0.5019608 0.5176471 0.5176471 0.5176471 0.5019608 0.5019608 0.5019608 0.5333334 0.5333334 0.5333334 0.5019608 0.5019608 0.5019608 0.5019608 0.5019608 0.5019608 0.5294118 0.5294118 0.5294118 0.5333334 0.5333334 0.5333334 0.4980392 0.4980392 0.4980392 0.4941176 0.4941176 0.4941176 0.4980392 0.4980392 0.4980392 0.4980392 0.4980392 0.4980392 0.5019608 0.5019608 0.5019608 0.4941176 0.4941176 0.4941176 0.4901961 0.4901961 0.4901961 0.4862745 0.4862745 0.4862745 0.4901961 0.4901961 0.4901961 0.4901961 0.4901961 0.4901961 0.4862745 0.4862745 0.4862745 0.4862745 0.4862745 0.4862745 0.4941176 0.4941176 0.4941176 0.4823529 0.4823529 0.4823529 0.4980392 0.4980392 0.4980392 0.4941176 0.4941176 0.4941176 0.4862745 0.4862745 0.4862745 0.4823529 0.4823529 0.4823529 0.5490196 0.5490196 0.5490196 0.5490196 0.5490196 0.5490196 0.5450981 0.5450981 0.5450981 0.5490196 0.5490196 0.5490196 0.5607843 0.5607843 0.5607843 0.5490196 0.5490196 0.5490196 0.5843138 0.5843138 0.5843138 0.5725491 0.5725491 0.5725491 0.5843138 0.5843138 0.5843138 0.5843138 0.5843138 0.5843138 0.5960785 0.5960785 0.5960785 0.5725491 0.5725491 0.5725491 0.5725491 0.5725491 0.5725491 0.5529412 0.5529412 0.5529412 0.5607843 0.5607843 0.5607843 0.5725491 0.5725491 0.5725491 0.5607843 0.5607843 0.5607843 0.5529412 0.5529412 0.5529412 0.5529412 0.5529412 0.5529412 0.5607843 0.5607843 0.5607843 0.5607843 0.5607843 0.5607843 0.5529412 0.5529412 0.5529412 0.5607843 0.5607843 0.5607843 0.5607843 0.5607843 0.5607843 0.6235294 0.6235294 0.6235294 0.6470589 0.6470589 0.6470589 0.6470589 0.6470589 0.6470589 0.6235294 0.6235294 0.6235294 0.6509804 0.6509804 0.6509804 0.6470589 0.6470589 0.6470589 0.627451 0.627451 0.627451 0.6431373 0.6431373 0.6431373 0.627451 0.627451 0.627451 0.627451 0.627451 0.627451 0.6470589 0.6470589 0.6470589 0.6431373 0.6431373 0.6431373 0.6392157 0.6392157 0.6392157 0.6509804 0.6509804 0.6509804 0.6392157 0.6392157 0.6392157 0.6392157 0.6392157 0.6392157 0.6313726 0.6313726 0.6313726 0.6509804 0.6509804 0.6509804 0.5686275 0.5686275 0.5686275 0.5843138 0.5843138 0.5843138 0.5764706 0.5764706 0.5764706 0.5686275 0.5686275 0.5686275 0.5803922 0.5803922 0.5803922 0.5843138 0.5843138 0.5843138 0.6313726 0.6313726 0.6313726 0.5882353 0.5882353 0.5882353 0.6039216 0.6039216 0.6039216 0.6313726 0.6313726 0.6313726 0.5843138 0.5843138 0.5843138 0.5882353 0.5882353 0.5882353 0.6235294 0.6235294 0.6235294 0.6470589 0.6470589 0.6470589 0.627451 0.627451 0.627451 0.6235294 0.6235294 0.6235294 0.6509804 0.6509804 0.6509804 0.6470589 0.6470589 0.6470589 0.6470589 0.6470589 0.6470589 0.627451 0.627451 0.627451 0.6509804 0.6509804 0.6509804 0.6470589 0.6470589 0.6470589 0.6509804 0.6509804 0.6509804 0.627451 0.627451 0.627451 0.6470589 0.6470589 0.6470589 0.6705883 0.6705883 0.6705883 0.6470589 0.6470589 0.6470589 0.6470589 0.6470589 0.6470589 0.6509804 0.6509804 0.6509804 0.6705883 0.6705883 0.6705883 0.5490196 0.5490196 0.5490196 0.5647059 0.5647059 0.5647059 0.5529412 0.5529412 0.5529412 0.5490196 0.5490196 0.5490196 0.5686275 0.5686275 0.5686275 0.5647059 0.5647059 0.5647059 0.6431373 0.6431373 0.6431373 0.6666667 0.6666667 0.6666667 0.6509804 0.6509804 0.6509804 0.6431373 0.6431373 0.6431373 0.627451 0.627451 0.627451 0.6666667 0.6666667 0.6666667 0.4745098 0.4745098 0.4745098 0.4823529 0.4823529 0.4823529 0.5137255 0.5137255 0.5137255 0.4745098 0.4745098 0.4745098 0.4823529 0.4823529 0.4823529 0.4823529 0.4823529 0.4823529 0.6705883 0.6705883 0.6705883 0.7450981 0.7450981 0.7450981 0.7882353 0.7882353 0.7882353 0.6705883 0.6705883 0.6705883 0.7058824 0.7058824 0.7058824 0.7450981 0.7450981 0.7450981 0.7568628 0.7568628 0.7568628 0.7529412 0.7529412 0.7529412 0.654902 0.654902 0.654902 0.7568628 0.7568628 0.7568628 0.7098039 0.7098039 0.7098039 0.7529412 0.7529412 0.7529412 0.6588236 0.6588236 0.6588236 0.6705883 0.6705883 0.6705883 0.6392157 0.6392157 0.6392157 0.6588236 0.6588236 0.6588236 0.6509804 0.6509804 0.6509804 0.6705883 0.6705883 0.6705883 0.654902 0.654902 0.654902 0.6627451 0.6627451 0.6627451 0.6509804 0.6509804 0.6509804 0.654902 0.654902 0.654902 0.682353 0.682353 0.682353 0.6627451 0.6627451 0.6627451 0.6627451 0.6627451 0.6627451 0.7019608 0.7019608 0.7019608 0.6862745 0.6862745 0.6862745 0.6627451 0.6627451 0.6627451 0.682353 0.682353 0.682353 0.7019608 0.7019608 0.7019608 0.6196079 0.6196079 0.6196079 0.6117647 0.6117647 0.6117647 0.5960785 0.5960785 0.5960785 0.6196079 0.6196079 0.6196079 0.6313726 0.6313726 0.6313726 0.6117647 0.6117647 0.6117647 0.5882353 0.5882353 0.5882353 0.6117647 0.6117647 0.6117647 0.6 0.6 0.6 0.5882353 0.5882353 0.5882353 0.6196079 0.6196079 0.6196079 0.6117647 0.6117647 0.6117647 0.6588236 0.6588236 0.6588236 0.6627451 0.6627451 0.6627451 0.6196079 0.6196079 0.6196079 0.6588236 0.6588236 0.6588236 0.7098039 0.7098039 0.7098039 0.6627451 0.6627451 0.6627451 0.5647059 0.5647059 0.5647059 0.6078432 0.6078432 0.6078432 0.6039216 0.6039216 0.6039216 0.5647059 0.5647059 0.5647059 0.5843138 0.5843138 0.5843138 0.6078432 0.6078432 0.6078432 0.6196079 0.6196079 0.6196079 0.7019608 0.7019608 0.7019608 0.6352941 0.6352941 0.6352941 0.6196079 0.6196079 0.6196079 0.6196079 0.6196079 0.6196079 0.7019608 0.7019608 0.7019608 0.5411765 0.5411765 0.5411765 0.5333334 0.5333334 0.5333334 0.5607843 0.5607843 0.5607843 0.5411765 0.5411765 0.5411765 0.5372549 0.5372549 0.5372549 0.5333334 0.5333334 0.5333334 0.6941177 0.6941177 0.6941177 0.7019608 0.7019608 0.7019608 0.7137255 0.7137255 0.7137255 0.6941177 0.6941177 0.6941177 0.7058824 0.7058824 0.7058824 0.7019608 0.7019608 0.7019608 0.6588236 0.6588236 0.6588236 0.6901961 0.6901961 0.6901961 0.654902 0.654902 0.654902 0.6588236 0.6588236 0.6588236 0.6588236 0.6588236 0.6588236 0.6901961 0.6901961 0.6901961 0.6117647 0.6117647 0.6117647 0.6313726 0.6313726 0.6313726 0.6117647 0.6117647 0.6117647 0.6117647 0.6117647 0.6117647 0.6313726 0.6313726 0.6313726 0.6313726 0.6313726 0.6313726 0.6117647 0.6117647 0.6117647 0.6117647 0.6117647 0.6117647 0.6117647 0.6117647 0.6117647 0.6117647 0.6117647 0.6117647 0.6117647 0.6117647 0.6117647 0.6117647 0.6117647 0.6117647 0.6392157 0.6392157 0.6392157 0.6156863 0.6156863 0.6156863 0.6313726 0.6313726 0.6313726 0.6392157 0.6392157 0.6392157 0.6392157 0.6392157 0.6392157 0.6156863 0.6156863 0.6156863 0.6156863 0.6156863 0.6156863 0.6509804 0.6509804 0.6509804 0.6431373 0.6431373 0.6431373 0.6156863 0.6156863 0.6156863 0.6392157 0.6392157 0.6392157 0.6509804 0.6509804 0.6509804 0.6509804 0.6509804 0.6509804 0.6705883 0.6705883 0.6705883 0.6509804 0.6509804 0.6509804 0.6509804 0.6509804 0.6509804 0.6392157 0.6392157 0.6392157 0.6705883 0.6705883 0.6705883 0.7215687 0.7215687 0.7215687 0.6901961 0.6901961 0.6901961 0.7294118 0.7294118 0.7294118 0.7215687 0.7215687 0.7215687 0.7098039 0.7098039 0.7098039 0.6901961 0.6901961 0.6901961 0.6901961 0.6901961 0.6901961 0.7098039 0.7098039 0.7098039 0.6901961 0.6901961 0.6901961 0.6901961 0.6901961 0.6901961 0.7098039 0.7098039 0.7098039 0.7098039 0.7098039 0.7098039 0.6901961 0.6901961 0.6901961 0.6901961 0.6901961 0.6901961 0.6901961 0.6901961 0.6901961 0.6901961 0.6901961 0.6901961 0.6901961 0.6901961 0.6901961 0.6901961 0.6901961 0.6901961 0.6980392 0.6980392 0.6980392 0.6941177 0.6941177 0.6941177 0.7019608 0.7019608 0.7019608 0.6980392 0.6980392 0.6980392 0.7137255 0.7137255 0.7137255 0.6941177 0.6941177 0.6941177 0.6235294 0.6235294 0.6235294 0.5843138 0.5843138 0.5843138 0.6352941 0.6352941 0.6352941 0.6235294 0.6235294 0.6235294 0.6078432 0.6078432 0.6078432 0.5843138 0.5843138 0.5843138 0.7058824 0.7058824 0.7058824 0.7215687 0.7215687 0.7215687 0.7137255 0.7137255 0.7137255 0.7058824 0.7058824 0.7058824 0.7176471 0.7176471 0.7176471 0.7215687 0.7215687 0.7215687 0.7254902 0.7254902 0.7254902 0.7215687 0.7215687 0.7215687 0.7372549 0.7372549 0.7372549 0.7254902 0.7254902 0.7254902 0.7215687 0.7215687 0.7215687 0.7215687 0.7215687 0.7215687 0.7215687 0.7215687 0.7215687 0.7450981 0.7450981 0.7450981 0.7058824 0.7058824 0.7058824 0.7215687 0.7215687 0.7215687 0.7058824 0.7058824 0.7058824 0.7450981 0.7450981 0.7450981 0.7215687 0.7215687 0.7215687 0.7137255 0.7137255 0.7137255 0.7137255 0.7137255 0.7137255 0.7215687 0.7215687 0.7215687 0.7215687 0.7215687 0.7215687 0.7137255 0.7137255 0.7137255 0.7215687 0.7215687 0.7215687 0.7294118 0.7294118 0.7294118 0.7254902 0.7254902 0.7254902 0.7215687 0.7215687 0.7215687 0.7372549 0.7372549 0.7372549 0.7294118 0.7294118 0.7294118 0.7215687 0.7215687 0.7215687 0.7137255 0.7137255 0.7137255 0.7137255 0.7137255 0.7137255 0.7215687 0.7215687 0.7215687 0.7137255 0.7137255 0.7137255 0.7137255 0.7137255 0.7137255 0.7254902 0.7254902 0.7254902 0.7215687 0.7215687 0.7215687 0.7372549 0.7372549 0.7372549 0.7254902 0.7254902 0.7254902 0.7254902 0.7254902 0.7254902 0.7215687 0.7215687 0.7215687 0.7372549 0.7372549 0.7372549 0.7254902 0.7254902 0.7254902 0.7254902 0.7254902 0.7254902 0.7372549 0.7372549 0.7372549 0.7215687 0.7215687 0.7215687 0.7254902 0.7254902 0.7254902 0.8705883 0.8705883 0.8705883 0.882353 0.882353 0.882353 0.682353 0.682353 0.682353 0.8705883 0.8705883 0.8705883 0.8 0.8 0.8 0.882353 0.882353 0.882353 0.9215686 0.9215686 0.9215686 0.972549 0.972549 0.972549 0.972549 0.972549 0.972549 0.9215686 0.9215686 0.9215686 0.8941177 0.8941177 0.8941177 0.972549 0.972549 0.972549 0.8196079 0.8196079 0.8196079 0.9019608 0.9019608 0.9019608 0.854902 0.854902 0.854902 0.8196079 0.8196079 0.8196079 0.8588235 0.8588235 0.8588235 0.9019608 0.9019608 0.9019608 0.9411765 0.9411765 0.9411765 0.9019608 0.9019608 0.9019608 0.9411765 0.9411765 0.9411765 0.9411765 0.9411765 0.9411765 0.9411765 0.9411765 0.9411765 0.9019608 0.9019608 0.9019608 0.9215686 0.9215686 0.9215686 0.9568628 0.9568628 0.9568628 0.972549 0.972549 0.972549 0.9215686 0.9215686 0.9215686 0.9294118 0.9294118 0.9294118 0.9568628 0.9568628 0.9568628 0.9215686 0.9215686 0.9215686 0.972549 0.972549 0.972549 0.8941177 0.8941177 0.8941177 0.9215686 0.9215686 0.9215686 0.972549 0.972549 0.972549 0.972549 0.972549 0.972549 0.9529412 0.9529412 0.9529412 0.9568628 0.9568628 0.9568628 0.9294118 0.9294118 0.9294118 0.9529412 0.9529412 0.9529412 0.9254902 0.9254902 0.9254902 0.9568628 0.9568628 0.9568628 0.9568628 0.9568628 0.9568628 0.9450981 0.9450981 0.9450981 0.9215686 0.9215686 0.9215686 0.9568628 0.9568628 0.9568628 0.9254902 0.9254902 0.9254902 0.9450981 0.9450981 0.9450981 0.9686275 0.9686275 0.9686275 0.9764706 0.9764706 0.9764706 0.9529412 0.9529412 0.9529412 0.9686275 0.9686275 0.9686275 0.9529412 0.9529412 0.9529412 0.9764706 0.9764706 0.9764706 0.7882353 0.7882353 0.7882353 0.827451 0.827451 0.827451 0.7843137 0.7843137 0.7843137 0.7882353 0.7882353 0.7882353 0.8431373 0.8431373 0.8431373 0.827451 0.827451 0.827451 0.8352941 0.8352941 0.8352941 0.8862745 0.8862745 0.8862745 0.8313726 0.8313726 0.8313726 0.8352941 0.8352941 0.8352941 0.8784314 0.8784314 0.8784314 0.8862745 0.8862745 0.8862745 0.8470588 0.8470588 0.8470588 0.9215686 0.9215686 0.9215686 0.9176471 0.9176471 0.9176471 0.8470588 0.8470588 0.8470588 0.9019608 0.9019608 0.9019608 0.9215686 0.9215686 0.9215686 0.7647059 0.7647059 0.7647059 0.7058824 0.7058824 0.7058824 0.6980392 0.6980392 0.6980392 0.7647059 0.7647059 0.7647059 0.7450981 0.7450981 0.7450981 0.7058824 0.7058824 0.7058824 0.8196079 0.8196079 0.8196079 0.9019608 0.9019608 0.9019608 0.8392157 0.8392157 0.8392157 0.8196079 0.8196079 0.8196079 0.9098039 0.9098039 0.9098039 0.9019608 0.9019608 0.9019608 0.9764706 0.9764706 0.9764706 0.9294118 0.9294118 0.9294118 0.9843137 0.9843137 0.9843137 0.9764706 0.9764706 0.9764706 0.9529412 0.9529412 0.9529412 0.9294118 0.9294118 0.9294118 0.6588236 0.6588236 0.6588236 0.654902 0.654902 0.654902 0.7921569 0.7921569 0.7921569 0.6588236 0.6588236 0.6588236 0.6784314 0.6784314 0.6784314 0.654902 0.654902 0.654902 0.9686275 0.9686275 0.9686275 0.6588236 0.6588236 0.6588236 0.7921569 0.7921569 0.7921569 0.9686275 0.9686275 0.9686275 0.8666667 0.8666667 0.8666667 0.6588236 0.6588236 0.6588236 0.5725491 0.5725491 0.5725491 0.6941177 0.6941177 0.6941177 0.5058824 0.5058824 0.5058824 0.5725491 0.5725491 0.5725491 0.5960785 0.5960785 0.5960785 0.6941177 0.6941177 0.6941177 0.5058824 0.5058824 0.5058824 0.5490196 0.5490196 0.5490196 0.5725491 0.5725491 0.5725491 0.5058824 0.5058824 0.5058824 0.5568628 0.5568628 0.5568628 0.5490196 0.5490196 0.5490196 0.5490196 0.5490196 0.5490196 0.4941176 0.4941176 0.4941176 0.5568628 0.5568628 0.5568628 0.5490196 0.5490196 0.5490196 0.5490196 0.5490196 0.5490196 0.4941176 0.4941176 0.4941176 0.6941177 0.6941177 0.6941177 0.5490196 0.5490196 0.5490196 0.5568628 0.5568628 0.5568628 0.6941177 0.6941177 0.6941177 0.5490196 0.5490196 0.5490196 0.5490196 0.5490196 0.5490196 0.4823529 0.4823529 0.4823529 0.4784314 0.4784314 0.4784314 0.4823529 0.4823529 0.4823529 0.4823529 0.4823529 0.4823529 0.4784314 0.4784314 0.4784314 0.4784314 0.4784314 0.4784314 0.4784314 0.4784314 0.4784314 0.4745098 0.4745098 0.4745098 0.4823529 0.4823529 0.4823529 0.4784314 0.4784314 0.4784314 0.4862745 0.4862745 0.4862745 0.4745098 0.4745098 0.4745098 0.8627451 0.8627451 0.8627451 0.9490196 0.9490196 0.9490196 0.9215686 0.9215686 0.9215686 0.8627451 0.8627451 0.8627451 0.854902 0.854902 0.854902 0.9490196 0.9490196 0.9490196 0.9019608 0.9019608 0.9019608 0.7450981 0.7450981 0.7450981 0.7137255 0.7137255 0.7137255 0.9019608 0.9019608 0.9019608 0.9058824 0.9058824 0.9058824 0.7450981 0.7450981 0.7450981 0.9647059 0.9647059 0.9647059 0.9019608 0.9019608 0.9019608 0.9372549 0.9372549 0.9372549 0.9647059 0.9647059 0.9647059 0.9058824 0.9058824 0.9058824 0.9019608 0.9019608 0.9019608 0.7686275 0.7686275 0.7686275 0.854902 0.854902 0.854902 0.8627451 0.8627451 0.8627451 0.7686275 0.7686275 0.7686275 0.8470588 0.8470588 0.8470588 0.854902 0.854902 0.854902 0.8666667 0.8666667 0.8666667 0.8313726 0.8313726 0.8313726 0.8784314 0.8784314 0.8784314 0.8666667 0.8666667 0.8666667 0.8156863 0.8156863 0.8156863 0.8313726 0.8313726 0.8313726 0.7647059 0.7647059 0.7647059 0.7529412 0.7529412 0.7529412 0.7450981 0.7450981 0.7450981 0.7647059 0.7647059 0.7647059 0.7568628 0.7568628 0.7568628 0.7529412 0.7529412 0.7529412 0.9450981 0.9450981 0.9450981 0.9176471 0.9176471 0.9176471 0.9450981 0.9450981 0.9450981 0.9450981 0.9450981 0.9450981 0.9176471 0.9176471 0.9176471 0.9176471 0.9176471 0.9176471 0.7647059 0.7647059 0.7647059 0.9058824 0.9058824 0.9058824 0.882353 0.882353 0.882353 0.7647059 0.7647059 0.7647059 0.8470588 0.8470588 0.8470588 0.9058824 0.9058824 0.9058824 0.8470588 0.8470588 0.8470588 0.8627451 0.8627451 0.8627451 0.8588235 0.8588235 0.8588235 0.8470588 0.8470588 0.8470588 0.8235294 0.8235294 0.8235294 0.8627451 0.8627451 0.8627451 0.5333334 0.5333334 0.5333334 0.5843138 0.5843138 0.5843138 0.5137255 0.5137255 0.5137255 0.5333334 0.5333334 0.5333334 0.5607843 0.5607843 0.5607843 0.5843138 0.5843138 0.5843138 0.5294118 0.5294118 0.5294118 0.5333334 0.5333334 0.5333334 0.5333334 0.5333334 0.5333334 0.5294118 0.5294118 0.5294118 0.5294118 0.5294118 0.5294118 0.5333334 0.5333334 0.5333334 0.8705883 0.8705883 0.8705883 0.9764706 0.9764706 0.9764706 1 1 1 0.8705883 0.8705883 0.8705883 0.7333334 0.7333334 0.7333334 0.9764706 0.9764706 0.9764706 0.627451 0.627451 0.627451 0.7490196 0.7490196 0.7490196 0.6862745 0.6862745 0.6862745 0.627451 0.627451 0.627451 0.7294118 0.7294118 0.7294118 0.7490196 0.7490196 0.7490196 0.627451 0.627451 0.627451 0.6588236 0.6588236 0.6588236 0.8666667 0.8666667 0.8666667 0.627451 0.627451 0.627451 0.654902 0.654902 0.654902 0.6588236 0.6588236 0.6588236 0.5215687 0.5215687 0.5215687 0.5176471 0.5176471 0.5176471 0.509804 0.509804 0.509804 0.5215687 0.5215687 0.5215687 0.5490196 0.5490196 0.5490196 0.5176471 0.5176471 0.5176471 0.4784314 0.4784314 0.4784314 0.4784314 0.4784314 0.4784314 0.4862745 0.4862745 0.4862745 0.4784314 0.4784314 0.4784314 0.4862745 0.4862745 0.4862745 0.4784314 0.4784314 0.4784314 0.4823529 0.4823529 0.4823529 0.5137255 0.5137255 0.5137255 0.5803922 0.5803922 0.5803922 0.4823529 0.4823529 0.4823529 0.4784314 0.4784314 0.4784314 0.5137255 0.5137255 0.5137255 0.4784314 0.4784314 0.4784314 0.4901961 0.4901961 0.4901961 0.4941176 0.4941176 0.4941176 0.4784314 0.4784314 0.4784314 0.4862745 0.4862745 0.4862745 0.4901961 0.4901961 0.4901961 0.509804 0.509804 0.509804 0.4980392 0.4980392 0.4980392 0.4980392 0.4980392 0.4980392 0.509804 0.509804 0.509804 0.4980392 0.4980392 0.4980392 0.4980392 0.4980392 0.4980392 0.5019608 0.5019608 0.5019608 0.4862745 0.4862745 0.4862745 0.4901961 0.4901961 0.4901961 0.5019608 0.5019608 0.5019608 0.4823529 0.4823529 0.4823529 0.4862745 0.4862745 0.4862745 0.4862745 0.4862745 0.4862745 0.4862745 0.4862745 0.4862745 0.4862745 0.4862745 0.4862745 0.4862745 0.4862745 0.4862745 0.4823529 0.4823529 0.4823529 0.4862745 0.4862745 0.4862745 0.4862745 0.4862745 0.4862745 0.4823529 0.4823529 0.4823529 0.4823529 0.4823529 0.4823529 0.4862745 0.4862745 0.4862745 0.4823529 0.4823529 0.4823529 0.4823529 0.4823529 0.4823529 0.4862745 0.4862745 0.4862745 0.4901961 0.4901961 0.4901961 0.509804 0.509804 0.509804 0.4862745 0.4862745 0.4862745 0.4862745 0.4862745 0.4862745 0.4901961 0.4901961 0.4901961 0.4823529 0.4823529 0.4823529 0.5215687 0.5215687 0.5215687 0.5215687 0.5215687 0.5215687 0.4823529 0.4823529 0.4823529 0.4823529 0.4823529 0.4823529 0.5215687 0.5215687 0.5215687 0.4784314 0.4784314 0.4784314 0.4784314 0.4784314 0.4784314 0.4823529 0.4823529 0.4823529 0.4784314 0.4784314 0.4784314 0.4823529 0.4823529 0.4823529 0.4784314 0.4784314 0.4784314 0.4823529 0.4823529 0.4823529 0.4862745 0.4862745 0.4862745 0.4784314 0.4784314 0.4784314 0.4823529 0.4823529 0.4823529 0.4823529 0.4823529 0.4823529 0.4862745 0.4862745 0.4862745 0.4745098 0.4745098 0.4745098 0.4823529 0.4823529 0.4823529 0.4784314 0.4784314 0.4784314 0.4745098 0.4745098 0.4745098 0.4784314 0.4784314 0.4784314 0.4823529 0.4823529 0.4823529 0.4862745 0.4862745 0.4862745 0.4705882 0.4705882 0.4705882 0.4784314 0.4784314 0.4784314 0.4862745 0.4862745 0.4862745 0.4823529 0.4823529 0.4823529 0.4705882 0.4705882 0.4705882 0.6941177 0.6941177 0.6941177 0.682353 0.682353 0.682353 0.5960785 0.5960785 0.5960785 0.6941177 0.6941177 0.6941177 0.654902 0.654902 0.654902 0.682353 0.682353 0.682353 0.8 0.8 0.8 0.7490196 0.7490196 0.7490196 0.7764706 0.7764706 0.7764706 0.8 0.8 0.8 0.8705883 0.8705883 0.8705883 0.7490196 0.7490196 0.7490196 0.682353 0.682353 0.682353 0.7490196 0.7490196 0.7490196 0.8705883 0.8705883 0.8705883 0.682353 0.682353 0.682353 0.654902 0.654902 0.654902 0.7490196 0.7490196 0.7490196 0.654902 0.654902 0.654902 0.654902 0.654902 0.654902 0.7490196 0.7490196 0.7490196 0.654902 0.654902 0.654902 0.6941177 0.6941177 0.6941177 0.654902 0.654902 0.654902 0.5411765 0.5411765 0.5411765 0.5529412 0.5529412 0.5529412 0.5411765 0.5411765 0.5411765 0.5411765 0.5411765 0.5411765 0.5372549 0.5372549 0.5372549 0.5529412 0.5529412 0.5529412 0.5529412 0.5529412 0.5529412 0.5450981 0.5450981 0.5450981 0.5803922 0.5803922 0.5803922 0.5529412 0.5529412 0.5529412 0.5372549 0.5372549 0.5372549 0.5450981 0.5450981 0.5450981 0.7450981 0.7450981 0.7450981 0.8509804 0.8509804 0.8509804 0.772549 0.772549 0.772549 0.7450981 0.7450981 0.7450981 0.854902 0.854902 0.854902 0.8509804 0.8509804 0.8509804 0.7686275 0.7686275 0.7686275 0.8509804 0.8509804 0.8509804 0.854902 0.854902 0.854902 0.7686275 0.7686275 0.7686275 0.8509804 0.8509804 0.8509804 0.8509804 0.8509804 0.8509804 0.8509804 0.8509804 0.8509804 0.854902 0.854902 0.854902 0.8196079 0.8196079 0.8196079 0.8509804 0.8509804 0.8509804 0.8509804 0.8509804 0.8509804 0.854902 0.854902 0.854902 0.5490196 0.5490196 0.5490196 0.5450981 0.5450981 0.5450981 0.5372549 0.5372549 0.5372549 0.5490196 0.5490196 0.5490196 0.5803922 0.5803922 0.5803922 0.5450981 0.5450981 0.5450981 0.5411765 0.5411765 0.5411765 0.5490196 0.5490196 0.5490196 0.5372549 0.5372549 0.5372549 0.5411765 0.5411765 0.5411765 0.5411765 0.5411765 0.5411765 0.5490196 0.5490196 0.5490196 0.7568628 0.7568628 0.7568628 0.6352941 0.6352941 0.6352941 0.7568628 0.7568628 0.7568628 0.7568628 0.7568628 0.7568628 0.7333334 0.7333334 0.7333334 0.6352941 0.6352941 0.6352941 0.6941177 0.6941177 0.6941177 0.7647059 0.7647059 0.7647059 0.7137255 0.7137255 0.7137255 0.6941177 0.6941177 0.6941177 0.7647059 0.7647059 0.7647059 0.7647059 0.7647059 0.7647059 0.8196079 0.8196079 0.8196079 0.5921569 0.5921569 0.5921569 0.7686275 0.7686275 0.7686275 0.8196079 0.8196079 0.8196079 0.7058824 0.7058824 0.7058824 0.5921569 0.5921569 0.5921569 0.5882353 0.5882353 0.5882353 0.5882353 0.5882353 0.5882353 0.5921569 0.5921569 0.5921569 0.5882353 0.5882353 0.5882353 0.5843138 0.5843138 0.5843138 0.5882353 0.5882353 0.5882353 0.6745098 0.6745098 0.6745098 0.6352941 0.6352941 0.6352941 0.7333334 0.7333334 0.7333334 0.6745098 0.6745098 0.6745098 0.7176471 0.7176471 0.7176471 0.6352941 0.6352941 0.6352941 0.7607843 0.7607843 0.7607843 0.7686275 0.7686275 0.7686275 0.6862745 0.6862745 0.6862745 0.7607843 0.7607843 0.7607843 0.8509804 0.8509804 0.8509804 0.7686275 0.7686275 0.7686275 0.854902 0.854902 0.854902 0.7607843 0.7607843 0.7607843 0.8039216 0.8039216 0.8039216 0.854902 0.854902 0.854902 0.8509804 0.8509804 0.8509804 0.7607843 0.7607843 0.7607843 0.8117647 0.8117647 0.8117647 0.7686275 0.7686275 0.7686275 0.854902 0.854902 0.854902 0.8117647 0.8117647 0.8117647 0.7333334 0.7333334 0.7333334 0.7686275 0.7686275 0.7686275 0.7686275 0.7686275 0.7686275 0.7607843 0.7607843 0.7607843 0.6862745 0.6862745 0.6862745 0.7686275 0.7686275 0.7686275 0.7333334 0.7333334 0.7333334 0.7607843 0.7607843 0.7607843 0.8588235 0.8588235 0.8588235 0.8313726 0.8313726 0.8313726 0.8666667 0.8666667 0.8666667 0.8588235 0.8588235 0.8588235 0.8196079 0.8196079 0.8196079 0.8313726 0.8313726 0.8313726 0.9098039 0.9098039 0.9098039 0.9450981 0.9450981 0.9450981 0.9411765 0.9411765 0.9411765 0.9098039 0.9098039 0.9098039 0.9254902 0.9254902 0.9254902 0.9450981 0.9450981 0.9450981 0.8117647 0.8117647 0.8117647 0.7450981 0.7450981 0.7450981 0.7686275 0.7686275 0.7686275 0.8117647 0.8117647 0.8117647 0.854902 0.854902 0.854902 0.7450981 0.7450981 0.7450981 0.5294118 0.5294118 0.5294118 0.5686275 0.5686275 0.5686275 0.5764706 0.5764706 0.5764706 0.5294118 0.5294118 0.5294118 0.4980392 0.4980392 0.4980392 0.5686275 0.5686275 0.5686275 0.5019608 0.5019608 0.5019608 0.4784314 0.4784314 0.4784314 0.4980392 0.4980392 0.4980392 0.5019608 0.5019608 0.5019608 0.5058824 0.5058824 0.5058824 0.4784314 0.4784314 0.4784314 0.4784314 0.4784314 0.4784314 0.4823529 0.4823529 0.4823529 0.4784314 0.4784314 0.4784314 0.7450981 0.7450981 0.7450981 0.7137255 0.7137255 0.7137255 0.7254902 0.7254902 0.7254902 0.7333334 0.7333334 0.7333334 0.7215687 0.7215687 0.7215687 0.7254902 0.7254902 0.7254902 0.7254902 0.7254902 0.7254902 0.7215687 0.7215687 0.7215687 0.7019608 0.7019608 0.7019608 0.5921569 0.5921569 0.5921569 0.6784314 0.6784314 0.6784314 0.5960785 0.5960785 0.5960785 0.4941176 0.4941176 0.4941176 0.5019608 0.5019608 0.5019608 0.4941176 0.4941176 0.4941176 0.5450981 0.5450981 0.5450981 0.5254902 0.5254902 0.5254902 0.5294118 0.5294118 0.5294118 0.7333334 0.7333334 0.7333334 0.7529412 0.7529412 0.7529412 0.7333334 0.7333334 0.7333334 0.509804 0.509804 0.509804 0.5176471 0.5176471 0.5176471 0.5294118 0.5294118 0.5294118 0.4980392 0.4980392 0.4980392 0.4862745 0.4862745 0.4862745 0.4901961 0.4901961 0.4901961 0.4941176 0.4941176 0.4941176 0.5058824 0.5058824 0.5058824 0.4862745 0.4862745 0.4862745 0.7098039 0.7098039 0.7098039 0.7215687 0.7215687 0.7215687 0.7098039 0.7098039 0.7098039 0.7176471 0.7176471 0.7176471 0.6431373 0.6431373 0.6431373 0.6352941 0.6352941 0.6352941 0.5647059 0.5647059 0.5647059 0.5764706 0.5764706 0.5764706 0.5960785 0.5960785 0.5960785 0.6862745 0.6862745 0.6862745 0.6941177 0.6941177 0.6941177 0.7098039 0.7098039 0.7098039 0.6509804 0.6509804 0.6509804 0.654902 0.654902 0.654902 0.6627451 0.6627451 0.6627451 0.9137255 0.9137255 0.9137255 0.9019608 0.9019608 0.9019608 0.9294118 0.9294118 0.9294118 0.6392157 0.6392157 0.6392157 0.6862745 0.6862745 0.6862745 0.7254902 0.7254902 0.7254902 0.6509804 0.6509804 0.6509804 0.6117647 0.6117647 0.6117647 0.6666667 0.6666667 0.6666667 0.9019608 0.9019608 0.9019608 0.9843137 0.9843137 0.9843137 0.9294118 0.9294118 0.9294118 0.7019608 0.7019608 0.7019608 0.6196079 0.6196079 0.6196079 0.6705883 0.6705883 0.6705883 0.5176471 0.5176471 0.5176471 0.4941176 0.4941176 0.4941176 0.5137255 0.5137255 0.5137255 0.5803922 0.5803922 0.5803922 0.6 0.6 0.6 0.6431373 0.6431373 0.6431373 0.9568628 0.9568628 0.9568628 0.9019608 0.9019608 0.9019608 0.9058824 0.9058824 0.9058824 0.9137255 0.9137255 0.9137255 0.9450981 0.9450981 0.9450981 0.9137255 0.9137255 0.9137255 0.4941176 0.4941176 0.4941176 0.4941176 0.4941176 0.4941176 0.5137255 0.5137255 0.5137255 0.7019608 0.7019608 0.7019608 0.6117647 0.6117647 0.6117647 0.6431373 0.6431373 0.6431373 0.9019608 0.9019608 0.9019608 0.8431373 0.8431373 0.8431373 0.8901961 0.8901961 0.8901961 0.6156863 0.6156863 0.6156863 0.6509804 0.6509804 0.6509804 0.6431373 0.6431373 0.6431373 0.9607843 0.9607843 0.9607843 0.854902 0.854902 0.854902 0.9607843 0.9607843 0.9607843 0.5568628 0.5568628 0.5568628 0.6196079 0.6196079 0.6196079 0.5803922 0.5803922 0.5803922 0.9529412 0.9529412 0.9529412 0.9490196 0.9490196 0.9490196 0.8901961 0.8901961 0.8901961 0.8431373 0.8431373 0.8431373 0.8588235 0.8588235 0.8588235 0.9176471 0.9176471 0.9176471 0.6 0.6 0.6 0.5921569 0.5921569 0.5921569 0.6196079 0.6196079 0.6196079 0.5960785 0.5960785 0.5960785 0.6196079 0.6196079 0.6196079 0.6117647 0.6117647 0.6117647 0.972549 0.972549 0.972549 0.9686275 0.9686275 0.9686275 0.9764706 0.9764706 0.9764706 0.9215686 0.9215686 0.9215686 0.9450981 0.9450981 0.9450981 0.9647059 0.9647059 0.9647059 0.7215687 0.7215687 0.7215687 0.6941177 0.6941177 0.6941177 0.7019608 0.7019608 0.7019608 0.9450981 0.9450981 0.9450981 0.9647059 0.9647059 0.9647059 0.9647059 0.9647059 0.9647059 0.5176471 0.5176471 0.5176471 0.5215687 0.5215687 0.5215687 0.5058824 0.5058824 0.5058824 0.5450981 0.5450981 0.5450981 0.5568628 0.5568628 0.5568628 0.5490196 0.5490196 0.5490196 0.8431373 0.8431373 0.8431373 0.972549 0.972549 0.972549 0.972549 0.972549 0.972549 0.5176471 0.5176471 0.5176471 0.5294118 0.5294118 0.5294118 0.5411765 0.5411765 0.5411765 0.5529412 0.5529412 0.5529412 0.5254902 0.5254902 0.5254902 0.5215687 0.5215687 0.5215687 0.5215687 0.5215687 0.5215687 0.5254902 0.5254902 0.5254902 0.5294118 0.5294118 0.5294118 0.9607843 0.9607843 0.9607843 0.9529412 0.9529412 0.9529412 0.9686275 0.9686275 0.9686275 0.6980392 0.6980392 0.6980392 0.7058824 0.7058824 0.7058824 0.7215687 0.7215687 0.7215687 0.654902 0.654902 0.654902 0.6784314 0.6784314 0.6784314 0.6431373 0.6431373 0.6431373 0.7019608 0.7019608 0.7019608 0.6941177 0.6941177 0.6941177 0.6588236 0.6588236 0.6588236 0.6392157 0.6392157 0.6392157 0.5647059 0.5647059 0.5647059 0.5647059 0.5647059 0.5647059 0.8 0.8 0.8 0.7803922 0.7803922 0.7803922 0.7803922 0.7803922 0.7803922 0.5215687 0.5215687 0.5215687 0.5254902 0.5254902 0.5254902 0.5372549 0.5372549 0.5372549 0.9450981 0.9450981 0.9450981 0.9411765 0.9411765 0.9411765 0.9294118 0.9294118 0.9294118 0.6470589 0.6470589 0.6470589 0.6705883 0.6705883 0.6705883 0.6235294 0.6235294 0.6235294 0.9450981 0.9450981 0.9450981 0.9098039 0.9098039 0.9098039 0.9529412 0.9529412 0.9529412 0.5568628 0.5568628 0.5568628 0.6705883 0.6705883 0.6705883 0.5960785 0.5960785 0.5960785 0.6627451 0.6627451 0.6627451 0.6117647 0.6117647 0.6117647 0.5647059 0.5647059 0.5647059 0.8745098 0.8745098 0.8745098 0.8627451 0.8627451 0.8627451 0.9529412 0.9529412 0.9529412 0.7019608 0.7019608 0.7019608 0.6901961 0.6901961 0.6901961 0.7019608 0.7019608 0.7019608 0.8666667 0.8666667 0.8666667 0.882353 0.882353 0.882353 0.8745098 0.8745098 0.8745098 0.9607843 0.9607843 0.9607843 0.9254902 0.9254902 0.9254902 0.8117647 0.8117647 0.8117647 0.8705883 0.8705883 0.8705883 0.8862745 0.8862745 0.8862745 0.8313726 0.8313726 0.8313726 0.6627451 0.6627451 0.6627451 0.6980392 0.6980392 0.6980392 0.7098039 0.7098039 0.7098039 0.5176471 0.5176471 0.5176471 0.5176471 0.5176471 0.5176471 0.5176471 0.5176471 0.5176471 0.6470589 0.6470589 0.6470589 0.6901961 0.6901961 0.6901961 0.6784314 0.6784314 0.6784314 0.9529412 0.9529412 0.9529412 0.8784314 0.8784314 0.8784314 0.9294118 0.9294118 0.9294118 0.509804 0.509804 0.509804 0.509804 0.509804 0.509804 0.5058824 0.5058824 0.5058824 0.8470588 0.8470588 0.8470588 0.8862745 0.8862745 0.8862745 0.9137255 0.9137255 0.9137255 0.7764706 0.7764706 0.7764706 0.7686275 0.7686275 0.7686275 0.7411765 0.7411765 0.7411765 0.7215687 0.7215687 0.7215687 0.7098039 0.7098039 0.7098039 0.7019608 0.7019608 0.7019608 0.7764706 0.7764706 0.7764706 0.7843137 0.7843137 0.7843137 0.8156863 0.8156863 0.8156863 0.7921569 0.7921569 0.7921569 0.7568628 0.7568628 0.7568628 0.7568628 0.7568628 0.7568628 0.8705883 0.8705883 0.8705883 0.7843137 0.7843137 0.7843137 0.8235294 0.8235294 0.8235294 0.7921569 0.7921569 0.7921569 0.7137255 0.7137255 0.7137255 0.7019608 0.7019608 0.7019608 0.7098039 0.7098039 0.7098039 0.7333334 0.7333334 0.7333334 0.7333334 0.7333334 0.7333334 0.5607843 0.5607843 0.5607843 0.6156863 0.6156863 0.6156863 0.6313726 0.6313726 0.6313726 0.6627451 0.6627451 0.6627451 0.6705883 0.6705883 0.6705883 0.6039216 0.6039216 0.6039216 0.5725491 0.5725491 0.5725491 0.5882353 0.5882353 0.5882353 0.5607843 0.5607843 0.5607843 0.8039216 0.8039216 0.8039216 0.7294118 0.7294118 0.7294118 0.7803922 0.7803922 0.7803922 0.6431373 0.6431373 0.6431373 0.6392157 0.6392157 0.6392157 0.627451 0.627451 0.627451 0.5294118 0.5294118 0.5294118 0.5607843 0.5607843 0.5607843 0.5411765 0.5411765 0.5411765 0.4823529 0.4823529 0.4823529 0.4862745 0.4862745 0.4862745 0.4941176 0.4941176 0.4941176 0.5529412 0.5529412 0.5529412 0.5764706 0.5764706 0.5764706 0.5647059 0.5647059 0.5647059 0.7803922 0.7803922 0.7803922 0.7529412 0.7529412 0.7529412 0.8431373 0.8431373 0.8431373 0.5019608 0.5019608 0.5019608 0.4980392 0.4980392 0.4980392 0.5019608 0.5019608 0.5019608 0.5568628 0.5568628 0.5568628 0.5490196 0.5490196 0.5490196 0.5607843 0.5607843 0.5607843 0.6509804 0.6509804 0.6509804 0.6117647 0.6117647 0.6117647 0.627451 0.627451 0.627451 0.7960785 0.7960785 0.7960785 0.7647059 0.7647059 0.7647059 0.8235294 0.8235294 0.8235294 0.5529412 0.5529412 0.5529412 0.5450981 0.5450981 0.5450981 0.5411765 0.5411765 0.5411765 0.6627451 0.6627451 0.6627451 0.5294118 0.5294118 0.5294118 0.6745098 0.6745098 0.6745098 0.882353 0.882353 0.882353 0.8156863 0.8156863 0.8156863 0.7921569 0.7921569 0.7921569 0.8196079 0.8196079 0.8196079 0.8941177 0.8941177 0.8941177 0.8235294 0.8235294 0.8235294 0.6470589 0.6470589 0.6470589 0.6980392 0.6980392 0.6980392 0.7254902 0.7254902 0.7254902 0.5137255 0.5137255 0.5137255 0.5294118 0.5294118 0.5294118 0.5254902 0.5254902 0.5254902 0.8078432 0.8078432 0.8078432 0.7921569 0.7921569 0.7921569 0.7686275 0.7686275 0.7686275 0.8196079 0.8196079 0.8196079 0.8078432 0.8078432 0.8078432 0.8039216 0.8039216 0.8039216 0.8078432 0.8078432 0.8078432 0.7333334 0.7333334 0.7333334 0.8039216 0.8039216 0.8039216 0.8039216 0.8039216 0.8039216 0.7803922 0.7803922 0.7803922 0.8039216 0.8039216 0.8039216 0.5137255 0.5137255 0.5137255 0.5372549 0.5372549 0.5372549 0.5254902 0.5254902 0.5254902 0.7843137 0.7843137 0.7843137 0.7294118 0.7294118 0.7294118 0.7411765 0.7411765 0.7411765 0.509804 0.509804 0.509804 0.5019608 0.5019608 0.5019608 0.4901961 0.4901961 0.4901961 0.772549 0.772549 0.772549 0.7607843 0.7607843 0.7607843 0.7607843 0.7607843 0.7607843 0.7450981 0.7450981 0.7450981 0.7529412 0.7529412 0.7529412 0.7490196 0.7490196 0.7490196 0.6941177 0.6941177 0.6941177 0.5568628 0.5568628 0.5568628 0.5686275 0.5686275 0.5686275 0.9607843 0.9607843 0.9607843 0.9607843 0.9607843 0.9607843 0.9764706 0.9764706 0.9764706 0.4745098 0.4745098 0.4745098 0.4745098 0.4745098 0.4745098 0.4745098 0.4745098 0.4745098 0.9843137 0.9843137 0.9843137 0.9490196 0.9490196 0.9490196 0.972549 0.972549 0.972549 0.6588236 0.6588236 0.6588236 0.6745098 0.6745098 0.6745098 0.6705883 0.6705883 0.6705883 0.9764706 0.9764706 0.9764706 0.8666667 0.8666667 0.8666667 0.8039216 0.8039216 0.8039216 0.7058824 0.7058824 0.7058824 0.7019608 0.7019608 0.7019608 0.7098039 0.7098039 0.7098039 0.9764706 0.9764706 0.9764706 0.9843137 0.9843137 0.9843137 0.972549 0.972549 0.972549 0.9843137 0.9843137 0.9843137 0.9607843 0.9607843 0.9607843 0.9960784 0.9960784 0.9960784 0.9607843 0.9607843 0.9607843 0.9568628 0.9568628 0.9568628 0.972549 0.972549 0.972549 0.6431373 0.6431373 0.6431373 0.5607843 0.5607843 0.5607843 0.5215687 0.5215687 0.5215687 0.9254902 0.9254902 0.9254902 0.9137255 0.9137255 0.9137255 0.9137255 0.9137255 0.9137255 0.5019608 0.5019608 0.5019608 0.7294118 0.7294118 0.7294118 0.5607843 0.5607843 0.5607843 0.7686275 0.7686275 0.7686275 0.7960785 0.7960785 0.7960785 0.7686275 0.7686275 0.7686275 0.7333334 0.7333334 0.7333334 0.9607843 0.9607843 0.9607843 0.7568628 0.7568628 0.7568628 0.7333334 0.7333334 0.7333334 0.8039216 0.8039216 0.8039216 0.8 0.8 0.8 0.8352941 0.8352941 0.8352941 0.7686275 0.7686275 0.7686275 0.8039216 0.8039216 0.8039216 0.509804 0.509804 0.509804 0.5058824 0.5058824 0.5058824 0.4823529 0.4823529 0.4823529 0.9686275 0.9686275 0.9686275 1 1 1 0.972549 0.972549 0.972549 0.5019608 0.5019608 0.5019608 0.5372549 0.5372549 0.5372549 0.509804 0.509804 0.509804 0.5215687 0.5215687 0.5215687 0.5176471 0.5176471 0.5176471 0.5176471 0.5176471 0.5176471 0.5764706 0.5764706 0.5764706 0.5764706 0.5764706 0.5764706 0.5411765 0.5411765 0.5411765 0.5019608 0.5019608 0.5019608 0.4980392 0.4980392 0.4980392 0.4823529 0.4823529 0.4823529 0.9960784 0.9960784 0.9960784 0.882353 0.882353 0.882353 0.8784314 0.8784314 0.8784314 0.4862745 0.4862745 0.4862745 0.4784314 0.4784314 0.4784314 0.4823529 0.4823529 0.4823529 0.6745098 0.6745098 0.6745098 0.654902 0.654902 0.654902 0.8078432 0.8078432 0.8078432 0.5058824 0.5058824 0.5058824 0.4862745 0.4862745 0.4862745 0.5137255 0.5137255 0.5137255 0.7098039 0.7098039 0.7098039 0.654902 0.654902 0.654902 0.7372549 0.7372549 0.7372549 0.7294118 0.7294118 0.7294118 0.7254902 0.7254902 0.7254902 0.7372549 0.7372549 0.7372549 0.5372549 0.5372549 0.5372549 0.5294118 0.5294118 0.5294118 0.5568628 0.5568628 0.5568628 0.5254902 0.5254902 0.5254902 0.5215687 0.5215687 0.5215687 0.5215687 0.5215687 0.5215687 0.4862745 0.4862745 0.4862745 0.4784314 0.4784314 0.4784314 0.4784314 0.4784314 0.4784314 0.9411765 0.9411765 0.9411765 0.9607843 0.9607843 0.9607843 0.9647059 0.9647059 0.9647059 0.6666667 0.6666667 0.6666667 0.5843138 0.5843138 0.5843138 0.5960785 0.5960785 0.5960785 0.5960785 0.5960785 0.5960785 0.5254902 0.5254902 0.5254902 0.6078432 0.6078432 0.6078432 0.7607843 0.7607843 0.7607843 0.6862745 0.6862745 0.6862745 0.8392157 0.8392157 0.8392157 0.8745098 0.8745098 0.8745098 0.8117647 0.8117647 0.8117647 0.7843137 0.7843137 0.7843137 0.8313726 0.8313726 0.8313726 0.8196079 0.8196079 0.8196079 0.7843137 0.7843137 0.7843137 0.8156863 0.8156863 0.8156863 0.8117647 0.8117647 0.8117647 0.8235294 0.8235294 0.8235294 0.5333334 0.5333334 0.5333334 0.6078432 0.6078432 0.6078432 0.6156863 0.6156863 0.6156863 0.6431373 0.6431373 0.6431373 0.6862745 0.6862745 0.6862745 0.6 0.6 0.6 0.7254902 0.7254902 0.7254902 0.627451 0.627451 0.627451 0.6313726 0.6313726 0.6313726 0.5921569 0.5921569 0.5921569 0.5176471 0.5176471 0.5176471 0.627451 0.627451 0.627451 0.627451 0.627451 0.627451 0.6039216 0.6039216 0.6039216 0.6039216 0.6039216 0.6039216 0.4745098 0.4745098 0.4745098 0.4745098 0.4745098 0.4745098 0.4784314 0.4784314 0.4784314 0.5019608 0.5019608 0.5019608 0.4745098 0.4745098 0.4745098 0.5019608 0.5019608 0.5019608 0.8039216 0.8039216 0.8039216 0.7490196 0.7490196 0.7490196 0.6 0.6 0.6 0.8156863 0.8156863 0.8156863 0.7882353 0.7882353 0.7882353 0.8509804 0.8509804 0.8509804 0.4941176 0.4941176 0.4941176 0.4941176 0.4941176 0.4941176 0.5215687 0.5215687 0.5215687 0.4745098 0.4745098 0.4745098 0.4784314 0.4784314 0.4784314 0.4784314 0.4784314 0.4784314 0.682353 0.682353 0.682353 0.682353 0.682353 0.682353 0.6862745 0.6862745 0.6862745 0.6980392 0.6980392 0.6980392 0.7098039 0.7098039 0.7098039 0.6862745 0.6862745 0.6862745 0.5019608 0.5019608 0.5019608 0.5254902 0.5254902 0.5254902 0.5019608 0.5019608 0.5019608 0.8039216 0.8039216 0.8039216 0.8196079 0.8196079 0.8196079 0.854902 0.854902 0.854902 0.6862745 0.6862745 0.6862745 0.7098039 0.7098039 0.7098039 0.6941177 0.6941177 0.6941177 0.7254902 0.7254902 0.7254902 0.7882353 0.7882353 0.7882353 0.7098039 0.7098039 0.7098039 0.4823529 0.4823529 0.4823529 0.4823529 0.4823529 0.4823529 0.4784314 0.4784314 0.4784314 0.7176471 0.7176471 0.7176471 0.6980392 0.6980392 0.6980392 0.6352941 0.6352941 0.6352941 0.6196079 0.6196079 0.6196079 0.6117647 0.6117647 0.6117647 0.5764706 0.5764706 0.5764706 0.6156863 0.6156863 0.6156863 0.6156863 0.6156863 0.6156863 0.627451 0.627451 0.627451 0.7764706 0.7764706 0.7764706 0.7607843 0.7607843 0.7607843 0.7764706 0.7764706 0.7764706 0.5176471 0.5176471 0.5176471 0.5490196 0.5490196 0.5490196 0.5411765 0.5411765 0.5411765 0.5725491 0.5725491 0.5725491 0.627451 0.627451 0.627451 0.6235294 0.6235294 0.6235294 0.854902 0.854902 0.854902 0.7843137 0.7843137 0.7843137 0.882353 0.882353 0.882353 0.6156863 0.6156863 0.6156863 0.6117647 0.6117647 0.6117647 0.6784314 0.6784314 0.6784314 0.6117647 0.6117647 0.6117647 0.6313726 0.6313726 0.6313726 0.627451 0.627451 0.627451 0.5176471 0.5176471 0.5176471 0.5294118 0.5294118 0.5294118 0.5215687 0.5215687 0.5215687 0.7058824 0.7058824 0.7058824 0.6666667 0.6666667 0.6666667 0.7137255 0.7137255 0.7137255 0.627451 0.627451 0.627451 0.6352941 0.6352941 0.6352941 0.6901961 0.6901961 0.6901961 0.7058824 0.7058824 0.7058824 0.7647059 0.7647059 0.7647059 0.7411765 0.7411765 0.7411765 0.7254902 0.7254902 0.7254902 0.682353 0.682353 0.682353 0.6862745 0.6862745 0.6862745 0.7764706 0.7764706 0.7764706 0.7647059 0.7647059 0.7647059 0.7215687 0.7215687 0.7215687 0.7254902 0.7254902 0.7254902 0.6901961 0.6901961 0.6901961 0.6901961 0.6901961 0.6901961 0.627451 0.627451 0.627451 0.6470589 0.6470589 0.6470589 0.6431373 0.6431373 0.6431373 0.7058824 0.7058824 0.7058824 0.682353 0.682353 0.682353 0.6784314 0.6784314 0.6784314 0.6313726 0.6313726 0.6313726 0.6352941 0.6352941 0.6352941 0.6117647 0.6117647 0.6117647 0.654902 0.654902 0.654902 0.5882353 0.5882353 0.5882353 0.6509804 0.6509804 0.6509804 0.6666667 0.6666667 0.6666667 0.6745098 0.6745098 0.6745098 0.6705883 0.6705883 0.6705883 0.627451 0.627451 0.627451 0.6117647 0.6117647 0.6117647 0.5960785 0.5960785 0.5960785 0.7647059 0.7647059 0.7647059 0.7490196 0.7490196 0.7490196 0.7490196 0.7490196 0.7490196 0.6666667 0.6666667 0.6666667 0.6666667 0.6666667 0.6666667 0.7176471 0.7176471 0.7176471 0.4784314 0.4784314 0.4784314 0.4823529 0.4823529 0.4823529 0.4784314 0.4784314 0.4784314 0.6666667 0.6666667 0.6666667 0.6901961 0.6901961 0.6901961 0.7490196 0.7490196 0.7490196 0.4745098 0.4745098 0.4745098 0.4784314 0.4784314 0.4784314 0.4784314 0.4784314 0.4784314 0.4823529 0.4823529 0.4823529 0.5372549 0.5372549 0.5372549 0.5411765 0.5411765 0.5411765 0.6235294 0.6235294 0.6235294 0.6392157 0.6392157 0.6392157 0.6156863 0.6156863 0.6156863 0.9607843 0.9607843 0.9607843 0.9254902 0.9254902 0.9254902 0.9372549 0.9372549 0.9372549 0.5686275 0.5686275 0.5686275 0.5450981 0.5450981 0.5450981 0.5137255 0.5137255 0.5137255 0.5725491 0.5725491 0.5725491 0.5411765 0.5411765 0.5411765 0.5411765 0.5411765 0.5411765 0.6509804 0.6509804 0.6509804 0.6784314 0.6784314 0.6784314 0.6352941 0.6352941 0.6352941 0.6039216 0.6039216 0.6039216 0.6 0.6 0.6 0.627451 0.627451 0.627451 0.627451 0.627451 0.627451 0.5960785 0.5960785 0.5960785 0.5921569 0.5921569 0.5921569 0.5843138 0.5843138 0.5843138 0.5607843 0.5607843 0.5607843 0.6 0.6 0.6 0.5686275 0.5686275 0.5686275 0.5647059 0.5647059 0.5647059 0.5568628 0.5568628 0.5568628 0.5058824 0.5058824 0.5058824 0.4980392 0.4980392 0.4980392 0.5215687 0.5215687 0.5215687 0.5490196 0.5490196 0.5490196 0.5333334 0.5333334 0.5333334 0.5294118 0.5294118 0.5294118 0.654902 0.654902 0.654902 0.6156863 0.6156863 0.6156863 0.6196079 0.6196079 0.6196079 0.7098039 0.7098039 0.7098039 0.7529412 0.7529412 0.7529412 0.6862745 0.6862745 0.6862745 0.6156863 0.6156863 0.6156863 0.5960785 0.5960785 0.5960785 0.6352941 0.6352941 0.6352941 0.7176471 0.7176471 0.7176471 0.6156863 0.6156863 0.6156863 0.6117647 0.6117647 0.6117647 0.6156863 0.6156863 0.6156863 0.654902 0.654902 0.654902 0.6588236 0.6588236 0.6588236 0.5058824 0.5058824 0.5058824 0.5411765 0.5411765 0.5411765 0.5372549 0.5372549 0.5372549 0.5058824 0.5058824 0.5058824 0.4901961 0.4901961 0.4901961 0.5058824 0.5058824 0.5058824 0.5490196 0.5490196 0.5490196 0.5333334 0.5333334 0.5333334 0.5254902 0.5254902 0.5254902 0.654902 0.654902 0.654902 0.6470589 0.6470589 0.6470589 0.6588236 0.6588236 0.6588236 0.654902 0.654902 0.654902 0.6588236 0.6588236 0.6588236 0.6588236 0.6588236 0.6588236 0.4862745 0.4862745 0.4862745 0.4823529 0.4823529 0.4823529 0.4862745 0.4862745 0.4862745 0.5725491 0.5725491 0.5725491 0.5568628 0.5568628 0.5568628 0.5607843 0.5607843 0.5607843 0.7137255 0.7137255 0.7137255 0.7607843 0.7607843 0.7607843 0.7254902 0.7254902 0.7254902 0.7098039 0.7098039 0.7098039 0.7176471 0.7176471 0.7176471 0.7294118 0.7294118 0.7294118 0.5686275 0.5686275 0.5686275 0.5960785 0.5960785 0.5960785 0.6078432 0.6078432 0.6078432 0.4980392 0.4980392 0.4980392 0.4980392 0.4980392 0.4980392 0.4862745 0.4862745 0.4862745 0.5686275 0.5686275 0.5686275 0.5254902 0.5254902 0.5254902 0.5411765 0.5411765 0.5411765 0.5215687 0.5215687 0.5215687 0.4980392 0.4980392 0.4980392 0.5254902 0.5254902 0.5254902 0.6862745 0.6862745 0.6862745 0.6705883 0.6705883 0.6705883 0.6784314 0.6784314 0.6784314 0.5686275 0.5686275 0.5686275 0.5490196 0.5490196 0.5490196 0.5333334 0.5333334 0.5333334 0.6509804 0.6509804 0.6509804 0.6784314 0.6784314 0.6784314 0.6509804 0.6509804 0.6509804 0.6666667 0.6666667 0.6666667 0.7215687 0.7215687 0.7215687 0.654902 0.654902 0.654902 0.6235294 0.6235294 0.6235294 0.6156863 0.6156863 0.6156863 0.6156863 0.6156863 0.6156863 0.6509804 0.6509804 0.6509804 0.6196079 0.6196079 0.6196079 0.6196079 0.6196079 0.6196079 0.6196079 0.6196079 0.6196079 0.6627451 0.6627451 0.6627451 0.6588236 0.6588236 0.6588236 0.4705882 0.4705882 0.4705882 0.4705882 0.4705882 0.4705882 0.4745098 0.4745098 0.4745098 0.6509804 0.6509804 0.6509804 0.6705883 0.6705883 0.6705883 0.6509804 0.6509804 0.6509804 0.6392157 0.6392157 0.6392157 0.6705883 0.6705883 0.6705883 0.6392157 0.6392157 0.6392157 0.5019608 0.5019608 0.5019608 0.5176471 0.5176471 0.5176471 0.4980392 0.4980392 0.4980392 0.654902 0.654902 0.654902 0.6313726 0.6313726 0.6313726 0.627451 0.627451 0.627451 0.6509804 0.6509804 0.6509804 0.6901961 0.6901961 0.6901961 0.682353 0.682353 0.682353 0.4823529 0.4823529 0.4823529 0.4862745 0.4862745 0.4862745 0.5137255 0.5137255 0.5137255 0.4901961 0.4901961 0.4901961 0.5411765 0.5411765 0.5411765 0.5372549 0.5372549 0.5372549 0.5372549 0.5372549 0.5372549 0.5411765 0.5411765 0.5411765 0.5490196 0.5490196 0.5490196 0.6039216 0.6039216 0.6039216 0.6039216 0.6039216 0.6039216 0.6039216 0.6039216 0.6039216 0.5607843 0.5607843 0.5607843 0.5568628 0.5568628 0.5568628 0.5450981 0.5450981 0.5450981 0.4941176 0.4941176 0.4941176 0.509804 0.509804 0.509804 0.4980392 0.4980392 0.4980392 0.4823529 0.4823529 0.4823529 0.4862745 0.4862745 0.4862745 0.4823529 0.4823529 0.4823529 0.7098039 0.7098039 0.7098039 0.6980392 0.6980392 0.6980392 0.7098039 0.7098039 0.7098039 0.5058824 0.5058824 0.5058824 0.5294118 0.5294118 0.5294118 0.5058824 0.5058824 0.5058824 0.4901961 0.4901961 0.4901961 0.4823529 0.4823529 0.4823529 0.5333334 0.5333334 0.5333334 0.4901961 0.4901961 0.4901961 0.4941176 0.4941176 0.4941176 0.4941176 0.4941176 0.4941176 0.5490196 0.5490196 0.5490196 0.5764706 0.5764706 0.5764706 0.5647059 0.5647059 0.5647059 0.4784314 0.4784314 0.4784314 0.4784314 0.4784314 0.4784314 0.4823529 0.4823529 0.4823529 0.5019608 0.5019608 0.5019608 0.4980392 0.4980392 0.4980392 0.5019608 0.5019608 0.5019608 0.7294118 0.7294118 0.7294118 0.7372549 0.7372549 0.7372549 0.7294118 0.7294118 0.7294118 0.5372549 0.5372549 0.5372549 0.5294118 0.5294118 0.5294118 0.5215687 0.5215687 0.5215687 0.5843138 0.5843138 0.5843138 0.5607843 0.5607843 0.5607843 0.5921569 0.5921569 0.5921569 0.5058824 0.5058824 0.5058824 0.509804 0.509804 0.509804 0.5215687 0.5215687 0.5215687 0.6862745 0.6862745 0.6862745 0.7098039 0.7098039 0.7098039 0.6705883 0.6705883 0.6705883 0.6745098 0.6745098 0.6745098 0.6901961 0.6901961 0.6901961 0.6117647 0.6117647 0.6117647 0.4980392 0.4980392 0.4980392 0.4862745 0.4862745 0.4862745 0.5058824 0.5058824 0.5058824 0.7215687 0.7215687 0.7215687 0.7254902 0.7254902 0.7254902 0.7254902 0.7254902 0.7254902 0.5764706 0.5764706 0.5764706 0.5686275 0.5686275 0.5686275 0.5686275 0.5686275 0.5686275 0.7254902 0.7254902 0.7254902 0.7254902 0.7254902 0.7254902 0.7215687 0.7215687 0.7215687 0.5529412 0.5529412 0.5529412 0.4901961 0.4901961 0.4901961 0.5058824 0.5058824 0.5058824 0.7215687 0.7215687 0.7215687 0.7098039 0.7098039 0.7098039 0.7137255 0.7137255 0.7137255 0.5215687 0.5215687 0.5215687 0.5176471 0.5176471 0.5176471 0.5215687 0.5215687 0.5215687 0.6941177 0.6941177 0.6941177 0.7019608 0.7019608 0.7019608 0.7019608 0.7019608 0.7019608 0.7215687 0.7215687 0.7215687 0.7137255 0.7137255 0.7137255 0.7098039 0.7098039 0.7098039 0.7098039 0.7098039 0.7098039 0.7098039 0.7098039 0.7098039 0.7098039 0.7098039 0.7098039 0.7215687 0.7215687 0.7215687 0.7215687 0.7215687 0.7215687 0.7215687 0.7215687 0.7215687 0.6117647 0.6117647 0.6117647 0.6117647 0.6117647 0.6117647 0.5921569 0.5921569 0.5921569 0.5960785 0.5960785 0.5960785 0.5686275 0.5686275 0.5686275 0.5843138 0.5843138 0.5843138 0.654902 0.654902 0.654902 0.5372549 0.5372549 0.5372549 0.5607843 0.5607843 0.5607843 0.4941176 0.4941176 0.4941176 0.5019608 0.5019608 0.5019608 0.4980392 0.4980392 0.4980392 0.5803922 0.5803922 0.5803922 0.6039216 0.6039216 0.6039216 0.5960785 0.5960785 0.5960785 0.4862745 0.4862745 0.4862745 0.4980392 0.4980392 0.4980392 0.4980392 0.4980392 0.4980392 0.5568628 0.5568628 0.5568628 0.5529412 0.5529412 0.5529412 0.5333334 0.5333334 0.5333334 0.509804 0.509804 0.509804 0.5647059 0.5647059 0.5647059 0.5529412 0.5529412 0.5529412 0.7490196 0.7490196 0.7490196 0.7254902 0.7254902 0.7254902 0.7215687 0.7215687 0.7215687 0.5607843 0.5607843 0.5607843 0.5843138 0.5843138 0.5843138 0.6039216 0.6039216 0.6039216 0.9607843 0.9607843 0.9607843 0.9490196 0.9490196 0.9490196 0.9568628 0.9568628 0.9568628 0.5372549 0.5372549 0.5372549 0.5450981 0.5450981 0.5450981 0.5450981 0.5450981 0.5450981 0.9607843 0.9607843 0.9607843 0.9960784 0.9960784 0.9960784 0.9490196 0.9490196 0.9490196 0.5764706 0.5764706 0.5764706 0.5568628 0.5568628 0.5568628 0.5764706 0.5764706 0.5764706 0.4901961 0.4901961 0.4901961 0.4862745 0.4862745 0.4862745 0.5137255 0.5137255 0.5137255 0.5333334 0.5333334 0.5333334 0.5176471 0.5176471 0.5176471 0.5137255 0.5137255 0.5137255 0.8313726 0.8313726 0.8313726 0.827451 0.827451 0.827451 0.8705883 0.8705883 0.8705883 0.4901961 0.4901961 0.4901961 0.4901961 0.4901961 0.4901961 0.4901961 0.4901961 0.4901961 0.5607843 0.5607843 0.5607843 0.6235294 0.6235294 0.6235294 0.5254902 0.5254902 0.5254902</float_array>
          <technique_common>
            <accessor source="#Shape_0-mesh-colors-Shape0-color-array" count="9216" stride="3">
              <param name="R" type="float"/>
              <param name="G" type="float"/>
              <param name="B" type="float"/>
            </accessor>
          </technique_common>
        </source>
        <vertices id="Shape_0-mesh-vertices">
          <input semantic="POSITION" source="#Shape_0-mesh-positions"/>
        </vertices>
        <triangles material="BaseMat_v-material" count="3072">
          <input semantic="VERTEX" source="#Shape_0-mesh-vertices" offset="0"/>
          <input semantic="NORMAL" source="#Shape_0-mesh-normals" offset="1"/>
          <input semantic="TEXCOORD" source="#Shape_0-mesh-map-0" offset="2" set="0"/>
          <input semantic="COLOR" source="#Shape_0-mesh-colors-Shape0-color" offset="3" set="0"/>
          <p>158 0 0 0 1158 1 1 1 1316 2 2 2 158 0 3 3 1157 3 4 4 1158 1 5 5 0 4 6 6 1157 3 7 7 158 0 8 8 0 4 9 9 1318 5 10 10 1157 3 11 11 1 6 12 12 1318 5 13 13 0 4 14 14 1 6 15 15 508 7 16 16 1318 5 17 17 1523 8 18 18 508 7 19 19 1 6 20 20 1523 8 21 21 2 9 22 22 508 7 23 23 22 10 24 24 2 9 25 25 1523 8 26 26 22 10 27 27 1520 11 28 28 2 9 29 29 3 12 30 30 1520 11 31 31 22 10 32 32 3 12 33 33 1527 13 34 34 1520 11 35 35 24 14 36 36 1527 13 37 37 3 12 38 38 24 14 39 39 4 15 40 40 1527 13 41 41 6 16 42 42 4 15 43 43 24 14 44 44 6 16 45 45 5 17 46 46 4 15 47 47 1447 18 48 48 5 17 49 49 6 16 50 50 1447 18 51 51 1514 19 52 52 5 17 53 53 25 20 54 54 1514 19 55 55 1447 18 56 56 25 20 57 57 652 21 58 58 1514 19 59 59 1481 22 60 60 652 21 61 61 25 20 62 62 1481 22 63 63 653 23 64 64 652 21 65 65 1475 24 66 66 653 23 67 67 1481 22 68 68 1475 24 69 69 7 25 70 70 653 23 71 71 8 26 72 72 7 25 73 73 1475 24 74 74 8 26 75 75 9 27 76 76 7 25 77 77 32 28 78 78 9 27 79 79 8 26 80 80 32 28 81 81 10 29 82 82 9 27 83 83 11 30 84 84 10 29 85 85 32 28 86 86 11 30 87 87 13 31 88 88 10 29 89 89 12 32 90 90 13 31 91 91 11 30 92 92 12 32 93 93 14 33 94 94 13 31 95 95 1512 34 96 96 14 33 97 97 12 32 98 98 1512 34 99 99 517 35 100 100 14 33 101 101 15 36 102 102 517 35 103 103 1512 34 104 104 15 36 105 105 493 37 106 106 517 35 107 107 16 38 108 108 493 37 109 109 15 36 110 110 16 38 111 111 17 39 112 112 493 37 113 113 41 40 114 114 17 39 115 115 16 38 116 116 41 40 117 117 18 41 118 118 17 39 119 119 19 42 120 120 18 41 121 121 41 40 122 122 19 42 123 123 1149 43 124 124 18 41 125 125 43 44 126 126 1149 43 127 127 19 42 128 128 43 44 129 129 20 45 130 130 1149 43 131 131 936 46 132 132 20 45 133 133 43 44 134 134 723 47 135 135 1523 8 136 136 722 48 137 137 723 47 138 138 21 49 139 139 1523 8 140 140 61 50 141 141 21 49 142 142 723 47 143 143 61 50 144 144 22 10 145 145 21 49 146 146 23 51 147 147 22 10 148 148 61 50 149 149 23 51 150 150 24 14 151 151 22 10 152 152 1314 52 153 153 24 14 154 154 23 51 155 155 1314 52 156 156 1526 53 157 157 24 14 158 158 1299 54 159 159 1526 53 160 160 1314 52 161 161 1299 54 162 162 6 16 163 163 1526 53 164 164 26 55 165 165 6 16 166 166 1299 54 167 167 26 55 168 168 25 20 169 169 6 16 170 170 65 56 171 171 25 20 172 172 26 55 173 173 65 56 174 174 27 57 175 175 25 20 176 176 28 58 177 177 27 57 178 178 65 56 179 179 28 58 180 180 1481 22 181 181 27 57 182 182 29 59 183 183 1481 22 184 184 28 58 185 185 29 59 186 186 8 26 187 187 1481 22 188 188 30 60 189 189 8 26 190 190 29 59 191 191 30 60 192 192 31 61 193 193 8 26 194 194 33 62 195 195 31 61 196 196 30 60 197 197 33 62 198 198 32 28 199 199 31 61 200 200 34 63 201 201 32 28 202 202 33 62 203 203 34 63 204 204 12 32 205 205 32 28 206 206 1300 64 207 207 12 32 208 208 34 63 209 209 1300 64 210 210 35 65 211 211 12 32 212 212 36 66 213 213 35 65 214 214 1300 64 215 215 36 66 216 216 1512 34 217 217 35 65 218 218 37 67 219 219 1512 34 220 220 36 66 221 221 37 67 222 222 16 38 223 223 1512 34 224 224 39 68 225 225 16 38 226 226 37 67 227 227 39 68 228 228 38 69 229 229 16 38 230 230 40 70 231 231 38 69 232 232 39 68 233 233 40 70 234 234 41 40 235 235 38 69 236 236 42 71 237 237 41 40 238 238 40 70 239 239 42 71 240 240 43 44 241 241 41 40 242 242 750 72 243 243 43 44 244 244 42 71 245 245 750 72 246 246 1087 73 247 247 43 44 248 248 316 74 249 249 1138 75 250 250 315 76 251 251 316 74 252 252 45 77 253 253 1138 75 254 254 44 78 255 255 45 77 256 256 316 74 257 257 44 78 258 258 1139 79 259 259 45 77 260 260 1326 80 261 261 1139 79 262 262 44 78 263 263 1326 80 264 264 1443 81 265 265 1139 79 266 266 1327 82 267 267 1443 81 268 268 1326 80 269 269 1327 82 270 270 46 83 271 271 1443 81 272 272 658 84 273 273 46 83 274 274 1327 82 275 275 658 84 276 276 1442 85 277 277 46 83 278 278 409 86 279 279 1442 85 280 280 658 84 281 281 409 86 282 282 47 87 283 283 1442 85 284 284 48 88 285 285 47 87 286 286 409 86 287 287 48 88 288 288 49 89 289 289 47 87 290 290 50 90 291 291 49 89 292 292 48 88 293 293 50 90 294 294 51 91 295 295 49 89 296 296 391 92 297 297 51 91 298 298 50 90 299 299 391 92 300 300 52 93 301 301 51 91 302 302 390 94 303 303 52 93 304 304 391 92 305 305 390 94 306 306 53 95 307 307 52 93 308 308 1047 96 309 309 53 95 310 310 390 94 311 311 1047 96 312 312 1020 97 313 313 53 95 314 314 54 98 315 315 1020 97 316 316 1047 96 317 317 54 98 318 318 1436 99 319 319 1020 97 320 320 1452 100 321 321 1436 99 322 322 54 98 323 323 1452 100 324 324 55 101 325 325 1436 99 326 326 477 102 327 327 55 101 328 328 1452 100 329 329 477 102 330 330 1330 103 331 331 55 101 332 332 57 104 333 333 1330 103 334 334 477 102 335 335 57 104 336 336 56 105 337 337 1330 103 338 338 1076 106 339 339 56 105 340 340 57 104 341 341 1076 106 342 342 59 107 343 343 56 105 344 344 58 108 345 345 59 107 346 346 1076 106 347 347 58 108 348 348 585 109 349 349 59 107 350 350 814 110 351 351 585 109 352 352 58 108 353 353 60 111 354 354 723 47 355 355 725 112 356 356 60 111 357 357 61 50 358 358 723 47 359 359 1236 113 360 360 61 50 361 361 60 111 362 362 1236 113 363 363 62 114 364 364 61 50 365 365 1244 115 366 366 62 114 367 367 1236 113 368 368 1244 115 369 369 1314 52 370 370 62 114 371 371 683 116 372 372 1314 52 373 373 1244 115 374 374 683 116 375 375 1299 54 376 376 1314 52 377 377 800 117 378 378 1299 54 379 379 683 116 380 380 800 117 381 381 63 118 382 382 1299 54 383 383 64 119 384 384 63 118 385 385 800 117 386 386 64 119 387 387 65 56 388 388 63 118 389 389 66 120 390 390 65 56 391 391 64 119 392 392 66 120 393 393 28 58 394 394 65 56 395 395 992 121 396 396 28 58 397 397 66 120 398 398 992 121 399 399 67 122 400 400 28 58 401 401 68 123 402 402 67 122 403 403 992 121 404 404 68 123 405 405 30 60 406 406 67 122 407 407 757 124 408 408 30 60 409 409 68 123 410 410 757 124 411 411 33 62 412 412 30 60 413 413 70 125 414 414 33 62 415 415 757 124 416 416 70 125 417 417 69 126 418 418 33 62 419 419 71 127 420 420 69 126 421 421 70 125 422 422 71 127 423 423 1300 64 424 424 69 126 425 425 1302 128 426 426 1300 64 427 427 71 127 428 428 1302 128 429 429 36 66 430 430 1300 64 431 431 72 129 432 432 36 66 433 433 1302 128 434 434 72 129 435 435 73 130 436 436 36 66 437 437 763 131 438 438 73 130 439 439 72 129 440 440 763 131 441 441 39 68 442 442 73 130 443 443 1137 132 444 444 39 68 445 445 763 131 446 446 1137 132 447 447 40 70 448 448 39 68 449 449 581 133 450 450 40 70 451 451 1137 132 452 452 581 133 453 453 74 134 454 454 40 70 455 455 861 135 456 456 76 136 457 457 75 137 458 458 861 135 459 459 77 138 460 460 76 136 461 461 78 139 462 462 77 138 463 463 861 135 464 464 78 139 465 465 1223 140 466 466 77 138 467 467 79 141 468 468 1223 140 469 469 78 139 470 470 79 141 471 471 895 142 472 472 1223 140 473 473 145 143 474 474 895 142 475 475 79 141 476 476 145 143 477 477 894 144 478 478 895 142 479 479 80 145 480 480 894 144 481 481 145 143 482 482 80 145 483 483 81 146 484 484 894 144 485 485 83 147 486 486 81 146 487 487 80 145 488 488 83 147 489 489 82 148 490 490 81 146 491 491 149 149 492 492 82 148 493 493 83 147 494 494 149 149 495 495 765 150 496 496 82 148 497 497 1433 151 498 498 765 150 499 499 149 149 500 500 1433 151 501 501 84 152 502 502 765 150 503 503 85 153 504 504 84 152 505 505 1433 151 506 506 85 153 507 507 86 154 508 508 84 152 509 509 1421 155 510 510 86 154 511 511 85 153 512 512 1421 155 513 513 87 156 514 514 86 154 515 515 1427 157 516 516 87 156 517 517 1421 155 518 518 1427 157 519 519 950 158 520 520 87 156 521 521 88 159 522 522 950 158 523 523 1427 157 524 524 88 159 525 525 1039 160 526 526 950 158 527 527 1423 161 528 528 1039 160 529 529 88 159 530 530 1423 161 531 531 89 162 532 532 1039 160 533 533 90 163 534 534 89 162 535 535 1423 161 536 536 90 163 537 537 91 164 538 538 89 162 539 539 92 165 540 540 91 164 541 541 90 163 542 542 92 165 543 543 1134 166 544 544 91 164 545 545 1417 167 546 546 1134 166 547 547 92 165 548 548 1417 167 549 549 93 168 550 550 1134 166 551 551 1411 169 552 552 93 168 553 553 1417 167 554 554 871 170 555 555 1496 171 556 556 674 172 557 557 871 170 558 558 94 173 559 559 1496 171 560 560 838 174 561 561 94 173 562 562 871 170 563 563 838 174 564 564 95 175 565 565 94 173 566 566 96 176 567 567 95 175 568 568 838 174 569 569 96 176 570 570 1357 177 571 571 95 175 572 572 112 178 573 573 1357 177 574 574 96 176 575 575 112 178 576 576 97 179 577 577 1357 177 578 578 1492 180 579 579 97 179 580 580 112 178 581 581 1492 180 582 582 1488 181 583 583 97 179 584 584 98 182 585 585 1488 181 586 586 1492 180 587 587 98 182 588 588 598 183 589 589 1488 181 590 590 116 184 591 591 598 183 592 592 98 182 593 593 116 184 594 594 597 185 595 595 598 183 596 596 99 186 597 597 597 185 598 598 116 184 599 599 99 186 600 600 101 187 601 601 597 185 602 602 100 188 603 603 101 187 604 604 99 186 605 605 100 188 606 606 102 189 607 607 101 187 608 608 119 190 609 609 102 189 610 610 100 188 611 611 119 190 612 612 103 191 613 613 102 189 614 614 104 192 615 615 103 191 616 616 119 190 617 617 104 192 618 618 105 193 619 619 103 191 620 620 107 194 621 621 105 193 622 622 104 192 623 623 107 194 624 624 106 195 625 625 105 193 626 626 1468 196 627 627 106 195 628 628 107 194 629 629 1468 196 630 630 108 197 631 631 106 195 632 632 109 198 633 633 108 197 634 634 1468 196 635 635 109 198 636 636 1384 199 637 637 108 197 638 638 110 200 639 639 1384 199 640 640 109 198 641 641 110 200 642 642 1062 201 643 643 1384 199 644 644 127 202 645 645 1062 201 646 646 110 200 647 647 127 202 648 648 111 203 649 649 1062 201 650 650 1166 204 651 651 111 203 652 652 127 202 653 653 113 205 654 654 112 178 655 655 839 206 656 656 113 205 657 657 114 207 658 658 112 178 659 659 115 208 660 660 114 207 661 661 113 205 662 662 115 208 663 663 1492 180 664 664 114 207 665 665 558 209 666 666 1492 180 667 667 115 208 668 668 558 209 669 669 116 184 670 670 1492 180 671 671 117 210 672 672 116 184 673 673 558 209 674 674 117 210 675 675 118 211 676 676 116 184 677 677 488 212 678 678 118 211 679 679 117 210 680 680 488 212 681 681 99 186 682 682 118 211 683 683 120 213 684 684 99 186 685 685 488 212 686 686 120 213 687 687 119 190 688 688 99 186 689 689 121 214 690 690 119 190 691 691 120 213 692 692 121 214 693 693 1466 215 694 694 119 190 695 695 490 216 696 696 1466 215 697 697 121 214 698 698 490 216 699 699 104 192 700 700 1466 215 701 701 122 217 702 702 104 192 703 703 490 216 704 704 122 217 705 705 1468 196 706 706 104 192 707 707 123 218 708 708 1468 196 709 709 122 217 710 710 123 218 711 711 125 219 712 712 1468 196 713 713 124 220 714 714 125 219 715 715 123 218 716 716 124 220 717 717 109 198 718 718 125 219 719 719 126 221 720 720 109 198 721 721 124 220 722 722 126 221 723 723 127 202 724 724 109 198 725 725 1381 222 726 726 127 202 727 727 126 221 728 728 1381 222 729 729 128 223 730 730 127 202 731 731 1168 224 732 732 128 223 733 733 1381 222 734 734 1168 224 735 735 1166 204 736 736 128 223 737 737 1169 225 738 738 1166 204 739 739 1168 224 740 740 130 226 741 741 809 227 742 742 129 228 743 743 130 226 744 744 947 229 745 745 809 227 746 746 131 230 747 747 947 229 748 748 130 226 749 749 131 230 750 750 1483 231 751 751 947 229 752 752 132 232 753 753 1483 231 754 754 131 230 755 755 132 232 756 756 633 233 757 757 1483 231 758 758 326 234 759 759 633 233 760 760 132 232 761 761 326 234 762 762 133 235 763 763 633 233 764 764 1465 236 765 765 133 235 766 766 326 234 767 767 1465 236 768 768 134 237 769 769 133 235 770 770 135 238 771 771 134 237 772 772 1465 236 773 773 135 238 774 774 136 239 775 775 134 237 776 776 137 240 777 777 136 239 778 778 135 238 779 779 137 240 780 780 1176 241 781 781 136 239 782 782 272 242 783 783 1176 241 784 784 137 240 785 785 272 242 786 786 1217 243 787 787 1176 241 788 788 138 244 789 789 1217 243 790 790 272 242 791 791 138 244 792 792 925 245 793 793 1217 243 794 794 273 246 795 795 925 245 796 796 138 244 797 797 273 246 798 798 139 247 799 799 925 245 800 800 141 248 801 801 139 247 802 802 273 246 803 803 141 248 804 804 140 249 805 805 139 247 806 806 142 250 807 807 140 249 808 808 141 248 809 809 142 250 810 810 1343 251 811 811 140 249 812 812 277 252 813 813 1343 251 814 814 142 250 815 815 277 252 816 816 143 253 817 817 1343 251 818 818 1499 254 819 819 143 253 820 820 277 252 821 821 1499 254 822 822 144 255 823 823 143 253 824 824 704 256 825 825 144 255 826 826 1499 254 827 827 1438 257 828 828 145 143 829 829 265 258 830 830 1438 257 831 831 146 259 832 832 145 143 833 833 147 260 834 834 146 259 835 835 1438 257 836 836 147 260 837 837 80 145 838 838 146 259 839 839 148 261 840 840 80 145 841 841 147 260 842 842 148 261 843 843 149 149 844 844 80 145 845 845 291 262 846 846 149 149 847 847 148 261 848 848 291 262 849 849 150 263 850 850 149 149 851 851 481 264 852 852 150 263 853 853 291 262 854 854 481 264 855 855 1433 151 856 856 150 263 857 857 151 265 858 858 1433 151 859 859 481 264 860 860 151 265 861 861 1421 155 862 862 1433 151 863 863 482 266 864 864 1421 155 865 865 151 265 866 866 482 266 867 867 152 267 868 868 1421 155 869 869 153 268 870 870 152 267 871 871 482 266 872 872 153 268 873 873 1427 157 874 874 152 267 875 875 154 269 876 876 1427 157 877 877 153 268 878 878 154 269 879 879 1423 161 880 880 1427 157 881 881 484 270 882 882 1423 161 883 883 154 269 884 884 484 270 885 885 155 271 886 886 1423 161 887 887 1235 272 888 888 155 271 889 889 484 270 890 890 1235 272 891 891 90 163 892 892 155 271 893 893 156 273 894 894 90 163 895 895 1235 272 896 896 156 273 897 897 1417 167 898 898 90 163 899 899 879 274 900 900 1417 167 901 901 156 273 902 902 879 274 903 903 157 275 904 904 1417 167 905 905 158 0 906 906 157 275 907 907 879 274 908 908 158 0 909 909 1411 169 910 910 157 275 911 911 1316 2 912 912 1411 169 913 913 158 0 914 914 806 276 915 915 1084 277 916 916 673 278 917 917 806 276 918 918 1120 279 919 919 1084 277 920 920 807 280 921 921 1120 279 922 922 806 276 923 923 807 280 924 924 986 281 925 925 1120 279 926 926 949 282 927 927 986 281 928 928 807 280 929 929 949 282 930 930 160 283 931 931 986 281 932 932 159 284 933 933 160 283 934 934 949 282 935 935 159 284 936 936 161 285 937 937 160 283 938 938 636 286 939 939 161 285 940 940 159 284 941 941 636 286 942 942 162 287 943 943 161 285 944 944 163 288 945 945 162 287 946 946 636 286 947 947 163 288 948 948 1345 289 949 949 162 287 950 950 164 290 951 951 1345 289 952 952 163 288 953 953 164 290 954 954 165 291 955 955 1345 289 956 956 631 292 957 957 165 291 958 958 164 290 959 959 631 292 960 960 166 293 961 961 165 291 962 962 167 294 963 963 166 293 964 964 631 292 965 965 167 294 966 966 1347 295 967 967 166 293 968 968 1346 296 969 969 1347 295 970 970 167 294 971 971 1346 296 972 972 168 297 973 973 1347 295 974 974 923 298 975 975 168 297 976 976 1346 296 977 977 923 298 978 978 170 299 979 979 168 297 980 980 169 300 981 981 170 299 982 982 923 298 983 983 169 300 984 984 171 301 985 985 170 299 986 986 173 302 987 987 171 301 988 988 169 300 989 989 173 302 990 990 172 303 991 991 171 301 992 992 1069 304 993 993 172 303 994 994 173 302 995 995 1069 304 996 996 359 305 997 997 172 303 998 998 174 306 999 999 359 305 1000 1000 1069 304 1001 1001 312 307 1002 1002 175 308 1003 1003 1103 309 1004 1004 312 307 1005 1005 176 310 1006 1006 175 308 1007 1007 1268 311 1008 1008 176 310 1009 1009 312 307 1010 1010 1268 311 1011 1011 177 312 1012 1012 176 310 1013 1013 178 313 1014 1014 177 312 1015 1015 1268 311 1016 1016 178 313 1017 1017 1059 314 1018 1018 177 312 1019 1019 179 315 1020 1020 1059 314 1021 1021 178 313 1022 1022 179 315 1023 1023 1058 316 1024 1024 1059 314 1025 1025 262 317 1026 1026 1058 316 1027 1027 179 315 1028 1028 262 317 1029 1029 647 318 1030 1030 1058 316 1031 1031 180 319 1032 1032 647 318 1033 1033 262 317 1034 1034 180 319 1035 1035 181 320 1036 1036 647 318 1037 1037 183 321 1038 1038 181 320 1039 1039 180 319 1040 1040 183 321 1041 1041 182 322 1042 1042 181 320 1043 1043 257 323 1044 1044 182 322 1045 1045 183 321 1046 1046 257 323 1047 1047 184 324 1048 1048 182 322 1049 1049 1360 325 1050 1050 184 324 1051 1051 257 323 1052 1052 1360 325 1053 1053 429 326 1054 1054 184 324 1055 1055 185 327 1056 1056 429 326 1057 1057 1360 325 1058 1058 185 327 1059 1059 186 328 1060 1060 429 326 1061 1061 253 329 1062 1062 186 328 1063 1063 185 327 1064 1064 253 329 1065 1065 425 330 1066 1066 186 328 1067 1067 188 331 1068 1068 425 330 1069 1069 253 329 1070 1070 188 331 1071 1071 187 332 1072 1072 425 330 1073 1073 190 333 1074 1074 187 332 1075 1075 188 331 1076 1076 190 333 1077 1077 189 334 1078 1078 187 332 1079 1079 191 335 1080 1080 189 334 1081 1081 190 333 1082 1082 191 335 1083 1083 220 336 1084 1084 189 334 1085 1085 1252 337 1086 1086 192 338 1087 1087 1251 339 1088 1088 1252 337 1089 1089 193 340 1090 1090 192 338 1091 1091 579 341 1092 1092 193 340 1093 1093 1252 337 1094 1094 579 341 1095 1095 867 342 1096 1096 193 340 1097 1097 194 343 1098 1098 867 342 1099 1099 579 341 1100 1100 194 343 1101 1101 1082 344 1102 1102 867 342 1103 1103 1394 345 1104 1104 1082 344 1105 1105 194 343 1106 1106 1394 345 1107 1107 195 346 1108 1108 1082 344 1109 1109 208 347 1110 1110 195 346 1111 1111 1394 345 1112 1112 208 347 1113 1113 1525 348 1114 1114 195 346 1115 1115 196 349 1116 1116 1525 348 1117 1117 208 347 1118 1118 196 349 1119 1119 1199 350 1120 1120 1525 348 1121 1121 197 351 1122 1122 1199 350 1123 1123 196 349 1124 1124 197 351 1125 1125 908 352 1126 1126 1199 350 1127 1127 198 353 1128 1128 908 352 1129 1129 197 351 1130 1130 198 353 1131 1131 199 354 1132 1132 908 352 1133 1133 1420 355 1134 1134 199 354 1135 1135 198 353 1136 1136 1420 355 1137 1137 200 356 1138 1138 199 354 1139 1139 211 357 1140 1140 200 356 1141 1141 1420 355 1142 1142 211 357 1143 1143 201 358 1144 1144 200 356 1145 1145 214 359 1146 1146 201 358 1147 1147 211 357 1148 1148 214 359 1149 1149 1401 360 1150 1150 201 358 1151 1151 202 361 1152 1152 1401 360 1153 1153 214 359 1154 1154 202 361 1155 1155 1021 362 1156 1156 1401 360 1157 1157 203 363 1158 1158 1021 362 1159 1159 202 361 1160 1160 203 363 1161 1161 204 364 1162 1162 1021 362 1163 1163 1519 365 1164 1164 204 364 1165 1165 203 363 1166 1166 206 366 1167 1167 1394 345 1168 1168 205 367 1169 1169 206 366 1170 1170 207 368 1171 1171 1394 345 1172 1172 566 369 1173 1173 207 368 1174 1174 206 366 1175 1175 566 369 1176 1176 208 347 1177 1177 207 368 1178 1178 209 370 1179 1179 208 347 1180 1180 566 369 1181 1181 209 370 1182 1182 197 351 1183 1183 208 347 1184 1184 1511 371 1185 1185 197 351 1186 1186 209 370 1187 1187 1511 371 1188 1188 1510 372 1189 1189 197 351 1190 1190 591 373 1191 1191 1510 372 1192 1192 1511 371 1193 1193 591 373 1194 1194 198 353 1195 1195 1510 372 1196 1196 210 374 1197 1197 198 353 1198 1198 591 373 1199 1199 210 374 1200 1200 211 357 1201 1201 198 353 1202 1202 212 375 1203 1203 211 357 1204 1204 210 374 1205 1205 212 375 1206 1206 213 376 1207 1207 211 357 1208 1208 1194 377 1209 1209 213 376 1210 1210 212 375 1211 1211 1194 377 1212 1212 214 359 1213 1213 213 376 1214 1214 215 378 1215 1215 214 359 1216 1216 1194 377 1217 1217 215 378 1218 1218 203 363 1219 1219 214 359 1220 1220 1165 379 1221 1221 203 363 1222 1222 215 378 1223 1223 1165 379 1224 1224 1412 380 1225 1225 203 363 1226 1226 216 381 1227 1227 1412 380 1228 1228 1165 379 1229 1229 216 381 1230 1230 1519 365 1231 1231 1412 380 1232 1232 974 382 1233 1233 1519 365 1234 1234 216 381 1235 1235 974 382 1236 1236 621 383 1237 1237 1519 365 1238 1238 973 384 1239 1239 621 383 1240 1240 974 382 1241 1241 973 384 1242 1242 217 385 1243 1243 621 383 1244 1244 1093 386 1245 1245 217 385 1246 1246 973 384 1247 1247 1222 387 1248 1248 1224 388 1249 1249 1225 389 1250 1250 1222 387 1251 1251 218 390 1252 1252 1224 388 1253 1253 1221 391 1254 1254 218 390 1255 1255 1222 387 1256 1256 1221 391 1257 1257 191 335 1258 1258 218 390 1259 1259 219 392 1260 1260 191 335 1261 1261 1221 391 1262 1262 219 392 1263 1263 220 336 1264 1264 191 335 1265 1265 745 393 1266 1266 220 336 1267 1267 219 392 1268 1268 745 393 1269 1269 221 394 1270 1270 220 336 1271 1271 664 395 1272 1272 221 394 1273 1273 745 393 1274 1274 664 395 1275 1275 989 396 1276 1276 221 394 1277 1277 662 397 1278 1278 989 396 1279 1279 664 395 1280 1280 662 397 1281 1281 222 398 1282 1282 989 396 1283 1283 663 399 1284 1284 222 398 1285 1285 662 397 1286 1286 663 399 1287 1287 223 400 1288 1288 222 398 1289 1289 794 401 1290 1290 223 400 1291 1291 663 399 1292 1292 794 401 1293 1293 376 402 1294 1294 223 400 1295 1295 224 403 1296 1296 376 402 1297 1297 794 401 1298 1298 224 403 1299 1299 1491 404 1300 1300 376 402 1301 1301 1351 405 1302 1302 1491 404 1303 1303 224 403 1304 1304 1351 405 1305 1305 225 406 1306 1306 1491 404 1307 1307 226 407 1308 1308 225 406 1309 1309 1351 405 1310 1310 226 407 1311 1311 414 408 1312 1312 225 406 1313 1313 227 409 1314 1314 414 408 1315 1315 226 407 1316 1316 227 409 1317 1317 1499 254 1318 1318 414 408 1319 1319 961 410 1320 1320 1499 254 1321 1321 227 409 1322 1322 961 410 1323 1323 704 256 1324 1324 1499 254 1325 1325 230 411 1326 1326 348 412 1327 1327 228 413 1328 1328 230 411 1329 1329 229 414 1330 1330 348 412 1331 1331 383 415 1332 1332 229 414 1333 1333 230 411 1334 1334 383 415 1335 1335 347 416 1336 1336 229 414 1337 1337 231 417 1338 1338 347 416 1339 1339 383 415 1340 1340 231 417 1341 1341 345 418 1342 1342 347 416 1343 1343 1056 419 1344 1344 345 418 1345 1345 231 417 1346 1346 1056 419 1347 1347 1398 420 1348 1348 345 418 1349 1349 402 421 1350 1350 1398 420 1351 1351 1056 419 1352 1352 402 421 1353 1353 343 422 1354 1354 1398 420 1355 1355 232 423 1356 1356 343 422 1357 1357 402 421 1358 1358 232 423 1359 1359 339 424 1360 1360 343 422 1361 1361 233 425 1362 1362 339 424 1363 1363 232 423 1364 1364 233 425 1365 1365 234 426 1366 1366 339 424 1367 1367 1022 427 1368 1368 234 426 1369 1369 233 425 1370 1370 1022 427 1371 1371 338 428 1372 1372 234 426 1373 1373 1329 429 1374 1374 338 428 1375 1375 1022 427 1376 1376 1329 429 1377 1377 1428 430 1378 1378 338 428 1379 1379 236 431 1380 1380 1428 430 1381 1381 1329 429 1382 1382 236 431 1383 1383 235 432 1384 1384 1428 430 1385 1385 325 433 1386 1386 235 432 1387 1387 236 431 1388 1388 325 433 1389 1389 237 434 1390 1390 235 432 1391 1391 891 435 1392 1392 237 434 1393 1393 325 433 1394 1394 891 435 1395 1395 1361 436 1396 1396 237 434 1397 1397 238 437 1398 1398 968 438 1399 1399 969 439 1400 1400 238 437 1401 1401 239 440 1402 1402 968 438 1403 1403 1172 441 1404 1404 239 440 1405 1405 238 437 1406 1406 1172 441 1407 1407 240 442 1408 1408 239 440 1409 1409 1173 443 1410 1410 240 442 1411 1411 1172 441 1412 1412 1173 443 1413 1413 1415 444 1414 1414 240 442 1415 1415 1171 445 1416 1416 1415 444 1417 1417 1173 443 1418 1418 1171 445 1419 1419 241 446 1420 1420 1415 444 1421 1421 904 447 1422 1422 241 446 1423 1423 1171 445 1424 1424 904 447 1425 1425 1392 448 1426 1426 241 446 1427 1427 242 449 1428 1428 1392 448 1429 1429 904 447 1430 1430 242 449 1431 1431 243 450 1432 1432 1392 448 1433 1433 244 451 1434 1434 243 450 1435 1435 242 449 1436 1436 244 451 1437 1437 245 452 1438 1438 243 450 1439 1439 246 453 1440 1440 245 452 1441 1441 244 451 1442 1442 246 453 1443 1443 393 454 1444 1444 245 452 1445 1445 247 455 1446 1446 393 454 1447 1447 246 453 1448 1448 247 455 1449 1449 248 456 1450 1450 393 454 1451 1451 1293 457 1452 1452 248 456 1453 1453 247 455 1454 1454 1293 457 1455 1455 249 458 1456 1456 248 456 1457 1457 314 459 1458 1458 249 458 1459 1459 1293 457 1460 1460 314 459 1461 1461 1141 460 1462 1462 249 458 1463 1463 313 461 1464 1464 1141 460 1465 1465 314 459 1466 1466 191 335 1467 1467 1224 388 1468 1468 218 390 1469 1469 191 335 1470 1470 250 462 1471 1471 1224 388 1472 1472 190 333 1473 1473 250 462 1474 1474 191 335 1475 1475 190 333 1476 1476 251 463 1477 1477 250 462 1478 1478 1358 464 1479 1479 251 463 1480 1480 190 333 1481 1481 1358 464 1482 1482 252 465 1483 1483 251 463 1484 1484 253 329 1485 1485 252 465 1486 1486 1358 464 1487 1487 253 329 1488 1488 254 466 1489 1489 252 465 1490 1490 185 327 1491 1491 254 466 1492 1492 253 329 1493 1493 185 327 1494 1494 255 467 1495 1495 254 466 1496 1496 256 468 1497 1497 255 467 1498 1498 185 327 1499 1499 256 468 1500 1500 258 469 1501 1501 255 467 1502 1502 257 323 1503 1503 258 469 1504 1504 256 468 1505 1505 257 323 1506 1506 259 470 1507 1507 258 469 1508 1508 183 321 1509 1509 259 470 1510 1510 257 323 1511 1511 183 321 1512 1512 467 471 1513 1513 259 470 1514 1514 260 472 1515 1515 467 471 1516 1516 183 321 1517 1517 260 472 1518 1518 261 473 1519 1519 467 471 1520 1520 262 317 1521 1521 261 473 1522 1522 260 472 1523 1523 262 317 1524 1524 263 474 1525 1525 261 473 1526 1526 179 315 1527 1527 263 474 1528 1528 262 317 1529 1529 179 315 1530 1530 1267 475 1531 1531 263 474 1532 1532 264 476 1533 1533 1267 475 1534 1534 179 315 1535 1535 78 139 1536 1536 145 143 1537 1537 79 141 1538 1538 78 139 1539 1539 265 258 1540 1540 145 143 1541 1541 717 477 1542 1542 265 258 1543 1543 78 139 1544 1544 717 477 1545 1545 1438 257 1546 1546 265 258 1547 1547 266 478 1548 1548 1438 257 1549 1549 717 477 1550 1550 266 478 1551 1551 911 479 1552 1552 1438 257 1553 1553 1439 480 1554 1554 911 479 1555 1555 266 478 1556 1556 1439 480 1557 1557 910 481 1558 1558 911 479 1559 1559 1440 482 1560 1560 910 481 1561 1561 1439 480 1562 1562 1440 482 1563 1563 912 483 1564 1564 910 481 1565 1565 1435 484 1566 1566 912 483 1567 1567 1440 482 1568 1568 1435 484 1569 1569 1522 485 1570 1570 912 483 1571 1571 513 486 1572 1572 1522 485 1573 1573 1435 484 1574 1574 513 486 1575 1575 942 487 1576 1576 1522 485 1577 1577 267 488 1578 1578 942 487 1579 1579 513 486 1580 1580 267 488 1581 1581 268 489 1582 1582 942 487 1583 1583 269 490 1584 1584 268 489 1585 1585 267 488 1586 1586 269 490 1587 1587 1271 491 1588 1588 268 489 1589 1589 516 492 1590 1590 1271 491 1591 1591 269 490 1592 1592 516 492 1593 1593 1270 493 1594 1594 1271 491 1595 1595 1273 494 1596 1596 1270 493 1597 1597 516 492 1598 1598 1273 494 1599 1599 700 495 1600 1600 1270 493 1601 1601 596 496 1602 1602 700 495 1603 1603 1273 494 1604 1604 330 497 1605 1605 326 234 1606 1606 327 498 1607 1607 330 497 1608 1608 1464 499 1609 1609 326 234 1610 1610 1006 500 1611 1611 1464 499 1612 1612 330 497 1613 1613 1006 500 1614 1614 1465 236 1615 1615 1464 499 1616 1616 270 501 1617 1617 1465 236 1618 1618 1006 500 1619 1619 270 501 1620 1620 137 240 1621 1621 1465 236 1622 1622 271 502 1623 1623 137 240 1624 1624 270 501 1625 1625 271 502 1626 1626 1477 503 1627 1627 137 240 1628 1628 1478 504 1629 1629 1477 503 1630 1630 271 502 1631 1631 1478 504 1632 1632 272 242 1633 1633 1477 503 1634 1634 274 505 1635 1635 272 242 1636 1636 1478 504 1637 1637 274 505 1638 1638 273 246 1639 1639 272 242 1640 1640 275 506 1641 1641 273 246 1642 1642 274 505 1643 1643 275 506 1644 1644 276 507 1645 1645 273 246 1646 1646 1479 508 1647 1647 276 507 1648 1648 275 506 1649 1649 1479 508 1650 1650 141 248 1651 1651 276 507 1652 1652 1490 509 1653 1653 141 248 1654 1654 1479 508 1655 1655 1490 509 1656 1656 277 252 1657 1657 141 248 1658 1658 278 510 1659 1659 277 252 1660 1660 1490 509 1661 1661 278 510 1662 1662 1498 511 1663 1663 277 252 1664 1664 414 408 1665 1665 1498 511 1666 1666 278 510 1667 1667 414 408 1668 1668 1499 254 1669 1669 1498 511 1670 1670 1005 512 1671 1671 331 513 1672 1672 279 514 1673 1673 1005 512 1674 1674 280 515 1675 1675 331 513 1676 1676 281 516 1677 1677 280 515 1678 1678 1005 512 1679 1679 281 516 1680 1680 1108 517 1681 1681 280 515 1682 1682 282 518 1683 1683 1108 517 1684 1684 281 516 1685 1685 282 518 1686 1686 283 519 1687 1687 1108 517 1688 1688 284 520 1689 1689 283 519 1690 1690 282 518 1691 1691 284 520 1692 1692 1467 521 1693 1693 283 519 1694 1694 369 522 1695 1695 1467 521 1696 1696 284 520 1697 1697 369 522 1698 1698 285 523 1699 1699 1467 521 1700 1700 1508 524 1701 1701 285 523 1702 1702 369 522 1703 1703 1508 524 1704 1704 1494 525 1705 1705 285 523 1706 1706 286 526 1707 1707 1494 525 1708 1708 1508 524 1709 1709 286 526 1710 1710 1493 527 1711 1711 1494 525 1712 1712 1495 528 1713 1713 1493 527 1714 1714 286 526 1715 1715 1495 528 1716 1716 287 529 1717 1717 1493 527 1718 1718 288 530 1719 1719 287 529 1720 1720 1495 528 1721 1721 288 530 1722 1722 412 531 1723 1723 287 529 1724 1724 289 532 1725 1725 412 531 1726 1726 288 530 1727 1727 289 532 1728 1728 290 533 1729 1729 412 531 1730 1730 376 402 1731 1731 290 533 1732 1732 289 532 1733 1733 376 402 1734 1734 1491 404 1735 1735 290 533 1736 1736 147 260 1737 1737 291 262 1738 1738 148 261 1739 1739 147 260 1740 1740 292 534 1741 1741 291 262 1742 1742 293 535 1743 1743 292 534 1744 1744 147 260 1745 1745 293 535 1746 1746 479 536 1747 1747 292 534 1748 1748 294 537 1749 1749 479 536 1750 1750 293 535 1751 1751 294 537 1752 1752 557 538 1753 1753 479 536 1754 1754 913 539 1755 1755 557 538 1756 1756 294 537 1757 1757 913 539 1758 1758 736 540 1759 1759 557 538 1760 1760 295 541 1761 1761 736 540 1762 1762 913 539 1763 1763 295 541 1764 1764 1053 542 1765 1765 736 540 1766 1766 296 543 1767 1767 1053 542 1768 1768 295 541 1769 1769 296 543 1770 1770 297 544 1771 1771 1053 542 1772 1772 1407 545 1773 1773 297 544 1774 1774 296 543 1775 1775 1407 545 1776 1776 688 546 1777 1777 297 544 1778 1778 1406 547 1779 1779 688 546 1780 1780 1407 545 1781 1781 1406 547 1782 1782 298 548 1783 1783 688 546 1784 1784 1504 549 1785 1785 298 548 1786 1786 1406 547 1787 1787 1504 549 1788 1788 1281 550 1789 1789 298 548 1790 1790 299 551 1791 1791 1281 550 1792 1792 1504 549 1793 1793 299 551 1794 1794 300 552 1795 1795 1281 550 1796 1796 301 553 1797 1797 300 552 1798 1798 299 551 1799 1799 302 554 1800 1800 578 555 1801 1801 869 556 1802 1802 302 554 1803 1803 303 557 1804 1804 578 555 1805 1805 304 558 1806 1806 303 557 1807 1807 302 554 1808 1808 304 558 1809 1809 577 559 1810 1810 303 557 1811 1811 305 560 1812 1812 577 559 1813 1813 304 558 1814 1814 305 560 1815 1815 574 561 1816 1816 577 559 1817 1817 963 562 1818 1818 574 561 1819 1819 305 560 1820 1820 963 562 1821 1821 306 563 1822 1822 574 561 1823 1823 1197 564 1824 1824 306 563 1825 1825 963 562 1826 1826 1197 564 1827 1827 307 565 1828 1828 306 563 1829 1829 308 566 1830 1830 307 565 1831 1831 1197 564 1832 1832 308 566 1833 1833 1515 567 1834 1834 307 565 1835 1835 1110 568 1836 1836 1515 567 1837 1837 308 566 1838 1838 1110 568 1839 1839 309 569 1840 1840 1515 567 1841 1841 1112 570 1842 1842 309 569 1843 1843 1110 568 1844 1844 1112 570 1845 1845 310 571 1846 1846 309 569 1847 1847 311 572 1848 1848 310 571 1849 1849 1112 570 1850 1850 311 572 1851 1851 312 307 1852 1852 310 571 1853 1853 926 573 1854 1854 312 307 1855 1855 311 572 1856 1856 926 573 1857 1857 1254 574 1858 1858 312 307 1859 1859 1255 575 1860 1860 1254 574 1861 1861 926 573 1862 1862 314 459 1863 1863 1138 75 1864 1864 313 461 1865 1865 314 459 1866 1866 315 76 1867 1867 1138 75 1868 1868 836 576 1869 1869 315 76 1870 1870 314 459 1871 1871 836 576 1872 1872 316 74 1873 1873 315 76 1874 1874 318 577 1875 1875 316 74 1876 1876 836 576 1877 1877 318 577 1878 1878 317 578 1879 1879 316 74 1880 1880 694 579 1881 1881 317 578 1882 1882 318 577 1883 1883 694 579 1884 1884 319 580 1885 1885 317 578 1886 1886 696 581 1887 1887 319 580 1888 1888 694 579 1889 1889 696 581 1890 1890 320 582 1891 1891 319 580 1892 1892 321 583 1893 1893 320 582 1894 1894 696 581 1895 1895 321 583 1896 1896 1429 584 1897 1897 320 582 1898 1898 1432 585 1899 1899 1429 584 1900 1900 321 583 1901 1901 1432 585 1902 1902 322 586 1903 1903 1429 584 1904 1904 1430 587 1905 1905 322 586 1906 1906 1432 585 1907 1907 1430 587 1908 1908 324 588 1909 1909 322 586 1910 1910 323 589 1911 1911 324 588 1912 1912 1430 587 1913 1913 323 589 1914 1914 325 433 1915 1915 324 588 1916 1916 726 590 1917 1917 325 433 1918 1918 323 589 1919 1919 726 590 1920 1920 891 435 1921 1921 325 433 1922 1922 131 230 1923 1923 326 234 1924 1924 132 232 1925 1925 131 230 1926 1926 327 498 1927 1927 326 234 1928 1928 328 591 1929 1929 327 498 1930 1930 131 230 1931 1931 328 591 1932 1932 330 497 1933 1933 327 498 1934 1934 329 592 1935 1935 330 497 1936 1936 328 591 1937 1937 329 592 1938 1938 331 513 1939 1939 330 497 1940 1940 1471 593 1941 1941 331 513 1942 1942 329 592 1943 1943 1471 593 1944 1944 279 514 1945 1945 331 513 1946 1946 332 594 1947 1947 279 514 1948 1948 1471 593 1949 1949 332 594 1950 1950 1005 512 1951 1951 279 514 1952 1952 333 595 1953 1953 1005 512 1954 1954 332 594 1955 1955 333 595 1956 1956 1002 596 1957 1957 1005 512 1958 1958 334 597 1959 1959 1002 596 1960 1960 333 595 1961 1961 334 597 1962 1962 335 598 1963 1963 1002 596 1964 1964 336 599 1965 1965 335 598 1966 1966 334 597 1967 1967 336 599 1968 1968 1506 600 1969 1969 335 598 1970 1970 1469 601 1971 1971 1506 600 1972 1972 336 599 1973 1973 1469 601 1974 1974 1059 314 1975 1975 1506 600 1976 1976 177 312 1977 1977 1059 314 1978 1978 1469 601 1979 1979 826 602 1980 1980 1428 430 1981 1981 825 603 1982 1982 826 602 1983 1983 337 604 1984 1984 1428 430 1985 1985 1320 605 1986 1986 337 604 1987 1987 826 602 1988 1988 1320 605 1989 1989 338 428 1990 1990 337 604 1991 1991 340 606 1992 1992 338 428 1993 1993 1320 605 1994 1994 340 606 1995 1995 339 424 1996 1996 338 428 1997 1997 341 607 1998 1998 339 424 1999 1999 340 606 2000 2000 341 607 2001 2001 342 608 2002 2002 339 424 2003 2003 1319 609 2004 2004 342 608 2005 2005 341 607 2006 2006 1319 609 2007 2007 343 422 2008 2008 342 608 2009 2009 344 610 2010 2010 343 422 2011 2011 1319 609 2012 2012 344 610 2013 2013 345 418 2014 2014 343 422 2015 2015 1413 611 2016 2016 345 418 2017 2017 344 610 2018 2018 1413 611 2019 2019 346 612 2020 2020 345 418 2021 2021 1405 613 2022 2022 346 612 2023 2023 1413 611 2024 2024 1405 613 2025 2025 347 416 2026 2026 346 612 2027 2027 349 614 2028 2028 347 416 2029 2029 1405 613 2030 2030 349 614 2031 2031 348 412 2032 2032 347 416 2033 2033 864 615 2034 2034 348 412 2035 2035 349 614 2036 2036 1534 616 2037 2037 350 617 2038 2038 702 618 2039 2039 1534 616 2040 2040 1410 619 2041 2041 350 617 2042 2042 1214 620 2043 2043 1410 619 2044 2044 1534 616 2045 2045 1214 620 2046 2046 1409 621 2047 2047 1410 619 2048 2048 751 622 2049 2049 1409 621 2050 2050 1214 620 2051 2051 751 622 2052 2052 363 623 2053 2053 1409 621 2054 2054 351 624 2055 2055 363 623 2056 2056 751 622 2057 2057 351 624 2058 2058 352 625 2059 2059 363 623 2060 2060 476 626 2061 2061 352 625 2062 2062 351 624 2063 2063 476 626 2064 2064 364 627 2065 2065 352 625 2066 2066 1448 628 2067 2067 364 627 2068 2068 476 626 2069 2069 1448 628 2070 2070 353 629 2071 2071 364 627 2072 2072 354 630 2073 2073 353 629 2074 2074 1448 628 2075 2075 354 630 2076 2076 355 631 2077 2077 353 629 2078 2078 356 632 2079 2079 355 631 2080 2080 354 630 2081 2081 356 632 2082 2082 857 633 2083 2083 355 631 2084 2084 357 634 2085 2085 857 633 2086 2086 356 632 2087 2087 357 634 2088 2088 1452 100 2089 2089 857 633 2090 2090 477 102 2091 2091 1452 100 2092 2092 357 634 2093 2093 359 305 2094 2094 1323 635 2095 2095 1342 636 2096 2096 359 305 2097 2097 358 637 2098 2098 1323 635 2099 2099 701 638 2100 2100 358 637 2101 2101 359 305 2102 2102 701 638 2103 2103 864 615 2104 2104 358 637 2105 2105 360 639 2106 2106 864 615 2107 2107 701 638 2108 2108 360 639 2109 2109 348 412 2110 2110 864 615 2111 2111 350 617 2112 2112 348 412 2113 2113 360 639 2114 2114 350 617 2115 2115 228 413 2116 2116 348 412 2117 2117 1409 621 2118 2118 228 413 2119 2119 350 617 2120 2120 1409 621 2121 2121 230 411 2122 2122 228 413 2123 2123 361 640 2124 2124 230 411 2125 2125 1409 621 2126 2126 361 640 2127 2127 1532 641 2128 2128 230 411 2129 2129 363 623 2130 2130 1532 641 2131 2131 361 640 2132 2132 363 623 2133 2133 362 642 2134 2134 1532 641 2135 2135 364 627 2136 2136 362 642 2137 2137 363 623 2138 2138 364 627 2139 2139 365 643 2140 2140 362 642 2141 2141 366 644 2142 2142 365 643 2143 2143 364 627 2144 2144 366 644 2145 2145 915 645 2146 2146 365 643 2147 2147 642 646 2148 2148 284 520 2149 2149 367 647 2150 2150 642 646 2151 2151 368 648 2152 2152 284 520 2153 2153 888 649 2154 2154 368 648 2155 2155 642 646 2156 2156 888 649 2157 2157 369 522 2158 2158 368 648 2159 2159 370 650 2160 2160 369 522 2161 2161 888 649 2162 2162 370 650 2163 2163 286 526 2164 2164 369 522 2165 2165 371 651 2166 2166 286 526 2167 2167 370 650 2168 2168 371 651 2169 2169 372 652 2170 2170 286 526 2171 2171 373 653 2172 2172 372 652 2173 2173 371 651 2174 2174 373 653 2175 2175 1495 528 2176 2176 372 652 2177 2177 374 654 2178 2178 1495 528 2179 2179 373 653 2180 2180 374 654 2181 2181 289 532 2182 2182 1495 528 2183 2183 880 655 2184 2184 289 532 2185 2185 374 654 2186 2186 880 655 2187 2187 375 656 2188 2188 289 532 2189 2189 222 398 2190 2190 375 656 2191 2191 880 655 2192 2192 222 398 2193 2193 376 402 2194 2194 375 656 2195 2195 223 400 2196 2196 376 402 2197 2197 222 398 2198 2198 177 312 2199 2199 175 308 2200 2200 176 310 2201 2201 177 312 2202 2202 377 657 2203 2203 175 308 2204 2204 336 599 2205 2205 377 657 2206 2206 177 312 2207 2207 336 599 2208 2208 1174 658 2209 2209 377 657 2210 2210 378 659 2211 2211 1174 658 2212 2212 336 599 2213 2213 378 659 2214 2214 1472 660 2215 2215 1174 658 2216 2216 334 597 2217 2217 1472 660 2218 2218 378 659 2219 2219 334 597 2220 2220 379 661 2221 2221 1472 660 2222 2222 332 594 2223 2223 379 661 2224 2224 334 597 2225 2225 332 594 2226 2226 380 662 2227 2227 379 661 2228 2228 381 663 2229 2229 380 662 2230 2230 332 594 2231 2231 381 663 2232 2232 1337 664 2233 2233 380 662 2234 2234 1471 593 2235 2235 1337 664 2236 2236 381 663 2237 2237 1471 593 2238 2238 1336 665 2239 2239 1337 664 2240 2240 328 591 2241 2241 1336 665 2242 2242 1471 593 2243 2243 328 591 2244 2244 382 666 2245 2245 1336 665 2246 2246 1334 667 2247 2247 382 666 2248 2248 328 591 2249 2249 383 415 2250 2250 1056 419 2251 2251 231 417 2252 2252 383 415 2253 2253 1055 668 2254 2254 1056 419 2255 2255 384 669 2256 2256 1055 668 2257 2257 383 415 2258 2258 384 669 2259 2259 385 670 2260 2260 1055 668 2261 2261 386 671 2262 2262 385 670 2263 2263 384 669 2264 2264 386 671 2265 2265 1027 672 2266 2266 385 670 2267 2267 1074 673 2268 2268 1027 672 2269 2269 386 671 2270 2270 1074 673 2271 2271 1425 674 2272 2272 1027 672 2273 2273 387 675 2274 2274 1425 674 2275 2275 1074 673 2276 2276 387 675 2277 2277 388 676 2278 2278 1425 674 2279 2279 914 677 2280 2280 388 676 2281 2281 387 675 2282 2282 914 677 2283 2283 389 678 2284 2284 388 676 2285 2285 1441 679 2286 2286 389 678 2287 2287 914 677 2288 2288 1441 679 2289 2289 1038 680 2290 2290 389 678 2291 2291 390 94 2292 2292 1038 680 2293 2293 1441 679 2294 2294 390 94 2295 2295 50 90 2296 2296 1038 680 2297 2297 391 92 2298 2298 50 90 2299 2299 390 94 2300 2300 393 454 2301 2301 243 450 2302 2302 245 452 2303 2303 393 454 2304 2304 392 681 2305 2305 243 450 2306 2306 1208 682 2307 2307 392 681 2308 2308 393 454 2309 2309 1208 682 2310 2310 608 683 2311 2311 392 681 2312 2312 394 684 2313 2313 608 683 2314 2314 1208 682 2315 2315 394 684 2316 2316 395 685 2317 2317 608 683 2318 2318 396 686 2319 2319 395 685 2320 2320 394 684 2321 2321 396 686 2322 2322 893 687 2323 2323 395 685 2324 2324 639 688 2325 2325 893 687 2326 2326 396 686 2327 2327 639 688 2328 2328 397 689 2329 2329 893 687 2330 2330 399 690 2331 2331 397 689 2332 2332 639 688 2333 2333 399 690 2334 2334 398 691 2335 2335 397 689 2336 2336 400 692 2337 2337 398 691 2338 2338 399 690 2339 2339 400 692 2340 2340 401 693 2341 2341 398 691 2342 2342 7 25 2343 2343 401 693 2344 2344 400 692 2345 2345 7 25 2346 2346 10 29 2347 2347 401 693 2348 2348 9 27 2349 2349 10 29 2350 2350 7 25 2351 2351 402 421 2352 2352 233 425 2353 2353 232 423 2354 2354 402 421 2355 2355 403 694 2356 2356 233 425 2357 2357 404 695 2358 2358 403 694 2359 2359 402 421 2360 2360 404 695 2361 2361 550 696 2362 2362 403 694 2363 2363 405 697 2364 2364 550 696 2365 2365 404 695 2366 2366 405 697 2367 2367 547 698 2368 2368 550 696 2369 2369 1424 699 2370 2370 547 698 2371 2371 405 697 2372 2372 1424 699 2373 2373 1422 700 2374 2374 547 698 2375 2375 1029 701 2376 2376 1422 700 2377 2377 1424 699 2378 2378 1029 701 2379 2379 406 702 2380 2380 1422 700 2381 2381 407 703 2382 2382 406 702 2383 2383 1029 701 2384 2384 407 703 2385 2385 408 704 2386 2386 406 702 2387 2387 1332 705 2388 2388 408 704 2389 2389 407 703 2390 2390 1332 705 2391 2391 657 706 2392 2392 408 704 2393 2393 48 88 2394 2394 657 706 2395 2395 1332 705 2396 2396 48 88 2397 2397 658 84 2398 2398 657 706 2399 2399 409 86 2400 2400 658 84 2401 2401 48 88 2402 2402 283 519 2403 2403 271 502 2404 2404 1007 707 2405 2405 283 519 2406 2406 410 708 2407 2407 271 502 2408 2408 285 523 2409 2409 410 708 2410 2410 283 519 2411 2411 285 523 2412 2412 1478 504 2413 2413 410 708 2414 2414 411 709 2415 2415 1478 504 2416 2416 285 523 2417 2417 411 709 2418 2418 275 506 2419 2419 1478 504 2420 2420 1494 525 2421 2421 275 506 2422 2422 411 709 2423 2423 1494 525 2424 2424 1480 710 2425 2425 275 506 2426 2426 287 529 2427 2427 1480 710 2428 2428 1494 525 2429 2429 287 529 2430 2430 1479 508 2431 2431 1480 710 2432 2432 1489 711 2433 2433 1479 508 2434 2434 287 529 2435 2435 1489 711 2436 2436 278 510 2437 2437 1479 508 2438 2438 412 531 2439 2439 278 510 2440 2440 1489 711 2441 2441 412 531 2442 2442 413 712 2443 2443 278 510 2444 2444 1491 404 2445 2445 413 712 2446 2446 412 531 2447 2447 1491 404 2448 2448 414 408 2449 2449 413 712 2450 2450 225 406 2451 2451 414 408 2452 2452 1491 404 2453 2453 415 713 2454 2454 532 714 2455 2455 1317 715 2456 2456 415 713 2457 2457 1388 716 2458 2458 532 714 2459 2459 733 717 2460 2460 1388 716 2461 2461 415 713 2462 2462 733 717 2463 2463 416 718 2464 2464 1388 716 2465 2465 417 719 2466 2466 416 718 2467 2467 733 717 2468 2468 417 719 2469 2469 528 720 2470 2470 416 718 2471 2471 735 721 2472 2472 528 720 2473 2473 417 719 2474 2474 735 721 2475 2475 1444 722 2476 2476 528 720 2477 2477 418 723 2478 2478 1444 722 2479 2479 735 721 2480 2480 418 723 2481 2481 525 724 2482 2482 1444 722 2483 2483 419 725 2484 2484 525 724 2485 2485 418 723 2486 2486 419 725 2487 2487 420 726 2488 2488 525 724 2489 2489 606 727 2490 2490 420 726 2491 2491 419 725 2492 2492 606 727 2493 2493 421 728 2494 2494 420 726 2495 2495 422 729 2496 2496 421 728 2497 2497 606 727 2498 2498 422 729 2499 2499 1411 169 2500 2500 421 728 2501 2501 93 168 2502 2502 1411 169 2503 2503 422 729 2504 2504 989 396 2505 2505 220 336 2506 2506 221 394 2507 2507 989 396 2508 2508 1359 730 2509 2509 220 336 2510 2510 423 731 2511 2511 1359 730 2512 2512 989 396 2513 2513 423 731 2514 2514 187 332 2515 2515 1359 730 2516 2516 424 732 2517 2517 187 332 2518 2518 423 731 2519 2519 424 732 2520 2520 425 330 2521 2521 187 332 2522 2522 426 733 2523 2523 425 330 2524 2524 424 732 2525 2525 426 733 2526 2526 427 734 2527 2527 425 330 2528 2528 1218 735 2529 2529 427 734 2530 2530 426 733 2531 2531 1218 735 2532 2532 429 326 2533 2533 427 734 2534 2534 428 736 2535 2535 429 326 2536 2536 1218 735 2537 2537 428 736 2538 2538 184 324 2539 2539 429 326 2540 2540 886 737 2541 2541 184 324 2542 2542 428 736 2543 2543 886 737 2544 2544 430 738 2545 2545 184 324 2546 2546 645 739 2547 2547 430 738 2548 2548 886 737 2549 2549 645 739 2550 2550 181 320 2551 2551 430 738 2552 2552 646 740 2553 2553 181 320 2554 2554 645 739 2555 2555 1050 741 2556 2556 52 93 2557 2557 604 742 2558 2558 1050 741 2559 2559 431 743 2560 2560 52 93 2561 2561 1049 744 2562 2562 431 743 2563 2563 1050 741 2564 2564 1049 744 2565 2565 51 91 2566 2566 431 743 2567 2567 432 745 2568 2568 51 91 2569 2569 1049 744 2570 2570 432 745 2571 2571 47 87 2572 2572 51 91 2573 2573 434 746 2574 2574 47 87 2575 2575 432 745 2576 2576 434 746 2577 2577 433 747 2578 2578 47 87 2579 2579 435 748 2580 2580 433 747 2581 2581 434 746 2582 2582 435 748 2583 2583 1442 85 2584 2584 433 747 2585 2585 436 749 2586 2586 1442 85 2587 2587 435 748 2588 2588 436 749 2589 2589 1443 81 2590 2590 1442 85 2591 2591 437 750 2592 2592 1443 81 2593 2593 436 749 2594 2594 437 750 2595 2595 1434 751 2596 2596 1443 81 2597 2597 1140 752 2598 2598 1434 751 2599 2599 437 750 2600 2600 1140 752 2601 2601 1139 79 2602 2602 1434 751 2603 2603 1345 289 2604 2604 438 753 2605 2605 162 287 2606 2606 1345 289 2607 2607 1383 754 2608 2608 438 753 2609 2609 440 755 2610 2610 1383 754 2611 2611 1345 289 2612 2612 440 755 2613 2613 439 756 2614 2614 1383 754 2615 2615 166 293 2616 2616 439 756 2617 2617 440 755 2618 2618 166 293 2619 2619 441 757 2620 2620 439 756 2621 2621 1347 295 2622 2622 441 757 2623 2623 166 293 2624 2624 1347 295 2625 2625 442 758 2626 2626 441 757 2627 2627 444 759 2628 2628 442 758 2629 2629 1347 295 2630 2630 444 759 2631 2631 443 760 2632 2632 442 758 2633 2633 170 299 2634 2634 443 760 2635 2635 444 759 2636 2636 170 299 2637 2637 445 761 2638 2638 443 760 2639 2639 171 301 2640 2640 445 761 2641 2641 170 299 2642 2642 171 301 2643 2643 460 762 2644 2644 445 761 2645 2645 1342 636 2646 2646 460 762 2647 2647 171 301 2648 2648 1342 636 2649 2649 1323 635 2650 2650 460 762 2651 2651 446 763 2652 2652 301 553 2653 2653 1377 764 2654 2654 446 763 2655 2655 447 765 2656 2656 301 553 2657 2657 1283 766 2658 2658 447 765 2659 2659 446 763 2660 2660 1283 766 2661 2661 448 767 2662 2662 447 765 2663 2663 449 768 2664 2664 448 767 2665 2665 1283 766 2666 2666 449 768 2667 2667 451 769 2668 2668 448 767 2669 2669 1282 770 2670 2670 451 769 2671 2671 449 768 2672 2672 1282 770 2673 2673 450 771 2674 2674 451 769 2675 2675 1278 772 2676 2676 450 771 2677 2677 1282 770 2678 2678 1278 772 2679 2679 451 769 2680 2680 450 771 2681 2681 452 773 2682 2682 451 769 2683 2683 1278 772 2684 2684 452 773 2685 2685 1276 774 2686 2686 451 769 2687 2687 453 775 2688 2688 1276 774 2689 2689 452 773 2690 2690 453 775 2691 2691 1102 776 2692 2692 1276 774 2693 2693 692 777 2694 2694 1102 776 2695 2695 453 775 2696 2696 1383 754 2697 2697 1168 224 2698 2698 1379 778 2699 2699 1383 754 2700 2700 454 779 2701 2701 1168 224 2702 2702 439 756 2703 2703 454 779 2704 2704 1383 754 2705 2705 439 756 2706 2706 455 780 2707 2707 454 779 2708 2708 1348 781 2709 2709 455 780 2710 2710 439 756 2711 2711 1348 781 2712 2712 1487 782 2713 2713 455 780 2714 2714 442 758 2715 2715 1487 782 2716 2716 1348 781 2717 2717 442 758 2718 2718 456 783 2719 2719 1487 782 2720 2720 443 760 2721 2721 456 783 2722 2722 442 758 2723 2723 443 760 2724 2724 457 784 2725 2725 456 783 2726 2726 458 785 2727 2727 457 784 2728 2728 443 760 2729 2729 458 785 2730 2730 459 786 2731 2731 457 784 2732 2732 460 762 2733 2733 459 786 2734 2734 458 785 2735 2735 460 762 2736 2736 461 787 2737 2737 459 786 2738 2738 1323 635 2739 2739 461 787 2740 2740 460 762 2741 2741 251 463 2742 2742 76 136 2743 2743 1220 788 2744 2744 251 463 2745 2745 462 789 2746 2746 76 136 2747 2747 252 465 2748 2748 462 789 2749 2749 251 463 2750 2750 252 465 2751 2751 860 790 2752 2752 462 789 2753 2753 463 791 2754 2754 860 790 2755 2755 252 465 2756 2756 463 791 2757 2757 628 792 2758 2758 860 790 2759 2759 255 467 2760 2760 628 792 2761 2761 463 791 2762 2762 255 467 2763 2763 464 793 2764 2764 628 792 2765 2765 258 469 2766 2766 464 793 2767 2767 255 467 2768 2768 258 469 2769 2769 625 794 2770 2770 464 793 2771 2771 465 795 2772 2772 625 794 2773 2773 258 469 2774 2774 465 795 2775 2775 466 796 2776 2776 625 794 2777 2777 467 471 2778 2778 466 796 2779 2779 465 795 2780 2780 467 471 2781 2781 468 797 2782 2782 466 796 2783 2783 261 473 2784 2784 468 797 2785 2785 467 471 2786 2786 1208 682 2787 2787 396 686 2788 2788 394 684 2789 2789 1208 682 2790 2790 469 798 2791 2791 396 686 2792 2792 470 799 2793 2793 469 798 2794 2794 1208 682 2795 2795 470 799 2796 2796 637 800 2797 2797 469 798 2798 2798 471 801 2799 2799 637 800 2800 2800 470 799 2801 2801 471 801 2802 2802 656 802 2803 2803 637 800 2804 2804 1288 803 2805 2805 656 802 2806 2806 471 801 2807 2807 1288 803 2808 2808 472 804 2809 2809 656 802 2810 2810 1509 805 2811 2811 472 804 2812 2812 1288 803 2813 2813 1509 805 2814 2814 792 806 2815 2815 472 804 2816 2816 473 807 2817 2817 792 806 2818 2818 1509 805 2819 2819 473 807 2820 2820 1115 808 2821 2821 792 806 2822 2822 779 809 2823 2823 1115 808 2824 2824 473 807 2825 2825 779 809 2826 2826 1307 810 2827 2827 1115 808 2828 2828 753 811 2829 2829 351 624 2830 2830 752 812 2831 2831 753 811 2832 2832 474 813 2833 2833 351 624 2834 2834 1456 814 2835 2835 474 813 2836 2836 753 811 2837 2837 1456 814 2838 2838 476 626 2839 2839 474 813 2840 2840 475 815 2841 2841 476 626 2842 2842 1456 814 2843 2843 475 815 2844 2844 354 630 2845 2845 476 626 2846 2846 1457 816 2847 2847 354 630 2848 2848 475 815 2849 2849 1457 816 2850 2850 1451 817 2851 2851 354 630 2852 2852 1077 818 2853 2853 1451 817 2854 2854 1457 816 2855 2855 1077 818 2856 2856 356 632 2857 2857 1451 817 2858 2858 478 819 2859 2859 356 632 2860 2860 1077 818 2861 2861 478 819 2862 2862 477 102 2863 2863 356 632 2864 2864 1076 106 2865 2865 477 102 2866 2866 478 819 2867 2867 1076 106 2868 2868 57 104 2869 2869 477 102 2870 2870 479 536 2871 2871 291 262 2872 2872 292 534 2873 2873 479 536 2874 2874 480 820 2875 2875 291 262 2876 2876 555 821 2877 2877 480 820 2878 2878 479 536 2879 2879 555 821 2880 2880 481 264 2881 2881 480 820 2882 2882 1399 822 2883 2883 481 264 2884 2884 555 821 2885 2885 1399 822 2886 2886 482 266 2887 2887 481 264 2888 2888 1400 823 2889 2889 482 266 2890 2890 1399 822 2891 2891 1400 823 2892 2892 1418 824 2893 2893 482 266 2894 2894 483 825 2895 2895 1418 824 2896 2896 1400 823 2897 2897 483 825 2898 2898 153 268 2899 2899 1418 824 2900 2900 485 826 2901 2901 153 268 2902 2902 483 825 2903 2903 485 826 2904 2904 484 270 2905 2905 153 268 2906 2906 551 827 2907 2907 484 270 2908 2908 485 826 2909 2909 551 827 2910 2910 1426 828 2911 2911 484 270 2912 2912 1454 829 2913 2913 117 210 2914 2914 559 830 2915 2915 1454 829 2916 2916 486 831 2917 2917 117 210 2918 2918 487 832 2919 2919 486 831 2920 2920 1454 829 2921 2921 487 832 2922 2922 488 212 2923 2923 486 831 2924 2924 1449 833 2925 2925 488 212 2926 2926 487 832 2927 2927 1449 833 2928 2928 121 214 2929 2929 488 212 2930 2930 1450 834 2931 2931 121 214 2932 2932 1449 833 2933 2933 1450 834 2934 2934 489 835 2935 2935 121 214 2936 2936 1085 836 2937 2937 489 835 2938 2938 1450 834 2939 2939 1085 836 2940 2940 490 216 2941 2941 489 835 2942 2942 491 837 2943 2943 490 216 2944 2944 1085 836 2945 2945 491 837 2946 2946 123 218 2947 2947 490 216 2948 2948 985 838 2949 2949 123 218 2950 2950 491 837 2951 2951 985 838 2952 2952 492 839 2953 2953 123 218 2954 2954 18 41 2955 2955 493 37 2956 2956 17 39 2957 2957 18 41 2958 2958 996 840 2959 2959 493 37 2960 2960 494 841 2961 2961 996 840 2962 2962 18 41 2963 2963 494 841 2964 2964 1067 842 2965 2965 996 840 2966 2966 495 843 2967 2967 1067 842 2968 2968 494 841 2969 2969 495 843 2970 2970 496 844 2971 2971 1067 842 2972 2972 498 845 2973 2973 496 844 2974 2974 495 843 2975 2975 498 845 2976 2976 497 846 2977 2977 496 844 2978 2978 499 847 2979 2979 497 846 2980 2980 498 845 2981 2981 499 847 2982 2982 500 848 2983 2983 497 846 2984 2984 501 849 2985 2985 500 848 2986 2986 499 847 2987 2987 501 849 2988 2988 612 850 2989 2989 500 848 2990 2990 502 851 2991 2991 612 850 2992 2992 501 849 2993 2993 502 851 2994 2994 1184 852 2995 2995 612 850 2996 2996 654 853 2997 2997 1514 19 2998 2998 503 854 2999 2999 654 853 3000 3000 504 855 3001 3001 1514 19 3002 3002 505 856 3003 3003 504 855 3004 3004 654 853 3005 3005 505 856 3006 3006 5 17 3007 3007 504 855 3008 3008 506 857 3009 3009 5 17 3010 3010 505 856 3011 3011 506 857 3012 3012 1527 13 3013 3013 5 17 3014 3014 507 858 3015 3015 1527 13 3016 3016 506 857 3017 3017 507 858 3018 3018 1524 859 3019 3019 1527 13 3020 3020 1389 860 3021 3021 1524 859 3022 3022 507 858 3023 3023 1389 860 3024 3024 1520 11 3025 3025 1524 859 3026 3026 1390 861 3027 3027 1520 11 3028 3028 1389 860 3029 3029 1390 861 3030 3030 508 7 3031 3031 1520 11 3032 3032 834 862 3033 3033 508 7 3034 3034 1390 861 3035 3035 834 862 3036 3036 509 863 3037 3037 508 7 3038 3038 719 864 3039 3039 1439 480 3040 3040 718 865 3041 3041 719 864 3042 3042 510 866 3043 3043 1439 480 3044 3044 511 867 3045 3045 510 866 3046 3046 719 864 3047 3047 511 867 3048 3048 1440 482 3049 3049 510 866 3050 3050 512 868 3051 3051 1440 482 3052 3052 511 867 3053 3053 512 868 3054 3054 513 486 3055 3055 1440 482 3056 3056 1463 869 3057 3057 513 486 3058 3058 512 868 3059 3059 1463 869 3060 3060 514 870 3061 3061 513 486 3062 3062 1461 871 3063 3063 514 870 3064 3064 1463 869 3065 3065 1461 871 3066 3066 267 488 3067 3067 514 870 3068 3068 515 872 3069 3069 267 488 3070 3070 1461 871 3071 3071 515 872 3072 3072 516 492 3073 3073 267 488 3074 3074 1264 873 3075 3075 516 492 3076 3076 515 872 3077 3077 1264 873 3078 3078 1497 874 3079 3079 516 492 3080 3080 517 35 3081 3081 13 31 3082 3082 14 33 3083 3083 517 35 3084 3084 518 875 3085 3085 13 31 3086 3086 998 876 3087 3087 518 875 3088 3088 517 35 3089 3089 998 876 3090 3090 777 877 3091 3091 518 875 3092 3092 519 878 3093 3093 777 877 3094 3094 998 876 3095 3095 519 878 3096 3096 1391 879 3097 3097 777 877 3098 3098 520 880 3099 3099 1391 879 3100 3100 519 878 3101 3101 520 880 3102 3102 521 881 3103 3103 1391 879 3104 3104 1014 882 3105 3105 521 881 3106 3106 520 880 3107 3107 1014 882 3108 3108 522 883 3109 3109 521 881 3110 3110 523 884 3111 3111 522 883 3112 3112 1014 882 3113 3113 523 884 3114 3114 609 885 3115 3115 522 883 3116 3116 611 886 3117 3117 609 885 3118 3118 523 884 3119 3119 611 886 3120 3120 610 887 3121 3121 609 885 3122 3122 1158 1 3123 3123 420 726 3124 3124 1316 2 3125 3125 1158 1 3126 3126 524 888 3127 3127 420 726 3128 3128 526 889 3129 3129 524 888 3130 3130 1158 1 3131 3131 526 889 3132 3132 525 724 3133 3133 524 888 3134 3134 527 890 3135 3135 525 724 3136 3136 526 889 3137 3137 527 890 3138 3138 528 720 3139 3139 525 724 3140 3140 526 889 3141 3141 528 720 3142 3142 527 890 3143 3143 526 889 3144 3144 529 891 3145 3145 528 720 3146 3146 530 892 3147 3147 529 891 3148 3148 526 889 3149 3149 530 892 3150 3150 416 718 3151 3151 529 891 3152 3152 531 893 3153 3153 416 718 3154 3154 530 892 3155 3155 531 893 3156 3156 532 714 3157 3157 416 718 3158 3158 834 862 3159 3159 532 714 3160 3160 531 893 3161 3161 834 862 3162 3162 533 894 3163 3163 532 714 3164 3164 1460 895 3165 3165 1161 896 3166 3166 534 897 3167 3167 1460 895 3168 3168 1160 898 3169 3169 1161 896 3170 3170 535 899 3171 3171 1160 898 3172 3172 1460 895 3173 3173 535 899 3174 3174 669 900 3175 3175 1160 898 3176 3176 536 901 3177 3177 669 900 3178 3178 535 899 3179 3179 536 901 3180 3180 1500 902 3181 3181 669 900 3182 3182 899 903 3183 3183 1500 902 3184 3184 536 901 3185 3185 899 903 3186 3186 537 904 3187 3187 1500 902 3188 3188 1113 905 3189 3189 537 904 3190 3190 899 903 3191 3191 1113 905 3192 3192 538 906 3193 3193 537 904 3194 3194 539 907 3195 3195 538 906 3196 3196 1113 905 3197 3197 539 907 3198 3198 663 399 3199 3199 538 906 3200 3200 794 401 3201 3201 663 399 3202 3202 539 907 3203 3203 317 578 3204 3204 1033 908 3205 3205 661 909 3206 3206 317 578 3207 3207 540 910 3208 3208 1033 908 3209 3209 320 582 3210 3210 540 910 3211 3211 317 578 3212 3212 320 582 3213 3213 1034 911 3214 3214 540 910 3215 3215 541 912 3216 3216 1034 911 3217 3217 320 582 3218 3218 541 912 3219 3219 1031 913 3220 3220 1034 911 3221 3221 1429 584 3222 3222 1031 913 3223 3223 541 912 3224 3224 1429 584 3225 3225 542 914 3226 3226 1031 913 3227 3227 324 588 3228 3228 542 914 3229 3229 1429 584 3230 3230 324 588 3231 3231 543 915 3232 3232 542 914 3233 3233 544 916 3234 3234 543 915 3235 3235 324 588 3236 3236 544 916 3237 3237 236 431 3238 3238 543 915 3239 3239 325 433 3240 3240 236 431 3241 3241 544 916 3242 3242 1419 917 3243 3243 408 704 3244 3244 659 918 3245 3245 1419 917 3246 3246 545 919 3247 3247 408 704 3248 3248 1036 920 3249 3249 545 919 3250 3250 1419 917 3251 3251 1036 920 3252 3252 406 702 3253 3253 545 919 3254 3254 546 921 3255 3255 406 702 3256 3256 1036 920 3257 3257 546 921 3258 3258 547 698 3259 3259 406 702 3260 3260 1025 922 3261 3261 547 698 3262 3262 546 921 3263 3263 1025 922 3264 3264 548 923 3265 3265 547 698 3266 3266 1026 924 3267 3267 548 923 3268 3268 1025 922 3269 3269 1026 924 3270 3270 550 696 3271 3271 548 923 3272 3272 549 925 3273 3273 550 696 3274 3274 1026 924 3275 3275 549 925 3276 3276 233 425 3277 3277 550 696 3278 3278 1022 427 3279 3279 233 425 3280 3280 549 925 3281 3281 551 827 3282 3282 552 926 3283 3283 1132 927 3284 3284 551 827 3285 3285 553 928 3286 3286 552 926 3287 3287 483 825 3288 3288 553 928 3289 3289 551 827 3290 3290 483 825 3291 3291 1239 929 3292 3292 553 928 3293 3293 554 930 3294 3294 1239 929 3295 3295 483 825 3296 3296 554 930 3297 3297 740 931 3298 3298 1239 929 3299 3299 1400 823 3300 3300 740 931 3301 3301 554 930 3302 3302 1400 823 3303 3303 1403 932 3304 3304 740 931 3305 3305 555 821 3306 3306 1403 932 3307 3307 1400 823 3308 3308 555 821 3309 3309 738 933 3310 3310 1403 932 3311 3311 556 934 3312 3312 738 933 3313 3313 555 821 3314 3314 556 934 3315 3315 557 538 3316 3316 738 933 3317 3317 479 536 3318 3318 557 538 3319 3319 556 934 3320 3320 115 208 3321 3321 117 210 3322 3322 558 209 3323 3323 115 208 3324 3324 559 830 3325 3325 117 210 3326 3326 1186 935 3327 3327 559 830 3328 3328 115 208 3329 3329 1186 935 3330 3330 1454 829 3331 3331 559 830 3332 3332 560 936 3333 3333 1454 829 3334 3334 1186 935 3335 3335 560 936 3336 3336 1453 937 3337 3337 1454 829 3338 3338 561 938 3339 3339 1453 937 3340 3340 560 936 3341 3341 561 938 3342 3342 562 939 3343 3343 1453 937 3344 3344 845 940 3345 3345 562 939 3346 3346 561 938 3347 3347 845 940 3348 3348 563 941 3349 3349 562 939 3350 3350 564 942 3351 3351 563 941 3352 3352 845 940 3353 3353 564 942 3354 3354 1065 943 3355 3355 563 941 3356 3356 566 369 3357 3357 1511 371 3358 3358 209 370 3359 3359 566 369 3360 3360 565 944 3361 3361 1511 371 3362 3362 1090 945 3363 3363 565 944 3364 3364 566 369 3365 3365 1090 945 3366 3366 981 946 3367 3367 565 944 3368 3368 567 947 3369 3369 981 946 3370 3370 1090 945 3371 3371 567 947 3372 3372 983 948 3373 3373 981 946 3374 3374 569 949 3375 3375 983 948 3376 3376 567 947 3377 3377 569 949 3378 3378 568 950 3379 3379 983 948 3380 3380 570 951 3381 3381 568 950 3382 3382 569 949 3383 3383 570 951 3384 3384 884 952 3385 3385 568 950 3386 3386 1279 953 3387 3387 884 952 3388 3388 570 951 3389 3389 1279 953 3390 3390 571 954 3391 3391 884 952 3392 3392 713 955 3393 3393 1515 567 3394 3394 712 956 3395 3395 713 955 3396 3396 572 957 3397 3397 1515 567 3398 3398 1257 958 3399 3399 572 957 3400 3400 713 955 3401 3401 1257 958 3402 3402 307 565 3403 3403 572 957 3404 3404 573 959 3405 3405 307 565 3406 3406 1257 958 3407 3407 573 959 3408 3408 574 561 3409 3409 307 565 3410 3410 1256 960 3411 3411 574 561 3412 3412 573 959 3413 3413 1256 960 3414 3414 575 961 3415 3415 574 561 3416 3416 576 962 3417 3417 575 961 3418 3418 1256 960 3419 3419 576 962 3420 3420 577 559 3421 3421 575 961 3422 3422 1181 963 3423 3423 577 559 3424 3424 576 962 3425 3425 1181 963 3426 3426 578 555 3427 3427 577 559 3428 3428 579 341 3429 3429 1394 345 3430 3430 194 343 3431 3431 579 341 3432 3432 205 367 3433 3433 1394 345 3434 3434 747 964 3435 3435 205 367 3436 3436 579 341 3437 3437 747 964 3438 3438 206 366 3439 3439 205 367 3440 3440 580 965 3441 3441 206 366 3442 3442 747 964 3443 3443 580 965 3444 3444 945 966 3445 3445 206 366 3446 3446 1249 967 3447 3447 945 966 3448 3448 580 965 3449 3449 1249 967 3450 3450 944 968 3451 3451 945 966 3452 3452 581 133 3453 3453 944 968 3454 3454 1249 967 3455 3455 581 133 3456 3456 582 969 3457 3457 944 968 3458 3458 583 970 3459 3459 582 969 3460 3460 581 133 3461 3461 583 970 3462 3462 764 971 3463 3463 582 969 3464 3464 585 109 3465 3465 1147 972 3466 3466 1286 973 3467 3467 585 109 3468 3468 584 974 3469 3469 1147 972 3470 3470 1229 975 3471 3471 584 974 3472 3472 585 109 3473 3473 1229 975 3474 3474 586 976 3475 3475 584 974 3476 3476 820 977 3477 3477 586 976 3478 3478 1229 975 3479 3479 820 977 3480 3480 803 978 3481 3481 586 976 3482 3482 587 979 3483 3483 803 978 3484 3484 820 977 3485 3485 587 979 3486 3486 588 980 3487 3487 803 978 3488 3488 1117 981 3489 3489 588 980 3490 3490 587 979 3491 3491 1117 981 3492 3492 769 982 3493 3493 588 980 3494 3494 589 983 3495 3495 769 982 3496 3496 1117 981 3497 3497 589 983 3498 3498 767 984 3499 3499 769 982 3500 3500 591 373 3501 3501 212 375 3502 3502 210 374 3503 3503 591 373 3504 3504 590 985 3505 3505 212 375 3506 3506 1106 986 3507 3507 590 985 3508 3508 591 373 3509 3509 1106 986 3510 3510 592 987 3511 3511 590 985 3512 3512 593 988 3513 3513 592 987 3514 3514 1106 986 3515 3515 593 988 3516 3516 1274 989 3517 3517 592 987 3518 3518 594 990 3519 3519 1274 989 3520 3520 593 988 3521 3521 594 990 3522 3522 595 991 3523 3523 1274 989 3524 3524 885 992 3525 3525 595 991 3526 3526 594 990 3527 3527 885 992 3528 3528 1273 494 3529 3529 595 991 3530 3530 596 496 3531 3531 1273 494 3532 3532 885 992 3533 3533 101 187 3534 3534 598 183 3535 3535 597 185 3536 3536 101 187 3537 3537 599 993 3538 3538 598 183 3539 3539 600 994 3540 3540 599 993 3541 3541 101 187 3542 3542 600 994 3543 3543 602 995 3544 3544 599 993 3545 3545 601 996 3546 3546 602 995 3547 3547 600 994 3548 3548 601 996 3549 3549 1372 997 3550 3550 602 995 3551 3551 613 998 3552 3552 1372 997 3553 3553 601 996 3554 3554 613 998 3555 3555 603 999 3556 3556 1372 997 3557 3557 1152 1000 3558 3558 603 999 3559 3559 613 998 3560 3560 1152 1000 3561 3561 1369 1001 3562 3562 603 999 3563 3563 1375 1002 3564 3564 1369 1001 3565 3565 1152 1000 3566 3566 1020 97 3567 3567 52 93 3568 3568 53 95 3569 3569 1020 97 3570 3570 604 742 3571 3571 52 93 3572 3572 1018 1003 3573 3573 604 742 3574 3574 1020 97 3575 3575 1018 1003 3576 3576 1050 741 3577 3577 604 742 3578 3578 605 1004 3579 3579 1050 741 3580 3580 1018 1003 3581 3581 605 1004 3582 3582 954 1005 3583 3583 1050 741 3584 3584 956 1006 3585 3585 954 1005 3586 3586 605 1004 3587 3587 956 1006 3588 3588 953 1007 3589 3589 954 1005 3590 3590 606 727 3591 3591 953 1007 3592 3592 956 1006 3593 3593 606 727 3594 3594 418 723 3595 3595 953 1007 3596 3596 419 725 3597 3597 418 723 3598 3598 606 727 3599 3599 608 683 3600 3600 243 450 3601 3601 392 681 3602 3602 608 683 3603 3603 607 1008 3604 3604 243 450 3605 3605 609 885 3606 3606 607 1008 3607 3607 608 683 3608 3608 609 885 3609 3609 1392 448 3610 3610 607 1008 3611 3611 610 887 3612 3612 1392 448 3613 3613 609 885 3614 3614 610 887 3615 3615 1415 444 3616 3616 1392 448 3617 3617 611 886 3618 3618 1415 444 3619 3619 610 887 3620 3620 611 886 3621 3621 1414 1009 3622 3622 1415 444 3623 3623 612 850 3624 3624 1414 1009 3625 3625 611 886 3626 3626 612 850 3627 3627 240 442 3628 3628 1414 1009 3629 3629 1184 852 3630 3630 240 442 3631 3631 612 850 3632 3632 600 994 3633 3633 613 998 3634 3634 601 996 3635 3635 600 994 3636 3636 1482 1010 3637 3637 613 998 3638 3638 906 1011 3639 3639 1482 1010 3640 3640 600 994 3641 3641 906 1011 3642 3642 615 1012 3643 3643 1482 1010 3644 3644 614 1013 3645 3645 615 1012 3646 3646 906 1011 3647 3647 614 1013 3648 3648 1366 1014 3649 3649 615 1012 3650 3650 616 1015 3651 3651 1366 1014 3652 3652 614 1013 3653 3653 616 1015 3654 3654 1363 1016 3655 3655 1366 1014 3656 3656 617 1017 3657 3657 1363 1016 3658 3658 616 1015 3659 3659 617 1017 3660 3660 1364 1018 3661 3661 1363 1016 3662 3662 828 1019 3663 3663 1364 1018 3664 3664 617 1017 3665 3665 854 1020 3666 3666 618 1021 3667 3667 1054 1022 3668 3668 854 1020 3669 3669 975 1023 3670 3670 618 1021 3671 3671 619 1024 3672 3672 975 1023 3673 3673 854 1020 3674 3674 619 1024 3675 3675 1485 1025 3676 3676 975 1023 3677 3677 1142 1026 3678 3678 1485 1025 3679 3679 619 1024 3680 3680 1142 1026 3681 3681 620 1027 3682 3682 1485 1025 3683 3683 1064 1028 3684 3684 620 1027 3685 3685 1142 1026 3686 3686 1064 1028 3687 3687 922 1029 3688 3688 620 1027 3689 3689 849 1030 3690 3690 922 1029 3691 3691 1064 1028 3692 3692 849 1030 3693 3693 1260 1031 3694 3694 922 1029 3695 3695 1285 1032 3696 3696 1260 1031 3697 3697 849 1030 3698 3698 621 383 3699 3699 1155 1033 3700 3700 1156 1034 3701 3701 621 383 3702 3702 622 1035 3703 3703 1155 1033 3704 3704 623 1036 3705 3705 622 1035 3706 3706 621 383 3707 3707 623 1036 3708 3708 466 796 3709 3709 622 1035 3710 3710 624 1037 3711 3711 466 796 3712 3712 623 1036 3713 3713 624 1037 3714 3714 625 794 3715 3715 466 796 3716 3716 626 1038 3717 3717 625 794 3718 3718 624 1037 3719 3719 626 1038 3720 3720 627 1039 3721 3721 625 794 3722 3722 1119 1040 3723 3723 627 1039 3724 3724 626 1038 3725 3725 1119 1040 3726 3726 628 792 3727 3727 627 1039 3728 3728 629 1041 3729 3729 628 792 3730 3730 1119 1040 3731 3731 631 292 3732 3732 136 239 3733 3733 630 1042 3734 3734 631 292 3735 3735 632 1043 3736 3736 136 239 3737 3737 164 290 3738 3738 632 1043 3739 3739 631 292 3740 3740 164 290 3741 3741 134 237 3742 3742 632 1043 3743 3743 634 1044 3744 3744 134 237 3745 3745 164 290 3746 3746 634 1044 3747 3747 633 233 3748 3748 134 237 3749 3749 636 286 3750 3750 633 233 3751 3751 634 1044 3752 3752 636 286 3753 3753 635 1045 3754 3754 633 233 3755 3755 159 284 3756 3756 635 1045 3757 3757 636 286 3758 3758 159 284 3759 3759 1483 231 3760 3760 635 1045 3761 3761 637 800 3762 3762 396 686 3763 3763 469 798 3764 3764 637 800 3765 3765 638 1046 3766 3766 396 686 3767 3767 1313 1047 3768 3768 638 1046 3769 3769 637 800 3770 3770 1313 1047 3771 3771 639 688 3772 3772 638 1046 3773 3773 640 1048 3774 3774 639 688 3775 3775 1313 1047 3776 3776 640 1048 3777 3777 400 692 3778 3778 639 688 3779 3779 1311 1049 3780 3780 400 692 3781 3781 640 1048 3782 3782 1311 1049 3783 3783 641 1050 3784 3784 400 692 3785 3785 653 23 3786 3786 641 1050 3787 3787 1311 1049 3788 3788 653 23 3789 3789 7 25 3790 3790 641 1050 3791 3791 281 516 3792 3792 284 520 3793 3793 282 518 3794 3794 281 516 3795 3795 367 647 3796 3796 284 520 3797 3797 1004 1051 3798 3798 367 647 3799 3799 281 516 3800 3800 1004 1051 3801 3801 642 646 3802 3802 367 647 3803 3803 643 1052 3804 3804 642 646 3805 3805 1004 1051 3806 3806 643 1052 3807 3807 645 739 3808 3808 642 646 3809 3809 644 1053 3810 3810 645 739 3811 3811 643 1052 3812 3812 644 1053 3813 3813 646 740 3814 3814 645 739 3815 3815 647 318 3816 3816 646 740 3817 3817 644 1053 3818 3818 647 318 3819 3819 181 320 3820 3820 646 740 3821 3821 1505 1054 3822 3822 730 1055 3823 3823 1378 1056 3824 3824 1505 1054 3825 3825 648 1057 3826 3826 730 1055 3827 3827 649 1058 3828 3828 648 1057 3829 3829 1505 1054 3830 3830 649 1058 3831 3831 1193 1059 3832 3832 648 1057 3833 3833 1292 1060 3834 3834 1193 1059 3835 3835 649 1058 3836 3836 1292 1060 3837 3837 905 1061 3838 3838 1193 1059 3839 3839 650 1062 3840 3840 905 1061 3841 3841 1292 1060 3842 3842 650 1062 3843 3843 651 1063 3844 3844 905 1061 3845 3845 246 453 3846 3846 651 1063 3847 3847 650 1062 3848 3848 246 453 3849 3849 244 451 3850 3850 651 1063 3851 3851 653 23 3852 3852 1514 19 3853 3853 652 21 3854 3854 653 23 3855 3855 503 854 3856 3856 1514 19 3857 3857 1311 1049 3858 3858 503 854 3859 3859 653 23 3860 3860 1311 1049 3861 3861 654 853 3862 3862 503 854 3863 3863 1312 1064 3864 3864 654 853 3865 3865 1311 1049 3866 3866 1312 1064 3867 3867 1095 1065 3868 3868 654 853 3869 3869 1313 1047 3870 3870 1095 1065 3871 3871 1312 1064 3872 3872 1313 1047 3873 3873 655 1066 3874 3874 1095 1065 3875 3875 637 800 3876 3876 655 1066 3877 3877 1313 1047 3878 3878 637 800 3879 3879 656 802 3880 3880 655 1066 3881 3881 658 84 3882 3882 408 704 3883 3883 657 706 3884 3884 658 84 3885 3885 659 918 3886 3886 408 704 3887 3887 1327 82 3888 3888 659 918 3889 3889 658 84 3890 3890 1327 82 3891 3891 1419 917 3892 3892 659 918 3893 3893 660 1067 3894 3894 1419 917 3895 3895 1327 82 3896 3896 660 1067 3897 3897 1033 908 3898 3898 1419 917 3899 3899 44 78 3900 3900 1033 908 3901 3901 660 1067 3902 3902 44 78 3903 3903 661 909 3904 3904 1033 908 3905 3905 316 74 3906 3906 661 909 3907 3907 44 78 3908 3908 316 74 3909 3909 317 578 3910 3910 661 909 3911 3911 664 395 3912 3912 663 399 3913 3913 662 397 3914 3914 664 395 3915 3915 666 1068 3916 3916 663 399 3917 3917 665 1069 3918 3918 666 1068 3919 3919 664 395 3920 3920 665 1069 3921 3921 538 906 3922 3922 666 1068 3923 3923 667 1070 3924 3924 538 906 3925 3925 665 1069 3926 3926 667 1070 3927 3927 1500 902 3928 3928 538 906 3929 3929 990 1071 3930 3930 1500 902 3931 3931 667 1070 3932 3932 990 1071 3933 3933 668 1072 3934 3934 1500 902 3935 3935 1016 1073 3936 3936 668 1072 3937 3937 990 1071 3938 3938 1016 1073 3939 3939 669 900 3940 3940 668 1072 3941 3941 563 941 3942 3942 1453 937 3943 3943 562 939 3944 3944 563 941 3945 3945 670 1074 3946 3946 1453 937 3947 3947 852 1075 3948 3948 670 1074 3949 3949 563 941 3950 3950 852 1075 3951 3951 671 1076 3952 3952 670 1074 3953 3953 672 1077 3954 3954 671 1076 3955 3955 852 1075 3956 3956 672 1077 3957 3957 810 1078 3958 3958 671 1076 3959 3959 882 1079 3960 3960 810 1078 3961 3961 672 1077 3962 3962 882 1079 3963 3963 673 278 3964 3964 810 1078 3965 3965 806 276 3966 3966 673 278 3967 3967 882 1079 3968 3968 1011 1080 3969 3969 675 1081 3970 3970 674 172 3971 3971 1011 1080 3972 3972 676 1082 3973 3973 675 1081 3974 3974 1009 1083 3975 3975 676 1082 3976 3976 1011 1080 3977 3977 1009 1083 3978 3978 1437 1084 3979 3979 676 1082 3980 3980 859 1085 3981 3981 1437 1084 3982 3982 1009 1083 3983 3983 859 1085 3984 3984 1098 1086 3985 3985 1437 1084 3986 3986 1210 1087 3987 3987 1098 1086 3988 3988 859 1085 3989 3989 1210 1087 3990 3990 1150 1088 3991 3991 1098 1086 3992 3992 1149 43 3993 3993 1150 1088 3994 3994 1210 1087 3995 3995 64 119 3996 3996 992 121 3997 3997 66 120 3998 3998 64 119 3999 3999 677 1089 4000 4000 992 121 4001 4001 678 1090 4002 4002 677 1089 4003 4003 64 119 4004 4004 678 1090 4005 4005 679 1091 4006 4006 677 1089 4007 4007 680 1092 4008 4008 679 1091 4009 4009 678 1090 4010 4010 680 1092 4011 4011 681 1093 4012 4012 679 1091 4013 4013 682 1094 4014 4014 681 1093 4015 4015 680 1092 4016 4016 682 1094 4017 4017 1303 1095 4018 4018 681 1093 4019 4019 453 775 4020 4020 1303 1095 4021 4021 682 1094 4022 4022 1244 115 4023 4023 800 117 4024 4024 683 116 4025 4025 1244 115 4026 4026 1470 1096 4027 4027 800 117 4028 4028 1182 1097 4029 4029 1470 1096 4030 4030 1244 115 4031 4031 1182 1097 4032 4032 799 1098 4033 4033 1470 1096 4034 4034 684 1099 4035 4035 799 1098 4036 4036 1182 1097 4037 4037 684 1099 4038 4038 797 1100 4039 4039 799 1098 4040 4040 1241 1101 4041 4041 797 1100 4042 4042 684 1099 4043 4043 1241 1101 4044 4044 691 1102 4045 4045 797 1100 4046 4046 685 1103 4047 4047 1088 1104 4048 4048 1251 339 4049 4049 685 1103 4050 4050 933 1105 4051 4051 1088 1104 4052 4052 686 1106 4053 4053 933 1105 4054 4054 685 1103 4055 4055 686 1106 4056 4056 934 1107 4057 4057 933 1105 4058 4058 687 1108 4059 4059 934 1107 4060 4060 686 1106 4061 4061 687 1108 4062 4062 1518 1109 4063 4063 934 1107 4064 4064 1529 1110 4065 4065 1518 1109 4066 4066 687 1108 4067 4067 1529 1110 4068 4068 1250 1111 4069 4069 1518 1109 4070 4070 298 548 4071 4071 297 544 4072 4072 688 546 4073 4073 298 548 4074 4074 689 1112 4075 4075 297 544 4076 4076 1101 1113 4077 4077 689 1112 4078 4078 298 548 4079 4079 1101 1113 4080 4080 1052 1114 4081 4081 689 1112 4082 4082 690 1115 4083 4083 1052 1114 4084 4084 1101 1113 4085 4085 690 1115 4086 4086 1395 1116 4087 4087 1052 1114 4088 4088 692 777 4089 4089 1395 1116 4090 4090 690 1115 4091 4091 692 777 4092 4092 691 1102 4093 4093 1395 1116 4094 4094 1295 1117 4095 4095 694 579 4096 4096 693 1118 4097 4097 1295 1117 4098 4098 695 1119 4099 4099 694 579 4100 4100 1296 1120 4101 4101 695 1119 4102 4102 1295 1117 4103 4103 1296 1120 4104 4104 696 581 4105 4105 695 1119 4106 4106 697 1121 4107 4107 696 581 4108 4108 1296 1120 4109 4109 697 1121 4110 4110 1432 585 4111 4111 696 581 4112 4112 698 1122 4113 4113 1432 585 4114 4114 697 1121 4115 4115 698 1122 4116 4116 1431 1123 4117 4117 1432 585 4118 4118 268 489 4119 4119 1407 545 4120 4120 941 1124 4121 4121 268 489 4122 4122 699 1125 4123 4123 1407 545 4124 4124 1271 491 4125 4125 699 1125 4126 4126 268 489 4127 4127 1271 491 4128 4128 1406 547 4129 4129 699 1125 4130 4130 1272 1126 4131 4131 1406 547 4132 4132 1271 491 4133 4133 1272 1126 4134 4134 299 551 4135 4135 1406 547 4136 4136 700 495 4137 4137 299 551 4138 4138 1272 1126 4139 4139 700 495 4140 4140 1203 1127 4141 4141 299 551 4142 4142 701 638 4143 4143 350 617 4144 4144 360 639 4145 4145 701 638 4146 4146 702 618 4147 4147 350 617 4148 4148 703 1128 4149 4149 702 618 4150 4150 701 638 4151 4151 703 1128 4152 4152 1534 616 4153 4153 702 618 4154 4154 1344 1129 4155 4155 1534 616 4156 4156 703 1128 4157 4157 1344 1129 4158 4158 962 1130 4159 4159 1534 616 4160 4160 144 255 4161 4161 962 1130 4162 4162 1344 1129 4163 4163 144 255 4164 4164 704 256 4165 4165 962 1130 4166 4166 1386 1131 4167 4167 1166 204 4168 4168 1169 225 4169 4169 1386 1131 4170 4170 705 1132 4171 4171 1166 204 4172 4172 843 1133 4173 4173 705 1132 4174 4174 1386 1131 4175 4175 843 1133 4176 4176 1167 1134 4177 4177 705 1132 4178 4178 706 1135 4179 4179 1167 1134 4180 4180 843 1133 4181 4181 706 1135 4182 4182 708 1136 4183 4183 1167 1134 4184 4184 707 1137 4185 4185 708 1136 4186 4186 706 1135 4187 4187 707 1137 4188 4188 1121 1138 4189 4189 708 1136 4190 4190 341 607 4191 4191 1121 1138 4192 4192 1319 609 4193 4193 341 607 4194 4194 708 1136 4195 4195 1121 1138 4196 4196 709 1139 4197 4197 708 1136 4198 4198 341 607 4199 4199 709 1139 4200 4200 710 1140 4201 4201 708 1136 4202 4202 1320 605 4203 4203 710 1140 4204 4204 709 1139 4205 4205 1320 605 4206 4206 711 1141 4207 4207 710 1140 4208 4208 826 602 4209 4209 711 1141 4210 4210 1320 605 4211 4211 826 602 4212 4212 827 1142 4213 4213 711 1141 4214 4214 310 571 4215 4215 1515 567 4216 4216 309 569 4217 4217 310 571 4218 4218 712 956 4219 4219 1515 567 4220 4220 714 1143 4221 4221 712 956 4222 4222 310 571 4223 4223 714 1143 4224 4224 713 955 4225 4225 712 956 4226 4226 1253 1144 4227 4227 713 955 4228 4228 714 1143 4229 4229 1253 1144 4230 4230 715 1145 4231 4231 713 955 4232 4232 1001 1146 4233 4233 715 1145 4234 4234 1253 1144 4235 4235 1001 1146 4236 4236 1340 1147 4237 4237 715 1145 4238 4238 1201 1148 4239 4239 841 1149 4240 4240 1200 1150 4241 4241 1201 1148 4242 4242 1114 1151 4243 4243 841 1149 4244 4244 830 1152 4245 4245 1114 1151 4246 4246 1201 1148 4247 4247 830 1152 4248 4248 1356 1153 4249 4249 1114 1151 4250 4250 716 1154 4251 4251 1356 1153 4252 4252 830 1152 4253 4253 716 1154 4254 4254 1355 1155 4255 4255 1356 1153 4256 4256 829 1156 4257 4257 1355 1155 4258 4258 716 1154 4259 4259 829 1156 4260 4260 1187 1157 4261 4261 1355 1155 4262 4262 717 477 4263 4263 1439 480 4264 4264 266 478 4265 4265 717 477 4266 4266 718 865 4267 4267 1439 480 4268 4268 1195 1158 4269 4269 718 865 4270 4270 717 477 4271 4271 1195 1158 4272 4272 719 864 4273 4273 718 865 4274 4274 720 1159 4275 4275 719 864 4276 4276 1195 1158 4277 4277 720 1159 4278 4278 1071 1160 4279 4279 719 864 4280 4280 1227 1161 4281 4281 1071 1160 4282 4282 720 1159 4283 4283 1227 1161 4284 4284 721 1162 4285 4285 1071 1160 4286 4286 0 4 4287 4287 1523 8 4288 4288 1 6 4289 4289 0 4 4290 4290 722 48 4291 4291 1523 8 4292 4292 878 1163 4293 4293 722 48 4294 4294 0 4 4295 4295 878 1163 4296 4296 723 47 4297 4297 722 48 4298 4298 724 1164 4299 4299 723 47 4300 4300 878 1163 4301 4301 724 1164 4302 4302 725 112 4303 4303 723 47 4304 4304 1234 1165 4305 4305 725 112 4306 4306 724 1164 4307 4307 1234 1165 4308 4308 1132 927 4309 4309 725 112 4310 4310 1430 587 4311 4311 726 590 4312 4312 323 589 4313 4313 1430 587 4314 4314 727 1166 4315 4315 726 590 4316 4316 1473 1167 4317 4317 727 1166 4318 4318 1430 587 4319 4319 1473 1167 4320 4320 728 1168 4321 4321 727 1166 4322 4322 729 1169 4323 4323 728 1168 4324 4324 1473 1167 4325 4325 729 1169 4326 4326 1376 1170 4327 4327 728 1168 4328 4328 730 1055 4329 4329 1376 1170 4330 4330 729 1169 4331 4331 730 1055 4332 4332 1144 1171 4333 4333 1376 1170 4334 4334 1049 744 4335 4335 434 746 4336 4336 432 745 4337 4337 1049 744 4338 4338 731 1172 4339 4339 434 746 4340 4340 732 1173 4341 4341 731 1172 4342 4342 1049 744 4343 4343 732 1173 4344 4344 1212 1174 4345 4345 731 1172 4346 4346 734 1175 4347 4347 1212 1174 4348 4348 732 1173 4349 4349 734 1175 4350 4350 733 717 4351 4351 1212 1174 4352 4352 735 721 4353 4353 733 717 4354 4354 734 1175 4355 4355 735 721 4356 4356 417 719 4357 4357 733 717 4358 4358 1053 542 4359 4359 557 538 4360 4360 736 540 4361 4361 1053 542 4362 4362 737 1176 4363 4363 557 538 4364 4364 1057 1177 4365 4365 737 1176 4366 4366 1053 542 4367 4367 1057 1177 4368 4368 738 933 4369 4369 737 1176 4370 4370 739 1178 4371 4371 738 933 4372 4372 1057 1177 4373 4373 739 1178 4374 4374 740 931 4375 4375 738 933 4376 4376 1397 1179 4377 4377 740 931 4378 4378 739 1178 4379 4379 1397 1179 4380 4380 1238 1180 4381 4381 740 931 4382 4382 741 1181 4383 4383 767 984 4384 4384 589 983 4385 4385 741 1181 4386 4386 742 1182 4387 4387 767 984 4388 4388 1231 1183 4389 4389 742 1182 4390 4390 741 1181 4391 4391 1231 1183 4392 4392 743 1184 4393 4393 742 1182 4394 4394 744 1185 4395 4395 743 1184 4396 4396 1231 1183 4397 4397 744 1185 4398 4398 1221 391 4399 4399 743 1184 4400 4400 745 393 4401 4401 1221 391 4402 4402 744 1185 4403 4403 745 393 4404 4404 219 392 4405 4405 1221 391 4406 4406 746 1186 4407 4407 579 341 4408 4408 1252 337 4409 4409 746 1186 4410 4410 747 964 4411 4411 579 341 4412 4412 749 1187 4413 4413 747 964 4414 4414 746 1186 4415 4415 749 1187 4416 4416 748 1188 4417 4417 747 964 4418 4418 750 72 4419 4419 748 1188 4420 4420 749 1187 4421 4421 750 72 4422 4422 1249 967 4423 4423 748 1188 4424 4424 74 134 4425 4425 1249 967 4426 4426 750 72 4427 4427 74 134 4428 4428 581 133 4429 4429 1249 967 4430 4430 1214 620 4431 4431 351 624 4432 4432 751 622 4433 4433 1214 620 4434 4434 752 812 4435 4435 351 624 4436 4436 960 1189 4437 4437 752 812 4438 4438 1214 620 4439 4439 960 1189 4440 4440 753 811 4441 4441 752 812 4442 4442 959 1190 4443 4443 753 811 4444 4444 960 1189 4445 4445 959 1190 4446 4446 754 1191 4447 4447 753 811 4448 4448 756 1192 4449 4449 754 1191 4450 4450 959 1190 4451 4451 756 1192 4452 4452 755 1193 4453 4453 754 1191 4454 4454 68 123 4455 4455 70 125 4456 4456 757 124 4457 4457 68 123 4458 4458 1486 1194 4459 4459 70 125 4460 4460 994 1195 4461 4461 1486 1194 4462 4462 68 123 4463 4463 994 1195 4464 4464 758 1196 4465 4465 1486 1194 4466 4466 760 1197 4467 4467 758 1196 4468 4468 994 1195 4469 4469 760 1197 4470 4470 759 1198 4471 4471 758 1196 4472 4472 1304 1199 4473 4473 759 1198 4474 4474 760 1197 4475 4475 1304 1199 4476 4476 1305 1200 4477 4477 759 1198 4478 4478 1204 1201 4479 4479 71 127 4480 4480 761 1202 4481 4481 1204 1201 4482 4482 1301 1203 4483 4483 71 127 4484 4484 1205 1204 4485 4485 1301 1203 4486 4486 1204 1201 4487 4487 1205 1204 4488 4488 72 129 4489 4489 1301 1203 4490 4490 762 1205 4491 4491 72 129 4492 4492 1205 1204 4493 4493 762 1205 4494 4494 763 131 4495 4495 72 129 4496 4496 764 971 4497 4497 763 131 4498 4498 762 1205 4499 4499 84 152 4500 4500 82 148 4501 4501 765 150 4502 4502 84 152 4503 4503 1041 1206 4504 4504 82 148 4505 4505 766 1207 4506 4506 1041 1206 4507 4507 84 152 4508 4508 766 1207 4509 4509 1043 1208 4510 4510 1041 1206 4511 4511 768 1209 4512 4512 1043 1208 4513 4513 766 1207 4514 4514 768 1209 4515 4515 767 984 4516 4516 1043 1208 4517 4517 769 982 4518 4518 767 984 4519 4519 768 1209 4520 4520 771 1210 4521 4521 1369 1001 4522 4522 1375 1002 4523 4523 771 1210 4524 4524 770 1211 4525 4525 1369 1001 4526 4526 772 1212 4527 4527 770 1211 4528 4528 771 1210 4529 4529 772 1212 4530 4530 773 1213 4531 4531 770 1211 4532 4532 774 1214 4533 4533 773 1213 4534 4534 772 1212 4535 4535 774 1214 4536 4536 1171 445 4537 4537 773 1213 4538 4538 904 447 4539 4539 1171 445 4540 4540 774 1214 4541 4541 397 689 4542 4542 1391 879 4543 4543 775 1215 4544 4544 397 689 4545 4545 776 1216 4546 4546 1391 879 4547 4547 398 691 4548 4548 776 1216 4549 4549 397 689 4550 4550 398 691 4551 4551 777 877 4552 4552 776 1216 4553 4553 1298 1217 4554 4554 777 877 4555 4555 398 691 4556 4556 1298 1217 4557 4557 13 31 4558 4558 777 877 4559 4559 10 29 4560 4560 13 31 4561 4561 1298 1217 4562 4562 1291 1218 4563 4563 1509 805 4564 4564 778 1219 4565 4565 1291 1218 4566 4566 779 809 4567 4567 1509 805 4568 4568 1140 752 4569 4569 779 809 4570 4570 1291 1218 4571 4571 1140 752 4572 4572 780 1220 4573 4573 779 809 4574 4574 437 750 4575 4575 780 1220 4576 4576 1140 752 4577 4577 437 750 4578 4578 1306 1221 4579 4579 780 1220 4580 4580 781 1222 4581 4581 1306 1221 4582 4582 437 750 4583 4583 784 1223 4584 4584 783 1224 4585 4585 782 1225 4586 4586 784 1223 4587 4587 785 1226 4588 4588 783 1224 4589 4589 786 1227 4590 4590 785 1226 4591 4591 784 1223 4592 4592 786 1227 4593 4593 787 1228 4594 4594 785 1226 4595 4595 788 1229 4596 4596 787 1228 4597 4597 786 1227 4598 4598 788 1229 4599 4599 620 1027 4600 4600 787 1228 4601 4601 1485 1025 4602 4602 620 1027 4603 4603 788 1229 4604 4604 586 976 4605 4605 1147 972 4606 4606 584 974 4607 4607 586 976 4608 4608 1146 1230 4609 4609 1147 972 4610 4610 805 1231 4611 4611 1146 1230 4612 4612 586 976 4613 4613 805 1231 4614 4614 789 1232 4615 4615 1146 1230 4616 4616 790 1233 4617 4617 789 1232 4618 4618 805 1231 4619 4619 790 1233 4620 4620 1039 160 4621 4621 789 1232 4622 4622 950 158 4623 4623 1039 160 4624 4624 790 1233 4625 4625 505 856 4626 4626 507 858 4627 4627 506 857 4628 4628 505 856 4629 4629 791 1234 4630 4630 507 858 4631 4631 929 1235 4632 4632 791 1234 4633 4633 505 856 4634 4634 929 1235 4635 4635 832 1236 4636 4636 791 1234 4637 4637 930 1237 4638 4638 832 1236 4639 4639 929 1235 4640 4640 930 1237 4641 4641 1115 808 4642 4642 832 1236 4643 4643 792 806 4644 4644 1115 808 4645 4645 930 1237 4646 4646 793 1238 4647 4647 759 1198 4648 4648 1275 1239 4649 4649 793 1238 4650 4650 1503 1240 4651 4651 759 1198 4652 4652 1204 1201 4653 4653 1503 1240 4654 4654 793 1238 4655 4655 1204 1201 4656 4656 758 1196 4657 4657 1503 1240 4658 4658 761 1202 4659 4659 758 1196 4660 4660 1204 1201 4661 4661 761 1202 4662 4662 70 125 4663 4663 758 1196 4664 4664 71 127 4665 4665 70 125 4666 4666 761 1202 4667 4667 1113 905 4668 4668 794 401 4669 4669 539 907 4670 4670 1113 905 4671 4671 795 1241 4672 4672 794 401 4673 4673 862 1242 4674 4674 795 1241 4675 4675 1113 905 4676 4676 862 1242 4677 4677 1351 405 4678 4678 795 1241 4679 4679 796 1243 4680 4680 1351 405 4681 4681 862 1242 4682 4682 796 1243 4683 4683 226 407 4684 4684 1351 405 4685 4685 1352 1244 4686 4686 226 407 4687 4687 796 1243 4688 4688 682 1094 4689 4689 797 1100 4690 4690 1051 1245 4691 4691 682 1094 4692 4692 798 1246 4693 4693 797 1100 4694 4694 678 1090 4695 4695 798 1246 4696 4696 682 1094 4697 4697 678 1090 4698 4698 799 1098 4699 4699 798 1246 4700 4700 801 1247 4701 4701 799 1098 4702 4702 678 1090 4703 4703 801 1247 4704 4704 800 117 4705 4705 799 1098 4706 4706 64 119 4707 4707 800 117 4708 4708 801 1247 4709 4709 766 1207 4710 4710 769 982 4711 4711 768 1209 4712 4712 766 1207 4713 4713 802 1248 4714 4714 769 982 4715 4715 952 1249 4716 4716 802 1248 4717 4717 766 1207 4718 4718 952 1249 4719 4719 803 978 4720 4720 802 1248 4721 4721 804 1250 4722 4722 803 978 4723 4723 952 1249 4724 4724 804 1250 4725 4725 586 976 4726 4726 803 978 4727 4727 805 1231 4728 4728 586 976 4729 4729 804 1250 4730 4730 881 1251 4731 4731 807 280 4732 4732 806 276 4733 4733 881 1251 4734 4734 809 227 4735 4735 807 280 4736 4736 808 1252 4737 4737 809 227 4738 4738 881 1251 4739 4739 808 1252 4740 4740 129 228 4741 4741 809 227 4742 4742 1445 1253 4743 4743 129 228 4744 4744 808 1252 4745 4745 1445 1253 4746 4746 130 226 4747 4747 129 228 4748 4748 1335 1254 4749 4749 130 226 4750 4750 1445 1253 4751 4751 1450 834 4752 4752 810 1078 4753 4753 1083 1255 4754 4754 1450 834 4755 4755 1455 1256 4756 4756 810 1078 4757 4757 487 832 4758 4758 1455 1256 4759 4759 1450 834 4760 4760 487 832 4761 4761 671 1076 4762 4762 1455 1256 4763 4763 811 1257 4764 4764 671 1076 4765 4765 487 832 4766 4766 811 1257 4767 4767 1453 937 4768 4768 671 1076 4769 4769 1454 829 4770 4770 1453 937 4771 4771 811 1257 4772 4772 446 763 4773 4773 1275 1239 4774 4774 1283 766 4775 4775 446 763 4776 4776 793 1238 4777 4777 1275 1239 4778 4778 812 1258 4779 4779 793 1238 4780 4780 446 763 4781 4781 812 1258 4782 4782 813 1259 4783 4783 793 1238 4784 4784 571 954 4785 4785 813 1259 4786 4786 812 1258 4787 4787 571 954 4788 4788 1279 953 4789 4789 813 1259 4790 4790 58 108 4791 4791 823 1260 4792 4792 814 110 4793 4793 58 108 4794 4794 815 1261 4795 4795 823 1260 4796 4796 1086 1262 4797 4797 815 1261 4798 4798 58 108 4799 4799 1086 1262 4800 4800 1287 1263 4801 4801 815 1261 4802 4802 816 1264 4803 4803 1287 1263 4804 4804 1086 1262 4805 4805 816 1264 4806 4806 817 1265 4807 4807 1287 1263 4808 4808 380 662 4809 4809 1472 660 4810 4810 379 661 4811 4811 380 662 4812 4812 818 1266 4813 4813 1472 660 4814 4814 1215 1267 4815 4815 818 1266 4816 4816 380 662 4817 4817 1215 1267 4818 4818 819 1268 4819 4819 818 1266 4820 4820 782 1225 4821 4821 819 1268 4822 4822 1215 1267 4823 4823 782 1225 4824 4824 783 1224 4825 4825 819 1268 4826 4826 1229 975 4827 4827 587 979 4828 4828 820 977 4829 4829 1229 975 4830 4830 821 1269 4831 4831 587 979 4832 4832 823 1260 4833 4833 821 1269 4834 4834 1229 975 4835 4835 823 1260 4836 4836 822 1270 4837 4837 821 1269 4838 4838 824 1271 4839 4839 822 1270 4840 4840 823 1260 4841 4841 824 1271 4842 4842 1161 896 4843 4843 822 1270 4844 4844 237 434 4845 4845 1428 430 4846 4846 235 432 4847 4847 237 434 4848 4848 825 603 4849 4849 1428 430 4850 4850 1364 1018 4851 4851 825 603 4852 4852 237 434 4853 4853 1364 1018 4854 4854 826 602 4855 4855 825 603 4856 4856 828 1019 4857 4857 826 602 4858 4858 1364 1018 4859 4859 828 1019 4860 4860 827 1142 4861 4861 826 602 4862 4862 830 1152 4863 4863 829 1156 4864 4864 716 1154 4865 4865 830 1152 4866 4866 1248 1272 4867 4867 829 1156 4868 4868 831 1273 4869 4869 1248 1272 4870 4870 830 1152 4871 4871 831 1273 4872 4872 868 1274 4873 4873 1248 1272 4874 4874 1247 1275 4875 4875 868 1274 4876 4876 831 1273 4877 4877 1247 1275 4878 4878 192 338 4879 4879 868 1274 4880 4880 832 1236 4881 4881 507 858 4882 4882 791 1234 4883 4883 832 1236 4884 4884 833 1276 4885 4885 507 858 4886 4886 1309 1277 4887 4887 833 1276 4888 4888 832 1236 4889 4889 1309 1277 4890 4890 1389 860 4891 4891 833 1276 4892 4892 533 894 4893 4893 1389 860 4894 4894 1309 1277 4895 4895 533 894 4896 4896 834 862 4897 4897 1389 860 4898 4898 831 1273 4899 4899 685 1103 4900 4900 1247 1275 4901 4901 831 1273 4902 4902 835 1278 4903 4903 685 1103 4904 4904 1516 1279 4905 4905 835 1278 4906 4906 831 1273 4907 4907 1516 1279 4908 4908 686 1106 4909 4909 835 1278 4910 4910 1177 1280 4911 4911 686 1106 4912 4912 1516 1279 4913 4913 1177 1280 4914 4914 1529 1110 4915 4915 686 1106 4916 4916 836 576 4917 4917 694 579 4918 4918 318 577 4919 4919 836 576 4920 4920 693 1118 4921 4921 694 579 4922 4922 890 1281 4923 4923 693 1118 4924 4924 836 576 4925 4925 890 1281 4926 4926 1295 1117 4927 4927 693 1118 4928 4928 837 1282 4929 4929 1295 1117 4930 4930 890 1281 4931 4931 837 1282 4932 4932 649 1058 4933 4933 1295 1117 4934 4934 838 174 4935 4935 112 178 4936 4936 96 176 4937 4937 838 174 4938 4938 839 206 4939 4939 112 178 4940 4940 840 1283 4941 4941 839 206 4942 4942 838 174 4943 4943 840 1283 4944 4944 113 205 4945 4945 839 206 4946 4946 1200 1150 4947 4947 113 205 4948 4948 840 1283 4949 4949 1200 1150 4950 4950 841 1149 4951 4951 113 205 4952 4952 931 1284 4953 4953 1386 1131 4954 4954 1387 1285 4955 4955 931 1284 4956 4956 842 1286 4957 4957 1386 1131 4958 4958 1325 1287 4959 4959 842 1286 4960 4960 931 1284 4961 4961 1325 1287 4962 4962 843 1133 4963 4963 842 1286 4964 4964 1129 1288 4965 4965 843 1133 4966 4966 1325 1287 4967 4967 1129 1288 4968 4968 707 1137 4969 4969 843 1133 4970 4970 1355 1155 4971 4971 845 940 4972 4972 844 1289 4973 4973 1355 1155 4974 4974 846 1290 4975 4975 845 940 4976 4976 847 1291 4977 4977 846 1290 4978 4978 1355 1155 4979 4979 847 1291 4980 4980 848 1292 4981 4981 846 1290 4982 4982 850 1293 4983 4983 848 1292 4984 4984 847 1291 4985 4985 850 1293 4986 4986 849 1030 4987 4987 848 1292 4988 4988 1212 1174 4989 4989 434 746 4990 4990 731 1172 4991 4991 1212 1174 4992 4992 851 1294 4993 4993 434 746 4994 4994 1531 1295 4995 4995 851 1294 4996 4996 1212 1174 4997 4997 1531 1295 4998 4998 435 748 4999 4999 851 1294 5000 5000 781 1222 5001 5001 435 748 5002 5002 1531 1295 5003 5003 781 1222 5004 5004 437 750 5005 5005 435 748 5006 5006 852 1075 5007 5007 882 1079 5008 5008 672 1077 5009 5009 852 1075 5010 5010 853 1296 5011 5011 882 1079 5012 5012 1143 1297 5013 5013 853 1296 5014 5014 852 1075 5015 5015 1143 1297 5016 5016 1126 1298 5017 5017 853 1296 5018 5018 855 1299 5019 5019 1126 1298 5020 5020 1143 1297 5021 5021 855 1299 5022 5022 854 1020 5023 5023 1126 1298 5024 5024 1047 96 5025 5025 1452 100 5026 5026 54 98 5027 5027 1047 96 5028 5028 856 1300 5029 5029 1452 100 5030 5030 917 1301 5031 5031 856 1300 5032 5032 1047 96 5033 5033 917 1301 5034 5034 857 633 5035 5035 856 1300 5036 5036 918 1302 5037 5037 857 633 5038 5038 917 1301 5039 5039 918 1302 5040 5040 353 629 5041 5041 857 633 5042 5042 494 841 5043 5043 498 845 5044 5044 495 843 5045 5045 494 841 5046 5046 858 1303 5047 5047 498 845 5048 5048 1210 1087 5049 5049 858 1303 5050 5050 494 841 5051 5051 1210 1087 5052 5052 1009 1083 5053 5053 858 1303 5054 5054 859 1085 5055 5055 1009 1083 5056 5056 1210 1087 5057 5057 860 790 5058 5058 76 136 5059 5059 462 789 5060 5060 860 790 5061 5061 75 137 5062 5062 76 136 5063 5063 1228 1304 5064 5064 75 137 5065 5065 860 790 5066 5066 1228 1304 5067 5067 861 135 5068 5068 75 137 5069 5069 1226 1305 5070 5070 861 135 5071 5071 1228 1304 5072 5072 862 1242 5073 5073 1352 1244 5074 5074 796 1243 5075 5075 862 1242 5076 5076 1353 1306 5077 5077 1352 1244 5078 5078 901 1307 5079 5079 1353 1306 5080 5080 862 1242 5081 5081 901 1307 5082 5082 863 1308 5083 5083 1353 1306 5084 5084 903 1309 5085 5085 863 1308 5086 5086 901 1307 5087 5087 864 615 5088 5088 1323 635 5089 5089 358 637 5090 5090 864 615 5091 5091 1322 1310 5092 5092 1323 635 5093 5093 1405 613 5094 5094 1322 1310 5095 5095 864 615 5096 5096 1405 613 5097 5097 1321 1311 5098 5098 1322 1310 5099 5099 865 1312 5100 5100 1321 1311 5101 5101 1405 613 5102 5102 867 342 5103 5103 192 338 5104 5104 193 340 5105 5105 867 342 5106 5106 866 1313 5107 5107 192 338 5108 5108 302 554 5109 5109 866 1313 5110 5110 867 342 5111 5111 302 554 5112 5112 868 1274 5113 5113 866 1313 5114 5114 869 556 5115 5115 868 1274 5116 5116 302 554 5117 5117 1178 1314 5118 5118 1529 1110 5119 5119 1177 1280 5120 5120 1178 1314 5121 5121 870 1315 5122 5122 1529 1110 5123 5123 871 170 5124 5124 870 1315 5125 5125 1178 1314 5126 5126 871 170 5127 5127 675 1081 5128 5128 870 1315 5129 5129 674 172 5130 5130 675 1081 5131 5131 871 170 5132 5132 1488 181 5133 5133 1357 177 5134 5134 97 179 5135 5135 1488 181 5136 5136 873 1316 5137 5137 1357 177 5138 5138 872 1317 5139 5139 873 1316 5140 5140 1488 181 5141 5141 872 1317 5142 5142 238 437 5143 5143 873 1316 5144 5144 1354 1318 5145 5145 238 437 5146 5146 872 1317 5147 5147 1330 103 5148 5148 1436 99 5149 5149 55 101 5150 5150 1330 103 5151 5151 874 1319 5152 5152 1436 99 5153 5153 1416 1320 5154 5154 874 1319 5155 5155 1330 103 5156 5156 1416 1320 5157 5157 1017 1321 5158 5158 874 1319 5159 5159 875 1322 5160 5160 1017 1321 5161 5161 1416 1320 5162 5162 226 407 5163 5163 961 410 5164 5164 227 409 5165 5165 226 407 5166 5166 876 1323 5167 5167 961 410 5168 5168 1352 1244 5169 5169 876 1323 5170 5170 226 407 5171 5171 1352 1244 5172 5172 756 1192 5173 5173 876 1323 5174 5174 755 1193 5175 5175 756 1192 5176 5176 1352 1244 5177 5177 878 1163 5178 5178 1234 1165 5179 5179 724 1164 5180 5180 878 1163 5181 5181 877 1324 5182 5182 1234 1165 5183 5183 879 274 5184 5184 877 1324 5185 5185 878 1163 5186 5186 879 274 5187 5187 1235 272 5188 5188 877 1324 5189 5189 156 273 5190 5190 1235 272 5191 5191 879 274 5192 5192 373 653 5193 5193 880 655 5194 5194 374 654 5195 5195 373 653 5196 5196 987 1325 5197 5197 880 655 5198 5198 426 733 5199 5199 987 1325 5200 5200 373 653 5201 5201 426 733 5202 5202 423 731 5203 5203 987 1325 5204 5204 424 732 5205 5205 423 731 5206 5206 426 733 5207 5207 806 276 5208 5208 808 1252 5209 5209 881 1251 5210 5210 806 276 5211 5211 1125 1326 5212 5212 808 1252 5213 5213 882 1079 5214 5214 1125 1326 5215 5215 806 276 5216 5216 882 1079 5217 5217 1126 1298 5218 5218 1125 1326 5219 5219 853 1296 5220 5220 1126 1298 5221 5221 882 1079 5222 5222 883 1327 5223 5223 884 952 5224 5224 571 954 5225 5225 883 1327 5226 5226 885 992 5227 5227 884 952 5228 5228 1202 1328 5229 5229 885 992 5230 5230 883 1327 5231 5231 1202 1328 5232 5232 596 496 5233 5233 885 992 5234 5234 700 495 5235 5235 596 496 5236 5236 1202 1328 5237 5237 1218 735 5238 5238 886 737 5239 5239 428 736 5240 5240 1218 735 5241 5241 887 1329 5242 5242 886 737 5243 5243 371 651 5244 5244 887 1329 5245 5245 1218 735 5246 5246 371 651 5247 5247 888 649 5248 5248 887 1329 5249 5249 370 650 5250 5250 888 649 5251 5251 371 651 5252 5252 1293 457 5253 5253 889 1330 5254 5254 314 459 5255 5255 1293 457 5256 5256 890 1281 5257 5257 889 1330 5258 5258 1294 1331 5259 5259 890 1281 5260 5260 1293 457 5261 5261 1294 1331 5262 5262 650 1062 5263 5263 890 1281 5264 5264 246 453 5265 5265 650 1062 5266 5266 1294 1331 5267 5267 726 590 5268 5268 1361 436 5269 5269 891 435 5270 5270 726 590 5271 5271 892 1332 5272 5272 1361 436 5273 5273 728 1168 5274 5274 892 1332 5275 5275 726 590 5276 5276 728 1168 5277 5277 1362 1333 5278 5278 892 1332 5279 5279 1151 1334 5280 5280 1362 1333 5281 5281 728 1168 5282 5282 522 883 5283 5283 1391 879 5284 5284 521 881 5285 5285 522 883 5286 5286 775 1215 5287 5287 1391 879 5288 5288 395 685 5289 5289 775 1215 5290 5290 522 883 5291 5291 395 685 5292 5292 397 689 5293 5293 775 1215 5294 5294 893 687 5295 5295 397 689 5296 5296 395 685 5297 5297 81 146 5298 5298 895 142 5299 5299 894 144 5300 5300 81 146 5301 5301 896 1335 5302 5302 895 142 5303 5303 897 1336 5304 5304 896 1335 5305 5305 81 146 5306 5306 897 1336 5307 5307 1222 387 5308 5308 896 1335 5309 5309 898 1337 5310 5310 1222 387 5311 5311 897 1336 5312 5312 535 899 5313 5313 899 903 5314 5314 536 901 5315 5315 535 899 5316 5316 900 1338 5317 5317 899 903 5318 5318 902 1339 5319 5319 900 1338 5320 5320 535 899 5321 5321 902 1339 5322 5322 901 1307 5323 5323 900 1338 5324 5324 903 1309 5325 5325 901 1307 5326 5326 902 1339 5327 5327 772 1212 5328 5328 904 447 5329 5329 774 1214 5330 5330 772 1212 5331 5331 1284 1340 5332 5332 904 447 5333 5333 905 1061 5334 5334 1284 1340 5335 5335 772 1212 5336 5336 905 1061 5337 5337 244 451 5338 5338 1284 1340 5339 5339 651 1063 5340 5340 244 451 5341 5341 905 1061 5342 5342 105 193 5343 5343 102 189 5344 5344 103 191 5345 5345 105 193 5346 5346 1104 1341 5347 5347 102 189 5348 5348 616 1015 5349 5349 1104 1341 5350 5350 105 193 5351 5351 616 1015 5352 5352 906 1011 5353 5353 1104 1341 5354 5354 614 1013 5355 5355 906 1011 5356 5356 616 1015 5357 5357 1197 564 5358 5358 1110 568 5359 5359 308 566 5360 5360 1197 564 5361 5361 907 1342 5362 5362 1110 568 5363 5363 1199 350 5364 5364 907 1342 5365 5365 1197 564 5366 5366 1199 350 5367 5367 199 354 5368 5368 907 1342 5369 5369 908 352 5370 5370 199 354 5371 5371 1199 350 5372 5372 140 249 5373 5373 173 302 5374 5374 924 1343 5375 5375 140 249 5376 5376 1474 1344 5377 5377 173 302 5378 5378 1343 251 5379 5379 1474 1344 5380 5380 140 249 5381 5381 1343 251 5382 5382 1069 304 5383 5383 1474 1344 5384 5384 909 1345 5385 5385 1069 304 5386 5386 1343 251 5387 5387 912 483 5388 5388 911 479 5389 5389 910 481 5390 5390 912 483 5391 5391 1044 1346 5392 5392 911 479 5393 5393 913 539 5394 5394 1044 1346 5395 5395 912 483 5396 5396 913 539 5397 5397 293 535 5398 5398 1044 1346 5399 5399 294 537 5400 5400 293 535 5401 5401 913 539 5402 5402 387 675 5403 5403 1441 679 5404 5404 914 677 5405 5405 387 675 5406 5406 916 1347 5407 5407 1441 679 5408 5408 915 645 5409 5409 916 1347 5410 5410 387 675 5411 5411 915 645 5412 5412 917 1301 5413 5413 916 1347 5414 5414 918 1302 5415 5415 917 1301 5416 5416 915 645 5417 5417 617 1017 5418 5418 827 1142 5419 5419 828 1019 5420 5420 617 1017 5421 5421 919 1348 5422 5422 827 1142 5423 5423 106 195 5424 5424 919 1348 5425 5425 617 1017 5426 5426 106 195 5427 5427 1384 199 5428 5428 919 1348 5429 5429 108 197 5430 5430 1384 199 5431 5431 106 195 5432 5432 787 1228 5433 5433 920 1349 5434 5434 1261 1350 5435 5435 787 1228 5436 5436 921 1351 5437 5437 920 1349 5438 5438 620 1027 5439 5439 921 1351 5440 5440 787 1228 5441 5441 620 1027 5442 5442 1260 1031 5443 5443 921 1351 5444 5444 922 1029 5445 5445 1260 1031 5446 5446 620 1027 5447 5447 923 298 5448 5448 173 302 5449 5449 169 300 5450 5450 923 298 5451 5451 924 1343 5452 5452 173 302 5453 5453 925 245 5454 5454 924 1343 5455 5455 923 298 5456 5456 925 245 5457 5457 140 249 5458 5458 924 1343 5459 5459 139 247 5460 5460 140 249 5461 5461 925 245 5462 5462 1112 570 5463 5463 926 573 5464 5464 311 572 5465 5465 1112 570 5466 5466 927 1352 5467 5467 926 573 5468 5468 200 356 5469 5469 927 1352 5470 5470 1112 570 5471 5471 200 356 5472 5472 1401 360 5473 5473 927 1352 5474 5474 201 358 5475 5475 1401 360 5476 5476 200 356 5477 5477 656 802 5478 5478 1095 1065 5479 5479 655 1066 5480 5480 656 802 5481 5481 928 1353 5482 5482 1095 1065 5483 5483 792 806 5484 5484 928 1353 5485 5485 656 802 5486 5486 792 806 5487 5487 929 1235 5488 5488 928 1353 5489 5489 930 1237 5490 5490 929 1235 5491 5491 792 806 5492 5492 1487 782 5493 5493 931 1284 5494 5494 1387 1285 5495 5495 1487 782 5496 5496 932 1354 5497 5497 931 1284 5498 5498 457 784 5499 5499 932 1354 5500 5500 1487 782 5501 5501 457 784 5502 5502 931 1284 5503 5503 932 1354 5504 5504 1324 1355 5505 5505 931 1284 5506 5506 457 784 5507 5507 1215 1267 5508 5508 784 1223 5509 5509 782 1225 5510 5510 1215 1267 5511 5511 1341 1356 5512 5512 784 1223 5513 5513 1535 1357 5514 5514 1341 1356 5515 5515 1215 1267 5516 5516 1535 1357 5517 5517 977 1358 5518 5518 1341 1356 5519 5519 1219 1359 5520 5520 977 1358 5521 5521 1535 1357 5522 5522 934 1107 5523 5523 1088 1104 5524 5524 933 1105 5525 5525 934 1107 5526 5526 935 1360 5527 5527 1088 1104 5528 5528 1099 1361 5529 5529 935 1360 5530 5530 934 1107 5531 5531 1099 1361 5532 5532 936 46 5533 5533 935 1360 5534 5534 20 45 5535 5535 936 46 5536 5536 1099 1361 5537 5537 698 1122 5538 5538 1505 1054 5539 5539 1378 1056 5540 5540 698 1122 5541 5541 937 1362 5542 5542 1505 1054 5543 5543 1296 1120 5544 5544 937 1362 5545 5545 698 1122 5546 5546 1296 1120 5547 5547 1505 1054 5548 5548 937 1362 5549 5549 1297 1363 5550 5550 1505 1054 5551 5551 1296 1120 5552 5552 422 729 5553 5553 1134 166 5554 5554 93 168 5555 5555 422 729 5556 5556 938 1364 5557 5557 1134 166 5558 5558 958 1365 5559 5559 938 1364 5560 5560 422 729 5561 5561 958 1365 5562 5562 1135 1366 5563 5563 938 1364 5564 5564 875 1322 5565 5565 1135 1366 5566 5566 958 1365 5567 5567 902 1339 5568 5568 939 1367 5569 5569 903 1309 5570 5570 902 1339 5571 5571 1459 1368 5572 5572 939 1367 5573 5573 1460 895 5574 5574 1459 1368 5575 5575 902 1339 5576 5576 1460 895 5577 5577 817 1265 5578 5578 1459 1368 5579 5579 534 897 5580 5580 817 1265 5581 5581 1460 895 5582 5582 470 799 5583 5583 1288 803 5584 5584 471 801 5585 5585 470 799 5586 5586 940 1369 5587 5587 1288 803 5588 5588 248 456 5589 5589 940 1369 5590 5590 470 799 5591 5591 248 456 5592 5592 1141 460 5593 5593 940 1369 5594 5594 249 458 5595 5595 1141 460 5596 5596 248 456 5597 5597 295 541 5598 5598 1407 545 5599 5599 296 543 5600 5600 295 541 5601 5601 941 1124 5602 5602 1407 545 5603 5603 1522 485 5604 5604 941 1124 5605 5605 295 541 5606 5606 1522 485 5607 5607 268 489 5608 5608 941 1124 5609 5609 942 487 5610 5610 268 489 5611 5611 1522 485 5612 5612 1506 600 5613 5613 1002 596 5614 5614 335 598 5615 5615 1506 600 5616 5616 943 1370 5617 5617 1002 596 5618 5618 644 1053 5619 5619 943 1370 5620 5620 1506 600 5621 5621 644 1053 5622 5622 1004 1051 5623 5623 943 1370 5624 5624 643 1052 5625 5625 1004 1051 5626 5626 644 1053 5627 5627 582 969 5628 5628 945 966 5629 5629 944 968 5630 5630 582 969 5631 5631 946 1371 5632 5632 945 966 5633 5633 569 949 5634 5634 946 1371 5635 5635 582 969 5636 5636 569 949 5637 5637 1090 945 5638 5638 946 1371 5639 5639 567 947 5640 5640 1090 945 5641 5641 569 949 5642 5642 1483 231 5643 5643 809 227 5644 5644 947 229 5645 5645 1483 231 5646 5646 948 1372 5647 5647 809 227 5648 5648 159 284 5649 5649 948 1372 5650 5650 1483 231 5651 5651 159 284 5652 5652 807 280 5653 5653 948 1372 5654 5654 949 282 5655 5655 807 280 5656 5656 159 284 5657 5657 950 158 5658 5658 86 154 5659 5659 87 156 5660 5660 950 158 5661 5661 951 1373 5662 5662 86 154 5663 5663 805 1231 5664 5664 951 1373 5665 5665 950 158 5666 5666 805 1231 5667 5667 952 1249 5668 5668 951 1373 5669 5669 804 1250 5670 5670 952 1249 5671 5671 805 1231 5672 5672 418 723 5673 5673 954 1005 5674 5674 953 1007 5675 5675 418 723 5676 5676 955 1374 5677 5677 954 1005 5678 5678 735 721 5679 5679 955 1374 5680 5680 418 723 5681 5681 735 721 5682 5682 732 1173 5683 5683 955 1374 5684 5684 734 1175 5685 5685 732 1173 5686 5686 735 721 5687 5687 1018 1003 5688 5688 956 1006 5689 5689 605 1004 5690 5690 1018 1003 5691 5691 957 1375 5692 5692 956 1006 5693 5693 1017 1321 5694 5694 957 1375 5695 5695 1018 1003 5696 5696 1017 1321 5697 5697 958 1365 5698 5698 957 1375 5699 5699 875 1322 5700 5700 958 1365 5701 5701 1017 1321 5702 5702 960 1189 5703 5703 756 1192 5704 5704 959 1190 5705 5705 960 1189 5706 5706 1350 1376 5707 5707 756 1192 5708 5708 962 1130 5709 5709 1350 1376 5710 5710 960 1189 5711 5711 962 1130 5712 5712 961 410 5713 5713 1350 1376 5714 5714 704 256 5715 5715 961 410 5716 5716 962 1130 5717 5717 1525 348 5718 5718 1082 344 5719 5719 195 346 5720 5720 1525 348 5721 5721 1081 1377 5722 5722 1082 344 5723 5723 963 562 5724 5724 1081 1377 5725 5725 1525 348 5726 5726 963 562 5727 5727 304 558 5728 5728 1081 1377 5729 5729 305 560 5730 5730 304 558 5731 5731 963 562 5732 5732 966 1378 5733 5733 964 1379 5734 5734 978 1380 5735 5735 966 1378 5736 5736 965 1381 5737 5737 964 1379 5738 5738 1457 816 5739 5739 965 1381 5740 5740 966 1378 5741 5741 1457 816 5742 5742 1456 814 5743 5743 965 1381 5744 5744 475 815 5745 5745 1456 814 5746 5746 1457 816 5747 5747 1496 171 5748 5748 502 851 5749 5749 970 1382 5750 5750 1496 171 5751 5751 967 1383 5752 5752 502 851 5753 5753 95 175 5754 5754 967 1383 5755 5755 1496 171 5756 5756 95 175 5757 5757 968 438 5758 5758 967 1383 5759 5759 969 439 5760 5760 968 438 5761 5761 95 175 5762 5762 499 847 5763 5763 502 851 5764 5764 501 849 5765 5765 499 847 5766 5766 970 1382 5767 5767 502 851 5768 5768 1011 1080 5769 5769 970 1382 5770 5770 499 847 5771 5771 1011 1080 5772 5772 1496 171 5773 5773 970 1382 5774 5774 674 172 5775 5775 1496 171 5776 5776 1011 1080 5777 5777 1072 1384 5778 5778 971 1385 5779 5779 1265 1386 5780 5780 1072 1384 5781 5781 972 1387 5782 5782 971 1385 5783 5783 973 384 5784 5784 972 1387 5785 5785 1072 1384 5786 5786 973 384 5787 5787 216 381 5788 5788 972 1387 5789 5789 974 382 5790 5790 216 381 5791 5791 973 384 5792 5792 1485 1025 5793 5793 618 1021 5794 5794 975 1023 5795 5795 1485 1025 5796 5796 976 1388 5797 5797 618 1021 5798 5798 786 1227 5799 5799 976 1388 5800 5800 1485 1025 5801 5801 786 1227 5802 5802 977 1358 5803 5803 976 1388 5804 5804 1484 1389 5805 5805 977 1358 5806 5806 786 1227 5807 5807 939 1367 5808 5808 964 1379 5809 5809 1079 1390 5810 5810 939 1367 5811 5811 978 1380 5812 5812 964 1379 5813 5813 817 1265 5814 5814 978 1380 5815 5815 939 1367 5816 5816 817 1265 5817 5817 966 1378 5818 5818 978 1380 5819 5819 816 1264 5820 5820 966 1378 5821 5821 817 1265 5822 5822 384 669 5823 5823 1074 673 5824 5824 386 671 5825 5825 384 669 5826 5826 979 1391 5827 5827 1074 673 5828 5828 1532 641 5829 5829 979 1391 5830 5830 384 669 5831 5831 1532 641 5832 5832 365 643 5833 5833 979 1391 5834 5834 362 642 5835 5835 365 643 5836 5836 1532 641 5837 5837 981 946 5838 5838 1511 371 5839 5839 565 944 5840 5840 981 946 5841 5841 980 1392 5842 5842 1511 371 5843 5843 1106 986 5844 5844 980 1392 5845 5845 981 946 5846 5846 1106 986 5847 5847 591 373 5848 5848 980 1392 5849 5849 1116 1393 5850 5850 1317 715 5851 5851 1309 1277 5852 5852 1116 1393 5853 5853 415 713 5854 5854 1317 715 5855 5855 1308 1394 5856 5856 415 713 5857 5857 1116 1393 5858 5858 1308 1394 5859 5859 1531 1295 5860 5860 415 713 5861 5861 888 649 5862 5862 886 737 5863 5863 887 1329 5864 5864 888 649 5865 5865 982 1395 5866 5866 886 737 5867 5867 642 646 5868 5868 982 1395 5869 5869 888 649 5870 5870 642 646 5871 5871 645 739 5872 5872 982 1395 5873 5873 884 952 5874 5874 983 948 5875 5875 568 950 5876 5876 884 952 5877 5877 1269 1396 5878 5878 983 948 5879 5879 885 992 5880 5880 1269 1396 5881 5881 884 952 5882 5882 885 992 5883 5883 594 990 5884 5884 1269 1396 5885 5885 985 838 5886 5886 984 1397 5887 5887 492 839 5888 5888 985 838 5889 5889 1370 1398 5890 5890 984 1397 5891 5891 986 281 5892 5892 1370 1398 5893 5893 985 838 5894 5894 986 281 5895 5895 160 283 5896 5896 1370 1398 5897 5897 423 731 5898 5898 880 655 5899 5899 987 1325 5900 5900 423 731 5901 5901 988 1399 5902 5902 880 655 5903 5903 989 396 5904 5904 988 1399 5905 5905 423 731 5906 5906 989 396 5907 5907 222 398 5908 5908 988 1399 5909 5909 665 1069 5910 5910 990 1071 5911 5911 667 1070 5912 5912 665 1069 5913 5913 991 1400 5914 5914 990 1071 5915 5915 1231 1183 5916 5916 991 1400 5917 5917 665 1069 5918 5918 1231 1183 5919 5919 741 1181 5920 5920 991 1400 5921 5921 679 1091 5922 5922 992 121 5923 5923 677 1089 5924 5924 679 1091 5925 5925 1501 1401 5926 5926 992 121 5927 5927 994 1195 5928 5928 1501 1401 5929 5929 679 1091 5930 5930 994 1195 5931 5931 68 123 5932 5932 1501 1401 5933 5933 602 995 5934 5934 598 183 5935 5935 599 993 5936 5936 602 995 5937 5937 993 1402 5938 5938 598 183 5939 5939 872 1317 5940 5940 993 1402 5941 5941 602 995 5942 5942 872 1317 5943 5943 1488 181 5944 5944 993 1402 5945 5945 995 1403 5946 5946 679 1091 5947 5947 681 1093 5948 5948 995 1403 5949 5949 994 1195 5950 5950 679 1091 5951 5951 1304 1199 5952 5952 994 1195 5953 5953 995 1403 5954 5954 1304 1199 5955 5955 760 1197 5956 5956 994 1195 5957 5957 1067 842 5958 5958 493 37 5959 5959 996 840 5960 5960 1067 842 5961 5961 997 1404 5962 5962 493 37 5963 5963 998 876 5964 5964 997 1404 5965 5965 1067 842 5966 5966 998 876 5967 5967 517 35 5968 5968 997 1404 5969 5969 872 1317 5970 5970 1373 1405 5971 5971 1354 1318 5972 5972 872 1317 5973 5973 999 1406 5974 5974 1373 1405 5975 5975 602 995 5976 5976 999 1406 5977 5977 872 1317 5978 5978 602 995 5979 5979 1372 997 5980 5980 999 1406 5981 5981 819 1268 5982 5982 1472 660 5983 5983 818 1266 5984 5984 819 1268 5985 5985 1000 1407 5986 5986 1472 660 5987 5987 1001 1146 5988 5988 1000 1407 5989 5989 819 1268 5990 5990 1001 1146 5991 5991 1174 658 5992 5992 1000 1407 5993 5993 1004 1051 5994 5994 1002 596 5995 5995 943 1370 5996 5996 1004 1051 5997 5997 1003 1408 5998 5998 1002 596 5999 5999 281 516 6000 6000 1003 1408 6001 6001 1004 1051 6002 6002 281 516 6003 6003 1005 512 6004 6004 1003 1408 6005 6005 1006 500 6006 6006 271 502 6007 6007 270 501 6008 6008 1006 500 6009 6009 1007 707 6010 6010 271 502 6011 6011 1108 517 6012 6012 1007 707 6013 6013 1006 500 6014 6014 1108 517 6015 6015 283 519 6016 6016 1007 707 6017 6017 952 1249 6018 6018 86 154 6019 6019 951 1373 6020 6020 952 1249 6021 6021 1008 1409 6022 6022 86 154 6023 6023 766 1207 6024 6024 1008 1409 6025 6025 952 1249 6026 6026 766 1207 6027 6027 84 152 6028 6028 1008 1409 6029 6029 1009 1083 6030 6030 498 845 6031 6031 858 1303 6032 6032 1009 1083 6033 6033 1010 1410 6034 6034 498 845 6035 6035 1011 1080 6036 6036 1010 1410 6037 6037 1009 1083 6038 6038 1011 1080 6039 6039 499 847 6040 6040 1010 1410 6041 6041 897 1336 6042 6042 743 1184 6043 6043 898 1337 6044 6044 897 1336 6045 6045 1230 1411 6046 6046 743 1184 6047 6047 1043 1208 6048 6048 1230 1411 6049 6049 897 1336 6050 6050 1043 1208 6051 6051 767 984 6052 6052 1230 1411 6053 6053 592 987 6054 6054 212 375 6055 6055 590 985 6056 6056 592 987 6057 6057 1012 1412 6058 6058 212 375 6059 6059 1266 1413 6060 6060 1012 1412 6061 6061 592 987 6062 6062 1266 1413 6063 6063 1194 377 6064 6064 1012 1412 6065 6065 1014 882 6066 6066 611 886 6067 6067 523 884 6068 6068 1014 882 6069 6069 1013 1414 6070 6070 611 886 6071 6071 500 848 6072 6072 1013 1414 6073 6073 1014 882 6074 6074 500 848 6075 6075 612 850 6076 6076 1013 1414 6077 6077 822 1270 6078 6078 587 979 6079 6079 821 1269 6080 6080 822 1270 6081 6081 1015 1415 6082 6082 587 979 6083 6083 1016 1073 6084 6084 1015 1415 6085 6085 822 1270 6086 6086 1016 1073 6087 6087 1117 981 6088 6088 1015 1415 6089 6089 1017 1321 6090 6090 1436 99 6091 6091 874 1319 6092 6092 1017 1321 6093 6093 1019 1416 6094 6094 1436 99 6095 6095 1018 1003 6096 6096 1019 1416 6097 6097 1017 1321 6098 6098 1018 1003 6099 6099 1020 97 6100 6100 1019 1416 6101 6101 1154 1417 6102 6102 204 364 6103 6103 1519 365 6104 6104 1154 1417 6105 6105 1021 362 6106 6106 204 364 6107 6107 1148 1418 6108 6108 1021 362 6109 6109 1154 1417 6110 6110 1148 1418 6111 6111 1255 575 6112 6112 1021 362 6113 6113 1026 924 6114 6114 1022 427 6115 6115 549 925 6116 6116 1026 924 6117 6117 1023 1419 6118 6118 1022 427 6119 6119 543 915 6120 6120 1023 1419 6121 6121 1026 924 6122 6122 543 915 6123 6123 236 431 6124 6124 1023 1419 6125 6125 543 915 6126 6126 1031 913 6127 6127 542 914 6128 6128 543 915 6129 6129 1024 1420 6130 6130 1031 913 6131 6131 1026 924 6132 6132 1024 1420 6133 6133 543 915 6134 6134 1026 924 6135 6135 1025 922 6136 6136 1024 1420 6137 6137 1027 672 6138 6138 1424 699 6139 6139 1032 1421 6140 6140 1027 672 6141 6141 1028 1422 6142 6142 1424 699 6143 6143 388 676 6144 6144 1028 1422 6145 6145 1027 672 6146 6146 388 676 6147 6147 1029 701 6148 6148 1028 1422 6149 6149 1029 701 6150 6150 1332 705 6151 6151 407 703 6152 6152 1029 701 6153 6153 1030 1423 6154 6154 1332 705 6155 6155 388 676 6156 6156 1030 1423 6157 6157 1029 701 6158 6158 388 676 6159 6159 389 678 6160 6160 1030 1423 6161 6161 1036 920 6162 6162 1025 922 6163 6163 546 921 6164 6164 1036 920 6165 6165 1328 1424 6166 6166 1025 922 6167 6167 1034 911 6168 6168 1328 1424 6169 6169 1036 920 6170 6170 1034 911 6171 6171 1031 913 6172 6172 1328 1424 6173 6173 404 695 6174 6174 1424 699 6175 6175 405 697 6176 6176 404 695 6177 6177 1032 1421 6178 6178 1424 699 6179 6179 385 670 6180 6180 1032 1421 6181 6181 404 695 6182 6182 385 670 6183 6183 1027 672 6184 6184 1032 1421 6185 6185 1034 911 6186 6186 1033 908 6187 6187 540 910 6188 6188 1034 911 6189 6189 1035 1425 6190 6190 1033 908 6191 6191 1036 920 6192 6192 1035 1425 6193 6193 1034 911 6194 6194 1036 920 6195 6195 1419 917 6196 6196 1035 1425 6197 6197 500 848 6198 6198 496 844 6199 6199 497 846 6200 6200 500 848 6201 6201 1037 1426 6202 6202 496 844 6203 6203 1014 882 6204 6204 1037 1426 6205 6205 500 848 6206 6206 1014 882 6207 6207 520 880 6208 6208 1037 1426 6209 6209 50 90 6210 6210 389 678 6211 6211 1038 680 6212 6212 50 90 6213 6213 1333 1427 6214 6214 389 678 6215 6215 48 88 6216 6216 1333 1427 6217 6217 50 90 6218 6218 48 88 6219 6219 1332 705 6220 6220 1333 1427 6221 6221 91 164 6222 6222 1039 160 6223 6223 89 162 6224 6224 91 164 6225 6225 1040 1428 6226 6226 1039 160 6227 6227 1136 1429 6228 6228 1040 1428 6229 6229 91 164 6230 6230 1136 1429 6231 6231 789 1232 6232 6232 1040 1428 6233 6233 1043 1208 6234 6234 82 148 6235 6235 1041 1206 6236 6236 1043 1208 6237 6237 1042 1430 6238 6238 82 148 6239 6239 897 1336 6240 6240 1042 1430 6241 6241 1043 1208 6242 6242 897 1336 6243 6243 81 146 6244 6244 1042 1430 6245 6245 293 535 6246 6246 911 479 6247 6247 1044 1346 6248 6248 293 535 6249 6249 1045 1431 6250 6250 911 479 6251 6251 147 260 6252 6252 1045 1431 6253 6253 293 535 6254 6254 147 260 6255 6255 1438 257 6256 6256 1045 1431 6257 6257 917 1301 6258 6258 1441 679 6259 6259 916 1347 6260 6260 917 1301 6261 6261 1046 1432 6262 6262 1441 679 6263 6263 1047 96 6264 6264 1046 1432 6265 6265 917 1301 6266 6266 1047 96 6267 6267 390 94 6268 6268 1046 1432 6269 6269 732 1173 6270 6270 954 1005 6271 6271 955 1374 6272 6272 732 1173 6273 6273 1048 1433 6274 6274 954 1005 6275 6275 1049 744 6276 6276 1048 1433 6277 6277 732 1173 6278 6278 1049 744 6279 6279 1050 741 6280 6280 1048 1433 6281 6281 692 777 6282 6282 797 1100 6283 6283 691 1102 6284 6284 692 777 6285 6285 1051 1245 6286 6286 797 1100 6287 6287 453 775 6288 6288 1051 1245 6289 6289 692 777 6290 6290 453 775 6291 6291 682 1094 6292 6292 1051 1245 6293 6293 1052 1114 6294 6294 297 544 6295 6295 689 1112 6296 6296 1052 1114 6297 6297 1408 1434 6298 6298 297 544 6299 6299 1057 1177 6300 6300 1408 1434 6301 6301 1052 1114 6302 6302 1057 1177 6303 6303 1053 542 6304 6304 1408 1434 6305 6305 1054 1022 6306 6306 1445 1253 6307 6307 854 1020 6308 6308 1054 1022 6309 6309 1339 1435 6310 6310 1445 1253 6311 6311 618 1021 6312 6312 1339 1435 6313 6313 1054 1022 6314 6314 618 1021 6315 6315 1219 1359 6316 6316 1339 1435 6317 6317 385 670 6318 6318 1056 419 6319 6319 1055 668 6320 6320 385 670 6321 6321 1404 1436 6322 6322 1056 419 6323 6323 404 695 6324 6324 1404 1436 6325 6325 385 670 6326 6326 404 695 6327 6327 402 421 6328 6328 1404 1436 6329 6329 1057 1177 6330 6330 1397 1179 6331 6331 739 1178 6332 6332 1057 1177 6333 6333 1396 1437 6334 6334 1397 1179 6335 6335 1052 1114 6336 6336 1396 1437 6337 6337 1057 1177 6338 6338 1052 1114 6339 6339 1395 1116 6340 6340 1396 1437 6341 6341 647 318 6342 6342 1059 314 6343 6343 1058 316 6344 6344 647 318 6345 6345 1060 1438 6346 6346 1059 314 6347 6347 644 1053 6348 6348 1060 1438 6349 6349 647 318 6350 6350 644 1053 6351 6351 1506 600 6352 6352 1060 1438 6353 6353 1062 201 6354 6354 710 1140 6355 6355 1385 1439 6356 6356 1062 201 6357 6357 1061 1440 6358 6358 710 1140 6359 6359 1167 1134 6360 6360 1061 1440 6361 6361 1062 201 6362 6362 1167 1134 6363 6363 708 1136 6364 6364 1061 1440 6365 6365 1065 943 6366 6366 1064 1028 6367 6367 1063 1441 6368 6368 1065 943 6369 6369 1446 1442 6370 6370 1064 1028 6371 6371 848 1292 6372 6372 1446 1442 6373 6373 1065 943 6374 6374 848 1292 6375 6375 849 1030 6376 6376 1446 1442 6377 6377 998 876 6378 6378 520 880 6379 6379 519 878 6380 6380 998 876 6381 6381 1066 1443 6382 6382 520 880 6383 6383 1067 842 6384 6384 1066 1443 6385 6385 998 876 6386 6386 1067 842 6387 6387 496 844 6388 6388 1066 1443 6389 6389 958 1365 6390 6390 956 1006 6391 6391 957 1375 6392 6392 958 1365 6393 6393 1068 1444 6394 6394 956 1006 6395 6395 422 729 6396 6396 1068 1444 6397 6397 958 1365 6398 6398 422 729 6399 6399 606 727 6400 6400 1068 1444 6401 6401 971 1385 6402 6402 1164 1445 6403 6403 1462 1446 6404 6404 971 1385 6405 6405 1476 1447 6406 6406 1164 1445 6407 6407 216 381 6408 6408 1476 1447 6409 6409 971 1385 6410 6410 216 381 6411 6411 1165 379 6412 6412 1476 1447 6413 6413 174 306 6414 6414 701 638 6415 6415 359 305 6416 6416 174 306 6417 6417 703 1128 6418 6418 701 638 6419 6419 1069 304 6420 6420 703 1128 6421 6421 174 306 6422 6422 1069 304 6423 6423 909 1345 6424 6424 703 1128 6425 6425 1072 1384 6426 6426 1071 1160 6427 6427 1070 1448 6428 6428 1072 1384 6429 6429 1073 1449 6430 6430 1071 1160 6431 6431 511 867 6432 6432 1073 1449 6433 6433 1072 1384 6434 6434 511 867 6435 6435 719 864 6436 6436 1073 1449 6437 6437 365 643 6438 6438 1074 673 6439 6439 979 1391 6440 6440 365 643 6441 6441 1075 1450 6442 6442 1074 673 6443 6443 915 645 6444 6444 1075 1450 6445 6445 365 643 6446 6446 915 645 6447 6447 387 675 6448 6448 1075 1450 6449 6449 1077 818 6450 6450 1076 106 6451 6451 478 819 6452 6452 1077 818 6453 6453 1078 1451 6454 6454 1076 106 6455 6455 1086 1262 6456 6456 1078 1451 6457 6457 1077 818 6458 6458 1086 1262 6459 6459 58 108 6460 6460 1078 1451 6461 6461 964 1379 6462 6462 754 1191 6463 6463 1079 1390 6464 6464 964 1379 6465 6465 1080 1452 6466 6466 754 1191 6467 6467 1456 814 6468 6468 1080 1452 6469 6469 964 1379 6470 6470 1456 814 6471 6471 753 811 6472 6472 1080 1452 6473 6473 304 558 6474 6474 1082 344 6475 6475 1081 1377 6476 6476 304 558 6477 6477 1393 1453 6478 6478 1082 344 6479 6479 302 554 6480 6480 1393 1453 6481 6481 304 558 6482 6482 302 554 6483 6483 867 342 6484 6484 1393 1453 6485 6485 1084 277 6486 6486 810 1078 6487 6487 673 278 6488 6488 1084 277 6489 6489 1083 1255 6490 6490 810 1078 6491 6491 1085 836 6492 6492 1083 1255 6493 6493 1084 277 6494 6494 1085 836 6495 6495 1450 834 6496 6496 1083 1255 6497 6497 1086 1262 6498 6498 966 1378 6499 6499 816 1264 6500 6500 1086 1262 6501 6501 1458 1454 6502 6502 966 1378 6503 6503 1077 818 6504 6504 1458 1454 6505 6505 1086 1262 6506 6506 1077 818 6507 6507 1457 816 6508 6508 1458 1454 6509 6509 749 1187 6510 6510 1087 73 6511 6511 750 72 6512 6512 749 1187 6513 6513 936 46 6514 6514 1087 73 6515 6515 1089 1455 6516 6516 936 46 6517 6517 749 1187 6518 6518 1089 1455 6519 6519 1088 1104 6520 6520 936 46 6521 6521 1090 945 6522 6522 945 966 6523 6523 946 1371 6524 6524 1090 945 6525 6525 1530 1456 6526 6526 945 966 6527 6527 566 369 6528 6528 1530 1456 6529 6529 1090 945 6530 6530 566 369 6531 6531 206 366 6532 6532 1530 1456 6533 6533 623 1036 6534 6534 626 1038 6535 6535 624 1037 6536 6536 623 1036 6537 6537 1091 1457 6538 6538 626 1038 6539 6539 1093 386 6540 6540 1091 1457 6541 6541 623 1036 6542 6542 1093 386 6543 6543 1092 1458 6544 6544 1091 1457 6545 6545 1143 1297 6546 6546 1065 943 6547 6547 1063 1441 6548 6548 1143 1297 6549 6549 1094 1459 6550 6550 1065 943 6551 6551 852 1075 6552 6552 1094 1459 6553 6553 1143 1297 6554 6554 852 1075 6555 6555 563 941 6556 6556 1094 1459 6557 6557 929 1235 6558 6558 1095 1065 6559 6559 928 1353 6560 6560 929 1235 6561 6561 1096 1460 6562 6562 1095 1065 6563 6563 505 856 6564 6564 1096 1460 6565 6565 929 1235 6566 6566 505 856 6567 6567 654 853 6568 6568 1096 1460 6569 6569 570 951 6570 6570 764 971 6571 6571 1280 1461 6572 6572 570 951 6573 6573 1517 1462 6574 6574 764 971 6575 6575 569 949 6576 6576 1517 1462 6577 6577 570 951 6578 6578 569 949 6579 6579 582 969 6580 6580 1517 1462 6581 6581 1098 1086 6582 6582 1518 1109 6583 6583 1097 1463 6584 6584 1098 1086 6585 6585 1100 1464 6586 6586 1518 1109 6587 6587 1099 1361 6588 6588 1100 1464 6589 6589 1098 1086 6590 6590 1099 1361 6591 6591 934 1107 6592 6592 1100 1464 6593 6593 1246 1465 6594 6594 298 548 6595 6595 1281 550 6596 6596 1246 1465 6597 6597 1101 1113 6598 6598 298 548 6599 6599 1276 774 6600 6600 1101 1113 6601 6601 1246 1465 6602 6602 1276 774 6603 6603 1102 776 6604 6604 1101 1113 6605 6605 1103 309 6606 6606 310 571 6607 6607 312 307 6608 6608 1103 309 6609 6609 714 1143 6610 6610 310 571 6611 6611 175 308 6612 6612 714 1143 6613 6613 1103 309 6614 6614 175 308 6615 6615 1175 1466 6616 6616 714 1143 6617 6617 906 1011 6618 6618 102 189 6619 6619 1104 1341 6620 6620 906 1011 6621 6621 1105 1467 6622 6622 102 189 6623 6623 600 994 6624 6624 1105 1467 6625 6625 906 1011 6626 6626 600 994 6627 6627 101 187 6628 6628 1105 1467 6629 6629 1106 986 6630 6630 594 990 6631 6631 593 988 6632 6632 1106 986 6633 6633 1107 1468 6634 6634 594 990 6635 6635 981 946 6636 6636 1107 1468 6637 6637 1106 986 6638 6638 981 946 6639 6639 983 948 6640 6640 1107 1468 6641 6641 1108 517 6642 6642 331 513 6643 6643 280 515 6644 6644 1108 517 6645 6645 1109 1469 6646 6646 331 513 6647 6647 1006 500 6648 6648 1109 1469 6649 6649 1108 517 6650 6650 1006 500 6651 6651 330 497 6652 6652 1109 1469 6653 6653 199 354 6654 6654 1110 568 6655 6655 907 1342 6656 6656 199 354 6657 6657 1111 1470 6658 6658 1110 568 6659 6659 200 356 6660 6660 1111 1470 6661 6661 199 354 6662 6662 200 356 6663 6663 1112 570 6664 6664 1111 1470 6665 6665 901 1307 6666 6666 899 903 6667 6667 900 1338 6668 6668 901 1307 6669 6669 1502 1471 6670 6670 899 903 6671 6671 862 1242 6672 6672 1502 1471 6673 6673 901 1307 6674 6674 862 1242 6675 6675 1113 905 6676 6676 1502 1471 6677 6677 1356 1153 6678 6678 841 1149 6679 6679 1114 1151 6680 6680 1356 1153 6681 6681 1185 1472 6682 6682 841 1149 6683 6683 561 938 6684 6684 1185 1472 6685 6685 1356 1153 6686 6686 1116 1393 6687 6687 1115 808 6688 6688 1307 810 6689 6689 1116 1393 6690 6690 1310 1473 6691 6691 1115 808 6692 6692 1309 1277 6693 6693 1310 1473 6694 6694 1116 1393 6695 6695 1117 981 6696 6696 741 1181 6697 6697 589 983 6698 6698 1117 981 6699 6699 1118 1474 6700 6700 741 1181 6701 6701 1016 1073 6702 6702 1118 1474 6703 6703 1117 981 6704 6704 1195 1158 6705 6705 1227 1161 6706 6706 720 1159 6707 6707 1195 1158 6708 6708 1226 1305 6709 6709 1227 1161 6710 6710 861 135 6711 6711 1226 1305 6712 6712 1195 1158 6713 6713 1119 1040 6714 6714 1228 1304 6715 6715 629 1041 6716 6716 1119 1040 6717 6717 1170 1475 6718 6718 1228 1304 6719 6719 1092 1458 6720 6720 1170 1475 6721 6721 1119 1040 6722 6722 986 281 6723 6723 1084 277 6724 6724 1120 279 6725 6725 986 281 6726 6726 1131 1476 6727 6727 1084 277 6728 6728 985 838 6729 6729 1131 1476 6730 6730 986 281 6731 6731 707 1137 6732 6732 1319 609 6733 6733 1121 1138 6734 6734 707 1137 6735 6735 1122 1477 6736 6736 1319 609 6737 6737 1123 1478 6738 6738 1122 1477 6739 6739 707 1137 6740 6740 1397 1179 6741 6741 1240 1479 6742 6742 1238 1180 6743 6743 1397 1179 6744 6744 1124 1480 6745 6745 1240 1479 6746 6746 1395 1116 6747 6747 1124 1480 6748 6748 1397 1179 6749 6749 1126 1298 6750 6750 808 1252 6751 6751 1125 1326 6752 6752 1126 1298 6753 6753 1127 1481 6754 6754 808 1252 6755 6755 854 1020 6756 6756 1127 1481 6757 6757 1126 1298 6758 6758 848 1292 6759 6759 845 940 6760 6760 846 1290 6761 6761 848 1292 6762 6762 564 942 6763 6763 845 940 6764 6764 1065 943 6765 6765 564 942 6766 6766 848 1292 6767 6767 1315 1482 6768 6768 1128 1483 6769 6769 1136 1429 6770 6770 1315 1482 6771 6771 1147 972 6772 6772 1128 1483 6773 6773 1286 973 6774 6774 1147 972 6775 6775 1315 1482 6776 6776 1287 1263 6777 6777 823 1260 6778 6778 815 1261 6779 6779 1287 1263 6780 6780 824 1271 6781 6781 823 1260 6782 6782 1161 896 6783 6783 824 1271 6784 6784 1287 1263 6785 6785 1325 1287 6786 6786 1123 1478 6787 6787 1129 1288 6788 6788 1325 1287 6789 6789 1130 1484 6790 6790 1123 1478 6791 6791 459 786 6792 6792 1130 1484 6793 6793 1325 1287 6794 6794 1085 836 6795 6795 985 838 6796 6796 491 837 6797 6797 1085 836 6798 6798 1131 1476 6799 6799 985 838 6800 6800 1084 277 6801 6801 1131 1476 6802 6802 1085 836 6803 6803 552 926 6804 6804 725 112 6805 6805 1132 927 6806 6806 552 926 6807 6807 1133 1485 6808 6808 725 112 6809 6809 1242 1486 6810 6810 1133 1485 6811 6811 552 926 6812 6812 1135 1366 6813 6813 1134 166 6814 6814 938 1364 6815 6815 1135 1366 6816 6816 1237 1487 6817 6817 1134 166 6818 6818 1136 1429 6819 6819 1237 1487 6820 6820 1135 1366 6821 6821 763 131 6822 6822 581 133 6823 6823 1137 132 6824 6824 763 131 6825 6825 583 970 6826 6826 581 133 6827 6827 764 971 6828 6828 583 970 6829 6829 763 131 6830 6830 1139 79 6831 6831 1138 75 6832 6832 45 77 6833 6833 1139 79 6834 6834 1290 1488 6835 6835 1138 75 6836 6836 1140 752 6837 6837 1290 1488 6838 6838 1139 79 6839 6839 778 1219 6840 6840 1141 460 6841 6841 313 461 6842 6842 778 1219 6843 6843 1289 1489 6844 6844 1141 460 6845 6845 1509 805 6846 6846 1289 1489 6847 6847 778 1219 6848 6848 619 1024 6849 6849 1064 1028 6850 6850 1142 1026 6851 6851 619 1024 6852 6852 1063 1441 6853 6853 1064 1028 6854 6854 1143 1297 6855 6855 1063 1441 6856 6856 619 1024 6857 6857 1193 1059 6858 6858 730 1055 6859 6859 648 1057 6860 6860 1193 1059 6861 6861 1144 1171 6862 6862 730 1055 6863 6863 771 1210 6864 6864 1144 1171 6865 6865 1193 1059 6866 6866 1416 1320 6867 6867 1135 1366 6868 6868 875 1322 6869 6869 1416 1320 6870 6870 1145 1490 6871 6871 1135 1366 6872 6872 1315 1482 6873 6873 1145 1490 6874 6874 1416 1320 6875 6875 789 1232 6876 6876 1147 972 6877 6877 1146 1230 6878 6878 789 1232 6879 6879 1128 1483 6880 6880 1147 972 6881 6881 1136 1429 6882 6882 1128 1483 6883 6883 789 1232 6884 6884 1205 1204 6885 6885 764 971 6886 6886 762 1205 6887 6887 1205 1204 6888 6888 1280 1461 6889 6889 764 971 6890 6890 813 1259 6891 6891 1280 1461 6892 6892 1205 1204 6893 6893 1267 475 6894 6894 1154 1417 6895 6895 1153 1491 6896 6896 1267 475 6897 6897 1148 1418 6898 6898 1154 1417 6899 6899 1255 575 6900 6900 1148 1418 6901 6901 1267 475 6902 6902 1099 1361 6903 6903 1149 43 6904 6904 20 45 6905 6905 1099 1361 6906 6906 1150 1088 6907 6907 1149 43 6908 6908 1098 1086 6909 6909 1150 1088 6910 6910 1099 1361 6911 6911 1376 1170 6912 6912 1151 1334 6913 6913 728 1168 6914 6914 1376 1170 6915 6915 1152 1000 6916 6916 1151 1334 6917 6917 1375 1002 6918 6918 1152 1000 6919 6919 1376 1170 6920 6920 1154 1417 6921 6921 1155 1033 6922 6922 1153 1491 6923 6923 1154 1417 6924 6924 1156 1034 6925 6925 1155 1033 6926 6926 1519 365 6927 6927 1156 1034 6928 6928 1154 1417 6929 6929 1318 5 6930 6930 1158 1 6931 6931 1157 3 6932 6932 1318 5 6933 6933 1159 1492 6934 6934 1158 1 6935 6935 530 892 6936 6936 1159 1492 6937 6937 1318 5 6938 6938 669 900 6939 6939 1161 896 6940 6940 1160 898 6941 6941 669 900 6942 6942 1162 1493 6943 6943 1161 896 6944 6944 1016 1073 6945 6945 1162 1493 6946 6946 669 900 6947 6947 1535 1357 6948 6948 1339 1435 6949 6949 1219 1359 6950 6950 1535 1357 6951 6951 1338 1494 6952 6952 1339 1435 6953 6953 1337 664 6954 6954 1338 1494 6955 6955 1535 1357 6956 6956 1164 1445 6957 6957 1266 1413 6958 6958 1262 1495 6959 6959 1164 1445 6960 6960 1163 1496 6961 6961 1266 1413 6962 6962 1165 379 6963 6963 1163 1496 6964 6964 1164 1445 6965 6965 1167 1134 6966 6966 1166 204 6967 6967 705 1132 6968 6968 1167 1134 6969 6969 111 203 6970 6970 1166 204 6971 6971 1062 201 6972 6972 111 203 6973 6973 1167 1134 6974 6974 511 867 6975 6975 1463 869 6976 6976 512 868 6977 6977 511 867 6978 6978 1265 1386 6979 6979 1463 869 6980 6980 1072 1384 6981 6981 1265 1386 6982 6982 511 867 6983 6983 455 780 6984 6984 1168 224 6985 6985 454 779 6986 6986 455 780 6987 6987 1169 225 6988 6988 1168 224 6989 6989 1386 1131 6990 6990 1169 225 6991 6991 455 780 6992 6992 1092 1458 6993 6993 1227 1161 6994 6994 1170 1475 6995 6995 1092 1458 6996 6996 721 1162 6997 6997 1227 1161 6998 6998 1093 386 6999 6999 721 1162 7000 7000 1092 1458 7001 7001 1171 445 7002 7002 1374 1497 7003 7003 773 1213 7004 7004 1171 445 7005 7005 1172 441 7006 7006 1374 1497 7007 7007 1173 443 7008 7008 1172 441 7009 7009 1171 445 7010 7010 1174 658 7011 7011 175 308 7012 7012 377 657 7013 7013 1174 658 7014 7014 1175 1466 7015 7015 175 308 7016 7016 1001 1146 7017 7017 1175 1466 7018 7018 1174 658 7019 7019 1217 243 7020 7020 136 239 7021 7021 1176 241 7022 7022 1217 243 7023 7023 630 1042 7024 7024 136 239 7025 7025 1346 296 7026 7026 630 1042 7027 7027 1217 243 7028 7028 1516 1279 7029 7029 1178 1314 7030 7030 1177 1280 7031 7031 1516 1279 7032 7032 1179 1498 7033 7033 1178 1314 7034 7034 1201 1148 7035 7035 1179 1498 7036 7036 1516 1279 7037 7037 926 573 7038 7038 1402 1499 7039 7039 1255 575 7040 7040 926 573 7041 7041 1401 360 7042 7042 1402 1499 7043 7043 927 1352 7044 7044 1401 360 7045 7045 926 573 7046 7046 1180 1500 7047 7047 615 1012 7048 7048 1362 1333 7049 7049 1180 1500 7050 7050 613 998 7051 7051 615 1012 7052 7052 1152 1000 7053 7053 613 998 7054 7054 1180 1500 7055 7055 847 1291 7056 7056 576 962 7057 7057 850 1293 7058 7058 847 1291 7059 7059 1181 963 7060 7060 576 962 7061 7061 578 555 7062 7062 1181 963 7063 7063 847 1291 7064 7064 1182 1097 7065 7065 1241 1101 7066 7066 684 1099 7067 7067 1182 1097 7068 7068 1183 1501 7069 7069 1241 1101 7070 7070 1242 1486 7071 7071 1183 1501 7072 7072 1182 1097 7073 7073 968 438 7074 7074 502 851 7075 7075 967 1383 7076 7076 968 438 7077 7077 1184 852 7078 7078 502 851 7079 7079 240 442 7080 7080 1184 852 7081 7081 968 438 7082 7082 1186 935 7083 7083 561 938 7084 7084 560 936 7085 7085 1186 935 7086 7086 1185 1472 7087 7087 561 938 7088 7088 841 1149 7089 7089 1185 1472 7090 7090 1186 935 7091 7091 578 555 7092 7092 829 1156 7093 7093 869 556 7094 7094 578 555 7095 7095 1187 1157 7096 7096 829 1156 7097 7097 847 1291 7098 7098 1187 1157 7099 7099 578 555 7100 7100 1188 1502 7101 7101 1186 935 7102 7102 115 208 7103 7103 1188 1502 7104 7104 841 1149 7105 7105 1186 935 7106 7106 113 205 7107 7107 841 1149 7108 7108 1188 1502 7109 7109 1189 1503 7110 7110 1201 1148 7111 7111 1516 1279 7112 7112 1189 1503 7113 7113 830 1152 7114 7114 1201 1148 7115 7115 831 1273 7116 7116 830 1152 7117 7117 1189 1503 7118 7118 1190 1504 7119 7119 1178 1314 7120 7120 840 1283 7121 7121 1190 1504 7122 7122 871 170 7123 7123 1178 1314 7124 7124 838 174 7125 7125 871 170 7126 7126 1190 1504 7127 7127 1191 1505 7128 7128 617 1017 7129 7129 616 1015 7130 7130 1191 1505 7131 7131 106 195 7132 7132 617 1017 7133 7133 105 193 7134 7134 106 195 7135 7135 1191 1505 7136 7136 1192 1506 7137 7137 772 1212 7138 7138 771 1210 7139 7139 1192 1506 7140 7140 905 1061 7141 7141 772 1212 7142 7142 1193 1059 7143 7143 905 1061 7144 7144 1192 1506 7145 7145 1194 377 7146 7146 1165 379 7147 7147 215 378 7148 7148 1194 377 7149 7149 1163 1496 7150 7150 1165 379 7151 7151 1266 1413 7152 7152 1163 1496 7153 7153 1194 377 7154 7154 1521 1507 7155 7155 913 539 7156 7156 912 483 7157 7157 1521 1507 7158 7158 295 541 7159 7159 913 539 7160 7160 1522 485 7161 7161 295 541 7162 7162 1521 1507 7163 7163 1196 1508 7164 7164 1195 1158 7165 7165 717 477 7166 7166 1196 1508 7167 7167 861 135 7168 7168 1195 1158 7169 7169 78 139 7170 7170 861 135 7171 7171 1196 1508 7172 7172 1198 1509 7173 7173 1197 564 7174 7174 963 562 7175 7175 1198 1509 7176 7176 1199 350 7177 7177 1197 564 7178 7178 1525 348 7179 7179 1199 350 7180 7180 1198 1509 7181 7181 840 1283 7182 7182 1201 1148 7183 7183 1200 1150 7184 7184 840 1283 7185 7185 1179 1498 7186 7186 1201 1148 7187 7187 1178 1314 7188 7188 1179 1498 7189 7189 840 1283 7190 7190 1202 1328 7191 7191 1203 1127 7192 7192 700 495 7193 7193 1202 1328 7194 7194 301 553 7195 7195 1203 1127 7196 7196 1377 764 7197 7197 301 553 7198 7198 1202 1328 7199 7199 1206 1510 7200 7200 1205 1204 7201 7201 1204 1201 7202 7202 1206 1510 7203 7203 813 1259 7204 7204 1205 1204 7205 7205 793 1238 7206 7206 813 1259 7207 7207 1206 1510 7208 7208 1207 1511 7209 7209 609 885 7210 7210 608 683 7211 7211 1207 1511 7212 7212 522 883 7213 7213 609 885 7214 7214 395 685 7215 7215 522 883 7216 7216 1207 1511 7217 7217 1528 1512 7218 7218 1208 682 7219 7219 393 454 7220 7220 1528 1512 7221 7221 470 799 7222 7222 1208 682 7223 7223 248 456 7224 7224 470 799 7225 7225 1528 1512 7226 7226 1209 1513 7227 7227 494 841 7228 7228 18 41 7229 7229 1209 1513 7230 7230 1210 1087 7231 7231 494 841 7232 7232 1149 43 7233 7233 1210 1087 7234 7234 1209 1513 7235 7235 1211 1514 7236 7236 415 713 7237 7237 1531 1295 7238 7238 1211 1514 7239 7239 733 717 7240 7240 415 713 7241 7241 1212 1174 7242 7242 733 717 7243 7243 1211 1514 7244 7244 1213 1515 7245 7245 383 415 7246 7246 230 411 7247 7247 1213 1515 7248 7248 384 669 7249 7249 383 415 7250 7250 1532 641 7251 7251 384 669 7252 7252 1213 1515 7253 7253 1533 1516 7254 7254 1214 620 7255 7255 1534 616 7256 7256 1533 1516 7257 7257 960 1189 7258 7258 1214 620 7259 7259 962 1130 7260 7260 960 1189 7261 7261 1533 1516 7262 7262 1536 1517 7263 7263 1337 664 7264 7264 1535 1357 7265 7265 1536 1517 7266 7266 380 662 7267 7267 1337 664 7268 7268 1215 1267 7269 7269 380 662 7270 7270 1536 1517 7271 7271 1216 1518 7272 7272 925 245 7273 7273 923 298 7274 7274 1216 1518 7275 7275 1217 243 7276 7276 925 245 7277 7277 1346 296 7278 7278 1217 243 7279 7279 1216 1518 7280 7280 1537 1519 7281 7281 1218 735 7282 7282 426 733 7283 7283 1537 1519 7284 7284 371 651 7285 7285 1218 735 7286 7286 373 653 7287 7287 371 651 7288 7288 1537 1519 7289 7289 618 1021 7290 7290 977 1358 7291 7291 1219 1359 7292 7292 618 1021 7293 7293 976 1388 7294 7294 977 1358 7295 7295 251 463 7296 7296 1224 388 7297 7297 250 462 7298 7298 251 463 7299 7299 1220 788 7300 7300 1224 388 7301 7301 898 1337 7302 7302 1221 391 7303 7303 1222 387 7304 7304 898 1337 7305 7305 743 1184 7306 7306 1221 391 7307 7307 1222 387 7308 7308 895 142 7309 7309 896 1335 7310 7310 1222 387 7311 7311 1225 389 7312 7312 895 142 7313 7313 1225 389 7314 7314 1223 140 7315 7315 895 142 7316 7316 1225 389 7317 7317 1224 388 7318 7318 1223 140 7319 7319 1220 788 7320 7320 1223 140 7321 7321 1224 388 7322 7322 1220 788 7323 7323 76 136 7324 7324 1223 140 7325 7325 860 790 7326 7326 629 1041 7327 7327 1228 1304 7328 7328 860 790 7329 7329 628 792 7330 7330 629 1041 7331 7331 1228 1304 7332 7332 1227 1161 7333 7333 1226 1305 7334 7334 1228 1304 7335 7335 1170 1475 7336 7336 1227 1161 7337 7337 814 110 7338 7338 1229 975 7339 7339 585 109 7340 7340 814 110 7341 7341 823 1260 7342 7342 1229 975 7343 7343 769 982 7344 7344 803 978 7345 7345 588 980 7346 7346 769 982 7347 7347 802 1248 7348 7348 803 978 7349 7349 743 1184 7350 7350 767 984 7351 7351 742 1182 7352 7352 743 1184 7353 7353 1230 1411 7354 7354 767 984 7355 7355 745 393 7356 7356 1231 1183 7357 7357 1349 1520 7358 7358 745 393 7359 7359 744 1185 7360 7360 1231 1183 7361 7361 1162 1493 7362 7362 822 1270 7363 7363 1161 896 7364 7364 1162 1493 7365 7365 1016 1073 7366 7366 822 1270 7367 7367 1232 1521 7368 7368 535 899 7369 7369 1460 895 7370 7370 1232 1521 7371 7371 902 1339 7372 7372 535 899 7373 7373 1233 1522 7374 7374 879 274 7375 7375 878 1163 7376 7376 1233 1522 7377 7377 158 0 7378 7378 879 274 7379 7379 1235 272 7380 7380 1234 1165 7381 7381 877 1324 7382 7382 1235 272 7383 7383 1426 828 7384 7384 1234 1165 7385 7385 551 827 7386 7386 1234 1165 7387 7387 1426 828 7388 7388 551 827 7389 7389 1132 927 7390 7390 1234 1165 7391 7391 725 112 7392 7392 1236 113 7393 7393 60 111 7394 7394 725 112 7395 7395 1133 1485 7396 7396 1236 113 7397 7397 1237 1487 7398 7398 91 164 7399 7399 1134 166 7400 7400 1237 1487 7401 7401 1136 1429 7402 7402 91 164 7403 7403 0 4 7404 7404 1233 1522 7405 7405 878 1163 7406 7406 0 4 7407 7407 158 0 7408 7408 1233 1522 7409 7409 1238 1180 7410 7410 1239 929 7411 7411 740 931 7412 7412 1238 1180 7413 7413 1240 1479 7414 7414 1239 929 7415 7415 1241 1101 7416 7416 1240 1479 7417 7417 1124 1480 7418 7418 1241 1101 7419 7419 1183 1501 7420 7420 1240 1479 7421 7421 1241 1101 7422 7422 1395 1116 7423 7423 691 1102 7424 7424 1241 1101 7425 7425 1124 1480 7426 7426 1395 1116 7427 7427 1243 1523 7428 7428 1242 1486 7429 7429 552 926 7430 7430 1243 1523 7431 7431 1240 1479 7432 7432 1242 1486 7433 7433 1243 1523 7434 7434 1239 929 7435 7435 1240 1479 7436 7436 1243 1523 7437 7437 552 926 7438 7438 1239 929 7439 7439 1245 1524 7440 7440 1242 1486 7441 7441 1182 1097 7442 7442 1245 1524 7443 7443 1236 113 7444 7444 1242 1486 7445 7445 1245 1524 7446 7446 1244 115 7447 7447 1236 113 7448 7448 1245 1524 7449 7449 1182 1097 7450 7450 1244 115 7451 7451 1276 774 7452 7452 1281 550 7453 7453 1277 1525 7454 7454 1276 774 7455 7455 1246 1465 7456 7456 1281 550 7457 7457 692 777 7458 7458 1101 1113 7459 7459 1102 776 7460 7460 692 777 7461 7461 690 1115 7462 7462 1101 1113 7463 7463 192 338 7464 7464 685 1103 7465 7465 1251 339 7466 7466 192 338 7467 7467 1247 1275 7468 7468 685 1103 7469 7469 868 1274 7470 7470 829 1156 7471 7471 1248 1272 7472 7472 868 1274 7473 7473 869 556 7474 7474 829 1156 7475 7475 750 72 7476 7476 40 70 7477 7477 74 134 7478 7478 750 72 7479 7479 42 71 7480 7480 40 70 7481 7481 747 964 7482 7482 1249 967 7483 7483 580 965 7484 7484 747 964 7485 7485 748 1188 7486 7486 1249 967 7487 7487 1437 1084 7488 7488 1518 1109 7489 7489 1250 1111 7490 7490 1437 1084 7491 7491 1097 1463 7492 7492 1518 1109 7493 7493 1088 1104 7494 7494 1252 337 7495 7495 1251 339 7496 7496 1088 1104 7497 7497 1089 1455 7498 7498 1252 337 7499 7499 1252 337 7500 7500 749 1187 7501 7501 746 1186 7502 7502 1252 337 7503 7503 1089 1455 7504 7504 749 1187 7505 7505 714 1143 7506 7506 1001 1146 7507 7507 1253 1144 7508 7508 714 1143 7509 7509 1175 1466 7510 7510 1001 1146 7511 7511 1254 574 7512 7512 1268 311 7513 7513 312 307 7514 7514 1254 574 7515 7515 1255 575 7516 7516 1268 311 7517 7517 1260 1031 7518 7518 1256 960 7519 7519 1259 1526 7520 7520 1260 1031 7521 7521 1285 1032 7522 7522 1256 960 7523 7523 1256 960 7524 7524 1257 958 7525 7525 1259 1526 7526 7526 1256 960 7527 7527 573 959 7528 7528 1257 958 7529 7529 1257 958 7530 7530 920 1349 7531 7531 1259 1526 7532 7532 1257 958 7533 7533 1258 1527 7534 7534 920 1349 7535 7535 713 955 7536 7536 1258 1527 7537 7537 1257 958 7538 7538 713 955 7539 7539 715 1145 7540 7540 1258 1527 7541 7541 715 1145 7542 7542 920 1349 7543 7543 1258 1527 7544 7544 715 1145 7545 7545 1261 1350 7546 7546 920 1349 7547 7547 920 1349 7548 7548 1260 1031 7549 7549 1259 1526 7550 7550 920 1349 7551 7551 921 1351 7552 7552 1260 1031 7553 7553 787 1228 7554 7554 783 1224 7555 7555 785 1226 7556 7556 787 1228 7557 7557 1261 1350 7558 7558 783 1224 7559 7559 715 1145 7560 7560 783 1224 7561 7561 1261 1350 7562 7562 715 1145 7563 7563 1340 1147 7564 7564 783 1224 7565 7565 1461 871 7566 7566 1164 1445 7567 7567 1262 1495 7568 7568 1461 871 7569 7569 1462 1446 7570 7570 1164 1445 7571 7571 1461 871 7572 7572 1264 873 7573 7573 515 872 7574 7574 1461 871 7575 7575 1262 1495 7576 7576 1264 873 7577 7577 1264 873 7578 7578 1266 1413 7579 7579 1263 1528 7580 7580 1264 873 7581 7581 1262 1495 7582 7582 1266 1413 7583 7583 971 1385 7584 7584 1463 869 7585 7585 1265 1386 7586 7586 971 1385 7587 7587 1462 1446 7588 7588 1463 869 7589 7589 592 987 7590 7590 1263 1528 7591 7591 1266 1413 7592 7592 592 987 7593 7593 1274 989 7594 7594 1263 1528 7595 7595 1267 475 7596 7596 261 473 7597 7597 263 474 7598 7598 1267 475 7599 7599 1153 1491 7600 7600 261 473 7601 7601 261 473 7602 7602 1155 1033 7603 7603 468 797 7604 7604 261 473 7605 7605 1153 1491 7606 7606 1155 1033 7607 7607 264 476 7608 7608 1268 311 7609 7609 1255 575 7610 7610 264 476 7611 7611 179 315 7612 7612 1268 311 7613 7613 1070 1448 7614 7614 973 384 7615 7615 1072 1384 7616 7616 1070 1448 7617 7617 1093 386 7618 7618 973 384 7619 7619 1093 386 7620 7620 1071 1160 7621 7621 721 1162 7622 7622 1093 386 7623 7623 1070 1448 7624 7624 1071 1160 7625 7625 217 385 7626 7626 623 1036 7627 7627 621 383 7628 7628 217 385 7629 7629 1093 386 7630 7630 623 1036 7631 7631 1155 1033 7632 7632 466 796 7633 7633 468 797 7634 7634 1155 1033 7635 7635 622 1035 7636 7636 466 796 7637 7637 1092 1458 7638 7638 626 1038 7639 7639 1091 1457 7640 7640 1092 1458 7641 7641 1513 1529 7642 7642 626 1038 7643 7643 983 948 7644 7644 594 990 7645 7645 1107 1468 7646 7646 983 948 7647 7647 1269 1396 7648 7648 594 990 7649 7649 700 495 7650 7650 1271 491 7651 7651 1270 493 7652 7652 700 495 7653 7653 1272 1126 7654 7654 1271 491 7655 7655 1273 494 7656 7656 1274 989 7657 7657 595 991 7658 7658 1273 494 7659 7659 1497 874 7660 7660 1274 989 7661 7661 1274 989 7662 7662 1264 873 7663 7663 1263 1528 7664 7664 1274 989 7665 7665 1497 874 7666 7666 1264 873 7667 7667 759 1198 7668 7668 1283 766 7669 7669 1275 1239 7670 7670 759 1198 7671 7671 1305 1200 7672 7672 1283 766 7673 7673 1277 1525 7674 7674 451 769 7675 7675 1276 774 7676 7676 1277 1525 7677 7677 448 767 7678 7678 451 769 7679 7679 1278 772 7680 7680 453 775 7681 7681 452 773 7682 7682 1278 772 7683 7683 1303 1095 7684 7684 453 775 7685 7685 570 951 7686 7686 813 1259 7687 7687 1279 953 7688 7688 570 951 7689 7689 1280 1461 7690 7690 813 1259 7691 7691 446 763 7692 7692 571 954 7693 7693 812 1258 7694 7694 446 763 7695 7695 1377 764 7696 7696 571 954 7697 7697 1281 550 7698 7698 448 767 7699 7699 1277 1525 7700 7700 1281 550 7701 7701 300 552 7702 7702 448 767 7703 7703 448 767 7704 7704 301 553 7705 7705 447 765 7706 7706 448 767 7707 7707 300 552 7708 7708 301 553 7709 7709 1283 766 7710 7710 1282 770 7711 7711 449 768 7712 7712 1283 766 7713 7713 1305 1200 7714 7714 1282 770 7715 7715 904 447 7716 7716 244 451 7717 7717 242 449 7718 7718 904 447 7719 7719 1284 1340 7720 7720 244 451 7721 7721 889 1330 7722 7722 836 576 7723 7723 314 459 7724 7724 889 1330 7725 7725 890 1281 7726 7726 836 576 7727 7727 849 1030 7728 7728 576 962 7729 7729 1285 1032 7730 7730 849 1030 7731 7731 850 1293 7732 7732 576 962 7733 7733 585 109 7734 7734 56 105 7735 7735 59 107 7736 7736 585 109 7737 7737 1286 973 7738 7738 56 105 7739 7739 1287 1263 7740 7740 534 897 7741 7741 1161 896 7742 7742 1287 1263 7743 7743 817 1265 7744 7744 534 897 7745 7745 1141 460 7746 7746 1288 803 7747 7747 940 1369 7748 7748 1141 460 7749 7749 1289 1489 7750 7750 1288 803 7751 7751 1138 75 7752 7752 778 1219 7753 7753 313 461 7754 7754 1138 75 7755 7755 1290 1488 7756 7756 778 1219 7757 7757 778 1219 7758 7758 1140 752 7759 7759 1291 1218 7760 7760 778 1219 7761 7761 1290 1488 7762 7762 1140 752 7763 7763 649 1058 7764 7764 650 1062 7765 7765 1292 1060 7766 7766 649 1058 7767 7767 837 1282 7768 7768 650 1062 7769 7769 246 453 7770 7770 1293 457 7771 7771 247 455 7772 7772 246 453 7773 7773 1294 1331 7774 7774 1293 457 7775 7775 1297 1363 7776 7776 1295 1117 7777 7777 649 1058 7778 7778 1297 1363 7779 7779 1296 1120 7780 7780 1295 1117 7781 7781 39 68 7782 7782 36 66 7783 7783 73 130 7784 7784 39 68 7785 7785 37 67 7786 7786 36 66 7787 7787 10 29 7788 7788 398 691 7789 7789 401 693 7790 7790 10 29 7791 7791 1298 1217 7792 7792 398 691 7793 7793 496 844 7794 7794 520 880 7795 7795 1066 1443 7796 7796 496 844 7797 7797 1037 1426 7798 7798 520 880 7799 7799 65 56 7800 7800 1299 54 7801 7801 63 118 7802 7802 65 56 7803 7803 26 55 7804 7804 1299 54 7805 7805 30 60 7806 7806 28 58 7807 7807 67 122 7808 7808 30 60 7809 7809 29 59 7810 7810 28 58 7811 7811 1300 64 7812 7812 33 62 7813 7813 69 126 7814 7814 1300 64 7815 7815 34 63 7816 7816 33 62 7817 7817 72 129 7818 7818 71 127 7819 7819 1301 1203 7820 7820 72 129 7821 7821 1302 128 7822 7822 71 127 7823 7823 1278 772 7824 7824 681 1093 7825 7825 1303 1095 7826 7826 1278 772 7827 7827 1507 1530 7828 7828 681 1093 7829 7829 681 1093 7830 7830 1304 1199 7831 7831 995 1403 7832 7832 681 1093 7833 7833 1507 1530 7834 7834 1304 1199 7835 7835 1304 1199 7836 7836 1282 770 7837 7837 1305 1200 7838 7838 1304 1199 7839 7839 1507 1530 7840 7840 1282 770 7841 7841 1531 1295 7842 7842 1306 1221 7843 7843 781 1222 7844 7844 1531 1295 7845 7845 1308 1394 7846 7846 1306 1221 7847 7847 1306 1221 7848 7848 1116 1393 7849 7849 1307 810 7850 7850 1306 1221 7851 7851 1308 1394 7852 7852 1116 1393 7853 7853 779 809 7854 7854 1306 1221 7855 7855 1307 810 7856 7856 779 809 7857 7857 780 1220 7858 7858 1306 1221 7859 7859 1310 1473 7860 7860 832 1236 7861 7861 1115 808 7862 7862 1310 1473 7863 7863 1309 1277 7864 7864 832 1236 7865 7865 1313 1047 7866 7866 1311 1049 7867 7867 640 1048 7868 7868 1313 1047 7869 7869 1312 1064 7870 7870 1311 1049 7871 7871 1314 52 7872 7872 61 50 7873 7873 62 114 7874 7874 1314 52 7875 7875 23 51 7876 7876 61 50 7877 7877 1145 1490 7878 7878 1136 1429 7879 7879 1135 1366 7880 7880 1145 1490 7881 7881 1315 1482 7882 7882 1136 1429 7883 7883 1315 1482 7884 7884 56 105 7885 7885 1286 973 7886 7886 1315 1482 7887 7887 1331 1531 7888 7888 56 105 7889 7889 1411 169 7890 7890 420 726 7891 7891 421 728 7892 7892 1411 169 7893 7893 1316 2 7894 7894 420 726 7895 7895 1159 1492 7896 7896 526 889 7897 7897 1158 1 7898 7898 1159 1492 7899 7899 530 892 7900 7900 526 889 7901 7901 532 714 7902 7902 1309 1277 7903 7903 1317 715 7904 7904 532 714 7905 7905 533 894 7906 7906 1309 1277 7907 7907 1318 5 7908 7908 509 863 7909 7909 530 892 7910 7910 1318 5 7911 7911 508 7 7912 7912 509 863 7913 7913 530 892 7914 7914 834 862 7915 7915 531 893 7916 7916 530 892 7917 7917 509 863 7918 7918 834 862 7919 7919 1365 1532 7920 7920 237 434 7921 7921 1361 436 7922 7922 1365 1532 7923 7923 1364 1018 7924 7924 237 434 7925 7925 1319 609 7926 7926 1413 611 7927 7927 344 610 7928 7928 1319 609 7929 7929 1122 1477 7930 7930 1413 611 7931 7931 827 1142 7932 7932 710 1140 7933 7933 711 1141 7934 7934 827 1142 7935 7935 1385 1439 7936 7936 710 1140 7937 7937 341 607 7938 7938 1320 605 7939 7939 709 1139 7940 7940 341 607 7941 7941 340 606 7942 7942 1320 605 7943 7943 1123 1478 7944 7944 1321 1311 7945 7945 865 1312 7946 7946 1123 1478 7947 7947 1130 1484 7948 7948 1321 1311 7949 7949 1123 1478 7950 7950 1413 611 7951 7951 1122 1477 7952 7952 1123 1478 7953 7953 865 1312 7954 7954 1413 611 7955 7955 459 786 7956 7956 1321 1311 7957 7957 1130 1484 7958 7958 459 786 7959 7959 461 787 7960 7960 1321 1311 7961 7961 1321 1311 7962 7962 1323 635 7963 7963 1322 1310 7964 7964 1321 1311 7965 7965 461 787 7966 7966 1323 635 7967 7967 1324 1355 7968 7968 1325 1287 7969 7969 931 1284 7970 7970 1324 1355 7971 7971 459 786 7972 7972 1325 1287 7973 7973 1327 82 7974 7974 44 78 7975 7975 660 1067 7976 7976 1327 82 7977 7977 1326 80 7978 7978 44 78 7979 7979 1031 913 7980 7980 1025 922 7981 7981 1328 1424 7982 7982 1031 913 7983 7983 1024 1420 7984 7984 1025 922 7985 7985 236 431 7986 7986 1022 427 7987 7987 1023 1419 7988 7988 236 431 7989 7989 1329 429 7990 7990 1022 427 7991 7991 1330 103 7992 7992 1331 1531 7993 7993 1416 1320 7994 7994 1330 103 7995 7995 56 105 7996 7996 1331 1531 7997 7997 389 678 7998 7998 1332 705 7999 7999 1030 1423 8000 8000 389 678 8001 8001 1333 1427 8002 8002 1332 705 8003 8003 353 629 8004 8004 915 645 8005 8005 366 644 8006 8006 353 629 8007 8007 918 1302 8008 8008 915 645 8009 8009 863 1308 8010 8010 939 1367 8011 8011 1079 1390 8012 8012 863 1308 8013 8013 903 1309 8014 8014 939 1367 8015 8015 754 1191 8016 8016 863 1308 8017 8017 1079 1390 8018 8018 754 1191 8019 8019 755 1193 8020 8020 863 1308 8021 8021 1334 667 8022 8022 131 230 8023 8023 130 226 8024 8024 1334 667 8025 8025 328 591 8026 8026 131 230 8027 8027 130 226 8028 8028 382 666 8029 8029 1334 667 8030 8030 130 226 8031 8031 1335 1254 8032 8032 382 666 8033 8033 382 666 8034 8034 1337 664 8035 8035 1336 665 8036 8036 382 666 8037 8037 1338 1494 8038 8038 1337 664 8039 8039 1339 1435 8040 8040 382 666 8041 8041 1335 1254 8042 8042 1339 1435 8043 8043 1338 1494 8044 8044 382 666 8045 8045 1340 1147 8046 8046 819 1268 8047 8047 783 1224 8048 8048 1340 1147 8049 8049 1001 1146 8050 8050 819 1268 8051 8051 784 1223 8052 8052 977 1358 8053 8053 1484 1389 8054 8054 784 1223 8055 8055 1341 1356 8056 8056 977 1358 8057 8057 171 301 8058 8058 359 305 8059 8059 1342 636 8060 8060 171 301 8061 8061 172 303 8062 8062 359 305 8063 8063 144 255 8064 8064 1343 251 8065 8065 143 253 8066 8066 144 255 8067 8067 909 1345 8068 8068 1343 251 8069 8069 703 1128 8070 8070 144 255 8071 8071 1344 1129 8072 8072 703 1128 8073 8073 909 1345 8074 8074 144 255 8075 8075 1345 289 8076 8076 166 293 8077 8077 440 755 8078 8078 1345 289 8079 8079 165 291 8080 8080 166 293 8081 8081 631 292 8082 8082 1346 296 8083 8083 167 294 8084 8084 631 292 8085 8085 630 1042 8086 8086 1346 296 8087 8087 636 286 8088 8088 164 290 8089 8089 163 288 8090 8090 636 286 8091 8091 634 1044 8092 8092 164 290 8093 8093 443 760 8094 8094 460 762 8095 8095 458 785 8096 8096 443 760 8097 8097 445 761 8098 8098 460 762 8099 8099 1347 295 8100 8100 170 299 8101 8101 444 759 8102 8102 1347 295 8103 8103 168 297 8104 8104 170 299 8105 8105 439 756 8106 8106 442 758 8107 8107 1348 781 8108 8108 439 756 8109 8109 441 757 8110 8110 442 758 8111 8111 741 1181 8112 8112 990 1071 8113 8113 991 1400 8114 8114 741 1181 8115 8115 1118 1474 8116 8116 990 1071 8117 8117 665 1069 8118 8118 1349 1520 8119 8119 1231 1183 8120 8120 665 1069 8121 8121 664 395 8122 8122 1349 1520 8123 8123 961 410 8124 8124 756 1192 8125 8125 1350 1376 8126 8126 961 410 8127 8127 876 1323 8128 8128 756 1192 8129 8129 794 401 8130 8130 1351 405 8131 8131 224 403 8132 8132 794 401 8133 8133 795 1241 8134 8134 1351 405 8135 8135 1352 1244 8136 8136 863 1308 8137 8137 755 1193 8138 8138 1352 1244 8139 8139 1353 1306 8140 8140 863 1308 8141 8141 1354 1318 8142 8142 1172 441 8143 8143 238 437 8144 8144 1354 1318 8145 8145 1373 1405 8146 8146 1172 441 8147 8147 1356 1153 8148 8148 844 1289 8149 8149 561 938 8150 8150 1356 1153 8151 8151 1355 1155 8152 8152 844 1289 8153 8153 181 320 8154 8154 184 324 8155 8155 430 738 8156 8156 181 320 8157 8157 182 322 8158 8158 184 324 8159 8159 262 317 8160 8160 183 321 8161 8161 180 319 8162 8162 262 317 8163 8163 260 472 8164 8164 183 321 8165 8165 238 437 8166 8166 1357 177 8167 8167 873 1316 8168 8168 238 437 8169 8169 969 439 8170 8170 1357 177 8171 8171 1437 1084 8172 8172 675 1081 8173 8173 676 1082 8174 8174 1437 1084 8175 8175 1250 1111 8176 8176 675 1081 8177 8177 675 1081 8178 8178 1529 1110 8179 8179 870 1315 8180 8180 675 1081 8181 8181 1250 1111 8182 8182 1529 1110 8183 8183 253 329 8184 8184 190 333 8185 8185 188 331 8186 8186 253 329 8187 8187 1358 464 8188 8188 190 333 8189 8189 429 326 8190 8190 425 330 8191 8191 427 734 8192 8192 429 326 8193 8193 186 328 8194 8194 425 330 8195 8195 187 332 8196 8196 220 336 8197 8197 1359 730 8198 8198 187 332 8199 8199 189 334 8200 8200 220 336 8201 8201 467 471 8202 8202 258 469 8203 8203 259 470 8204 8204 467 471 8205 8205 465 795 8206 8206 258 469 8207 8207 257 323 8208 8208 185 327 8209 8209 1360 325 8210 8210 257 323 8211 8211 256 468 8212 8212 185 327 8213 8213 255 467 8214 8214 252 465 8215 8215 254 466 8216 8216 255 467 8217 8217 463 791 8218 8218 252 465 8219 8219 625 794 8220 8220 628 792 8221 8221 464 793 8222 8222 625 794 8223 8223 627 1039 8224 8224 628 792 8225 8225 1362 1333 8226 8226 1361 436 8227 8227 892 1332 8228 8228 1362 1333 8229 8229 1367 1533 8230 8230 1361 436 8231 8231 1364 1018 8232 8232 1366 1014 8233 8233 1363 1016 8234 8234 1364 1018 8235 8235 1365 1532 8236 8236 1366 1014 8237 8237 1361 436 8238 8238 1366 1014 8239 8239 1365 1532 8240 8240 1361 436 8241 8241 1367 1533 8242 8242 1366 1014 8243 8243 1367 1533 8244 8244 615 1012 8245 8245 1366 1014 8246 8246 1367 1533 8247 8247 1362 1333 8248 8248 615 1012 8249 8249 773 1213 8250 8250 1369 1001 8251 8251 770 1211 8252 8252 773 1213 8253 8253 1368 1534 8254 8254 1369 1001 8255 8255 1369 1001 8256 8256 1372 997 8257 8257 603 999 8258 8258 1369 1001 8259 8259 1368 1534 8260 8260 1372 997 8261 8261 160 283 8262 8262 984 1397 8263 8263 1370 1398 8264 8264 160 283 8265 8265 1371 1535 8266 8266 984 1397 8267 8267 1380 1536 8268 8268 984 1397 8269 8269 1371 1535 8270 8270 1380 1536 8271 8271 1382 1537 8272 8272 984 1397 8273 8273 984 1397 8274 8274 124 220 8275 8275 492 839 8276 8276 984 1397 8277 8277 1382 1537 8278 8278 124 220 8279 8279 1373 1405 8280 8280 1372 997 8281 8281 1368 1534 8282 8282 1373 1405 8283 8283 999 1406 8284 8284 1372 997 8285 8285 773 1213 8286 8286 1373 1405 8287 8287 1368 1534 8288 8288 773 1213 8289 8289 1374 1497 8290 8290 1373 1405 8291 8291 1431 1123 8292 8292 1473 1167 8293 8293 1430 587 8294 8294 1431 1123 8295 8295 698 1122 8296 8296 1473 1167 8297 8297 1362 1333 8298 8298 1152 1000 8299 8299 1180 1500 8300 8300 1362 1333 8301 8301 1151 1334 8302 8302 1152 1000 8303 8303 1376 1170 8304 8304 771 1210 8305 8305 1375 1002 8306 8306 1376 1170 8307 8307 1144 1171 8308 8308 771 1210 8309 8309 571 954 8310 8310 1202 1328 8311 8311 883 1327 8312 8312 571 954 8313 8313 1377 764 8314 8314 1202 1328 8315 8315 1378 1056 8316 8316 1473 1167 8317 8317 698 1122 8318 8318 1378 1056 8319 8319 730 1055 8320 8320 1473 1167 8321 8321 1381 222 8322 8322 1380 1536 8323 8323 1379 778 8324 8324 1381 222 8325 8325 1382 1537 8326 8326 1380 1536 8327 8327 124 220 8328 8328 1381 222 8329 8329 126 221 8330 8330 124 220 8331 8331 1382 1537 8332 8332 1381 222 8333 8333 162 287 8334 8334 1380 1536 8335 8335 1371 1535 8336 8336 162 287 8337 8337 438 753 8338 8338 1380 1536 8339 8339 1380 1536 8340 8340 1383 754 8341 8341 1379 778 8342 8342 1380 1536 8343 8343 438 753 8344 8344 1383 754 8345 8345 1385 1439 8346 8346 1384 199 8347 8347 1062 201 8348 8348 1385 1439 8349 8349 827 1142 8350 8350 1384 199 8351 8351 455 780 8352 8352 1387 1285 8353 8353 1386 1131 8354 8354 455 780 8355 8355 1487 782 8356 8356 1387 1285 8357 8357 162 287 8358 8358 160 283 8359 8359 161 285 8360 8360 162 287 8361 8361 1371 1535 8362 8362 160 283 8363 8363 1127 1481 8364 8364 1445 1253 8365 8365 808 1252 8366 8366 1127 1481 8367 8367 854 1020 8368 8368 1445 1253 8369 8369 855 1299 8370 8370 619 1024 8371 8371 854 1020 8372 8372 855 1299 8373 8373 1143 1297 8374 8374 619 1024 8375 8375 179 315 8376 8376 178 313 8377 8377 1268 311 8378 8378 525 724 8379 8379 420 726 8380 8380 524 888 8381 8381 416 718 8382 8382 532 714 8383 8383 1388 716 8384 8384 834 862 8385 8385 1390 861 8386 8386 1389 860 8387 8387 1391 879 8388 8388 776 1216 8389 8389 777 877 8390 8390 1255 575 8391 8391 1267 475 8392 8392 264 476 8393 8393 1392 448 8394 8394 1415 444 8395 8395 241 446 8396 8396 416 718 8397 8397 528 720 8398 8398 529 891 8399 8399 867 342 8400 8400 1082 344 8401 8401 1393 1453 8402 8402 1394 345 8403 8403 207 368 8404 8404 208 347 8405 8405 192 338 8406 8406 866 1313 8407 8407 868 1274 8408 8408 1236 113 8409 8409 1133 1485 8410 8410 1242 1486 8411 8411 552 926 8412 8412 553 928 8413 8413 1239 929 8414 8414 13 31 8415 8415 518 875 8416 8416 777 877 8417 8417 1240 1479 8418 8418 1183 1501 8419 8419 1242 1486 8420 8420 1397 1179 8421 8421 1396 1437 8422 8422 1395 1116 8423 8423 339 424 8424 8424 342 608 8425 8425 343 422 8426 8426 482 266 8427 8427 151 265 8428 8428 481 264 8429 8429 639 688 8430 8430 400 692 8431 8431 399 690 8432 8432 345 418 8433 8433 1398 420 8434 8434 343 422 8435 8435 555 821 8436 8436 1400 823 8437 8437 1399 822 8438 8438 1401 360 8439 8439 1021 362 8440 8440 1402 1499 8441 8441 557 538 8442 8442 737 1176 8443 8443 738 933 8444 8444 708 1136 8445 8445 710 1140 8446 8446 1061 1440 8447 8447 339 424 8448 8448 234 426 8449 8449 338 428 8450 8450 1021 362 8451 8451 1255 575 8452 8452 1402 1499 8453 8453 555 821 8454 8454 479 536 8455 8455 556 934 8456 8456 345 418 8457 8457 346 612 8458 8458 347 416 8459 8459 740 931 8460 8460 1403 932 8461 8461 738 933 8462 8462 402 421 8463 8463 1056 419 8464 8464 1404 1436 8465 8465 483 825 8466 8466 1400 823 8467 8467 554 930 8468 8468 348 412 8469 8469 229 414 8470 8470 347 416 8471 8471 1405 613 8472 8472 864 615 8473 8473 349 614 8474 8474 1407 545 8475 8475 699 1125 8476 8476 1406 547 8477 8477 1053 542 8478 8478 297 544 8479 8479 1408 1434 8480 8480 350 617 8481 8481 1410 619 8482 8482 1409 621 8483 8483 1123 1478 8484 8484 707 1137 8485 8485 1129 1288 8486 8486 1411 169 8487 8487 1417 167 8488 8488 157 275 8489 8489 707 1137 8490 8490 706 1135 8491 8491 843 1133 8492 8492 203 363 8493 8493 1412 380 8494 8494 1519 365 8495 8495 1392 448 8496 8496 243 450 8497 8497 607 1008 8498 8498 1405 613 8499 8499 1413 611 8500 8500 865 1312 8501 8501 1194 377 8502 8502 212 375 8503 8503 1012 1412 8504 8504 611 886 8505 8505 1013 1414 8506 8506 612 850 8507 8507 240 442 8508 8508 1415 444 8509 8509 1414 1009 8510 8510 457 784 8511 8511 459 786 8512 8512 1324 1355 8513 8513 1416 1320 8514 8514 1331 1531 8515 8515 1315 1482 8516 8516 789 1232 8517 8517 1039 160 8518 8518 1040 1428 8519 8519 90 163 8520 8520 1417 167 8521 8521 92 165 8522 8522 482 266 8523 8523 1418 824 8524 8524 153 268 8525 8525 1419 917 8526 8526 1033 908 8527 8527 1035 1425 8528 8528 211 357 8529 8529 1420 355 8530 8530 198 353 8531 8531 547 698 8532 8532 548 923 8533 8533 550 696 8534 8534 1427 157 8535 8535 1421 155 8536 8536 152 267 8537 8537 547 698 8538 8538 1422 700 8539 8539 406 702 8540 8540 483 825 8541 8541 551 827 8542 8542 485 826 8543 8543 484 270 8544 8544 154 269 8545 8545 153 268 8546 8546 408 704 8547 8547 545 919 8548 8548 406 702 8549 8549 90 163 8550 8550 1423 161 8551 8551 155 271 8552 8552 1029 701 8553 8553 1424 699 8554 8554 1028 1422 8555 8555 1027 672 8556 8556 1425 674 8557 8557 388 676 8558 8558 324 588 8559 8559 325 433 8560 8560 544 916 8561 8561 484 270 8562 8562 1426 828 8563 8563 1235 272 8564 8564 203 363 8565 8565 202 361 8566 8566 214 359 8567 8567 1427 157 8568 8568 1423 161 8569 8569 88 159 8570 8570 233 425 8571 8571 403 694 8572 8572 550 696 8573 8573 499 847 8574 8574 498 845 8575 8575 1010 1410 8576 8576 1428 430 8577 8577 337 604 8578 8578 338 428 8579 8579 320 582 8580 8580 317 578 8581 8581 319 580 8582 8582 694 579 8583 8583 695 1119 8584 8584 696 581 8585 8585 320 582 8586 8586 1429 584 8587 8587 541 912 8588 8588 1432 585 8589 8589 1431 1123 8590 8590 1430 587 8591 8591 324 588 8592 8592 1429 584 8593 8593 322 586 8594 8594 1432 585 8595 8595 321 583 8596 8596 696 581 8597 8597 1296 1120 8598 8598 698 1122 8599 8599 697 1121 8600 8600 1117 981 8601 8601 587 979 8602 8602 1015 1415 8603 8603 1433 151 8604 8604 1421 155 8605 8605 85 153 8606 8606 86 154 8607 8607 1008 1409 8608 8608 84 152 8609 8609 1443 81 8610 8610 1434 751 8611 8611 1139 79 8612 8612 950 158 8613 8613 790 1233 8614 8614 805 1231 8615 8615 82 148 8616 8616 1042 1430 8617 8617 81 146 8618 8618 1119 1040 8619 8619 1513 1529 8620 8620 1092 1458 8621 8621 1440 482 8622 8622 513 486 8623 8623 1435 484 8624 8624 1436 99 8625 8625 1019 1416 8626 8626 1020 97 8627 8627 1098 1086 8628 8628 1097 1463 8629 8629 1437 1084 8630 8630 911 479 8631 8631 1045 1431 8632 8632 1438 257 8633 8633 299 551 8634 8634 1203 1127 8635 8635 301 553 8636 8636 52 93 8637 8637 431 743 8638 8638 51 91 8639 8639 1440 482 8640 8640 1439 480 8641 8641 510 866 8642 8642 1433 151 8643 8643 149 149 8644 8644 150 263 8645 8645 390 94 8646 8646 1441 679 8647 8647 1046 1432 8648 8648 47 87 8649 8649 49 89 8650 8650 51 91 8651 8651 291 262 8652 8652 480 820 8653 8653 481 264 8654 8654 80 145 8655 8655 149 149 8656 8656 83 147 8657 8657 435 748 8658 8658 434 746 8659 8659 851 1294 8660 8660 47 87 8661 8661 433 747 8662 8662 1442 85 8663 8663 435 748 8664 8664 437 750 8665 8665 436 749 8666 8666 1443 81 8667 8667 46 83 8668 8668 1442 85 8669 8669 80 145 8670 8670 145 143 8671 8671 146 259 8672 8672 956 1006 8673 8673 1068 1444 8674 8674 606 727 8675 8675 76 136 8676 8676 77 138 8677 8677 1223 140 8678 8678 1050 741 8679 8679 954 1005 8680 8680 1048 1433 8681 8681 525 724 8682 8682 528 720 8683 8683 1444 722 8684 8684 1339 1435 8685 8685 1335 1254 8686 8686 1445 1253 8687 8687 363 623 8688 8688 361 640 8689 8689 1409 621 8690 8690 849 1030 8691 8691 1064 1028 8692 8692 1446 1442 8693 8693 476 626 8694 8694 351 624 8695 8695 474 813 8696 8696 807 280 8697 8697 809 227 8698 8698 948 1372 8699 8699 353 629 8700 8700 355 631 8701 8701 857 633 8702 8702 25 20 8703 8703 1447 18 8704 8704 6 16 8705 8705 353 629 8706 8706 366 644 8707 8707 364 627 8708 8708 476 626 8709 8709 354 630 8710 8710 1448 628 8711 8711 363 623 8712 8712 352 625 8713 8713 364 627 8714 8714 121 214 8715 8715 120 213 8716 8716 488 212 8717 8717 387 675 8718 8718 1074 673 8719 8719 1075 1450 8720 8720 487 832 8721 8721 1450 834 8722 8722 1449 833 8723 8723 58 108 8724 8724 1076 106 8725 8725 1078 1451 8726 8726 356 632 8727 8727 354 630 8728 8728 1451 817 8729 8729 356 632 8730 8730 477 102 8731 8731 357 634 8732 8732 1452 100 8733 8733 856 1300 8734 8734 857 633 8735 8735 1453 937 8736 8736 670 1074 8737 8737 671 1076 8738 8738 754 1191 8739 8739 1080 1452 8740 8740 753 811 8741 8741 487 832 8742 8742 1454 829 8743 8743 811 1257 8744 8744 211 357 8745 8745 213 376 8746 8746 214 359 8747 8747 267 488 8748 8748 513 486 8749 8749 514 870 8750 8750 810 1078 8751 8751 1455 1256 8752 8752 671 1076 8753 8753 1456 814 8754 8754 964 1379 8755 8755 965 1381 8756 8756 1355 1155 8757 8757 1187 1157 8758 8758 847 1291 8759 8759 966 1378 8760 8760 1458 1454 8761 8761 1457 816 8762 8762 563 941 8763 8763 1065 943 8764 8764 1094 1459 8765 8765 817 1265 8766 8766 939 1367 8767 8767 1459 1368 8768 8768 902 1339 8769 8769 1232 1521 8770 8770 1460 895 8771 8771 1463 869 8772 8772 1462 1446 8773 8773 1461 871 8774 8774 971 1385 8775 8775 972 1387 8776 8776 216 381 8777 8777 561 938 8778 8778 844 1289 8779 8779 845 940 8780 8780 1386 1131 8781 8781 842 1286 8782 8782 843 1133 8783 8783 1465 236 8784 8784 326 234 8785 8785 1464 499 8786 8786 328 591 8787 8787 1471 593 8788 8788 329 592 8789 8789 1381 222 8790 8790 1379 778 8791 8791 1168 224 8792 8792 1166 204 8793 8793 127 202 8794 8794 128 223 8795 8795 1384 199 8796 8796 827 1142 8797 8797 919 1348 8798 8798 109 198 8799 8799 127 202 8800 8800 110 200 8801 8801 331 513 8802 8802 1109 1469 8803 8803 330 497 8804 8804 121 214 8805 8805 489 835 8806 8806 490 216 8807 8807 104 192 8808 8808 119 190 8809 8809 1466 215 8810 8810 284 520 8811 8811 368 648 8812 8812 369 522 8813 8813 285 523 8814 8814 283 519 8815 8815 1467 521 8816 8816 336 599 8817 8817 334 597 8818 8818 378 659 8819 8819 332 594 8820 8820 334 597 8821 8821 333 595 8822 8822 123 218 8823 8823 122 217 8824 8824 490 216 8825 8825 109 198 8826 8826 1468 196 8827 8827 125 219 8828 8828 1002 596 8829 8829 1003 1408 8830 8830 1005 512 8831 8831 336 599 8832 8832 177 312 8833 8833 1469 601 8834 8834 797 1100 8835 8835 798 1246 8836 8836 799 1098 8837 8837 800 117 8838 8838 1470 1096 8839 8839 799 1098 8840 8840 332 594 8841 8841 1471 593 8842 8842 381 663 8843 8843 123 218 8844 8844 492 839 8845 8845 124 220 8846 8846 678 1090 8847 8847 64 119 8848 8848 801 1247 8849 8849 104 192 8850 8850 1468 196 8851 8851 107 194 8852 8852 1472 660 8853 8853 1000 1407 8854 8854 1174 658 8855 8855 730 1055 8856 8856 729 1169 8857 8857 1473 1167 8858 8858 728 1168 8859 8859 726 590 8860 8860 727 1166 8861 8861 8 26 8862 8862 31 61 8863 8863 32 28 8864 8864 141 248 8865 8865 277 252 8866 8866 142 250 8867 8867 1172 441 8868 8868 1373 1405 8869 8869 1374 1497 8870 8870 99 186 8871 8871 119 190 8872 8872 100 188 8873 8873 173 302 8874 8874 1474 1344 8875 8875 1069 304 8876 8876 8 26 8877 8877 1475 24 8878 8878 1481 22 8879 8879 650 1062 8880 8880 837 1282 8881 8881 890 1281 8882 8882 1165 379 8883 8883 1164 1445 8884 8884 1476 1447 8885 8885 272 242 8886 8886 137 240 8887 8887 1477 503 8888 8888 271 502 8889 8889 410 708 8890 8890 1478 504 8891 8891 272 242 8892 8892 273 246 8893 8893 138 244 8894 8894 275 506 8895 8895 1480 710 8896 8896 1479 508 8897 8897 141 248 8898 8898 273 246 8899 8899 276 507 8900 8900 275 506 8901 8901 274 505 8902 8902 1478 504 8903 8903 285 523 8904 8904 1494 525 8905 8905 411 709 8906 8906 25 20 8907 8907 27 57 8908 8908 1481 22 8909 8909 102 189 8910 8910 1105 1467 8911 8911 101 187 8912 8912 615 1012 8913 8913 613 998 8914 8914 1482 1010 8915 8915 633 233 8916 8916 635 1045 8917 8917 1483 231 8918 8918 7 25 8919 8919 400 692 8920 8920 641 1050 8921 8921 136 239 8922 8922 632 1043 8923 8923 134 237 8924 8924 1465 236 8925 8925 137 240 8926 8926 135 238 8927 8927 784 1223 8928 8928 1484 1389 8929 8929 786 1227 8930 8930 633 233 8931 8931 133 235 8932 8932 134 237 8933 8933 1485 1025 8934 8934 788 1229 8935 8935 786 1227 8936 8936 578 555 8937 8937 303 557 8938 8938 577 559 8939 8939 70 125 8940 8940 1486 1194 8941 8941 758 1196 8942 8942 457 784 8943 8943 1487 782 8944 8944 456 783 8945 8945 598 183 8946 8946 993 1402 8947 8947 1488 181 8948 8948 99 186 8949 8949 116 184 8950 8950 118 211 8951 8951 639 688 8952 8952 396 686 8953 8953 638 1046 8954 8954 12 32 8955 8955 11 30 8956 8956 32 28 8957 8957 669 900 8958 8958 1500 902 8959 8959 668 1072 8960 8960 990 1071 8961 8961 1118 1474 8962 8962 1016 1073 8963 8963 538 906 8964 8964 663 399 8965 8965 666 1068 8966 8966 117 210 8967 8967 486 831 8968 8968 488 212 8969 8969 745 393 8970 8970 1349 1520 8971 8971 664 395 8972 8972 287 529 8973 8973 412 531 8974 8974 1489 711 8975 8975 278 510 8976 8976 1490 509 8977 8977 1479 508 8978 8978 289 532 8979 8979 375 656 8980 8980 376 402 8981 8981 1491 404 8982 8982 412 531 8983 8983 290 533 8984 8984 289 532 8985 8985 288 530 8986 8986 1495 528 8987 8987 1492 180 8988 8988 116 184 8989 8989 98 182 8990 8990 1492 180 8991 8991 112 178 8992 8992 114 207 8993 8993 222 398 8994 8994 880 655 8995 8995 988 1399 8996 8996 287 529 8997 8997 1494 525 8998 8998 1493 527 8999 8999 286 526 9000 9000 372 652 9001 9001 1495 528 9002 9002 1496 171 9003 9003 94 173 9004 9004 95 175 9005 9005 1273 494 9006 9006 516 492 9007 9007 1497 874 9008 9008 1499 254 9009 9009 277 252 9010 9010 1498 511 9011 9011 278 510 9012 9012 413 712 9013 9013 414 408 9014 9014 538 906 9015 9015 1500 902 9016 9016 537 904 9017 9017 1357 177 9018 9018 969 439 9019 9019 95 175 9020 9020 574 561 9021 9021 575 961 9022 9022 577 559 9023 9023 240 442 9024 9024 968 438 9025 9025 239 440 9026 9026 678 1090 9027 9027 682 1094 9028 9028 680 1092 9029 9029 574 561 9030 9030 306 563 9031 9031 307 565 9032 9032 68 123 9033 9033 992 121 9034 9034 1501 1401 9035 9035 899 903 9036 9036 1502 1471 9037 9037 1113 905 9038 9038 759 1198 9039 9039 1503 1240 9040 9040 758 1196 9041 9041 299 551 9042 9042 1504 549 9043 9043 1406 547 9044 9044 649 1058 9045 9045 1505 1054 9046 9046 1297 1363 9047 9047 1059 314 9048 9048 1060 1438 9049 9049 1506 600 9050 9050 1509 805 9051 9051 1288 803 9052 9052 1289 1489 9053 9053 1278 772 9054 9054 1282 770 9055 9055 1507 1530 9056 9056 645 739 9057 9057 886 737 9058 9058 982 1395 9059 9059 286 526 9060 9060 1508 524 9061 9061 369 522 9062 9062 1509 805 9063 9063 779 809 9064 9064 473 807 9065 9065 576 962 9066 9066 1256 960 9067 9067 1285 1032 9068 9068 197 351 9069 9069 1510 372 9070 9070 198 353 9071 9071 591 373 9072 9072 1511 371 9073 9073 980 1392 9074 9074 12 32 9075 9075 35 65 9076 9076 1512 34 9077 9077 16 38 9078 9078 38 69 9079 9079 41 40 9080 9080 1112 570 9081 9081 1110 568 9082 9082 1111 1470 9083 9083 626 1038 9084 9084 1513 1529 9085 9085 1119 1040 9086 9086 5 17 9087 9087 1514 19 9088 9088 504 855 9089 9089 113 205 9090 9090 1188 1502 9091 9091 115 208 9092 9092 1515 567 9093 9093 572 957 9094 9094 307 565 9095 9095 1516 1279 9096 9096 831 1273 9097 9097 1189 1503 9098 9098 582 969 9099 9099 764 971 9100 9100 1517 1462 9101 9101 840 1283 9102 9102 838 174 9103 9103 1190 1504 9104 9104 934 1107 9105 9105 1518 1109 9106 9106 1100 1464 9107 9107 105 193 9108 9108 1191 1505 9109 9109 616 1015 9110 9110 43 44 9111 9111 1087 73 9112 9112 936 46 9113 9113 1193 1059 9114 9114 1192 1506 9115 9115 771 1210 9116 9116 1088 1104 9117 9117 935 1360 9118 9118 936 46 9119 9119 656 802 9120 9120 472 804 9121 9121 792 806 9122 9122 1095 1065 9123 9123 1096 1460 9124 9124 654 853 9125 9125 621 383 9126 9126 1156 1034 9127 9127 1519 365 9128 9128 1520 11 9129 9129 508 7 9130 9130 2 9 9131 9131 1522 485 9132 9132 1521 1507 9133 9133 912 483 9134 9134 1523 8 9135 9135 21 49 9136 9136 22 10 9137 9137 717 477 9138 9138 78 139 9139 9139 1196 1508 9140 9140 1520 11 9141 9141 1527 13 9142 9142 1524 859 9143 9143 963 562 9144 9144 1525 348 9145 9145 1198 1509 9146 9146 507 858 9147 9147 833 1276 9148 9148 1389 860 9149 9149 24 14 9150 9150 1526 53 9151 9151 6 16 9152 9152 5 17 9153 9153 1527 13 9154 9154 4 15 9155 9155 24 14 9156 9156 3 12 9157 9157 22 10 9158 9158 1204 1201 9159 9159 793 1238 9160 9160 1206 1510 9161 9161 517 35 9162 9162 493 37 9163 9163 997 1404 9164 9164 395 685 9165 9165 1207 1511 9166 9166 608 683 9167 9167 685 1103 9168 9168 835 1278 9169 9169 686 1106 9170 9170 393 454 9171 9171 248 456 9172 9172 1528 1512 9173 9173 1529 1110 9174 9174 687 1108 9175 9175 686 1106 9176 9176 18 41 9177 9177 1149 43 9178 9178 1209 1513 9179 9179 206 366 9180 9180 945 966 9181 9181 1530 1456 9182 9182 1212 1174 9183 9183 1211 1514 9184 9184 1531 1295 9185 9185 16 38 9186 9186 15 36 9187 9187 1512 34 9188 9188 230 411 9189 9189 1532 641 9190 9190 1213 1515 9191 9191 43 44 9192 9192 19 42 9193 9193 41 40 9194 9194 1534 616 9195 9195 962 1130 9196 9196 1533 1516 9197 9197 267 488 9198 9198 516 492 9199 9199 269 490 9200 9200 1215 1267 9201 9201 1536 1517 9202 9202 1535 1357 9203 9203 1071 1160 9204 9204 1073 1449 9205 9205 719 864 9206 9206 1346 296 9207 9207 1216 1518 9208 9208 923 298 9209 9209 197 351 9210 9210 196 349 9211 9211 208 347 9212 9212 426 733 9213 9213 373 653 9214 9214 1537 1519 9215 9215</p>
        </triangles>
      </mesh>
    </geometry>
  </library_geometries>
  <library_controllers/>
  <library_visual_scenes>
    <visual_scene id="Scene" name="Scene">
      <node id="Shape_0" name="Shape_0" type="NODE">
        <matrix sid="transform">1 0 0 0 0 -1.62921e-7 -1 0 0 1 -1.62921e-7 0 0 0 0 1</matrix>
        <instance_geometry url="#Shape_0-mesh" name="Shape_0">
          <bind_material>
            <technique_common>
              <instance_material symbol="BaseMat_v-material" target="#BaseMat_v-material"/>
            </technique_common>
          </bind_material>
        </instance_geometry>
      </node>
    </visual_scene>
  </library_visual_scenes>
  <scene>
    <instance_visual_scene url="#Scene"/>
  </scene>
</COLLADA>