<?xml version="1.0"?>
<COLLADA xmlns="http://www.collada.org/2005/11/COLLADASchema" version="1.4.1">
    <asset>
        <contributor>
            <authoring_tool>J3D Ripoff Exporter</authoring_tool>
        </contributor>
        <created>2023-11-06T19:22:55.055Z</created>
        <modified>2023-11-06T19:22:55.055Z</modified>
		<unit meter="0.01" name="centimeter" ></unit>
        <up_axis>Y_UP</up_axis>
    </asset>
    <library_images>
        <image id="tex0">
            <init_from>grnd03L2.png</init_from>
        </image>
        <image id="tex_vc">
            <init_from>vertexColors.png</init_from>
        </image>
    </library_images>
    <library_effects>
        <effect id="effect0">
            <profile_COMMON>
                <newparam sid="surface0">
                    <surface type="2D">
                        <init_from>tex0</init_from>
                    </surface>
                </newparam>
                <newparam sid="sampler0">
                    <sampler2D>
                        <source>surface0</source>
                    </sampler2D>
                </newparam>
                <technique sid="COMMON">
                    <blinn>
                        <diffuse>
                            <texture texture="sampler0" texcoord="UVSET0"></texture>
                        </diffuse>
                    </blinn>
                </technique>
            </profile_COMMON>
        </effect>
        <effect id="effect_vc">
            <profile_COMMON>
                <newparam sid="surface_vc">
                    <surface type="2D">
                        <init_from>tex_vc</init_from>
                    </surface>
                </newparam>
                <newparam sid="sampler_vc">
                    <sampler2D>
                        <source>surface_vc</source>
                    </sampler2D>
                </newparam>
                <technique sid="COMMON">
                    <blinn>
                        <diffuse>
                            <texture texture="sampler_vc" texcoord="UVSET0"></texture>
                        </diffuse>
                    </blinn>
                </technique>
            </profile_COMMON>
        </effect>
    </library_effects>
    <library_materials>
        <material id="mat0" name="BaseMat_v">
            <instance_effect url="#effect0"></instance_effect>
        </material>
        <material id="mat_vc" name="vertexColors">
            <instance_effect url="#effect_vc"></instance_effect>
        </material>
    </library_materials>
    <library_geometries>
        <geometry id="mesh0">
            <mesh>
                <source id="points0">
                    <float_array id="pointarray0" count="4614">23.482421875 15.5625 -16.046875 22.087890625 15.21875 -18.240234375 24.583984375 13.232421875 -16.51171875 22.982421875 13.009765625 -18.873046875 23.716796875 10.66015625 -19.474609375 21.041015625 12.96875 -21.0546875 21.71484375 10.625 -21.73046875 19.4609375 10.66015625 -23.73046875 22.283203125 8.08984375 -22.296875 19.96484375 8.103515625 -24.361328125 20.365234375 5.46484375 -24.8203125 17.451171875 8.201171875 -26.12109375 17.560546875 5.431640625 -26.236328125 15.08984375 5.59375 -28.13671875 17.857421875 2.732421875 -26.630859375 15.294921875 2.796875 -28.46484375 15.390625 -0.0078125 -28.56640625 12.013671875 2.685546875 -28.74609375 12.2578125 -0.02734375 -29.3046875 9.783203125 -0.0078125 -31.6484375 12.169921875 -2.8203125 -29.201171875 9.70703125 -2.986328125 -31.53515625 9.572265625 -5.97265625 -31.166015625 6.509765625 -2.984375 -31.0078125 6.525390625 -6.0703125 -31.798828125 3.515625 -6.1328125 -30.416015625 6.375 -9.044921875 -30.939453125 3.44140625 -9.251953125 -31.53515625 3.23046875 -11.4296875 -29.083984375 0.4609375 -9.328125 -31.6484375 0.525390625 -11.69921875 -29.62109375 -2.31640625 -11.728515625 -29.59375 0.5 -14.4609375 -27.93359375 -2.1953125 -14.27734375 -27.50390625 -2.3125 -17.591796875 -26.931640625 -5.0859375 -14.435546875 -27.755859375 -5.060546875 -17.353515625 -26.625 -7.748046875 -16.998046875 -26.123046875 -5.009765625 -19.91015625 -24.8203125 -7.6484375 -19.509765625 -24.361328125 -7.681640625 -21.96875 -22.412109375 -10.205078125 -19.0078125 -23.73046875 -10.169921875 -21.26171875 -21.73046875 -12.818359375 -21.08203125 -21.560546875 -10.205078125 -23.263671875 -19.474609375 -12.623046875 -22.6484375 -18.96484375 -12.77734375 -24.12890625 -16.51171875 24.34765625 8.103515625 -19.978515625 24.806640625 5.46484375 -20.37890625 22.716796875 5.455078125 -22.73046875 22.99609375 2.740234375 -23.009765625 20.626953125 2.74609375 -25.11328125 20.193359375 0.072265625 -24.49609375 17.998046875 0.00390625 -26.841796875 17.84375 -2.74609375 -26.609375 15.294921875 -2.814453125 -28.46484375 15.08984375 -5.609375 -28.13671875 12.099609375 -5.642578125 -29.041015625 11.78125 -8.369140625 -28.24609375 9.109375 -8.640625 -29.6328125 8.90625 -11.447265625 -28.5234375 5.966796875 -11.21484375 -28.615234375 6.044921875 -14.58203125 -28.048828125 3.203125 -14.54296875 -28.009765625 3.203125 -17.4140625 -26.6796875 0.458984375 -17.666015625 -26.986328125 0.416015625 -20.015625 -24.88671875 -2.291015625 -20.171875 -25.11328125 -2.287109375 -22.541015625 -23.009765625 -5 -22.26171875 -22.73046875 -5.083984375 -24.56640625 -20.5546875 -7.529296875 -23.55078125 -19.705078125 -7.748046875 -25.654296875 -17.466796875 -10.349609375 -24.962890625 -17.03125 -7.6484375 19.494140625 -24.361328125 -5.052734375 19.998046875 -24.95703125 -7.689453125 21.94921875 -22.419921875 -5.212890625 22.9296875 -23.333984375 -5.009765625 24.3359375 -20.37890625 -2.29296875 22.85546875 -23.29296875 -2.28515625 24.5703125 -20.59375 0.4609375 24.728515625 -20.7421875 -2.203125 25.6640625 -17.564453125 0.482421875 26.15625 -17.91015625 0.4609375 28.08203125 -15.404296875 3.236328125 26.447265625 -18.060546875 3.28515625 28.23828125 -15.44140625 6.109375 28.005859375 -15.271484375 3.3203125 29.20703125 -12.451171875 6.171875 28.859375 -12.27734375 6.16796875 29.375 -9.173828125 8.9921875 28.2734375 -12.0390625 9.14453125 29.1796875 -9.158203125 12.025390625 28.2734375 -9.005859375 9.01953125 28.865234375 -5.958984375 12.103515625 28.447265625 -6.05078125 12.13671875 28.65234375 -2.99609375 15.08984375 27.65234375 -6.078125 15.048828125 27.595703125 -3.181640625 18.046875 26.447265625 -3.25 14.783203125 27.400390625 -0.345703125 17.85546875 26.18359375 -0.455078125 17.62890625 25.974609375 2.298828125 20.728515625 24.728515625 -0.474609375 20.337890625 24.291015625 2.251953125 22.99609375 22.525390625 2.2734375 20.0390625 24.0078125 4.9296875 22.716796875 22.24609375 4.986328125 22.283203125 21.8125 7.623046875 25.96484375 20.78125 5.27734375 24.611328125 19.66796875 7.7265625 26.537109375 2.736328125 -17.740234375 24.734375 2.701171875 -20.3515625 24.884765625 -0.0078125 -20.4921875 23.09765625 -0.0078125 -23.111328125 22.99609375 -2.7578125 -23.009765625 19.634765625 -2.521484375 -23.6640625 19.951171875 -5.40625 -24.17578125 17.013671875 -5.31640625 -25.462890625 16.85546875 -8.0625 -25.21875 14.63671875 -8.28125 -27.349609375 14.435546875 -11.03515625 -26.828125 11.7734375 -11.318359375 -27.908203125 11.330078125 -13.78125 -26.435546875 8.796875 -14.32421875 -27.6015625 8.6484375 -16.958984375 -26.05859375 5.986328125 -17.353515625 -26.625 5.763671875 -19.458984375 -24.275390625 3.05078125 -19.490234375 -24.294921875 3.1796875 -22.35546875 -22.81640625 0.4609375 -22.611328125 -23.080078125 0.4609375 -24.744140625 -20.7421875 -2.291015625 -24.64453125 -20.640625 -2.3125 -26.46484375 -18.060546875 -5.060546875 -26.15625 -17.8203125 22.982421875 -13.02734375 17.919921875 23.716796875 -10.67578125 18.5234375 24.583984375 -13.248046875 15.55859375 24.224609375 -10.43359375 15.28515625 26.814453125 -11.03515625 13.49609375 24.83984375 -7.716796875 15.634765625 27.587890625 -8.341796875 13.83984375 28.123046875 -5.609375 14.150390625 28.34375 -8.421875 10.93359375 29.029296875 -5.650390625 11.248046875 29.603515625 -5.642578125 8.08203125 29.439453125 -2.849609375 11.42578125 30.181640625 -2.837890625 8.333984375 30.27734375 -0.015625 8.40234375 32.1953125 -3.03125 5.681640625 32.3125 -0.0078125 5.73828125 32.705078125 -0.0078125 2.619140625 31.96484375 2.96484375 5.6015625 32.583984375 3.046875 2.580078125 32.42578125 6.2265625 2.603515625 32.109375 3.125 -0.384765625 32.3125 6.20703125 -0.474609375 31.984375 6.17578125 -3.474609375 31.455078125 9.22265625 -0.48828125 31.521484375 9.236328125 -3.455078125 28.814453125 11.48828125 -3.248046875 31.150390625 9.1015625 -6.439453125 28.70703125 11.412109375 -6.03515625 27.892578125 11.07421875 -8.728515625 27.853515625 14.48046875 -6.017578125 27.322265625 14.166015625 -8.73046875 26.7578125 17.3828125 -8.80078125 26.814453125 13.96484375 -11.501953125 26.146484375 17.001953125 -11.6015625 24.583984375 16.02734375 -13.716796875 -21.896484375 -12.93359375 -18.7421875 -22.79296875 -10.67578125 -19.474609375 -23.228515625 -13.0078125 -16.2265625 -24.4921875 -10.8203125 -17.03125 -25.888671875 -11.03515625 -14.44921875 -25.18359375 -8.21875 -17.466796875 -26.662109375 -8.341796875 -14.791015625 -27.197265625 -5.609375 -15.103515625 -27.818359375 -8.537109375 -12.0390625 -28.439453125 -5.72265625 -12.291015625 -29.751953125 -5.884765625 -9.45703125 -29.126953125 -2.916015625 -12.623046875 -30.1171875 -2.943359375 -9.591796875 -30.2265625 -0.0078125 -9.666015625 -30.3515625 -2.951171875 -6.4765625 -30.466796875 -0.0078125 -6.533203125 -30.84765625 -0.0078125 -3.49609375 -30.3515625 2.935546875 -6.4765625 -30.73046875 2.970703125 -3.455078125 -30.3515625 5.9921875 -3.419921875 -30.84765625 3.01171875 -0.474609375 -30.466796875 6.048828125 -0.474609375 -30.431640625 6.015625 2.462890625 -29.806640625 9.0703125 -0.474609375 -29.697265625 8.994140625 2.419921875 -28.751953125 11.966796875 2.380859375 -29.337890625 8.859375 5.32421875 -28.40625 11.79296875 5.232421875 -27.765625 11.53515625 8.03515625 -27.171875 14.611328125 5.119140625 -26.662109375 14.306640625 7.857421875 -25.18359375 16.982421875 7.734375 -25.5234375 13.830078125 10.404296875 -24.4921875 16.546875 10.3359375 -23.916015625 16.2109375 12.880859375 -26.96875 -11.318359375 -11.787109375 -27.818359375 -11.5703125 -9.005859375 -28.494140625 -8.615234375 -9.10546875 -28.865234375 -8.7421875 -6.1953125 -29.982421875 -5.9140625 -6.3828125 -30.3515625 -6.0078125 -3.419921875 -30.73046875 -2.986328125 -3.455078125 -31.060546875 -3.0625 -0.50390625 -31.462890625 -0.005859375 -0.517578125 -32.615234375 0.017578125 2.654296875 -31.685546875 3.1171875 2.498046875 -31.869140625 2.984375 5.78125 -31.044921875 6.23046875 5.494140625 -30.65234375 6.107421875 8.751953125 -28.724609375 8.673828125 8.205078125 -27.818359375 8.521484375 11.0859375 -26.330078125 11.064453125 10.529296875 -25.310546875 10.8828125 13.216796875 -24.958984375 13.533203125 13.064453125 -24.650390625 13.78515625 16.20703125 -23.140625 16.06640625 15.50390625 -24.19921875 -8.380859375 19.64453125 -24.35546875 -5.509765625 19.830078125 -21.380859375 -8.056640625 21.349609375 -22.068359375 -5.4609375 22.072265625 -19.47265625 -5.482421875 23.89453125 -21.22265625 -2.666015625 21.19140625 -19.177734375 -2.6796875 23.5625 -19.802734375 -0.0078125 24.259765625 -17.080078125 -2.771484375 25.912109375 -17.21875 -0.0078125 26.08203125 -14.46484375 -0.0078125 27.61328125 -16.966796875 2.73828125 25.74609375 -14.369140625 2.796875 27.51171875 -14.1640625 5.59375 27.18359375 -11.513671875 2.849609375 28.73828125 -11.33984375 5.701171875 28.392578125 -8.404296875 5.79296875 29.32421875 -11.099609375 8.521484375 27.8046875 -8.21875 8.673828125 28.7109375 -8.06640625 11.5546875 27.8046875 -5.337890625 8.859375 29.32421875 -5.24609375 11.79296875 28.392578125 -2.39453125 11.966796875 28.73828125 -4.984375 14.322265625 26.31640625 -2.26171875 14.53515625 26.626953125 -2.3359375 17.9375 26.361328125 0.45703125 14.640625 26.720703125 0.44140625 17.908203125 26.076171875 3.162109375 17.69921875 25.55078125 0.458984375 20.705078125 24.8359375 3.291015625 20.63671875 24.765625 27.89453125 -11.318359375 10.833984375 28.068359375 -11.29296875 7.837890625 28.80078125 -8.3984375 7.853515625 30.94921875 -9.033203125 5.41015625 31.814453125 -6.07421875 5.58984375 32.1953125 -6.16796875 2.546875 32.583984375 -3.064453125 2.580078125 29.453125 -3.25 0.37109375 30.052734375 0.240234375 0.12890625 28.83984375 0.240234375 -2.76953125 30.021484375 3.390625 -3.154296875 30.220703125 3.125 -6.47265625 31.814453125 6.05859375 -6.54296875 31.150390625 5.955078125 -9.5859375 30.51953125 8.916015625 -9.400390625 28.5390625 8.431640625 -11.927734375 27.6796875 11.2109375 -11.701171875 26.814453125 11.017578125 -14.44921875 25.884765625 13.533203125 -14.017578125 -29.16796875 -6.04296875 11.736328125 -30.712890625 -3.08203125 12.33203125 -27.40625 -5.662109375 14.27734375 -27.7109375 -2.84765625 14.517578125 -25.994140625 -2.783203125 17.107421875 -27.916015625 -0.0078125 14.69140625 -26.095703125 -0.0078125 17.205078125 -25.994140625 2.765625 17.107421875 -24.2734375 -0.0078125 19.7890625 -23.892578125 2.7109375 19.46484375 -21.65625 2.67578125 21.65234375 -23.39453125 5.34765625 19.029296875 -21.33984375 5.361328125 21.3828125 -21.34765625 8.0859375 21.333984375 -19.3125 5.435546875 23.7265625 -19.0390625 8.103515625 23.408203125 -16.52734375 8.201171875 25.169921875 -18.00390625 10.326171875 22.08984375 -15.00390625 10.1171875 23.064453125 -15.572265625 13.232421875 23.64453125 -13.509765625 11.017578125 25.875 -13.078125 13.533203125 24.9453125 -10.564453125 13.96484375 25.875 -12.77734375 16.02734375 23.64453125 -10.05078125 16.1875 23.712890625 -10.064453125 18.9375 22.443359375 -7.580078125 16.904296875 24.662109375 -7.712890625 19.720703125 23.615234375 -5.130859375 20.27734375 24.359375 -7.791015625 22.400390625 21.818359375 -5.125 21.8828125 21.884765625 -5.134765625 -26.55859375 17.0390625 -5.1015625 -25.013671875 19.955078125 -2.28125 -26.333984375 17.013671875 -2.25 -24.302734375 19.416015625 0.4609375 -24.564453125 19.64453125 -2.255859375 -22.283203125 21.8203125 0.4609375 -22.642578125 22.158203125 0.4609375 -20.2734375 24.259765625 3.2109375 -22.541015625 22.056640625 3.158203125 -19.931640625 23.8046875 5.7109375 -19.263671875 23.064453125 3.201171875 -17.166015625 25.52734375 5.98046875 -17.32421875 25.646484375 6.275390625 -15.193359375 28.16796875 8.673828125 -16.998046875 25.169921875 9.15625 -14.931640625 27.708984375 11.73828125 -14.279296875 26.287109375 9.24609375 -11.884765625 28.47265625 12.484375 -11.98828125 28.41796875 12.697265625 -8.947265625 29.390625 14.408203125 -11.03515625 25.921875 14.740234375 -8.357421875 26.708984375 17.279296875 -8.142578125 24.923828125 15.08984375 -5.609375 27.18359375 17.4765625 -5.423828125 25.1640625 17.869140625 -2.74609375 25.7109375 19.83203125 -5.3359375 23.12109375 20.41796875 -2.720703125 23.890625 22.787109375 -2.7265625 21.828125 20.537109375 -0.01171875 24.013671875 -16.396484375 -25.501953125 -11.439453125 -17.134765625 -26.580078125 -9.00390625 -13.908203125 -27.142578125 -11.818359375 -14.26953125 -27.9375 -9.076171875 -11.298828125 -28.587890625 -9.365234375 -13.97265625 -26.361328125 -6.396484375 -10.755859375 -26.58203125 -6.822265625 -10.771484375 -26.61328125 -3.322265625 -7.224609375 -26.962890625 -7.123046875 -7.490234375 -27.306640625 -3.494140625 -4.0234375 -28.423828125 -3.556640625 -7.630859375 -27.408203125 -0.35546875 -4.1171875 -28.615234375 -0.431640625 -4.21484375 -28.484375 2.69921875 -2.208984375 -31.52734375 -0.47265625 -2.34765625 -31.62890625 2.580078125 0.42578125 -32.07421875 2.60546875 -2.560546875 -31.740234375 5.681640625 0.4609375 -31.857421875 5.73828125 0.388671875 -29.953125 8.451171875 3.212890625 -29.892578125 5.333984375 3.2734375 -29.330078125 8.28125 6.263671875 -29.80859375 8.390625 3.318359375 -28.982421875 11.4296875 6.1328125 -28.64453125 11.248046875 6.0234375 -27.4921875 14.0546875 8.9921875 -28.2890625 11.0859375 8.796875 -27.1328125 13.83984375 11.48828125 -26.359375 13.49609375 -8.1484375 -29.12109375 -9.609375 -5.501953125 -30.697265625 -9.5859375 -4.646484375 -29.279296875 -6.7890625 -2.560546875 -31.740234375 -6.634765625 -2.298828125 -31.58203125 -3.521484375 0.4609375 -32.25 -3.572265625 0.427734375 -32.125 -0.482421875 3.365234375 -30.83203125 -0.49609375 3.23828125 -30.3671875 2.412109375 6.458984375 -30.80078125 2.46484375 6.369140625 -30.453125 5.4296875 9.48828125 -30.673828125 5.533203125 9.025390625 -28.767578125 8.0859375 11.96484375 -28.14453125 8.0078125 11.7734375 -27.439453125 10.833984375 14.3203125 -26.134765625 10.458984375 14.00390625 -25.4296875 13.064453125 13.703125 -24.12890625 15.55859375 16.41796875 -24.005859375 12.697265625 16.064453125 -23.080078125 15.126953125 18.517578125 -22.126953125 15.0390625 26.611328125 -5.53125 16.869140625 24.568359375 -5.400390625 19.2421875 26.91796875 -2.783203125 17.107421875 25.01171875 -2.75 19.615234375 24.955078125 -0.005859375 19.595703125 23.09765625 -0.0078125 22.158203125 22.947265625 2.73046875 22.015625 19.748046875 2.59375 23 19.81640625 5.3515625 23.205078125 17.6953125 2.7109375 25.443359375 17.759765625 5.50390625 25.6015625 15.06640625 5.580078125 27.134765625 17.40625 8.1796875 25.10546875 14.57421875 8.203125 26.24609375 14.435546875 11.017578125 25.875 11.876953125 8.40625 27.416015625 11.755859375 11.283203125 26.90625 8.9921875 11.5546875 27.8046875 11.244140625 13.662109375 25.228515625 8.427734375 13.837890625 25.412109375 8.302734375 17.0390625 24.208984375 5.8046875 14.18359375 25.876953125 5.9453125 17.607421875 25.580078125 6.08984375 20.408203125 24.513671875 -2.767578125 22.599609375 12.353515625 -5.8515625 23.171875 12.498046875 -2.80078125 24.0390625 9.369140625 -6.01171875 23.927734375 9.1328125 -5.9296875 25.15234375 6.212890625 -9.375 24.62890625 9.361328125 -9.232421875 26.2265625 6.669921875 -11.330078125 28.52734375 8.099609375 -8.537109375 28.703125 4.74609375 -11.630859375 29.580078125 5.37109375 -11.83984375 30.078125 2.46484375 -14.57421875 28.4765625 5.291015625 -14.2890625 28.11328125 2.46875 -16.423828125 25.642578125 2.30859375 -13.896484375 27.353515625 -0.29296875 -16.9296875 26.18359375 -0.45703125 -17.12109375 26.447265625 -3.25 -19.53515625 24.3515625 -0.50390625 -19.423828125 24.265625 -3.1953125 -22.0703125 22.525390625 -3.224609375 -19.439453125 24.3359375 -5.94921875 -21.5 21.958984375 -5.873046875 -20.90625 21.291015625 -8.498046875 -23.21875 19.240234375 -5.890625 -24.189453125 20.12890625 -8.83203125 -25.888671875 17.4296875 -8.912109375 -25.685546875 -5.53125 -17.8203125 -24.126953125 -5.513671875 -20.529296875 -25.994140625 -2.783203125 -18.060546875 -24.197265625 -2.763671875 -20.65625 -24.06640625 -0.0078125 -20.578125 -22.357421875 -2.755859375 -23.294921875 -22.171875 -0.0078125 -23.111328125 -19.802734375 -0.0078125 -25.212890625 -22.0703125 2.740234375 -23.009765625 -19.701171875 2.74609375 -25.11328125 -19.439453125 5.46484375 -24.8203125 -17.12109375 2.765625 -26.931640625 -16.8828125 5.515625 -26.625 -13.90625 5.51171875 -27.615234375 -16.52734375 8.201171875 -26.123046875 -13.755859375 8.283203125 -27.376953125 -13.509765625 11.017578125 -26.828125 -11.013671875 8.44921875 -28.544921875 -10.84765625 11.302734375 -27.908203125 -8.06640625 11.5546875 -28.7578125 -10.564453125 13.96484375 -26.828125 -7.87109375 14.306640625 -27.6015625 -7.748046875 16.982421875 -26.123046875 -5.138671875 14.619140625 -28.13671875 -5.060546875 17.3359375 -26.625 22.513671875 -5.412109375 21.56640625 21.947265625 -8.021484375 21.048828125 19.8125 -8.083984375 23.21484375 19.4609375 -10.67578125 22.779296875 17.017578125 -10.8203125 24.478515625 16.498046875 -13.248046875 23.64453125 13.947265625 -13.49609375 24.873046875 13.703125 -16.04296875 23.64453125 11.275390625 -16.564453125 24.478515625 11.130859375 -19.0078125 22.779296875 8.392578125 -19.0625 22.880859375 8.35546875 -21.2578125 20.896484375 5.748046875 -21.9140625 21.41796875 5.833984375 -24.0625 19.251953125 3.216796875 -24.64453125 19.6875 26.814453125 -13.98046875 10.548828125 27.23828125 -14.166015625 7.7890625 27.521484375 -14.322265625 4.9921875 25.984375 -16.90234375 7.671875 26.2265625 -17.109375 4.962890625 24.853515625 -19.943359375 5.005859375 26.91796875 -17.591796875 2.296875 25.099609375 -20.171875 2.27734375 24.9765625 -20.056640625 -0.462890625 22.99609375 -22.541015625 2.2734375 22.248046875 -21.779296875 -0.4375 20.62890625 -24.62109375 -0.474609375 22.423828125 -21.96484375 -3.166015625 20.623046875 -24.640625 -3.23046875 20.365234375 -24.353515625 -5.94921875 18.046875 -26.46484375 -3.25 17.806640625 -26.15625 -6 15.498046875 -28.4921875 -6.244140625 17.9375 -26.416015625 -8.9296875 14.978515625 -27.568359375 -8.95703125 -16.546875 -5.421875 25.015625 -13.958984375 -5.525390625 26.771484375 -14.369140625 -2.814453125 27.51171875 -11.3359375 -2.83203125 28.291015625 -11.59375 -0.0078125 28.845703125 -8.505859375 -0.0234375 29.455078125 -8.5390625 2.888671875 29.68359375 -5.537109375 2.935546875 30.337890625 -5.443359375 5.8984375 29.96875 -2.48046875 5.9921875 30.337890625 -2.39453125 8.87890625 29.25390625 0.48046875 8.876953125 29.072265625 0.466796875 11.9296875 28.5625 3.3203125 11.966796875 28.73828125 3.1796875 14.572265625 26.73828125 -10.84765625 -11.318359375 26.955078125 -11.099609375 -8.537109375 27.8046875 -8.06640625 -11.5703125 27.8046875 -8.21875 -8.689453125 28.7109375 -5.337890625 -8.875 29.32421875 -8.578125 -5.935546875 29.943359375 -5.443359375 -5.9140625 29.96875 -5.587890625 -2.97265625 30.625 -2.53515625 -6.04296875 30.599609375 -2.515625 -2.986328125 30.716796875 0.41015625 -3.013671875 31.298828125 -2.572265625 -0.00390625 30.982421875 0.4609375 -0.0078125 30.953125 0.4609375 3.01171875 30.833984375 3.490234375 0.01171875 31.015625 3.44140625 2.970703125 30.716796875 6.359375 2.876953125 29.916015625 3.302734375 5.849609375 29.806640625 6.05078125 5.626953125 28.369140625 6.103515625 8.671875 28.474609375 9.2578125 5.732421875 28.904296875 9.072265625 8.607421875 28.447265625 31.521484375 -9.251953125 2.501953125 29.474609375 -11.8671875 2.31640625 31.634765625 -9.328125 -0.474609375 30.4609375 -12.24609375 -0.498046875 30.548828125 -12.310546875 -3.41796875 27.7109375 -14.416015625 -0.5234375 27.837890625 -14.41796875 -3.21875 26.91796875 -17.591796875 -3.25 27.71875 -14.353515625 -6.005859375 26.611328125 -17.353515625 -6 26.109375 -16.998046875 -8.6875 24.62890625 -19.7578125 -5.90625 23.65625 -18.9453125 -8.3125 22.216796875 -21.76953125 -8.544921875 23.0703125 -18.447265625 -10.859375 21.462890625 -21.03515625 -10.982421875 20.517578125 -20.087890625 -13.125 19.474609375 -23.279296875 -11.15234375 18.541015625 -22.263671875 -13.283203125 16.96484375 -24.841796875 -14.1015625 -20.271484375 -25.294921875 -3.333984375 -20.419921875 -25.458984375 -0.515625 -17.451171875 -26.404296875 -3.373046875 -17.5078125 -26.267578125 -0.45703125 -14.333984375 -25.171875 -0.34375 -17.431640625 -26.662109375 2.412109375 -14.31640625 -24.21484375 2.794921875 -14.1796875 -25.923828125 5.71484375 -10.76953125 -26.3359375 2.724609375 -10.822265625 -26.53515625 6.08984375 -7.46484375 -27.69140625 6.130859375 -11.337890625 -28.90234375 8.24609375 -8.333984375 -29.62890625 8.5390625 -8.291015625 -29.09375 11.376953125 -5.5625 -30.9375 8.65234375 -5.345703125 -29.037109375 11.166015625 -2.421875 -28.587890625 11.16796875 -5.052734375 -27.025390625 13.76953125 -2.318359375 -27.591796875 14.123046875 0.4609375 -28.09765625 14.451171875 0.4296875 -26.927734375 17.44140625 3.236328125 -26.46484375 17.107421875 -10.205078125 18.990234375 -23.73046875 -10.169921875 21.244140625 -21.73046875 -10.076171875 22.96484375 -19.248046875 -12.515625 20.5703125 -21.0546875 -12.556640625 22.51171875 -18.873046875 -14.763671875 21.6171875 -18.240234375 -12.849609375 24.263671875 -16.60546875 -15.2890625 23.263671875 -16.208984375 -15.59765625 24.146484375 -13.736328125 -17.169921875 21.375 -15.556640625 -17.79296875 22.263671875 -13.369140625 -20.853515625 21.35546875 -13.939453125 -18.244140625 22.79296875 -10.994140625 -21.552734375 22.06640625 -11.478515625 -23.00390625 19.326171875 -11.2109375 -16.513671875 -8.212890625 25.13671875 -13.65625 -8.228515625 26.240234375 -13.509765625 -11.03515625 25.875 -10.564453125 -13.98046875 25.875 -7.87109375 -14.32421875 26.6484375 -5.138671875 -14.634765625 27.18359375 -7.748046875 -16.998046875 25.169921875 -5.060546875 -17.353515625 25.671875 -5.009765625 -19.91015625 23.869140625 -2.3125 -17.591796875 25.98046875 -2.291015625 -20.171875 24.16015625 -23.82421875 19.876953125 -3.18359375 -24.2734375 20.2578125 -0.474609375 -21.9296875 22.375 -0.482421875 -22.0703125 22.525390625 2.2734375 -19.400390625 24.275390625 2.251953125 -19.087890625 23.974609375 4.923828125 -16.455078125 25.94921875 5.154296875 -16.51953125 25.921875 7.76171875 -14.2265625 27.861328125 8.08203125 -13.814453125 26.923828125 10.78515625 -10.953125 26.7265625 10.529296875 -10.748046875 25.216796875 13.0546875 -8.9609375 23.19921875 12.359375 -8.267578125 23.087890625 15.740234375 -2.70703125 21.150390625 18.998046875 -2.619140625 21.6640625 15.654296875 0.47265625 20.890625 18.763671875 0.337890625 21.984375 15.83984375 3.20703125 22.27734375 15.82421875 0.197265625 23.17578125 12.6484375 3.060546875 23.45703125 12.69140625 3.15234375 24.17578125 9.55859375 6.111328125 22.91796875 12.4296875 6.11328125 24.494140625 9.587890625 9.48046875 24.740234375 9.54296875 6.302734375 25.841796875 6.833984375 9.529296875 26.638671875 6.9765625 9.51953125 28.876953125 4.701171875 12.2109375 28.439453125 8.07421875 12.5625 29.51171875 5.328125 15.140625 27.845703125 5.173828125 12.826171875 30.22265625 2.48828125 14.849609375 27.642578125 2.412109375 -10.33984375 21.560546875 21.107421875 -10.341796875 23.7421875 18.87109375 -7.7890625 21.9921875 18.482421875 -5.39453125 21.6171875 18.85546875 -5.68359375 21.82421875 15.50390625 0.171875 23.94140625 9.44921875 0.1875 25.923828125 6.873046875 3.142578125 25.796875 6.828125 3.328125 27.291015625 3.935546875 6.69140625 26.751953125 3.302734375 6.568359375 30.08203125 1.98828125 -2.43359375 -9.009765625 29.68359375 0.4609375 -9.328125 30.697265625 0.390625 -6.267578125 31.83203125 3.26953125 -5.814453125 29.970703125 3.517578125 -3.029296875 32.076171875 6.693359375 -2.953125 31.453125 6.61328125 0.04296875 30.900390625 9.509765625 -0.05859375 29.810546875 9.177734375 2.830078125 28.876953125 12.267578125 2.849609375 28.298828125 12.23828125 5.685546875 28.330078125 -4.923828125 -21.935546875 21.4609375 -7.638671875 -21.8359375 21.3515625 -7.6484375 -19.509765625 23.408203125 -10.07421875 -18.77734375 22.4921875 -10.349609375 -16.564453125 24.478515625 -12.77734375 -16.04296875 23.64453125 -12.900390625 -13.359375 24.591796875 -15.654296875 -13.36328125 23.8515625 -16.291015625 -10.9921875 24.943359375 -19.01171875 -10.955078125 23.38671875 -19.47265625 -8.318359375 23.927734375 -5.884765625 26.939453125 3.388671875 -2.611328125 27.046875 3.724609375 -5.666015625 29.708984375 1.640625 -2.564453125 29.591796875 1.423828125 -2.630859375 32.193359375 -0.474609375 0.39453125 29.357421875 1.34765625 0.4609375 32.25 -0.4765625 3.552734375 32.146484375 -0.48046875 0.462890625 32.17578125 -3.552734375 3.517578125 32.11328125 -3.53125 3.412109375 29.5078125 -5.6015625 6.53125 31.287109375 -3.376953125 6.1640625 29.66015625 -5.943359375 -10.958984375 5.470703125 -28.673828125 -8.646484375 5.955078125 -31.166015625 -11.83984375 2.93359375 -30.5625 -8.78125 2.970703125 -31.53515625 -8.857421875 -0.0078125 -31.6484375 -5.81640625 3.2734375 -30.412109375 -6.048828125 0.1796875 -29.87890625 -2.720703125 0.203125 -29.255859375 -6.0078125 -3.015625 -29.892578125 -2.87890625 -3.12890625 -29.0703125 -2.80859375 -6.458984375 -29.2265625 0.427734375 -2.9765625 -29.404296875 0.52734375 -6.265625 -29.451171875 -11.3359375 28.951171875 -0.287109375 -8.857421875 31.1640625 -0.474609375 -11.05859375 28.439453125 -2.984375 -8.333984375 29.865234375 -3.07421875 -8.150390625 28.935546875 -6.06640625 -5.5390625 31.00390625 -3.30859375 -5.03125 28.869140625 -5.69140625 -2.42578125 30.265625 -6.025390625 -5.24609375 29.37109375 -9.171875 -2.41015625 29.634765625 -9.259765625 -2.39453125 29.20703125 -12.451171875 0.4453125 29.419921875 -9.208984375 0.4609375 29.314453125 -12.533203125 -8.31640625 -2.919921875 29.111328125 -5.66796875 -0.0078125 30.875 -2.515625 2.970703125 30.716796875 0.4609375 6.048828125 30.453125 3.27734375 8.828125 29.00390625 6.162109375 11.771484375 28.3515625 11.275390625 16.546875 -25.431640625 13.703125 16.02734375 -24.59765625 11.130859375 18.990234375 -23.73046875 13.48046875 18.388671875 -22.99609375 13.439453125 20.568359375 -21.052734375 15.689453125 17.755859375 -22.1015625 15.37109375 19.52734375 -20.01171875 17.26171875 18.837890625 -19.322265625 15.466796875 21.298828125 -17.98046875 17.380859375 20.359375 -17.39453125 18.2265625 21.6171875 -15.703125 19.517578125 19.046875 -17.462890625 20.2890625 19.818359375 -15.60546875 22.087890625 17.755859375 -15.703125 21.041015625 20.5703125 -13.453125 22.982421875 18.388671875 -13.494140625 23.716796875 18.990234375 -11.14453125 17.91015625 -0.025390625 25.748046875 15.236328125 -0.021484375 27.34375 15.294921875 -2.814453125 27.51171875 12.470703125 -2.89453125 28.904296875 12.828125 -5.8984375 29.65625 9.34765625 -5.736328125 29.193359375 9.24609375 -8.603515625 27.900390625 6.03125 -8.59375 27.896484375 6.140625 -11.86328125 27.80859375 3.298828125 -12.107421875 28.84765625 3.361328125 -15.515625 28.732421875 14.77734375 27.1171875 -8.810546875 13.84765625 25.3125 -11.08203125 11.7734375 27.423828125 -11.787109375 11.48828125 26.34375 -14.44921875 9.0234375 27.865234375 -15.1328125 8.783203125 25.9921875 -17.67578125 5.986328125 26.140625 -17.8203125 5.935546875 24.3359375 -20.37890625 3.216796875 24.62890625 -20.640625 3.21875 22.640625 -23.125 0.4609375 22.626953125 -23.111328125 0.4609375 20.2578125 -25.212890625 -23.0703125 7.98046875 18.744140625 -22.79296875 10.66015625 18.5234375 -20.791015625 10.625 20.77734375 -20.060546875 12.93359375 20.0390625 -17.396484375 12.66015625 21.365234375 -17.302734375 15.21875 21.1484375 -15.107421875 15.5625 22.54296875 -14.50390625 17.560546875 20.84765625 -12.28515625 18.21875 21.689453125 -12.015625 20.1796875 19.794921875 14.18359375 -25.826171875 -14.197265625 14.087890625 -24.841796875 -16.978515625 16.033203125 -23.02734375 -16.046875 14.875 -20.8828125 -17.46875 17.93359375 -21.353515625 -15.470703125 17.208984375 -20.212890625 -17.25390625 19.130859375 -18.640625 -17 16.6640625 -18.50390625 -18.837890625 18.060546875 -17.7734375 -17.904296875 18.818359375 -16.46875 -18.849609375 20.775390625 -16.890625 -17.333984375 22.091796875 -17.78515625 -15.712890625 21.640625 -14.8984375 -17.798828125 24.23046875 -16.205078125 -16.765625 25.185546875 -13.591796875 -16.9453125 -24.787109375 10.900390625 16.27734375 -22.056640625 13.009765625 17.919921875 -21.404296875 15.439453125 17.576171875 -19.36328125 15.12109375 19.349609375 -18.591796875 16.978515625 18.578125 -16.693359375 17.1484375 20.17578125 -16.25 18.802734375 18.291015625 -13.97265625 19.173828125 18.830078125 -13.96484375 20.59765625 16.51171875 -12.650390625 22.490234375 17.98046875 23.322265625 -7.76171875 18.361328125 21.71484375 -10.640625 20.77734375 21.041015625 -12.986328125 20.1015625 18.859375 -13.02734375 22.04296875 18.45703125 -15.427734375 21.453125 16.033203125 -15.578125 22.54296875 15.689453125 -17.7734375 21.1484375 13.48046875 -18.404296875 22.04296875 13.37109375 -20.44921875 19.9765625 11.001953125 -20.87109375 20.48046875 -5.603515625 6.05859375 -31.828125 -5.4765625 9.060546875 -31.0625 -2.548828125 6.126953125 -32.076171875 -2.515625 9.236328125 -31.53515625 0.4609375 9.310546875 -31.6484375 -2.353515625 11.697265625 -29.1953125 0.43359375 11.685546875 -29.0625 0.4609375 14.919921875 -28.56640625 3.244140625 11.771484375 -29.177734375 3.267578125 14.82421875 -28.46484375 6.064453125 14.619140625 -28.13671875 3.236328125 17.576171875 -26.931640625 6.0234375 17.39453125 -26.71484375 6.078125 22.380859375 15.541015625 9.083984375 22.568359375 15.541015625 9.234375 23.74609375 12.67578125 11.896484375 24.66015625 12.88671875 12.06640625 26.52734375 10.412109375 14.80859375 27.056640625 10.837890625 14.923828125 27.556640625 7.9765625 16.57421875 25.11328125 7.48828125 17.35546875 25.82421875 5.0078125 31.279296875 -6.314453125 -0.208984375 29.701171875 -6.66796875 -3.021484375 28.416015625 -3.6796875 -2.91015625 28.44921875 -3.515625 -6.580078125 28.21875 0.13671875 -6.431640625 30.27734375 0.08203125 -9.810546875 31.236328125 3.009765625 -9.716796875 30.548828125 2.93359375 -12.77734375 30.19140625 5.865234375 -12.603515625 -29.697265625 -9.009765625 -3.373046875 -29.806640625 -9.0859375 -0.474609375 -30.466796875 -6.064453125 -0.474609375 -30.845703125 -6.1640625 2.466796875 -32.705078125 -3.28515625 2.53125 -31.744140625 -2.958984375 5.78125 -28.76171875 -0.083984375 5.033203125 -28.404296875 -0.111328125 8.470703125 -30.76171875 2.796875 8.716796875 -30.359375 2.92578125 12.109375 -29.080078125 5.962890625 11.701171875 -10.580078125 -16.9296875 -26 -13.00390625 -16.29296875 -24.974609375 -10.564453125 -13.98046875 -26.828125 -13.099609375 -13.56640625 -25.939453125 -13.509765625 -11.03515625 -26.828125 -15.75 -13.3828125 -24.8515625 -16.09375 -10.8203125 -25.431640625 -18.537109375 -10.67578125 -23.73046875 -16.52734375 -8.21875 -26.123046875 -19.15625 -8.19921875 -24.56640625 -19.5625 -5.515625 -25.03515625 -22.189453125 -8.552734375 -23.142578125 -22.74609375 -5.65625 -23.69921875 6.541015625 0.01953125 -30.703125 6.572265625 2.98828125 -31.82421875 9.4609375 2.869140625 -30.744140625 9.060546875 5.552734375 -29.552734375 12.080078125 5.5859375 -28.828125 11.865234375 8.400390625 -28.33984375 14.77734375 8.326171875 -27.6015625 14.435546875 11.017578125 -26.828125 17.3828125 11.03515625 -25.99609375 16.890625 13.591796875 -25.201171875 18.91015625 13.046875 -23.0546875 25.416015625 -16.564453125 10.3359375 23.716796875 -19.0078125 10.19140625 25.005859375 -19.98046875 7.8359375 22.283203125 -21.830078125 7.623046875 22.716796875 -22.26171875 4.986328125 20.365234375 -24.353515625 4.99609375 20.626953125 -24.64453125 2.27734375 18.046875 -26.46484375 2.296875 18.14453125 -26.56640625 -0.474609375 15.447265625 -28.19140625 -0.48046875 15.5078125 -28.376953125 -3.279296875 -5.173828125 -11.412109375 -28.998046875 -7.828125 -11.216796875 -28.33984375 -5.501953125 -9.1171875 -31.166015625 -8.4609375 -8.931640625 -30.533203125 -8.646484375 -5.97265625 -31.166015625 -10.9375 -8.3984375 -28.470703125 -11.6640625 -5.880859375 -30.205078125 -13.892578125 -5.50390625 -27.71875 -11.83984375 -2.94921875 -30.5625 -13.876953125 -2.736328125 -27.748046875 -13.974609375 -0.0234375 -27.845703125 -17.12109375 -2.783203125 -26.931640625 -17.21875 -0.0078125 -27.033203125 21.115234375 17.1484375 -17.6328125 19.517578125 16.978515625 -19.53125 18.841796875 18.37109375 -18.85546875 17.619140625 17.1484375 -21.12890625 18.2265625 15.21875 -22.1015625 16.033203125 15.5625 -23.49609375 14.00390625 13.533203125 -25.8984375 20.2890625 19.818359375 14.65234375 22.087890625 17.755859375 14.75 19.517578125 19.046875 16.509765625 21.115234375 17.1484375 16.6796875 19.517578125 16.978515625 18.578125 22.087890625 15.21875 17.2890625 20.2890625 15.12109375 19.349609375 21.041015625 12.96875 20.1015625 18.205078125 15.19921875 21.12109375 18.859375 13.009765625 22.04296875 16.498046875 13.232421875 23.64453125 18.91015625 10.359375 22.091796875 17.015625 10.802734375 24.474609375 -7.533203125 23.544921875 -19.712890625 -7.587890625 25.12890625 -17.130859375 -10.349609375 24.9453125 -17.03125 -10.515625 26.328125 -14.423828125 -13.193359375 25.72265625 -14.169921875 -13.583984375 26.5390625 -11.595703125 -16.09375 24.9453125 -11.2890625 -16.52734375 25.638671875 -8.6875 -18.900390625 23.703125 -8.5390625 -2.34375 27.98046875 -15.30859375 -5.05859375 27.279296875 -14.880859375 -5.24609375 28.859375 -12.27734375 -8.06640625 28.2734375 -12.0390625 -8.189453125 29.091796875 -9.12890625 -11.236328125 28.67578125 -9.103515625 -11.1640625 28.447265625 -6.052734375 -14.1640625 27.65234375 -6.078125 -14.125 27.59375 -3.18359375 29.119140625 2.8515625 -15.59765625 29.390625 -0.0078125 -15.818359375 30.66015625 -0.0078125 -12.859375 30.548828125 -2.94921875 -12.77734375 29.568359375 -3.056640625 -9.69140625 30.390625 -6.056640625 -9.564453125 29.544921875 -6.45703125 -6.349609375 31.150390625 -9.1171875 -6.439453125 31.521484375 -9.251953125 -3.455078125 -28.994140625 -12.07421875 -3.357421875 -28.859375 -12.064453125 -0.474609375 -28.751953125 -11.984375 2.380859375 -27.626953125 -14.935546875 -0.474609375 -27.525390625 -14.83984375 2.330078125 -25.994140625 -17.591796875 2.296875 -27.197265625 -14.634765625 5.125 -25.685546875 -17.353515625 5.046875 -25.18359375 -16.998046875 7.734375 0.4609375 -31.857421875 -6.69140625 0.4296875 -30.056640625 -9.46875 3.34765625 -30.541015625 -6.421875 3.3359375 -29.9296875 -9.408203125 6.263671875 -29.80859375 -9.34375 3.3203125 -29.22265625 -12.451171875 6.171875 -28.876953125 -12.27734375 6.064453125 -27.66796875 -15.103515625 9.234375 -29.130859375 -12.36328125 9.0390625 -27.939453125 -15.197265625 11.623046875 -26.65625 -14.583984375 -7.66796875 -26.564453125 13.443359375 -10.25390625 -25.671875 12.99609375 -11.2265625 -28.466796875 11.240234375 -14.08984375 -27.482421875 11.076171875 -14.240234375 -27.892578125 8.09765625 -17.361328125 -26.900390625 8.119140625 -17.4453125 -27.3046875 5.2421875 -20.421875 -25.357421875 5.353515625 -20.14453125 -25.248046875 2.431640625 -8.30859375 -29.130859375 -12.36328125 -5.408203125 -29.7265625 -12.599609375 -2.4140625 -29.001953125 -12.337890625 -5.107421875 -27.458984375 -14.97265625 -2.337890625 -27.7734375 -15.197265625 0.4609375 -27.69140625 -15.205078125 0.4609375 -26.56640625 -18.158203125 3.236328125 -26.46484375 -18.060546875 25.4609375 20.4765625 2.224609375 27.205078125 17.716796875 2.3046875 27.43359375 17.548828125 5.2421875 26.0859375 16.896484375 7.796875 26.671875 13.87890625 4.78125 27.15625 14.09375 7.7421875 28.177734375 11.287109375 7.912109375 26.76953125 13.943359375 10.533203125 27.89453125 11.302734375 10.833984375 26.72265625 10.98046875 13.451171875 27.65625 8.1640625 10.646484375 27.197265625 8.216796875 13.634765625 28.236328125 5.62890625 14.21875 6.51171875 -30.892578125 -0.474609375 6.462890625 -30.822265625 -3.419921875 9.48828125 -30.083984375 -0.474609375 9.46484375 -30.16796875 -3.373046875 12.4375 -29.22265625 -3.333984375 9.330078125 -29.80859375 -6.27734375 12.58984375 -29.736328125 -6.349609375 12.193359375 -28.671875 -9.13671875 -29.697265625 2.888671875 -9.478515625 -29.287109375 5.787109375 -9.33203125 -28.751953125 2.849609375 -12.451171875 -28.111328125 5.681640625 -12.1796875 -26.923828125 5.5859375 -14.978515625 -28.66015625 8.763671875 -12.36328125 -27.46875 8.568359375 -15.197265625 -25.56640625 10.54296875 -14.21484375 -25.9453125 8.4453125 -17.951171875 -24.8125 10.896484375 -17.240234375 17.453125 25.638671875 -8.6875 16.52734375 24.12890625 -10.947265625 16.498046875 24.11328125 -13.716796875 19.4609375 23.24609375 -11.14453125 18.859375 22.51171875 -13.494140625 -13.755859375 2.654296875 -27.484375 -19.701171875 -2.76171875 -25.11328125 -28.6640625 8.66796875 -9.13671875 -28.822265625 8.724609375 -6.201171875 -28.66015625 11.87890625 -9.248046875 -27.74609375 11.61328125 -6.177734375 -27.953125 15.00390625 -6.25 -28.244140625 11.748046875 -3.294921875 -26.330078125 14.298828125 -3.341796875 -27.2109375 14.71484375 -0.474609375 -25.24609375 17.130859375 -3.265625 -26.095703125 17.673828125 -0.474609375 -22.796875 -13.4921875 18.416015625 -22.19140625 -15.953125 17.8203125 -24.51171875 -13.748046875 16.0078125 -22.701171875 -15.68359375 15.14453125 -23.658203125 -16.04296875 12.763671875 -21.21875 -17.818359375 14.787109375 -22.056640625 -18.404296875 12.54296875 -20.115234375 -20.5859375 12.501953125 -22.79296875 -19.0078125 10.19140625 -20.791015625 -21.26171875 10.15625 -20.69921875 -21.3046875 7.376953125 -18.1484375 -22.8671875 9.935546875 -19.21875 -24.26171875 7.74609375 11.275390625 -24.962890625 16.080078125 10.857421875 -22.474609375 17.93359375 13.48046875 -22.52734375 17.919921875 15.689453125 -21.6328125 17.2890625 15.591796875 -19.833984375 19.349609375 17.693359375 -19.33984375 18.85546875 17.619140625 -17.1640625 20.17578125 20.013671875 -17.40234375 19.064453125 20.73046875 -15.419921875 19.779296875 -13.853515625 8.326171875 26.6484375 -16.8828125 5.515625 25.671875 -19.525390625 2.716796875 23.95703125 -22.171875 -0.0078125 22.158203125 -2.646484375 3.546875 -29.607421875 0.408203125 3.314453125 -30.095703125 0.47265625 0.080078125 -29.240234375 3.666015625 0.181640625 -29.494140625 3.568359375 -3.02734375 -29.43359375 -2.39453125 -11.984375 28.73828125 0.4609375 -12.392578125 29.72265625 0.466796875 -14.865234375 27.52734375 -20.794921875 17.65234375 -18.13671875 -21.669921875 15.5859375 -18.681640625 -19.15234375 17.4765625 -20.08984375 -19.9453125 15.564453125 -20.884765625 -17.302734375 15.21875 -22.1015625 -20.71875 13.3515625 -21.658203125 -17.779296875 12.8984375 -22.75 -18.537109375 10.66015625 -23.73046875 -15.572265625 13.232421875 -24.59765625 -16.09375 10.8046875 -25.431640625 3.556640625 3.291015625 -29.734375 3.4375 6.044921875 -31.84375 0.44921875 6.146484375 -32.03515625 -4.884765625 25.375 -17.32421875 19.5234375 7.892578125 22.857421875 22.283203125 8.08984375 21.345703125 21.71484375 10.625 20.77734375 23.716796875 10.66015625 18.5234375 22.982421875 13.009765625 17.919921875 24.583984375 13.232421875 15.55859375 -28.40625 -11.810546875 5.232421875 -27.818359375 -11.5703125 8.052734375 -29.5234375 -8.935546875 5.35546875 -28.87890625 -8.7421875 8.25 -31.076171875 -6.458984375 8.89453125 -27.818359375 -8.537109375 11.0859375 -20.712890625 -14.943359375 -17.88671875 -19.703125 -12.7421875 -20.66796875 -19.36328125 -15.13671875 -20.302734375 -17.181640625 -15.1328125 -21.955078125 -18.857421875 -17.2109375 -19.802734375 -16.537109375 -17.0078125 -20.94140625 -16.97265625 -19.525390625 -20.033203125 -14.751953125 -17.740234375 -22.08203125 -15.22265625 -20.48828125 -21.001953125 16.859375 -10.748046875 -25.171875 19.095703125 -10.48828125 -23.203125 16.498046875 -13.248046875 -24.59765625 18.859375 -13.02734375 -22.99609375 18.2265625 -15.234375 -22.1015625 20.724609375 -12.814453125 -20.71875 19.896484375 -14.873046875 -19.91015625 22.716796875 -5.470703125 -22.73046875 24.806640625 -5.48046875 -20.37890625 22.283203125 -8.107421875 -22.296875 24.34765625 -8.119140625 -19.978515625 23.716796875 -10.67578125 -19.474609375 26.109375 -8.21875 -17.466796875 25.416015625 -10.8203125 -17.03125 -15.201171875 -23.62890625 -13.349609375 -17.751953125 -22.4921875 -10.6171875 -17.794921875 -22.341796875 -13.416015625 -20.115234375 -20.5859375 -13.453125 -17.302734375 -21.6328125 -15.703125 -19.36328125 -19.833984375 -15.60546875 -18.591796875 -19.0625 -17.462890625 -21.162109375 -17.7734375 -15.703125 -20.19140625 -17.1640625 -17.6328125 25.25390625 -16.44140625 -11.224609375 25.18359375 -16.46484375 -13.982421875 26.814453125 -13.98046875 -11.501953125 25.884765625 -13.548828125 -14.017578125 26.814453125 -11.03515625 -14.44921875 -12.556640625 18.388671875 -22.99609375 -14.763671875 17.755859375 -22.1015625 -14.666015625 19.818359375 -20.302734375 -16.5234375 19.046875 -19.53125 -16.693359375 20.64453125 -17.6328125 -19.15234375 19.60546875 -17.9609375 -19.9453125 20.400390625 -16.048828125 24.884765625 -19.958984375 -3.21875 22.685546875 -22.232421875 -5.93359375 19.96484375 -23.892578125 -8.587890625 17.49609375 -25.701171875 -11.603515625 -2.408203125 21.171875 21.703125 0.423828125 20.28515625 21.482421875 3.359375 19.994140625 21.1484375 -21.162109375 17.755859375 14.75 -22.05859375 18.388671875 12.54296875 -20.115234375 20.5703125 12.501953125 -22.79296875 18.990234375 10.19140625 -20.791015625 21.244140625 10.15625 -21.12109375 21.576171875 7.53125 -17.494140625 22.189453125 9.78125 -18.40625 23.232421875 7.365234375 -21.791015625 22.24609375 4.986328125 -23.8828125 19.89453125 4.99609375 -24.173828125 20.15625 2.27734375 -26.03515625 17.6015625 2.302734375 -7.73046875 -25.615234375 16.447265625 -10.349609375 -24.962890625 16.080078125 -12.77734375 -24.12890625 15.55859375 -10.291015625 -23.4609375 18.6796875 -12.556640625 -22.52734375 17.919921875 -27.41015625 -14.669921875 -9.03125 -27.99609375 -14.966796875 -6.1875 -26.01171875 -17.564453125 -8.955078125 -26.001953125 -17.56640625 -6.029296875 -23.8828125 -19.91015625 -5.94921875 -26.052734375 -17.630859375 -3.25390625 -24.173828125 -20.171875 -3.23046875 -24.2734375 -20.2734375 -0.474609375 -21.2734375 -21.958984375 -3.107421875 -21.724609375 -22.314453125 -0.451171875 24.583984375 -16.04296875 12.763671875 22.982421875 -18.404296875 12.54296875 21.25390625 -20.798828125 12.62109375 22.087890625 -17.7734375 14.75 21.138671875 -20.603515625 15.232421875 26.109375 8.201171875 -17.466796875 26.611328125 5.515625 -17.8203125 27.953125 5.525390625 -14.986328125 -21.7421875 18.560546875 -13.384765625 -20.998046875 18.021484375 -15.85546875 -22.109375 15.451171875 -12.94921875 -20.91015625 14.951171875 -15.484375 -22.4765625 12.404296875 -16.05859375 -22.5390625 13.29296875 -19.287109375 11.275390625 24.9453125 -17.03125 13.703125 24.11328125 -16.51171875 11.130859375 23.24609375 -19.474609375 13.48046875 22.51171875 -18.873046875 30.19140625 -12.134765625 -6.349609375 29.5859375 -11.89453125 -9.248046875 30.51953125 -8.931640625 -9.400390625 29.5859375 -8.779296875 -12.36328125 30.19140625 -5.880859375 -12.603515625 25.919921875 8.15234375 16.392578125 26.041015625 5.390625 16.51171875 23.486328125 5.1796875 18.537109375 26.578125 2.728515625 16.892578125 24.791015625 2.6484375 19.462890625 -11.16796875 -28.2578125 -12.107421875 -10.3515625 -25.890625 -14.103515625 -7.751953125 -26.75 -14.517578125 6.228515625 20.8359375 18.232421875 8.8828125 21.396484375 18.18359375 11.2734375 23.0625 18.56640625 8.6796875 21.728515625 21.451171875 11.341796875 21.7265625 21.259765625 11.15625 -16.3828125 -25.1484375 13.703125 -16.04296875 -24.59765625 11.119140625 -18.98828125 -23.70703125 13.48046875 -18.404296875 -22.99609375 13.439453125 -20.5859375 -21.0546875 15.6484375 -17.734375 -22.060546875 15.578125 -19.822265625 -20.2890625 8.248046875 -18.77734375 -23.42578125 8.51953125 -21.72265625 -22.16796875 5.837890625 -21.9609375 -22.37109375 5.857421875 -24.005859375 -20.09375 3.216796875 -24.64453125 -20.640625 30.1640625 2.796875 8.349609375 29.8203125 5.65625 8.212890625 29.52734375 2.833984375 11.439453125 29.107421875 5.626953125 11.244140625 -23.474609375 10.974609375 -20.025390625 -23.38671875 8.09765625 -19.943359375 -21.359375 8.08984375 -22.296875 -23.841796875 5.45703125 -20.34375 -21.791015625 5.455078125 -22.73046875 -8.78125 -2.986328125 -31.53515625 -5.671875 -6.126953125 -31.49609375 -2.515625 -9.25 -31.501953125 -2.279296875 17.435546875 -26.7109375 0.4609375 17.431640625 -26.6484375 3.216796875 20.15625 -25.11328125 6.01171875 20.12109375 -25.185546875 6.041015625 23.09765625 -23.634765625 -15.134765625 -20.501953125 20.017578125 -14.763671875 -21.6328125 17.2890625 -16.796875 -19.4609375 18.947265625 -16.693359375 -20.662109375 16.6796875 -18.591796875 -19.0625 16.509765625 -17.302734375 -21.6328125 14.75 -19.36328125 -19.833984375 14.65234375 28.451171875 14.822265625 2.3359375 29.23046875 11.75390625 2.31640625 28.552734375 14.919921875 -0.474609375 28.892578125 11.611328125 -0.486328125 9.005859375 8.53515625 -29.240234375 6.07421875 8.5390625 -29.40625 8.9921875 11.5546875 -28.7578125 6.091796875 11.63671875 -28.9296875 13.48046875 -22.52734375 -18.873046875 11.130859375 -23.263671875 -19.474609375 11.095703125 -21.26171875 -21.73046875 13.896484375 13.42578125 24.740234375 13.501953125 15.86328125 23.255859375 10.83984375 16.19140625 23.306640625 11.16796875 19.228515625 22.802734375 22.982421875 -13.02734375 -18.873046875 21.369140625 -10.453125 -21.337890625 19.91796875 -8.099609375 -24.298828125 29.431640625 8.60546875 8.115234375 29.87109375 8.72265625 5.216796875 29.771484375 12.005859375 5.33203125 -25.849609375 -5.552734375 16.9609375 -26.142578125 -8.4375 16.98046875 -22.744140625 -10.546875 18.02734375 -19.263671875 -9.9375 19.306640625 -31.150390625 -2.873046875 8.810546875 -31.306640625 -6.3671875 5.607421875 -29.697265625 -9.009765625 2.419921875 11.58984375 -25.701171875 -17.509765625 8.673828125 -25.654296875 -17.466796875 23.716796875 18.990234375 10.19140625 21.71484375 21.244140625 10.15625 18.359375 22.37890625 9.865234375 21.041015625 20.5703125 12.501953125 17.8046875 21.783203125 12.08984375 17.51171875 21.181640625 14.267578125 -12.556640625 -18.404296875 22.04296875 -14.763671875 -17.7734375 21.1484375 -12.515625 -20.5859375 20.1015625 25.1015625 16.353515625 10.20703125 23.98828125 15.642578125 12.455078125 22.982421875 18.388671875 12.54296875 -21.205078125 -21.798828125 -5.81640625 -20.916015625 -21.439453125 -8.3984375 -19.580078125 -24.662109375 -6.03125 -18.751953125 -23.91796875 -8.384765625 11.7734375 11.302734375 -27.908203125 11.48828125 13.96484375 -26.828125 -20.640625 -21.076171875 -11.033203125 -22.79296875 -19.0078125 -11.14453125 -22.056640625 -18.404296875 -13.494140625 -12.77734375 16.02734375 -24.59765625 -15.107421875 15.5625 -23.49609375 -25.888671875 -13.98046875 -11.501953125 -20.291015625 17.248046875 16.779296875 -18.591796875 19.046875 16.509765625 -19.36328125 19.818359375 14.65234375 -16.84765625 21.083984375 14.294921875 -17.162109375 21.705078125 12.09765625 -26.095703125 -17.69140625 -0.474609375 -24.173828125 -20.171875 2.27734375 -21.328125 -21.982421875 2.181640625 -23.8828125 -19.91015625 4.99609375 -21.23828125 -21.83203125 4.845703125 8.876953125 24.732421875 -20.634765625 8.728515625 22.228515625 -22.755859375 -27.115234375 -11.376953125 10.892578125 -25.935546875 -14.005859375 10.568359375 -26.20703125 -11.16015625 13.642578125 -25.455078125 -13.828125 13.3203125 12.302734375 29.123046875 -0.296875 9.73046875 31.123046875 -0.439453125 9.638671875 31.189453125 2.599609375 -15.1875 -15.65234375 -23.59765625 22.087890625 -15.234375 17.2890625 23.482421875 -15.578125 15.09375 13.189453125 18.4375 21.609375 15.419921875 17.568359375 20.8359375 13.583984375 20.91015625 20.419921875 15.275390625 19.787109375 19.111328125 -10.330078125 24.216796875 15.775390625 -13.16796875 24.7265625 15.99609375 -13.287109375 25.744140625 13.248046875 -17.29296875 -26.55859375 -6.19140625 -23.830078125 -16.150390625 -13.826171875 -22.205078125 -15.34375 -15.810546875 -27.525390625 -2.814453125 -15.30859375 -27.626953125 -0.0078125 -15.404296875 -26.0703125 -0.0078125 -18.142578125 20.626953125 24.62890625 -3.23046875 22.99609375 22.525390625 -3.224609375 20.52734375 24.51171875 -6.00390625 22.140625 21.728515625 -5.80078125 8.8125 20.064453125 24.05078125 27.587890625 8.326171875 -14.791015625 12.048828125 -0.107421875 27.935546875 -26.662109375 -8.341796875 13.83984375 11.740234375 -27.453125 -11.7890625 14.47265625 -26.353515625 -11.505859375 6.2109375 -5.50390625 29.26171875 -10.349609375 16.546875 -25.431640625 -13.078125 13.533203125 -25.8984375 -23.208984375 15.966796875 -10.4375 -25.158203125 13.400390625 -10.990234375 -23.87109375 12.642578125 -13.3828125 28.296875 -2.798828125 14.279296875 28.330078125 -0.017578125 14.337890625 27.01953125 -0.0078125 17.205078125 17.466796875 17.01953125 20.005859375 17.349609375 18.900390625 18.45703125 -19.0390625 8.103515625 -24.361328125 -29.697265625 8.994140625 -3.373046875 -4.728515625 -29.693359375 5.935546875 -7.818359375 14.248046875 26.48828125 -4.99609375 17.373046875 25.341796875 -2.3671875 20.5859375 24.72265625 27.796875 -14.509765625 2.185546875 6.677734375 31.841796875 -0.474609375 -27.525390625 14.82421875 2.330078125 -15.107421875 -23.02734375 15.09375 -15.060546875 -23.41015625 12.251953125 -17.68359375 -22.25 12.353515625 0.4765625 -28.359375 11.1875 3.283203125 8.884765625 -30.46875 -17.91796875 18.37109375 17.904296875 -16.576171875 20.412109375 16.50390625 -16.96875 -17.544921875 20.72265625 -17.599609375 -15.64453125 21.66796875 -19.44921875 -18.0859375 19.40625 -20.345703125 -16.0078125 20.33203125 -15.107421875 -23.02734375 -16.046875 -14.763671875 -21.6328125 -18.240234375 -18.16015625 18.87109375 -19.35546875 -16.693359375 17.1484375 -21.12890625 24.34765625 19.494140625 -8.587890625 22.111328125 21.646484375 -8.513671875 24.125 19.306640625 -5.8203125 15.384765625 21.41015625 16.998046875 17.017578125 20.193359375 16.10546875 -5.185546875 11.666015625 -29.095703125 -2.3046875 -14.69140625 27.251953125 0.451171875 -29.1015625 -12.43359375 -24.173828125 -2.76171875 19.6875 30.181640625 8.779296875 2.330078125 16.033203125 23.01171875 -16.046875 19.7890625 23.638671875 -8.4921875 6.07421875 20.68359375 21.20703125 -10.77734375 -26.298828125 -0.326171875 16.005859375 23.35546875 15.212890625 13.98828125 24.607421875 15.892578125 16.27734375 24.291015625 12.857421875 14.3046875 25.935546875 13.345703125 -20.80859375 -10.734375 -21.755859375 -23.708984375 -8.232421875 -20.162109375 19.96484375 -23.892578125 7.634765625 17.279296875 -25.3828125 7.646484375 19.4609375 -23.263671875 10.19140625 16.779296875 -24.591796875 10.1796875 -20.734375 -17.6171875 16.916015625 -18.6484375 -19.31640625 18.58203125 13.71484375 22.86328125 18.2265625 0.318359375 26.998046875 3.787109375 3.3828125 -30.9609375 -3.439453125 8.55078125 16.740234375 -25.744140625 8.57421875 19.494140625 -24.361328125 3.173828125 -8.935546875 29.4140625 9.384765625 -30.05859375 -9.3984375 -27.197265625 5.59375 14.150390625 -27.708984375 2.837890625 14.513671875 15.158203125 2.771484375 27.232421875 24.33984375 8.099609375 19.021484375 13.87890625 -13.423828125 -25.658203125 -29.314453125 -0.005859375 -12.705078125 16.033203125 -15.578125 -23.49609375 -7.87109375 -14.32421875 -27.6015625 -25.994140625 2.765625 -18.060546875 -27.525390625 2.796875 -15.30859375 -10.158203125 -21.234375 20.75390625 -5.24609375 -11.810546875 28.392578125 30.46484375 5.740234375 5.26953125 -17.93359375 -13.02734375 -22.99609375 28.234375 2.767578125 14.234375 9.4609375 -30.486328125 2.369140625 12.86328125 -30.451171875 2.46875 -16.8828125 -5.53125 -26.625 25.830078125 13.50390625 13.03515625 17.806640625 26.140625 -6 8.486328125 -25.033203125 16.115234375 5.59375 -24.724609375 15.966796875 -16.8828125 26.140625 -6 -13.853515625 27.1171875 -8.810546875 -5.751953125 31.841796875 -0.474609375 -2.59375 32.11328125 -3.53125 0.423828125 29.140625 -5.4453125 -10.818359375 27.408203125 -11.796875 -7.759765625 26.724609375 -14.56640625 -13.7421875 -8.27734375 -27.39453125 3.271484375 29.30078125 -9.134765625 28.451171875 14.82421875 -3.28125 26.91796875 17.576171875 -3.25 29.55078125 -0.01171875 11.498046875 28.71484375 -11.494140625 5.0546875 9.26171875 29.7578125 -3.005859375 14.00390625 25.4140625 -14.017578125 27.587890625 -14.32421875 -8.810546875 -19.771484375 -13.150390625 19.791015625 -8.740234375 31.1015625 2.57421875 27.703125 -11.2109375 -11.6796875 0.486328125 -17.248046875 25.486328125 -25.95703125 17.5078125 5.107421875 -23.421875 19.494140625 7.634765625 -24.4921875 -16.564453125 10.3359375 -23.421875 -19.509765625 7.634765625 -10.6484375 -11.13671875 -27.478515625 21.71484375 21.244140625 -11.109375 17.806640625 -26.15625 5.046875 15.08984375 -27.66796875 5.125 14.646484375 -26.87109375 7.779296875 19.248046875 -23.12890625 12.798828125 21.71484375 -21.26171875 10.15625 3.47265625 29.439453125 1.380859375 19.431640625 23.365234375 7.466796875 11.626953125 23.1640625 15.46875 -14.19140625 -25.1484375 -3.45703125 16.35546875 24.767578125 10.279296875 -12.7265625 -24.837890625 -13.556640625 -2.515625 -31.06640625 -9.720703125 17.794921875 -20.873046875 16.857421875 20.109375 -19.62109375 16.939453125 -26.662109375 -14.32421875 7.857421875 6.353515625 5.859375 -30.904296875 5.986328125 -26.15625 -17.8203125 3.267578125 -27.99609375 -15.30859375 -18.162109375 -18.6328125 -19.119140625 -16.693359375 -20.662109375 -17.6328125 23.1796875 -18.6015625 -13.595703125 -7.859375 -24.552734375 19.533203125 -29.982421875 5.8984375 -6.3828125 6.369140625 -30.453125 -6.3828125 -11.33984375 -5.716796875 28.392578125 -2.515625 -31.06640625 8.767578125 15.79296875 15.359375 22.197265625 -28.169921875 -15.1484375 -3.3359375 8.796875 14.306640625 -27.6015625 25.416015625 10.8046875 16.080078125 21.115234375 -17.1640625 16.6796875 -30.873046875 0.0390625 12.24609375 -15.9609375 25.0234375 10.333984375 -15.470703125 24.15625 12.73046875 28.77734375 -5.720703125 -15.376953125 27.244140625 -8.173828125 -14.552734375 -25.46484375 -11.173828125 16.55859375 27.21875 17.822265625 -0.505859375 24.828125 19.962890625 -0.470703125 -14.35546875 22.095703125 14.2890625 26.291015625 -0.01171875 -17.48046875 26.451171875 -2.744140625 -17.65234375 26.611328125 17.3359375 -6 -2.353515625 20.638671875 -25.78515625 -2.341796875 14.814453125 -28.447265625 23.91796875 19.197265625 -3.041015625 8.19921875 -22.560546875 18.228515625 20.2890625 15.12109375 -20.302734375 23.482421875 15.5625 15.09375 -18.587890625 -13.556640625 22.9296875 15.294921875 -27.99609375 2.330078125 12.544921875 -29.63671875 5.443359375 -24.173828125 2.74609375 -20.640625 -24.4921875 -16.564453125 -11.2890625 3.267578125 -27.99609375 14.35546875 -27.455078125 11.427734375 -11.93359375 26.03125 -5.38671875 -17.37109375 -28.40625 -11.810546875 -6.185546875 -23.421875 -19.509765625 -8.587890625 -24.900390625 -13.517578125 -13.986328125 -28.859375 12.048828125 -0.474609375 -20.638671875 10.5703125 -21.54296875 27.01953125 -17.69140625 -0.474609375 25.884765625 -13.548828125 13.064453125 -7.548828125 -27.423828125 2.720703125 8.57421875 -23.892578125 -19.978515625 -11.921875 -0.0078125 -30.67578125 -7.93359375 8.390625 -28.994140625 -12.556640625 -18.404296875 -22.99609375 11.095703125 21.244140625 -21.73046875 -2.67578125 25.63671875 6.595703125 3.30859375 21.140625 18.40234375 -15.181640625 -15.677734375 22.689453125 -10.84765625 11.302734375 26.955078125 10.01171875 -3.025390625 31.298828125 22.2421875 5.326171875 21.39453125 18.841796875 18.37109375 17.904296875 25.416015625 10.8046875 -17.03125 29.287109375 -2.900390625 -15.71875 25.099609375 -2.76171875 -20.640625 19.849609375 -19.396484375 -15.283203125 -16.3203125 -25.400390625 10.404296875 -12.97265625 -25.25 12.853515625 12.658203125 -29.744140625 -0.466796875 19.39453125 -18.9140625 18.41015625 16.263671875 -16.001953125 -20.013671875 23.09765625 22.626953125 -0.474609375 -26.4609375 17.826171875 -6.169921875 -27.41796875 14.685546875 -9.03515625 -25.015625 5.458984375 -17.37109375 -25.380859375 5.435546875 16.63671875 -23.6640625 7.865234375 15.423828125 -26.283203125 8.17578125 13.552734375</float_array>
                    <technique_common>
                        <accessor count="1538" source="#pointarray0" stride="3">
                            <param name="X" type="float"/>
                            <param name="Y" type="float"/>
                            <param name="Z" type="float"/>
                        </accessor>
                    </technique_common>
                </source>
                <source id="uvs0">
                    <float_array id="uvarray0" count="3890">0.0213623046875 -1.14697265625 0.02978515625 -1.1129150390625 0.078369140625 -1.173828125 0.083740234375 -1.1346435546875 0.14111328125 -1.1527099609375 0.084716796875 -1.0872802734375 0.1419677734375 -1.103759765625 0.14111328125 -1.0487060546875 0.203857421875 -1.11767578125 0.20361328125 -1.06103515625 0.26806640625 -1.07080078125 0.201171875 -0.9996337890625 0.268798828125 -1.0023193359375 0.264892578125 -0.94189453125 0.334716796875 -1.009521484375 0.3331298828125 -0.9468994140625 0.4017333984375 -0.9493408203125 0.3359375 -0.8668212890625 0.4022216796875 -0.872802734375 0.4017333984375 -0.812255859375 0.470458984375 -0.87060546875 0.4744873046875 -0.8104248046875 0.54736328125 -0.80712890625 0.4744873046875 -0.732421875 0.5498046875 -0.7327880859375 0.55126953125 -0.6591796875 0.6224365234375 -0.7291259765625 0.6275634765625 -0.6573486328125 0.6806640625 -0.6522216796875 0.62939453125 -0.5845947265625 0.687255859375 -0.586181640625 0.68798828125 -0.5167236328125 0.7547607421875 -0.5855712890625 0.750244140625 -0.5196533203125 0.831298828125 -0.516845703125 0.754150390625 -0.4490966796875 0.825439453125 -0.44970703125 0.8167724609375 -0.384033203125 0.8878173828125 -0.450927734375 0.8780517578125 -0.386474609375 0.9381103515625 -0.3857421875 0.8658447265625 -0.3240966796875 0.9208984375 -0.324951171875 0.91650390625 -0.26025390625 0.9697265625 -0.3240966796875 0.9547119140625 -0.2650146484375 0.9908447265625 -0.26123046875 0.20361328125 -1.1680908203125 0.26806640625 -1.1793212890625 0.268310546875 -1.128173828125 0.3345947265625 -1.135009765625 0.33447265625 -1.0771484375 0.3997802734375 -1.066650390625 0.4013671875 -1.012939453125 0.4686279296875 -1.0091552734375 0.4703369140625 -0.9468994140625 0.53857421875 -0.94189453125 0.539306640625 -0.868896484375 0.60595703125 -0.861083984375 0.612548828125 -0.7958984375 0.68115234375 -0.7908935546875 0.6754150390625 -0.7191162109375 0.7576904296875 -0.7210693359375 0.7567138671875 -0.651611328125 0.826904296875 -0.651611328125 0.8330078125 -0.5845947265625 0.890380859375 -0.58349609375 0.894287109375 -0.517333984375 0.9521484375 -0.5174560546875 0.9453125 -0.451171875 1.0015869140625 -0.4490966796875 0.976806640625 -0.389404296875 1.0281982421875 -0.384033203125 1.01123046875 -0.320556640625 1.975341796875 0.9642333984375 1.9898681640625 0.90087890625 1.927978515625 0.96533203125 1.9503173828125 0.90478515625 1.8780517578125 0.89990234375 1.94921875 0.83349609375 1.88330078125 0.833251953125 1.886962890625 0.76611328125 1.809326171875 0.831298828125 1.8177490234375 0.765625 1.756591796875 0.76611328125 1.821533203125 0.6983642578125 1.7574462890625 0.697265625 1.7532958984375 0.628173828125 1.6844482421875 0.6962890625 1.6802978515625 0.626708984375 1.6043701171875 0.6268310546875 1.6744384765625 0.557861328125 1.60400390625 0.5540771484375 1.600341796875 0.4837646484375 1.52587890625 0.55712890625 1.528076171875 0.4818115234375 1.4534912109375 0.48095703125 1.52880859375 0.4088134765625 1.4580078125 0.4097900390625 1.459716796875 0.336669921875 1.3887939453125 0.4163818359375 1.3914794921875 0.34130859375 1.32421875 0.3468017578125 1.3919677734375 0.2711181640625 1.3253173828125 0.2806396484375 1.3248291015625 0.2158203125 1.2598876953125 0.2879638671875 1.258544921875 0.2225341796875 1.194091796875 0.233154296875 1.2513427734375 0.143310546875 1.1915283203125 0.17626953125 0.334716796875 -1.2215576171875 0.3355712890625 -1.177490234375 0.4017333984375 -1.18115234375 0.4017333984375 -1.137451171875 0.4688720703125 -1.135009765625 0.463134765625 -1.052978515625 0.5335693359375 -1.0606689453125 0.5313720703125 -0.9888916015625 0.5985107421875 -0.9849853515625 0.6038818359375 -0.930908203125 0.6710205078125 -0.9259033203125 0.677978515625 -0.8609619140625 0.7381591796875 -0.85009765625 0.7513427734375 -0.7882080078125 0.8157958984375 -0.7845458984375 0.825439453125 -0.7196044921875 0.8768310546875 -0.714111328125 0.8775634765625 -0.6478271484375 0.9476318359375 -0.6510009765625 0.953857421875 -0.5845947265625 1.0059814453125 -0.5845947265625 1.0035400390625 -0.517333984375 1.0479736328125 -0.516845703125 1.0404052734375 -0.44970703125 -0.1201171875 0.5634765625 -0.1348876953125 0.620849609375 -0.0625 0.5579833984375 -0.0557861328125 0.626708984375 -0.0120849609375 0.612060546875 -0.0643310546875 0.693115234375 -0.0205078125 0.6778564453125 -0.028076171875 0.74462890625 0.0504150390625 0.6759033203125 0.042724609375 0.7435302734375 0.1199951171875 0.7437744140625 0.038330078125 0.81201171875 0.1138916015625 0.812255859375 0.1121826171875 0.8812255859375 0.1785888671875 0.8076171875 0.17724609375 0.8814697265625 0.25341796875 0.8814697265625 0.1806640625 0.9541015625 0.25439453125 0.9560546875 0.2537841796875 1.0335693359375 0.326904296875 0.9580078125 0.3291015625 1.033203125 0.40234375 1.0323486328125 0.3294677734375 1.1068115234375 0.40185546875 1.1070556640625 0.3968505859375 1.162109375 0.4747314453125 1.1038818359375 0.46484375 1.1602783203125 0.5306396484375 1.1519775390625 0.4644775390625 1.2352294921875 0.5306396484375 1.2275390625 0.532470703125 1.30615234375 0.598388671875 1.22265625 0.600830078125 1.2967529296875 0.6524658203125 1.27294921875 -1.1866455078125 2.1995849609375 -1.1314697265625 2.217529296875 -1.1884765625 2.13818359375 -1.135009765625 2.1578369140625 -1.1402587890625 2.0947265625 -1.071533203125 2.16845703125 -1.0745849609375 2.1031494140625 -1.0078125 2.1107177734375 -1.0792236328125 2.035888671875 -1.010498046875 2.0419921875 -1.0145263671875 1.9727783203125 -0.9420166015625 2.0501708984375 -0.942626953125 1.97607421875 -0.8709716796875 1.9779052734375 -0.94287109375 1.9000244140625 -0.8709716796875 1.9013671875 -0.8709716796875 1.8272705078125 -0.799072265625 1.9000244140625 -0.7982177734375 1.826171875 -0.724365234375 1.825439453125 -0.797119140625 1.75341796875 -0.7230224609375 1.75341796875 -0.7237548828125 1.681640625 -0.649169921875 1.75341796875 -0.6510009765625 1.6827392578125 -0.578369140625 1.6837158203125 -0.654296875 1.6116943359375 -0.5826416015625 1.614013671875 -0.5889892578125 1.5455322265625 -0.513916015625 1.6168212890625 -0.521240234375 1.5499267578125 -0.4559326171875 1.5528564453125 -0.532958984375 1.4876708984375 -0.466552734375 1.4893798828125 -0.4747314453125 1.42724609375 -1.147216796875 2.02978515625 -1.1534423828125 1.9617919921875 -1.0811767578125 1.9642333984375 -1.0843505859375 1.8931884765625 -1.0152587890625 1.897705078125 -1.017578125 1.825439453125 -0.9437255859375 1.826171875 -0.945556640625 1.754150390625 -0.8709716796875 1.7545166015625 -0.8702392578125 1.677001953125 -0.7945556640625 1.6807861328125 -0.7978515625 1.6005859375 -0.718505859375 1.607666015625 -0.7215576171875 1.528076171875 -0.6588134765625 1.5413818359375 -0.66259765625 1.4710693359375 -0.6004638671875 1.484619140625 -0.6048583984375 1.4189453125 -0.5401611328125 1.4227294921875 -0.5340576171875 1.345947265625 -0.478271484375 1.3631591796875 -0.8411865234375 -0.038818359375 -0.77099609375 -0.034912109375 -0.833251953125 -0.1075439453125 -0.7698974609375 -0.0908203125 -0.7703857421875 -0.1541748046875 -0.7015380859375 -0.1114501953125 -0.701904296875 -0.161376953125 -0.6365966796875 -0.1461181640625 -0.7042236328125 -0.212646484375 -0.6365966796875 -0.209228515625 -0.6365966796875 -0.2764892578125 -0.569580078125 -0.2154541015625 -0.568115234375 -0.27880859375 -0.499755859375 -0.2838134765625 -0.5667724609375 -0.3486328125 -0.4971923828125 -0.3529052734375 -0.494873046875 -0.424560546875 -0.4283447265625 -0.358642578125 -0.424560546875 -0.4290771484375 -0.354248046875 -0.432861328125 -0.4200439453125 -0.4993896484375 -0.348388671875 -0.501708984375 -0.3441162109375 -0.5712890625 -0.28662109375 -0.508056640625 -0.2813720703125 -0.5745849609375 -0.1983642578125 -0.57275390625 -0.27880859375 -0.6409912109375 -0.198974609375 -0.640625 -0.2041015625 -0.70703125 -0.1307373046875 -0.64111328125 -0.13232421875 -0.710205078125 0.052734375 0.6051025390625 0.1259765625 0.605712890625 0.1256103515625 0.676513671875 0.185302734375 0.6610107421875 0.180908203125 0.7332763671875 0.2552490234375 0.73095703125 0.25439453125 0.8067626953125 0.308349609375 0.80224609375 0.3143310546875 0.8875732421875 0.3851318359375 0.887451171875 0.39453125 0.9644775390625 0.4755859375 0.9580078125 0.477294921875 1.029541015625 0.5516357421875 1.0269775390625 0.547119140625 1.099365234375 0.6087646484375 1.0875244140625 0.603271484375 1.1553955078125 0.67041015625 1.150634765625 0.6597900390625 1.2120361328125 0.7208251953125 1.2047119140625 0.70947265625 1.2615966796875 -0.7840576171875 0.0826416015625 -0.7117919921875 0.120361328125 -0.7747802734375 0.03955078125 -0.7060546875 0.0469970703125 -0.7044677734375 0.005126953125 -0.63671875 0.052001953125 -0.6365966796875 0.007568359375 -0.56884765625 0.005126953125 -0.6365966796875 -0.036865234375 -0.5701904296875 -0.0462646484375 -0.571044921875 -0.100830078125 -0.505859375 -0.0584716796875 -0.5054931640625 -0.1085205078125 -0.43896484375 -0.1083984375 -0.503662109375 -0.1580810546875 -0.4384765625 -0.164794921875 -0.43603515625 -0.2261962890625 -0.3841552734375 -0.1900634765625 -0.3892822265625 -0.263427734375 -0.313232421875 -0.2493896484375 -0.3673095703125 -0.2998046875 -0.305908203125 -0.3104248046875 -0.2952880859375 -0.371826171875 -0.2449951171875 -0.3177490234375 -0.2410888671875 -0.38427734375 -0.173828125 -0.384033203125 -0.2235107421875 -0.4447021484375 -0.15478515625 -0.44140625 -0.14111328125 -0.5045166015625 -0.08935546875 -0.4395751953125 -0.1019287109375 -0.504638671875 -1.28515625 -0.50439453125 -1.2474365234375 -0.5052490234375 -1.2796630859375 -0.5740966796875 -1.2301025390625 -0.5748291015625 -1.2364501953125 -0.64111328125 -1.1806640625 -0.57470703125 -1.189453125 -0.64111328125 -1.131591796875 -0.64111328125 -1.18701171875 -0.708251953125 -1.123291015625 -0.70703125 -1.10693359375 -0.7694091796875 -1.0557861328125 -0.7080078125 -1.0595703125 -0.77587890625 -1.007568359375 -0.7830810546875 -1.0516357421875 -0.8416748046875 -1.001220703125 -0.853515625 -0.9852294921875 -0.9166259765625 -0.9267578125 -0.855712890625 -0.9293212890625 -0.934814453125 -0.85498046875 -0.93994140625 -0.906005859375 -0.9818115234375 -0.840576171875 -0.9898681640625 -0.8353271484375 -1.0518798828125 -0.7734375 -0.9984130859375 -0.7689208984375 -1.0567626953125 -0.7034912109375 -1.0662841796875 -0.766845703125 -1.1142578125 -0.702880859375 -1.1285400390625 -0.703125 -1.1864013671875 -0.63671875 -1.1314697265625 -1.0062255859375 1.02587890625 -0.9466552734375 1.0439453125 -1.0155029296875 0.9652099609375 -0.948486328125 0.97412109375 -0.9554443359375 0.9014892578125 -0.883056640625 0.966796875 -0.8934326171875 0.88818359375 -0.8079833984375 0.888671875 -0.9007568359375 0.802001953125 -0.8121337890625 0.8084716796875 -0.8135986328125 0.7237548828125 -0.7354736328125 0.8118896484375 -0.7373046875 0.72607421875 -0.6607666015625 0.728515625 -0.73828125 0.6795654296875 -0.6636962890625 0.682861328125 -0.6630859375 0.6151123046875 -0.587890625 0.6881103515625 -0.5865478515625 0.6142578125 -0.520263671875 0.615966796875 -0.596435546875 0.5469970703125 -0.5244140625 0.5455322265625 -0.5218505859375 0.4725341796875 -0.447509765625 0.54443359375 -0.4520263671875 0.4757080078125 -0.3834228515625 0.4783935546875 -0.4559326171875 0.4058837890625 -0.388671875 0.41064453125 -0.3970947265625 0.3448486328125 -0.9615478515625 0.8245849609375 -0.9609375 0.7598876953125 -0.892578125 0.739013671875 -0.8887939453125 0.6881103515625 -0.8128662109375 0.681640625 -0.8140869140625 0.6142578125 -0.738525390625 0.6151123046875 -0.7388916015625 0.5433349609375 -0.6678466796875 0.54638671875 -0.66650390625 0.4677734375 -0.5941162109375 0.469970703125 -0.591552734375 0.393798828125 -0.5291748046875 0.405029296875 -0.5311279296875 0.333251953125 -0.462158203125 0.337890625 -0.4713134765625 0.2757568359375 -0.4075927734375 0.283447265625 -0.3466796875 0.290771484375 -0.4166259765625 0.2244873046875 -0.3572998046875 0.233154296875 -0.359375 0.1732177734375 -0.7716064453125 -1.27978515625 -0.768310546875 -1.22998046875 -0.7044677734375 -1.287353515625 -0.70361328125 -1.24072265625 -0.6365966796875 -1.2393798828125 -0.6365966796875 -1.1939697265625 -0.5697021484375 -1.1903076171875 -0.572998046875 -1.1121826171875 -0.5057373046875 -1.1138916015625 -0.5701904296875 -1.0621337890625 -0.501953125 -1.0635986328125 -0.5001220703125 -0.997802734375 -0.4366455078125 -1.0550537109375 -0.43603515625 -0.98583984375 -0.3673095703125 -0.982421875 -0.43115234375 -0.919921875 -0.36083984375 -0.9169921875 -0.354248046875 -0.8494873046875 -0.302734375 -0.904541015625 -0.2984619140625 -0.835693359375 -0.22021484375 -0.8326416015625 -0.2899169921875 -0.7716064453125 -0.2064208984375 -0.7750244140625 -0.137939453125 -0.778564453125 1.0784912109375 0.8450927734375 1.0750732421875 0.92041015625 1.1514892578125 0.8458251953125 1.1572265625 0.92431640625 1.228515625 0.92236328125 1.151611328125 1.00634765625 1.2174072265625 1.0028076171875 1.1824951171875 1.0540771484375 1.264404296875 0.9859619140625 1.2491455078125 1.0614013671875 1.320068359375 1.0665283203125 1.2510986328125 1.13330078125 1.3199462890625 1.1263427734375 1.3238525390625 1.178466796875 1.387451171875 1.11669921875 1.3914794921875 1.19091796875 1.459716796875 1.195556640625 1.3927001953125 1.2545166015625 1.4583740234375 1.251708984375 1.4591064453125 1.31640625 1.525634765625 1.252197265625 1.5238037109375 1.302490234375 1.587890625 1.2879638671875 1.524169921875 1.344482421875 1.5960693359375 1.3681640625 1.5980224609375 1.40966796875 0.53662109375 0.0540771484375 0.5362548828125 0.0159912109375 0.469482421875 0.0615234375 0.468994140625 0.0177001953125 0.4017333984375 0.0145263671875 0.4688720703125 -0.0272216796875 0.4017333984375 -0.03173828125 0.4017333984375 -0.089599609375 0.3345947265625 -0.0343017578125 0.33447265625 -0.0921630859375 0.26806640625 -0.0985107421875 0.333984375 -0.1551513671875 0.2667236328125 -0.1610107421875 0.266845703125 -0.233642578125 0.201171875 -0.169677734375 0.19921875 -0.2373046875 0.1324462890625 -0.2432861328125 0.1951904296875 -0.3043212890625 0.12548828125 -0.308349609375 0.1192626953125 -0.3763427734375 0.0604248046875 -0.3153076171875 0.052001953125 -0.381103515625 -0.01318359375 -0.384033203125 0.04443359375 -0.4478759765625 -0.0218505859375 -0.44970703125 -0.7686767578125 -1.1796875 -0.8323974609375 -1.1658935546875 -0.833984375 -1.11376953125 -0.897216796875 -1.105224609375 -0.9007568359375 -1.0455322265625 -0.9600830078125 -1.0328369140625 -0.966064453125 -0.9705810546875 -1.0283203125 -0.964599609375 -1.041015625 -0.9052734375 -1.1007080078125 -0.9017333984375 -1.10205078125 -0.8348388671875 -1.1556396484375 -0.833984375 -1.1717529296875 -0.770263671875 -1.22412109375 -0.7723388671875 -1.2384033203125 -0.7083740234375 0.0596923828125 0.5401611328125 0.127197265625 0.53564453125 0.1954345703125 0.53173828125 0.1300048828125 0.46875 0.1961669921875 0.4637451171875 0.1951904296875 0.39453125 0.2613525390625 0.451904296875 0.2618408203125 0.388916015625 0.328857421875 0.3917236328125 0.261962890625 0.3310546875 0.328125 0.349609375 0.3291015625 0.2802734375 0.394775390625 0.3450927734375 0.3963623046875 0.27978515625 0.4627685546875 0.2867431640625 0.3968505859375 0.2352294921875 0.4639892578125 0.2427978515625 0.469970703125 0.1856689453125 0.53564453125 0.2364501953125 0.5362548828125 0.208251953125 -0.7689208984375 -0.2255859375 -0.771484375 -0.288818359375 -0.7052001953125 -0.27880859375 -0.7056884765625 -0.3529052734375 -0.6365966796875 -0.3466796875 -0.6370849609375 -0.422119140625 -0.56591796875 -0.4212646484375 -0.564697265625 -0.4945068359375 -0.492431640625 -0.496826171875 -0.4901123046875 -0.5692138671875 -0.4195556640625 -0.5712890625 -0.419677734375 -0.6416015625 -0.3450927734375 -0.6412353515625 -0.3441162109375 -0.7109375 -0.280517578125 -0.70751953125 -0.9129638671875 -0.3648681640625 -0.844970703125 -0.358642578125 -0.9190673828125 -0.432861328125 -0.8487548828125 -0.4290771484375 -0.853271484375 -0.4993896484375 -0.781494140625 -0.4202880859375 -0.7808837890625 -0.496826171875 -0.7091064453125 -0.493408203125 -0.7840576171875 -0.56787109375 -0.7093505859375 -0.568359375 -0.7100830078125 -0.639892578125 -0.6365966796875 -0.5670166015625 -0.6365966796875 -0.64111328125 -0.5628662109375 -0.64111328125 -0.6361083984375 -0.715087890625 -0.5638427734375 -0.7138671875 -0.566162109375 -0.78515625 -0.4935302734375 -0.7105712890625 -0.4990234375 -0.777587890625 -0.424560546875 -0.7789306640625 -0.4964599609375 -0.85595703125 -0.4261474609375 -0.8514404296875 0.25634765625 0.6556396484375 0.2608642578125 0.591796875 0.3291015625 0.65380859375 0.3297119140625 0.58251953125 0.40087890625 0.5809326171875 0.330322265625 0.529541015625 0.3961181640625 0.5294189453125 0.3968505859375 0.451904296875 0.464111328125 0.531005859375 0.4639892578125 0.457763671875 0.5296630859375 0.4664306640625 0.4617919921875 0.3990478515625 0.5205078125 0.4188232421875 0.526123046875 0.3499755859375 0.582763671875 0.4310302734375 0.585693359375 0.3677978515625 0.6380615234375 0.3909912109375 0.58984375 0.31298828125 0.641845703125 0.3377685546875 0.661865234375 0.2747802734375 -0.8082275390625 1.12060546875 -0.7393798828125 1.1241455078125 -0.8092041015625 1.0516357421875 -0.7379150390625 1.0531005859375 -0.735107421875 0.9755859375 -0.6678466796875 1.0511474609375 -0.658447265625 0.9752197265625 -0.587158203125 0.971923828125 -0.66015625 0.8885498046875 -0.5780029296875 0.889892578125 -0.5770263671875 0.807861328125 -0.5252685546875 0.9024658203125 -0.5181884765625 0.8291015625 -0.4488525390625 0.8280029296875 -0.515380859375 0.7613525390625 -0.4539794921875 0.756103515625 -0.4539794921875 0.6846923828125 -0.390380859375 0.7489013671875 -0.3818359375 0.68212890625 -0.3111572265625 0.6812744140625 -0.373779296875 0.6142578125 -0.3006591796875 0.614990234375 -0.308837890625 0.54638671875 2.0306396484375 0.901123046875 2.0184326171875 0.9666748046875 1.9599609375 1.026611328125 1.9111328125 1.0257568359375 1.8504638671875 1.0234375 1.8946533203125 1.0830078125 1.84130859375 1.083984375 1.825927734375 1.137939453125 1.785888671875 1.0911865234375 1.7762451171875 1.1507568359375 1.7158203125 1.1583251953125 1.76025390625 1.19677734375 1.7069091796875 1.2119140625 1.7208251953125 1.2867431640625 1.64892578125 1.222900390625 1.66064453125 1.3038330078125 1.6541748046875 1.3392333984375 -0.8370361328125 -0.2264404296875 -0.83740234375 -0.2962646484375 -0.906005859375 -0.2998046875 -0.9779052734375 -0.371826171875 -0.986328125 -0.4375 -0.993896484375 -0.5042724609375 -1.0516357421875 -0.4405517578125 -1.060302734375 -0.5062255859375 -1.122802734375 -0.5074462890625 -1.066162109375 -0.5733642578125 -1.129150390625 -0.5738525390625 1.4581298828125 1.3592529296875 1.3919677734375 1.3702392578125 1.39208984375 1.31298828125 1.3248291015625 1.31640625 1.3253173828125 1.251220703125 1.260009765625 1.2435302734375 1.25439453125 1.17919921875 1.190673828125 1.180908203125 1.182861328125 1.1248779296875 1.116943359375 1.11474609375 1.1231689453125 1.044921875 1.0614013671875 1.039794921875 1.0784912109375 0.996337890625 0.995849609375 0.9793701171875 0.916259765625 0.8436279296875 0.9979248046875 0.8414306640625 0.9219970703125 0.765869140625 0.993408203125 0.7691650390625 0.9937744140625 0.6990966796875 1.0714111328125 0.7725830078125 1.0703125 0.70263671875 1.1468505859375 0.700439453125 1.07666015625 0.628173828125 1.1461181640625 0.628173828125 1.147216796875 0.5458984375 1.21337890625 0.6234130859375 1.2099609375 0.544677734375 1.2655029296875 0.544921875 1.18310546875 0.4791259765625 1.2501220703125 0.4705810546875 1.25390625 0.4075927734375 1.319580078125 0.4642333984375 1.3214111328125 0.414794921875 0.86474609375 1.0299072265625 0.9193115234375 1.0299072265625 0.847412109375 0.9677734375 0.9288330078125 0.9677734375 0.9197998046875 0.9093017578125 1.0015869140625 0.916259765625 1.1495361328125 0.773193359375 1.21240234375 0.7728271484375 1.2135009765625 0.70068359375 1.2841796875 0.6961669921875 1.299560546875 0.614013671875 1.331787109375 0.6170654296875 -0.8565673828125 -0.5703125 -0.8642578125 -0.64111328125 -0.78955078125 -0.639404296875 -0.7784423828125 -0.709716796875 -0.71044921875 -0.7158203125 -0.7086181640625 -0.7933349609375 -0.6353759765625 -0.7913818359375 -0.637939453125 -0.8621826171875 -0.5672607421875 -0.85400390625 -0.5667724609375 -0.929443359375 -0.49755859375 -0.9288330078125 -1.1722412109375 -0.509521484375 -1.1697998046875 -0.4432373046875 -1.113037109375 -0.4429931640625 -1.0950927734375 -0.3837890625 -1.041015625 -0.376953125 -1.0283203125 -0.3177490234375 -0.9627685546875 -0.314697265625 -0.962890625 -0.2474365234375 -0.9049072265625 -0.23193359375 -0.904052734375 -0.1654052734375 -0.839599609375 -0.1541748046875 1.2974853515625 0.9212646484375 1.289306640625 0.84130859375 1.3402099609375 0.9158935546875 1.345458984375 0.840087890625 1.3919677734375 0.8416748046875 1.347412109375 0.767822265625 1.3919677734375 0.76611328125 1.39208984375 0.690673828125 1.4671630859375 0.76611328125 1.466552734375 0.6915283203125 1.5172119140625 0.694091796875 1.462890625 0.617919921875 1.5255126953125 0.6268310546875 0.2679443359375 -0.3056640625 0.2559814453125 -0.3621826171875 0.329833984375 -0.2841796875 0.3289794921875 -0.35888671875 0.4017333984375 -0.3570556640625 0.321533203125 -0.4312744140625 0.3970947265625 -0.425537109375 0.396484375 -0.5068359375 0.4752197265625 -0.4266357421875 0.47802734375 -0.5030517578125 0.559326171875 -0.5047607421875 0.4742431640625 -0.5838623046875 0.5545654296875 -0.586181640625 1.3873291015625 1.05419921875 1.3919677734375 0.9937744140625 1.4532470703125 1.0474853515625 1.4554443359375 0.98095703125 1.528564453125 0.9765625 1.461181640625 0.9127197265625 1.519287109375 0.900390625 1.527587890625 0.8367919921875 1.6043701171875 0.9056396484375 1.6065673828125 0.8363037109375 1.6844482421875 0.8359375 1.605224609375 0.7666015625 1.6864013671875 0.76611328125 -0.707763671875 -0.4266357421875 -0.6365966796875 -0.491455078125 -0.5638427734375 -0.568359375 -0.4886474609375 -0.64111328125 -0.4207763671875 -0.7099609375 -0.348876953125 -0.7803955078125 2.00146484375 0.5020751953125 1.981201171875 0.4427490234375 1.9599609375 0.505615234375 1.9420166015625 0.4481201171875 1.89453125 0.44921875 1.920166015625 0.3941650390625 1.869140625 0.4019775390625 1.852294921875 0.3558349609375 1.819580078125 0.399658203125 1.80517578125 0.3529052734375 1.763916015625 0.332275390625 1.806884765625 0.30078125 1.761474609375 0.2818603515625 1.763916015625 0.2379150390625 1.708984375 0.2635498046875 1.7099609375 0.216064453125 1.652587890625 0.1981201171875 1.71533203125 0.177001953125 1.6636962890625 0.1387939453125 -0.6370849609375 -1.0672607421875 -0.636962890625 -1.001953125 -0.7052001953125 -1.00341796875 -0.7071533203125 -0.9344482421875 -0.780517578125 -0.943115234375 -0.776611328125 -0.858154296875 -0.8466796875 -0.855712890625 -0.8463134765625 -0.7772216796875 -0.9261474609375 -0.77978515625 -0.93212890625 -0.71044921875 -1.015380859375 -0.7119140625 1.5955810546875 0.41650390625 1.6510009765625 0.439208984375 1.668212890625 0.4898681640625 1.7332763671875 0.496826171875 1.75 0.5570068359375 1.81201171875 0.5628662109375 1.815673828125 0.6312255859375 1.8780517578125 0.6324462890625 1.884521484375 0.6988525390625 1.9451904296875 0.6988525390625 1.94482421875 0.76611328125 1.9962158203125 0.76611328125 -0.4415283203125 -0.0662841796875 -0.3760986328125 -0.0731201171875 -0.376953125 -0.1220703125 -0.320556640625 -0.1397705078125 -0.3271484375 -0.204833984375 -0.2647705078125 -0.2071533203125 -0.25634765625 -0.2608642578125 -0.20751953125 -0.2755126953125 -0.19140625 -0.3297119140625 -0.1435546875 -0.3363037109375 -0.1097412109375 -0.377197265625 -0.0565185546875 -0.377197265625 1.0323486328125 -0.9197998046875 1.00830078125 -0.9876708984375 1.00830078125 -0.91748046875 0.9639892578125 -0.9649658203125 0.91162109375 -0.9366455078125 0.923095703125 -1.0113525390625 0.895263671875 -0.99365234375 0.8568115234375 -1.0406494140625 0.853515625 -0.9803466796875 0.835693359375 -1.0145263671875 0.8038330078125 -1.032958984375 0.8140869140625 -1.080810546875 0.8359375 -1.1129150390625 0.7655029296875 -1.1019287109375 0.79736328125 -1.1651611328125 0.7335205078125 -1.1884765625 -0.3701171875 -0.0244140625 -0.2996826171875 -0.0277099609375 -0.318603515625 -0.091064453125 -0.25927734375 -0.1070556640625 -0.26708984375 -0.1568603515625 -0.2216796875 -0.1756591796875 -0.217529296875 -0.2220458984375 -0.17724609375 -0.23291015625 -0.1680908203125 -0.28857421875 -0.13330078125 -0.2886962890625 -0.0870361328125 -0.32080078125 -0.8260498046875 -1.199462890625 -0.897216796875 -1.2091064453125 -0.8963623046875 -1.1602783203125 -0.95361328125 -1.143798828125 -0.95458984375 -1.0904541015625 -1.0133056640625 -1.0806884765625 -1.0169677734375 -1.021484375 -1.070556640625 -1.0130615234375 -1.0859375 -0.9591064453125 -1.1358642578125 -0.9564208984375 -1.146240234375 -0.8985595703125 0.2535400390625 -0.4365234375 0.18017578125 -0.4395751953125 0.2518310546875 -0.5111083984375 0.1759033203125 -0.5118408203125 0.174072265625 -0.5845947265625 0.1158447265625 -0.515869140625 0.1160888671875 -0.583984375 0.037109375 -0.5845947265625 0.114013671875 -0.652587890625 0.0394287109375 -0.6531982421875 0.04443359375 -0.721435546875 -0.0277099609375 -0.6524658203125 -0.023193359375 -0.720458984375 1.000732421875 0.6290283203125 1.000732421875 0.5555419921875 1.0706787109375 0.5518798828125 1.0655517578125 0.4869384765625 1.1259765625 0.482666015625 1.1156005859375 0.415771484375 1.185546875 0.4129638671875 1.1973876953125 0.37255859375 1.2579345703125 0.353515625 0.3226318359375 0.7274169921875 0.3912353515625 0.71875 0.3885498046875 0.791748046875 0.4781494140625 0.7957763671875 0.474609375 0.885009765625 0.55712890625 0.8836669921875 0.5548095703125 0.9552001953125 0.6295166015625 0.9532470703125 0.6253662109375 1.0247802734375 -1.0908203125 1.82421875 -1.0926513671875 1.75341796875 -1.0189208984375 1.75341796875 -1.0213623046875 1.6815185546875 -0.9510498046875 1.6800537109375 -0.9429931640625 1.6005859375 -0.872802734375 1.618896484375 -0.87353515625 1.534912109375 -0.8023681640625 1.5289306640625 -0.79931640625 1.446044921875 -0.72509765625 1.4560546875 0.8150634765625 -0.31494140625 0.7994384765625 -0.2557373046875 0.7430419921875 -0.3153076171875 0.73291015625 -0.25341796875 0.6710205078125 -0.2432861328125 0.7283935546875 -0.1885986328125 0.6658935546875 -0.1802978515625 0.662353515625 -0.12060546875 0.602294921875 -0.169677734375 0.601806640625 -0.10546875 0.5362548828125 -0.0955810546875 0.6104736328125 -0.0313720703125 0.5396728515625 -0.017822265625 0.4010009765625 -0.733154296875 0.3284912109375 -0.73388671875 0.3314208984375 -0.804443359375 0.265869140625 -0.794677734375 0.2650146484375 -0.868408203125 0.1962890625 -0.8631591796875 0.1981201171875 -0.934326171875 0.1324462890625 -0.9259033203125 0.1319580078125 -0.9979248046875 0.0694580078125 -0.9859619140625 0.0828857421875 -1.0352783203125 0.06494140625 0.47705078125 0.0684814453125 0.4173583984375 0.1259765625 0.3935546875 0.1312255859375 0.348388671875 0.1956787109375 0.337890625 0.1954345703125 0.2867431640625 0.2618408203125 0.2796630859375 0.2613525390625 0.2352294921875 0.3291015625 0.2327880859375 0.3292236328125 0.1929931640625 0.3975830078125 0.1884765625 0.6802978515625 -0.447021484375 0.675537109375 -0.3822021484375 0.624267578125 -0.43896484375 0.6197509765625 -0.36669921875 0.54736328125 -0.3621826171875 0.606689453125 -0.30615234375 0.545166015625 -0.2884521484375 0.5360107421875 -0.2340087890625 0.4736328125 -0.2841796875 0.4683837890625 -0.234375 0.402099609375 -0.23193359375 0.469482421875 -0.1551513671875 0.4017333984375 -0.1527099609375 1.7723388671875 0.203857421875 1.825927734375 0.2379150390625 1.81103515625 0.26171875 1.857421875 0.30078125 1.8409423828125 0.3172607421875 1.896484375 0.3470458984375 1.920166015625 0.332275390625 1.9542236328125 0.3858642578125 1.995849609375 0.3648681640625 2.012939453125 0.4354248046875 -0.15234375 -1.1253662109375 -0.2027587890625 -1.1693115234375 -0.1712646484375 -1.1065673828125 -0.217529296875 -1.1456298828125 -0.2216796875 -1.1065673828125 -0.2647705078125 -1.1693115234375 -0.26708984375 -1.1253662109375 -0.3197021484375 -1.143798828125 -0.26513671875 -1.074462890625 -0.318603515625 -1.0904541015625 -0.313232421875 -1.0328369140625 -0.3834228515625 -1.0916748046875 -0.37255859375 -1.04541015625 1.86181640625 0.96142578125 1.798828125 0.9627685546875 1.7962646484375 1.0301513671875 1.732666015625 1.0341796875 1.7264404296875 1.099609375 1.66357421875 1.109130859375 1.6561279296875 1.17041015625 1.592529296875 1.1810302734375 1.5888671875 1.239013671875 1.7542724609375 0.834716796875 1.7437744140625 0.9010009765625 1.6802978515625 0.9056396484375 1.6744384765625 0.9744873046875 1.603271484375 0.9775390625 1.6026611328125 1.0517578125 1.5281982421875 1.050048828125 1.52880859375 1.123291015625 1.4581298828125 1.122314453125 0.698486328125 0.9512939453125 0.703857421875 0.8814697265625 0.631591796875 0.8814697265625 0.6295166015625 0.8095703125 0.55419921875 0.8070068359375 0.551025390625 0.733642578125 0.4725341796875 0.723876953125 0.4747314453125 0.658935546875 0.40185546875 0.6556396484375 -1.1656494140625 1.8238525390625 -1.1654052734375 1.75341796875 -1.1634521484375 1.6837158203125 -1.235595703125 1.75341796875 -1.2332763671875 1.6849365234375 -1.3004150390625 1.6856689453125 -1.228271484375 1.6165771484375 -1.2945556640625 1.6185302734375 -1.285888671875 1.5528564453125 -0.8902587890625 0.6142578125 -0.9580078125 0.614990234375 -0.8836669921875 0.543701171875 -0.95654296875 0.5440673828125 -0.9549560546875 0.4725341796875 -1.0308837890625 0.54443359375 -1.026611328125 0.4747314453125 -1.095703125 0.4774169921875 -1.0286865234375 0.39990234375 -1.097900390625 0.4046630859375 -1.0830078125 0.341552734375 -0.3984375 0.8128662109375 -0.4093017578125 0.8759765625 -0.4521484375 0.8997802734375 -0.4561767578125 0.9697265625 -0.5289306640625 0.973388671875 -0.5284423828125 1.0494384765625 -0.5986328125 1.051513671875 -0.595947265625 1.1241455078125 -0.6673583984375 1.117431640625 -1.0286865234375 0.8284912109375 -1.0345458984375 0.7576904296875 -1.0281982421875 0.6845703125 -1.092529296875 0.750244140625 -1.097900390625 0.6826171875 -1.16796875 0.6820068359375 -1.09814453125 0.6142578125 -1.1702880859375 0.6142578125 -1.16796875 0.54638671875 0.2630615234375 1.3817138671875 0.2611083984375 1.3143310546875 0.1884765625 1.38916015625 0.1893310546875 1.3101806640625 0.126953125 1.294189453125 0.20068359375 1.2205810546875 0.1282958984375 1.225830078125 0.1241455078125 1.1572265625 0.0601806640625 1.2220458984375 0.052734375 1.1575927734375 -0.010986328125 1.1497802734375 0.057373046875 1.0809326171875 -0.0155029296875 1.082275390625 -0.02978515625 1.01904296875 -0.7384033203125 0.4664306640625 -0.810302734375 0.4676513671875 -0.7384033203125 0.393798828125 -0.8092041015625 0.394287109375 -0.8082275390625 0.3216552734375 -0.880126953125 0.3975830078125 -0.8818359375 0.3179931640625 -0.949951171875 0.32763671875 -0.8792724609375 0.2469482421875 -0.945556640625 0.2596435546875 -0.8001708984375 1.973388671875 -0.7293701171875 1.9697265625 -0.8011474609375 2.0460205078125 -0.73193359375 2.039306640625 -0.7342529296875 2.107666015625 -0.6566162109375 2.0438232421875 -0.661376953125 2.113037109375 -0.6131591796875 2.089111328125 -0.6644287109375 2.1802978515625 -0.6046142578125 2.1629638671875 1.592529296875 0.3511962890625 1.647705078125 0.373779296875 1.71533203125 0.37451171875 1.652587890625 0.3021240234375 1.7099609375 0.3167724609375 0.336669921875 -0.2373046875 0.468994140625 -0.0921630859375 -0.658935546875 1.965087890625 -0.6575927734375 1.893310546875 -0.58056640625 1.9677734375 -0.5870361328125 1.8927001953125 -0.5042724609375 1.89453125 -0.583740234375 1.822265625 -0.521484375 1.823486328125 -0.5113525390625 1.75341796875 -0.4522705078125 1.8216552734375 -0.4390869140625 1.75341796875 -0.2769775390625 1.1822509765625 -0.29150390625 1.16748046875 -0.335693359375 1.22412109375 -0.3568115234375 1.179931640625 -0.4150390625 1.2032470703125 -0.3656005859375 1.1436767578125 -0.42041015625 1.1641845703125 -0.42138671875 1.11669921875 -0.477783203125 1.18212890625 -0.4786376953125 1.1331787109375 -0.5465087890625 1.1309814453125 -0.484130859375 1.0687255859375 -0.5374755859375 1.0948486328125 -1.2462158203125 -0.9052734375 -1.1854248046875 -0.89501953125 -1.225830078125 -0.964599609375 -1.1866455078125 -0.9591064453125 -1.164794921875 -1.0130615234375 -1.1209716796875 -1.0107421875 -1.1087646484375 -1.06201171875 -1.0556640625 -1.0601806640625 -1.0615234375 -1.11865234375 -1.0130615234375 -1.13623046875 -0.43310546875 -0.29150390625 -0.501708984375 -0.217529296875 -0.570068359375 -0.1529541015625 -0.6365966796875 -0.0882568359375 0.31494140625 -0.5086669921875 0.320556640625 -0.5833740234375 0.3995361328125 -0.5848388671875 0.3970947265625 -0.662841796875 0.4754638671875 -0.6605224609375 -0.92919921875 -0.5712890625 -0.9390869140625 -0.64111328125 -0.99951171875 -0.6412353515625 -0.029541015625 -0.0654296875 0.0208740234375 -0.0440673828125 -0.0252685546875 -0.1055908203125 0.0213623046875 -0.086181640625 0.02978515625 -0.1507568359375 0.075439453125 -0.0672607421875 0.08642578125 -0.1390380859375 0.14111328125 -0.12060546875 0.078369140625 -0.1929931640625 0.1375732421875 -0.1802978515625 0.3211669921875 -0.6602783203125 0.2537841796875 -0.6573486328125 0.2513427734375 -0.5843505859375 1.803466796875 0.8968505859375 -0.443603515625 -1.106689453125 -0.4388427734375 -1.1741943359375 -0.376953125 -1.1602783203125 -0.3760986328125 -1.2091064453125 -0.318603515625 -1.191162109375 -0.313232421875 -1.2303466796875 -1.1591796875 1.614013671875 -1.1534423828125 1.545166015625 -1.0889892578125 1.6109619140625 -1.084228515625 1.540283203125 -1.028564453125 1.5245361328125 -1.0792236328125 1.4710693359375 -1.018310546875 1.4552001953125 -1.009033203125 1.39306640625 0.7174072265625 -0.03857421875 0.7664794921875 -0.0673828125 0.7127685546875 -0.092041015625 0.771240234375 -0.100341796875 0.7711181640625 -0.1536865234375 0.8218994140625 -0.11279296875 0.81689453125 -0.16943359375 0.87841796875 -0.15869140625 0.8348388671875 -0.2130126953125 0.9019775390625 -0.2015380859375 0.6640625 -0.9852294921875 0.65771484375 -1.039794921875 0.72509765625 -0.976318359375 0.7197265625 -1.033935546875 0.773681640625 -1.0185546875 0.7144775390625 -1.07958984375 0.764892578125 -1.059326171875 0.53515625 -1.128173828125 0.535400390625 -1.1793212890625 0.599609375 -1.11767578125 0.599853515625 -1.1680908203125 0.662353515625 -1.1527099609375 0.602294921875 -1.2110595703125 0.6658935546875 -1.1942138671875 -1.0528564453125 0.996826171875 -0.986083984375 1.05908203125 -1.054443359375 1.06005859375 -1.055419921875 1.11669921875 -1.1103515625 1.0479736328125 -1.10791015625 1.098388671875 -1.1533203125 1.0794677734375 -1.1103515625 1.142333984375 -1.157470703125 1.1185302734375 0.5916748046875 0.47998046875 0.658935546875 0.4794921875 0.598388671875 0.5401611328125 0.6597900390625 0.5506591796875 0.67041015625 0.612060546875 0.7313232421875 0.5496826171875 0.7335205078125 0.6173095703125 1.9420166015625 1.083984375 1.920166015625 1.137939453125 1.876220703125 1.1356201171875 1.857421875 1.180908203125 1.81103515625 1.18505859375 1.819091796875 1.2451171875 1.7723388671875 1.2645263671875 0.3961181640625 0.3941650390625 0.46240234375 0.338623046875 0.5272216796875 0.2979736328125 0.6009521484375 0.25390625 0.8502197265625 0.8363037109375 0.8555908203125 0.76708984375 0.86376953125 0.6953125 0.773681640625 0.7662353515625 0.775390625 0.697021484375 1.0015869140625 1.342529296875 1.065673828125 1.361572265625 1.02001953125 1.294189453125 1.073974609375 1.316162109375 1.074951171875 1.2686767578125 1.13134765625 1.3341064453125 1.1322021484375 1.28515625 1.1964111328125 1.293212890625 1.1414794921875 1.20458984375 1.200439453125 1.2269287109375 1.258544921875 1.3095703125 1.25830078125 1.3607177734375 1.32470703125 1.3677978515625 1.3240966796875 1.4132080078125 -0.3250732421875 0.8143310546875 -0.333984375 0.8782958984375 -0.3466796875 0.9376220703125 -0.2705078125 0.8768310546875 -0.2890625 0.9322509765625 -0.9473876953125 1.294921875 -0.8779296875 1.3092041015625 -0.945556640625 1.2607421875 -0.8740234375 1.260498046875 -0.8720703125 1.208740234375 -0.8062744140625 1.26171875 -0.8056640625 1.2158203125 -0.7384033203125 1.21826171875 -0.802734375 1.14501953125 -0.73779296875 1.156005859375 0.005615234375 0.48974609375 0.0111083984375 0.43212890625 0.0091552734375 0.3736572265625 -0.042724609375 0.447509765625 -0.0545654296875 0.37841796875 0.201171875 -1.2110595703125 0.2667236328125 -1.223388671875 0.2664794921875 -1.256103515625 0.3319091796875 -1.2845458984375 -0.331787109375 2.022216796875 -0.398681640625 2.015625 -0.34912109375 2.082275390625 -0.4173583984375 2.0687255859375 -0.4305419921875 2.129150390625 -0.4932861328125 2.05810546875 -0.5054931640625 2.1199951171875 -0.5677490234375 2.134033203125 -0.489990234375 2.1981201171875 -0.5460205078125 2.212890625 1.79638671875 0.5020751953125 1.78369140625 0.4427490234375 1.8560791015625 0.505615234375 1.84130859375 0.4481201171875 0.4725341796875 0.585205078125 0.5433349609375 0.591064453125 0.547119140625 0.6634521484375 0.619384765625 0.6671142578125 0.6253662109375 0.7379150390625 -0.4356689453125 -1.294189453125 -0.4989013671875 -1.319580078125 -0.437255859375 -1.262939453125 -0.5047607421875 -1.265869140625 -0.5098876953125 -1.2034912109375 -0.56982421875 -1.279052734375 -0.57177734375 -1.2353515625 -1.0224609375 0.8983154296875 -1.0712890625 0.87841796875 -1.0814208984375 0.8148193359375 -1.1534423828125 0.8148193359375 -1.162109375 0.7491455078125 0.9349365234375 0.6253662109375 0.9361572265625 0.5604248046875 0.9267578125 0.5020751953125 0.8563232421875 0.5654296875 0.861083984375 0.5003662109375 0.8016357421875 -0.8458251953125 0.79345703125 -0.9080810546875 0.8653564453125 -0.844970703125 0.85107421875 -0.9027099609375 0.9044189453125 -0.901611328125 0.834716796875 -0.95556640625 0.8856201171875 -0.953857421875 0.8602294921875 -0.7747802734375 0.93212890625 -0.781494140625 0.93798828125 -0.7159423828125 0.9879150390625 -0.7164306640625 1.0035400390625 -0.6519775390625 1.0479736328125 -0.6524658203125 0.113525390625 0.949951171875 0.1168212890625 1.0196533203125 0.0380859375 0.950927734375 0.0428466796875 1.01904296875 0.1353759765625 0.03271484375 0.1951904296875 0.060302734375 0.1334228515625 0 0.2037353515625 -0.0020751953125 0.203857421875 -0.0516357421875 0.2681884765625 0.009033203125 0.268310546875 -0.041015625 0.4744873046875 -0.35888671875 0.5511474609375 -0.434814453125 0.62744140625 -0.5118408203125 2.03271484375 0.8331298828125 2.078125 0.76611328125 2.03125 0.76611328125 2.0382080078125 0.6983642578125 1.9937744140625 0.6988525390625 1.9954833984375 0.630615234375 1.9576416015625 0.6298828125 -0.23779296875 0.9952392578125 -0.304443359375 0.9862060546875 -0.263916015625 1.03564453125 -0.3193359375 1.033203125 -0.323486328125 1.0794677734375 -0.366455078125 1.0479736328125 -0.3687744140625 1.098388671875 0.2603759765625 1.2435302734375 0.2608642578125 1.168701171875 0.3291015625 1.2459716796875 0.329345703125 1.1651611328125 0.1929931640625 -0.7933349609375 0.19287109375 -0.7218017578125 0.1192626953125 -0.79296875 0.1173095703125 -0.72216796875 0.9517822265625 -0.9027099609375 0.9697265625 -0.84521484375 0.9208984375 -0.8443603515625 -0.3084716796875 -0.96923828125 -0.2490234375 -0.9595947265625 -0.240966796875 -0.8946533203125 -0.166748046875 -0.9027099609375 0.7197265625 -1.1346435546875 0.6568603515625 -1.0953369140625 0.599365234375 -1.059814453125 0.119140625 1.0916748046875 0.1900634765625 1.0946044921875 0.187255859375 1.1748046875 -0.7720947265625 0.0015869140625 -0.842529296875 0.0086669921875 -0.89404296875 -0.07421875 -0.879150390625 -0.1593017578125 -0.94091796875 1.526611328125 -1.0262451171875 1.6048583984375 -1.0908203125 1.6827392578125 1.029296875 -0.8564453125 1.0281982421875 -0.78515625 1.0526123046875 -0.8572998046875 1.083984375 -0.794189453125 1.13134765625 0.1981201171875 1.1322021484375 0.2470703125 1.1392822265625 0.3289794921875 1.074951171875 0.2635498046875 1.0849609375 0.342529296875 1.03173828125 0.3497314453125 -1.0859375 -0.3231201171875 -1.070556640625 -0.2691650390625 -1.1392822265625 -0.3240966796875 -1.13720703125 -0.2601318359375 -1.164794921875 -0.2691650390625 0.068115234375 1.281005859375 0.0684814453125 1.3453369140625 0.01318359375 1.2635498046875 0.0111083984375 1.3306884765625 -0.042724609375 1.315185546875 1.4600830078125 1.39404296875 1.3919677734375 1.4146728515625 -0.868896484375 1.143310546875 -0.931884765625 1.1363525390625 -0.8741455078125 1.1036376953125 -0.931640625 1.08349609375 0.12548828125 -0.8609619140625 0.0604248046875 -0.85400390625 0.0709228515625 -0.9154052734375 -0.9962158203125 1.1295166015625 -0.9990234375 1.18212890625 -1.056396484375 1.1641845703125 1.981201171875 1.0894775390625 1.9542236328125 1.1463623046875 1.920166015625 1.199951171875 -1.2122802734375 2.0228271484375 -1.2291259765625 1.96240234375 -1.236328125 1.8929443359375 0.970458984375 1.27294921875 0.97705078125 1.2314453125 1.0224609375 1.2503662109375 1.0311279296875 1.1888427734375 1.0848388671875 1.196533203125 -0.7384033203125 1.2628173828125 -0.670654296875 1.26025390625 -0.671142578125 1.2158203125 -0.6734619140625 1.1463623046875 -0.604736328125 1.208740234375 -0.6083984375 1.1441650390625 1.8843994140625 0.560546875 1.9361572265625 0.564208984375 -1.148681640625 1.475830078125 -1.212890625 1.483642578125 -1.143310546875 1.4085693359375 -1.20849609375 1.41650390625 -1.20654296875 1.350830078125 1.3875732421875 0.4769287109375 1.39111328125 0.539794921875 1.3167724609375 0.5419921875 0.7838134765625 -0.202392578125 -0.95458984375 -1.191162109375 -1.008544921875 -1.1693115234375 -0.9600830078125 -1.2303466796875 -1.0169677734375 -1.203369140625 -0.1861572265625 -0.9520263671875 -0.207275390625 -1.0064697265625 -0.125732421875 -0.961669921875 -0.1531982421875 -1.0029296875 0.9949951171875 1.0296630859375 0.9896240234375 1.0989990234375 1.0567626953125 1.1019287109375 -0.8780517578125 1.0478515625 -1.3203125 2.0714111328125 -1.3048095703125 2.1253662109375 -1.2652587890625 2.07958984375 -1.24560546875 2.1280517578125 -1.2357177734375 2.1787109375 -0.939453125 2.11572265625 -0.8709716796875 2.1181640625 -0.938720703125 2.1829833984375 -0.8709716796875 2.1849365234375 1.459228515625 0.273681640625 1.4591064453125 0.2158203125 1.5269775390625 0.276123046875 1.5220947265625 0.2366943359375 -0.1463623046875 -0.8450927734375 -0.105712890625 -0.8419189453125 -0.1058349609375 -0.9068603515625 0.752685546875 1.0162353515625 0.6834716796875 1.0164794921875 0.744140625 1.0819091796875 0.6787109375 1.0848388671875 -0.6390380859375 -0.9241943359375 -1.00634765625 1.3275146484375 -1.076904296875 1.3270263671875 -1.0745849609375 1.40380859375 -1.0147705078125 0.3387451171875 -1.0078125 0.27197265625 -0.9449462890625 0.1873779296875 -0.7708740234375 -0.781494140625 -0.0025634765625 -0.320556640625 0.010009765625 -0.26123046875 0.0709228515625 -0.25390625 -0.3790283203125 1.9576416015625 -0.4449462890625 1.95947265625 -0.480712890625 1.996826171875 -0.54345703125 2.01025390625 -0.5618896484375 2.0687255859375 -0.03125 0.813232421875 -0.03271484375 0.8812255859375 -0.100341796875 0.8135986328125 -0.1026611328125 0.8814697265625 -0.220703125 -1.0565185546875 -0.1748046875 -1.0535888671875 0.20361328125 -0.1082763671875 -0.6510009765625 1.82421875 -0.581787109375 0.740966796875 -0.2884521484375 -0.4388427734375 -0.2120361328125 -0.5078125 -0.1336669921875 -0.572021484375 0.2640380859375 0.5272216796875 1.3919677734375 0.6143798828125 -0.4407958984375 1.685546875 -0.5086669921875 1.6849365234375 -0.3580322265625 0.9945068359375 -0.427490234375 0.993408203125 -0.4249267578125 1.057373046875 -0.4534912109375 0.6138916015625 0.1844482421875 -0.653564453125 -0.2152099609375 -0.1341552734375 -0.1712646484375 -0.1756591796875 -0.187744140625 -0.192138671875 -0.1378173828125 -0.2249755859375 -1.11181640625 -0.2196044921875 -1.06494140625 -0.21533203125 -1.0185546875 -0.199951171875 -1.0782470703125 -0.15478515625 -1.0274658203125 -0.1329345703125 -1.1187744140625 0.9945068359375 -1.17236328125 0.9862060546875 -1.130126953125 0.9376220703125 -1.1900634765625 0.933837890625 1.8233642578125 1.2852783203125 1.87109375 1.2451171875 1.8531494140625 1.2208251953125 1.896484375 1.18505859375 1.5953369140625 0.1239013671875 1.590087890625 0.1827392578125 1.5882568359375 0.2373046875 1.5224609375 0.188232421875 0.9134521484375 0.404296875 0.965087890625 0.401611328125 0.9295654296875 0.3536376953125 0.9869384765625 0.36181640625 0.97705078125 0.30078125 1.0224609375 0.2818603515625 0.1165771484375 -0.4466552734375 -0.995361328125 -0.573486328125 -1.030517578125 0.614501953125 -0.7039794921875 -0.039306640625 0.260498046875 1.095947265625 1.7723388671875 0.3858642578125 1.5877685546875 0.2940673828125 0.8623046875 0.6290283203125 0.781494140625 0.628662109375 -0.7347412109375 0.8887939453125 1.0086669921875 0.386474609375 0.9920654296875 0.435791015625 1.0662841796875 0.3798828125 1.0543212890625 0.427978515625 -1.1329345703125 2.273193359375 -1.07958984375 2.30712890625 -1.07177734375 2.234375 -1.00537109375 2.2432861328125 -1.005859375 2.1771240234375 0.6636962890625 -0.0650634765625 0.662353515625 -0.0166015625 -0.540283203125 0.1378173828125 -0.5399169921875 0.2034912109375 -0.477783203125 0.150146484375 -0.4781494140625 0.2156982421875 -0.3135986328125 1.1318359375 -0.2528076171875 1.1004638671875 -0.2728271484375 1.0809326171875 0.26171875 1.5526123046875 0.30419921875 1.49560546875 0.2261962890625 1.5225830078125 0.273681640625 1.47900390625 0.2205810546875 1.4559326171875 0.2965087890625 1.4215087890625 0.2353515625 1.4027099609375 1.287841796875 0.7696533203125 -0.810791015625 0.5428466796875 2.03564453125 0.496826171875 2.0091552734375 0.568603515625 1.975341796875 0.5679931640625 -0.854736328125 -0.7073974609375 -0.956298828125 0.396240234375 -0.49072265625 0.0804443359375 -0.499755859375 0.034423828125 -0.56494140625 0.1116943359375 -0.567138671875 0.0469970703125 -0.5687255859375 -1.0001220703125 -0.4385986328125 -1.224365234375 0.7294921875 -0.912353515625 -0.8709716796875 2.05224609375 0.7821044921875 -0.9649658203125 0.7513427734375 -0.381103515625 -0.8031005859375 2.1829833984375 -0.8023681640625 2.11572265625 -1.1551513671875 -0.3817138671875 -1.20947265625 -0.37841796875 -0.9249267578125 -0.501708984375 0.188720703125 1.021728515625 0.7197265625 -0.13525390625 -0.0950927734375 0.9482421875 -0.0301513671875 0.94921875 -0.6688232421875 0.3944091796875 -0.6663818359375 0.311279296875 0.53662109375 -0.1610107421875 -0.0008544921875 1.21142578125 -0.0625 1.2047119140625 1.52685546875 0.342529296875 -1.2802734375 -0.9105224609375 -1.2991943359375 -0.8447265625 -1.2479248046875 -0.837158203125 -1.3079833984375 -0.7769775390625 -1.2403564453125 -0.7664794921875 -1.2828369140625 -0.7088623046875 1.52685546875 1.189697265625 1.5955810546875 1.11572265625 1.3919677734375 0.91796875 1.466552734375 0.8408203125 1.5133056640625 0.76708984375 1.66845703125 1.0416259765625 1.736083984375 0.967041015625 0.603759765625 -0.2376708984375 1.603515625 0.697509765625 0.3975830078125 1.24365234375 0.3968505859375 1.310791015625 0.03662109375 0.88134765625 0.1939697265625 0.600830078125 1.4537353515625 0.55126953125 1.72265625 0.4354248046875 0.53271484375 0.53173828125 -0.9722900390625 -0.0311279296875 -0.966064453125 -0.072998046875 -0.9576416015625 -0.1468505859375 -1.026123046875 -0.0877685546875 1.3173828125 0.990966796875 0.602783203125 0.6077880859375 -1.0577392578125 -0.6417236328125 1.2554931640625 1.411376953125 1.19140625 1.3924560546875 1.19384765625 1.3494873046875 -0.4742431640625 1.2236328125 -0.537841796875 1.240478515625 -0.540283203125 1.197509765625 0.673583984375 -0.313232421875 1.6517333984375 0.2470703125 -0.6033935546875 0.1905517578125 -0.6015625 0.2569580078125 -0.5367431640625 0.2677001953125 0.845703125 0.9027099609375 0.7852783203125 0.90283203125 0.7764892578125 0.8353271484375 0.0047607421875 0.316650390625 0.0684814453125 0.3134765625 0.0693359375 0.3623046875 1.3465576171875 0.692626953125 1.1978759765625 0.3028564453125 0.93505859375 0.4423828125 1.00244140625 0.493408203125 -0.8111572265625 0.97216796875 -0.946044921875 1.440673828125 1.1292724609375 0.3779296875 -1.142822265625 0.8782958984375 -1.057861328125 0.9364013671875 -0.9642333984375 0.68701171875 -1.146240234375 -1.064453125 -1.1768798828125 -1.0821533203125 -1.11572265625 -1.12109375 -1.275390625 1.4893798828125 -1.2205810546875 1.5499267578125 0.2584228515625 -0.728515625 -1.162109375 0.479248046875 -1.1007080078125 0.545654296875 -1.1937255859375 1.0689697265625 -1.216064453125 1.0400390625 -1.157470703125 1.033203125 0.6495361328125 0.42724609375 0.7012939453125 0.447265625 0.72705078125 0.48583984375 -0.310546875 0.7509765625 -0.2393798828125 0.7501220703125 -0.2496337890625 0.8175048828125 -0.7266845703125 1.897705078125 -0.8826904296875 0.469970703125 -0.776123046875 -0.3529052734375 -0.5125732421875 0.68701171875 -0.26123046875 -1.015625 -0.8082275390625 1.3134765625 -0.7384033203125 1.3001708984375 2.0328369140625 0.6302490234375 2.067626953125 0.6292724609375 2.0545654296875 0.5626220703125 -0.0828857421875 1.0806884765625 -0.0751953125 1.1453857421875 -0.0511474609375 0.5010986328125 1.4266357421875 1.5399169921875 1.487548828125 1.54443359375 1.444091796875 1.491455078125 1.5023193359375 1.497314453125 1.49609375 1.437255859375 -0.635498046875 0.124267578125 0.865478515625 1.568359375 0.93115234375 1.55859375 0.8399658203125 1.50927734375 0.9091796875 1.495849609375 0.8880615234375 1.437255859375 0.545166015625 -1.310791015625 0.541259765625 -1.2762451171875 0.615966796875 -1.2960205078125 0.6011962890625 -1.23876953125 0.6710205078125 -1.228271484375 -1.1436767578125 1.33740234375 -0.6033935546875 1.2528076171875 1.459716796875 0.1199951171875 1.3927001953125 0.112548828125 1.391845703125 0.1710205078125 1.323974609375 0.1129150390625 1.325927734375 0.155517578125 1.073974609375 0.216064453125 1.02001953125 0.2379150390625 1.0693359375 1.1551513671875 1.0313720703125 1.1279296875 0.9769287109375 1.118408203125 -0.8697509765625 1.4427490234375 0.4017333984375 -1.291259765625 0.40185546875 -1.2154541015625 0.468505859375 -1.219482421875 1.52685546875 0.12744140625 1.0504150390625 -0.5845947265625 2.0101318359375 0.8349609375 2.067626953125 0.9029541015625 2.0751953125 0.834716796875 -0.4686279296875 1.2589111328125 0.0767822265625 -0.0228271484375 1.016357421875 1.437744140625 0.957275390625 1.437255859375 1.035888671875 1.5006103515625 0.95458984375 1.505126953125 0.9732666015625 1.56787109375 0.329833984375 1.3167724609375 1.0404052734375 -0.7196044921875 1.1162109375 1.4443359375 1.0645751953125 1.437255859375 1.14111328125 1.5020751953125 1.0609130859375 1.5079345703125 1.0888671875 1.5655517578125 -1.25341796875 0.9385986328125 -1.23974609375 0.997314453125 -1.1875 -0.830078125 0.0321044921875 -1.0689697265625 0.02978515625 -1.0185546875 -0.25634765625 -1.203369140625 -0.967529296875 -0.17578125 0.260498046875 0.19775390625 0.257080078125 0.1378173828125 0.1922607421875 0.205810546875 0.1844482421875 0.15771484375 0.121826171875 0.1942138671875 1.1278076171875 1.3756103515625 0.1309814453125 0.2979736328125 -0.2440185546875 -0.0645751953125 -0.2027587890625 -0.1129150390625 -1.0556640625 -1.1456298828125 -1.070556640625 -1.1693115234375 -1.1397705078125 -1.146240234375 0.33447265625 0.01708984375 -1.2362060546875 -0.4378662109375 -1.064453125 1.20751953125 -1.0025634765625 1.2236328125 -0.3760986328125 0.545654296875 -0.591552734375 2.0333251953125 -0.22021484375 1.4736328125 -0.306396484375 1.461181640625 -0.223876953125 1.5386962890625 -0.3037109375 1.5325927734375 -0.308837890625 1.6046142578125 -0.1187744140625 1.4051513671875 -0.18017578125 1.4027099609375 -0.1090087890625 1.4696044921875 -0.1824951171875 1.471923828125 -0.1756591796875 1.5364990234375 -1.0089111328125 2.3206787109375 -0.9381103515625 2.310791015625 -1.24072265625 1.8233642578125 -0.3048095703125 1.6734619140625 -0.223388671875 1.66796875 -0.2320556640625 1.60302734375 -1.1591796875 1.8929443359375 -0.9365234375 1.197509765625 -1.200927734375 2.08349609375 -0.576416015625 1.75341796875 0.143310546875 -0.0692138671875 -0.59375 0.319091796875 0.3291015625 0.4495849609375 -0.0015869140625 0.5506591796875 -0.6602783203125 0.8099365234375 -1.2998046875 1.9605712890625 -1.275390625 2.017578125 -1.01025390625 0.1981201171875 -1.0711669921875 0.211181640625 -1.0736083984375 0.279052734375 0.985107421875 -0.78271484375 0.4017333984375 -0.2821044921875 0.196533203125 -0.3795166015625 0.85107421875 -0.2666015625 1.9111328125 0.5064697265625 1.21923828125 0.8428955078125 0.9307861328125 0.6966552734375 -1.0194091796875 -0.259033203125 -0.3603515625 -0.3648681640625 -0.7103271484375 -0.8743896484375 -0.2301025390625 1.122314453125 -0.209228515625 0.7493896484375 -0.1524658203125 0.749755859375 -0.196533203125 0.6856689453125 -0.130859375 0.6920166015625 -0.6365966796875 -1.289794921875 -0.094482421875 0.7464599609375 0.128662109375 1.3619384765625 -0.56884765625 -1.3194580078125 1.8975830078125 1.619140625 1.89404296875 1.5494384765625 1.834228515625 1.6343994140625 1.832275390625 1.572021484375 -0.0511474609375 1.2615966796875 -0.187744140625 -1.090087890625 0.7335205078125 1.1453857421875 0.1981201171875 -1.2471923828125 0.195556640625 -1.2703857421875 0.2581787109375 -1.310791015625 0.329833984375 -1.319580078125 -0.1097412109375 1.66943359375 -0.106201171875 1.603271484375 -0.1734619140625 1.6702880859375 -0.1798095703125 1.6031494140625 0.4639892578125 1.304931640625 0.1375732421875 -1.1942138671875 0.693115234375 0.7418212890625 0.5330810546875 -1.209228515625 0.744140625 0.680908203125 0.6728515625 0.6820068359375 0.472412109375 -1.2886962890625 0.701416015625 0.810791015625 -0.1026611328125 1.5360107421875 0.468994140625 -1.1864013671875 1.758544921875 1.6317138671875 1.811279296875 1.6153564453125 1.748046875 1.576904296875 1.7998046875 1.55029296875 1.6461181640625 1.463623046875 1.666259765625 1.537109375 1.7056884765625 1.437255859375 1.720703125 1.502197265625 -0.219482421875 1.734130859375 -0.289306640625 1.7393798828125 -1.21044921875 1.0859375 0.3751220703125 1.5504150390625 0.415283203125 1.4896240234375 0.3294677734375 1.5211181640625 0.3590087890625 1.460693359375 0.4425048828125 1.4227294921875 0.3846435546875 1.4027099609375 -1.294189453125 -0.640380859375 1.897216796875 1.473876953125 1.8414306640625 1.437255859375 1.8857421875 1.5357666015625 1.832275390625 1.501708984375 -0.47265625 1.0240478515625 1.745849609375 1.4881591796875 1.791015625 1.5367431640625 1.7623291015625 1.437255859375 1.8057861328125 1.4918212890625 -0.4127197265625 0.9423828125 -1.14111328125 -0.2220458984375 -1.164794921875 -0.2071533203125 -1.1988525390625 -0.2608642578125 -1.225830078125 -0.3177490234375 -1.1866455078125 -0.3231201171875 -0.6697998046875 0.251953125 -0.670654296875 0.1846923828125 0.328857421875 0.1551513671875 0.130615234375 0.2615966796875 0.194091796875 0.2427978515625 -0.7381591796875 0.3162841796875 1.639892578125 1.6158447265625 1.6363525390625 1.5537109375 1.5753173828125 1.6259765625 1.5714111328125 1.5609130859375 -0.4140625 0.1553955078125 -0.0498046875 0.3411865234375 -1.2001953125 -1.022216796875 -1.098388671875 -1.103515625 -0.806884765625 0.2467041015625 -0.738525390625 0.2481689453125 -0.0364990234375 1.4027099609375 -0.07080078125 1.44287109375 0.0166015625 1.4501953125 -0.001953125 1.4688720703125 0.875244140625 -1.0582275390625 1.077392578125 -0.721435546875 -1.1544189453125 0.3424072265625 -1.1414794921875 0.2813720703125 0.6907958984375 0.4078369140625 0.6953125 0.360107421875 0.9453125 -1.0262451171875 -0.0760498046875 1.459228515625 -0.037353515625 1.5009765625 2.00146484375 1.0301513671875 -0.279541015625 1.4027099609375 -0.2073974609375 1.4117431640625 0.0396728515625 -0.51611328125 0.662841796875 1.5377197265625 0.660400390625 1.4697265625 0.5977783203125 1.5374755859375 0.5821533203125 1.4715576171875 0.6605224609375 1.4027099609375 0.5914306640625 1.4027099609375 0.0213623046875 -0.204345703125 1.9722900390625 1.437255859375 1.9188232421875 1.47802734375 1.9981689453125 1.463623046875 1.9698486328125 1.5260009765625 0.0762939453125 1.572509765625 0.041259765625 1.519775390625 0.042236328125 1.580810546875 -0.0086669921875 1.5621337890625 0.1041259765625 1.4027099609375 0.1033935546875 1.4754638671875 0.1697998046875 1.4239501953125 0.1658935546875 1.49072265625 0.1036376953125 1.5421142578125 0.1654052734375 1.5579833984375 0.052001953125 -0.7882080078125 1.45458984375 0.1932373046875 1.3919677734375 0.2132568359375 1.876220703125 0.2818603515625 -0.0025634765625 -0.8487548828125 0.010009765625 -0.9080810546875 1.9434814453125 0.3155517578125 1.531005859375 1.423583984375 1.1279296875 1.167236328125 1.2996826171875 1.5528564453125 1.2747802734375 1.4857177734375 1.2608642578125 1.5654296875 1.2105712890625 1.5274658203125 1.1739501953125 1.47314453125 1.22021484375 1.437255859375 0.941162109375 1.0863037109375 0.9771728515625 1.1822509765625 1.3299560546875 1.437255859375 1.326904296875 1.5185546875 1.3990478515625 1.4891357421875 1.40185546875 1.545654296875 0.881591796875 0.4456787109375 -0.0780029296875 -0.96484375 -0.0731201171875 -0.9052734375 0.8013916015625 1.565185546875 0.7882080078125 1.5008544921875 0.7384033203125 1.571533203125 0.6885986328125 1.525634765625 0.7003173828125 1.4471435546875 0.7769775390625 1.437255859375 -1.1082763671875 -0.17431640625 2.0560302734375 1.627197265625 2.078125 1.5584716796875 2.00927734375 1.57568359375 2.0123291015625 1.53955078125 -0.37255859375 -1.2506103515625 -0.50634765625 -1.173095703125 0.7928466796875 0.5621337890625 0.4017333984375 0.0634765625 0.333984375 0.0615234375 -1.240478515625 2.23779296875 -1.2911376953125 2.2254638671875 -1.2900390625 2.1724853515625 1.5621337890625 1.437255859375 1.5264892578125 1.502685546875 1.6248779296875 1.48486328125 1.593505859375 1.5400390625 -0.435302734375 1.892578125 -0.511962890625 1.9625244140625 0.2681884765625 0.03759765625 0.1922607421875 0.09765625 0.2650146484375 0.084228515625 -0.503662109375 -0.0098876953125 -0.4443359375 -0.0517578125 -0.436767578125 0.0120849609375 -0.4283447265625 0.0496826171875 0.3331298828125 0.0989990234375 1.7271728515625 1.55078125 1.661376953125 1.5675048828125 1.72705078125 1.623291015625 1.660888671875 1.6304931640625 -0.3724365234375 2.1337890625 -0.391845703125 2.1805419921875 1.966796875 1.627197265625 1.9884033203125 1.5810546875 1.9185791015625 1.571044921875 1.9371337890625 1.5396728515625 -0.6026611328125 2.23095703125 -0.4395751953125 2.184814453125 -0.37060546875 -0.0115966796875 -0.6710205078125 1.4107666015625 0.498779296875 1.4049072265625 0.4691162109375 1.4642333984375 0.5572509765625 1.4027099609375 0.55029296875 1.467041015625 0.489990234375 1.538330078125 0.5447998046875 1.532470703125 -0.443115234375 1.6170654296875 -0.909423828125 -0.0078125 -0.4013671875 1.2471923828125 1.15185546875 1.5660400390625 0.6754150390625 -1.25 -1.3203125 -0.709716796875 0.8282470703125 1.4527587890625 1.038330078125 1.5677490234375 1.4600830078125 1.45458984375 0.856689453125 -0.1297607421875 0.1964111328125 1.5008544921875 0.9429931640625 0.3172607421875 -1.3028564453125 1.75341796875 -0.6044921875 1.34423828125 0.12744140625 0.225341796875 -0.938232421875 2.246337890625 -0.0172119140625 -0.16552734375 0.7923583984375 -0.9705810546875 2.0755615234375 0.6976318359375 -0.333984375 0.35009765625</float_array>
                    <technique_common>
                        <accessor count="1945" source="#uvarray0" stride="2">
                            <param name="S" type="float"/>
                            <param name="T" type="float"/>
                        </accessor>
                    </technique_common>
                </source>
                <vertices id="vertices0">
                    <input semantic="POSITION" source="#points0"/>
                </vertices>
                <polylist count="3072" material="Material1">
                    <input offset="0" semantic="VERTEX" source="#vertices0"/>
                    <input offset="1" semantic="TEXCOORD" source="#uvs0" set="0"/>
                    <vcount>3 3 3 3 3 3 3 3 3 3 3 3 3 3 3 3 3 3 3 3 3 3 3 3 3 3 3 3 3 3 3 3 3 3 3 3 3 3 3 3 3 3 3 3 3 3 3 3 3 3 3 3 3 3 3 3 3 3 3 3 3 3 3 3 3 3 3 3 3 3 3 3 3 3 3 3 3 3 3 3 3 3 3 3 3 3 3 3 3 3 3 3 3 3 3 3 3 3 3 3 3 3 3 3 3 3 3 3 3 3 3 3 3 3 3 3 3 3 3 3 3 3 3 3 3 3 3 3 3 3 3 3 3 3 3 3 3 3 3 3 3 3 3 3 3 3 3 3 3 3 3 3 3 3 3 3 3 3 3 3 3 3 3 3 3 3 3 3 3 3 3 3 3 3 3 3 3 3 3 3 3 3 3 3 3 3 3 3 3 3 3 3 3 3 3 3 3 3 3 3 3 3 3 3 3 3 3 3 3 3 3 3 3 3 3 3 3 3 3 3 3 3 3 3 3 3 3 3 3 3 3 3 3 3 3 3 3 3 3 3 3 3 3 3 3 3 3 3 3 3 3 3 3 3 3 3 3 3 3 3 3 3 3 3 3 3 3 3 3 3 3 3 3 3 3 3 3 3 3 3 3 3 3 3 3 3 3 3 3 3 3 3 3 3 3 3 3 3 3 3 3 3 3 3 3 3 3 3 3 3 3 3 3 3 3 3 3 3 3 3 3 3 3 3 3 3 3 3 3 3 3 3 3 3 3 3 3 3 3 3 3 3 3 3 3 3 3 3 3 3 3 3 3 3 3 3 3 3 3 3 3 3 3 3 3 3 3 3 3 3 3 3 3 3 3 3 3 3 3 3 3 3 3 3 3 3 3 3 3 3 3 3 3 3 3 3 3 3 3 3 3 3 3 3 3 3 3 3 3 3 3 3 3 3 3 3 3 3 3 3 3 3 3 3 3 3 3 3 3 3 3 3 3 3 3 3 3 3 3 3 3 3 3 3 3 3 3 3 3 3 3 3 3 3 3 3 3 3 3 3 3 3 3 3 3 3 3 3 3 3 3 3 3 3 3 3 3 3 3 3 3 3 3 3 3 3 3 3 3 3 3 3 3 3 3 3 3 3 3 3 3 3 3 3 3 3 3 3 3 3 3 3 3 3 3 3 3 3 3 3 3 3 3 3 3 3 3 3 3 3 3 3 3 3 3 3 3 3 3 3 3 3 3 3 3 3 3 3 3 3 3 3 3 3 3 3 3 3 3 3 3 3 3 3 3 3 3 3 3 3 3 3 3 3 3 3 3 3 3 3 3 3 3 3 3 3 3 3 3 3 3 3 3 3 3 3 3 3 3 3 3 3 3 3 3 3 3 3 3 3 3 3 3 3 3 3 3 3 3 3 3 3 3 3 3 3 3 3 3 3 3 3 3 3 3 3 3 3 3 3 3 3 3 3 3 3 3 3 3 3 3 3 3 3 3 3 3 3 3 3 3 3 3 3 3 3 3 3 3 3 3 3 3 3 3 3 3 3 3 3 3 3 3 3 3 3 3 3 3 3 3 3 3 3 3 3 3 3 3 3 3 3 3 3 3 3 3 3 3 3 3 3 3 3 3 3 3 3 3 3 3 3 3 3 3 3 3 3 3 3 3 3 3 3 3 3 3 3 3 3 3 3 3 3 3 3 3 3 3 3 3 3 3 3 3 3 3 3 3 3 3 3 3 3 3 3 3 3 3 3 3 3 3 3 3 3 3 3 3 3 3 3 3 3 3 3 3 3 3 3 3 3 3 3 3 3 3 3 3 3 3 3 3 3 3 3 3 3 3 3 3 3 3 3 3 3 3 3 3 3 3 3 3 3 3 3 3 3 3 3 3 3 3 3 3 3 3 3 3 3 3 3 3 3 3 3 3 3 3 3 3 3 3 3 3 3 3 3 3 3 3 3 3 3 3 3 3 3 3 3 3 3 3 3 3 3 3 3 3 3 3 3 3 3 3 3 3 3 3 3 3 3 3 3 3 3 3 3 3 3 3 3 3 3 3 3 3 3 3 3 3 3 3 3 3 3 3 3 3 3 3 3 3 3 3 3 3 3 3 3 3 3 3 3 3 3 3 3 3 3 3 3 3 3 3 3 3 3 3 3 3 3 3 3 3 3 3 3 3 3 3 3 3 3 3 3 3 3 3 3 3 3 3 3 3 3 3 3 3 3 3 3 3 3 3 3 3 3 3 3 3 3 3 3 3 3 3 3 3 3 3 3 3 3 3 3 3 3 3 3 3 3 3 3 3 3 3 3 3 3 3 3 3 3 3 3 3 3 3 3 3 3 3 3 3 3 3 3 3 3 3 3 3 3 3 3 3 3 3 3 3 3 3 3 3 3 3 3 3 3 3 3 3 3 3 3 3 3 3 3 3 3 3 3 3 3 3 3 3 3 3 3 3 3 3 3 3 3 3 3 3 3 3 3 3 3 3 3 3 3 3 3 3 3 3 3 3 3 3 3 3 3 3 3 3 3 3 3 3 3 3 3 3 3 3 3 3 3 3 3 3 3 3 3 3 3 3 3 3 3 3 3 3 3 3 3 3 3 3 3 3 3 3 3 3 3 3 3 3 3 3 3 3 3 3 3 3 3 3 3 3 3 3 3 3 3 3 3 3 3 3 3 3 3 3 3 3 3 3 3 3 3 3 3 3 3 3 3 3 3 3 3 3 3 3 3 3 3 3 3 3 3 3 3 3 3 3 3 3 3 3 3 3 3 3 3 3 3 3 3 3 3 3 3 3 3 3 3 3 3 3 3 3 3 3 3 3 3 3 3 3 3 3 3 3 3 3 3 3 3 3 3 3 3 3 3 3 3 3 3 3 3 3 3 3 3 3 3 3 3 3 3 3 3 3 3 3 3 3 3 3 3 3 3 3 3 3 3 3 3 3 3 3 3 3 3 3 3 3 3 3 3 3 3 3 3 3 3 3 3 3 3 3 3 3 3 3 3 3 3 3 3 3 3 3 3 3 3 3 3 3 3 3 3 3 3 3 3 3 3 3 3 3 3 3 3 3 3 3 3 3 3 3 3 3 3 3 3 3 3 3 3 3 3 3 3 3 3 3 3 3 3 3 3 3 3 3 3 3 3 3 3 3 3 3 3 3 3 3 3 3 3 3 3 3 3 3 3 3 3 3 3 3 3 3 3 3 3 3 3 3 3 3 3 3 3 3 3 3 3 3 3 3 3 3 3 3 3 3 3 3 3 3 3 3 3 3 3 3 3 3 3 3 3 3 3 3 3 3 3 3 3 3 3 3 3 3 3 3 3 3 3 3 3 3 3 3 3 3 3 3 3 3 3 3 3 3 3 3 3 3 3 3 3 3 3 3 3 3 3 3 3 3 3 3 3 3 3 3 3 3 3 3 3 3 3 3 3 3 3 3 3 3 3 3 3 3 3 3 3 3 3 3 3 3 3 3 3 3 3 3 3 3 3 3 3 3 3 3 3 3 3 3 3 3 3 3 3 3 3 3 3 3 3 3 3 3 3 3 3 3 3 3 3 3 3 3 3 3 3 3 3 3 3 3 3 3 3 3 3 3 3 3 3 3 3 3 3 3 3 3 3 3 3 3 3 3 3 3 3 3 3 3 3 3 3 3 3 3 3 3 3 3 3 3 3 3 3 3 3 3 3 3 3 3 3 3 3 3 3 3 3 3 3 3 3 3 3 3 3 3 3 3 3 3 3 3 3 3 3 3 3 3 3 3 3 3 3 3 3 3 3 3 3 3 3 3 3 3 3 3 3 3 3 3 3 3 3 3 3 3 3 3 3 3 3 3 3 3 3 3 3 3 3 3 3 3 3 3 3 3 3 3 3 3 3 3 3 3 3 3 3 3 3 3 3 3 3 3 3 3 3 3 3 3 3 3 3 3 3 3 3 3 3 3 3 3 3 3 3 3 3 3 3 3 3 3 3 3 3 3 3 3 3 3 3 3 3 3 3 3 3 3 3 3 3 3 3 3 3 3 3 3 3 3 3 3 3 3 3 3 3 3 3 3 3 3 3 3 3 3 3 3 3 3 3 3 3 3 3 3 3 3 3 3 3 3 3 3 3 3 3 3 3 3 3 3 3 3 3 3 3 3 3 3 3 3 3 3 3 3 3 3 3 3 3 3 3 3 3 3 3 3 3 3 3 3 3 3 3 3 3 3 3 3 3 3 3 3 3 3 3 3 3 3 3 3 3 3 3 3 3 3 3 3 3 3 3 3 3 3 3 3 3 3 3 3 3 3 3 3 3 3 3 3 3 3 3 3 3 3 3 3 3 3 3 3 3 3 3 3 3 3 3 3 3 3 3 3 3 3 3 3 3 3 3 3 3 3 3 3 3 3 3 3 3 3 3 3 3 3 3 3 3 3 3 3 3 3 3 3 3 3 3 3 3 3 3 3 3 3 3 3 3 3 3 3 3 3 3 3 3 3 3 3 3 3 3 3 3 3 3 3 3 3 3 3 3 3 3 3 3 3 3 3 3 3 3 3 3 3 3 3 3 3 3 3 3 3 3 3 3 3 3 3 3 3 3 3 3 3 3 3 3 3 3 3 3 3 3 3 3 3 3 3 3 3 3 3 3 3 3 3 3 3 3 3 3 3 3 3 3 3 3 3 3 3 3 3 3 3 3 3 3 3 3 3 3 3 3 3 3 3 3 3 3 3 3 3 3 3 3 3 3 3 3 3 3 3 3 3 3 3 3 3 3 3 3 3 3 3 3 3 3 3 3 3 3 3 3 3 3 3 3 3 3 3 3 3 3 3 3 3 3 3 3 3 3 3 3 3 3 3 3 3 3 3 3 3 3 3 3 3 3 3 3 3 3 3 3 3 3 3 3 3 3 3 3 3 3 3 3 3 3 3 3 3 3 3 3 3 3 3 3 3 3 3 3 3 3 3 3 3 3 3 3 3 3 3 3 3 3 3 3 3 3 3 3 3 3 3 3 3 3 3 3 3 3 3 3 3 3 3 3 3 3 3 3 3 3 3 3 3 3 3 3 3 3 3 3 3 3 3 3 3 3 3 3 3 3 3 3 3 3 3 3 3 3 3 3 3 3 3 3 3 3 3 3 3 3 3 3 3 3 3 3 3 3 3 3 3 3 3 3 3 3 3 3 3 3 3 3 3 3 3 3 3 3 3 3 3 3 3 3 3 3 3 3 3 3 3 3 3 3 3 3 3 3 3 3 3 3 3 3 3 3 3 3 3 3 3 3 3 3 3 3 3 3 3 3 3 3 3 3 3 3 3 3 3 3 3 3 3 3 3 3 3 3 3 3 3 3 3 3 3 3 3 3 3 3 3 3 3 3 3 3 3 3 3 3 3 3 3 3 3 3 3 3 3 3 3 3 3 3 3 3 3 3 3 3 3 3 3 3 3 3 3 3 3 3 3 3 3 3 3 3 3 3 3 3 3 3 3 3 3 3 3 3 3 3 3 3 3 3 3 3 3 3 3 3 3 3 3 3 3 3 3 3 3 3 3 3 3 3 3 3 3 3 3 3 3 3 3 3 3 3 3 3 3 3 3 3 3 3 3 3 3 3 3 3 3 3 3 3 3 3 3 3 3 3 3 3 3 3 3 3 3 3 3 3 3 3 3 3 3 3 3 3 3 3 3 3 3 3 3 3 3 3 3 3 3 3 3 3 3 3 3 3 3 3 3 3 3 3 3 3 3 3 3 3 3 3 3 3 3 3 3 3 3 3 3 3 3 3 3 3 3 3 3 3 3 3 3 3 3 3 3 3 3 3 3 3 3 3 3 3 3 3 3 3 3 3 3 3 3 3 3 3 3 3 3 3 3 3 3 3 3 3 3 3 3 3 3 3 3 3 3 3 3 3 3 3 3 3 3 3 3 3 3 3 3 3 3 3 3 3 3 3 3 3 3 3 3 3 3 3 3 3 3 3 3 3 3 3 3 3 3 3 3 3 3 3 3 3 3 3 3 3 3 3 3 3 3 3 3 3 3 3 3 3 3 3 3 3 3 3 3 3 3 3 3 3 3 3 3 3 3 3 3 3 3 3 3 3 3 3 3 3 3 3 3 3 3 3 3 3 3 3 3 3 3 3 3 3 3 3 3 3 3 3 3 3 3 3 3 3 3 3 3 3 3 3 3 3 3 3 3 3 3 3 3 3 3 3 3 3 3 3 3 3 3 3 3 3 3 3 3 3 3 3 3 3 3 3 3 3 3 3 3 3 3 3 3 3 3 3 3 3 3 3 3 3 3 3 3 3 3 3 3 3 3 3 3 3 3 3 3 3 3 3 3 3 3 3 3 3 3 3 3 3 3 3 3 3 3 3 3 3 3 3 3 3 3 3 3 3 3 3 3 3 3 3 3 3 3 3 3 3 3 3 3 3 3 3 3 3 3 3 3 3 3 3 3 3 3 3 3 3 3 3 3 3 3 3 3 3 3 3 3 3 3 3 3 3 3 3 3 3 3 3 3 3 3 3 3 3 3 3 3 3 3 3 3 3 3 3 3 3 3 3 3 3 3 3 3 3 3 3 3 3 3 3 3 3 3 3 3 3 3 3 3 3 3 3 3 3 3 3 3 3 3 3 3 3 3 3 3 3 3 3 3 3 3 3 3 3 3 3 3 3 3 3 3 3 3 3 3 3 3 3 3 3 3 3 3 3 3 3 3 3 3 3 3 3 3 3 3 3 3 3 3 3 3 3 3 3 3 3 3 3 3 3 3 3 3 3 3 3 3 3 3 3 3 3 3 3 3 3 3 3 3 3 3 3 3 3 3 3 3 3 3 3 3 3 3 3 3 3 3 3 3 3 3 3 3 3 3 3 3 3 3 3 3 3 3 3 3 3 3 3 3 3 3 3 3 3 3 3 3 3 3 3 3 3 3 3 3 3 3 3 3 3</vcount>
                    <p>2 2 1 1 0 0 3 3 1 1 2 2 4 4 3 3 2 2 5 5 3 3 4 4 6 6 5 5 4 4 7 7 5 5 6 6 8 8 7 7 6 6 9 9 7 7 8 8 10 10 9 9 8 8 11 11 9 9 10 10 12 12 11 11 10 10 13 13 11 11 12 12 14 14 13 13 12 12 15 15 13 13 14 14 16 16 15 15 14 14 17 17 15 15 16 16 18 18 17 17 16 16 19 19 17 17 18 18 20 20 19 19 18 18 21 21 19 19 20 20 22 22 21 21 20 20 23 23 21 21 22 22 24 24 23 23 22 22 25 25 23 23 24 24 26 26 25 25 24 24 27 27 25 25 26 26 28 28 27 27 26 26 29 29 27 27 28 28 30 30 29 29 28 28 31 31 29 29 30 30 32 32 31 31 30 30 33 33 31 31 32 32 34 34 33 33 32 32 35 35 33 33 34 34 36 36 35 35 34 34 37 37 35 35 36 36 38 38 37 37 36 36 39 39 37 37 38 38 40 40 39 39 38 38 41 41 39 39 40 40 42 42 41 41 40 40 43 43 41 41 42 42 44 44 43 43 42 42 45 45 43 43 44 44 46 46 45 45 44 44 48 48 8 8 47 47 49 49 8 8 48 48 50 50 49 49 48 48 10 10 49 49 50 50 51 51 10 10 50 50 14 14 10 10 51 51 52 52 14 14 51 51 53 53 14 14 52 52 54 54 53 53 52 52 16 16 53 53 54 54 55 55 16 16 54 54 20 20 16 16 55 55 56 56 20 20 55 55 57 57 20 20 56 56 58 58 57 57 56 56 22 22 57 57 58 58 59 59 22 22 58 58 26 26 22 22 59 59 60 60 26 26 59 59 61 61 26 26 60 60 62 62 61 61 60 60 28 28 61 61 62 62 63 63 28 28 62 62 32 32 28 28 63 63 64 64 32 32 63 63 65 65 32 32 64 64 66 66 65 65 64 64 34 34 65 65 66 66 67 67 34 34 66 66 38 38 34 34 67 67 68 68 38 38 67 67 69 69 38 38 68 68 70 70 69 69 68 68 40 40 69 69 70 70 71 71 40 40 70 70 44 44 40 40 71 71 72 72 44 44 71 71 73 73 44 44 72 72 76 76 75 75 74 74 77 77 75 75 76 76 78 78 77 77 76 76 79 79 77 77 78 78 80 80 79 79 78 78 81 81 79 79 80 80 82 82 81 81 80 80 83 83 81 81 82 82 84 84 83 83 82 82 85 85 83 83 84 84 86 86 85 85 84 84 87 87 85 85 86 86 88 88 87 87 86 86 89 89 87 87 88 88 90 90 89 89 88 88 91 91 89 89 90 90 92 92 91 91 90 90 93 93 91 91 92 92 94 94 93 93 92 92 95 95 93 93 94 94 96 96 95 95 94 94 97 97 95 95 96 96 98 98 97 97 96 96 99 99 97 97 98 98 100 100 99 99 98 98 101 101 99 99 100 100 102 102 101 101 100 100 103 103 101 101 102 102 104 104 103 103 102 102 105 105 103 103 104 104 106 106 105 105 104 104 107 107 105 105 106 106 108 108 107 107 106 106 109 109 107 107 108 108 110 110 109 109 108 108 112 112 48 48 111 111 50 50 48 48 112 112 113 113 50 50 112 112 114 114 50 50 113 113 115 115 114 114 113 113 52 52 114 114 115 115 116 116 52 52 115 115 54 54 52 52 116 116 117 117 54 54 116 116 118 118 54 54 117 117 119 119 118 118 117 117 56 56 118 118 119 119 120 120 56 56 119 119 58 58 56 56 120 120 121 121 58 58 120 120 122 122 58 58 121 121 123 123 122 122 121 121 60 60 122 122 123 123 124 124 60 60 123 123 62 62 60 60 124 124 125 125 62 62 124 124 126 126 62 62 125 125 127 127 126 126 125 125 64 64 126 126 127 127 128 128 64 64 127 127 66 66 64 64 128 128 129 129 66 66 128 128 130 130 66 66 129 129 131 131 130 130 129 129 68 68 130 130 131 131 132 132 68 68 131 131 70 70 68 68 132 132 133 133 70 70 132 132 134 134 70 70 133 133 137 137 136 136 135 135 138 138 136 136 137 137 139 139 138 138 137 137 140 140 138 138 139 139 141 141 140 140 139 139 142 142 140 140 141 141 143 143 142 142 141 141 144 144 142 142 143 143 145 145 144 144 143 143 146 146 144 144 145 145 147 147 146 146 145 145 148 148 146 146 147 147 149 149 148 148 147 147 150 150 148 148 149 149 151 151 150 150 149 149 152 152 150 150 151 151 153 153 152 152 151 151 154 154 152 152 153 153 155 155 154 154 153 153 156 156 154 154 155 155 157 157 156 156 155 155 158 158 156 156 157 157 159 159 158 158 157 157 160 160 158 158 159 159 161 161 160 160 159 159 162 162 160 160 161 161 163 163 162 162 161 161 164 164 162 162 163 163 165 165 164 164 163 163 166 166 164 164 165 165 167 167 166 166 165 165 168 168 166 166 167 167 169 169 168 168 167 167 172 172 171 171 170 170 173 173 171 171 172 172 174 174 173 173 172 172 175 175 173 173 174 174 176 176 175 175 174 174 177 177 175 175 176 176 178 178 177 177 176 176 179 179 177 177 178 178 180 180 179 179 178 178 181 181 179 179 180 180 182 182 181 181 180 180 183 183 181 181 182 182 184 184 183 183 182 182 185 185 183 183 184 184 186 186 185 185 184 184 187 187 185 185 186 186 188 188 187 187 186 186 189 189 187 187 188 188 190 190 189 189 188 188 191 191 189 189 190 190 192 192 191 191 190 190 193 193 191 191 192 192 194 194 193 193 192 192 195 195 193 193 194 194 196 196 195 195 194 194 197 197 195 195 196 196 198 198 197 197 196 196 199 199 197 197 198 198 200 200 199 199 198 198 201 201 199 199 200 200 202 202 201 201 200 200 203 203 201 201 202 202 204 204 203 203 202 202 206 206 178 178 205 205 207 207 178 178 206 206 208 208 207 207 206 206 180 180 207 207 208 208 209 209 180 180 208 208 184 184 180 180 209 209 210 210 184 184 209 209 211 211 184 184 210 210 212 212 211 211 210 210 186 186 211 211 212 212 213 213 186 186 212 212 190 190 186 186 213 213 214 214 190 190 213 213 215 215 190 190 214 214 216 216 215 215 214 214 192 192 215 215 216 216 217 217 192 192 216 216 196 196 192 192 217 217 218 218 196 196 217 217 219 219 196 196 218 218 220 220 219 219 218 218 198 198 219 219 220 220 221 221 198 198 220 220 202 202 198 198 221 221 222 222 202 202 221 221 223 223 202 202 222 222 224 224 223 223 222 222 204 204 223 223 224 224 225 225 204 204 224 224 228 228 227 227 226 226 229 229 227 227 228 228 230 230 229 229 228 228 231 231 229 229 230 230 232 232 231 231 230 230 233 233 231 231 232 232 234 234 233 233 232 232 235 235 233 233 234 234 236 236 235 235 234 234 237 237 235 235 236 236 238 238 237 237 236 236 239 239 237 237 238 238 240 240 239 239 238 238 241 241 239 239 240 240 242 242 241 241 240 240 243 243 241 241 242 242 244 244 243 243 242 242 245 245 243 243 244 244 246 246 245 245 244 244 247 247 245 245 246 246 248 248 247 247 246 246 249 249 247 247 248 248 250 250 249 249 248 248 251 251 249 249 250 250 252 252 251 251 250 250 253 253 251 251 252 252 254 254 253 253 252 252 255 255 253 253 254 254 256 256 255 255 254 254 258 258 143 143 257 257 259 259 143 143 258 258 260 260 259 259 258 258 145 145 259 259 260 260 261 261 145 145 260 260 149 149 145 145 261 261 262 262 149 149 261 261 263 263 149 149 262 262 264 264 263 263 262 262 151 151 263 263 264 264 265 265 151 151 264 264 155 155 151 151 265 265 266 266 155 155 265 265 267 267 155 155 266 266 268 268 267 267 266 266 157 157 267 267 268 268 269 269 157 157 268 268 161 161 157 157 269 269 270 270 161 161 269 269 271 271 161 161 270 270 272 272 271 271 270 270 163 163 271 271 272 272 273 273 163 163 272 272 167 167 163 163 273 273 274 274 167 167 273 273 275 275 167 167 274 274 2 276 275 275 274 274 169 169 275 275 2 276 0 277 169 169 2 276 278 280 277 279 276 278 279 281 277 279 278 280 280 282 279 281 278 280 281 283 279 281 280 282 282 284 281 283 280 282 283 285 281 283 282 284 284 286 283 285 282 284 285 287 283 285 284 286 286 288 285 287 284 286 287 289 285 287 286 288 288 290 287 289 286 288 289 291 287 289 288 290 290 292 289 291 288 290 291 293 289 291 290 292 292 294 291 293 290 292 293 295 291 293 292 294 294 296 293 295 292 294 295 297 293 295 294 296 296 298 295 297 294 296 297 299 295 297 296 298 298 300 297 299 296 298 299 301 297 299 298 300 300 302 299 301 298 300 301 303 299 301 300 302 302 304 301 303 300 302 303 305 301 303 302 304 304 306 303 305 302 304 305 307 303 305 304 306 306 308 305 307 304 306 309 311 308 310 307 309 310 312 308 310 309 311 311 313 310 312 309 311 312 314 310 312 311 313 313 315 312 314 311 313 314 316 312 314 313 315 315 317 314 316 313 315 316 318 314 316 315 317 317 319 316 318 315 317 318 320 316 318 317 319 319 321 318 320 317 319 320 322 318 320 319 321 321 323 320 322 319 321 322 324 320 322 321 323 323 325 322 324 321 323 324 326 322 324 323 325 325 327 324 326 323 325 326 328 324 326 325 327 327 329 326 328 325 327 328 330 326 328 327 329 329 331 328 330 327 329 330 332 328 330 329 331 331 333 330 332 329 331 332 334 330 332 331 333 333 335 332 334 331 333 334 336 332 334 333 335 335 337 334 336 333 335 336 338 334 336 335 337 339 341 338 340 337 339 340 342 338 340 339 341 341 343 340 342 339 341 342 344 340 342 341 343 343 345 342 344 341 343 344 346 342 344 343 345 345 347 344 346 343 345 346 348 344 346 345 347 347 349 346 348 345 347 348 350 346 348 347 349 349 351 348 350 347 349 350 352 348 350 349 351 351 353 350 352 349 351 352 354 350 352 351 353 353 355 352 354 351 353 354 356 352 354 353 355 355 357 354 356 353 355 356 358 354 356 355 357 357 359 356 358 355 357 358 360 356 358 357 359 359 361 358 360 357 359 360 362 358 360 359 361 361 363 360 362 359 361 362 364 360 362 361 363 363 365 362 364 361 363 364 366 362 364 363 365 365 367 364 366 363 365 367 369 345 347 366 368 368 370 345 347 367 369 369 371 368 370 367 369 347 349 368 370 369 371 370 372 347 349 369 371 351 353 347 349 370 372 371 373 351 353 370 372 372 374 351 353 371 373 373 375 372 374 371 373 353 355 372 374 373 375 374 376 353 355 373 375 357 359 353 355 374 376 375 377 357 359 374 376 376 378 357 359 375 377 377 379 376 378 375 377 359 361 376 378 377 379 378 380 359 361 377 379 363 365 359 361 378 380 379 381 363 365 378 380 380 382 363 365 379 381 381 383 380 382 379 381 365 367 380 382 381 383 382 384 365 367 381 383 383 385 365 367 382 384 384 386 383 385 382 384 385 387 383 385 384 386 386 388 385 387 384 386 389 391 388 390 387 389 390 392 388 390 389 391 391 393 390 392 389 391 335 337 390 392 391 393 392 394 335 337 391 393 336 338 335 337 392 394 393 395 336 338 392 394 394 396 336 338 393 395 395 397 394 396 393 395 396 398 394 396 395 397 397 399 396 398 395 397 398 400 396 398 397 399 399 401 398 400 397 399 400 402 398 400 399 401 401 403 400 402 399 401 402 404 400 402 401 403 403 405 402 404 401 403 404 406 402 404 403 405 405 407 404 406 403 405 406 408 404 406 405 407 407 409 406 408 405 407 408 410 406 408 407 409 409 411 408 410 407 409 254 254 408 410 409 411 410 412 254 254 409 411 256 256 254 254 410 412 413 415 412 414 411 413 414 416 412 414 413 415 415 417 414 416 413 415 416 418 414 416 415 417 417 419 416 418 415 417 418 420 416 418 417 419 419 421 418 420 417 419 420 422 418 420 419 421 421 423 420 422 419 421 422 424 420 422 421 423 423 425 422 424 421 423 424 426 422 424 423 425 425 427 424 426 423 425 426 428 424 426 425 427 427 429 426 428 425 427 428 430 426 428 427 429 429 431 428 430 427 429 430 432 428 430 429 431 431 433 430 432 429 431 432 434 430 432 431 433 433 435 432 434 431 433 434 436 432 434 433 435 435 437 434 436 433 435 436 438 434 436 435 437 439 441 438 440 437 439 440 442 438 440 439 441 441 443 440 442 439 441 442 444 440 442 441 443 443 445 442 444 441 443 444 446 442 444 443 445 445 447 444 446 443 445 446 448 444 446 445 447 447 449 446 448 445 447 448 450 446 448 447 449 449 451 448 450 447 449 450 452 448 450 449 451 451 453 450 452 449 451 452 454 450 452 451 453 453 455 452 454 451 453 454 456 452 454 453 455 455 457 454 456 453 455 456 458 454 456 455 457 457 459 456 458 455 457 458 460 456 458 457 459 459 461 458 460 457 459 460 462 458 460 459 461 461 463 460 462 459 461 335 337 388 390 390 392 462 464 388 390 335 337 333 335 462 464 335 337 463 465 462 464 333 335 464 466 463 465 333 335 465 467 463 465 464 466 329 331 465 467 464 466 466 468 465 467 329 331 327 329 466 468 329 331 467 469 466 468 327 329 468 470 467 469 327 329 469 471 467 469 468 470 323 325 469 471 468 470 470 472 469 471 323 325 321 323 470 472 323 325 471 473 470 472 321 323 472 474 471 473 321 323 473 475 471 473 472 474 317 319 473 475 472 474 474 476 473 475 317 319 315 317 474 476 317 319 475 477 474 476 315 317 476 478 475 477 315 317 139 139 143 143 141 141 257 257 143 143 139 139 477 479 257 257 139 139 258 258 257 257 477 479 478 480 258 258 477 479 479 481 258 258 478 480 480 482 479 481 478 480 481 483 479 481 480 482 482 484 481 483 480 482 483 485 481 483 482 484 484 486 483 485 482 484 485 487 483 485 484 486 486 488 485 487 484 486 487 489 485 487 486 488 488 490 487 489 486 488 489 491 487 489 488 490 490 492 489 491 488 490 491 493 489 491 490 492 492 494 491 493 490 492 493 495 491 493 492 494 494 496 493 495 492 494 495 497 493 495 494 496 496 498 495 497 494 496 498 500 234 234 497 499 499 501 234 234 498 500 500 502 499 501 498 500 236 236 499 501 500 502 501 503 236 236 500 502 240 240 236 236 501 503 502 504 240 240 501 503 503 505 240 240 502 504 504 506 503 505 502 504 242 242 503 505 504 506 505 507 242 242 504 506 246 246 242 242 505 507 506 508 246 246 505 507 507 509 246 246 506 508 508 510 507 509 506 508 248 248 507 509 508 510 509 511 248 248 508 510 252 252 248 248 509 511 510 512 252 252 509 511 511 513 252 252 510 512 408 410 511 513 510 512 254 254 511 513 408 410 514 516 513 515 512 514 515 517 513 515 514 516 516 518 515 517 514 516 517 519 515 517 516 518 518 520 517 519 516 518 519 521 517 519 518 520 520 522 519 521 518 520 521 523 519 521 520 522 522 524 521 523 520 522 523 525 521 523 522 524 524 526 523 525 522 524 525 527 523 525 524 526 526 528 525 527 524 526 527 529 525 527 526 528 528 530 527 529 526 528 529 531 527 529 528 530 530 532 529 531 528 530 531 533 529 531 530 532 532 534 531 533 530 532 533 535 531 533 532 534 402 404 533 535 532 534 404 406 533 535 402 404 260 260 262 262 261 261 534 536 262 262 260 260 535 537 534 536 260 260 536 538 534 536 535 537 537 539 536 538 535 537 538 540 536 538 537 539 539 541 538 540 537 539 540 542 538 540 539 541 541 543 540 542 539 541 542 544 540 542 541 543 543 545 542 544 541 543 544 546 542 544 543 545 545 547 544 546 543 545 546 548 544 546 545 547 547 549 546 548 545 547 548 550 546 548 547 549 549 551 548 550 547 549 550 552 548 550 549 551 551 553 550 552 549 551 552 554 550 552 551 553 553 555 552 554 551 553 556 558 555 557 554 556 557 559 555 557 556 558 558 560 557 559 556 558 559 561 557 559 558 560 560 562 559 561 558 560 561 563 559 561 560 562 562 564 561 563 560 562 563 565 561 563 562 564 564 566 563 565 562 564 565 567 563 565 564 566 566 568 565 567 564 566 567 569 565 567 566 568 568 570 567 569 566 568 569 571 567 569 568 570 570 572 569 571 568 570 571 573 569 571 570 572 572 574 571 573 570 572 309 575 571 573 572 574 573 576 309 575 572 574 574 577 309 575 573 576 575 578 574 577 573 576 459 580 75 75 461 579 74 74 75 75 459 580 576 581 74 74 459 580 76 76 74 74 576 581 577 582 76 76 576 581 578 583 76 76 577 582 579 584 578 583 577 582 580 585 578 583 579 584 581 586 580 585 579 584 582 587 580 585 581 586 583 588 582 587 581 586 584 589 582 587 583 588 585 590 584 589 583 588 586 591 584 589 585 590 587 592 586 591 585 590 588 593 586 591 587 592 589 594 588 593 587 592 433 435 588 593 589 594 590 595 433 435 589 594 435 437 433 435 590 595 230 230 234 234 232 232 497 499 234 234 230 230 591 596 497 499 230 230 498 500 497 499 591 596 592 597 498 500 591 596 513 515 498 500 592 597 593 598 513 515 592 597 512 514 513 515 593 598 594 599 512 514 593 598 514 516 512 514 594 599 595 600 514 516 594 599 596 601 514 516 595 600 597 602 596 601 595 600 598 603 596 601 597 602 599 604 598 603 597 602 600 605 598 603 599 604 601 606 600 605 599 604 314 316 600 605 601 606 312 314 314 316 601 606 603 608 430 432 602 607 604 609 430 432 603 608 605 610 604 609 603 608 428 430 604 609 605 610 606 611 428 430 605 610 424 426 428 430 606 611 607 612 424 426 606 611 608 613 424 426 607 612 609 614 608 613 607 612 422 424 608 613 609 614 610 615 422 424 609 614 418 420 422 424 610 615 611 616 418 420 610 615 612 617 418 420 611 616 613 618 612 617 611 616 416 418 612 617 613 618 614 619 416 418 613 618 412 414 416 418 614 619 615 620 412 414 614 619 618 623 617 622 616 621 619 624 617 622 618 623 620 625 619 624 618 623 621 626 619 624 620 625 622 627 621 626 620 625 623 628 621 626 622 627 624 629 623 628 622 627 625 630 623 628 624 629 626 631 625 630 624 629 627 632 625 630 626 631 628 633 627 632 626 631 629 634 627 632 628 633 630 635 629 634 628 633 631 636 629 634 630 635 632 637 631 636 630 635 633 638 631 636 632 637 634 639 633 638 632 637 100 100 633 638 634 639 102 102 100 100 634 639 305 642 636 641 635 640 637 643 636 641 305 642 638 644 637 643 305 642 615 620 637 643 638 644 639 645 615 620 638 644 412 414 615 620 639 645 617 622 412 414 639 645 411 413 412 414 617 622 621 626 411 413 617 622 413 415 411 413 621 626 640 646 413 415 621 626 641 647 413 415 640 646 623 628 641 647 640 646 642 648 641 647 623 628 627 632 642 648 623 628 643 649 642 648 627 632 644 650 643 649 627 632 645 651 643 649 644 650 647 653 520 522 646 652 648 654 520 522 647 653 649 655 648 654 647 653 522 524 648 654 649 655 650 656 522 524 649 655 526 528 522 524 650 656 651 657 526 528 650 656 652 658 526 528 651 657 653 659 652 658 651 657 528 530 652 658 653 659 654 660 528 530 653 659 532 534 528 530 654 660 655 661 532 534 654 660 656 662 532 534 655 661 398 400 656 662 655 661 402 404 656 662 398 400 400 402 402 404 398 400 312 314 308 310 310 312 657 663 308 310 312 314 599 604 657 663 312 314 658 664 657 663 599 604 659 665 658 664 599 604 660 666 658 664 659 665 597 602 660 666 659 665 661 667 660 666 597 602 594 599 661 667 597 602 662 668 661 667 594 599 663 669 662 668 594 599 664 670 662 668 663 669 593 598 664 670 663 669 665 671 664 670 593 598 591 596 665 671 593 598 666 672 665 671 591 596 667 673 666 672 591 596 415 417 419 421 417 419 668 674 419 421 415 417 669 675 668 674 415 417 670 676 668 674 669 675 671 677 670 676 669 675 672 678 670 676 671 677 673 679 672 678 671 677 674 680 672 678 673 679 675 681 674 680 673 679 676 682 674 680 675 681 677 683 676 682 675 681 678 684 676 682 677 683 679 685 678 684 677 683 680 686 678 684 679 685 94 94 680 686 679 685 90 90 680 686 94 94 92 92 90 90 94 94 454 456 450 452 452 454 681 687 450 452 454 456 682 688 681 687 454 456 683 689 681 687 682 688 684 690 683 689 682 688 685 691 683 689 684 690 686 692 685 691 684 690 687 693 685 691 686 692 688 694 687 693 686 692 689 695 687 693 688 694 690 696 689 695 688 694 691 697 689 695 690 696 692 698 691 697 690 696 693 699 691 697 692 698 25 25 693 699 692 698 29 29 693 699 25 25 27 27 29 29 25 25 421 423 425 427 423 425 694 700 425 427 421 423 695 701 694 700 421 423 696 702 694 700 695 701 697 703 696 702 695 701 698 704 696 702 697 703 699 705 698 704 697 703 700 706 698 704 699 705 701 707 700 706 699 705 702 708 700 706 701 707 703 709 702 708 701 707 704 710 702 708 703 709 705 711 704 710 703 709 706 712 704 710 705 711 88 88 706 712 705 711 84 84 706 712 88 88 86 86 84 84 88 88 519 521 502 504 707 713 708 714 502 504 519 521 523 525 708 714 519 521 504 506 708 714 523 525 709 715 504 506 523 525 506 508 504 506 709 715 525 527 506 508 709 715 710 716 506 508 525 527 529 531 710 716 525 527 508 510 710 716 529 531 711 717 508 510 529 531 510 512 508 510 711 717 531 533 510 512 711 717 712 718 510 512 531 533 404 406 712 718 531 533 408 410 712 718 404 406 406 408 408 410 404 406 715 721 714 720 713 719 716 722 714 720 715 721 717 723 716 722 715 721 718 724 716 722 717 723 719 725 718 724 717 723 720 726 718 724 719 725 721 727 720 726 719 725 722 728 720 726 721 727 723 729 722 728 721 727 724 730 722 728 723 729 725 731 724 730 723 729 726 732 724 730 725 731 727 733 726 732 725 731 728 734 726 732 727 733 729 735 728 734 727 733 169 736 728 734 729 735 168 737 169 736 729 735 396 398 336 338 394 396 730 738 336 338 396 398 731 739 730 738 396 398 332 334 730 738 731 739 732 740 332 334 731 739 330 332 332 334 732 740 733 741 330 332 732 740 734 742 330 332 733 741 735 743 734 742 733 741 326 328 734 742 735 743 736 744 326 328 735 743 324 326 326 328 736 744 737 745 324 326 736 744 738 746 324 326 737 745 739 747 738 746 737 745 320 322 738 746 739 747 740 748 320 322 739 747 742 750 93 93 741 749 743 751 93 93 742 750 744 752 743 751 742 750 91 91 743 751 744 752 745 753 91 91 744 752 87 87 91 91 745 753 746 754 87 87 745 753 747 755 87 87 746 754 748 756 747 755 746 754 85 85 747 755 748 756 749 757 85 85 748 756 81 81 85 85 749 757 750 758 81 81 749 757 751 759 81 81 750 758 752 760 751 759 750 758 79 79 751 759 752 760 289 291 753 761 287 289 754 762 753 761 289 291 755 763 754 762 289 291 756 764 754 762 755 763 293 295 756 764 755 763 757 765 756 764 293 295 295 297 757 765 293 295 758 766 757 765 295 297 759 767 758 766 295 297 760 768 758 766 759 767 299 301 760 768 759 767 761 769 760 768 299 301 301 303 761 769 299 301 762 770 761 769 301 303 635 771 762 770 301 303 636 772 762 770 635 771 764 775 553 774 763 773 765 776 553 774 764 775 766 777 765 776 764 775 767 778 765 776 766 777 768 779 767 778 766 777 769 780 767 778 768 779 770 781 769 780 768 779 771 782 769 780 770 781 772 783 771 782 770 781 769 780 771 782 772 783 773 784 769 780 772 783 774 785 769 780 773 784 775 786 774 785 773 784 776 787 774 785 775 786 777 788 776 787 775 786 754 762 224 790 778 789 779 791 224 790 754 762 756 764 779 791 754 762 780 792 779 791 756 764 781 793 780 792 756 764 782 794 780 792 781 793 758 766 782 794 781 793 783 795 782 794 758 766 760 768 783 795 758 766 784 796 783 795 760 768 785 797 784 796 760 768 786 798 784 796 785 797 762 770 786 798 785 797 787 799 786 798 762 770 636 772 787 799 762 770 463 465 136 801 788 800 789 802 136 801 463 465 465 467 789 802 463 465 790 803 789 802 465 467 791 804 790 803 465 467 792 805 790 803 791 804 467 469 792 805 791 804 793 806 792 805 467 469 469 471 793 806 467 469 794 807 793 806 469 471 795 808 794 807 469 471 796 809 794 807 795 808 471 473 796 809 795 808 797 810 796 809 471 473 473 475 797 810 471 473 682 688 686 692 684 690 798 811 686 692 682 688 799 812 798 811 682 688 800 813 798 811 799 812 801 814 800 813 799 812 802 815 800 813 801 814 803 816 802 815 801 814 804 817 802 815 803 816 805 818 804 817 803 816 806 819 804 817 805 818 807 820 806 819 805 818 808 821 806 819 807 820 809 822 808 821 807 820 810 823 808 821 809 822 812 825 624 629 811 824 813 826 624 629 812 825 814 827 813 826 812 825 626 631 813 826 814 827 815 828 626 631 814 827 630 635 626 631 815 828 816 829 630 635 815 828 817 830 630 635 816 829 818 831 817 830 816 829 632 637 817 830 818 831 819 832 632 637 818 831 102 102 632 637 819 832 106 106 102 102 819 832 104 104 102 102 106 106 536 538 262 262 534 536 820 833 262 262 536 538 821 834 820 833 536 538 264 264 820 833 821 834 822 835 264 264 821 834 266 266 264 264 822 835 823 836 266 266 822 835 824 837 266 266 823 836 825 838 824 837 823 836 268 268 824 837 825 838 826 839 268 268 825 838 270 270 268 268 826 839 827 840 270 270 826 839 828 841 270 270 827 840 830 843 210 210 829 842 831 844 210 210 830 843 832 845 831 844 830 843 212 212 831 844 832 845 833 846 212 212 832 845 214 214 212 212 833 846 834 847 214 214 833 846 835 848 214 214 834 847 836 849 835 848 834 847 216 216 835 848 836 849 837 850 216 216 836 849 218 218 216 216 837 850 838 851 218 218 837 850 839 852 218 218 838 851 41 41 37 37 39 39 840 853 37 37 41 41 841 854 840 853 41 41 842 855 840 853 841 854 843 856 842 855 841 854 844 857 842 855 843 856 845 858 844 857 843 856 846 859 844 857 845 858 847 860 846 859 845 858 848 861 846 859 847 860 849 862 848 861 847 860 850 863 848 861 849 862 851 864 850 863 849 862 852 865 850 863 851 864 854 867 19 19 853 866 855 868 19 19 854 867 856 869 855 868 854 867 17 17 855 868 856 869 857 870 17 17 856 869 13 13 17 17 857 870 858 871 13 13 857 870 859 872 13 13 858 871 860 873 859 872 858 871 11 11 859 872 860 873 861 874 11 11 860 873 7 7 11 11 861 874 862 875 7 7 861 874 863 876 7 7 862 875 865 878 480 482 864 877 866 879 480 482 865 878 867 880 866 879 865 878 482 484 866 879 867 880 868 881 482 484 867 880 486 488 482 484 868 881 869 882 486 488 868 881 870 883 486 488 869 882 871 884 870 883 869 882 488 490 870 883 871 884 872 885 488 490 871 884 492 494 488 490 872 885 873 886 492 494 872 885 874 887 492 494 873 886 35 35 31 31 33 33 875 888 31 31 35 35 876 889 875 888 35 35 877 890 875 888 876 889 878 891 877 890 876 889 879 892 877 890 878 891 880 893 879 892 878 891 881 894 879 892 880 893 882 895 881 894 880 893 883 896 881 894 882 895 884 897 883 896 882 895 885 898 883 896 884 897 886 899 885 898 884 897 887 900 885 898 886 899 1 902 726 732 0 901 888 903 726 732 1 902 889 904 888 903 1 902 724 730 888 903 889 904 890 905 724 730 889 904 720 726 724 730 890 905 889 904 720 726 890 905 891 906 720 726 889 904 892 907 891 906 889 904 718 724 891 906 892 907 893 908 718 724 892 907 714 720 718 724 893 908 862 909 714 720 893 908 894 910 714 720 862 909 897 913 896 912 895 911 898 914 896 912 897 913 899 915 898 914 897 913 900 916 898 914 899 915 901 917 900 916 899 915 902 918 900 916 901 917 903 919 902 918 901 917 904 920 902 918 903 919 905 921 904 920 903 919 906 922 904 920 905 921 907 923 906 922 905 921 399 401 906 922 907 923 401 403 399 401 907 923 578 583 909 925 908 924 910 926 909 925 578 583 582 587 910 926 578 583 911 927 910 926 582 587 912 928 911 927 582 587 913 929 911 927 912 928 584 589 913 929 912 928 914 930 913 929 584 589 588 593 914 930 584 589 915 931 914 930 588 593 916 932 915 931 588 593 431 433 915 931 916 932 433 435 431 433 916 932 918 934 704 710 917 933 919 935 704 710 918 934 920 936 919 935 918 934 702 708 919 935 920 936 921 937 702 708 920 936 698 704 702 708 921 937 922 938 698 704 921 937 923 939 698 704 922 938 924 940 923 939 922 938 696 702 923 939 924 940 925 941 696 702 924 940 425 427 696 702 925 941 427 429 425 427 925 941 827 840 927 943 926 942 928 944 927 943 827 840 825 838 928 944 827 840 929 945 928 944 825 838 930 946 929 945 825 838 931 947 929 945 930 946 823 836 931 947 930 946 932 948 931 947 823 836 821 834 932 948 823 836 933 949 932 948 821 834 934 950 933 949 821 834 538 540 933 949 934 950 536 538 538 540 934 950 208 208 210 210 209 209 829 842 210 210 208 208 935 951 829 842 208 208 830 843 829 842 935 951 936 952 830 843 935 951 937 953 830 843 936 952 938 954 937 953 936 952 939 955 937 953 938 954 940 956 939 955 938 954 941 957 939 955 940 956 942 958 941 957 940 956 943 959 941 957 942 958 369 371 371 373 370 372 944 960 371 373 369 371 945 961 944 960 369 371 946 962 944 960 945 961 947 963 946 962 945 961 948 964 946 962 947 963 949 965 948 964 947 963 950 966 948 964 949 965 951 967 950 966 949 965 952 968 950 966 951 967 953 969 952 968 951 967 954 970 952 968 953 969 956 972 567 569 955 971 957 973 567 569 956 972 958 974 957 973 956 972 565 567 957 973 958 974 959 975 565 567 958 974 561 563 565 567 959 975 960 976 561 563 959 975 961 977 561 563 960 976 962 978 961 977 960 976 559 561 961 977 962 978 963 979 559 561 962 978 555 557 559 561 963 979 341 343 345 347 343 345 366 368 345 347 341 343 964 980 366 368 341 343 367 369 366 368 964 980 965 981 367 369 964 980 966 982 367 369 965 981 967 983 966 982 965 981 968 984 966 982 967 983 133 985 968 984 967 983 969 986 968 984 133 985 970 987 969 986 133 985 971 988 969 986 970 987 109 991 973 990 972 989 974 992 973 990 109 991 975 993 974 992 109 991 976 994 974 992 975 993 977 995 976 994 975 993 978 996 976 994 977 995 979 997 978 996 977 995 980 998 978 996 979 997 981 999 980 998 979 997 982 1000 980 998 981 999 983 1001 982 1000 981 999 984 1002 982 1000 983 1001 373 375 375 377 374 376 985 1003 375 377 373 375 986 1004 985 1003 373 375 987 1005 985 1003 986 1004 988 1006 987 1005 986 1004 989 1007 987 1005 988 1006 990 1008 989 1007 988 1006 991 1009 989 1007 990 1008 992 1010 991 1009 990 1008 494 1011 991 1009 992 1010 496 1012 494 1011 992 1010 187 187 183 183 185 185 993 1013 183 183 187 187 994 1014 993 1013 187 187 995 1015 993 1013 994 1014 996 1016 995 1015 994 1014 997 1017 995 1015 996 1016 998 1018 997 1017 996 1016 999 1019 997 1017 998 1018 1000 1020 999 1019 998 1018 1001 1021 999 1019 1000 1020 1002 1022 1001 1021 1000 1020 97 97 93 93 95 95 741 749 93 93 97 97 1003 1023 741 749 97 97 742 750 741 749 1003 1023 1004 1024 742 750 1003 1023 1005 1025 742 750 1004 1024 1006 1026 1005 1025 1004 1024 1007 1027 1005 1025 1006 1026 727 733 1007 1027 1006 1026 723 729 1007 1027 727 733 725 731 723 729 727 733 683 689 450 452 681 687 1008 1028 450 452 683 689 885 898 1008 1028 683 689 448 450 1008 1028 885 898 887 900 448 450 885 898 444 446 448 450 887 900 886 899 444 446 887 900 1009 1029 444 446 886 899 850 863 1009 1029 886 899 442 444 1009 1029 850 863 852 865 442 444 850 863 994 1014 998 1018 996 1016 1010 1030 998 1018 994 1014 1011 1031 1010 1030 994 1014 1012 1032 1010 1030 1011 1031 1013 1033 1012 1032 1011 1031 1014 1034 1012 1032 1013 1033 1015 1035 1014 1034 1013 1033 1016 1036 1014 1034 1015 1035 1017 1037 1016 1036 1015 1035 1018 1038 1016 1036 1017 1037 1019 1039 1018 1038 1017 1037 1022 1042 1021 1041 1020 1040 1023 1043 1021 1041 1022 1042 1024 1044 1023 1043 1022 1042 1025 1045 1023 1043 1024 1044 1026 1046 1025 1045 1024 1044 1027 1047 1025 1045 1026 1046 1028 1048 1027 1047 1026 1046 1029 1049 1027 1047 1028 1048 1030 1050 1029 1049 1028 1048 1031 1051 1029 1049 1030 1050 1032 1052 1031 1051 1030 1050 383 1055 1034 1054 1033 1053 1035 1056 1034 1054 383 1055 1036 1057 1035 1056 383 1055 796 809 1035 1056 1036 1057 1037 1058 796 809 1036 1057 794 807 796 809 1037 1058 1038 1059 794 807 1037 1058 1039 1060 794 807 1038 1059 1040 1061 1039 1060 1038 1059 792 805 1039 1060 1040 1061 1041 1062 792 805 1040 1061 292 294 239 239 1042 1063 1043 1064 239 239 292 294 290 292 1043 1064 292 294 237 237 1043 1064 290 292 1044 1065 237 237 290 292 233 233 237 237 1044 1065 286 288 233 233 1044 1065 1045 1066 233 233 286 288 284 286 1045 1066 286 288 231 231 1045 1066 284 286 800 813 686 692 798 811 1046 1067 686 692 800 813 1047 1068 1046 1067 800 813 688 694 1046 1067 1047 1068 1048 1069 688 694 1047 1068 692 698 688 694 1048 1069 1049 1070 692 698 1048 1069 1050 1071 692 698 1049 1070 23 23 1050 1071 1049 1070 25 25 1050 1071 23 23 516 518 520 522 518 520 646 652 520 522 516 518 1051 1072 646 652 516 518 647 653 646 652 1051 1072 1052 1073 647 653 1051 1072 739 747 647 653 1052 1073 1053 1074 739 747 1052 1073 740 748 739 747 1053 1074 318 320 740 748 1053 1074 320 322 740 748 318 320 1056 1077 1055 1076 1054 1075 1057 1078 1055 1076 1056 1077 1058 1079 1057 1078 1056 1077 1059 1080 1057 1078 1058 1079 1060 1081 1059 1080 1058 1079 1061 1082 1059 1080 1060 1081 1062 1083 1061 1082 1060 1081 1063 1084 1061 1082 1062 1083 453 455 1063 1084 1062 1083 451 453 1063 1084 453 455 23 23 19 19 21 21 853 866 19 19 23 23 1049 1070 853 866 23 23 854 867 853 866 1049 1070 1064 1085 854 867 1049 1070 1065 1086 854 867 1064 1085 1047 1068 1065 1086 1064 1085 1066 1087 1065 1086 1047 1068 800 813 1066 1087 1047 1068 802 815 1066 1087 800 813 84 84 704 710 706 712 917 933 704 710 84 84 82 82 917 933 84 84 918 934 917 933 82 82 1067 1088 918 934 82 82 909 925 918 934 1067 1088 78 78 909 925 1067 1088 908 924 909 925 78 78 76 76 908 924 78 78 578 583 908 924 76 76 395 397 399 401 397 399 1068 1089 399 401 395 397 1069 1090 1068 1089 395 397 906 922 1068 1089 1069 1090 1070 1091 906 922 1069 1090 902 918 906 922 1070 1091 1071 1092 902 918 1070 1091 1072 1093 902 918 1071 1092 1073 1094 1072 1093 1071 1092 900 916 1072 1093 1073 1094 941 957 937 953 939 955 1074 1095 937 953 941 957 1075 1096 1074 1095 941 957 1076 1097 1074 1095 1075 1096 1077 1098 1076 1097 1075 1096 1078 1099 1076 1097 1077 1098 1079 1100 1078 1099 1077 1098 276 1101 1078 1099 1079 1100 278 1102 276 1101 1079 1100 1081 1105 1080 1104 170 1103 1082 1106 1080 1104 1081 1105 1083 1107 1082 1106 1081 1105 1084 1108 1082 1106 1083 1107 1085 1109 1084 1108 1083 1107 1086 1110 1084 1108 1085 1109 1087 1111 1086 1110 1085 1109 1088 1112 1086 1110 1087 1111 43 43 1088 1112 1087 1111 119 119 121 121 120 120 1089 1113 121 121 119 119 1090 1114 1089 1113 119 119 1091 1115 1089 1113 1090 1114 1092 1116 1091 1115 1090 1114 1093 1117 1091 1115 1092 1116 1094 1118 1093 1117 1092 1116 1095 1119 1093 1117 1094 1118 775 786 1095 1119 1094 1118 115 115 117 117 116 116 1096 1120 117 117 115 115 1097 1121 1096 1120 115 115 1098 1122 1096 1120 1097 1121 1099 1123 1098 1122 1097 1121 1100 1124 1098 1122 1099 1123 1101 1125 1100 1124 1099 1123 1102 1126 1100 1124 1101 1125 1104 1128 1103 1127 337 339 1105 1129 1103 1127 1104 1128 1106 1130 1105 1129 1104 1128 1107 1131 1105 1129 1106 1130 1108 1132 1107 1131 1106 1130 1109 1133 1107 1131 1108 1132 1110 1134 1109 1133 1108 1132 1111 1135 1109 1133 1110 1134 548 550 544 546 546 548 1112 1136 544 546 548 550 1113 1137 1112 1136 548 550 1114 1138 1112 1136 1113 1137 1115 1139 1114 1138 1113 1137 1116 1140 1114 1138 1115 1139 777 1141 1116 1140 1115 1139 1102 1142 1116 1140 777 1141 1118 1144 579 584 1117 1143 1119 1145 579 584 1118 1144 1120 1146 1119 1145 1118 1144 581 586 1119 1145 1120 1146 1121 1147 581 586 1120 1146 585 590 581 586 1121 1147 1122 1148 585 590 1121 1147 1123 1149 585 590 1122 1148 489 491 545 547 1124 1150 1125 1151 545 547 489 491 491 493 1125 1151 489 491 547 549 1125 1151 491 493 1126 1152 547 549 491 493 551 553 547 549 1126 1152 495 497 551 553 1126 1152 1127 1153 551 553 495 497 638 644 617 622 639 645 616 621 617 622 638 644 1128 1154 616 621 638 644 618 623 616 621 1128 1154 1129 1155 618 623 1128 1154 1130 1156 618 623 1129 1155 255 1157 1130 1156 1129 1155 256 1158 1130 1156 255 1157 1131 1161 204 1160 225 1159 1132 1162 204 1160 1131 1161 1133 1163 1132 1162 1131 1161 1134 1164 1132 1162 1133 1163 1135 1165 1134 1164 1133 1163 1136 1166 1134 1164 1135 1165 1137 1167 1136 1166 1135 1165 1138 1168 1136 1166 1137 1167 607 612 1138 1168 609 614 1136 1166 1138 1168 607 612 1139 1169 1136 1166 607 612 1140 1170 1136 1166 1139 1169 605 610 1140 1170 1139 1169 1141 1171 1140 1170 605 610 603 608 1141 1171 605 610 1142 1172 1141 1171 603 608 571 573 567 569 569 571 955 971 567 569 571 573 1143 1173 955 971 571 573 956 972 955 971 1143 1173 1144 1174 956 972 1143 1173 1145 1175 956 972 1144 1174 1146 1176 1145 1175 1144 1174 1147 1177 1145 1175 1146 1176 1150 1180 1149 1179 1148 1178 1151 1181 1149 1179 1150 1180 1152 1182 1151 1181 1150 1180 1153 1183 1151 1181 1152 1182 1154 1184 1153 1183 1152 1182 1155 1185 1153 1183 1154 1184 1156 1186 1155 1185 1154 1184 1157 1187 1155 1185 1156 1186 477 479 480 482 478 480 864 877 480 482 477 479 1158 1188 864 877 477 479 865 878 864 877 1158 1188 1159 1189 865 878 1158 1188 1160 1190 865 878 1159 1189 1161 1191 1160 1190 1159 1189 1162 1192 1160 1190 1161 1191 4 4 8 8 6 6 47 47 8 8 4 4 1163 1193 47 47 4 4 48 48 47 47 1163 1193 1164 1194 48 48 1163 1193 111 111 48 48 1164 1194 1165 1195 111 111 1164 1194 926 1196 111 111 1165 1195 587 1199 590 1198 589 1197 1166 1200 590 1198 587 1199 1167 1201 1166 1200 587 1199 1168 1202 1166 1200 1167 1201 1169 1203 1168 1202 1167 1201 1170 1204 1168 1202 1169 1203 1055 1205 1170 1204 1169 1203 1171 1206 1170 1204 1055 1205 744 752 746 754 745 753 1172 1207 746 754 744 752 1173 1208 1172 1207 744 752 1174 1209 1172 1207 1173 1208 1175 1210 1174 1209 1173 1208 717 723 1174 1209 1175 1210 721 727 717 723 1175 1210 719 725 717 723 721 727 542 544 538 540 540 542 1176 1211 538 540 542 544 1177 1212 1176 1211 542 544 933 949 1176 1211 1177 1212 1178 1213 933 949 1177 1212 931 947 933 949 1178 1213 1179 1214 931 947 1178 1213 1180 1215 931 947 1179 1214 1181 1218 984 1217 983 1216 1182 1219 984 1217 1181 1218 1183 1220 1182 1219 1181 1218 1184 1221 1182 1219 1183 1220 1185 1222 1184 1221 1183 1220 391 393 1184 1221 1185 1222 393 395 391 393 1185 1222 392 394 391 393 393 395 1186 1223 341 343 339 341 964 980 341 343 1186 1223 1187 1224 964 980 1186 1223 1188 1225 964 980 1187 1224 72 1226 1188 1225 1187 1224 967 983 1188 1225 72 1226 134 1227 967 983 72 1226 133 985 967 983 134 1227 620 625 624 629 622 627 811 824 624 629 620 625 1189 1228 811 824 620 625 812 825 811 824 1189 1228 1190 1229 812 825 1189 1228 1191 1230 812 825 1190 1229 1192 1231 1191 1230 1190 1229 1193 1232 1191 1230 1192 1231 123 123 125 125 124 124 1194 1233 125 125 123 123 1195 1234 1194 1233 123 123 1196 1235 1194 1233 1195 1234 1197 1236 1196 1235 1195 1234 1198 1237 1196 1235 1197 1236 1199 1238 1198 1237 1197 1236 1200 1239 1198 1237 1199 1238 1202 1241 127 127 1201 1240 1203 1242 127 127 1202 1241 1204 1243 1203 1242 1202 1241 129 129 1203 1242 1204 1243 1205 1244 129 129 1204 1243 131 131 129 129 1205 1244 971 1245 131 131 1205 1244 152 152 148 148 150 150 1206 1246 148 148 152 152 1207 1247 1206 1246 152 152 1208 1248 1206 1246 1207 1247 1209 1249 1208 1248 1207 1247 984 1002 1208 1248 1209 1249 982 1000 984 1002 1209 1249 1210 1252 1001 1251 1002 1250 1211 1253 1001 1251 1210 1252 1212 1254 1211 1253 1210 1252 1213 1255 1211 1253 1212 1254 1214 1256 1213 1255 1212 1254 445 447 1213 1255 1214 1256 447 449 445 447 1214 1256 689 695 879 892 1215 1257 1216 1258 879 892 689 695 691 697 1216 1258 689 695 877 890 1216 1258 691 697 1217 1259 877 890 691 697 31 31 877 890 1217 1259 29 29 31 31 1217 1259 1219 1262 805 1261 1218 1260 809 1263 805 1261 1219 1262 752 760 809 1263 1219 1262 1220 1264 809 1263 752 760 750 758 1220 1264 752 760 1221 1265 1220 1264 750 758 1222 1266 1221 1265 750 758 1225 1269 1224 1268 1223 1267 1226 1270 1224 1268 1225 1269 1227 1271 1226 1270 1225 1269 1228 1272 1226 1270 1227 1271 1229 1273 1228 1272 1227 1271 1027 1047 1228 1272 1229 1273 1025 1045 1027 1047 1229 1273 976 994 973 990 974 992 1230 1274 973 990 976 994 1231 1275 1230 1274 976 994 1232 1276 1230 1274 1231 1275 1233 1277 1232 1276 1231 1275 160 160 1232 1276 1233 1277 158 158 160 160 1233 1277 856 869 858 871 857 870 1234 1278 858 871 856 869 1235 1279 1234 1278 856 869 1236 1280 1234 1278 1235 1279 1237 1281 1236 1280 1235 1279 808 821 1236 1280 1237 1281 806 819 808 821 1237 1281 1239 1283 1198 1237 1238 1282 1240 1284 1198 1237 1239 1283 1202 1241 1240 1284 1239 1283 1196 1235 1240 1284 1202 1241 1201 1240 1196 1235 1202 1241 125 125 1196 1235 1201 1240 127 127 125 125 1201 1240 905 921 401 403 907 923 1241 1285 401 403 905 921 1242 1286 1241 1285 905 921 405 407 1241 1285 1242 1286 1243 1287 405 407 1242 1286 407 409 405 407 1243 1287 1244 1288 407 409 1243 1287 1094 1118 1100 1124 1245 1289 1246 1290 1100 1124 1094 1118 1090 1114 1246 1290 1094 1118 1098 1122 1246 1290 1090 1114 1247 1291 1098 1122 1090 1114 117 117 1098 1122 1247 1291 119 119 117 117 1247 1291 1207 1247 982 1000 1209 1249 1248 1292 982 1000 1207 1247 1249 1293 1248 1292 1207 1247 978 996 1248 1292 1249 1293 1250 1294 978 996 1249 1293 976 994 978 996 1250 1294 1231 1275 976 994 1250 1294 1251 1295 280 282 278 280 227 227 280 282 1251 1295 1252 1296 227 227 1251 1295 226 226 227 227 1252 1296 1253 1297 226 226 1252 1296 228 228 226 226 1253 1297 1254 1298 228 228 1253 1297 834 847 1078 1099 1255 1299 1256 1300 1078 1099 834 847 832 845 1256 1300 834 847 1076 1097 1256 1300 832 845 1257 1301 1076 1097 832 845 937 953 1076 1097 1257 1301 830 843 937 953 1257 1301 764 775 1238 1282 766 777 1239 1283 1238 1282 764 775 1258 1302 1239 1283 764 775 1259 1303 1239 1283 1258 1302 954 1304 1259 1303 1258 1302 953 1305 1259 1303 954 1304 108 108 1260 1306 110 110 1261 1307 1260 1306 108 108 1262 1308 1261 1307 108 108 1263 1309 1261 1307 1262 1308 1264 1310 1263 1309 1262 1308 1265 1311 1263 1309 1264 1310 662 668 660 666 661 667 1266 1312 660 666 662 668 1267 1313 1266 1312 662 668 1268 1314 1266 1312 1267 1313 1223 1315 1268 1314 1267 1313 1224 1316 1268 1314 1223 1315 975 993 979 997 977 995 1269 1317 979 997 975 993 1260 1318 1269 1317 975 993 1270 1319 1269 1317 1260 1318 1271 1320 1270 1319 1260 1318 896 1321 1270 1319 1271 1320 434 436 430 432 432 434 602 607 430 432 434 436 1018 1322 602 607 434 436 603 608 602 607 1018 1322 1019 1323 603 608 1018 1322 1142 1172 603 608 1019 1323 1152 1182 1156 1186 1154 1184 1272 1324 1156 1186 1152 1182 1273 1325 1272 1324 1152 1182 1274 1326 1272 1324 1273 1325 1275 1327 1274 1326 1273 1325 338 340 1274 1326 1275 1327 1236 1280 858 871 1234 1278 1276 1328 858 871 1236 1280 1277 1329 1276 1328 1236 1280 860 873 1276 1328 1277 1329 894 1330 860 873 1277 1329 862 875 860 873 894 1330 1273 1325 1104 1128 1275 1327 1278 1331 1104 1128 1273 1325 1279 1332 1278 1331 1273 1325 1106 1130 1278 1331 1279 1332 1280 1333 1106 1130 1279 1332 1110 1134 1106 1130 1280 1333 576 581 579 584 577 582 1117 1143 579 584 576 581 1281 1334 1117 1143 576 581 1118 1144 1117 1143 1281 1334 1282 1335 1118 1144 1281 1334 1058 1336 1118 1144 1282 1335 174 174 178 178 176 176 205 205 178 178 174 174 1283 1337 205 205 174 174 206 206 205 205 1283 1337 1148 1338 206 206 1283 1337 1149 1339 206 206 1148 1338 1285 1341 1131 1161 1284 1340 1286 1342 1131 1161 1285 1341 1287 1343 1286 1342 1285 1341 1133 1163 1286 1342 1287 1343 1288 1344 1133 1163 1287 1343 1137 1167 1133 1163 1288 1344 1155 1185 940 1346 1289 1345 1290 1347 940 1346 1155 1185 1291 1348 1290 1347 1155 1185 1292 1349 1290 1347 1291 1348 1293 1350 1292 1349 1291 1348 1030 1050 1292 1349 1293 1350 1174 1209 746 754 1172 1207 1294 1351 746 754 1174 1209 1295 1352 1294 1351 1174 1209 748 756 1294 1351 1295 1352 1222 1266 748 756 1295 1352 750 758 748 756 1222 1266 1075 1096 1079 1100 1077 1098 1296 1353 1079 1100 1075 1096 1297 1354 1296 1353 1075 1096 1298 1355 1296 1353 1297 1354 1299 1356 1298 1355 1297 1354 1022 1357 1298 1355 1299 1356 96 96 100 100 98 98 1300 1358 100 100 96 96 1301 1359 1300 1358 96 96 633 638 1300 1358 1301 1359 1302 1360 633 638 1301 1359 629 634 633 638 1302 1360 841 854 845 858 843 856 1303 1361 845 858 841 854 1087 1111 1303 1361 841 854 1083 1107 1303 1361 1087 1111 1085 1109 1083 1107 1087 1111 790 803 136 801 789 802 135 1362 136 801 790 803 1304 1363 135 1362 790 803 137 1364 135 1362 1304 1363 1305 1365 137 1364 1304 1363 1242 1286 1244 1288 1243 1287 1306 1366 1244 1288 1242 1286 1307 1367 1306 1366 1242 1286 1308 1368 1306 1366 1307 1367 1309 1369 1308 1368 1307 1367 615 620 636 641 637 643 1310 1370 636 641 615 620 613 618 1310 1370 615 620 1311 1371 1310 1370 613 618 1312 1372 1311 1371 613 618 342 344 338 340 340 342 1313 1373 338 340 342 344 556 558 1313 1373 342 344 1274 1326 1313 1373 556 558 554 556 1274 1326 556 558 1314 1376 1110 1375 1280 1374 1315 1377 1110 1375 1314 1376 172 172 1315 1377 1314 1376 1080 1378 1315 1377 172 172 170 170 1080 1378 172 172 181 181 177 177 179 179 1316 1379 177 177 181 181 1317 1380 1316 1379 181 181 439 1381 1316 1379 1317 1380 1318 1382 439 1381 1317 1380 103 103 99 99 101 101 1319 1383 99 99 103 103 1320 1384 1319 1383 103 103 1321 1385 1319 1383 1320 1384 1322 1386 1321 1385 1320 1384 407 409 410 412 409 411 1323 1387 410 412 407 409 1244 1288 1323 1387 407 409 1192 1388 1323 1387 1244 1288 1193 1389 1192 1388 1244 1288 1163 1392 1165 1391 1164 1390 1324 1393 1165 1391 1163 1392 274 274 1324 1393 1163 1392 272 272 1324 1393 274 274 273 273 272 272 274 274 653 659 655 661 654 660 1325 1394 655 661 653 659 733 741 1325 1394 653 659 731 739 1325 1394 733 741 732 740 731 739 733 741 278 1102 1252 1396 1251 1395 1326 1397 1252 1396 278 1102 1079 1100 1326 1397 278 1102 1298 1355 1326 1397 1079 1100 1296 1353 1298 1355 1079 1100 1327 1398 952 968 954 970 992 1010 952 968 1327 1398 1328 1399 992 1010 1327 1398 496 1012 992 1010 1328 1399 495 1400 496 1012 1328 1399 735 743 737 745 736 744 1329 1401 737 745 735 743 651 657 1329 1401 735 743 649 655 1329 1401 651 657 650 656 649 655 651 657 457 459 1330 1402 459 461 1281 1403 1330 1402 457 459 1331 1404 1281 1403 457 459 1062 1083 1281 1403 1331 1404 453 455 1062 1083 1331 1404 590 1198 436 1406 435 1405 1332 1407 436 1406 590 1198 1168 1202 1332 1407 590 1198 1333 1408 1332 1407 1168 1202 1334 1409 1333 1408 1168 1202 883 896 879 892 881 894 1215 1257 879 892 883 896 685 691 1215 1257 883 896 689 695 1215 1257 685 691 687 693 689 695 685 691 146 146 142 142 144 144 1335 1410 142 142 146 146 1336 1411 1335 1410 146 146 389 1412 1335 1410 1336 1411 1337 1413 389 1412 1336 1411 899 915 903 919 901 917 1338 1414 903 919 899 915 1339 1415 1338 1414 899 915 1307 1367 1338 1414 1339 1415 1309 1369 1307 1367 1339 1415 1212 1254 447 449 1214 1256 1340 1416 447 449 1212 1254 1061 1082 1340 1416 1212 1254 451 453 1340 1416 1061 1082 1063 1084 451 453 1061 1082 193 193 189 189 191 191 1341 1417 189 189 193 193 1015 1035 1341 1417 193 193 1011 1031 1341 1417 1015 1035 1013 1033 1011 1031 1015 1035 564 566 568 570 566 568 1342 1418 568 570 564 566 350 352 1342 1418 564 566 354 356 1342 1418 350 352 352 354 354 356 350 352 249 249 302 304 1343 1419 1344 1420 302 304 249 249 251 251 1344 1420 249 249 304 306 1344 1420 251 251 1345 1421 304 306 251 251 483 485 479 481 481 483 1346 1422 479 481 483 485 539 541 1346 1422 483 485 535 537 1346 1422 539 541 537 539 535 537 539 541 675 681 679 685 677 683 1347 1423 679 685 675 681 645 651 1347 1423 675 681 1301 1359 1347 1423 645 651 1302 1360 1301 1359 645 651 1017 1037 1142 1424 1019 1039 1348 1425 1142 1424 1017 1037 195 195 1348 1425 1017 1037 199 199 1348 1425 195 195 197 197 199 199 195 195 1228 1272 1350 1427 1349 1426 1351 1428 1350 1427 1228 1272 1027 1047 1351 1428 1228 1272 1031 1051 1351 1428 1027 1047 1029 1049 1031 1051 1027 1047 298 300 302 304 300 302 1343 1419 302 304 298 300 245 245 1343 1419 298 300 249 249 1343 1419 245 245 247 247 249 249 245 245 570 572 573 576 572 574 1352 1429 573 576 570 572 356 358 1352 1429 570 572 360 362 1352 1429 356 358 358 360 360 362 356 358 802 815 1065 1086 1066 1087 1353 1430 1065 1086 802 815 806 819 1353 1430 802 815 1235 1279 1353 1430 806 819 1237 1281 1235 1279 806 819 782 794 1285 1432 1284 1431 1354 1433 1285 1432 782 794 784 796 1354 1433 782 794 1285 1432 1354 1433 784 796 1355 1434 1285 1432 784 796 1267 1313 1225 1435 1223 1315 1356 1436 1225 1435 1267 1313 1357 1437 1356 1436 1267 1313 1358 1438 1356 1436 1357 1437 1359 1439 1358 1438 1357 1437 1107 1131 1103 1127 1105 1129 1360 1440 1103 1127 1107 1131 1361 1441 1360 1440 1107 1131 46 1442 1360 1440 1361 1441 45 1443 46 1442 1361 1441 1122 1148 1056 1445 1054 1444 1362 1446 1056 1445 1122 1148 1120 1146 1362 1446 1122 1148 1056 1445 1362 1446 1120 1146 1363 1447 1056 1445 1120 1146 729 735 166 1448 168 737 1364 1449 166 1448 729 735 1365 1450 1364 1449 729 735 1366 1451 1364 1449 1365 1450 1322 1386 1366 1451 1365 1450 1339 1454 1367 1453 1309 1452 1368 1455 1367 1453 1339 1454 897 1456 1368 1455 1339 1454 1265 1311 1368 1455 897 1456 895 1457 1265 1311 897 1456 799 812 803 816 801 814 1369 1458 803 816 799 812 456 458 1369 1458 799 812 460 462 1369 1458 456 458 458 460 460 462 456 458 541 543 545 547 543 545 1124 1150 545 547 541 543 485 487 1124 1150 541 543 489 491 1124 1150 485 487 487 489 489 491 485 487 600 605 596 601 598 603 1370 1459 596 601 600 605 1053 1074 1370 1459 600 605 1051 1072 1370 1459 1053 1074 1052 1073 1051 1072 1053 1074 969 986 966 982 968 984 1371 1460 966 982 969 986 949 965 1371 1460 969 986 945 961 1371 1460 949 965 947 963 945 961 949 965 231 231 227 227 229 229 1372 1461 227 227 231 231 284 286 1372 1461 231 231 280 282 1372 1461 284 286 282 284 280 282 284 286 158 158 154 154 156 156 1373 1462 154 154 158 158 1231 1275 1373 1462 158 158 1249 1293 1373 1462 1231 1275 1250 1294 1249 1293 1231 1275 723 729 1005 1025 1007 1027 1374 1463 1005 1025 723 729 721 727 1374 1463 723 729 1173 1208 1374 1463 721 727 1175 1210 1173 1208 721 727 1003 1023 1006 1026 1004 1024 1375 1464 1006 1026 1003 1023 1321 1385 1375 1464 1003 1023 1365 1450 1375 1464 1321 1385 1322 1386 1365 1450 1321 1385 1189 1228 1192 1231 1190 1229 1376 1465 1192 1231 1189 1228 1130 1156 1376 1465 1189 1228 410 1466 1376 1465 1130 1156 256 1158 410 1466 1130 1156 348 350 344 346 346 348 1377 1467 344 346 348 350 562 564 1377 1467 348 350 558 560 1377 1467 562 564 560 562 558 560 562 564 1380 1470 1379 1469 1378 1468 1381 1471 1379 1469 1380 1470 816 829 1381 1471 1380 1470 814 827 1381 1471 816 829 815 828 814 827 816 829 171 171 851 1473 1382 1472 1383 1474 851 1473 171 171 175 175 1383 1474 171 171 438 1475 1383 1474 175 175 437 1476 438 1475 175 175 847 860 851 864 849 862 1382 1477 851 864 847 860 1081 1105 1382 1477 847 860 171 1478 1382 1477 1081 1105 170 1103 171 1478 1081 1105 1386 1481 1385 1480 1384 1479 1387 1482 1385 1480 1386 1481 384 386 1387 1482 1386 1481 381 383 1387 1482 384 386 382 384 381 383 384 386 1025 1045 1021 1041 1023 1043 1388 1483 1021 1041 1025 1045 1227 1271 1388 1483 1025 1045 1358 1484 1388 1483 1227 1271 1389 1485 1358 1484 1227 1271 1367 1488 1379 1487 1390 1486 1378 1489 1379 1487 1367 1488 1265 1490 1378 1489 1367 1488 1380 1491 1378 1489 1265 1490 1264 1492 1380 1491 1265 1490 669 675 673 679 671 677 1391 1493 673 679 669 675 641 647 1391 1493 669 675 643 649 1391 1493 641 647 642 648 643 649 641 647 946 962 371 373 944 960 1392 1494 371 373 946 962 986 1004 1392 1494 946 962 373 375 1392 1494 986 1004 1393 1496 713 719 1277 1495 715 721 713 719 1393 1496 1394 1497 715 721 1393 1496 1295 1352 715 721 1394 1497 649 655 737 745 1329 1401 1395 1498 737 745 649 655 647 653 1395 1498 649 655 739 747 1395 1498 647 653 952 968 948 964 950 966 1396 1499 948 964 952 968 992 1010 1396 1499 952 968 990 1008 1396 1499 992 1010 838 1502 1397 1501 839 1500 1398 1503 1397 1501 838 1502 281 283 1398 1503 838 1502 283 285 1398 1503 281 283 731 739 655 661 1325 1394 1399 1504 655 661 731 739 396 398 1399 1504 731 739 398 400 1399 1504 396 398 1069 1090 1071 1092 1070 1091 1400 1505 1071 1092 1069 1090 1183 1220 1400 1505 1069 1090 1181 1218 1400 1505 1183 1220 1091 1115 121 121 1089 1113 1401 1506 121 121 1091 1115 1195 1234 1401 1506 1091 1115 123 123 1401 1506 1195 1234 995 1015 183 183 993 1013 1402 1507 183 183 995 1015 1317 1380 1402 1507 995 1015 181 181 1402 1507 1317 1380 1403 1508 1091 1115 1093 1117 1195 1234 1091 1115 1403 1508 1199 1238 1195 1234 1403 1508 1197 1236 1195 1234 1199 1238 842 855 37 37 840 853 1404 1509 37 37 842 855 876 889 1404 1509 842 855 35 35 1404 1509 876 889 1317 1380 1405 1510 1318 1382 1406 1511 1405 1510 1317 1380 995 1015 1406 1511 1317 1380 997 1017 1406 1511 995 1015 1268 1314 660 666 1266 1312 1407 1512 660 666 1268 1314 1146 1513 1407 1512 1268 1314 658 664 1407 1512 1146 1513 1051 1072 596 601 1370 1459 1408 1514 596 601 1051 1072 516 518 1408 1514 1051 1072 514 516 1408 1514 516 518 500 502 502 504 501 503 707 713 502 504 500 502 517 519 707 713 500 502 519 521 707 713 517 519 1249 1293 154 154 1373 1462 1409 1515 154 154 1249 1293 1207 1247 1409 1515 1249 1293 152 152 1409 1515 1207 1247 1083 1107 845 858 1303 1361 1410 1516 845 858 1083 1107 1081 1105 1410 1516 1083 1107 847 860 1410 1516 1081 1105 1336 1411 1184 1517 1337 1413 1411 1518 1184 1517 1336 1411 1208 1248 1411 1518 1336 1411 984 1002 1411 1518 1208 1248 987 1005 375 377 985 1003 1412 1519 375 377 987 1005 1413 1520 1412 1519 987 1005 377 379 1412 1519 1413 1520 882 895 886 899 884 897 1414 1521 886 899 882 895 848 861 1414 1521 882 895 850 863 1414 1521 848 861 1270 1319 979 997 1269 1317 1415 1522 979 997 1270 1319 1073 1523 1415 1522 1270 1319 981 999 1415 1522 1073 1523 1321 1385 99 99 1319 1383 1416 1524 99 99 1321 1385 1003 1023 1416 1524 1321 1385 97 97 1416 1524 1003 1023 1417 1527 364 1526 365 1525 362 1528 364 1526 1417 1527 1418 1529 362 1528 1417 1527 575 1530 362 1528 1418 1529 924 940 427 429 925 941 1419 1531 427 429 924 940 915 931 1419 1531 924 940 431 433 1419 1531 915 931 915 931 913 929 914 930 1420 1532 913 929 915 931 924 940 1420 1532 915 931 922 938 1420 1532 924 940 672 678 699 705 1421 1533 1422 1534 699 705 672 678 676 682 1422 1534 672 678 701 707 1422 1534 676 682 701 707 705 711 703 709 1423 1535 705 711 701 707 676 682 1423 1535 701 707 678 684 1423 1535 676 682 920 936 922 938 921 937 1424 1536 922 938 920 936 911 927 1424 1536 920 936 913 929 1424 1536 911 927 695 701 699 705 697 703 1421 1533 699 705 695 701 670 676 1421 1533 695 701 672 678 1421 1533 670 676 911 927 909 925 910 926 1425 1537 909 925 911 927 920 936 1425 1537 911 927 918 934 1425 1537 920 936 848 861 844 857 846 859 1426 1538 844 857 848 861 882 895 1426 1538 848 861 880 893 1426 1538 882 895 90 90 678 684 680 686 1427 1539 678 684 90 90 88 88 1427 1539 90 90 705 711 1427 1539 88 88 164 164 160 160 162 162 1428 1540 160 160 164 164 1429 1541 1428 1540 164 164 1232 1276 1428 1540 1429 1541 1208 1248 148 148 1206 1246 1430 1542 148 148 1208 1248 1336 1411 1430 1542 1208 1248 146 146 1430 1542 1336 1411 535 537 479 481 1346 1422 1431 1543 479 481 535 537 260 260 1431 1543 535 537 258 258 1431 1543 260 260 1301 1359 679 685 1347 1423 1432 1544 679 685 1301 1359 96 96 1432 1544 1301 1359 94 94 1432 1544 96 96 1173 1208 1005 1025 1374 1463 1433 1545 1005 1025 1173 1208 744 752 1433 1545 1173 1208 742 750 1433 1545 744 752 777 788 1100 1124 1102 1126 1245 1289 1100 1124 777 788 775 786 1245 1289 777 788 1094 1118 1245 1289 775 786 1114 1138 544 546 1112 1136 1434 1546 544 546 1114 1138 1177 1212 1434 1546 1114 1138 542 544 1434 1546 1177 1212 1020 1548 1253 1297 1022 1547 1435 1549 1253 1297 1020 1548 1021 1550 1435 1549 1020 1548 1359 1439 1435 1549 1021 1550 670 676 419 421 668 674 1436 1551 419 421 670 676 695 701 1436 1551 670 676 421 423 1436 1551 695 701 1177 1212 1179 1214 1178 1213 1437 1552 1179 1214 1177 1212 1114 1138 1437 1552 1177 1212 1116 1140 1437 1552 1114 1138 318 320 314 316 316 318 1438 1553 314 316 318 320 1053 1074 1438 1553 318 320 600 605 1438 1553 1053 1074 201 1555 1140 1170 1439 1554 1440 1556 1140 1170 201 1555 1134 1164 1440 1556 201 1555 1136 1166 1440 1556 1134 1164 943 1558 1028 1048 1441 1557 1442 1559 1028 1048 943 1558 1292 1349 1442 1559 943 1558 1030 1050 1442 1559 1292 1349 876 889 880 893 878 891 1443 1560 880 893 876 889 842 855 1443 1560 876 889 844 857 1443 1560 842 855 1365 1450 1006 1026 1375 1464 1444 1561 1006 1026 1365 1450 729 735 1444 1561 1365 1450 727 733 1444 1561 729 735 1385 1480 1446 1563 1445 1562 1447 1564 1446 1563 1385 1480 381 383 1447 1564 1385 1480 379 381 1447 1564 381 383 306 1565 638 644 305 642 1128 1154 638 644 306 1565 304 1566 1128 1154 306 1565 1345 1567 1128 1154 304 1566 1386 1569 1160 1190 1448 1568 1449 1570 1160 1190 1386 1569 867 880 1449 1570 1386 1569 865 878 1449 1570 867 880 643 649 673 679 1391 1493 1450 1571 673 679 643 649 645 651 1450 1571 643 649 675 681 1450 1571 645 651 818 831 106 106 819 832 1451 1572 106 106 818 831 1262 1308 1451 1572 818 831 108 108 1451 1572 1262 1308 1379 1469 1191 1230 1390 1573 1452 1574 1191 1230 1379 1469 814 827 1452 1574 1379 1469 812 825 1452 1574 814 827 558 560 344 346 1377 1467 1453 1575 344 346 558 560 556 558 1453 1575 558 560 342 344 1453 1575 556 558 277 1576 1078 1099 276 1101 1255 1299 1078 1099 277 1576 836 849 1255 1299 277 1576 834 847 1255 1299 836 849 1262 1308 1380 1470 1264 1310 1454 1577 1380 1470 1262 1308 818 831 1454 1577 1262 1308 816 829 1454 1577 818 831 1187 1224 73 1578 72 1226 46 1442 73 1578 1187 1224 1455 1579 46 1442 1187 1224 1103 1127 46 1442 1455 1579 945 961 966 982 1371 1460 1456 1580 966 982 945 961 369 371 1456 1580 945 961 367 369 1456 1580 369 371 1036 1057 1038 1059 1037 1058 1457 1581 1038 1059 1036 1057 386 1582 1457 1581 1036 1057 1458 1583 1457 1581 386 1582 1297 1354 943 959 1441 1584 1459 1585 943 959 1297 1354 1075 1096 1459 1585 1297 1354 941 957 1459 1585 1075 1096 1235 1279 1065 1086 1353 1430 1460 1586 1065 1086 1235 1279 856 869 1460 1586 1235 1279 854 867 1460 1586 856 869 951 967 971 988 1461 1587 1462 1588 971 988 951 967 949 965 1462 1588 951 967 969 986 1462 1588 949 965 1086 1590 1109 1133 1463 1589 1464 1591 1109 1133 1086 1590 1361 1441 1464 1591 1086 1590 1107 1131 1464 1591 1361 1441 1465 1592 548 550 550 552 1113 1137 548 550 1465 1592 774 1593 1113 1137 1465 1592 776 1594 1113 1137 774 1593 307 1595 571 573 309 575 1143 1173 571 573 307 1595 308 1596 1143 1173 307 1595 1466 1597 1143 1173 308 1596 1011 1031 189 189 1341 1417 1467 1598 189 189 1011 1031 994 1014 1467 1598 1011 1031 187 187 1467 1598 994 1014 986 1004 990 1008 988 1006 1468 1599 990 1008 986 1004 946 962 1468 1599 986 1004 948 964 1468 1599 946 962 517 519 513 515 515 517 1469 1600 513 515 517 519 500 502 1469 1600 517 519 498 500 1469 1600 500 502 354 356 568 570 1342 1418 1470 1601 568 570 354 356 356 358 1470 1601 354 356 570 572 1470 1601 356 358 1307 1367 903 919 1338 1414 1471 1602 903 919 1307 1367 1242 1286 1471 1602 1307 1367 905 921 1471 1602 1242 1286 1153 1183 1149 1179 1151 1181 1472 1603 1149 1179 1153 1183 938 1604 1472 1603 1153 1183 1393 1496 808 1606 810 1605 1473 1607 808 1606 1393 1496 1277 1495 1473 1607 1393 1496 981 999 1181 1608 983 1001 1474 1609 1181 1608 981 999 1073 1523 1474 1609 981 999 1158 1188 1161 1191 1159 1189 1305 1610 1161 1191 1158 1188 137 137 1305 1610 1158 1188 1040 1613 1304 1612 1041 1611 1475 1614 1304 1612 1040 1613 1458 1615 1475 1614 1040 1613 281 283 277 279 279 281 1476 1616 277 279 281 283 838 1502 1476 1616 281 283 1137 1619 609 1618 1138 1617 1477 1620 609 1618 1137 1619 1478 1621 1477 1620 1137 1619 1179 1624 1479 1623 1180 1622 1480 1625 1479 1623 1179 1624 1116 1626 1480 1625 1179 1624 1298 1355 1252 1396 1326 1397 1481 1627 1252 1396 1298 1355 1022 1357 1481 1627 1298 1355 1292 1349 940 1346 1290 1347 942 1628 940 1346 1292 1349 943 1558 942 1628 1292 1349 1483 1631 1482 1630 1429 1629 973 1632 1482 1630 1483 1631 972 1633 973 1632 1483 1631 1263 1309 1260 1306 1261 1307 1271 1634 1260 1306 1263 1309 896 1635 1271 1634 1263 1309 1287 1343 1478 1636 1288 1344 1484 1637 1478 1636 1287 1343 786 1638 1484 1637 1287 1343 836 849 838 851 837 850 1476 1639 838 851 836 849 277 1576 1476 1639 836 849 927 1640 111 111 926 1196 1485 1641 111 111 927 1640 1486 1642 1485 1641 927 1640 1366 1451 166 1448 1364 1449 1487 1643 166 1448 1366 1451 1429 1629 1487 1643 1366 1451 131 131 133 133 132 132 970 1644 133 133 131 131 971 1245 970 1644 131 131 79 79 75 75 77 77 1488 1645 75 75 79 79 752 760 1488 1645 79 79 1218 1260 460 1646 461 579 1489 1647 460 1646 1218 1260 805 1261 1489 1647 1218 1260 1024 1044 1028 1048 1026 1046 1441 1557 1028 1048 1024 1044 1297 1648 1441 1557 1024 1044 1059 1080 1055 1076 1057 1078 1171 1649 1055 1076 1059 1080 1210 1252 1171 1649 1059 1080 1320 1652 1366 1651 1322 1650 1490 1653 1366 1651 1320 1652 1483 1654 1490 1653 1320 1652 1232 1276 973 990 1230 1274 1482 1655 973 990 1232 1276 1429 1541 1482 1655 1232 1276 1204 1243 971 1245 1205 1244 1461 1656 971 1245 1204 1243 1259 1303 1461 1656 1204 1243 475 1659 1417 1658 1491 1657 1418 1660 1417 1658 475 1659 575 1661 1418 1660 475 1659 1361 1441 43 1662 45 1443 1088 1663 43 1662 1361 1441 1086 1590 1088 1663 1361 1441 1170 1204 1334 1409 1168 1202 1000 1020 1334 1409 1170 1204 1002 1022 1000 1020 1170 1204 1417 1527 1034 1054 1491 1664 1033 1053 1034 1054 1417 1527 365 1525 1033 1053 1417 1527 5 5 1 1 3 3 1492 1665 1 1 5 5 892 1666 1492 1665 5 5 900 916 896 912 898 914 1493 1667 896 912 900 916 1073 1094 1493 1667 900 916 1357 1437 1435 1549 1359 1439 1494 1668 1435 1549 1357 1437 664 670 1494 1668 1357 1437 1446 1671 1413 1670 1495 1669 1496 1672 1413 1670 1446 1671 379 1673 1496 1672 1446 1671 1134 1164 204 1160 1132 1162 203 1674 204 1160 1134 1164 201 1555 203 1674 1134 1164 867 880 869 882 868 881 1384 1675 869 882 867 880 1386 1569 1384 1675 867 880 780 792 224 790 779 791 225 1676 224 790 780 792 1131 1677 225 1676 780 792 1458 1583 1161 1679 1475 1678 1162 1680 1161 1679 1458 1583 386 1582 1162 1680 1458 1583 445 447 1497 1681 1213 1255 441 443 1497 1681 445 447 443 445 441 443 445 447 658 664 308 310 657 663 1466 1682 308 310 658 664 1146 1513 1466 1682 658 664 243 243 239 239 241 241 1042 1063 239 239 243 243 296 298 1042 1063 243 243 1279 1332 1314 1683 1280 1333 1498 1684 1314 1683 1279 1332 1150 1180 1498 1684 1279 1332 573 576 1499 1685 575 578 360 362 1499 1685 573 576 1352 1429 360 362 573 576 1500 1686 1012 1032 1333 1408 998 1018 1012 1032 1500 1686 1000 1020 998 1018 1500 1686 1291 1689 962 1688 1293 1687 963 1690 962 1688 1291 1689 555 1691 963 1690 1291 1689 1097 1694 1101 1693 1099 1692 1501 1695 1101 1693 1097 1694 1486 1696 1501 1695 1097 1694 438 1475 851 1473 1383 1474 852 1697 851 1473 438 1475 442 1698 852 1697 438 1475 935 951 938 954 936 952 1472 1699 938 954 935 951 1149 1339 1472 1699 935 951 555 1691 1156 1701 554 1700 1157 1702 1156 1701 555 1691 1291 1689 1157 1702 555 1691 1502 1703 935 951 208 208 1149 1339 935 951 1502 1703 206 206 1149 1339 1502 1703 1503 1704 1150 1180 1279 1332 1152 1182 1150 1180 1503 1704 1273 1325 1152 1182 1503 1704 1504 1705 1314 1376 1283 1337 172 172 1314 1376 1504 1705 174 174 172 172 1504 1705 1505 1706 1017 1037 1015 1035 195 195 1017 1037 1505 1706 193 193 195 195 1505 1706 1506 1707 1212 1254 1210 1252 1061 1082 1212 1254 1506 1707 1059 1080 1061 1082 1506 1707 377 379 379 381 378 380 1496 1708 379 381 377 379 1413 1520 1496 1708 377 379 1507 1709 539 541 483 485 541 543 539 541 1507 1709 485 487 541 543 1507 1709 1508 1710 1158 1188 477 479 137 137 1158 1188 1508 1710 139 139 137 137 1508 1710 1509 1711 564 566 562 564 350 352 564 566 1509 1711 348 350 350 352 1509 1711 1283 1337 1150 1712 1148 1338 1498 1713 1150 1712 1283 1337 1314 1376 1498 1713 1283 1337 1328 1399 1127 1714 495 1400 553 1715 1127 1714 1328 1399 763 1716 553 1715 1328 1399 1510 1717 1204 1243 1202 1241 1259 1303 1204 1243 1510 1717 1239 1283 1259 1303 1510 1717 1511 1718 885 898 683 689 883 896 885 898 1511 1718 685 691 883 896 1511 1718 1512 1719 682 688 454 456 799 812 682 688 1512 1719 456 458 799 812 1512 1719 1513 1720 841 854 41 41 1087 1111 841 854 1513 1720 43 43 1087 1111 1513 1720 1514 1721 715 721 1295 1352 717 723 715 721 1514 1721 1174 1209 717 723 1514 1721 1515 1722 415 417 413 415 669 675 415 417 1515 1722 641 647 669 675 1515 1722 1516 1723 620 625 618 623 1189 1228 620 625 1516 1723 1130 1156 1189 1228 1516 1723 1517 1724 664 670 1357 1437 662 668 664 670 1517 1724 1267 1313 662 668 1517 1724 1518 1725 245 245 298 300 243 243 245 245 1518 1725 296 298 243 243 1518 1725 1519 1726 735 743 733 741 651 657 735 743 1519 1726 653 659 651 657 1519 1726 1021 1041 1358 1484 1359 1727 1388 1483 1358 1484 1021 1041 463 1730 388 1729 462 1728 788 1731 388 1729 463 1730 1337 1732 391 393 389 391 1184 1221 391 393 1337 1732 389 1412 142 142 1335 1410 387 1733 142 142 389 1412 387 1733 140 140 142 142 388 1729 140 140 387 1733 788 1731 140 140 388 1729 136 136 140 140 788 1731 790 803 1041 1062 1304 1363 792 805 1041 1062 790 803 1304 1363 1161 1679 1305 1365 1475 1678 1161 1679 1304 1363 110 1734 975 993 109 991 1260 1318 975 993 110 1734 982 1000 978 996 980 998 1248 1292 978 996 982 1000 1184 1221 984 1217 1182 1219 1411 1735 984 1217 1184 1221 393 1738 1183 1737 1520 1736 1185 1739 1183 1737 393 1738 1493 1740 1270 1319 896 1321 1073 1523 1270 1319 1493 1740 1521 1741 899 915 897 913 1339 1415 899 915 1521 1741 1522 1742 274 274 1163 1392 2 276 274 274 1522 1742 272 1744 1165 1195 1324 1743 828 1745 1165 1195 272 1744 827 1746 1165 1195 828 1745 926 1196 1165 1195 827 1746 111 1749 113 1748 112 1747 1485 1750 113 1748 111 1749 1487 1751 164 164 166 166 1429 1541 164 164 1487 1751 4 4 1522 1752 1163 1193 2 2 1522 1752 4 4 1180 1215 929 945 931 947 1479 1753 929 945 1180 1215 1101 1125 1479 1623 1480 1625 1501 1754 1479 1623 1101 1125 1101 1755 1116 1140 1102 1142 1480 1756 1116 1140 1101 1755 1523 1757 1486 1642 927 1640 1479 1623 1486 1642 1523 1757 1523 1758 929 945 1479 1753 927 943 929 945 1523 1758 1524 1759 1486 1696 1097 1694 113 1748 1486 1696 1524 1759 1524 1760 115 115 113 113 1097 1121 115 115 1524 1760 774 1763 550 1762 1525 1761 1465 1764 550 1762 774 1763 777 1141 1113 1137 776 1594 1115 1139 1113 1137 777 1141 338 1767 1104 1766 337 1765 1275 1768 1104 1766 338 1767 1274 1770 1156 1701 1272 1769 554 1700 1156 1701 1274 1770 72 72 70 70 134 134 71 71 70 70 72 72 964 980 967 983 965 981 1188 1225 967 983 964 980 1084 1771 1109 1133 1111 1135 1463 1589 1109 1133 1084 1771 1103 1774 339 1773 337 1772 1455 1775 339 1773 1103 1774 339 1773 1187 1777 1186 1776 1455 1775 1187 1777 339 1773 1143 1173 1146 1176 1144 1174 1466 1597 1146 1176 1143 1173 574 1778 311 313 309 311 575 1530 311 313 574 1778 1031 1781 960 1780 1526 1779 1032 1782 960 1780 1031 1781 960 976 958 974 1526 1783 959 975 958 974 960 976 958 1786 1350 1785 1526 1784 1527 1787 1350 1785 958 1786 956 972 1527 1788 958 974 1145 1175 1527 1788 956 972 1145 1175 1350 1427 1527 1788 1349 1426 1350 1427 1145 1175 1350 1427 1031 1051 1526 1783 1351 1428 1031 1051 1350 1427 1228 1790 1224 1316 1226 1789 1349 1791 1224 1316 1228 1790 1145 1792 1224 1316 1349 1791 1147 1793 1224 1316 1145 1792 871 1795 1446 1563 1495 1794 1445 1562 1446 1563 871 1795 871 884 873 886 872 885 1495 1669 873 886 871 884 873 886 1413 1670 1528 1796 1495 1669 1413 1670 873 886 1385 1797 869 882 1384 1675 1445 1798 869 882 1385 1797 987 1005 1528 1799 1413 1520 989 1007 1528 1799 987 1005 475 477 473 475 474 476 1491 1664 473 475 475 477 473 1802 1034 1801 797 1800 1491 1803 1034 1801 473 1802 476 478 311 313 575 1530 315 317 311 313 476 478 1448 1804 384 386 1386 1481 386 388 384 386 1448 1804 386 1805 1160 1190 1162 1192 1448 1568 1160 1190 386 1805 385 1806 1036 1057 383 1055 386 1582 1036 1057 385 1806 1034 1054 796 809 797 810 1035 1056 796 809 1034 1054 1458 1583 1038 1059 1457 1581 1529 1807 1038 1059 1458 1583 948 964 990 1008 1468 1599 1396 1499 990 1008 948 964 495 497 491 493 493 495 1126 1152 491 493 495 497 494 1011 989 1007 991 1009 874 1808 989 1007 494 1011 989 1007 873 1809 1528 1799 874 1808 873 1809 989 1007 1198 1812 766 1811 1238 1810 1200 1813 766 1811 1198 1812 1525 1814 769 780 774 785 767 778 769 780 1525 1814 772 783 775 786 773 784 1095 1119 775 786 772 783 951 1815 1259 1303 953 1305 1461 1656 1259 1303 951 1815 764 1817 954 970 1258 1816 763 1716 954 970 764 1817 550 552 767 1819 1525 1818 552 554 767 1819 550 552 767 778 553 774 765 776 552 1820 553 774 767 778 766 1811 770 1822 768 1821 1200 1813 770 1822 766 1811 447 449 451 453 449 451 1340 1416 451 453 447 449 1330 1823 576 581 459 580 1281 1334 576 581 1330 1823 1030 1825 962 1688 1032 1824 1293 1687 962 1688 1030 1825 109 109 105 105 107 107 972 1633 105 105 109 109 1263 1309 895 1457 896 1635 1265 1311 895 1457 1263 1309 460 462 803 816 1369 1458 1489 1826 803 816 460 462 75 1829 1218 1828 461 1827 1488 1830 1218 1828 75 1829 1218 1828 752 1832 1219 1831 1488 1830 752 1832 1218 1828 1058 1079 1062 1083 1060 1081 1282 1833 1062 1083 1058 1079 453 455 457 459 455 457 1331 1404 457 459 453 455 1363 1447 1118 1144 1058 1336 1120 1146 1118 1144 1363 1447 68 68 66 66 130 130 67 67 66 66 68 68 29 29 691 697 693 699 1217 1259 691 697 29 29 844 857 880 893 1443 1560 1426 1538 880 893 844 857 56 56 54 54 118 118 55 55 54 54 56 56 60 60 58 58 122 122 59 59 58 58 60 60 64 64 62 62 126 126 63 63 62 62 64 64 129 129 127 127 1203 1242 128 128 127 127 129 129 772 1836 1093 1835 1095 1834 1530 1837 1093 1835 772 1836 1093 1840 1199 1839 1403 1838 1530 1841 1199 1839 1093 1840 1199 1839 770 1822 1200 1813 1530 1841 770 1822 1199 1839 1295 1844 1221 1843 1222 1842 1394 1845 1221 1843 1295 1844 1221 1843 1393 1847 810 1846 1394 1845 1393 1847 1221 1843 809 1263 1221 1265 810 1605 1220 1264 1221 1265 809 1263 1473 1848 1236 1280 808 821 1277 1329 1236 1280 1473 1848 1047 1068 1049 1070 1048 1069 1064 1085 1049 1070 1047 1068 52 52 50 50 114 114 51 51 50 50 52 52 1490 1849 1429 1629 1366 1451 1483 1631 1429 1629 1490 1849 1483 1631 105 105 972 1633 1531 1850 105 105 1483 1631 169 736 726 732 728 734 0 901 726 732 169 736 1492 1851 889 904 1 902 892 907 889 904 1492 1851 714 1853 1277 1329 713 1852 894 1330 1277 1329 714 1853 5 5 863 876 892 1666 7 7 863 876 5 5 892 907 862 909 893 908 863 1854 862 909 892 907 1532 1855 434 436 436 438 1018 1322 434 436 1532 1855 609 614 611 616 610 615 1477 1856 611 616 609 614 1142 1172 1140 1170 1141 1171 1439 1554 1140 1170 1142 1172 607 612 605 610 1139 1169 606 611 605 610 607 612 1478 1859 1311 1858 1312 1857 1484 1860 1311 1858 1478 1859 1478 1636 611 616 1477 1856 1312 1372 611 616 1478 1636 786 1861 1311 1858 1484 1860 787 1862 1311 1858 786 1861 1311 1371 636 641 1310 1370 787 1863 636 641 1311 1371 1355 1864 1287 1343 1285 1341 786 1638 1287 1343 1355 1864 82 82 78 78 1067 1088 80 80 78 78 82 82 913 929 922 938 1424 1536 1420 1532 922 938 913 929 431 433 427 429 1419 1531 429 431 427 429 431 433 103 103 1531 1850 1320 1384 105 105 1531 1850 103 103 678 684 705 711 1423 1535 1427 1539 705 711 678 684 629 1867 645 1866 644 1865 1302 1868 645 1866 629 1867 1308 1869 1367 1453 1390 1573 1309 1452 1367 1453 1308 1869 1191 1871 1308 1368 1390 1870 1193 1389 1308 1368 1191 1871 667 673 230 230 228 228 591 596 230 230 667 673 228 1874 666 1873 667 1872 1254 1875 666 1873 228 1874 666 672 664 670 665 671 1494 1668 664 670 666 672 1435 1876 666 1873 1254 1875 1494 1877 666 1873 1435 1876 1147 1793 1268 1314 1224 1316 1146 1513 1268 1314 1147 1793 1225 1435 1358 1438 1389 1878 1356 1436 1358 1438 1225 1435 301 303 305 307 635 771 303 305 305 307 301 303 255 255 251 251 253 253 1345 1421 251 251 255 255 1128 1154 255 1157 1129 1155 1345 1567 255 1157 1128 1154 289 291 293 295 755 763 291 293 293 295 289 291 292 1881 296 1880 294 1879 1042 1882 296 1880 292 1881 286 288 290 292 288 290 1044 1065 290 292 286 288 760 768 762 770 785 797 761 769 762 770 760 768 295 297 299 301 759 767 297 299 299 301 295 297 756 764 758 766 781 793 757 765 758 766 756 764 1181 1218 1071 1092 1400 1505 1474 1883 1071 1092 1181 1218 1069 1090 1520 1884 1183 1220 395 397 1520 1884 1069 1090 410 1466 1192 1231 1376 1465 1323 1885 1192 1231 410 1466 401 403 405 407 403 405 1241 1285 405 407 401 403 1244 1288 1308 1368 1193 1389 1306 1366 1308 1368 1244 1288 1318 1886 441 443 439 441 1405 1887 441 443 1318 1886 1153 1183 1289 1345 938 1604 1155 1185 1289 1345 1153 1183 320 322 324 326 738 746 322 324 324 326 320 322 317 319 321 323 319 321 472 474 321 323 317 319 439 1381 177 177 1316 1379 437 1476 177 177 439 1381 1084 1889 1080 1378 1082 1888 1111 1890 1080 1378 1084 1889 1080 1378 1110 1375 1315 1377 1111 1890 1110 1375 1080 1378 329 331 333 335 331 333 464 466 333 335 329 331 326 328 330 332 734 742 328 330 330 332 326 328 332 334 336 338 730 738 334 336 336 338 332 334 471 473 469 471 470 472 795 808 469 471 471 473 323 325 327 329 325 327 468 470 327 329 323 325 467 469 465 467 466 468 791 804 465 467 467 469 794 807 792 805 793 806 1039 1060 792 805 794 807 1333 1893 436 1892 1332 1891 1533 1894 436 1892 1333 1893 1018 1038 1014 1034 1016 1036 1532 1895 1014 1034 1018 1038 436 1406 1014 1034 1532 1895 1533 1896 1014 1034 436 1406 1533 1896 1012 1032 1014 1034 1333 1408 1012 1032 1533 1896 1213 1255 1001 1251 1211 1253 1534 1897 1001 1251 1213 1255 1001 1251 997 1899 999 1898 1534 1897 997 1899 1001 1251 283 285 1397 1501 1398 1503 1535 1900 1397 1501 283 285 1536 1901 1397 1501 1535 1900 1537 1902 1397 1501 1536 1901 1397 1501 220 1903 839 1500 1537 1902 220 1903 1397 1501 1405 1887 997 1899 1534 1897 1406 1904 997 1899 1405 1887 1213 1907 1405 1906 1534 1905 1497 1908 1405 1906 1213 1907 1123 1909 1167 1201 587 1199 1122 1910 1167 1201 1123 1909 1333 1913 1000 1912 1500 1911 1334 1914 1000 1912 1333 1913 1170 1204 1210 1915 1002 1022 1171 1206 1210 1915 1170 1204 954 970 1328 1399 1327 1398 763 1716 1328 1399 954 970 1054 1916 1167 1201 1122 1910 1055 1205 1167 1201 1054 1916 222 1917 1536 1901 778 789 1537 1902 1536 1901 222 1917 220 220 222 222 221 221 1537 1918 222 222 220 220 287 1921 1536 1920 1535 1919 753 1922 1536 1920 287 1921 1536 1920 754 1924 778 1923 753 1922 754 1924 1536 1920 1439 1925 199 199 201 201 1142 1424 199 199 1439 1925 780 792 1284 1431 1131 1677 782 794 1284 1431 780 792 287 289 283 285 285 287 1535 1900 283 285 287 289 1481 1926 1253 1297 1252 1296 1022 1547 1253 1297 1481 1926 1299 1927 1024 1044 1022 1042 1297 1648 1024 1044 1299 1927 315 317 313 315 311 313 724 730 726 732 888 903 718 724 714 720 716 722 862 875 861 874 860 873 879 892 1216 1258 877 890 575 1661 475 1659 476 1928 448 450 444 446 446 448 718 724 720 726 891 906 342 344 344 346 1453 1575 345 347 368 370 347 349 338 340 1313 1373 1274 1326 113 1748 1485 1750 1486 1696 927 943 928 944 929 945 31 31 875 888 877 890 1479 1623 1501 1754 1486 1642 1179 1624 1437 1929 1116 1626 424 426 608 613 422 424 266 266 265 265 264 264 688 694 692 698 690 696 418 420 420 422 422 424 821 834 823 836 822 835 360 362 362 364 1499 1685 538 540 1176 1211 933 949 1136 1166 1140 1170 1440 1556 424 426 426 428 428 430 362 1528 575 1530 1499 1930 821 834 536 538 934 950 418 420 612 617 416 418 931 947 932 948 933 949 421 423 419 421 1436 1551 825 838 823 836 930 946 412 414 414 416 416 418 613 618 615 620 614 619 545 547 1125 1151 547 549 542 544 544 546 1434 1546 617 622 619 624 621 626 1478 1621 1137 1619 1288 1931 169 169 167 167 275 275 1137 1167 1135 1165 1133 1163 363 365 380 382 365 367 448 450 450 452 1008 1028 613 618 611 616 1312 1372 377 379 375 377 1412 1519 886 899 1414 1521 850 863 442 444 444 446 1009 1029 784 796 786 798 1355 1434 1320 1652 1531 1932 1483 1654 1232 1276 160 160 1428 1540 163 163 167 167 165 165 266 266 824 837 268 268 918 934 909 925 1425 1537 357 359 355 357 353 355 698 704 923 939 696 702 157 157 155 155 267 267 698 704 700 706 702 708 825 838 827 840 826 839 270 270 269 269 268 268 704 710 919 935 702 708 163 163 161 161 271 271 701 707 699 705 1422 1534 672 678 674 680 676 682 588 593 433 435 916 932 270 270 828 841 272 272 363 365 361 363 359 361 157 157 161 161 159 159 425 427 694 700 696 702 847 860 845 858 1410 1516 430 432 604 609 428 430 582 587 578 583 580 585 579 584 1119 1145 581 586 582 587 584 589 912 928 585 590 1123 1149 587 592 588 593 584 589 586 591 585 590 583 588 581 586 1120 1146 1122 1148 1121 1147 981 999 979 997 1415 1522 151 151 155 155 153 153 154 154 1409 1515 152 152 81 81 751 759 79 79 158 158 1233 1277 1231 1275 148 148 1430 1542 146 146 1040 1613 1529 1933 1458 1615 482 484 486 488 484 486 99 99 1416 1524 97 97 1086 1110 1463 1934 1084 1108 479 481 1431 1543 258 258 551 553 1127 1153 553 555 93 93 743 751 91 91 482 484 480 482 866 879 151 151 149 149 263 263 94 94 679 685 1432 1544 87 87 89 89 91 91 262 262 820 833 264 264 145 145 149 149 147 147 748 756 746 754 1294 1351 87 87 747 755 85 85 748 756 750 758 749 757 81 81 83 83 85 85 145 145 143 143 259 259 1006 1026 1444 1561 727 733 136 136 138 138 140 140 742 750 1005 1025 1433 1545 724 730 720 726 722 728 1435 1549 1254 1298 1253 1297 623 628 640 646 621 626 1030 1050 1028 1048 1442 1559 626 631 624 629 813 826 280 282 227 227 1372 1461 629 634 631 636 633 638 20 20 18 18 16 16 629 634 644 650 627 632 626 631 630 635 628 633 623 628 625 630 627 632 214 214 213 213 212 212 675 681 673 679 1450 1571 832 845 834 847 833 846 108 108 106 106 1451 1572 632 637 630 635 817 830 632 637 102 102 634 639 100 100 1300 1358 633 638 937 953 1074 1095 1076 1097 1191 1230 1452 1574 812 825 832 845 830 843 1257 1301 357 359 376 378 359 361 488 490 486 488 870 883 1078 1099 1256 1300 1076 1097 814 827 1379 1469 1381 1471 1155 1185 1157 1187 1291 1348 1380 1470 1454 1577 816 829 941 957 943 959 1459 1585 1265 1490 1367 1488 1368 1935 1339 1454 1521 1936 897 1456 869 882 1445 1798 871 884 1385 1480 1387 1482 381 383 938 954 1289 1937 940 956 1131 1161 1286 1342 1133 1163 236 236 234 234 499 501 591 596 593 598 592 597 222 222 778 1938 224 224 204 204 202 202 223 223 199 199 1142 1424 1348 1425 198 198 202 202 200 200 513 515 1469 1600 498 500 214 214 835 848 216 216 192 192 190 190 215 215 520 522 648 654 522 524 523 525 519 521 521 523 599 604 597 602 659 665 594 599 597 602 595 600 218 218 217 217 216 216 198 198 196 196 219 219 596 601 1408 1514 514 516 599 604 312 314 601 606 1100 1124 1246 1290 1098 1122 117 117 1096 1120 1098 1122 594 599 593 598 663 669 218 218 839 852 220 220 1090 1114 119 119 1247 1291 192 192 196 196 194 194 660 666 1407 1512 658 664 1055 1205 1169 1203 1167 1201 1168 1202 590 1198 1166 1200 26 26 61 61 28 28 248 248 252 252 250 250 441 443 1405 1887 1497 1681 186 186 190 190 188 188 302 304 1344 1420 304 306 26 26 24 24 22 22 1062 1083 1282 1833 1281 1403 379 1673 1446 1671 1447 1939 242 242 240 240 503 505 502 504 708 714 504 506 242 242 246 246 244 244 506 508 710 716 508 510 248 248 246 246 507 509 506 508 505 507 504 506 523 525 525 527 709 715 20 20 57 57 22 22 189 189 1467 1598 187 187 1012 1032 998 1018 1010 1030 233 233 1045 1066 231 231 25 25 692 698 1050 1071 239 239 1043 1064 237 237 236 236 240 240 238 238 1225 1269 1389 1485 1227 1271 233 233 235 235 237 237 1025 1045 1229 1273 1227 1271 555 557 557 559 559 561 125 125 1194 1233 1196 1235 784 796 782 794 783 795 183 183 1402 1507 181 181 186 186 184 184 211 211 688 694 686 692 1046 1067 32 32 30 30 28 28 900 916 902 918 1072 1093 1071 1092 1474 1883 1073 1094 906 922 399 401 1068 1089 210 210 831 844 212 212 393 395 1520 1884 395 397 529 531 531 533 711 717 510 512 509 511 508 510 532 534 656 662 402 404 404 406 531 533 533 535 532 534 530 532 528 530 180 180 184 184 182 182 180 180 178 178 207 207 398 400 655 661 1399 1504 529 531 525 527 527 529 526 528 652 658 528 530 171 171 173 173 175 175 494 496 492 494 874 887 254 254 252 252 511 513 510 512 712 718 408 410 906 922 902 918 904 920 177 177 437 1476 175 175 561 563 961 977 559 561 442 1698 438 1475 440 1940 1090 1114 1094 1118 1092 1116 561 563 563 565 565 567 123 123 121 121 1401 1506 903 919 1471 1602 905 921 1198 1237 1240 1284 1196 1235 551 553 549 551 547 549 1058 1079 1056 1077 1363 1941 314 316 1438 1553 600 605 805 818 803 816 1489 1826 772 783 770 781 1530 1942 739 747 737 745 1395 1498 526 528 524 526 522 524 805 1261 809 1263 807 1943 962 978 960 976 1032 1052 351 353 372 374 353 355 373 375 371 373 1392 1494 32 32 65 65 34 34 38 38 69 69 40 40 570 572 568 570 1470 1601 1038 1059 1529 1807 1040 1061 17 17 19 19 855 868 206 206 1502 1703 208 208 567 569 957 973 565 567 1279 1332 1273 1325 1503 1704 969 986 971 988 1462 1588 1283 1337 174 174 1504 1705 1107 1131 1109 1133 1464 1591 193 193 1505 1706 1015 1035 44 44 73 73 46 46 1059 1080 1506 1707 1210 1252 1103 1127 1360 1440 46 1442 802 815 804 817 806 819 1065 1086 1460 1586 854 867 383 385 1033 1944 365 367 11 11 7 7 9 9 485 487 1507 1709 483 485 8 8 49 49 10 10 477 479 139 139 1508 1710 11 11 13 13 859 872 562 564 348 350 1509 1711 858 871 1276 1328 860 873 14 14 53 53 16 16 17 17 13 13 15 15 14 14 12 12 10 10 1202 1241 1239 1283 1510 1717 35 35 37 37 1404 1509 685 691 1511 1718 683 689 1104 1128 1278 1331 1106 1130 454 456 456 458 1512 1719 1110 1134 1108 1132 1106 1130 41 41 43 43 1513 1720 367 369 966 982 1456 1580 1174 1209 1514 1721 1295 1352 38 38 36 36 34 34 413 415 641 647 1515 1722 44 44 42 42 40 40 618 623 1130 1156 1516 1723 488 490 492 494 490 492 1267 1313 1517 1724 1357 1437 1160 1190 1449 1570 865 878 296 298 1518 1725 298 300 351 353 349 351 347 349 733 741 653 659 1519 1726</p>
                </polylist>
            </mesh>
        </geometry>
        <geometry id="mesh0_VC">
            <mesh>
                <source id="points0_VC">
                    <float_array id="pointarray0_VC" count="4614">23.482421875 15.5625 -16.046875 22.087890625 15.21875 -18.240234375 24.583984375 13.232421875 -16.51171875 22.982421875 13.009765625 -18.873046875 23.716796875 10.66015625 -19.474609375 21.041015625 12.96875 -21.0546875 21.71484375 10.625 -21.73046875 19.4609375 10.66015625 -23.73046875 22.283203125 8.08984375 -22.296875 19.96484375 8.103515625 -24.361328125 20.365234375 5.46484375 -24.8203125 17.451171875 8.201171875 -26.12109375 17.560546875 5.431640625 -26.236328125 15.08984375 5.59375 -28.13671875 17.857421875 2.732421875 -26.630859375 15.294921875 2.796875 -28.46484375 15.390625 -0.0078125 -28.56640625 12.013671875 2.685546875 -28.74609375 12.2578125 -0.02734375 -29.3046875 9.783203125 -0.0078125 -31.6484375 12.169921875 -2.8203125 -29.201171875 9.70703125 -2.986328125 -31.53515625 9.572265625 -5.97265625 -31.166015625 6.509765625 -2.984375 -31.0078125 6.525390625 -6.0703125 -31.798828125 3.515625 -6.1328125 -30.416015625 6.375 -9.044921875 -30.939453125 3.44140625 -9.251953125 -31.53515625 3.23046875 -11.4296875 -29.083984375 0.4609375 -9.328125 -31.6484375 0.525390625 -11.69921875 -29.62109375 -2.31640625 -11.728515625 -29.59375 0.5 -14.4609375 -27.93359375 -2.1953125 -14.27734375 -27.50390625 -2.3125 -17.591796875 -26.931640625 -5.0859375 -14.435546875 -27.755859375 -5.060546875 -17.353515625 -26.625 -7.748046875 -16.998046875 -26.123046875 -5.009765625 -19.91015625 -24.8203125 -7.6484375 -19.509765625 -24.361328125 -7.681640625 -21.96875 -22.412109375 -10.205078125 -19.0078125 -23.73046875 -10.169921875 -21.26171875 -21.73046875 -12.818359375 -21.08203125 -21.560546875 -10.205078125 -23.263671875 -19.474609375 -12.623046875 -22.6484375 -18.96484375 -12.77734375 -24.12890625 -16.51171875 24.34765625 8.103515625 -19.978515625 24.806640625 5.46484375 -20.37890625 22.716796875 5.455078125 -22.73046875 22.99609375 2.740234375 -23.009765625 20.626953125 2.74609375 -25.11328125 20.193359375 0.072265625 -24.49609375 17.998046875 0.00390625 -26.841796875 17.84375 -2.74609375 -26.609375 15.294921875 -2.814453125 -28.46484375 15.08984375 -5.609375 -28.13671875 12.099609375 -5.642578125 -29.041015625 11.78125 -8.369140625 -28.24609375 9.109375 -8.640625 -29.6328125 8.90625 -11.447265625 -28.5234375 5.966796875 -11.21484375 -28.615234375 6.044921875 -14.58203125 -28.048828125 3.203125 -14.54296875 -28.009765625 3.203125 -17.4140625 -26.6796875 0.458984375 -17.666015625 -26.986328125 0.416015625 -20.015625 -24.88671875 -2.291015625 -20.171875 -25.11328125 -2.287109375 -22.541015625 -23.009765625 -5 -22.26171875 -22.73046875 -5.083984375 -24.56640625 -20.5546875 -7.529296875 -23.55078125 -19.705078125 -7.748046875 -25.654296875 -17.466796875 -10.349609375 -24.962890625 -17.03125 -7.6484375 19.494140625 -24.361328125 -5.052734375 19.998046875 -24.95703125 -7.689453125 21.94921875 -22.419921875 -5.212890625 22.9296875 -23.333984375 -5.009765625 24.3359375 -20.37890625 -2.29296875 22.85546875 -23.29296875 -2.28515625 24.5703125 -20.59375 0.4609375 24.728515625 -20.7421875 -2.203125 25.6640625 -17.564453125 0.482421875 26.15625 -17.91015625 0.4609375 28.08203125 -15.404296875 3.236328125 26.447265625 -18.060546875 3.28515625 28.23828125 -15.44140625 6.109375 28.005859375 -15.271484375 3.3203125 29.20703125 -12.451171875 6.171875 28.859375 -12.27734375 6.16796875 29.375 -9.173828125 8.9921875 28.2734375 -12.0390625 9.14453125 29.1796875 -9.158203125 12.025390625 28.2734375 -9.005859375 9.01953125 28.865234375 -5.958984375 12.103515625 28.447265625 -6.05078125 12.13671875 28.65234375 -2.99609375 15.08984375 27.65234375 -6.078125 15.048828125 27.595703125 -3.181640625 18.046875 26.447265625 -3.25 14.783203125 27.400390625 -0.345703125 17.85546875 26.18359375 -0.455078125 17.62890625 25.974609375 2.298828125 20.728515625 24.728515625 -0.474609375 20.337890625 24.291015625 2.251953125 22.99609375 22.525390625 2.2734375 20.0390625 24.0078125 4.9296875 22.716796875 22.24609375 4.986328125 22.283203125 21.8125 7.623046875 25.96484375 20.78125 5.27734375 24.611328125 19.66796875 7.7265625 26.537109375 2.736328125 -17.740234375 24.734375 2.701171875 -20.3515625 24.884765625 -0.0078125 -20.4921875 23.09765625 -0.0078125 -23.111328125 22.99609375 -2.7578125 -23.009765625 19.634765625 -2.521484375 -23.6640625 19.951171875 -5.40625 -24.17578125 17.013671875 -5.31640625 -25.462890625 16.85546875 -8.0625 -25.21875 14.63671875 -8.28125 -27.349609375 14.435546875 -11.03515625 -26.828125 11.7734375 -11.318359375 -27.908203125 11.330078125 -13.78125 -26.435546875 8.796875 -14.32421875 -27.6015625 8.6484375 -16.958984375 -26.05859375 5.986328125 -17.353515625 -26.625 5.763671875 -19.458984375 -24.275390625 3.05078125 -19.490234375 -24.294921875 3.1796875 -22.35546875 -22.81640625 0.4609375 -22.611328125 -23.080078125 0.4609375 -24.744140625 -20.7421875 -2.291015625 -24.64453125 -20.640625 -2.3125 -26.46484375 -18.060546875 -5.060546875 -26.15625 -17.8203125 22.982421875 -13.02734375 17.919921875 23.716796875 -10.67578125 18.5234375 24.583984375 -13.248046875 15.55859375 24.224609375 -10.43359375 15.28515625 26.814453125 -11.03515625 13.49609375 24.83984375 -7.716796875 15.634765625 27.587890625 -8.341796875 13.83984375 28.123046875 -5.609375 14.150390625 28.34375 -8.421875 10.93359375 29.029296875 -5.650390625 11.248046875 29.603515625 -5.642578125 8.08203125 29.439453125 -2.849609375 11.42578125 30.181640625 -2.837890625 8.333984375 30.27734375 -0.015625 8.40234375 32.1953125 -3.03125 5.681640625 32.3125 -0.0078125 5.73828125 32.705078125 -0.0078125 2.619140625 31.96484375 2.96484375 5.6015625 32.583984375 3.046875 2.580078125 32.42578125 6.2265625 2.603515625 32.109375 3.125 -0.384765625 32.3125 6.20703125 -0.474609375 31.984375 6.17578125 -3.474609375 31.455078125 9.22265625 -0.48828125 31.521484375 9.236328125 -3.455078125 28.814453125 11.48828125 -3.248046875 31.150390625 9.1015625 -6.439453125 28.70703125 11.412109375 -6.03515625 27.892578125 11.07421875 -8.728515625 27.853515625 14.48046875 -6.017578125 27.322265625 14.166015625 -8.73046875 26.7578125 17.3828125 -8.80078125 26.814453125 13.96484375 -11.501953125 26.146484375 17.001953125 -11.6015625 24.583984375 16.02734375 -13.716796875 -21.896484375 -12.93359375 -18.7421875 -22.79296875 -10.67578125 -19.474609375 -23.228515625 -13.0078125 -16.2265625 -24.4921875 -10.8203125 -17.03125 -25.888671875 -11.03515625 -14.44921875 -25.18359375 -8.21875 -17.466796875 -26.662109375 -8.341796875 -14.791015625 -27.197265625 -5.609375 -15.103515625 -27.818359375 -8.537109375 -12.0390625 -28.439453125 -5.72265625 -12.291015625 -29.751953125 -5.884765625 -9.45703125 -29.126953125 -2.916015625 -12.623046875 -30.1171875 -2.943359375 -9.591796875 -30.2265625 -0.0078125 -9.666015625 -30.3515625 -2.951171875 -6.4765625 -30.466796875 -0.0078125 -6.533203125 -30.84765625 -0.0078125 -3.49609375 -30.3515625 2.935546875 -6.4765625 -30.73046875 2.970703125 -3.455078125 -30.3515625 5.9921875 -3.419921875 -30.84765625 3.01171875 -0.474609375 -30.466796875 6.048828125 -0.474609375 -30.431640625 6.015625 2.462890625 -29.806640625 9.0703125 -0.474609375 -29.697265625 8.994140625 2.419921875 -28.751953125 11.966796875 2.380859375 -29.337890625 8.859375 5.32421875 -28.40625 11.79296875 5.232421875 -27.765625 11.53515625 8.03515625 -27.171875 14.611328125 5.119140625 -26.662109375 14.306640625 7.857421875 -25.18359375 16.982421875 7.734375 -25.5234375 13.830078125 10.404296875 -24.4921875 16.546875 10.3359375 -23.916015625 16.2109375 12.880859375 -26.96875 -11.318359375 -11.787109375 -27.818359375 -11.5703125 -9.005859375 -28.494140625 -8.615234375 -9.10546875 -28.865234375 -8.7421875 -6.1953125 -29.982421875 -5.9140625 -6.3828125 -30.3515625 -6.0078125 -3.419921875 -30.73046875 -2.986328125 -3.455078125 -31.060546875 -3.0625 -0.50390625 -31.462890625 -0.005859375 -0.517578125 -32.615234375 0.017578125 2.654296875 -31.685546875 3.1171875 2.498046875 -31.869140625 2.984375 5.78125 -31.044921875 6.23046875 5.494140625 -30.65234375 6.107421875 8.751953125 -28.724609375 8.673828125 8.205078125 -27.818359375 8.521484375 11.0859375 -26.330078125 11.064453125 10.529296875 -25.310546875 10.8828125 13.216796875 -24.958984375 13.533203125 13.064453125 -24.650390625 13.78515625 16.20703125 -23.140625 16.06640625 15.50390625 -24.19921875 -8.380859375 19.64453125 -24.35546875 -5.509765625 19.830078125 -21.380859375 -8.056640625 21.349609375 -22.068359375 -5.4609375 22.072265625 -19.47265625 -5.482421875 23.89453125 -21.22265625 -2.666015625 21.19140625 -19.177734375 -2.6796875 23.5625 -19.802734375 -0.0078125 24.259765625 -17.080078125 -2.771484375 25.912109375 -17.21875 -0.0078125 26.08203125 -14.46484375 -0.0078125 27.61328125 -16.966796875 2.73828125 25.74609375 -14.369140625 2.796875 27.51171875 -14.1640625 5.59375 27.18359375 -11.513671875 2.849609375 28.73828125 -11.33984375 5.701171875 28.392578125 -8.404296875 5.79296875 29.32421875 -11.099609375 8.521484375 27.8046875 -8.21875 8.673828125 28.7109375 -8.06640625 11.5546875 27.8046875 -5.337890625 8.859375 29.32421875 -5.24609375 11.79296875 28.392578125 -2.39453125 11.966796875 28.73828125 -4.984375 14.322265625 26.31640625 -2.26171875 14.53515625 26.626953125 -2.3359375 17.9375 26.361328125 0.45703125 14.640625 26.720703125 0.44140625 17.908203125 26.076171875 3.162109375 17.69921875 25.55078125 0.458984375 20.705078125 24.8359375 3.291015625 20.63671875 24.765625 27.89453125 -11.318359375 10.833984375 28.068359375 -11.29296875 7.837890625 28.80078125 -8.3984375 7.853515625 30.94921875 -9.033203125 5.41015625 31.814453125 -6.07421875 5.58984375 32.1953125 -6.16796875 2.546875 32.583984375 -3.064453125 2.580078125 29.453125 -3.25 0.37109375 30.052734375 0.240234375 0.12890625 28.83984375 0.240234375 -2.76953125 30.021484375 3.390625 -3.154296875 30.220703125 3.125 -6.47265625 31.814453125 6.05859375 -6.54296875 31.150390625 5.955078125 -9.5859375 30.51953125 8.916015625 -9.400390625 28.5390625 8.431640625 -11.927734375 27.6796875 11.2109375 -11.701171875 26.814453125 11.017578125 -14.44921875 25.884765625 13.533203125 -14.017578125 -29.16796875 -6.04296875 11.736328125 -30.712890625 -3.08203125 12.33203125 -27.40625 -5.662109375 14.27734375 -27.7109375 -2.84765625 14.517578125 -25.994140625 -2.783203125 17.107421875 -27.916015625 -0.0078125 14.69140625 -26.095703125 -0.0078125 17.205078125 -25.994140625 2.765625 17.107421875 -24.2734375 -0.0078125 19.7890625 -23.892578125 2.7109375 19.46484375 -21.65625 2.67578125 21.65234375 -23.39453125 5.34765625 19.029296875 -21.33984375 5.361328125 21.3828125 -21.34765625 8.0859375 21.333984375 -19.3125 5.435546875 23.7265625 -19.0390625 8.103515625 23.408203125 -16.52734375 8.201171875 25.169921875 -18.00390625 10.326171875 22.08984375 -15.00390625 10.1171875 23.064453125 -15.572265625 13.232421875 23.64453125 -13.509765625 11.017578125 25.875 -13.078125 13.533203125 24.9453125 -10.564453125 13.96484375 25.875 -12.77734375 16.02734375 23.64453125 -10.05078125 16.1875 23.712890625 -10.064453125 18.9375 22.443359375 -7.580078125 16.904296875 24.662109375 -7.712890625 19.720703125 23.615234375 -5.130859375 20.27734375 24.359375 -7.791015625 22.400390625 21.818359375 -5.125 21.8828125 21.884765625 -5.134765625 -26.55859375 17.0390625 -5.1015625 -25.013671875 19.955078125 -2.28125 -26.333984375 17.013671875 -2.25 -24.302734375 19.416015625 0.4609375 -24.564453125 19.64453125 -2.255859375 -22.283203125 21.8203125 0.4609375 -22.642578125 22.158203125 0.4609375 -20.2734375 24.259765625 3.2109375 -22.541015625 22.056640625 3.158203125 -19.931640625 23.8046875 5.7109375 -19.263671875 23.064453125 3.201171875 -17.166015625 25.52734375 5.98046875 -17.32421875 25.646484375 6.275390625 -15.193359375 28.16796875 8.673828125 -16.998046875 25.169921875 9.15625 -14.931640625 27.708984375 11.73828125 -14.279296875 26.287109375 9.24609375 -11.884765625 28.47265625 12.484375 -11.98828125 28.41796875 12.697265625 -8.947265625 29.390625 14.408203125 -11.03515625 25.921875 14.740234375 -8.357421875 26.708984375 17.279296875 -8.142578125 24.923828125 15.08984375 -5.609375 27.18359375 17.4765625 -5.423828125 25.1640625 17.869140625 -2.74609375 25.7109375 19.83203125 -5.3359375 23.12109375 20.41796875 -2.720703125 23.890625 22.787109375 -2.7265625 21.828125 20.537109375 -0.01171875 24.013671875 -16.396484375 -25.501953125 -11.439453125 -17.134765625 -26.580078125 -9.00390625 -13.908203125 -27.142578125 -11.818359375 -14.26953125 -27.9375 -9.076171875 -11.298828125 -28.587890625 -9.365234375 -13.97265625 -26.361328125 -6.396484375 -10.755859375 -26.58203125 -6.822265625 -10.771484375 -26.61328125 -3.322265625 -7.224609375 -26.962890625 -7.123046875 -7.490234375 -27.306640625 -3.494140625 -4.0234375 -28.423828125 -3.556640625 -7.630859375 -27.408203125 -0.35546875 -4.1171875 -28.615234375 -0.431640625 -4.21484375 -28.484375 2.69921875 -2.208984375 -31.52734375 -0.47265625 -2.34765625 -31.62890625 2.580078125 0.42578125 -32.07421875 2.60546875 -2.560546875 -31.740234375 5.681640625 0.4609375 -31.857421875 5.73828125 0.388671875 -29.953125 8.451171875 3.212890625 -29.892578125 5.333984375 3.2734375 -29.330078125 8.28125 6.263671875 -29.80859375 8.390625 3.318359375 -28.982421875 11.4296875 6.1328125 -28.64453125 11.248046875 6.0234375 -27.4921875 14.0546875 8.9921875 -28.2890625 11.0859375 8.796875 -27.1328125 13.83984375 11.48828125 -26.359375 13.49609375 -8.1484375 -29.12109375 -9.609375 -5.501953125 -30.697265625 -9.5859375 -4.646484375 -29.279296875 -6.7890625 -2.560546875 -31.740234375 -6.634765625 -2.298828125 -31.58203125 -3.521484375 0.4609375 -32.25 -3.572265625 0.427734375 -32.125 -0.482421875 3.365234375 -30.83203125 -0.49609375 3.23828125 -30.3671875 2.412109375 6.458984375 -30.80078125 2.46484375 6.369140625 -30.453125 5.4296875 9.48828125 -30.673828125 5.533203125 9.025390625 -28.767578125 8.0859375 11.96484375 -28.14453125 8.0078125 11.7734375 -27.439453125 10.833984375 14.3203125 -26.134765625 10.458984375 14.00390625 -25.4296875 13.064453125 13.703125 -24.12890625 15.55859375 16.41796875 -24.005859375 12.697265625 16.064453125 -23.080078125 15.126953125 18.517578125 -22.126953125 15.0390625 26.611328125 -5.53125 16.869140625 24.568359375 -5.400390625 19.2421875 26.91796875 -2.783203125 17.107421875 25.01171875 -2.75 19.615234375 24.955078125 -0.005859375 19.595703125 23.09765625 -0.0078125 22.158203125 22.947265625 2.73046875 22.015625 19.748046875 2.59375 23 19.81640625 5.3515625 23.205078125 17.6953125 2.7109375 25.443359375 17.759765625 5.50390625 25.6015625 15.06640625 5.580078125 27.134765625 17.40625 8.1796875 25.10546875 14.57421875 8.203125 26.24609375 14.435546875 11.017578125 25.875 11.876953125 8.40625 27.416015625 11.755859375 11.283203125 26.90625 8.9921875 11.5546875 27.8046875 11.244140625 13.662109375 25.228515625 8.427734375 13.837890625 25.412109375 8.302734375 17.0390625 24.208984375 5.8046875 14.18359375 25.876953125 5.9453125 17.607421875 25.580078125 6.08984375 20.408203125 24.513671875 -2.767578125 22.599609375 12.353515625 -5.8515625 23.171875 12.498046875 -2.80078125 24.0390625 9.369140625 -6.01171875 23.927734375 9.1328125 -5.9296875 25.15234375 6.212890625 -9.375 24.62890625 9.361328125 -9.232421875 26.2265625 6.669921875 -11.330078125 28.52734375 8.099609375 -8.537109375 28.703125 4.74609375 -11.630859375 29.580078125 5.37109375 -11.83984375 30.078125 2.46484375 -14.57421875 28.4765625 5.291015625 -14.2890625 28.11328125 2.46875 -16.423828125 25.642578125 2.30859375 -13.896484375 27.353515625 -0.29296875 -16.9296875 26.18359375 -0.45703125 -17.12109375 26.447265625 -3.25 -19.53515625 24.3515625 -0.50390625 -19.423828125 24.265625 -3.1953125 -22.0703125 22.525390625 -3.224609375 -19.439453125 24.3359375 -5.94921875 -21.5 21.958984375 -5.873046875 -20.90625 21.291015625 -8.498046875 -23.21875 19.240234375 -5.890625 -24.189453125 20.12890625 -8.83203125 -25.888671875 17.4296875 -8.912109375 -25.685546875 -5.53125 -17.8203125 -24.126953125 -5.513671875 -20.529296875 -25.994140625 -2.783203125 -18.060546875 -24.197265625 -2.763671875 -20.65625 -24.06640625 -0.0078125 -20.578125 -22.357421875 -2.755859375 -23.294921875 -22.171875 -0.0078125 -23.111328125 -19.802734375 -0.0078125 -25.212890625 -22.0703125 2.740234375 -23.009765625 -19.701171875 2.74609375 -25.11328125 -19.439453125 5.46484375 -24.8203125 -17.12109375 2.765625 -26.931640625 -16.8828125 5.515625 -26.625 -13.90625 5.51171875 -27.615234375 -16.52734375 8.201171875 -26.123046875 -13.755859375 8.283203125 -27.376953125 -13.509765625 11.017578125 -26.828125 -11.013671875 8.44921875 -28.544921875 -10.84765625 11.302734375 -27.908203125 -8.06640625 11.5546875 -28.7578125 -10.564453125 13.96484375 -26.828125 -7.87109375 14.306640625 -27.6015625 -7.748046875 16.982421875 -26.123046875 -5.138671875 14.619140625 -28.13671875 -5.060546875 17.3359375 -26.625 22.513671875 -5.412109375 21.56640625 21.947265625 -8.021484375 21.048828125 19.8125 -8.083984375 23.21484375 19.4609375 -10.67578125 22.779296875 17.017578125 -10.8203125 24.478515625 16.498046875 -13.248046875 23.64453125 13.947265625 -13.49609375 24.873046875 13.703125 -16.04296875 23.64453125 11.275390625 -16.564453125 24.478515625 11.130859375 -19.0078125 22.779296875 8.392578125 -19.0625 22.880859375 8.35546875 -21.2578125 20.896484375 5.748046875 -21.9140625 21.41796875 5.833984375 -24.0625 19.251953125 3.216796875 -24.64453125 19.6875 26.814453125 -13.98046875 10.548828125 27.23828125 -14.166015625 7.7890625 27.521484375 -14.322265625 4.9921875 25.984375 -16.90234375 7.671875 26.2265625 -17.109375 4.962890625 24.853515625 -19.943359375 5.005859375 26.91796875 -17.591796875 2.296875 25.099609375 -20.171875 2.27734375 24.9765625 -20.056640625 -0.462890625 22.99609375 -22.541015625 2.2734375 22.248046875 -21.779296875 -0.4375 20.62890625 -24.62109375 -0.474609375 22.423828125 -21.96484375 -3.166015625 20.623046875 -24.640625 -3.23046875 20.365234375 -24.353515625 -5.94921875 18.046875 -26.46484375 -3.25 17.806640625 -26.15625 -6 15.498046875 -28.4921875 -6.244140625 17.9375 -26.416015625 -8.9296875 14.978515625 -27.568359375 -8.95703125 -16.546875 -5.421875 25.015625 -13.958984375 -5.525390625 26.771484375 -14.369140625 -2.814453125 27.51171875 -11.3359375 -2.83203125 28.291015625 -11.59375 -0.0078125 28.845703125 -8.505859375 -0.0234375 29.455078125 -8.5390625 2.888671875 29.68359375 -5.537109375 2.935546875 30.337890625 -5.443359375 5.8984375 29.96875 -2.48046875 5.9921875 30.337890625 -2.39453125 8.87890625 29.25390625 0.48046875 8.876953125 29.072265625 0.466796875 11.9296875 28.5625 3.3203125 11.966796875 28.73828125 3.1796875 14.572265625 26.73828125 -10.84765625 -11.318359375 26.955078125 -11.099609375 -8.537109375 27.8046875 -8.06640625 -11.5703125 27.8046875 -8.21875 -8.689453125 28.7109375 -5.337890625 -8.875 29.32421875 -8.578125 -5.935546875 29.943359375 -5.443359375 -5.9140625 29.96875 -5.587890625 -2.97265625 30.625 -2.53515625 -6.04296875 30.599609375 -2.515625 -2.986328125 30.716796875 0.41015625 -3.013671875 31.298828125 -2.572265625 -0.00390625 30.982421875 0.4609375 -0.0078125 30.953125 0.4609375 3.01171875 30.833984375 3.490234375 0.01171875 31.015625 3.44140625 2.970703125 30.716796875 6.359375 2.876953125 29.916015625 3.302734375 5.849609375 29.806640625 6.05078125 5.626953125 28.369140625 6.103515625 8.671875 28.474609375 9.2578125 5.732421875 28.904296875 9.072265625 8.607421875 28.447265625 31.521484375 -9.251953125 2.501953125 29.474609375 -11.8671875 2.31640625 31.634765625 -9.328125 -0.474609375 30.4609375 -12.24609375 -0.498046875 30.548828125 -12.310546875 -3.41796875 27.7109375 -14.416015625 -0.5234375 27.837890625 -14.41796875 -3.21875 26.91796875 -17.591796875 -3.25 27.71875 -14.353515625 -6.005859375 26.611328125 -17.353515625 -6 26.109375 -16.998046875 -8.6875 24.62890625 -19.7578125 -5.90625 23.65625 -18.9453125 -8.3125 22.216796875 -21.76953125 -8.544921875 23.0703125 -18.447265625 -10.859375 21.462890625 -21.03515625 -10.982421875 20.517578125 -20.087890625 -13.125 19.474609375 -23.279296875 -11.15234375 18.541015625 -22.263671875 -13.283203125 16.96484375 -24.841796875 -14.1015625 -20.271484375 -25.294921875 -3.333984375 -20.419921875 -25.458984375 -0.515625 -17.451171875 -26.404296875 -3.373046875 -17.5078125 -26.267578125 -0.45703125 -14.333984375 -25.171875 -0.34375 -17.431640625 -26.662109375 2.412109375 -14.31640625 -24.21484375 2.794921875 -14.1796875 -25.923828125 5.71484375 -10.76953125 -26.3359375 2.724609375 -10.822265625 -26.53515625 6.08984375 -7.46484375 -27.69140625 6.130859375 -11.337890625 -28.90234375 8.24609375 -8.333984375 -29.62890625 8.5390625 -8.291015625 -29.09375 11.376953125 -5.5625 -30.9375 8.65234375 -5.345703125 -29.037109375 11.166015625 -2.421875 -28.587890625 11.16796875 -5.052734375 -27.025390625 13.76953125 -2.318359375 -27.591796875 14.123046875 0.4609375 -28.09765625 14.451171875 0.4296875 -26.927734375 17.44140625 3.236328125 -26.46484375 17.107421875 -10.205078125 18.990234375 -23.73046875 -10.169921875 21.244140625 -21.73046875 -10.076171875 22.96484375 -19.248046875 -12.515625 20.5703125 -21.0546875 -12.556640625 22.51171875 -18.873046875 -14.763671875 21.6171875 -18.240234375 -12.849609375 24.263671875 -16.60546875 -15.2890625 23.263671875 -16.208984375 -15.59765625 24.146484375 -13.736328125 -17.169921875 21.375 -15.556640625 -17.79296875 22.263671875 -13.369140625 -20.853515625 21.35546875 -13.939453125 -18.244140625 22.79296875 -10.994140625 -21.552734375 22.06640625 -11.478515625 -23.00390625 19.326171875 -11.2109375 -16.513671875 -8.212890625 25.13671875 -13.65625 -8.228515625 26.240234375 -13.509765625 -11.03515625 25.875 -10.564453125 -13.98046875 25.875 -7.87109375 -14.32421875 26.6484375 -5.138671875 -14.634765625 27.18359375 -7.748046875 -16.998046875 25.169921875 -5.060546875 -17.353515625 25.671875 -5.009765625 -19.91015625 23.869140625 -2.3125 -17.591796875 25.98046875 -2.291015625 -20.171875 24.16015625 -23.82421875 19.876953125 -3.18359375 -24.2734375 20.2578125 -0.474609375 -21.9296875 22.375 -0.482421875 -22.0703125 22.525390625 2.2734375 -19.400390625 24.275390625 2.251953125 -19.087890625 23.974609375 4.923828125 -16.455078125 25.94921875 5.154296875 -16.51953125 25.921875 7.76171875 -14.2265625 27.861328125 8.08203125 -13.814453125 26.923828125 10.78515625 -10.953125 26.7265625 10.529296875 -10.748046875 25.216796875 13.0546875 -8.9609375 23.19921875 12.359375 -8.267578125 23.087890625 15.740234375 -2.70703125 21.150390625 18.998046875 -2.619140625 21.6640625 15.654296875 0.47265625 20.890625 18.763671875 0.337890625 21.984375 15.83984375 3.20703125 22.27734375 15.82421875 0.197265625 23.17578125 12.6484375 3.060546875 23.45703125 12.69140625 3.15234375 24.17578125 9.55859375 6.111328125 22.91796875 12.4296875 6.11328125 24.494140625 9.587890625 9.48046875 24.740234375 9.54296875 6.302734375 25.841796875 6.833984375 9.529296875 26.638671875 6.9765625 9.51953125 28.876953125 4.701171875 12.2109375 28.439453125 8.07421875 12.5625 29.51171875 5.328125 15.140625 27.845703125 5.173828125 12.826171875 30.22265625 2.48828125 14.849609375 27.642578125 2.412109375 -10.33984375 21.560546875 21.107421875 -10.341796875 23.7421875 18.87109375 -7.7890625 21.9921875 18.482421875 -5.39453125 21.6171875 18.85546875 -5.68359375 21.82421875 15.50390625 0.171875 23.94140625 9.44921875 0.1875 25.923828125 6.873046875 3.142578125 25.796875 6.828125 3.328125 27.291015625 3.935546875 6.69140625 26.751953125 3.302734375 6.568359375 30.08203125 1.98828125 -2.43359375 -9.009765625 29.68359375 0.4609375 -9.328125 30.697265625 0.390625 -6.267578125 31.83203125 3.26953125 -5.814453125 29.970703125 3.517578125 -3.029296875 32.076171875 6.693359375 -2.953125 31.453125 6.61328125 0.04296875 30.900390625 9.509765625 -0.05859375 29.810546875 9.177734375 2.830078125 28.876953125 12.267578125 2.849609375 28.298828125 12.23828125 5.685546875 28.330078125 -4.923828125 -21.935546875 21.4609375 -7.638671875 -21.8359375 21.3515625 -7.6484375 -19.509765625 23.408203125 -10.07421875 -18.77734375 22.4921875 -10.349609375 -16.564453125 24.478515625 -12.77734375 -16.04296875 23.64453125 -12.900390625 -13.359375 24.591796875 -15.654296875 -13.36328125 23.8515625 -16.291015625 -10.9921875 24.943359375 -19.01171875 -10.955078125 23.38671875 -19.47265625 -8.318359375 23.927734375 -5.884765625 26.939453125 3.388671875 -2.611328125 27.046875 3.724609375 -5.666015625 29.708984375 1.640625 -2.564453125 29.591796875 1.423828125 -2.630859375 32.193359375 -0.474609375 0.39453125 29.357421875 1.34765625 0.4609375 32.25 -0.4765625 3.552734375 32.146484375 -0.48046875 0.462890625 32.17578125 -3.552734375 3.517578125 32.11328125 -3.53125 3.412109375 29.5078125 -5.6015625 6.53125 31.287109375 -3.376953125 6.1640625 29.66015625 -5.943359375 -10.958984375 5.470703125 -28.673828125 -8.646484375 5.955078125 -31.166015625 -11.83984375 2.93359375 -30.5625 -8.78125 2.970703125 -31.53515625 -8.857421875 -0.0078125 -31.6484375 -5.81640625 3.2734375 -30.412109375 -6.048828125 0.1796875 -29.87890625 -2.720703125 0.203125 -29.255859375 -6.0078125 -3.015625 -29.892578125 -2.87890625 -3.12890625 -29.0703125 -2.80859375 -6.458984375 -29.2265625 0.427734375 -2.9765625 -29.404296875 0.52734375 -6.265625 -29.451171875 -11.3359375 28.951171875 -0.287109375 -8.857421875 31.1640625 -0.474609375 -11.05859375 28.439453125 -2.984375 -8.333984375 29.865234375 -3.07421875 -8.150390625 28.935546875 -6.06640625 -5.5390625 31.00390625 -3.30859375 -5.03125 28.869140625 -5.69140625 -2.42578125 30.265625 -6.025390625 -5.24609375 29.37109375 -9.171875 -2.41015625 29.634765625 -9.259765625 -2.39453125 29.20703125 -12.451171875 0.4453125 29.419921875 -9.208984375 0.4609375 29.314453125 -12.533203125 -8.31640625 -2.919921875 29.111328125 -5.66796875 -0.0078125 30.875 -2.515625 2.970703125 30.716796875 0.4609375 6.048828125 30.453125 3.27734375 8.828125 29.00390625 6.162109375 11.771484375 28.3515625 11.275390625 16.546875 -25.431640625 13.703125 16.02734375 -24.59765625 11.130859375 18.990234375 -23.73046875 13.48046875 18.388671875 -22.99609375 13.439453125 20.568359375 -21.052734375 15.689453125 17.755859375 -22.1015625 15.37109375 19.52734375 -20.01171875 17.26171875 18.837890625 -19.322265625 15.466796875 21.298828125 -17.98046875 17.380859375 20.359375 -17.39453125 18.2265625 21.6171875 -15.703125 19.517578125 19.046875 -17.462890625 20.2890625 19.818359375 -15.60546875 22.087890625 17.755859375 -15.703125 21.041015625 20.5703125 -13.453125 22.982421875 18.388671875 -13.494140625 23.716796875 18.990234375 -11.14453125 17.91015625 -0.025390625 25.748046875 15.236328125 -0.021484375 27.34375 15.294921875 -2.814453125 27.51171875 12.470703125 -2.89453125 28.904296875 12.828125 -5.8984375 29.65625 9.34765625 -5.736328125 29.193359375 9.24609375 -8.603515625 27.900390625 6.03125 -8.59375 27.896484375 6.140625 -11.86328125 27.80859375 3.298828125 -12.107421875 28.84765625 3.361328125 -15.515625 28.732421875 14.77734375 27.1171875 -8.810546875 13.84765625 25.3125 -11.08203125 11.7734375 27.423828125 -11.787109375 11.48828125 26.34375 -14.44921875 9.0234375 27.865234375 -15.1328125 8.783203125 25.9921875 -17.67578125 5.986328125 26.140625 -17.8203125 5.935546875 24.3359375 -20.37890625 3.216796875 24.62890625 -20.640625 3.21875 22.640625 -23.125 0.4609375 22.626953125 -23.111328125 0.4609375 20.2578125 -25.212890625 -23.0703125 7.98046875 18.744140625 -22.79296875 10.66015625 18.5234375 -20.791015625 10.625 20.77734375 -20.060546875 12.93359375 20.0390625 -17.396484375 12.66015625 21.365234375 -17.302734375 15.21875 21.1484375 -15.107421875 15.5625 22.54296875 -14.50390625 17.560546875 20.84765625 -12.28515625 18.21875 21.689453125 -12.015625 20.1796875 19.794921875 14.18359375 -25.826171875 -14.197265625 14.087890625 -24.841796875 -16.978515625 16.033203125 -23.02734375 -16.046875 14.875 -20.8828125 -17.46875 17.93359375 -21.353515625 -15.470703125 17.208984375 -20.212890625 -17.25390625 19.130859375 -18.640625 -17 16.6640625 -18.50390625 -18.837890625 18.060546875 -17.7734375 -17.904296875 18.818359375 -16.46875 -18.849609375 20.775390625 -16.890625 -17.333984375 22.091796875 -17.78515625 -15.712890625 21.640625 -14.8984375 -17.798828125 24.23046875 -16.205078125 -16.765625 25.185546875 -13.591796875 -16.9453125 -24.787109375 10.900390625 16.27734375 -22.056640625 13.009765625 17.919921875 -21.404296875 15.439453125 17.576171875 -19.36328125 15.12109375 19.349609375 -18.591796875 16.978515625 18.578125 -16.693359375 17.1484375 20.17578125 -16.25 18.802734375 18.291015625 -13.97265625 19.173828125 18.830078125 -13.96484375 20.59765625 16.51171875 -12.650390625 22.490234375 17.98046875 23.322265625 -7.76171875 18.361328125 21.71484375 -10.640625 20.77734375 21.041015625 -12.986328125 20.1015625 18.859375 -13.02734375 22.04296875 18.45703125 -15.427734375 21.453125 16.033203125 -15.578125 22.54296875 15.689453125 -17.7734375 21.1484375 13.48046875 -18.404296875 22.04296875 13.37109375 -20.44921875 19.9765625 11.001953125 -20.87109375 20.48046875 -5.603515625 6.05859375 -31.828125 -5.4765625 9.060546875 -31.0625 -2.548828125 6.126953125 -32.076171875 -2.515625 9.236328125 -31.53515625 0.4609375 9.310546875 -31.6484375 -2.353515625 11.697265625 -29.1953125 0.43359375 11.685546875 -29.0625 0.4609375 14.919921875 -28.56640625 3.244140625 11.771484375 -29.177734375 3.267578125 14.82421875 -28.46484375 6.064453125 14.619140625 -28.13671875 3.236328125 17.576171875 -26.931640625 6.0234375 17.39453125 -26.71484375 6.078125 22.380859375 15.541015625 9.083984375 22.568359375 15.541015625 9.234375 23.74609375 12.67578125 11.896484375 24.66015625 12.88671875 12.06640625 26.52734375 10.412109375 14.80859375 27.056640625 10.837890625 14.923828125 27.556640625 7.9765625 16.57421875 25.11328125 7.48828125 17.35546875 25.82421875 5.0078125 31.279296875 -6.314453125 -0.208984375 29.701171875 -6.66796875 -3.021484375 28.416015625 -3.6796875 -2.91015625 28.44921875 -3.515625 -6.580078125 28.21875 0.13671875 -6.431640625 30.27734375 0.08203125 -9.810546875 31.236328125 3.009765625 -9.716796875 30.548828125 2.93359375 -12.77734375 30.19140625 5.865234375 -12.603515625 -29.697265625 -9.009765625 -3.373046875 -29.806640625 -9.0859375 -0.474609375 -30.466796875 -6.064453125 -0.474609375 -30.845703125 -6.1640625 2.466796875 -32.705078125 -3.28515625 2.53125 -31.744140625 -2.958984375 5.78125 -28.76171875 -0.083984375 5.033203125 -28.404296875 -0.111328125 8.470703125 -30.76171875 2.796875 8.716796875 -30.359375 2.92578125 12.109375 -29.080078125 5.962890625 11.701171875 -10.580078125 -16.9296875 -26 -13.00390625 -16.29296875 -24.974609375 -10.564453125 -13.98046875 -26.828125 -13.099609375 -13.56640625 -25.939453125 -13.509765625 -11.03515625 -26.828125 -15.75 -13.3828125 -24.8515625 -16.09375 -10.8203125 -25.431640625 -18.537109375 -10.67578125 -23.73046875 -16.52734375 -8.21875 -26.123046875 -19.15625 -8.19921875 -24.56640625 -19.5625 -5.515625 -25.03515625 -22.189453125 -8.552734375 -23.142578125 -22.74609375 -5.65625 -23.69921875 6.541015625 0.01953125 -30.703125 6.572265625 2.98828125 -31.82421875 9.4609375 2.869140625 -30.744140625 9.060546875 5.552734375 -29.552734375 12.080078125 5.5859375 -28.828125 11.865234375 8.400390625 -28.33984375 14.77734375 8.326171875 -27.6015625 14.435546875 11.017578125 -26.828125 17.3828125 11.03515625 -25.99609375 16.890625 13.591796875 -25.201171875 18.91015625 13.046875 -23.0546875 25.416015625 -16.564453125 10.3359375 23.716796875 -19.0078125 10.19140625 25.005859375 -19.98046875 7.8359375 22.283203125 -21.830078125 7.623046875 22.716796875 -22.26171875 4.986328125 20.365234375 -24.353515625 4.99609375 20.626953125 -24.64453125 2.27734375 18.046875 -26.46484375 2.296875 18.14453125 -26.56640625 -0.474609375 15.447265625 -28.19140625 -0.48046875 15.5078125 -28.376953125 -3.279296875 -5.173828125 -11.412109375 -28.998046875 -7.828125 -11.216796875 -28.33984375 -5.501953125 -9.1171875 -31.166015625 -8.4609375 -8.931640625 -30.533203125 -8.646484375 -5.97265625 -31.166015625 -10.9375 -8.3984375 -28.470703125 -11.6640625 -5.880859375 -30.205078125 -13.892578125 -5.50390625 -27.71875 -11.83984375 -2.94921875 -30.5625 -13.876953125 -2.736328125 -27.748046875 -13.974609375 -0.0234375 -27.845703125 -17.12109375 -2.783203125 -26.931640625 -17.21875 -0.0078125 -27.033203125 21.115234375 17.1484375 -17.6328125 19.517578125 16.978515625 -19.53125 18.841796875 18.37109375 -18.85546875 17.619140625 17.1484375 -21.12890625 18.2265625 15.21875 -22.1015625 16.033203125 15.5625 -23.49609375 14.00390625 13.533203125 -25.8984375 20.2890625 19.818359375 14.65234375 22.087890625 17.755859375 14.75 19.517578125 19.046875 16.509765625 21.115234375 17.1484375 16.6796875 19.517578125 16.978515625 18.578125 22.087890625 15.21875 17.2890625 20.2890625 15.12109375 19.349609375 21.041015625 12.96875 20.1015625 18.205078125 15.19921875 21.12109375 18.859375 13.009765625 22.04296875 16.498046875 13.232421875 23.64453125 18.91015625 10.359375 22.091796875 17.015625 10.802734375 24.474609375 -7.533203125 23.544921875 -19.712890625 -7.587890625 25.12890625 -17.130859375 -10.349609375 24.9453125 -17.03125 -10.515625 26.328125 -14.423828125 -13.193359375 25.72265625 -14.169921875 -13.583984375 26.5390625 -11.595703125 -16.09375 24.9453125 -11.2890625 -16.52734375 25.638671875 -8.6875 -18.900390625 23.703125 -8.5390625 -2.34375 27.98046875 -15.30859375 -5.05859375 27.279296875 -14.880859375 -5.24609375 28.859375 -12.27734375 -8.06640625 28.2734375 -12.0390625 -8.189453125 29.091796875 -9.12890625 -11.236328125 28.67578125 -9.103515625 -11.1640625 28.447265625 -6.052734375 -14.1640625 27.65234375 -6.078125 -14.125 27.59375 -3.18359375 29.119140625 2.8515625 -15.59765625 29.390625 -0.0078125 -15.818359375 30.66015625 -0.0078125 -12.859375 30.548828125 -2.94921875 -12.77734375 29.568359375 -3.056640625 -9.69140625 30.390625 -6.056640625 -9.564453125 29.544921875 -6.45703125 -6.349609375 31.150390625 -9.1171875 -6.439453125 31.521484375 -9.251953125 -3.455078125 -28.994140625 -12.07421875 -3.357421875 -28.859375 -12.064453125 -0.474609375 -28.751953125 -11.984375 2.380859375 -27.626953125 -14.935546875 -0.474609375 -27.525390625 -14.83984375 2.330078125 -25.994140625 -17.591796875 2.296875 -27.197265625 -14.634765625 5.125 -25.685546875 -17.353515625 5.046875 -25.18359375 -16.998046875 7.734375 0.4609375 -31.857421875 -6.69140625 0.4296875 -30.056640625 -9.46875 3.34765625 -30.541015625 -6.421875 3.3359375 -29.9296875 -9.408203125 6.263671875 -29.80859375 -9.34375 3.3203125 -29.22265625 -12.451171875 6.171875 -28.876953125 -12.27734375 6.064453125 -27.66796875 -15.103515625 9.234375 -29.130859375 -12.36328125 9.0390625 -27.939453125 -15.197265625 11.623046875 -26.65625 -14.583984375 -7.66796875 -26.564453125 13.443359375 -10.25390625 -25.671875 12.99609375 -11.2265625 -28.466796875 11.240234375 -14.08984375 -27.482421875 11.076171875 -14.240234375 -27.892578125 8.09765625 -17.361328125 -26.900390625 8.119140625 -17.4453125 -27.3046875 5.2421875 -20.421875 -25.357421875 5.353515625 -20.14453125 -25.248046875 2.431640625 -8.30859375 -29.130859375 -12.36328125 -5.408203125 -29.7265625 -12.599609375 -2.4140625 -29.001953125 -12.337890625 -5.107421875 -27.458984375 -14.97265625 -2.337890625 -27.7734375 -15.197265625 0.4609375 -27.69140625 -15.205078125 0.4609375 -26.56640625 -18.158203125 3.236328125 -26.46484375 -18.060546875 25.4609375 20.4765625 2.224609375 27.205078125 17.716796875 2.3046875 27.43359375 17.548828125 5.2421875 26.0859375 16.896484375 7.796875 26.671875 13.87890625 4.78125 27.15625 14.09375 7.7421875 28.177734375 11.287109375 7.912109375 26.76953125 13.943359375 10.533203125 27.89453125 11.302734375 10.833984375 26.72265625 10.98046875 13.451171875 27.65625 8.1640625 10.646484375 27.197265625 8.216796875 13.634765625 28.236328125 5.62890625 14.21875 6.51171875 -30.892578125 -0.474609375 6.462890625 -30.822265625 -3.419921875 9.48828125 -30.083984375 -0.474609375 9.46484375 -30.16796875 -3.373046875 12.4375 -29.22265625 -3.333984375 9.330078125 -29.80859375 -6.27734375 12.58984375 -29.736328125 -6.349609375 12.193359375 -28.671875 -9.13671875 -29.697265625 2.888671875 -9.478515625 -29.287109375 5.787109375 -9.33203125 -28.751953125 2.849609375 -12.451171875 -28.111328125 5.681640625 -12.1796875 -26.923828125 5.5859375 -14.978515625 -28.66015625 8.763671875 -12.36328125 -27.46875 8.568359375 -15.197265625 -25.56640625 10.54296875 -14.21484375 -25.9453125 8.4453125 -17.951171875 -24.8125 10.896484375 -17.240234375 17.453125 25.638671875 -8.6875 16.52734375 24.12890625 -10.947265625 16.498046875 24.11328125 -13.716796875 19.4609375 23.24609375 -11.14453125 18.859375 22.51171875 -13.494140625 -13.755859375 2.654296875 -27.484375 -19.701171875 -2.76171875 -25.11328125 -28.6640625 8.66796875 -9.13671875 -28.822265625 8.724609375 -6.201171875 -28.66015625 11.87890625 -9.248046875 -27.74609375 11.61328125 -6.177734375 -27.953125 15.00390625 -6.25 -28.244140625 11.748046875 -3.294921875 -26.330078125 14.298828125 -3.341796875 -27.2109375 14.71484375 -0.474609375 -25.24609375 17.130859375 -3.265625 -26.095703125 17.673828125 -0.474609375 -22.796875 -13.4921875 18.416015625 -22.19140625 -15.953125 17.8203125 -24.51171875 -13.748046875 16.0078125 -22.701171875 -15.68359375 15.14453125 -23.658203125 -16.04296875 12.763671875 -21.21875 -17.818359375 14.787109375 -22.056640625 -18.404296875 12.54296875 -20.115234375 -20.5859375 12.501953125 -22.79296875 -19.0078125 10.19140625 -20.791015625 -21.26171875 10.15625 -20.69921875 -21.3046875 7.376953125 -18.1484375 -22.8671875 9.935546875 -19.21875 -24.26171875 7.74609375 11.275390625 -24.962890625 16.080078125 10.857421875 -22.474609375 17.93359375 13.48046875 -22.52734375 17.919921875 15.689453125 -21.6328125 17.2890625 15.591796875 -19.833984375 19.349609375 17.693359375 -19.33984375 18.85546875 17.619140625 -17.1640625 20.17578125 20.013671875 -17.40234375 19.064453125 20.73046875 -15.419921875 19.779296875 -13.853515625 8.326171875 26.6484375 -16.8828125 5.515625 25.671875 -19.525390625 2.716796875 23.95703125 -22.171875 -0.0078125 22.158203125 -2.646484375 3.546875 -29.607421875 0.408203125 3.314453125 -30.095703125 0.47265625 0.080078125 -29.240234375 3.666015625 0.181640625 -29.494140625 3.568359375 -3.02734375 -29.43359375 -2.39453125 -11.984375 28.73828125 0.4609375 -12.392578125 29.72265625 0.466796875 -14.865234375 27.52734375 -20.794921875 17.65234375 -18.13671875 -21.669921875 15.5859375 -18.681640625 -19.15234375 17.4765625 -20.08984375 -19.9453125 15.564453125 -20.884765625 -17.302734375 15.21875 -22.1015625 -20.71875 13.3515625 -21.658203125 -17.779296875 12.8984375 -22.75 -18.537109375 10.66015625 -23.73046875 -15.572265625 13.232421875 -24.59765625 -16.09375 10.8046875 -25.431640625 3.556640625 3.291015625 -29.734375 3.4375 6.044921875 -31.84375 0.44921875 6.146484375 -32.03515625 -4.884765625 25.375 -17.32421875 19.5234375 7.892578125 22.857421875 22.283203125 8.08984375 21.345703125 21.71484375 10.625 20.77734375 23.716796875 10.66015625 18.5234375 22.982421875 13.009765625 17.919921875 24.583984375 13.232421875 15.55859375 -28.40625 -11.810546875 5.232421875 -27.818359375 -11.5703125 8.052734375 -29.5234375 -8.935546875 5.35546875 -28.87890625 -8.7421875 8.25 -31.076171875 -6.458984375 8.89453125 -27.818359375 -8.537109375 11.0859375 -20.712890625 -14.943359375 -17.88671875 -19.703125 -12.7421875 -20.66796875 -19.36328125 -15.13671875 -20.302734375 -17.181640625 -15.1328125 -21.955078125 -18.857421875 -17.2109375 -19.802734375 -16.537109375 -17.0078125 -20.94140625 -16.97265625 -19.525390625 -20.033203125 -14.751953125 -17.740234375 -22.08203125 -15.22265625 -20.48828125 -21.001953125 16.859375 -10.748046875 -25.171875 19.095703125 -10.48828125 -23.203125 16.498046875 -13.248046875 -24.59765625 18.859375 -13.02734375 -22.99609375 18.2265625 -15.234375 -22.1015625 20.724609375 -12.814453125 -20.71875 19.896484375 -14.873046875 -19.91015625 22.716796875 -5.470703125 -22.73046875 24.806640625 -5.48046875 -20.37890625 22.283203125 -8.107421875 -22.296875 24.34765625 -8.119140625 -19.978515625 23.716796875 -10.67578125 -19.474609375 26.109375 -8.21875 -17.466796875 25.416015625 -10.8203125 -17.03125 -15.201171875 -23.62890625 -13.349609375 -17.751953125 -22.4921875 -10.6171875 -17.794921875 -22.341796875 -13.416015625 -20.115234375 -20.5859375 -13.453125 -17.302734375 -21.6328125 -15.703125 -19.36328125 -19.833984375 -15.60546875 -18.591796875 -19.0625 -17.462890625 -21.162109375 -17.7734375 -15.703125 -20.19140625 -17.1640625 -17.6328125 25.25390625 -16.44140625 -11.224609375 25.18359375 -16.46484375 -13.982421875 26.814453125 -13.98046875 -11.501953125 25.884765625 -13.548828125 -14.017578125 26.814453125 -11.03515625 -14.44921875 -12.556640625 18.388671875 -22.99609375 -14.763671875 17.755859375 -22.1015625 -14.666015625 19.818359375 -20.302734375 -16.5234375 19.046875 -19.53125 -16.693359375 20.64453125 -17.6328125 -19.15234375 19.60546875 -17.9609375 -19.9453125 20.400390625 -16.048828125 24.884765625 -19.958984375 -3.21875 22.685546875 -22.232421875 -5.93359375 19.96484375 -23.892578125 -8.587890625 17.49609375 -25.701171875 -11.603515625 -2.408203125 21.171875 21.703125 0.423828125 20.28515625 21.482421875 3.359375 19.994140625 21.1484375 -21.162109375 17.755859375 14.75 -22.05859375 18.388671875 12.54296875 -20.115234375 20.5703125 12.501953125 -22.79296875 18.990234375 10.19140625 -20.791015625 21.244140625 10.15625 -21.12109375 21.576171875 7.53125 -17.494140625 22.189453125 9.78125 -18.40625 23.232421875 7.365234375 -21.791015625 22.24609375 4.986328125 -23.8828125 19.89453125 4.99609375 -24.173828125 20.15625 2.27734375 -26.03515625 17.6015625 2.302734375 -7.73046875 -25.615234375 16.447265625 -10.349609375 -24.962890625 16.080078125 -12.77734375 -24.12890625 15.55859375 -10.291015625 -23.4609375 18.6796875 -12.556640625 -22.52734375 17.919921875 -27.41015625 -14.669921875 -9.03125 -27.99609375 -14.966796875 -6.1875 -26.01171875 -17.564453125 -8.955078125 -26.001953125 -17.56640625 -6.029296875 -23.8828125 -19.91015625 -5.94921875 -26.052734375 -17.630859375 -3.25390625 -24.173828125 -20.171875 -3.23046875 -24.2734375 -20.2734375 -0.474609375 -21.2734375 -21.958984375 -3.107421875 -21.724609375 -22.314453125 -0.451171875 24.583984375 -16.04296875 12.763671875 22.982421875 -18.404296875 12.54296875 21.25390625 -20.798828125 12.62109375 22.087890625 -17.7734375 14.75 21.138671875 -20.603515625 15.232421875 26.109375 8.201171875 -17.466796875 26.611328125 5.515625 -17.8203125 27.953125 5.525390625 -14.986328125 -21.7421875 18.560546875 -13.384765625 -20.998046875 18.021484375 -15.85546875 -22.109375 15.451171875 -12.94921875 -20.91015625 14.951171875 -15.484375 -22.4765625 12.404296875 -16.05859375 -22.5390625 13.29296875 -19.287109375 11.275390625 24.9453125 -17.03125 13.703125 24.11328125 -16.51171875 11.130859375 23.24609375 -19.474609375 13.48046875 22.51171875 -18.873046875 30.19140625 -12.134765625 -6.349609375 29.5859375 -11.89453125 -9.248046875 30.51953125 -8.931640625 -9.400390625 29.5859375 -8.779296875 -12.36328125 30.19140625 -5.880859375 -12.603515625 25.919921875 8.15234375 16.392578125 26.041015625 5.390625 16.51171875 23.486328125 5.1796875 18.537109375 26.578125 2.728515625 16.892578125 24.791015625 2.6484375 19.462890625 -11.16796875 -28.2578125 -12.107421875 -10.3515625 -25.890625 -14.103515625 -7.751953125 -26.75 -14.517578125 6.228515625 20.8359375 18.232421875 8.8828125 21.396484375 18.18359375 11.2734375 23.0625 18.56640625 8.6796875 21.728515625 21.451171875 11.341796875 21.7265625 21.259765625 11.15625 -16.3828125 -25.1484375 13.703125 -16.04296875 -24.59765625 11.119140625 -18.98828125 -23.70703125 13.48046875 -18.404296875 -22.99609375 13.439453125 -20.5859375 -21.0546875 15.6484375 -17.734375 -22.060546875 15.578125 -19.822265625 -20.2890625 8.248046875 -18.77734375 -23.42578125 8.51953125 -21.72265625 -22.16796875 5.837890625 -21.9609375 -22.37109375 5.857421875 -24.005859375 -20.09375 3.216796875 -24.64453125 -20.640625 30.1640625 2.796875 8.349609375 29.8203125 5.65625 8.212890625 29.52734375 2.833984375 11.439453125 29.107421875 5.626953125 11.244140625 -23.474609375 10.974609375 -20.025390625 -23.38671875 8.09765625 -19.943359375 -21.359375 8.08984375 -22.296875 -23.841796875 5.45703125 -20.34375 -21.791015625 5.455078125 -22.73046875 -8.78125 -2.986328125 -31.53515625 -5.671875 -6.126953125 -31.49609375 -2.515625 -9.25 -31.501953125 -2.279296875 17.435546875 -26.7109375 0.4609375 17.431640625 -26.6484375 3.216796875 20.15625 -25.11328125 6.01171875 20.12109375 -25.185546875 6.041015625 23.09765625 -23.634765625 -15.134765625 -20.501953125 20.017578125 -14.763671875 -21.6328125 17.2890625 -16.796875 -19.4609375 18.947265625 -16.693359375 -20.662109375 16.6796875 -18.591796875 -19.0625 16.509765625 -17.302734375 -21.6328125 14.75 -19.36328125 -19.833984375 14.65234375 28.451171875 14.822265625 2.3359375 29.23046875 11.75390625 2.31640625 28.552734375 14.919921875 -0.474609375 28.892578125 11.611328125 -0.486328125 9.005859375 8.53515625 -29.240234375 6.07421875 8.5390625 -29.40625 8.9921875 11.5546875 -28.7578125 6.091796875 11.63671875 -28.9296875 13.48046875 -22.52734375 -18.873046875 11.130859375 -23.263671875 -19.474609375 11.095703125 -21.26171875 -21.73046875 13.896484375 13.42578125 24.740234375 13.501953125 15.86328125 23.255859375 10.83984375 16.19140625 23.306640625 11.16796875 19.228515625 22.802734375 22.982421875 -13.02734375 -18.873046875 21.369140625 -10.453125 -21.337890625 19.91796875 -8.099609375 -24.298828125 29.431640625 8.60546875 8.115234375 29.87109375 8.72265625 5.216796875 29.771484375 12.005859375 5.33203125 -25.849609375 -5.552734375 16.9609375 -26.142578125 -8.4375 16.98046875 -22.744140625 -10.546875 18.02734375 -19.263671875 -9.9375 19.306640625 -31.150390625 -2.873046875 8.810546875 -31.306640625 -6.3671875 5.607421875 -29.697265625 -9.009765625 2.419921875 11.58984375 -25.701171875 -17.509765625 8.673828125 -25.654296875 -17.466796875 23.716796875 18.990234375 10.19140625 21.71484375 21.244140625 10.15625 18.359375 22.37890625 9.865234375 21.041015625 20.5703125 12.501953125 17.8046875 21.783203125 12.08984375 17.51171875 21.181640625 14.267578125 -12.556640625 -18.404296875 22.04296875 -14.763671875 -17.7734375 21.1484375 -12.515625 -20.5859375 20.1015625 25.1015625 16.353515625 10.20703125 23.98828125 15.642578125 12.455078125 22.982421875 18.388671875 12.54296875 -21.205078125 -21.798828125 -5.81640625 -20.916015625 -21.439453125 -8.3984375 -19.580078125 -24.662109375 -6.03125 -18.751953125 -23.91796875 -8.384765625 11.7734375 11.302734375 -27.908203125 11.48828125 13.96484375 -26.828125 -20.640625 -21.076171875 -11.033203125 -22.79296875 -19.0078125 -11.14453125 -22.056640625 -18.404296875 -13.494140625 -12.77734375 16.02734375 -24.59765625 -15.107421875 15.5625 -23.49609375 -25.888671875 -13.98046875 -11.501953125 -20.291015625 17.248046875 16.779296875 -18.591796875 19.046875 16.509765625 -19.36328125 19.818359375 14.65234375 -16.84765625 21.083984375 14.294921875 -17.162109375 21.705078125 12.09765625 -26.095703125 -17.69140625 -0.474609375 -24.173828125 -20.171875 2.27734375 -21.328125 -21.982421875 2.181640625 -23.8828125 -19.91015625 4.99609375 -21.23828125 -21.83203125 4.845703125 8.876953125 24.732421875 -20.634765625 8.728515625 22.228515625 -22.755859375 -27.115234375 -11.376953125 10.892578125 -25.935546875 -14.005859375 10.568359375 -26.20703125 -11.16015625 13.642578125 -25.455078125 -13.828125 13.3203125 12.302734375 29.123046875 -0.296875 9.73046875 31.123046875 -0.439453125 9.638671875 31.189453125 2.599609375 -15.1875 -15.65234375 -23.59765625 22.087890625 -15.234375 17.2890625 23.482421875 -15.578125 15.09375 13.189453125 18.4375 21.609375 15.419921875 17.568359375 20.8359375 13.583984375 20.91015625 20.419921875 15.275390625 19.787109375 19.111328125 -10.330078125 24.216796875 15.775390625 -13.16796875 24.7265625 15.99609375 -13.287109375 25.744140625 13.248046875 -17.29296875 -26.55859375 -6.19140625 -23.830078125 -16.150390625 -13.826171875 -22.205078125 -15.34375 -15.810546875 -27.525390625 -2.814453125 -15.30859375 -27.626953125 -0.0078125 -15.404296875 -26.0703125 -0.0078125 -18.142578125 20.626953125 24.62890625 -3.23046875 22.99609375 22.525390625 -3.224609375 20.52734375 24.51171875 -6.00390625 22.140625 21.728515625 -5.80078125 8.8125 20.064453125 24.05078125 27.587890625 8.326171875 -14.791015625 12.048828125 -0.107421875 27.935546875 -26.662109375 -8.341796875 13.83984375 11.740234375 -27.453125 -11.7890625 14.47265625 -26.353515625 -11.505859375 6.2109375 -5.50390625 29.26171875 -10.349609375 16.546875 -25.431640625 -13.078125 13.533203125 -25.8984375 -23.208984375 15.966796875 -10.4375 -25.158203125 13.400390625 -10.990234375 -23.87109375 12.642578125 -13.3828125 28.296875 -2.798828125 14.279296875 28.330078125 -0.017578125 14.337890625 27.01953125 -0.0078125 17.205078125 17.466796875 17.01953125 20.005859375 17.349609375 18.900390625 18.45703125 -19.0390625 8.103515625 -24.361328125 -29.697265625 8.994140625 -3.373046875 -4.728515625 -29.693359375 5.935546875 -7.818359375 14.248046875 26.48828125 -4.99609375 17.373046875 25.341796875 -2.3671875 20.5859375 24.72265625 27.796875 -14.509765625 2.185546875 6.677734375 31.841796875 -0.474609375 -27.525390625 14.82421875 2.330078125 -15.107421875 -23.02734375 15.09375 -15.060546875 -23.41015625 12.251953125 -17.68359375 -22.25 12.353515625 0.4765625 -28.359375 11.1875 3.283203125 8.884765625 -30.46875 -17.91796875 18.37109375 17.904296875 -16.576171875 20.412109375 16.50390625 -16.96875 -17.544921875 20.72265625 -17.599609375 -15.64453125 21.66796875 -19.44921875 -18.0859375 19.40625 -20.345703125 -16.0078125 20.33203125 -15.107421875 -23.02734375 -16.046875 -14.763671875 -21.6328125 -18.240234375 -18.16015625 18.87109375 -19.35546875 -16.693359375 17.1484375 -21.12890625 24.34765625 19.494140625 -8.587890625 22.111328125 21.646484375 -8.513671875 24.125 19.306640625 -5.8203125 15.384765625 21.41015625 16.998046875 17.017578125 20.193359375 16.10546875 -5.185546875 11.666015625 -29.095703125 -2.3046875 -14.69140625 27.251953125 0.451171875 -29.1015625 -12.43359375 -24.173828125 -2.76171875 19.6875 30.181640625 8.779296875 2.330078125 16.033203125 23.01171875 -16.046875 19.7890625 23.638671875 -8.4921875 6.07421875 20.68359375 21.20703125 -10.77734375 -26.298828125 -0.326171875 16.005859375 23.35546875 15.212890625 13.98828125 24.607421875 15.892578125 16.27734375 24.291015625 12.857421875 14.3046875 25.935546875 13.345703125 -20.80859375 -10.734375 -21.755859375 -23.708984375 -8.232421875 -20.162109375 19.96484375 -23.892578125 7.634765625 17.279296875 -25.3828125 7.646484375 19.4609375 -23.263671875 10.19140625 16.779296875 -24.591796875 10.1796875 -20.734375 -17.6171875 16.916015625 -18.6484375 -19.31640625 18.58203125 13.71484375 22.86328125 18.2265625 0.318359375 26.998046875 3.787109375 3.3828125 -30.9609375 -3.439453125 8.55078125 16.740234375 -25.744140625 8.57421875 19.494140625 -24.361328125 3.173828125 -8.935546875 29.4140625 9.384765625 -30.05859375 -9.3984375 -27.197265625 5.59375 14.150390625 -27.708984375 2.837890625 14.513671875 15.158203125 2.771484375 27.232421875 24.33984375 8.099609375 19.021484375 13.87890625 -13.423828125 -25.658203125 -29.314453125 -0.005859375 -12.705078125 16.033203125 -15.578125 -23.49609375 -7.87109375 -14.32421875 -27.6015625 -25.994140625 2.765625 -18.060546875 -27.525390625 2.796875 -15.30859375 -10.158203125 -21.234375 20.75390625 -5.24609375 -11.810546875 28.392578125 30.46484375 5.740234375 5.26953125 -17.93359375 -13.02734375 -22.99609375 28.234375 2.767578125 14.234375 9.4609375 -30.486328125 2.369140625 12.86328125 -30.451171875 2.46875 -16.8828125 -5.53125 -26.625 25.830078125 13.50390625 13.03515625 17.806640625 26.140625 -6 8.486328125 -25.033203125 16.115234375 5.59375 -24.724609375 15.966796875 -16.8828125 26.140625 -6 -13.853515625 27.1171875 -8.810546875 -5.751953125 31.841796875 -0.474609375 -2.59375 32.11328125 -3.53125 0.423828125 29.140625 -5.4453125 -10.818359375 27.408203125 -11.796875 -7.759765625 26.724609375 -14.56640625 -13.7421875 -8.27734375 -27.39453125 3.271484375 29.30078125 -9.134765625 28.451171875 14.82421875 -3.28125 26.91796875 17.576171875 -3.25 29.55078125 -0.01171875 11.498046875 28.71484375 -11.494140625 5.0546875 9.26171875 29.7578125 -3.005859375 14.00390625 25.4140625 -14.017578125 27.587890625 -14.32421875 -8.810546875 -19.771484375 -13.150390625 19.791015625 -8.740234375 31.1015625 2.57421875 27.703125 -11.2109375 -11.6796875 0.486328125 -17.248046875 25.486328125 -25.95703125 17.5078125 5.107421875 -23.421875 19.494140625 7.634765625 -24.4921875 -16.564453125 10.3359375 -23.421875 -19.509765625 7.634765625 -10.6484375 -11.13671875 -27.478515625 21.71484375 21.244140625 -11.109375 17.806640625 -26.15625 5.046875 15.08984375 -27.66796875 5.125 14.646484375 -26.87109375 7.779296875 19.248046875 -23.12890625 12.798828125 21.71484375 -21.26171875 10.15625 3.47265625 29.439453125 1.380859375 19.431640625 23.365234375 7.466796875 11.626953125 23.1640625 15.46875 -14.19140625 -25.1484375 -3.45703125 16.35546875 24.767578125 10.279296875 -12.7265625 -24.837890625 -13.556640625 -2.515625 -31.06640625 -9.720703125 17.794921875 -20.873046875 16.857421875 20.109375 -19.62109375 16.939453125 -26.662109375 -14.32421875 7.857421875 6.353515625 5.859375 -30.904296875 5.986328125 -26.15625 -17.8203125 3.267578125 -27.99609375 -15.30859375 -18.162109375 -18.6328125 -19.119140625 -16.693359375 -20.662109375 -17.6328125 23.1796875 -18.6015625 -13.595703125 -7.859375 -24.552734375 19.533203125 -29.982421875 5.8984375 -6.3828125 6.369140625 -30.453125 -6.3828125 -11.33984375 -5.716796875 28.392578125 -2.515625 -31.06640625 8.767578125 15.79296875 15.359375 22.197265625 -28.169921875 -15.1484375 -3.3359375 8.796875 14.306640625 -27.6015625 25.416015625 10.8046875 16.080078125 21.115234375 -17.1640625 16.6796875 -30.873046875 0.0390625 12.24609375 -15.9609375 25.0234375 10.333984375 -15.470703125 24.15625 12.73046875 28.77734375 -5.720703125 -15.376953125 27.244140625 -8.173828125 -14.552734375 -25.46484375 -11.173828125 16.55859375 27.21875 17.822265625 -0.505859375 24.828125 19.962890625 -0.470703125 -14.35546875 22.095703125 14.2890625 26.291015625 -0.01171875 -17.48046875 26.451171875 -2.744140625 -17.65234375 26.611328125 17.3359375 -6 -2.353515625 20.638671875 -25.78515625 -2.341796875 14.814453125 -28.447265625 23.91796875 19.197265625 -3.041015625 8.19921875 -22.560546875 18.228515625 20.2890625 15.12109375 -20.302734375 23.482421875 15.5625 15.09375 -18.587890625 -13.556640625 22.9296875 15.294921875 -27.99609375 2.330078125 12.544921875 -29.63671875 5.443359375 -24.173828125 2.74609375 -20.640625 -24.4921875 -16.564453125 -11.2890625 3.267578125 -27.99609375 14.35546875 -27.455078125 11.427734375 -11.93359375 26.03125 -5.38671875 -17.37109375 -28.40625 -11.810546875 -6.185546875 -23.421875 -19.509765625 -8.587890625 -24.900390625 -13.517578125 -13.986328125 -28.859375 12.048828125 -0.474609375 -20.638671875 10.5703125 -21.54296875 27.01953125 -17.69140625 -0.474609375 25.884765625 -13.548828125 13.064453125 -7.548828125 -27.423828125 2.720703125 8.57421875 -23.892578125 -19.978515625 -11.921875 -0.0078125 -30.67578125 -7.93359375 8.390625 -28.994140625 -12.556640625 -18.404296875 -22.99609375 11.095703125 21.244140625 -21.73046875 -2.67578125 25.63671875 6.595703125 3.30859375 21.140625 18.40234375 -15.181640625 -15.677734375 22.689453125 -10.84765625 11.302734375 26.955078125 10.01171875 -3.025390625 31.298828125 22.2421875 5.326171875 21.39453125 18.841796875 18.37109375 17.904296875 25.416015625 10.8046875 -17.03125 29.287109375 -2.900390625 -15.71875 25.099609375 -2.76171875 -20.640625 19.849609375 -19.396484375 -15.283203125 -16.3203125 -25.400390625 10.404296875 -12.97265625 -25.25 12.853515625 12.658203125 -29.744140625 -0.466796875 19.39453125 -18.9140625 18.41015625 16.263671875 -16.001953125 -20.013671875 23.09765625 22.626953125 -0.474609375 -26.4609375 17.826171875 -6.169921875 -27.41796875 14.685546875 -9.03515625 -25.015625 5.458984375 -17.37109375 -25.380859375 5.435546875 16.63671875 -23.6640625 7.865234375 15.423828125 -26.283203125 8.17578125 13.552734375</float_array>
                    <technique_common>
                        <accessor count="1538" source="#pointarray0_VC" stride="3">
                            <param name="X" type="float"/>
                            <param name="Y" type="float"/>
                            <param name="Z" type="float"/>
                        </accessor>
                    </technique_common>
                </source>
                <source id="uvs0_VC">
                    <float_array id="uvarray0_VC" count="10894">0.12548828125 0.9986979166666666 0.12548828125 0.91796875 0.12841796875 0.91796875 0.14111328125 0.8346354166666666 0.14111328125 0.9153645833333334 0.12939453125 0.9986979166666666 0.13232421875 0.91796875 0.12939453125 0.91796875 0.13330078125 0.91796875 0.13330078125 0.9986979166666666 0.13623046875 0.91796875 0.13720703125 0.9986979166666666 0.14013671875 0.91796875 0.13720703125 0.91796875 0.31689453125 0.48046875 0.31982421875 0.48046875 0.31689453125 0.49869791666666663 0.32861328125 0.49869791666666663 0.32861328125 0.45963541666666663 0.34326171875 0.45963541666666663 0.35888671875 0.45963541666666663 0.34423828125 0.45963541666666663 0.34423828125 0.49869791666666663 0.31689453125 0.45963541666666663 0.31689453125 0.47786458333333337 0.31982421875 0.45963541666666663 0.14404296875 0.91796875 0.14111328125 0.9986979166666666 0.14111328125 0.91796875 0.31689453125 0.45703125 0.31689453125 0.43880208333333337 0.31982421875 0.43880208333333337 0.08544921875 0.14713541666666663 0.07861328125 0.16536458333333337 0.07861328125 0.14713541666666663 0.31689453125 0.43619791666666663 0.31982421875 0.41796875 0.31689453125 0.41796875 0.08642578125 0.16536458333333337 0.08642578125 0.14713541666666663 0.09326171875 0.14713541666666663 0.09423828125 0.14713541666666663 0.09423828125 0.16536458333333337 0.10107421875 0.14713541666666663 0.14501953125 0.9986979166666666 0.14794921875 0.91796875 0.14501953125 0.91796875 0.14892578125 0.9986979166666666 0.15185546875 0.91796875 0.14892578125 0.91796875 0.10205078125 0.16536458333333337 0.10205078125 0.14713541666666663 0.10498046875 0.14713541666666663 0.15283203125 0.91796875 0.15576171875 0.91796875 0.15283203125 0.9986979166666666 0.15673828125 0.91796875 0.15673828125 0.9986979166666666 0.15966796875 0.91796875 0.16064453125 0.91796875 0.16357421875 0.91796875 0.16064453125 0.9986979166666666 0.16455078125 0.91796875 0.16748046875 0.91796875 0.16455078125 0.9986979166666666 0.16845703125 0.91796875 0.16845703125 0.9986979166666666 0.17138671875 0.91796875 0.17236328125 0.91796875 0.17236328125 0.9986979166666666 0.17529296875 0.91796875 0.17626953125 0.91796875 0.17919921875 0.91796875 0.17626953125 0.9986979166666666 0.18017578125 0.91796875 0.18017578125 0.9986979166666666 0.18310546875 0.91796875 0.18701171875 0.91796875 0.18408203125 0.91796875 0.18408203125 0.9986979166666666 0.19091796875 0.91796875 0.18798828125 0.91796875 0.18798828125 0.9986979166666666 0.19189453125 0.91796875 0.19189453125 0.9986979166666666 0.19482421875 0.91796875 0.19873046875 0.91796875 0.19580078125 0.91796875 0.19580078125 0.9986979166666666 0.20263671875 0.91796875 0.19970703125 0.91796875 0.19970703125 0.9986979166666666 0.20654296875 0.91796875 0.20361328125 0.9986979166666666 0.20361328125 0.91796875 0.21044921875 0.91796875 0.20751953125 0.9986979166666666 0.20751953125 0.91796875 0.21142578125 0.91796875 0.21435546875 0.91796875 0.21142578125 0.9986979166666666 0.10595703125 0.16536458333333337 0.10888671875 0.14713541666666663 0.10595703125 0.14713541666666663 0.32080078125 0.49869791666666663 0.32080078125 0.45963541666666663 0.32763671875 0.45963541666666663 0.11669921875 0.14713541666666663 0.10986328125 0.14713541666666663 0.10986328125 0.16536458333333337 0.21826171875 0.91796875 0.21533203125 0.9986979166666666 0.21533203125 0.91796875 0.11767578125 0.16536458333333337 0.12060546875 0.14713541666666663 0.11767578125 0.14713541666666663 0.12451171875 0.14713541666666663 0.12158203125 0.14713541666666663 0.12158203125 0.16536458333333337 0.21923828125 0.91796875 0.21923828125 0.9986979166666666 0.22216796875 0.91796875 0.22314453125 0.9986979166666666 0.22607421875 0.91796875 0.22314453125 0.91796875 0.07861328125 0.14453125 0.07861328125 0.12630208333333337 0.08154296875 0.12630208333333337 0.22998046875 0.91796875 0.22705078125 0.91796875 0.22705078125 0.9986979166666666 0.23095703125 0.91796875 0.23388671875 0.91796875 0.23095703125 0.9986979166666666 0.23486328125 0.9986979166666666 0.23779296875 0.91796875 0.23486328125 0.91796875 0.24169921875 0.91796875 0.23876953125 0.9986979166666666 0.23876953125 0.91796875 0.24267578125 0.91796875 0.24267578125 0.9986979166666666 0.24560546875 0.91796875 0.24951171875 0.91796875 0.24658203125 0.9986979166666666 0.24658203125 0.91796875 0.35986328125 0.49869791666666663 0.37451171875 0.45963541666666663 0.35986328125 0.45963541666666663 0.32861328125 0.41796875 0.32861328125 0.45703125 0.34326171875 0.41796875 0.34423828125 0.45703125 0.35888671875 0.41796875 0.34423828125 0.41796875 0.32763671875 0.41796875 0.32080078125 0.41796875 0.32080078125 0.45703125 0.35986328125 0.41796875 0.35986328125 0.45703125 0.36669921875 0.41796875 0.37451171875 0.41796875 0.36767578125 0.41796875 0.36767578125 0.45703125 0.08642578125 0.12630208333333337 0.09326171875 0.12630208333333337 0.08642578125 0.14453125 0.12548828125 0.8346354166666666 0.12548828125 0.9153645833333334 0.12841796875 0.8346354166666666 0.12939453125 0.8346354166666666 0.13232421875 0.8346354166666666 0.12939453125 0.9153645833333334 0.08251953125 0.14453125 0.08544921875 0.12630208333333337 0.08251953125 0.12630208333333337 0.09716796875 0.12630208333333337 0.09423828125 0.12630208333333337 0.09423828125 0.14453125 0.09814453125 0.14453125 0.10107421875 0.12630208333333337 0.09814453125 0.12630208333333337 0.25048828125 0.41536458333333337 0.25732421875 0.37630208333333337 0.25048828125 0.37630208333333337 0.25830078125 0.37630208333333337 0.25830078125 0.41536458333333337 0.26513671875 0.37630208333333337 0.10205078125 0.14453125 0.10888671875 0.12630208333333337 0.10205078125 0.12630208333333337 0.26611328125 0.41536458333333337 0.28076171875 0.37630208333333337 0.26611328125 0.37630208333333337 0.29638671875 0.37630208333333337 0.28173828125 0.37630208333333337 0.28173828125 0.41536458333333337 0.29736328125 0.37630208333333337 0.30419921875 0.37630208333333337 0.29736328125 0.41536458333333337 0.31298828125 0.37630208333333337 0.31298828125 0.41536458333333337 0.32763671875 0.37630208333333337 0.34326171875 0.37630208333333337 0.32861328125 0.41536458333333337 0.32861328125 0.37630208333333337 0.10986328125 0.14453125 0.11669921875 0.12630208333333337 0.10986328125 0.12630208333333337 0.12451171875 0.12630208333333337 0.11767578125 0.14453125 0.11767578125 0.12630208333333337 0.13330078125 0.8346354166666666 0.13623046875 0.8346354166666666 0.13330078125 0.9153645833333334 0.34423828125 0.41536458333333337 0.35888671875 0.37630208333333337 0.34423828125 0.37630208333333337 0.31201171875 0.37630208333333337 0.30517578125 0.41536458333333337 0.30517578125 0.37630208333333337 0.00732421875 0.10546875 0.00048828125 0.10546875 0.00048828125 0.12369791666666663 0.01513671875 0.10546875 0.00830078125 0.10546875 0.00830078125 0.12369791666666663 0.01611328125 0.12369791666666663 0.02294921875 0.10546875 0.01611328125 0.10546875 0.02685546875 0.10546875 0.02392578125 0.10546875 0.02392578125 0.12369791666666663 0.02783203125 0.10546875 0.03076171875 0.10546875 0.02783203125 0.12369791666666663 0.03173828125 0.10546875 0.03173828125 0.12369791666666663 0.03857421875 0.10546875 0.04638671875 0.10546875 0.03955078125 0.12369791666666663 0.03955078125 0.10546875 0.04736328125 0.12369791666666663 0.05029296875 0.10546875 0.04736328125 0.10546875 0.35986328125 0.41536458333333337 0.35986328125 0.37630208333333337 0.37451171875 0.37630208333333337 0.25048828125 0.33463541666666663 0.26513671875 0.33463541666666663 0.25048828125 0.37369791666666663 0.13720703125 0.8346354166666666 0.14013671875 0.8346354166666666 0.13720703125 0.9153645833333334 0.14404296875 0.8346354166666666 0.14501953125 0.8346354166666666 0.14794921875 0.8346354166666666 0.14501953125 0.9153645833333334 0.15185546875 0.8346354166666666 0.14892578125 0.8346354166666666 0.14892578125 0.9153645833333334 0.15283203125 0.9153645833333334 0.15283203125 0.8346354166666666 0.15576171875 0.8346354166666666 0.15673828125 0.9153645833333334 0.15966796875 0.8346354166666666 0.15673828125 0.8346354166666666 0.05126953125 0.12369791666666663 0.05126953125 0.10546875 0.05419921875 0.10546875 0.05517578125 0.10546875 0.05810546875 0.10546875 0.05517578125 0.12369791666666663 0.16064453125 0.8346354166666666 0.16357421875 0.8346354166666666 0.16064453125 0.9153645833333334 0.06298828125 0.10546875 0.06982421875 0.10546875 0.06298828125 0.12369791666666663 0.16455078125 0.9153645833333334 0.16455078125 0.8346354166666666 0.16748046875 0.8346354166666666 0.00048828125 0.9986979166666666 0.07080078125 0.12369791666666663 0.07763671875 0.10546875 0.07080078125 0.10546875 0.07861328125 0.10546875 0.07861328125 0.12369791666666663 0.08544921875 0.10546875 0.16845703125 0.8346354166666666 0.17138671875 0.8346354166666666 0.16845703125 0.9153645833333334 0.17236328125 0.9153645833333334 0.17236328125 0.8346354166666666 0.17529296875 0.8346354166666666 0.17626953125 0.8346354166666666 0.17626953125 0.9153645833333334 0.17919921875 0.8346354166666666 0.18017578125 0.9153645833333334 0.18017578125 0.8346354166666666 0.18310546875 0.8346354166666666 0.18408203125 0.9153645833333334 0.18408203125 0.8346354166666666 0.18701171875 0.8346354166666666 0.08642578125 0.12369791666666663 0.09326171875 0.10546875 0.08642578125 0.10546875 0.62939453125 0.9153645833333334 0.62939453125 0.8346354166666666 0.05908203125 0.10546875 0.06201171875 0.10546875 0.05908203125 0.12369791666666663 0.09716796875 0.10546875 0.09423828125 0.12369791666666663 0.09423828125 0.10546875 0.19091796875 0.8346354166666666 0.18798828125 0.9153645833333334 0.18798828125 0.8346354166666666 0.21923828125 0.9153645833333334 0.24951171875 0.8346354166666666 0.21923828125 0.8346354166666666 0.21826171875 0.8346354166666666 0.20361328125 0.8346354166666666 0.20361328125 0.9153645833333334 0.28076171875 0.33463541666666663 0.26611328125 0.33463541666666663 0.26611328125 0.37369791666666663 0.10888671875 0.10546875 0.10205078125 0.10546875 0.10205078125 0.12369791666666663 0.28173828125 0.37369791666666663 0.28173828125 0.33463541666666663 0.29638671875 0.33463541666666663 0.31201171875 0.33463541666666663 0.29736328125 0.37369791666666663 0.29736328125 0.33463541666666663 0.02001953125 0.33463541666666663 0.02001953125 0.41536458333333337 0.91845703125 0.8346354166666666 0.92138671875 0.8346354166666666 0.10986328125 0.12369791666666663 0.10986328125 0.10546875 0.11669921875 0.10546875 0.93701171875 0.54296875 0.93017578125 0.54296875 0.19189453125 0.8346354166666666 0.19189453125 0.9153645833333334 0.19482421875 0.8346354166666666 0.19580078125 0.8346354166666666 0.19873046875 0.8346354166666666 0.19580078125 0.9153645833333334 0.11767578125 0.12369791666666663 0.12451171875 0.10546875 0.11767578125 0.10546875 0.00048828125 0.08463541666666663 0.00732421875 0.08463541666666663 0.00048828125 0.10286458333333337 0.09814453125 0.12369791666666663 0.10107421875 0.10546875 0.09814453125 0.10546875 0.00830078125 0.08463541666666663 0.01123046875 0.08463541666666663 0.00830078125 0.10286458333333337 0.19970703125 0.9153645833333334 0.20263671875 0.8346354166666666 0.19970703125 0.8346354166666666 0.12548828125 0.7513020833333334 0.12841796875 0.7513020833333334 0.12548828125 0.83203125 0.12939453125 0.83203125 0.12939453125 0.7513020833333334 0.13232421875 0.7513020833333334 0.13623046875 0.7513020833333334 0.13330078125 0.83203125 0.13330078125 0.7513020833333334 0.01220703125 0.10286458333333337 0.01513671875 0.08463541666666663 0.01220703125 0.08463541666666663 0.01611328125 0.10286458333333337 0.01611328125 0.08463541666666663 0.02294921875 0.08463541666666663 0.03076171875 0.08463541666666663 0.02392578125 0.10286458333333337 0.02392578125 0.08463541666666663 0.03173828125 0.08463541666666663 0.03857421875 0.08463541666666663 0.03173828125 0.10286458333333337 0.04638671875 0.08463541666666663 0.03955078125 0.08463541666666663 0.03955078125 0.10286458333333337 0.04736328125 0.10286458333333337 0.05419921875 0.08463541666666663 0.04736328125 0.08463541666666663 0.05517578125 0.08463541666666663 0.06201171875 0.08463541666666663 0.05517578125 0.10286458333333337 0.14013671875 0.7513020833333334 0.13720703125 0.7513020833333334 0.13720703125 0.83203125 0.31298828125 0.37369791666666663 0.32763671875 0.33463541666666663 0.31298828125 0.33463541666666663 0.32861328125 0.33463541666666663 0.32861328125 0.37369791666666663 0.34326171875 0.33463541666666663 0.14111328125 0.83203125 0.14111328125 0.7513020833333334 0.14404296875 0.7513020833333334 0.06298828125 0.10286458333333337 0.06591796875 0.08463541666666663 0.06298828125 0.08463541666666663 0.34423828125 0.33463541666666663 0.35107421875 0.33463541666666663 0.34423828125 0.37369791666666663 0.06982421875 0.08463541666666663 0.06689453125 0.10286458333333337 0.06689453125 0.08463541666666663 0.07080078125 0.10286458333333337 0.07080078125 0.08463541666666663 0.07763671875 0.08463541666666663 0.07861328125 0.08463541666666663 0.07861328125 0.10286458333333337 0.08544921875 0.08463541666666663 0.14794921875 0.7513020833333334 0.14501953125 0.7513020833333334 0.14501953125 0.83203125 0.08642578125 0.10286458333333337 0.09326171875 0.08463541666666663 0.08642578125 0.08463541666666663 0.09423828125 0.08463541666666663 0.09423828125 0.10286458333333337 0.10107421875 0.08463541666666663 0.35888671875 0.33463541666666663 0.35205078125 0.37369791666666663 0.35205078125 0.33463541666666663 0.14892578125 0.83203125 0.15185546875 0.7513020833333334 0.14892578125 0.7513020833333334 0.33935546875 0.91796875 0.33642578125 0.91796875 0.10205078125 0.10286458333333337 0.10888671875 0.08463541666666663 0.10205078125 0.08463541666666663 0.11279296875 0.08463541666666663 0.10986328125 0.10286458333333337 0.10986328125 0.08463541666666663 0.11767578125 0.10286458333333337 0.12451171875 0.08463541666666663 0.11767578125 0.08463541666666663 0.00732421875 0.06380208333333337 0.00048828125 0.06380208333333337 0.00048828125 0.08203125 0.35986328125 0.37369791666666663 0.36669921875 0.33463541666666663 0.35986328125 0.33463541666666663 0.37548828125 0.6263020833333333 0.39013671875 0.6263020833333333 0.37548828125 0.6653645833333333 0.15576171875 0.7513020833333334 0.15283203125 0.7513020833333334 0.15283203125 0.83203125 0.00830078125 0.08203125 0.01513671875 0.06380208333333337 0.00830078125 0.06380208333333337 0.15673828125 0.83203125 0.17138671875 0.7513020833333334 0.15673828125 0.7513020833333334 0.18798828125 0.7513020833333334 0.21826171875 0.7513020833333334 0.18798828125 0.83203125 0.36767578125 0.37369791666666663 0.36767578125 0.33463541666666663 0.37451171875 0.33463541666666663 0.01611328125 0.06380208333333337 0.02294921875 0.06380208333333337 0.01611328125 0.08203125 0.39111328125 0.6653645833333333 0.39111328125 0.6263020833333333 0.39794921875 0.6263020833333333 0.02392578125 0.06380208333333337 0.03076171875 0.06380208333333337 0.02392578125 0.08203125 0.03173828125 0.08203125 0.03857421875 0.06380208333333337 0.03173828125 0.06380208333333337 0.03955078125 0.06380208333333337 0.04638671875 0.06380208333333337 0.03955078125 0.08203125 0.17529296875 0.7513020833333334 0.17236328125 0.7513020833333334 0.17236328125 0.83203125 0.04736328125 0.08203125 0.04736328125 0.06380208333333337 0.05419921875 0.06380208333333337 0.06201171875 0.06380208333333337 0.05517578125 0.08203125 0.05517578125 0.06380208333333337 0.39892578125 0.6653645833333333 0.40576171875 0.6263020833333333 0.39892578125 0.6263020833333333 0.40673828125 0.6263020833333333 0.40673828125 0.6653645833333333 0.41357421875 0.6263020833333333 0.41455078125 0.6653645833333333 0.42138671875 0.6263020833333333 0.41455078125 0.6263020833333333 0.21923828125 0.7513020833333334 0.21923828125 0.83203125 0.24951171875 0.7513020833333334 0.15576171875 0.66796875 0.12548828125 0.66796875 0.12548828125 0.7486979166666667 0.15673828125 0.66796875 0.18701171875 0.66796875 0.15673828125 0.7486979166666667 0.11669921875 0.08463541666666663 0.11376953125 0.08463541666666663 0.11376953125 0.10286458333333337 0.06298828125 0.06380208333333337 0.06591796875 0.06380208333333337 0.06298828125 0.08203125 0.17919921875 0.7513020833333334 0.17626953125 0.7513020833333334 0.17626953125 0.83203125 0.42236328125 0.6653645833333333 0.42236328125 0.6263020833333333 0.43701171875 0.6263020833333333 0.43798828125 0.6263020833333333 0.45263671875 0.6263020833333333 0.43798828125 0.6653645833333333 0.45361328125 0.6653645833333333 0.46826171875 0.6263020833333333 0.45361328125 0.6263020833333333 0.47607421875 0.6263020833333333 0.46923828125 0.6263020833333333 0.46923828125 0.6653645833333333 0.07080078125 0.06380208333333337 0.07763671875 0.06380208333333337 0.07080078125 0.08203125 0.47705078125 0.6653645833333333 0.47705078125 0.6263020833333333 0.48388671875 0.6263020833333333 0.49951171875 0.6263020833333333 0.48486328125 0.6263020833333333 0.48486328125 0.6653645833333333 0.38232421875 0.5846354166666667 0.37548828125 0.6236979166666667 0.37548828125 0.5846354166666667 0.38330078125 0.5846354166666667 0.39013671875 0.5846354166666667 0.38330078125 0.6236979166666667 0.40576171875 0.5846354166666667 0.39111328125 0.6236979166666667 0.39111328125 0.5846354166666667 0.41357421875 0.5846354166666667 0.40673828125 0.6236979166666667 0.40673828125 0.5846354166666667 0.41455078125 0.5846354166666667 0.42138671875 0.5846354166666667 0.41455078125 0.6236979166666667 0.42919921875 0.5846354166666667 0.42236328125 0.6236979166666667 0.42236328125 0.5846354166666667 0.08544921875 0.06380208333333337 0.07861328125 0.06380208333333337 0.07861328125 0.08203125 0.43701171875 0.5846354166666667 0.43017578125 0.6236979166666667 0.43017578125 0.5846354166666667 0.06982421875 0.06380208333333337 0.06689453125 0.06380208333333337 0.06689453125 0.08203125 0.08642578125 0.08203125 0.09326171875 0.06380208333333337 0.08642578125 0.06380208333333337 0.21826171875 0.66796875 0.18798828125 0.7486979166666667 0.18798828125 0.66796875 0.18017578125 0.7513020833333334 0.18017578125 0.83203125 0.18310546875 0.7513020833333334 0.09423828125 0.06380208333333337 0.09716796875 0.06380208333333337 0.09423828125 0.08203125 0.10205078125 0.06380208333333337 0.10888671875 0.06380208333333337 0.10205078125 0.08203125 0.18408203125 0.83203125 0.18408203125 0.7513020833333334 0.18701171875 0.7513020833333334 0.23388671875 0.66796875 0.21923828125 0.66796875 0.21923828125 0.7486979166666667 0.23486328125 0.66796875 0.23486328125 0.7486979166666667 0.24951171875 0.66796875 0.43798828125 0.6236979166666667 0.44482421875 0.5846354166666667 0.43798828125 0.5846354166666667 0.44580078125 0.5846354166666667 0.45263671875 0.5846354166666667 0.44580078125 0.6236979166666667 0.46044921875 0.5846354166666667 0.45361328125 0.5846354166666667 0.45361328125 0.6236979166666667 0.25341796875 0.91796875 0.25048828125 0.91796875 0.25048828125 0.9986979166666666 0.10986328125 0.08203125 0.11669921875 0.06380208333333337 0.10986328125 0.06380208333333337 0.11767578125 0.06380208333333337 0.11767578125 0.08203125 0.12451171875 0.06380208333333337 0.46923828125 0.6236979166666667 0.48388671875 0.5846354166666667 0.46923828125 0.5846354166666667 0.48486328125 0.5846354166666667 0.49951171875 0.5846354166666667 0.48486328125 0.6236979166666667 0.46826171875 0.5846354166666667 0.46142578125 0.5846354166666667 0.46142578125 0.6236979166666667 0.37548828125 0.58203125 0.38232421875 0.54296875 0.37548828125 0.54296875 0.39013671875 0.54296875 0.38330078125 0.54296875 0.38330078125 0.58203125 0.00048828125 0.04296875 0.00732421875 0.04296875 0.00048828125 0.06119791666666663 0.00830078125 0.04296875 0.01513671875 0.04296875 0.00830078125 0.06119791666666663 0.09814453125 0.08203125 0.10107421875 0.06380208333333337 0.09814453125 0.06380208333333337 0.25732421875 0.91796875 0.25439453125 0.91796875 0.25439453125 0.9986979166666666 0.26123046875 0.91796875 0.25830078125 0.9986979166666666 0.25830078125 0.91796875 0.26220703125 0.91796875 0.26220703125 0.9986979166666666 0.26513671875 0.91796875 0.28076171875 0.91796875 0.26611328125 0.9986979166666666 0.26611328125 0.91796875 0.40576171875 0.54296875 0.39111328125 0.54296875 0.39111328125 0.58203125 0.40673828125 0.54296875 0.42138671875 0.54296875 0.40673828125 0.58203125 0.01611328125 0.06119791666666663 0.01611328125 0.04296875 0.02294921875 0.04296875 0.02685546875 0.04296875 0.02392578125 0.04296875 0.02392578125 0.06119791666666663 0.42236328125 0.58203125 0.43701171875 0.54296875 0.42236328125 0.54296875 0.43798828125 0.54296875 0.43798828125 0.58203125 0.45263671875 0.54296875 0.45361328125 0.54296875 0.46826171875 0.54296875 0.45361328125 0.58203125 0.48388671875 0.54296875 0.46923828125 0.54296875 0.46923828125 0.58203125 0.03173828125 0.06119791666666663 0.03857421875 0.04296875 0.03173828125 0.04296875 0.48486328125 0.54296875 0.48486328125 0.58203125 0.49169921875 0.54296875 0.49951171875 0.54296875 0.49267578125 0.58203125 0.49267578125 0.54296875 0.28466796875 0.91796875 0.28173828125 0.9986979166666666 0.28173828125 0.91796875 0.37548828125 0.5403645833333333 0.39013671875 0.5013020833333333 0.37548828125 0.5013020833333333 0.39111328125 0.5013020833333333 0.40576171875 0.5013020833333333 0.39111328125 0.5403645833333333 0.28857421875 0.91796875 0.28564453125 0.91796875 0.28564453125 0.9986979166666666 0.28955078125 0.91796875 0.28955078125 0.9986979166666666 0.29248046875 0.91796875 0.40673828125 0.5403645833333333 0.42138671875 0.5013020833333333 0.40673828125 0.5013020833333333 0.43701171875 0.5013020833333333 0.42236328125 0.5403645833333333 0.42236328125 0.5013020833333333 0.43798828125 0.5013020833333333 0.43798828125 0.5403645833333333 0.45263671875 0.5013020833333333 0.02783203125 0.06119791666666663 0.03076171875 0.04296875 0.02783203125 0.04296875 0.45361328125 0.5403645833333333 0.45361328125 0.5013020833333333 0.46044921875 0.5013020833333333 0.04638671875 0.04296875 0.03955078125 0.06119791666666663 0.03955078125 0.04296875 0.04736328125 0.04296875 0.04736328125 0.06119791666666663 0.05419921875 0.04296875 0.29345703125 0.91796875 0.29638671875 0.91796875 0.29345703125 0.9986979166666666 0.48388671875 0.5013020833333333 0.46923828125 0.5013020833333333 0.46923828125 0.5403645833333333 0.48486328125 0.5013020833333333 0.49951171875 0.5013020833333333 0.48486328125 0.5403645833333333 0.05810546875 0.04296875 0.05517578125 0.06119791666666663 0.05517578125 0.04296875 0.30029296875 0.91796875 0.29736328125 0.91796875 0.29736328125 0.9986979166666666 0.30126953125 0.9986979166666666 0.30419921875 0.91796875 0.30126953125 0.91796875 0.30810546875 0.91796875 0.30517578125 0.91796875 0.30517578125 0.9986979166666666 0.30908203125 0.9986979166666666 0.30908203125 0.91796875 0.31201171875 0.91796875 0.31591796875 0.91796875 0.31298828125 0.9986979166666666 0.31298828125 0.91796875 0.31689453125 0.91796875 0.31982421875 0.91796875 0.31689453125 0.9986979166666666 0.06298828125 0.06119791666666663 0.06298828125 0.04296875 0.06982421875 0.04296875 0.07763671875 0.04296875 0.07080078125 0.06119791666666663 0.07080078125 0.04296875 0.32080078125 0.91796875 0.32080078125 0.9986979166666666 0.32373046875 0.91796875 0.07861328125 0.06119791666666663 0.07861328125 0.04296875 0.08544921875 0.04296875 0.08642578125 0.06119791666666663 0.08642578125 0.04296875 0.09326171875 0.04296875 0.06201171875 0.04296875 0.05908203125 0.04296875 0.05908203125 0.06119791666666663 0.32763671875 0.91796875 0.32470703125 0.91796875 0.32470703125 0.9986979166666666 0.32861328125 0.91796875 0.33154296875 0.91796875 0.32861328125 0.9986979166666666 0.33251953125 0.91796875 0.33251953125 0.9986979166666666 0.33544921875 0.91796875 0.09423828125 0.04296875 0.09423828125 0.06119791666666663 0.09716796875 0.04296875 0.46826171875 0.8346354166666666 0.45361328125 0.8346354166666666 0.10107421875 0.04296875 0.09814453125 0.06119791666666663 0.09814453125 0.04296875 0.33642578125 0.9986979166666666 0.10205078125 0.06119791666666663 0.10888671875 0.04296875 0.10205078125 0.04296875 0.11279296875 0.04296875 0.10986328125 0.04296875 0.10986328125 0.06119791666666663 0.34326171875 0.91796875 0.34033203125 0.91796875 0.34033203125 0.9986979166666666 0.34423828125 0.91796875 0.34716796875 0.91796875 0.34423828125 0.9986979166666666 0.35107421875 0.91796875 0.34814453125 0.9986979166666666 0.34814453125 0.91796875 0.35498046875 0.91796875 0.35205078125 0.9986979166666666 0.35205078125 0.91796875 0.35595703125 0.91796875 0.35595703125 0.9986979166666666 0.35888671875 0.91796875 0.35986328125 0.91796875 0.35986328125 0.9986979166666666 0.36279296875 0.91796875 0.36376953125 0.91796875 0.36669921875 0.91796875 0.36376953125 0.9986979166666666 0.11376953125 0.04296875 0.11376953125 0.06119791666666663 0.11669921875 0.04296875 0.12060546875 0.04296875 0.11767578125 0.04296875 0.11767578125 0.06119791666666663 0.37060546875 0.91796875 0.36767578125 0.91796875 0.36767578125 0.9986979166666666 0.00048828125 0.04036458333333337 0.00048828125 0.02213541666666663 0.00732421875 0.02213541666666663 0.48388671875 0.8346354166666666 0.46923828125 0.8346354166666666 0.37158203125 0.91796875 0.37451171875 0.91796875 0.37158203125 0.9986979166666666 0.52685546875 0.66796875 0.52392578125 0.66796875 0.25341796875 0.8346354166666666 0.25048828125 0.9153645833333334 0.25048828125 0.8346354166666666 0.25732421875 0.8346354166666666 0.25439453125 0.9153645833333334 0.25439453125 0.8346354166666666 0.25830078125 0.9153645833333334 0.25830078125 0.8346354166666666 0.26123046875 0.8346354166666666 0.26513671875 0.8346354166666666 0.26220703125 0.8346354166666666 0.26220703125 0.9153645833333334 0.12158203125 0.04296875 0.12158203125 0.06119791666666663 0.12451171875 0.04296875 0.00830078125 0.04036458333333337 0.01513671875 0.02213541666666663 0.00830078125 0.02213541666666663 0.01611328125 0.02213541666666663 0.01611328125 0.04036458333333337 0.02294921875 0.02213541666666663 0.02392578125 0.04036458333333337 0.02392578125 0.02213541666666663 0.02685546875 0.02213541666666663 0.33251953125 0.83203125 0.33544921875 0.7513020833333334 0.02783203125 0.02213541666666663 0.03076171875 0.02213541666666663 0.02783203125 0.04036458333333337 0.46142578125 0.5403645833333333 0.46142578125 0.5013020833333333 0.46826171875 0.5013020833333333 0.37548828125 0.45963541666666663 0.38232421875 0.45963541666666663 0.37548828125 0.49869791666666663 0.26611328125 0.8346354166666666 0.26611328125 0.9153645833333334 0.26904296875 0.8346354166666666 0.38330078125 0.49869791666666663 0.39013671875 0.45963541666666663 0.38330078125 0.45963541666666663 0.39111328125 0.45963541666666663 0.39111328125 0.49869791666666663 0.39794921875 0.45963541666666663 0.39892578125 0.45963541666666663 0.40576171875 0.45963541666666663 0.39892578125 0.49869791666666663 0.03466796875 0.02213541666666663 0.03173828125 0.04036458333333337 0.03173828125 0.02213541666666663 0.28173828125 0.9153645833333334 0.31201171875 0.8346354166666666 0.28173828125 0.8346354166666666 0.34326171875 0.8346354166666666 0.31298828125 0.8346354166666666 0.31298828125 0.9153645833333334 0.35888671875 0.8346354166666666 0.34423828125 0.9153645833333334 0.34423828125 0.8346354166666666 0.42138671875 0.45963541666666663 0.40673828125 0.45963541666666663 0.40673828125 0.49869791666666663 0.25048828125 0.83203125 0.28076171875 0.7513020833333334 0.25048828125 0.7513020833333334 0.28173828125 0.7513020833333334 0.28173828125 0.83203125 0.31201171875 0.7513020833333334 0.27001953125 0.8346354166666666 0.27001953125 0.9153645833333334 0.27294921875 0.8346354166666666 0.27392578125 0.8346354166666666 0.27685546875 0.8346354166666666 0.27392578125 0.9153645833333334 0.03955078125 0.04036458333333337 0.04638671875 0.02213541666666663 0.03955078125 0.02213541666666663 0.42236328125 0.49869791666666663 0.42236328125 0.45963541666666663 0.42919921875 0.45963541666666663 0.43017578125 0.49869791666666663 0.43701171875 0.45963541666666663 0.43017578125 0.45963541666666663 0.04736328125 0.02213541666666663 0.05419921875 0.02213541666666663 0.04736328125 0.04036458333333337 0.06201171875 0.02213541666666663 0.05517578125 0.04036458333333337 0.05517578125 0.02213541666666663 0.35986328125 0.9153645833333334 0.37451171875 0.8346354166666666 0.35986328125 0.8346354166666666 0.32763671875 0.7513020833333334 0.31298828125 0.7513020833333334 0.31298828125 0.83203125 0.06298828125 0.04036458333333337 0.06298828125 0.02213541666666663 0.06982421875 0.02213541666666663 0.43798828125 0.49869791666666663 0.45263671875 0.45963541666666663 0.43798828125 0.45963541666666663 0.46826171875 0.45963541666666663 0.45361328125 0.45963541666666663 0.45361328125 0.49869791666666663 0.46923828125 0.45963541666666663 0.48388671875 0.45963541666666663 0.46923828125 0.49869791666666663 0.07763671875 0.02213541666666663 0.07080078125 0.04036458333333337 0.07080078125 0.02213541666666663 0.03564453125 0.04036458333333337 0.03857421875 0.02213541666666663 0.03564453125 0.02213541666666663 0.07861328125 0.02213541666666663 0.07861328125 0.04036458333333337 0.08154296875 0.02213541666666663 0.27783203125 0.9153645833333334 0.28076171875 0.8346354166666666 0.27783203125 0.8346354166666666 0.48486328125 0.49869791666666663 0.48486328125 0.45963541666666663 0.49169921875 0.45963541666666663 0.29736328125 0.49869791666666663 0.29736328125 0.41796875 0.08642578125 0.04036458333333337 0.08642578125 0.02213541666666663 0.09326171875 0.02213541666666663 0.10107421875 0.02213541666666663 0.09423828125 0.04036458333333337 0.09423828125 0.02213541666666663 0.34423828125 0.83203125 0.34423828125 0.7513020833333334 0.37451171875 0.7513020833333334 0.08251953125 0.04036458333333337 0.08251953125 0.02213541666666663 0.08544921875 0.02213541666666663 0.33154296875 0.7513020833333334 0.32861328125 0.7513020833333334 0.32861328125 0.83203125 0.33251953125 0.7513020833333334 0.33935546875 0.7513020833333334 0.33642578125 0.83203125 0.33642578125 0.7513020833333334 0.34033203125 0.7513020833333334 0.34033203125 0.83203125 0.34326171875 0.7513020833333334 0.25048828125 0.7486979166666667 0.25341796875 0.66796875 0.25048828125 0.66796875 0.25439453125 0.66796875 0.25439453125 0.7486979166666667 0.25732421875 0.66796875 0.25830078125 0.7486979166666667 0.26123046875 0.66796875 0.25830078125 0.66796875 0.26513671875 0.66796875 0.26220703125 0.7486979166666667 0.26220703125 0.66796875 0.26611328125 0.7486979166666667 0.26611328125 0.66796875 0.26904296875 0.66796875 0.27001953125 0.66796875 0.27001953125 0.7486979166666667 0.27294921875 0.66796875 0.27392578125 0.7486979166666667 0.27685546875 0.66796875 0.27392578125 0.66796875 0.10205078125 0.04036458333333337 0.10205078125 0.02213541666666663 0.10888671875 0.02213541666666663 0.10986328125 0.02213541666666663 0.11669921875 0.02213541666666663 0.10986328125 0.04036458333333337 0.27783203125 0.66796875 0.27783203125 0.7486979166666667 0.28076171875 0.66796875 0.28173828125 0.66796875 0.28466796875 0.66796875 0.28173828125 0.7486979166666667 0.28857421875 0.66796875 0.28564453125 0.7486979166666667 0.28564453125 0.66796875 0.29248046875 0.66796875 0.28955078125 0.66796875 0.28955078125 0.7486979166666667 0.29345703125 0.66796875 0.29345703125 0.7486979166666667 0.29638671875 0.66796875 0.11767578125 0.02213541666666663 0.11767578125 0.04036458333333337 0.12451171875 0.02213541666666663 0.49267578125 0.45963541666666663 0.49951171875 0.45963541666666663 0.49267578125 0.49869791666666663 0.29736328125 0.66796875 0.30029296875 0.66796875 0.29736328125 0.7486979166666667 0.30126953125 0.7486979166666667 0.30419921875 0.66796875 0.30126953125 0.66796875 0.30810546875 0.66796875 0.30517578125 0.7486979166666667 0.30517578125 0.66796875 0.30908203125 0.66796875 0.31201171875 0.66796875 0.30908203125 0.7486979166666667 0.31298828125 0.7486979166666667 0.31591796875 0.66796875 0.31298828125 0.66796875 0.31689453125 0.7486979166666667 0.31982421875 0.66796875 0.31689453125 0.66796875 0.32080078125 0.7486979166666667 0.32373046875 0.66796875 0.32080078125 0.66796875 0.00048828125 0.0013020833333333703 0.00341796875 0.0013020833333333703 0.00048828125 0.01953125 0.32763671875 0.66796875 0.32470703125 0.7486979166666667 0.32470703125 0.66796875 0.00439453125 0.0013020833333333703 0.00439453125 0.01953125 0.00732421875 0.0013020833333333703 0.01123046875 0.0013020833333333703 0.00830078125 0.0013020833333333703 0.00830078125 0.01953125 0.01220703125 0.0013020833333333703 0.01220703125 0.01953125 0.01513671875 0.0013020833333333703 0.37548828125 0.45703125 0.37548828125 0.41796875 0.38232421875 0.41796875 0.01611328125 0.0013020833333333703 0.01611328125 0.01953125 0.02294921875 0.0013020833333333703 0.38330078125 0.45703125 0.39013671875 0.41796875 0.38330078125 0.41796875 0.40576171875 0.41796875 0.39111328125 0.41796875 0.39111328125 0.45703125 0.33154296875 0.66796875 0.32861328125 0.66796875 0.32861328125 0.7486979166666667 0.40673828125 0.45703125 0.42138671875 0.41796875 0.40673828125 0.41796875 0.42919921875 0.41796875 0.42236328125 0.45703125 0.42236328125 0.41796875 0.02392578125 0.0013020833333333703 0.02392578125 0.01953125 0.03076171875 0.0013020833333333703 0.03173828125 0.01953125 0.03857421875 0.0013020833333333703 0.03173828125 0.0013020833333333703 0.43017578125 0.45703125 0.43701171875 0.41796875 0.43017578125 0.41796875 0.45263671875 0.41796875 0.43798828125 0.41796875 0.43798828125 0.45703125 0.33544921875 0.66796875 0.33251953125 0.7486979166666667 0.33251953125 0.66796875 0.03955078125 0.01953125 0.03955078125 0.0013020833333333703 0.04638671875 0.0013020833333333703 0.05419921875 0.0013020833333333703 0.04736328125 0.01953125 0.04736328125 0.0013020833333333703 0.33642578125 0.7486979166666667 0.33935546875 0.66796875 0.33642578125 0.66796875 0.34033203125 0.66796875 0.34033203125 0.7486979166666667 0.34326171875 0.66796875 0.34716796875 0.66796875 0.34423828125 0.66796875 0.34423828125 0.7486979166666667 0.45361328125 0.45703125 0.45361328125 0.41796875 0.46826171875 0.41796875 0.47607421875 0.41796875 0.46923828125 0.41796875 0.46923828125 0.45703125 0.35107421875 0.66796875 0.34814453125 0.7486979166666667 0.34814453125 0.66796875 0.05517578125 0.01953125 0.05810546875 0.0013020833333333703 0.05517578125 0.0013020833333333703 0.93017578125 0.9153645833333334 0.93017578125 0.8346354166666666 0.35205078125 0.7486979166666667 0.35205078125 0.66796875 0.35498046875 0.66796875 0.35595703125 0.66796875 0.35888671875 0.66796875 0.35595703125 0.7486979166666667 0.35986328125 0.66796875 0.35986328125 0.7486979166666667 0.36279296875 0.66796875 0.31298828125 0.10546875 0.31298828125 0.12369791666666663 0.36376953125 0.7486979166666667 0.36376953125 0.66796875 0.36669921875 0.66796875 0.48486328125 0.45703125 0.48486328125 0.41796875 0.49951171875 0.41796875 0.40576171875 0.91796875 0.37548828125 0.9986979166666666 0.37548828125 0.91796875 0.42138671875 0.91796875 0.40673828125 0.9986979166666666 0.40673828125 0.91796875 0.06201171875 0.0013020833333333703 0.05908203125 0.0013020833333333703 0.05908203125 0.01953125 0.47705078125 0.45703125 0.48388671875 0.41796875 0.47705078125 0.41796875 0.38232421875 0.37630208333333337 0.37548828125 0.37630208333333337 0.37548828125 0.41536458333333337 0.06982421875 0.0013020833333333703 0.06298828125 0.0013020833333333703 0.06298828125 0.01953125 0.61767578125 0.83203125 0.61767578125 0.7513020833333334 0.07080078125 0.0013020833333333703 0.07373046875 0.0013020833333333703 0.07080078125 0.01953125 0.36767578125 0.66796875 0.36767578125 0.7486979166666667 0.37060546875 0.66796875 0.37158203125 0.66796875 0.37158203125 0.7486979166666667 0.37451171875 0.66796875 0.42236328125 0.91796875 0.42236328125 0.9986979166666666 0.42529296875 0.91796875 0.07861328125 0.01953125 0.08544921875 0.0013020833333333703 0.07861328125 0.0013020833333333703 0.37548828125 0.66796875 0.37548828125 0.7486979166666667 0.09326171875 0.0013020833333333703 0.08642578125 0.01953125 0.08642578125 0.0013020833333333703 0.07470703125 0.01953125 0.07470703125 0.0013020833333333703 0.07763671875 0.0013020833333333703 0.09423828125 0.0013020833333333703 0.09423828125 0.01953125 0.09716796875 0.0013020833333333703 0.10888671875 0.0013020833333333703 0.10205078125 0.0013020833333333703 0.10205078125 0.01953125 0.10107421875 0.0013020833333333703 0.09814453125 0.0013020833333333703 0.09814453125 0.01953125 0.42626953125 0.91796875 0.42626953125 0.9986979166666666 0.42919921875 0.91796875 0.43017578125 0.9986979166666666 0.43310546875 0.91796875 0.43017578125 0.91796875 0.10986328125 0.01953125 0.10986328125 0.0013020833333333703 0.11669921875 0.0013020833333333703 0.12060546875 0.0013020833333333703 0.11767578125 0.01953125 0.11767578125 0.0013020833333333703 0.43701171875 0.91796875 0.43408203125 0.91796875 0.43408203125 0.9986979166666666 0.43798828125 0.9986979166666666 0.43798828125 0.91796875 0.44091796875 0.91796875 0.44189453125 0.91796875 0.44482421875 0.91796875 0.44189453125 0.9986979166666666 0.44580078125 0.91796875 0.44873046875 0.91796875 0.44580078125 0.9986979166666666 0.44970703125 0.91796875 0.44970703125 0.9986979166666666 0.45263671875 0.91796875 0.45361328125 0.91796875 0.45654296875 0.91796875 0.45361328125 0.9986979166666666 0.91455078125 0.9153645833333334 0.91748046875 0.8346354166666666 0.39111328125 0.41536458333333337 0.39111328125 0.37630208333333337 0.40576171875 0.37630208333333337 0.40673828125 0.37630208333333337 0.42138671875 0.37630208333333337 0.40673828125 0.41536458333333337 0.12548828125 0.33203125 0.12548828125 0.31380208333333337 0.13232421875 0.31380208333333337 0.13330078125 0.31380208333333337 0.13330078125 0.33203125 0.14013671875 0.31380208333333337 0.14794921875 0.31380208333333337 0.14111328125 0.33203125 0.14111328125 0.31380208333333337 0.12158203125 0.0013020833333333703 0.12158203125 0.01953125 0.12451171875 0.0013020833333333703 0.38330078125 0.37630208333333337 0.39013671875 0.37630208333333337 0.38330078125 0.41536458333333337 0.43701171875 0.37630208333333337 0.42236328125 0.41536458333333337 0.42236328125 0.37630208333333337 0.43798828125 0.37630208333333337 0.45263671875 0.37630208333333337 0.43798828125 0.41536458333333337 0.45361328125 0.37630208333333337 0.46826171875 0.37630208333333337 0.45361328125 0.41536458333333337 0.14892578125 0.33203125 0.14892578125 0.31380208333333337 0.15576171875 0.31380208333333337 0.46923828125 0.41536458333333337 0.46923828125 0.37630208333333337 0.47607421875 0.37630208333333337 0.48486328125 0.37630208333333337 0.49951171875 0.37630208333333337 0.48486328125 0.41536458333333337 0.39013671875 0.33463541666666663 0.37548828125 0.33463541666666663 0.37548828125 0.37369791666666663 0.15673828125 0.31380208333333337 0.15966796875 0.31380208333333337 0.15673828125 0.33203125 0.00048828125 0.8346354166666666 0.03076171875 0.8346354166666666 0.06201171875 0.8346354166666666 0.03173828125 0.8346354166666666 0.03173828125 0.9986979166666666 0.39111328125 0.33463541666666663 0.39111328125 0.37369791666666663 0.40576171875 0.33463541666666663 0.42138671875 0.33463541666666663 0.40673828125 0.33463541666666663 0.40673828125 0.37369791666666663 0.42236328125 0.33463541666666663 0.43701171875 0.33463541666666663 0.42236328125 0.37369791666666663 0.45751953125 0.91796875 0.46044921875 0.91796875 0.45751953125 0.9986979166666666 0.43798828125 0.37369791666666663 0.43798828125 0.33463541666666663 0.45263671875 0.33463541666666663 0.45361328125 0.33463541666666663 0.46826171875 0.33463541666666663 0.45361328125 0.37369791666666663 0.46142578125 0.9986979166666666 0.46142578125 0.91796875 0.46435546875 0.91796875 0.16064453125 0.31380208333333337 0.16064453125 0.33203125 0.16357421875 0.31380208333333337 0.16455078125 0.33203125 0.16748046875 0.31380208333333337 0.16455078125 0.31380208333333337 0.46826171875 0.91796875 0.46533203125 0.9986979166666666 0.46533203125 0.91796875 0.17919921875 0.31380208333333337 0.17236328125 0.33203125 0.17236328125 0.31380208333333337 0.47705078125 0.41536458333333337 0.48388671875 0.37630208333333337 0.47705078125 0.37630208333333337 0.46923828125 0.33463541666666663 0.48388671875 0.33463541666666663 0.46923828125 0.37369791666666663 0.16845703125 0.31380208333333337 0.16845703125 0.33203125 0.17138671875 0.31380208333333337 0.18017578125 0.33203125 0.18701171875 0.31380208333333337 0.18017578125 0.31380208333333337 0.19091796875 0.31380208333333337 0.18798828125 0.31380208333333337 0.18798828125 0.33203125 0.19189453125 0.31380208333333337 0.19189453125 0.33203125 0.19482421875 0.31380208333333337 0.19580078125 0.33203125 0.20263671875 0.31380208333333337 0.19580078125 0.31380208333333337 0.48486328125 0.33463541666666663 0.49169921875 0.33463541666666663 0.48486328125 0.37369791666666663 0.46923828125 0.9986979166666666 0.48388671875 0.91796875 0.46923828125 0.91796875 0.49951171875 0.33463541666666663 0.49267578125 0.37369791666666663 0.49267578125 0.33463541666666663 0.50048828125 0.6653645833333333 0.50048828125 0.6263020833333333 0.50732421875 0.6263020833333333 0.51611328125 0.6653645833333333 0.51611328125 0.6263020833333333 0.53076171875 0.6263020833333333 0.48779296875 0.91796875 0.48486328125 0.9986979166666666 0.48486328125 0.91796875 0.49169921875 0.91796875 0.48876953125 0.91796875 0.48876953125 0.9986979166666666 0.49267578125 0.9986979166666666 0.49267578125 0.91796875 0.49560546875 0.91796875 0.20361328125 0.31380208333333337 0.20654296875 0.31380208333333337 0.20361328125 0.33203125 0.21044921875 0.31380208333333337 0.20751953125 0.33203125 0.20751953125 0.31380208333333337 0.49951171875 0.91796875 0.49658203125 0.9986979166666666 0.49658203125 0.91796875 0.37841796875 0.8346354166666666 0.37548828125 0.8346354166666666 0.37548828125 0.9153645833333334 0.21142578125 0.33203125 0.21826171875 0.31380208333333337 0.21142578125 0.31380208333333337 0.22216796875 0.31380208333333337 0.21923828125 0.33203125 0.21923828125 0.31380208333333337 0.37939453125 0.8346354166666666 0.37939453125 0.9153645833333334 0.38232421875 0.8346354166666666 0.38623046875 0.8346354166666666 0.38330078125 0.8346354166666666 0.38330078125 0.9153645833333334 0.22314453125 0.31380208333333337 0.22607421875 0.31380208333333337 0.22314453125 0.33203125 0.53173828125 0.6653645833333333 0.53173828125 0.6263020833333333 0.54638671875 0.6263020833333333 0.40673828125 0.9153645833333334 0.43701171875 0.8346354166666666 0.40673828125 0.8346354166666666 0.40576171875 0.8346354166666666 0.39111328125 0.8346354166666666 0.39111328125 0.9153645833333334 0.56201171875 0.6263020833333333 0.54736328125 0.6263020833333333 0.54736328125 0.6653645833333333 0.22705078125 0.33203125 0.23388671875 0.31380208333333337 0.22705078125 0.31380208333333337 0.23486328125 0.31380208333333337 0.23779296875 0.31380208333333337 0.23486328125 0.33203125 0.24267578125 0.33203125 0.24951171875 0.31380208333333337 0.24267578125 0.31380208333333337 0.24169921875 0.31380208333333337 0.23876953125 0.31380208333333337 0.23876953125 0.33203125 0.56298828125 0.6653645833333333 0.57763671875 0.6263020833333333 0.56298828125 0.6263020833333333 0.57861328125 0.6263020833333333 0.57861328125 0.6653645833333333 0.59326171875 0.6263020833333333 0.60888671875 0.6263020833333333 0.59423828125 0.6653645833333333 0.59423828125 0.6263020833333333 0.39013671875 0.8346354166666666 0.38720703125 0.8346354166666666 0.38720703125 0.9153645833333334 0.43798828125 0.8346354166666666 0.43798828125 0.9153645833333334 0.44091796875 0.8346354166666666 0.44482421875 0.8346354166666666 0.44189453125 0.8346354166666666 0.44189453125 0.9153645833333334 0.12548828125 0.31119791666666663 0.12841796875 0.29296875 0.12548828125 0.29296875 0.13330078125 0.29296875 0.13330078125 0.31119791666666663 0.14013671875 0.29296875 0.13232421875 0.29296875 0.12939453125 0.31119791666666663 0.12939453125 0.29296875 0.14111328125 0.29296875 0.14111328125 0.31119791666666663 0.14404296875 0.29296875 0.14892578125 0.29296875 0.15576171875 0.29296875 0.14892578125 0.31119791666666663 0.50830078125 0.6263020833333333 0.50830078125 0.6653645833333333 0.51513671875 0.6263020833333333 0.60986328125 0.6263020833333333 0.60986328125 0.6653645833333333 0.62451171875 0.6263020833333333 0.15673828125 0.31119791666666663 0.16357421875 0.29296875 0.15673828125 0.29296875 0.45361328125 0.9153645833333334 0.46923828125 0.9153645833333334 0.50048828125 0.5846354166666667 0.51513671875 0.5846354166666667 0.50048828125 0.6236979166666667 0.48486328125 0.8346354166666666 0.48486328125 0.9153645833333334 0.49951171875 0.8346354166666666 0.37548828125 0.7513020833333334 0.40576171875 0.7513020833333334 0.37548828125 0.83203125 0.42138671875 0.7513020833333334 0.40673828125 0.7513020833333334 0.40673828125 0.83203125 0.16455078125 0.29296875 0.16455078125 0.31119791666666663 0.17138671875 0.29296875 0.17236328125 0.29296875 0.17236328125 0.31119791666666663 0.17919921875 0.29296875 0.51611328125 0.6236979166666667 0.53076171875 0.5846354166666667 0.51611328125 0.5846354166666667 0.54638671875 0.5846354166666667 0.53173828125 0.5846354166666667 0.53173828125 0.6236979166666667 0.55419921875 0.5846354166666667 0.54736328125 0.6236979166666667 0.54736328125 0.5846354166666667 0.55517578125 0.5846354166666667 0.56201171875 0.5846354166666667 0.55517578125 0.6236979166666667 0.57763671875 0.5846354166666667 0.56298828125 0.5846354166666667 0.56298828125 0.6236979166666667 0.44873046875 0.8346354166666666 0.44580078125 0.8346354166666666 0.44580078125 0.9153645833333334 0.14501953125 0.31119791666666663 0.14501953125 0.29296875 0.14794921875 0.29296875 0.57861328125 0.5846354166666667 0.57861328125 0.6236979166666667 0.58544921875 0.5846354166666667 0.58642578125 0.6236979166666667 0.59326171875 0.5846354166666667 0.58642578125 0.5846354166666667 0.18017578125 0.29296875 0.18701171875 0.29296875 0.18017578125 0.31119791666666663 0.19091796875 0.29296875 0.18798828125 0.29296875 0.18798828125 0.31119791666666663 0.59423828125 0.6236979166666667 0.60888671875 0.5846354166666667 0.59423828125 0.5846354166666667 0.61669921875 0.5846354166666667 0.60986328125 0.6236979166666667 0.60986328125 0.5846354166666667 0.19189453125 0.29296875 0.19189453125 0.31119791666666663 0.19482421875 0.29296875 0.19580078125 0.29296875 0.20263671875 0.29296875 0.19580078125 0.31119791666666663 0.20654296875 0.29296875 0.20361328125 0.29296875 0.20361328125 0.31119791666666663 0.61767578125 0.6236979166666667 0.61767578125 0.5846354166666667 0.62451171875 0.5846354166666667 0.21826171875 0.29296875 0.21142578125 0.31119791666666663 0.21142578125 0.29296875 0.22607421875 0.29296875 0.21923828125 0.31119791666666663 0.21923828125 0.29296875 0.94091796875 0.7513020833333334 0.93798828125 0.83203125 0.23486328125 0.41536458333333337 0.24951171875 0.33463541666666663 0.51513671875 0.54296875 0.50048828125 0.54296875 0.50048828125 0.58203125 0.29931640625 0.49869791666666663 0.29931640625 0.41796875 0.44970703125 0.8346354166666666 0.45263671875 0.8346354166666666 0.44970703125 0.9153645833333334 0.51611328125 0.58203125 0.52294921875 0.54296875 0.51611328125 0.54296875 0.52392578125 0.54296875 0.52392578125 0.58203125 0.53076171875 0.54296875 0.53173828125 0.54296875 0.53173828125 0.58203125 0.53857421875 0.54296875 0.42236328125 0.7513020833333334 0.42236328125 0.83203125 0.42529296875 0.7513020833333334 0.20751953125 0.29296875 0.20751953125 0.31119791666666663 0.21044921875 0.29296875 0.42626953125 0.7513020833333334 0.42919921875 0.7513020833333334 0.42626953125 0.83203125 0.22705078125 0.31119791666666663 0.23388671875 0.29296875 0.22705078125 0.29296875 0.53955078125 0.54296875 0.53955078125 0.58203125 0.54638671875 0.54296875 0.54736328125 0.54296875 0.54736328125 0.58203125 0.56201171875 0.54296875 0.23486328125 0.29296875 0.24169921875 0.29296875 0.23486328125 0.31119791666666663 0.24267578125 0.31119791666666663 0.24267578125 0.29296875 0.24951171875 0.29296875 0.12548828125 0.27213541666666663 0.12548828125 0.29036458333333337 0.13232421875 0.27213541666666663 0.14013671875 0.27213541666666663 0.13330078125 0.29036458333333337 0.13330078125 0.27213541666666663 0.14794921875 0.27213541666666663 0.14111328125 0.27213541666666663 0.14111328125 0.29036458333333337 0.56298828125 0.58203125 0.56298828125 0.54296875 0.56982421875 0.54296875 0.59326171875 0.54296875 0.57861328125 0.58203125 0.57861328125 0.54296875 0.43310546875 0.7513020833333334 0.43017578125 0.7513020833333334 0.43017578125 0.83203125 0.43408203125 0.7513020833333334 0.43408203125 0.83203125 0.43701171875 0.7513020833333334 0.59423828125 0.54296875 0.60888671875 0.54296875 0.59423828125 0.58203125 0.60986328125 0.58203125 0.62451171875 0.54296875 0.60986328125 0.54296875 0.57763671875 0.54296875 0.57080078125 0.54296875 0.57080078125 0.58203125 0.14892578125 0.27213541666666663 0.14892578125 0.29036458333333337 0.15576171875 0.27213541666666663 0.15673828125 0.29036458333333337 0.15673828125 0.27213541666666663 0.16357421875 0.27213541666666663 0.50048828125 0.5013020833333333 0.50732421875 0.5013020833333333 0.50048828125 0.5403645833333333 0.53076171875 0.5013020833333333 0.51611328125 0.5403645833333333 0.51611328125 0.5013020833333333 0.51513671875 0.5013020833333333 0.50830078125 0.5403645833333333 0.50830078125 0.5013020833333333 0.16455078125 0.27213541666666663 0.16455078125 0.29036458333333337 0.17138671875 0.27213541666666663 0.53173828125 0.5013020833333333 0.53857421875 0.5013020833333333 0.53173828125 0.5403645833333333 0.54638671875 0.5013020833333333 0.53955078125 0.5013020833333333 0.53955078125 0.5403645833333333 0.54736328125 0.5403645833333333 0.54736328125 0.5013020833333333 0.55419921875 0.5013020833333333 0.17919921875 0.27213541666666663 0.17236328125 0.29036458333333337 0.17236328125 0.27213541666666663 0.18017578125 0.27213541666666663 0.18017578125 0.29036458333333337 0.18701171875 0.27213541666666663 0.43798828125 0.83203125 0.43798828125 0.7513020833333334 0.45263671875 0.7513020833333334 0.57763671875 0.5013020833333333 0.56298828125 0.5013020833333333 0.56298828125 0.5403645833333333 0.18798828125 0.27213541666666663 0.19091796875 0.27213541666666663 0.18798828125 0.29036458333333337 0.55517578125 0.5403645833333333 0.56201171875 0.5013020833333333 0.55517578125 0.5013020833333333 0.58544921875 0.5013020833333333 0.57861328125 0.5403645833333333 0.57861328125 0.5013020833333333 0.58642578125 0.5013020833333333 0.59326171875 0.5013020833333333 0.58642578125 0.5403645833333333 0.60888671875 0.5013020833333333 0.59423828125 0.5403645833333333 0.59423828125 0.5013020833333333 0.61669921875 0.5013020833333333 0.60986328125 0.5403645833333333 0.60986328125 0.5013020833333333 0.20263671875 0.27213541666666663 0.19580078125 0.29036458333333337 0.19580078125 0.27213541666666663 0.20361328125 0.27213541666666663 0.21044921875 0.27213541666666663 0.20361328125 0.29036458333333337 0.61767578125 0.5403645833333333 0.61767578125 0.5013020833333333 0.62451171875 0.5013020833333333 0.50048828125 0.45963541666666663 0.51513671875 0.45963541666666663 0.50048828125 0.49869791666666663 0.51611328125 0.45963541666666663 0.51611328125 0.49869791666666663 0.53076171875 0.45963541666666663 0.53173828125 0.45963541666666663 0.54638671875 0.45963541666666663 0.53173828125 0.49869791666666663 0.45654296875 0.7513020833333334 0.45361328125 0.83203125 0.45361328125 0.7513020833333334 0.45751953125 0.83203125 0.46044921875 0.7513020833333334 0.45751953125 0.7513020833333334 0.46435546875 0.7513020833333334 0.46142578125 0.7513020833333334 0.46142578125 0.83203125 0.46533203125 0.7513020833333334 0.46533203125 0.83203125 0.46826171875 0.7513020833333334 0.46923828125 0.7513020833333334 0.46923828125 0.83203125 0.47216796875 0.7513020833333334 0.47607421875 0.7513020833333334 0.47314453125 0.7513020833333334 0.47314453125 0.83203125 0.47705078125 0.83203125 0.47705078125 0.7513020833333334 0.47998046875 0.7513020833333334 0.48388671875 0.7513020833333334 0.48095703125 0.7513020833333334 0.48095703125 0.83203125 0.21142578125 0.29036458333333337 0.21142578125 0.27213541666666663 0.21826171875 0.27213541666666663 0.22607421875 0.27213541666666663 0.21923828125 0.27213541666666663 0.21923828125 0.29036458333333337 0.48486328125 0.83203125 0.48486328125 0.7513020833333334 0.48779296875 0.7513020833333334 0.54736328125 0.49869791666666663 0.55419921875 0.45963541666666663 0.54736328125 0.45963541666666663 0.56201171875 0.45963541666666663 0.55517578125 0.49869791666666663 0.55517578125 0.45963541666666663 0.23388671875 0.27213541666666663 0.22705078125 0.27213541666666663 0.22705078125 0.29036458333333337 0.56298828125 0.49869791666666663 0.56298828125 0.45963541666666663 0.56982421875 0.45963541666666663 0.57763671875 0.45963541666666663 0.57080078125 0.45963541666666663 0.57080078125 0.49869791666666663 0.57861328125 0.45963541666666663 0.58544921875 0.45963541666666663 0.57861328125 0.49869791666666663 0.48876953125 0.7513020833333334 0.48876953125 0.83203125 0.49169921875 0.7513020833333334 0.59423828125 0.49869791666666663 0.59423828125 0.45963541666666663 0.60888671875 0.45963541666666663 0.59326171875 0.45963541666666663 0.58642578125 0.45963541666666663 0.58642578125 0.49869791666666663 0.24169921875 0.27213541666666663 0.23486328125 0.27213541666666663 0.23486328125 0.29036458333333337 0.60986328125 0.49869791666666663 0.60986328125 0.45963541666666663 0.62451171875 0.45963541666666663 0.50048828125 0.41796875 0.50048828125 0.45703125 0.51513671875 0.41796875 0.51611328125 0.41796875 0.51611328125 0.45703125 0.53076171875 0.41796875 0.19189453125 0.27213541666666663 0.19482421875 0.27213541666666663 0.19189453125 0.29036458333333337 0.49267578125 0.7513020833333334 0.49267578125 0.83203125 0.49560546875 0.7513020833333334 0.24267578125 0.27213541666666663 0.24267578125 0.29036458333333337 0.24560546875 0.27213541666666663 0.30126953125 0.49869791666666663 0.30126953125 0.41796875 0.53173828125 0.45703125 0.53173828125 0.41796875 0.53857421875 0.41796875 0.13232421875 0.25130208333333337 0.12548828125 0.26953125 0.12548828125 0.25130208333333337 0.14013671875 0.25130208333333337 0.13330078125 0.25130208333333337 0.13330078125 0.26953125 0.14794921875 0.25130208333333337 0.14111328125 0.26953125 0.14111328125 0.25130208333333337 0.24951171875 0.27213541666666663 0.24658203125 0.27213541666666663 0.24658203125 0.29036458333333337 0.30322265625 0.49869791666666663 0.30322265625 0.41796875 0.26220703125 0.5846354166666667 0.26513671875 0.5846354166666667 0.54736328125 0.41796875 0.54736328125 0.45703125 0.56201171875 0.41796875 0.14892578125 0.26953125 0.15576171875 0.25130208333333337 0.14892578125 0.25130208333333337 0.53955078125 0.45703125 0.54638671875 0.41796875 0.53955078125 0.41796875 0.56982421875 0.41796875 0.56298828125 0.41796875 0.56298828125 0.45703125 0.16357421875 0.25130208333333337 0.15673828125 0.26953125 0.15673828125 0.25130208333333337 0.57861328125 0.45703125 0.57861328125 0.41796875 0.59326171875 0.41796875 0.60888671875 0.41796875 0.59423828125 0.45703125 0.59423828125 0.41796875 0.49951171875 0.7513020833333334 0.49658203125 0.7513020833333334 0.49658203125 0.83203125 0.16455078125 0.26953125 0.16748046875 0.25130208333333337 0.16455078125 0.25130208333333337 0.60986328125 0.45703125 0.62451171875 0.41796875 0.60986328125 0.41796875 0.50048828125 0.37630208333333337 0.51513671875 0.37630208333333337 0.50048828125 0.41536458333333337 0.51611328125 0.37630208333333337 0.53076171875 0.37630208333333337 0.51611328125 0.41536458333333337 0.53173828125 0.41536458333333337 0.53173828125 0.37630208333333337 0.54638671875 0.37630208333333337 0.57763671875 0.41796875 0.57080078125 0.45703125 0.57080078125 0.41796875 0.17919921875 0.25130208333333337 0.17236328125 0.26953125 0.17236328125 0.25130208333333337 0.18017578125 0.26953125 0.18017578125 0.25130208333333337 0.18701171875 0.25130208333333337 0.55419921875 0.37630208333333337 0.54736328125 0.41536458333333337 0.54736328125 0.37630208333333337 0.16845703125 0.26953125 0.16845703125 0.25130208333333337 0.17138671875 0.25130208333333337 0.18798828125 0.25130208333333337 0.19482421875 0.25130208333333337 0.18798828125 0.26953125 0.37841796875 0.66796875 0.38232421875 0.66796875 0.37939453125 0.66796875 0.37939453125 0.7486979166666667 0.19580078125 0.26953125 0.19580078125 0.25130208333333337 0.19873046875 0.25130208333333337 0.20263671875 0.25130208333333337 0.19970703125 0.26953125 0.19970703125 0.25130208333333337 0.20361328125 0.26953125 0.20654296875 0.25130208333333337 0.20361328125 0.25130208333333337 0.38623046875 0.66796875 0.38330078125 0.7486979166666667 0.38330078125 0.66796875 0.38720703125 0.7486979166666667 0.38720703125 0.66796875 0.39013671875 0.66796875 0.39111328125 0.66796875 0.39111328125 0.7486979166666667 0.39404296875 0.66796875 0.39794921875 0.66796875 0.39501953125 0.7486979166666667 0.39501953125 0.66796875 0.21142578125 0.26953125 0.21142578125 0.25130208333333337 0.21826171875 0.25130208333333337 0.42138671875 0.66796875 0.40673828125 0.7486979166666667 0.40673828125 0.66796875 0.56298828125 0.37630208333333337 0.57763671875 0.37630208333333337 0.56298828125 0.41536458333333337 0.59326171875 0.37630208333333337 0.57861328125 0.37630208333333337 0.57861328125 0.41536458333333337 0.59423828125 0.41536458333333337 0.60888671875 0.37630208333333337 0.59423828125 0.37630208333333337 0.56201171875 0.37630208333333337 0.55517578125 0.41536458333333337 0.55517578125 0.37630208333333337 0.60986328125 0.37630208333333337 0.61669921875 0.37630208333333337 0.60986328125 0.41536458333333337 0.51513671875 0.33463541666666663 0.50048828125 0.37369791666666663 0.50048828125 0.33463541666666663 0.51611328125 0.33463541666666663 0.53076171875 0.33463541666666663 0.51611328125 0.37369791666666663 0.53173828125 0.33463541666666663 0.54638671875 0.33463541666666663 0.53173828125 0.37369791666666663 0.39892578125 0.7486979166666667 0.39892578125 0.66796875 0.40185546875 0.66796875 0.40576171875 0.66796875 0.40283203125 0.66796875 0.40283203125 0.7486979166666667 0.21923828125 0.26953125 0.21923828125 0.25130208333333337 0.22607421875 0.25130208333333337 0.23388671875 0.25130208333333337 0.22705078125 0.26953125 0.22705078125 0.25130208333333337 0.20751953125 0.26953125 0.21044921875 0.25130208333333337 0.20751953125 0.25130208333333337 0.23486328125 0.25130208333333337 0.23486328125 0.26953125 0.23779296875 0.25130208333333337 0.61767578125 0.37630208333333337 0.61767578125 0.41536458333333337 0.62451171875 0.37630208333333337 0.56201171875 0.33463541666666663 0.54736328125 0.37369791666666663 0.54736328125 0.33463541666666663 0.24267578125 0.26953125 0.24951171875 0.25130208333333337 0.24267578125 0.25130208333333337 0.74169921875 0.5846354166666667 0.73486328125 0.6236979166666667 0.13232421875 0.23046875 0.12548828125 0.24869791666666663 0.12548828125 0.23046875 0.23876953125 0.26953125 0.24169921875 0.25130208333333337 0.23876953125 0.25130208333333337 0.56298828125 0.33463541666666663 0.56298828125 0.37369791666666663 0.56982421875 0.33463541666666663 0.13330078125 0.23046875 0.13623046875 0.23046875 0.13330078125 0.24869791666666663 0.13720703125 0.24869791666666663 0.13720703125 0.23046875 0.14013671875 0.23046875 0.42529296875 0.66796875 0.42236328125 0.7486979166666667 0.42236328125 0.66796875 0.14111328125 0.24869791666666663 0.14404296875 0.23046875 0.14111328125 0.23046875 0.30517578125 0.49869791666666663 0.30517578125 0.41796875 0.43798828125 0.7486979166666667 0.46826171875 0.66796875 0.43798828125 0.66796875 0.46923828125 0.66796875 0.46923828125 0.7486979166666667 0.49951171875 0.66796875 0.57080078125 0.33463541666666663 0.57763671875 0.33463541666666663 0.57080078125 0.37369791666666663 0.15576171875 0.23046875 0.14892578125 0.23046875 0.14892578125 0.24869791666666663 0.14794921875 0.23046875 0.14501953125 0.23046875 0.14501953125 0.24869791666666663 0.57861328125 0.37369791666666663 0.59326171875 0.33463541666666663 0.57861328125 0.33463541666666663 0.60888671875 0.33463541666666663 0.59423828125 0.33463541666666663 0.59423828125 0.37369791666666663 0.42626953125 0.7486979166666667 0.42626953125 0.66796875 0.42919921875 0.66796875 0.61669921875 0.33463541666666663 0.60986328125 0.33463541666666663 0.60986328125 0.37369791666666663 0.61767578125 0.37369791666666663 0.62451171875 0.33463541666666663 0.61767578125 0.33463541666666663 0.62548828125 0.6263020833333333 0.64013671875 0.6263020833333333 0.62548828125 0.6653645833333333 0.15673828125 0.24869791666666663 0.15673828125 0.23046875 0.15966796875 0.23046875 0.16455078125 0.24869791666666663 0.16455078125 0.23046875 0.17138671875 0.23046875 0.64111328125 0.6263020833333333 0.64111328125 0.6653645833333333 0.64794921875 0.6263020833333333 0.17236328125 0.23046875 0.17919921875 0.23046875 0.17236328125 0.24869791666666663 0.64892578125 0.6653645833333333 0.64892578125 0.6263020833333333 0.65576171875 0.6263020833333333 0.65673828125 0.6263020833333333 0.66357421875 0.6263020833333333 0.65673828125 0.6653645833333333 0.18017578125 0.24869791666666663 0.18701171875 0.23046875 0.18017578125 0.23046875 0.67236328125 0.6653645833333333 0.67236328125 0.6263020833333333 0.68701171875 0.6263020833333333 0.68798828125 0.6263020833333333 0.70263671875 0.6263020833333333 0.68798828125 0.6653645833333333 0.18798828125 0.24869791666666663 0.18798828125 0.23046875 0.19482421875 0.23046875 0.19580078125 0.23046875 0.20263671875 0.23046875 0.19580078125 0.24869791666666663 0.21044921875 0.23046875 0.20361328125 0.23046875 0.20361328125 0.24869791666666663 0.43017578125 0.7486979166666667 0.43017578125 0.66796875 0.43310546875 0.66796875 0.66455078125 0.6653645833333333 0.67138671875 0.6263020833333333 0.66455078125 0.6263020833333333 0.50048828125 0.9986979166666666 0.51513671875 0.91796875 0.50048828125 0.91796875 0.71044921875 0.6263020833333333 0.70361328125 0.6263020833333333 0.70361328125 0.6653645833333333 0.71923828125 0.6653645833333333 0.73388671875 0.6263020833333333 0.71923828125 0.6263020833333333 0.73486328125 0.6263020833333333 0.73486328125 0.6653645833333333 0.74951171875 0.6263020833333333 0.21142578125 0.24869791666666663 0.21826171875 0.23046875 0.21142578125 0.23046875 0.53173828125 0.9986979166666666 0.56201171875 0.91796875 0.53173828125 0.91796875 0.59326171875 0.91796875 0.56298828125 0.9986979166666666 0.56298828125 0.91796875 0.59423828125 0.91796875 0.62451171875 0.91796875 0.59423828125 0.9986979166666666 0.43701171875 0.66796875 0.43408203125 0.7486979166666667 0.43408203125 0.66796875 0.51611328125 0.91796875 0.51611328125 0.9986979166666666 0.51904296875 0.91796875 0.16064453125 0.24869791666666663 0.16357421875 0.23046875 0.16064453125 0.23046875 0.21923828125 0.24869791666666663 0.22216796875 0.23046875 0.21923828125 0.23046875 0.23388671875 0.23046875 0.22705078125 0.24869791666666663 0.22705078125 0.23046875 0.22607421875 0.23046875 0.22314453125 0.24869791666666663 0.22314453125 0.23046875 0.23486328125 0.24869791666666663 0.23486328125 0.23046875 0.23779296875 0.23046875 0.24169921875 0.23046875 0.23876953125 0.23046875 0.23876953125 0.24869791666666663 0.24267578125 0.23046875 0.24560546875 0.23046875 0.24267578125 0.24869791666666663 0.24951171875 0.23046875 0.24658203125 0.23046875 0.24658203125 0.24869791666666663 0.52001953125 0.9986979166666666 0.52294921875 0.91796875 0.52001953125 0.91796875 0.64013671875 0.5846354166666667 0.62548828125 0.6236979166666667 0.62548828125 0.5846354166666667 0.64111328125 0.5846354166666667 0.65576171875 0.5846354166666667 0.64111328125 0.6236979166666667 0.67138671875 0.5846354166666667 0.65673828125 0.5846354166666667 0.65673828125 0.6236979166666667 0.52392578125 0.9986979166666666 0.52392578125 0.91796875 0.52685546875 0.91796875 0.53076171875 0.91796875 0.52783203125 0.9986979166666666 0.52783203125 0.91796875 0.12548828125 0.22786458333333337 0.12548828125 0.20963541666666663 0.13232421875 0.20963541666666663 0.13623046875 0.20963541666666663 0.13330078125 0.20963541666666663 0.13330078125 0.22786458333333337 0.50048828125 0.8346354166666666 0.50341796875 0.8346354166666666 0.50048828125 0.9153645833333334 0.13720703125 0.22786458333333337 0.14013671875 0.20963541666666663 0.13720703125 0.20963541666666663 0.14111328125 0.20963541666666663 0.14111328125 0.22786458333333337 0.14794921875 0.20963541666666663 0.50439453125 0.9153645833333334 0.50732421875 0.8346354166666666 0.50439453125 0.8346354166666666 0.14892578125 0.22786458333333337 0.14892578125 0.20963541666666663 0.15185546875 0.20963541666666663 0.15283203125 0.20963541666666663 0.15283203125 0.22786458333333337 0.15576171875 0.20963541666666663 0.50830078125 0.8346354166666666 0.51123046875 0.8346354166666666 0.50830078125 0.9153645833333334 0.16357421875 0.20963541666666663 0.15673828125 0.22786458333333337 0.15673828125 0.20963541666666663 0.16748046875 0.20963541666666663 0.16455078125 0.20963541666666663 0.16455078125 0.22786458333333337 0.16845703125 0.22786458333333337 0.17138671875 0.20963541666666663 0.16845703125 0.20963541666666663 0.17236328125 0.20963541666666663 0.17236328125 0.22786458333333337 0.17919921875 0.20963541666666663 0.18701171875 0.20963541666666663 0.18017578125 0.20963541666666663 0.18017578125 0.22786458333333337 0.71142578125 0.6263020833333333 0.71142578125 0.6653645833333333 0.71826171875 0.6263020833333333 0.67236328125 0.5846354166666667 0.67236328125 0.6236979166666667 0.68701171875 0.5846354166666667 0.19091796875 0.20963541666666663 0.18798828125 0.22786458333333337 0.18798828125 0.20963541666666663 0.51220703125 0.9153645833333334 0.51220703125 0.8346354166666666 0.51513671875 0.8346354166666666 0.19189453125 0.22786458333333337 0.19482421875 0.20963541666666663 0.19189453125 0.20963541666666663 0.51611328125 0.9153645833333334 0.51611328125 0.8346354166666666 0.51904296875 0.8346354166666666 0.52001953125 0.9153645833333334 0.52001953125 0.8346354166666666 0.52294921875 0.8346354166666666 0.52685546875 0.8346354166666666 0.52392578125 0.9153645833333334 0.52392578125 0.8346354166666666 0.52783203125 0.8346354166666666 0.53076171875 0.8346354166666666 0.52783203125 0.9153645833333334 0.53173828125 0.9153645833333334 0.53466796875 0.8346354166666666 0.53173828125 0.8346354166666666 0.53564453125 0.8346354166666666 0.53564453125 0.9153645833333334 0.53857421875 0.8346354166666666 0.70263671875 0.5846354166666667 0.68798828125 0.6236979166666667 0.68798828125 0.5846354166666667 0.70361328125 0.5846354166666667 0.71826171875 0.5846354166666667 0.70361328125 0.6236979166666667 0.73388671875 0.5846354166666667 0.71923828125 0.5846354166666667 0.71923828125 0.6236979166666667 0.53955078125 0.9153645833333334 0.54248046875 0.8346354166666666 0.53955078125 0.8346354166666666 0.19580078125 0.22786458333333337 0.20263671875 0.20963541666666663 0.19580078125 0.20963541666666663 0.73486328125 0.5846354166666667 0.64013671875 0.54296875 0.62548828125 0.54296875 0.62548828125 0.58203125 0.74951171875 0.5846354166666667 0.74267578125 0.6236979166666667 0.74267578125 0.5846354166666667 0.64111328125 0.54296875 0.64794921875 0.54296875 0.64111328125 0.58203125 0.67138671875 0.54296875 0.65673828125 0.54296875 0.65673828125 0.58203125 0.54345703125 0.8346354166666666 0.54638671875 0.8346354166666666 0.54345703125 0.9153645833333334 0.64892578125 0.58203125 0.64892578125 0.54296875 0.65576171875 0.54296875 0.54736328125 0.8346354166666666 0.55029296875 0.8346354166666666 0.54736328125 0.9153645833333334 0.20361328125 0.22786458333333337 0.20654296875 0.20963541666666663 0.20361328125 0.20963541666666663 0.21044921875 0.20963541666666663 0.20751953125 0.22786458333333337 0.20751953125 0.20963541666666663 0.21142578125 0.20963541666666663 0.21435546875 0.20963541666666663 0.21142578125 0.22786458333333337 0.21923828125 0.20963541666666663 0.22607421875 0.20963541666666663 0.21923828125 0.22786458333333337 0.21533203125 0.22786458333333337 0.21533203125 0.20963541666666663 0.21826171875 0.20963541666666663 0.22705078125 0.22786458333333337 0.22705078125 0.20963541666666663 0.23388671875 0.20963541666666663 0.24169921875 0.20963541666666663 0.23486328125 0.22786458333333337 0.23486328125 0.20963541666666663 0.67236328125 0.58203125 0.68701171875 0.54296875 0.67236328125 0.54296875 0.69482421875 0.54296875 0.68798828125 0.54296875 0.68798828125 0.58203125 0.24267578125 0.20963541666666663 0.24267578125 0.22786458333333337 0.24560546875 0.20963541666666663 0.12548828125 0.20703125 0.13232421875 0.18880208333333337 0.12548828125 0.18880208333333337 0.71826171875 0.54296875 0.70361328125 0.58203125 0.70361328125 0.54296875 0.73388671875 0.54296875 0.71923828125 0.54296875 0.71923828125 0.58203125 0.70263671875 0.54296875 0.69580078125 0.54296875 0.69580078125 0.58203125 0.73486328125 0.58203125 0.74951171875 0.54296875 0.73486328125 0.54296875 0.64013671875 0.5013020833333333 0.62548828125 0.5013020833333333 0.62548828125 0.5403645833333333 0.55126953125 0.8346354166666666 0.55126953125 0.9153645833333334 0.55419921875 0.8346354166666666 0.64111328125 0.5403645833333333 0.65576171875 0.5013020833333333 0.64111328125 0.5013020833333333 0.66357421875 0.5013020833333333 0.65673828125 0.5013020833333333 0.65673828125 0.5403645833333333 0.14013671875 0.18880208333333337 0.13330078125 0.18880208333333337 0.13330078125 0.20703125 0.55810546875 0.8346354166666666 0.55517578125 0.8346354166666666 0.55517578125 0.9153645833333334 0.14111328125 0.20703125 0.14794921875 0.18880208333333337 0.14111328125 0.18880208333333337 0.24951171875 0.20963541666666663 0.24658203125 0.22786458333333337 0.24658203125 0.20963541666666663 0.14892578125 0.20703125 0.15576171875 0.18880208333333337 0.14892578125 0.18880208333333337 0.15673828125 0.20703125 0.15673828125 0.18880208333333337 0.16357421875 0.18880208333333337 0.66455078125 0.5013020833333333 0.66455078125 0.5403645833333333 0.67138671875 0.5013020833333333 0.67236328125 0.5403645833333333 0.68701171875 0.5013020833333333 0.67236328125 0.5013020833333333 0.70263671875 0.5013020833333333 0.68798828125 0.5013020833333333 0.68798828125 0.5403645833333333 0.71044921875 0.5013020833333333 0.70361328125 0.5403645833333333 0.70361328125 0.5013020833333333 0.17138671875 0.18880208333333337 0.16455078125 0.18880208333333337 0.16455078125 0.20703125 0.17236328125 0.18880208333333337 0.17919921875 0.18880208333333337 0.17236328125 0.20703125 0.18017578125 0.20703125 0.18017578125 0.18880208333333337 0.18701171875 0.18880208333333337 0.71142578125 0.5403645833333333 0.71826171875 0.5013020833333333 0.71142578125 0.5013020833333333 0.71923828125 0.5013020833333333 0.72607421875 0.5013020833333333 0.71923828125 0.5403645833333333 0.90576171875 0.66796875 0.87548828125 0.66796875 0.72705078125 0.5013020833333333 0.72705078125 0.5403645833333333 0.73388671875 0.5013020833333333 0.18798828125 0.20703125 0.19482421875 0.18880208333333337 0.18798828125 0.18880208333333337 0.19873046875 0.18880208333333337 0.19580078125 0.18880208333333337 0.19580078125 0.20703125 0.19970703125 0.18880208333333337 0.19970703125 0.20703125 0.20263671875 0.18880208333333337 0.20361328125 0.20703125 0.20654296875 0.18880208333333337 0.20361328125 0.18880208333333337 0.20751953125 0.20703125 0.21044921875 0.18880208333333337 0.20751953125 0.18880208333333337 0.21826171875 0.18880208333333337 0.21142578125 0.20703125 0.21142578125 0.18880208333333337 0.21923828125 0.18880208333333337 0.22607421875 0.18880208333333337 0.21923828125 0.20703125 0.22705078125 0.18880208333333337 0.23388671875 0.18880208333333337 0.22705078125 0.20703125 0.55908203125 0.8346354166666666 0.56201171875 0.8346354166666666 0.55908203125 0.9153645833333334 0.56298828125 0.8346354166666666 0.56298828125 0.9153645833333334 0.56591796875 0.8346354166666666 0.56689453125 0.8346354166666666 0.56982421875 0.8346354166666666 0.56689453125 0.9153645833333334 0.57080078125 0.9153645833333334 0.57080078125 0.8346354166666666 0.57373046875 0.8346354166666666 0.23486328125 0.20703125 0.24169921875 0.18880208333333337 0.23486328125 0.18880208333333337 0.24951171875 0.18880208333333337 0.24267578125 0.18880208333333337 0.24267578125 0.20703125 0.12548828125 0.18619791666666663 0.13232421875 0.16796875 0.12548828125 0.16796875 0.73486328125 0.5013020833333333 0.73486328125 0.5403645833333333 0.74169921875 0.5013020833333333 0.13330078125 0.16796875 0.13330078125 0.18619791666666663 0.14013671875 0.16796875 0.74267578125 0.5013020833333333 0.74951171875 0.5013020833333333 0.74267578125 0.5403645833333333 0.63232421875 0.45963541666666663 0.62548828125 0.49869791666666663 0.62548828125 0.45963541666666663 0.57470703125 0.9153645833333334 0.57470703125 0.8346354166666666 0.57763671875 0.8346354166666666 0.57861328125 0.9153645833333334 0.57861328125 0.8346354166666666 0.58154296875 0.8346354166666666 0.58544921875 0.8346354166666666 0.58251953125 0.8346354166666666 0.58251953125 0.9153645833333334 0.14111328125 0.16796875 0.14111328125 0.18619791666666663 0.14404296875 0.16796875 0.14892578125 0.16796875 0.14892578125 0.18619791666666663 0.15576171875 0.16796875 0.58935546875 0.8346354166666666 0.58642578125 0.9153645833333334 0.58642578125 0.8346354166666666 0.14501953125 0.16796875 0.14501953125 0.18619791666666663 0.14794921875 0.16796875 0.64013671875 0.45963541666666663 0.63330078125 0.45963541666666663 0.63330078125 0.49869791666666663 0.64111328125 0.49869791666666663 0.64794921875 0.45963541666666663 0.64111328125 0.45963541666666663 0.65673828125 0.45963541666666663 0.67138671875 0.45963541666666663 0.65673828125 0.49869791666666663 0.59033203125 0.8346354166666666 0.59326171875 0.8346354166666666 0.59033203125 0.9153645833333334 0.15673828125 0.18619791666666663 0.16357421875 0.16796875 0.15673828125 0.16796875 0.16455078125 0.16796875 0.17138671875 0.16796875 0.16455078125 0.18619791666666663 0.59423828125 0.8346354166666666 0.59423828125 0.9153645833333334 0.59716796875 0.8346354166666666 0.59814453125 0.8346354166666666 0.59814453125 0.9153645833333334 0.60107421875 0.8346354166666666 0.60205078125 0.9153645833333334 0.60498046875 0.8346354166666666 0.60205078125 0.8346354166666666 0.17236328125 0.18619791666666663 0.17919921875 0.16796875 0.17236328125 0.16796875 0.18310546875 0.16796875 0.18017578125 0.16796875 0.18017578125 0.18619791666666663 0.18798828125 0.18619791666666663 0.18798828125 0.16796875 0.19482421875 0.16796875 0.19580078125 0.16796875 0.19580078125 0.18619791666666663 0.20263671875 0.16796875 0.60595703125 0.8346354166666666 0.60888671875 0.8346354166666666 0.60595703125 0.9153645833333334 0.20361328125 0.18619791666666663 0.21044921875 0.16796875 0.20361328125 0.16796875 0.21826171875 0.16796875 0.21142578125 0.16796875 0.21142578125 0.18619791666666663 0.18408203125 0.18619791666666663 0.18701171875 0.16796875 0.18408203125 0.16796875 0.21923828125 0.16796875 0.21923828125 0.18619791666666663 0.22607421875 0.16796875 0.50048828125 0.83203125 0.50048828125 0.7513020833333334 0.53076171875 0.7513020833333334 0.53173828125 0.7513020833333334 0.56201171875 0.7513020833333334 0.53173828125 0.83203125 0.56298828125 0.7513020833333334 0.56298828125 0.83203125 0.59326171875 0.7513020833333334 0.65576171875 0.45963541666666663 0.64892578125 0.49869791666666663 0.64892578125 0.45963541666666663 0.67236328125 0.45963541666666663 0.67919921875 0.45963541666666663 0.67236328125 0.49869791666666663 0.22705078125 0.18619791666666663 0.22705078125 0.16796875 0.23388671875 0.16796875 0.68017578125 0.45963541666666663 0.68701171875 0.45963541666666663 0.68017578125 0.49869791666666663 0.69482421875 0.45963541666666663 0.68798828125 0.45963541666666663 0.68798828125 0.49869791666666663 0.61279296875 0.8346354166666666 0.60986328125 0.9153645833333334 0.60986328125 0.8346354166666666 0.23486328125 0.18619791666666663 0.24169921875 0.16796875 0.23486328125 0.16796875 0.24267578125 0.16796875 0.24267578125 0.18619791666666663 0.24951171875 0.16796875 0.13232421875 0.14713541666666663 0.12548828125 0.14713541666666663 0.12548828125 0.16536458333333337 0.61376953125 0.8346354166666666 0.61669921875 0.8346354166666666 0.61376953125 0.9153645833333334 0.62060546875 0.8346354166666666 0.61767578125 0.8346354166666666 0.61767578125 0.9153645833333334 0.20361328125 0.33463541666666663 0.20361328125 0.41536458333333337 0.13330078125 0.14713541666666663 0.13330078125 0.16536458333333337 0.13623046875 0.14713541666666663 0.14013671875 0.14713541666666663 0.13720703125 0.14713541666666663 0.13720703125 0.16536458333333337 0.14111328125 0.14713541666666663 0.14404296875 0.14713541666666663 0.14111328125 0.16536458333333337 0.14892578125 0.16536458333333337 0.15576171875 0.14713541666666663 0.14892578125 0.14713541666666663 0.69580078125 0.45963541666666663 0.69580078125 0.49869791666666663 0.70263671875 0.45963541666666663 0.70361328125 0.45963541666666663 0.71044921875 0.45963541666666663 0.70361328125 0.49869791666666663 0.71142578125 0.49869791666666663 0.71142578125 0.45963541666666663 0.71826171875 0.45963541666666663 0.71923828125 0.45963541666666663 0.71923828125 0.49869791666666663 0.73388671875 0.45963541666666663 0.14794921875 0.14713541666666663 0.14501953125 0.16536458333333337 0.14501953125 0.14713541666666663 0.15673828125 0.16536458333333337 0.16357421875 0.14713541666666663 0.15673828125 0.14713541666666663 0.17138671875 0.14713541666666663 0.16455078125 0.16536458333333337 0.16455078125 0.14713541666666663 0.73486328125 0.45963541666666663 0.74169921875 0.45963541666666663 0.73486328125 0.49869791666666663 0.74951171875 0.45963541666666663 0.74267578125 0.49869791666666663 0.74267578125 0.45963541666666663 0.89111328125 0.83203125 0.90576171875 0.7513020833333334 0.77001953125 0.8346354166666666 0.77001953125 0.9153645833333334 0.17236328125 0.16536458333333337 0.17529296875 0.14713541666666663 0.17236328125 0.14713541666666663 0.62451171875 0.8346354166666666 0.62158203125 0.9153645833333334 0.62158203125 0.8346354166666666 0.62548828125 0.41796875 0.62548828125 0.45703125 0.63232421875 0.41796875 0.64111328125 0.41796875 0.65576171875 0.41796875 0.64111328125 0.45703125 0.67138671875 0.41796875 0.65673828125 0.41796875 0.65673828125 0.45703125 0.59423828125 0.7513020833333334 0.59423828125 0.83203125 0.59716796875 0.7513020833333334 0.67236328125 0.45703125 0.68701171875 0.41796875 0.67236328125 0.41796875 0.68798828125 0.41796875 0.68798828125 0.45703125 0.70263671875 0.41796875 0.71826171875 0.41796875 0.70361328125 0.41796875 0.70361328125 0.45703125 0.71923828125 0.41796875 0.73388671875 0.41796875 0.71923828125 0.45703125 0.78466796875 0.7513020833333334 0.78173828125 0.7513020833333334 0.64013671875 0.41796875 0.63330078125 0.45703125 0.63330078125 0.41796875 0.18701171875 0.14713541666666663 0.18017578125 0.16536458333333337 0.18017578125 0.14713541666666663 0.59814453125 0.83203125 0.59814453125 0.7513020833333334 0.60107421875 0.7513020833333334 0.17626953125 0.16536458333333337 0.17919921875 0.14713541666666663 0.17626953125 0.14713541666666663 0.18798828125 0.16536458333333337 0.18798828125 0.14713541666666663 0.19091796875 0.14713541666666663 0.19580078125 0.16536458333333337 0.20263671875 0.14713541666666663 0.19580078125 0.14713541666666663 0.19482421875 0.14713541666666663 0.19189453125 0.16536458333333337 0.19189453125 0.14713541666666663 0.20361328125 0.16536458333333337 0.20361328125 0.14713541666666663 0.21044921875 0.14713541666666663 0.21826171875 0.14713541666666663 0.21142578125 0.16536458333333337 0.21142578125 0.14713541666666663 0.21923828125 0.16536458333333337 0.21923828125 0.14713541666666663 0.22607421875 0.14713541666666663 0.22998046875 0.14713541666666663 0.22705078125 0.14713541666666663 0.22705078125 0.16536458333333337 0.23095703125 0.14713541666666663 0.23095703125 0.16536458333333337 0.23388671875 0.14713541666666663 0.23779296875 0.14713541666666663 0.23486328125 0.14713541666666663 0.23486328125 0.16536458333333337 0.23876953125 0.14713541666666663 0.23876953125 0.16536458333333337 0.24169921875 0.14713541666666663 0.24267578125 0.14713541666666663 0.24267578125 0.16536458333333337 0.24951171875 0.14713541666666663 0.12548828125 0.12630208333333337 0.12548828125 0.14453125 0.13232421875 0.12630208333333337 0.73486328125 0.41796875 0.73486328125 0.45703125 0.74169921875 0.41796875 0.04736328125 0.5846354166666667 0.06201171875 0.5846354166666667 0.13623046875 0.12630208333333337 0.13330078125 0.12630208333333337 0.13330078125 0.14453125 0.14013671875 0.12630208333333337 0.13720703125 0.12630208333333337 0.13720703125 0.14453125 0.66064453125 0.8346354166666666 0.66064453125 0.9153645833333334 0.62548828125 0.41536458333333337 0.62548828125 0.37630208333333337 0.64013671875 0.37630208333333337 0.65576171875 0.37630208333333337 0.64111328125 0.41536458333333337 0.64111328125 0.37630208333333337 0.60205078125 0.83203125 0.60205078125 0.7513020833333334 0.60498046875 0.7513020833333334 0.14111328125 0.12630208333333337 0.14404296875 0.12630208333333337 0.14111328125 0.14453125 0.14794921875 0.12630208333333337 0.14501953125 0.12630208333333337 0.14501953125 0.14453125 0.65673828125 0.41536458333333337 0.67138671875 0.37630208333333337 0.65673828125 0.37630208333333337 0.74951171875 0.41796875 0.74267578125 0.45703125 0.74267578125 0.41796875 0.15576171875 0.12630208333333337 0.14892578125 0.12630208333333337 0.14892578125 0.14453125 0.15966796875 0.12630208333333337 0.15673828125 0.14453125 0.15673828125 0.12630208333333337 0.16455078125 0.14453125 0.17138671875 0.12630208333333337 0.16455078125 0.12630208333333337 0.68701171875 0.37630208333333337 0.67236328125 0.41536458333333337 0.67236328125 0.37630208333333337 0.60595703125 0.7513020833333334 0.60888671875 0.7513020833333334 0.60595703125 0.83203125 0.60986328125 0.83203125 0.60986328125 0.7513020833333334 0.61279296875 0.7513020833333334 0.61376953125 0.7513020833333334 0.61376953125 0.83203125 0.61669921875 0.7513020833333334 0.17236328125 0.14453125 0.17236328125 0.12630208333333337 0.17919921875 0.12630208333333337 0.18701171875 0.12630208333333337 0.18017578125 0.12630208333333337 0.18017578125 0.14453125 0.68798828125 0.41536458333333337 0.70263671875 0.37630208333333337 0.68798828125 0.37630208333333337 0.71044921875 0.37630208333333337 0.70361328125 0.37630208333333337 0.70361328125 0.41536458333333337 0.19482421875 0.12630208333333337 0.18798828125 0.12630208333333337 0.18798828125 0.14453125 0.19580078125 0.12630208333333337 0.20263671875 0.12630208333333337 0.19580078125 0.14453125 0.20361328125 0.12630208333333337 0.21044921875 0.12630208333333337 0.20361328125 0.14453125 0.16064453125 0.14453125 0.16064453125 0.12630208333333337 0.16357421875 0.12630208333333337 0.62060546875 0.7513020833333334 0.62451171875 0.7513020833333334 0.62158203125 0.7513020833333334 0.62158203125 0.83203125 0.50048828125 0.66796875 0.50341796875 0.66796875 0.50048828125 0.7486979166666667 0.21142578125 0.14453125 0.21142578125 0.12630208333333337 0.21826171875 0.12630208333333337 0.50732421875 0.66796875 0.50439453125 0.66796875 0.50439453125 0.7486979166666667 0.50830078125 0.7486979166666667 0.50830078125 0.66796875 0.51123046875 0.66796875 0.51513671875 0.66796875 0.51220703125 0.7486979166666667 0.51220703125 0.66796875 0.51611328125 0.66796875 0.51611328125 0.7486979166666667 0.51904296875 0.66796875 0.52001953125 0.66796875 0.52294921875 0.66796875 0.52001953125 0.7486979166666667 0.52392578125 0.7486979166666667 0.21923828125 0.14453125 0.22607421875 0.12630208333333337 0.21923828125 0.12630208333333337 0.22705078125 0.12630208333333337 0.22705078125 0.14453125 0.22998046875 0.12630208333333337 0.52783203125 0.66796875 0.53076171875 0.66796875 0.52783203125 0.7486979166666667 0.23095703125 0.14453125 0.23095703125 0.12630208333333337 0.23388671875 0.12630208333333337 0.53466796875 0.66796875 0.53173828125 0.7486979166666667 0.53173828125 0.66796875 0.71142578125 0.41536458333333337 0.71826171875 0.37630208333333337 0.71142578125 0.37630208333333337 0.72607421875 0.37630208333333337 0.71923828125 0.41536458333333337 0.71923828125 0.37630208333333337 0.24169921875 0.12630208333333337 0.23486328125 0.12630208333333337 0.23486328125 0.14453125 0.24560546875 0.12630208333333337 0.24267578125 0.12630208333333337 0.24267578125 0.14453125 0.53564453125 0.7486979166666667 0.53564453125 0.66796875 0.53857421875 0.66796875 0.53955078125 0.7486979166666667 0.54248046875 0.66796875 0.53955078125 0.66796875 0.54345703125 0.66796875 0.54345703125 0.7486979166666667 0.54638671875 0.66796875 0.54736328125 0.66796875 0.54736328125 0.7486979166666667 0.55029296875 0.66796875 0.24658203125 0.14453125 0.24951171875 0.12630208333333337 0.24658203125 0.12630208333333337 0.12548828125 0.10546875 0.12548828125 0.12369791666666663 0.12841796875 0.10546875 0.14013671875 0.10546875 0.13330078125 0.12369791666666663 0.13330078125 0.10546875 0.12939453125 0.10546875 0.12939453125 0.12369791666666663 0.13232421875 0.10546875 0.74951171875 0.37630208333333337 0.73486328125 0.41536458333333337 0.73486328125 0.37630208333333337 0.73388671875 0.37630208333333337 0.72705078125 0.37630208333333337 0.72705078125 0.41536458333333337 0.14111328125 0.12369791666666663 0.14111328125 0.10546875 0.14404296875 0.10546875 0.62548828125 0.37369791666666663 0.62548828125 0.33463541666666663 0.64013671875 0.33463541666666663 0.64794921875 0.33463541666666663 0.64111328125 0.37369791666666663 0.64111328125 0.33463541666666663 0.14501953125 0.10546875 0.14501953125 0.12369791666666663 0.14794921875 0.10546875 0.15185546875 0.10546875 0.14892578125 0.10546875 0.14892578125 0.12369791666666663 0.80908203125 0.9986979166666666 0.80908203125 0.91796875 0.15673828125 0.12369791666666663 0.16357421875 0.10546875 0.15673828125 0.10546875 0.15576171875 0.10546875 0.15283203125 0.10546875 0.15283203125 0.12369791666666663 0.16455078125 0.12369791666666663 0.17138671875 0.10546875 0.16455078125 0.10546875 0.64892578125 0.33463541666666663 0.64892578125 0.37369791666666663 0.65576171875 0.33463541666666663 0.66357421875 0.33463541666666663 0.65673828125 0.37369791666666663 0.65673828125 0.33463541666666663 0.17236328125 0.10546875 0.17529296875 0.10546875 0.17236328125 0.12369791666666663 0.55419921875 0.66796875 0.55126953125 0.7486979166666667 0.55126953125 0.66796875 0.17626953125 0.12369791666666663 0.17919921875 0.10546875 0.17626953125 0.10546875 0.66455078125 0.37369791666666663 0.67138671875 0.33463541666666663 0.66455078125 0.33463541666666663 0.67236328125 0.33463541666666663 0.67236328125 0.37369791666666663 0.68701171875 0.33463541666666663 0.70263671875 0.33463541666666663 0.68798828125 0.37369791666666663 0.68798828125 0.33463541666666663 0.70361328125 0.33463541666666663 0.70361328125 0.37369791666666663 0.71044921875 0.33463541666666663 0.71826171875 0.33463541666666663 0.71142578125 0.37369791666666663 0.71142578125 0.33463541666666663 0.18017578125 0.10546875 0.18017578125 0.12369791666666663 0.18701171875 0.10546875 0.19482421875 0.10546875 0.18798828125 0.12369791666666663 0.18798828125 0.10546875 0.55517578125 0.7486979166666667 0.55810546875 0.66796875 0.55517578125 0.66796875 0.56201171875 0.66796875 0.55908203125 0.66796875 0.55908203125 0.7486979166666667 0.56298828125 0.7486979166666667 0.56591796875 0.66796875 0.56298828125 0.66796875 0.19580078125 0.12369791666666663 0.19580078125 0.10546875 0.20263671875 0.10546875 0.71923828125 0.33463541666666663 0.72607421875 0.33463541666666663 0.71923828125 0.37369791666666663 0.56689453125 0.66796875 0.56982421875 0.66796875 0.56689453125 0.7486979166666667 0.57080078125 0.66796875 0.57373046875 0.66796875 0.57080078125 0.7486979166666667 0.20361328125 0.12369791666666663 0.21044921875 0.10546875 0.20361328125 0.10546875 0.21826171875 0.10546875 0.21142578125 0.12369791666666663 0.21142578125 0.10546875 0.57470703125 0.66796875 0.57763671875 0.66796875 0.57470703125 0.7486979166666667 0.57861328125 0.7486979166666667 0.57861328125 0.66796875 0.58154296875 0.66796875 0.21923828125 0.12369791666666663 0.21923828125 0.10546875 0.22216796875 0.10546875 0.58251953125 0.66796875 0.58544921875 0.66796875 0.58251953125 0.7486979166666667 0.62451171875 0.66796875 0.59423828125 0.7486979166666667 0.59423828125 0.66796875 0.62548828125 0.91796875 0.65576171875 0.91796875 0.62548828125 0.9986979166666666 0.68701171875 0.91796875 0.65673828125 0.91796875 0.65673828125 0.9986979166666666 0.73388671875 0.33463541666666663 0.72705078125 0.37369791666666663 0.72705078125 0.33463541666666663 0.73486328125 0.37369791666666663 0.73486328125 0.33463541666666663 0.74951171875 0.33463541666666663 0.68798828125 0.9986979166666666 0.68798828125 0.91796875 0.71826171875 0.91796875 0.73388671875 0.91796875 0.71923828125 0.9986979166666666 0.71923828125 0.91796875 0.75048828125 0.6263020833333333 0.75048828125 0.6653645833333333 0.76513671875 0.6263020833333333 0.58642578125 0.66796875 0.58642578125 0.7486979166666667 0.58935546875 0.66796875 0.22314453125 0.10546875 0.22314453125 0.12369791666666663 0.22607421875 0.10546875 0.59033203125 0.66796875 0.59326171875 0.66796875 0.59033203125 0.7486979166666667 0.73486328125 0.9986979166666666 0.73486328125 0.91796875 0.73779296875 0.91796875 0.73876953125 0.91796875 0.74169921875 0.91796875 0.73876953125 0.9986979166666666 0.74267578125 0.91796875 0.74267578125 0.9986979166666666 0.74560546875 0.91796875 0.74658203125 0.91796875 0.74658203125 0.9986979166666666 0.74951171875 0.91796875 0.22705078125 0.12369791666666663 0.23388671875 0.10546875 0.22705078125 0.10546875 0.23486328125 0.10546875 0.23486328125 0.12369791666666663 0.24169921875 0.10546875 0.24267578125 0.12369791666666663 0.24267578125 0.10546875 0.24560546875 0.10546875 0.24658203125 0.10546875 0.24658203125 0.12369791666666663 0.24951171875 0.10546875 0.12548828125 0.08463541666666663 0.12548828125 0.10286458333333337 0.13232421875 0.08463541666666663 0.13330078125 0.10286458333333337 0.13330078125 0.08463541666666663 0.14013671875 0.08463541666666663 0.62841796875 0.8346354166666666 0.62548828125 0.8346354166666666 0.62548828125 0.9153645833333334 0.14111328125 0.10286458333333337 0.14794921875 0.08463541666666663 0.14111328125 0.08463541666666663 0.15576171875 0.08463541666666663 0.14892578125 0.10286458333333337 0.14892578125 0.08463541666666663 0.63232421875 0.8346354166666666 0.63330078125 0.9153645833333334 0.63623046875 0.8346354166666666 0.63330078125 0.8346354166666666 0.64013671875 0.8346354166666666 0.63720703125 0.8346354166666666 0.63720703125 0.9153645833333334 0.64111328125 0.9153645833333334 0.64404296875 0.8346354166666666 0.64111328125 0.8346354166666666 0.64794921875 0.8346354166666666 0.64501953125 0.8346354166666666 0.64501953125 0.9153645833333334 0.64892578125 0.9153645833333334 0.65185546875 0.8346354166666666 0.64892578125 0.8346354166666666 0.15673828125 0.10286458333333337 0.15673828125 0.08463541666666663 0.16357421875 0.08463541666666663 0.17138671875 0.08463541666666663 0.16455078125 0.10286458333333337 0.16455078125 0.08463541666666663 0.17236328125 0.10286458333333337 0.17236328125 0.08463541666666663 0.17529296875 0.08463541666666663 0.18017578125 0.08463541666666663 0.18701171875 0.08463541666666663 0.18017578125 0.10286458333333337 0.17919921875 0.08463541666666663 0.17626953125 0.08463541666666663 0.17626953125 0.10286458333333337 0.76611328125 0.6653645833333333 0.78076171875 0.6263020833333333 0.76611328125 0.6263020833333333 0.19482421875 0.08463541666666663 0.18798828125 0.10286458333333337 0.18798828125 0.08463541666666663 0.19873046875 0.08463541666666663 0.19580078125 0.10286458333333337 0.19580078125 0.08463541666666663 0.65576171875 0.8346354166666666 0.65283203125 0.9153645833333334 0.65283203125 0.8346354166666666 0.19970703125 0.10286458333333337 0.20263671875 0.08463541666666663 0.19970703125 0.08463541666666663 0.65966796875 0.8346354166666666 0.65673828125 0.8346354166666666 0.65673828125 0.9153645833333334 0.66357421875 0.8346354166666666 0.20361328125 0.08463541666666663 0.20361328125 0.10286458333333337 0.20654296875 0.08463541666666663 0.66748046875 0.8346354166666666 0.66455078125 0.8346354166666666 0.66455078125 0.9153645833333334 0.21142578125 0.10286458333333337 0.21142578125 0.08463541666666663 0.21826171875 0.08463541666666663 0.22607421875 0.08463541666666663 0.21923828125 0.10286458333333337 0.21923828125 0.08463541666666663 0.66845703125 0.9153645833333334 0.66845703125 0.8346354166666666 0.67138671875 0.8346354166666666 0.20751953125 0.10286458333333337 0.21044921875 0.08463541666666663 0.20751953125 0.08463541666666663 0.22705078125 0.08463541666666663 0.22705078125 0.10286458333333337 0.23388671875 0.08463541666666663 0.23779296875 0.08463541666666663 0.23486328125 0.10286458333333337 0.23486328125 0.08463541666666663 0.71826171875 0.8346354166666666 0.68798828125 0.8346354166666666 0.68798828125 0.9153645833333334 0.24267578125 0.08463541666666663 0.24951171875 0.08463541666666663 0.24267578125 0.10286458333333337 0.13232421875 0.06380208333333337 0.12548828125 0.08203125 0.12548828125 0.06380208333333337 0.24169921875 0.08463541666666663 0.23876953125 0.08463541666666663 0.23876953125 0.10286458333333337 0.67236328125 0.9153645833333334 0.67529296875 0.8346354166666666 0.67236328125 0.8346354166666666 0.78173828125 0.6653645833333333 0.78173828125 0.6263020833333333 0.79638671875 0.6263020833333333 0.81201171875 0.6263020833333333 0.79736328125 0.6653645833333333 0.79736328125 0.6263020833333333 0.13623046875 0.06380208333333337 0.13330078125 0.08203125 0.13330078125 0.06380208333333337 0.81298828125 0.6653645833333333 0.82763671875 0.6263020833333333 0.81298828125 0.6263020833333333 0.84326171875 0.6263020833333333 0.82861328125 0.6263020833333333 0.82861328125 0.6653645833333333 0.14111328125 0.08203125 0.14794921875 0.06380208333333337 0.14111328125 0.06380208333333337 0.13720703125 0.08203125 0.13720703125 0.06380208333333337 0.14013671875 0.06380208333333337 0.14892578125 0.06380208333333337 0.14892578125 0.08203125 0.15576171875 0.06380208333333337 0.67626953125 0.9153645833333334 0.67919921875 0.8346354166666666 0.67626953125 0.8346354166666666 0.15673828125 0.08203125 0.15673828125 0.06380208333333337 0.16357421875 0.06380208333333337 0.17138671875 0.06380208333333337 0.16455078125 0.08203125 0.16455078125 0.06380208333333337 0.17919921875 0.06380208333333337 0.17236328125 0.08203125 0.17236328125 0.06380208333333337 0.18017578125 0.06380208333333337 0.18017578125 0.08203125 0.18701171875 0.06380208333333337 0.18798828125 0.08203125 0.18798828125 0.06380208333333337 0.19091796875 0.06380208333333337 0.84423828125 0.6263020833333333 0.84423828125 0.6653645833333333 0.85107421875 0.6263020833333333 0.19482421875 0.06380208333333337 0.19189453125 0.08203125 0.19189453125 0.06380208333333337 0.19580078125 0.08203125 0.19873046875 0.06380208333333337 0.19580078125 0.06380208333333337 0.21044921875 0.06380208333333337 0.20361328125 0.08203125 0.20361328125 0.06380208333333337 0.68017578125 0.8346354166666666 0.68310546875 0.8346354166666666 0.68017578125 0.9153645833333334 0.68408203125 0.8346354166666666 0.68408203125 0.9153645833333334 0.68701171875 0.8346354166666666 0.71923828125 0.8346354166666666 0.72216796875 0.8346354166666666 0.71923828125 0.9153645833333334 0.19970703125 0.06380208333333337 0.19970703125 0.08203125 0.20263671875 0.06380208333333337 0.21142578125 0.06380208333333337 0.21435546875 0.06380208333333337 0.21142578125 0.08203125 0.72607421875 0.8346354166666666 0.72314453125 0.9153645833333334 0.72314453125 0.8346354166666666 0.85205078125 0.6263020833333333 0.85888671875 0.6263020833333333 0.85205078125 0.6653645833333333 0.85986328125 0.6653645833333333 0.85986328125 0.6263020833333333 0.87451171875 0.6263020833333333 0.14111328125 0.41796875 0.15576171875 0.41796875 0.75048828125 0.6236979166666667 0.75048828125 0.5846354166666667 0.75732421875 0.5846354166666667 0.73486328125 0.9153645833333334 0.73486328125 0.8346354166666666 0.74951171875 0.8346354166666666 0.76513671875 0.5846354166666667 0.75830078125 0.5846354166666667 0.75830078125 0.6236979166666667 0.72998046875 0.8346354166666666 0.72705078125 0.9153645833333334 0.72705078125 0.8346354166666666 0.73095703125 0.8346354166666666 0.73388671875 0.8346354166666666 0.73095703125 0.9153645833333334 0.62548828125 0.7513020833333334 0.62548828125 0.83203125 0.62841796875 0.7513020833333334 0.62939453125 0.83203125 0.63232421875 0.7513020833333334 0.62939453125 0.7513020833333334 0.21923828125 0.08203125 0.21923828125 0.06380208333333337 0.22607421875 0.06380208333333337 0.22705078125 0.06380208333333337 0.22705078125 0.08203125 0.23388671875 0.06380208333333337 0.63330078125 0.83203125 0.63623046875 0.7513020833333334 0.63330078125 0.7513020833333334 0.63720703125 0.83203125 0.63720703125 0.7513020833333334 0.64013671875 0.7513020833333334 0.76611328125 0.5846354166666667 0.78076171875 0.5846354166666667 0.76611328125 0.6236979166666667 0.64111328125 0.83203125 0.64111328125 0.7513020833333334 0.64404296875 0.7513020833333334 0.78173828125 0.6236979166666667 0.78173828125 0.5846354166666667 0.79638671875 0.5846354166666667 0.65673828125 0.7513020833333334 0.65673828125 0.83203125 0.67138671875 0.7513020833333334 0.24169921875 0.06380208333333337 0.23486328125 0.08203125 0.23486328125 0.06380208333333337 0.79736328125 0.5846354166666667 0.80419921875 0.5846354166666667 0.79736328125 0.6236979166666667 0.81201171875 0.5846354166666667 0.80517578125 0.6236979166666667 0.80517578125 0.5846354166666667 0.68798828125 0.7513020833333334 0.68798828125 0.83203125 0.71826171875 0.7513020833333334 0.71923828125 0.7513020833333334 0.74951171875 0.7513020833333334 0.71923828125 0.83203125 0.64501953125 0.83203125 0.64794921875 0.7513020833333334 0.64501953125 0.7513020833333334 0.21533203125 0.06380208333333337 0.21533203125 0.08203125 0.21826171875 0.06380208333333337 0.24267578125 0.08203125 0.24267578125 0.06380208333333337 0.24560546875 0.06380208333333337 0.24658203125 0.08203125 0.24658203125 0.06380208333333337 0.24951171875 0.06380208333333337 0.65185546875 0.7513020833333334 0.64892578125 0.7513020833333334 0.64892578125 0.83203125 0.65283203125 0.83203125 0.65576171875 0.7513020833333334 0.65283203125 0.7513020833333334 0.67236328125 0.83203125 0.67236328125 0.7513020833333334 0.68701171875 0.7513020833333334 0.65576171875 0.66796875 0.62548828125 0.7486979166666667 0.62548828125 0.66796875 0.65673828125 0.66796875 0.65966796875 0.66796875 0.65673828125 0.7486979166666667 0.66064453125 0.66796875 0.66064453125 0.7486979166666667 0.66357421875 0.66796875 0.12548828125 0.06119791666666663 0.12548828125 0.04296875 0.13232421875 0.04296875 0.66748046875 0.66796875 0.66455078125 0.66796875 0.66455078125 0.7486979166666667 0.13330078125 0.04296875 0.14013671875 0.04296875 0.13330078125 0.06119791666666663 0.14111328125 0.04296875 0.14794921875 0.04296875 0.14111328125 0.06119791666666663 0.67138671875 0.66796875 0.66845703125 0.66796875 0.66845703125 0.7486979166666667 0.14892578125 0.06119791666666663 0.14892578125 0.04296875 0.15185546875 0.04296875 0.15673828125 0.06119791666666663 0.16357421875 0.04296875 0.15673828125 0.04296875 0.81298828125 0.6236979166666667 0.81982421875 0.5846354166666667 0.81298828125 0.5846354166666667 0.82861328125 0.5846354166666667 0.84326171875 0.5846354166666667 0.82861328125 0.6236979166666667 0.67236328125 0.7486979166666667 0.67529296875 0.66796875 0.67236328125 0.66796875 0.82080078125 0.6236979166666667 0.82080078125 0.5846354166666667 0.82763671875 0.5846354166666667 0.67919921875 0.66796875 0.67626953125 0.66796875 0.67626953125 0.7486979166666667 0.68310546875 0.66796875 0.68017578125 0.66796875 0.68017578125 0.7486979166666667 0.68408203125 0.66796875 0.68408203125 0.7486979166666667 0.68701171875 0.66796875 0.84423828125 0.6236979166666667 0.85107421875 0.5846354166666667 0.84423828125 0.5846354166666667 0.85205078125 0.5846354166666667 0.85205078125 0.6236979166666667 0.85888671875 0.5846354166666667 0.16455078125 0.06119791666666663 0.17138671875 0.04296875 0.16455078125 0.04296875 0.17236328125 0.04296875 0.17919921875 0.04296875 0.17236328125 0.06119791666666663 0.18701171875 0.04296875 0.18017578125 0.06119791666666663 0.18017578125 0.04296875 0.18798828125 0.04296875 0.18798828125 0.06119791666666663 0.19482421875 0.04296875 0.15576171875 0.04296875 0.15283203125 0.06119791666666663 0.15283203125 0.04296875 0.68798828125 0.7486979166666667 0.68798828125 0.66796875 0.69091796875 0.66796875 0.69189453125 0.66796875 0.69189453125 0.7486979166666667 0.69482421875 0.66796875 0.69873046875 0.66796875 0.69580078125 0.66796875 0.69580078125 0.7486979166666667 0.19580078125 0.04296875 0.19580078125 0.06119791666666663 0.20263671875 0.04296875 0.20654296875 0.04296875 0.20361328125 0.06119791666666663 0.20361328125 0.04296875 0.21142578125 0.06119791666666663 0.21142578125 0.04296875 0.21826171875 0.04296875 0.85986328125 0.5846354166666667 0.86669921875 0.5846354166666667 0.85986328125 0.6236979166666667 0.76513671875 0.54296875 0.75048828125 0.58203125 0.75048828125 0.54296875 0.78076171875 0.54296875 0.76611328125 0.58203125 0.76611328125 0.54296875 0.21044921875 0.04296875 0.20751953125 0.06119791666666663 0.20751953125 0.04296875 0.21923828125 0.06119791666666663 0.22607421875 0.04296875 0.21923828125 0.04296875 0.23388671875 0.04296875 0.22705078125 0.06119791666666663 0.22705078125 0.04296875 0.93701171875 0.41796875 0.93017578125 0.45703125 0.23486328125 0.04296875 0.23486328125 0.06119791666666663 0.24169921875 0.04296875 0.24267578125 0.04296875 0.24267578125 0.06119791666666663 0.24951171875 0.04296875 0.86767578125 0.6236979166666667 0.86767578125 0.5846354166666667 0.87451171875 0.5846354166666667 0.74951171875 0.66796875 0.71923828125 0.7486979166666667 0.71923828125 0.66796875 0.70263671875 0.66796875 0.69970703125 0.7486979166666667 0.69970703125 0.66796875 0.70654296875 0.66796875 0.70361328125 0.66796875 0.70361328125 0.7486979166666667 0.70751953125 0.66796875 0.71044921875 0.66796875 0.70751953125 0.7486979166666667 0.12548828125 0.04036458333333337 0.12548828125 0.02213541666666663 0.12841796875 0.02213541666666663 0.71435546875 0.66796875 0.71142578125 0.7486979166666667 0.71142578125 0.66796875 0.13232421875 0.02213541666666663 0.12939453125 0.02213541666666663 0.12939453125 0.04036458333333337 0.13330078125 0.02213541666666663 0.13623046875 0.02213541666666663 0.13330078125 0.04036458333333337 0.78173828125 0.54296875 0.78173828125 0.58203125 0.78857421875 0.54296875 0.81201171875 0.54296875 0.79736328125 0.54296875 0.79736328125 0.58203125 0.71826171875 0.66796875 0.71533203125 0.66796875 0.71533203125 0.7486979166666667 0.75048828125 0.91796875 0.75048828125 0.9986979166666666 0.75341796875 0.91796875 0.81298828125 0.58203125 0.81298828125 0.54296875 0.82763671875 0.54296875 0.84326171875 0.54296875 0.82861328125 0.54296875 0.82861328125 0.58203125 0.84423828125 0.54296875 0.84423828125 0.58203125 0.85888671875 0.54296875 0.85986328125 0.54296875 0.87451171875 0.54296875 0.85986328125 0.58203125 0.76611328125 0.91796875 0.78076171875 0.91796875 0.76611328125 0.9986979166666666 0.75732421875 0.91796875 0.75439453125 0.9986979166666666 0.75439453125 0.91796875 0.76123046875 0.91796875 0.75830078125 0.9986979166666666 0.75830078125 0.91796875 0.13720703125 0.04036458333333337 0.13720703125 0.02213541666666663 0.14013671875 0.02213541666666663 0.14111328125 0.02213541666666663 0.14794921875 0.02213541666666663 0.14111328125 0.04036458333333337 0.14892578125 0.02213541666666663 0.15576171875 0.02213541666666663 0.14892578125 0.04036458333333337 0.15673828125 0.04036458333333337 0.15673828125 0.02213541666666663 0.15966796875 0.02213541666666663 0.16357421875 0.02213541666666663 0.16064453125 0.02213541666666663 0.16064453125 0.04036458333333337 0.16455078125 0.04036458333333337 0.16748046875 0.02213541666666663 0.16455078125 0.02213541666666663 0.76220703125 0.91796875 0.76513671875 0.91796875 0.76220703125 0.9986979166666666 0.75048828125 0.5403645833333333 0.75048828125 0.5013020833333333 0.76513671875 0.5013020833333333 0.78076171875 0.5013020833333333 0.76611328125 0.5403645833333333 0.76611328125 0.5013020833333333 0.06298828125 0.8346354166666666 0.06298828125 0.9986979166666666 0.09326171875 0.8346354166666666 0.12451171875 0.8346354166666666 0.09423828125 0.8346354166666666 0.09423828125 0.9986979166666666 0.79638671875 0.91796875 0.78173828125 0.9986979166666666 0.78173828125 0.91796875 0.00048828125 0.83203125 0.03076171875 0.66796875 0.00048828125 0.66796875 0.06201171875 0.66796875 0.03173828125 0.66796875 0.03173828125 0.83203125 0.80029296875 0.91796875 0.79736328125 0.9986979166666666 0.79736328125 0.91796875 0.16845703125 0.04036458333333337 0.16845703125 0.02213541666666663 0.17138671875 0.02213541666666663 0.78173828125 0.5013020833333333 0.78173828125 0.5403645833333333 0.79638671875 0.5013020833333333 0.81201171875 0.5013020833333333 0.79736328125 0.5013020833333333 0.79736328125 0.5403645833333333 0.82763671875 0.5013020833333333 0.81298828125 0.5013020833333333 0.81298828125 0.5403645833333333 0.80126953125 0.9986979166666666 0.80419921875 0.91796875 0.80126953125 0.91796875 0.17236328125 0.04036458333333337 0.17529296875 0.02213541666666663 0.17236328125 0.02213541666666663 0.82861328125 0.5013020833333333 0.84326171875 0.5013020833333333 0.82861328125 0.5403645833333333 0.80517578125 0.91796875 0.80810546875 0.91796875 0.80517578125 0.9986979166666666 0.78955078125 0.58203125 0.78955078125 0.54296875 0.79638671875 0.54296875 0.85107421875 0.5013020833333333 0.84423828125 0.5403645833333333 0.84423828125 0.5013020833333333 0.81201171875 0.91796875 0.85205078125 0.5013020833333333 0.85888671875 0.5013020833333333 0.85205078125 0.5403645833333333 0.17626953125 0.02213541666666663 0.17626953125 0.04036458333333337 0.17919921875 0.02213541666666663 0.18017578125 0.04036458333333337 0.18017578125 0.02213541666666663 0.18701171875 0.02213541666666663 0.19482421875 0.02213541666666663 0.18798828125 0.02213541666666663 0.18798828125 0.04036458333333337 0.19580078125 0.02213541666666663 0.19580078125 0.04036458333333337 0.20263671875 0.02213541666666663 0.20361328125 0.04036458333333337 0.21044921875 0.02213541666666663 0.20361328125 0.02213541666666663 0.21435546875 0.02213541666666663 0.21142578125 0.02213541666666663 0.21142578125 0.04036458333333337 0.81591796875 0.91796875 0.81298828125 0.91796875 0.81298828125 0.9986979166666666 0.21533203125 0.04036458333333337 0.21826171875 0.02213541666666663 0.21533203125 0.02213541666666663 0.84423828125 0.91796875 0.87451171875 0.91796875 0.84423828125 0.9986979166666666 0.85986328125 0.5013020833333333 0.85986328125 0.5403645833333333 0.87451171875 0.5013020833333333 0.81689453125 0.91796875 0.81689453125 0.9986979166666666 0.81982421875 0.91796875 0.75048828125 0.49869791666666663 0.75048828125 0.45963541666666663 0.76513671875 0.45963541666666663 0.82861328125 0.91796875 0.84326171875 0.91796875 0.82861328125 0.9986979166666666 0.78076171875 0.45963541666666663 0.76611328125 0.49869791666666663 0.76611328125 0.45963541666666663 0.78173828125 0.45963541666666663 0.79638671875 0.45963541666666663 0.78173828125 0.49869791666666663 0.75048828125 0.8346354166666666 0.76513671875 0.8346354166666666 0.75048828125 0.9153645833333334 0.79736328125 0.49869791666666663 0.79736328125 0.45963541666666663 0.80419921875 0.45963541666666663 0.92138671875 0.66796875 0.90673828125 0.66796875 0.21923828125 0.02213541666666663 0.21923828125 0.04036458333333337 0.22607421875 0.02213541666666663 0.22705078125 0.04036458333333337 0.22705078125 0.02213541666666663 0.22998046875 0.02213541666666663 0.23388671875 0.02213541666666663 0.23095703125 0.02213541666666663 0.23095703125 0.04036458333333337 0.23486328125 0.04036458333333337 0.23779296875 0.02213541666666663 0.23486328125 0.02213541666666663 0.80517578125 0.45963541666666663 0.81201171875 0.45963541666666663 0.80517578125 0.49869791666666663 0.81298828125 0.45963541666666663 0.81982421875 0.45963541666666663 0.81298828125 0.49869791666666663 0.82763671875 0.45963541666666663 0.82080078125 0.45963541666666663 0.82080078125 0.49869791666666663 0.02783203125 0.33463541666666663 0.02783203125 0.41536458333333337 0.82080078125 0.91796875 0.82373046875 0.91796875 0.82080078125 0.9986979166666666 0.82470703125 0.91796875 0.82470703125 0.9986979166666666 0.82763671875 0.91796875 0.83544921875 0.45963541666666663 0.82861328125 0.45963541666666663 0.82861328125 0.49869791666666663 0.24951171875 0.02213541666666663 0.24267578125 0.04036458333333337 0.24267578125 0.02213541666666663 0.12548828125 0.0013020833333333703 0.13232421875 0.0013020833333333703 0.12548828125 0.01953125 0.76904296875 0.8346354166666666 0.76611328125 0.9153645833333334 0.76611328125 0.8346354166666666 0.13330078125 0.01953125 0.14013671875 0.0013020833333333703 0.13330078125 0.0013020833333333703 0.83642578125 0.49869791666666663 0.83642578125 0.45963541666666663 0.84326171875 0.45963541666666663 0.84423828125 0.45963541666666663 0.85107421875 0.45963541666666663 0.84423828125 0.49869791666666663 0.78173828125 0.9153645833333334 0.79638671875 0.8346354166666666 0.78173828125 0.8346354166666666 0.81298828125 0.8346354166666666 0.84326171875 0.8346354166666666 0.81298828125 0.9153645833333334 0.85986328125 0.49869791666666663 0.85986328125 0.45963541666666663 0.87451171875 0.45963541666666663 0.76513671875 0.41796875 0.75048828125 0.45703125 0.75048828125 0.41796875 0.14111328125 0.0013020833333333703 0.14111328125 0.01953125 0.14794921875 0.0013020833333333703 0.79736328125 0.9153645833333334 0.81201171875 0.8346354166666666 0.79736328125 0.8346354166666666 0.84423828125 0.8346354166666666 0.84423828125 0.9153645833333334 0.87451171875 0.8346354166666666 0.76611328125 0.41796875 0.76611328125 0.45703125 0.78076171875 0.41796875 0.85888671875 0.45963541666666663 0.85205078125 0.45963541666666663 0.85205078125 0.49869791666666663 0.15576171875 0.0013020833333333703 0.14892578125 0.01953125 0.14892578125 0.0013020833333333703 0.78173828125 0.45703125 0.78857421875 0.41796875 0.78173828125 0.41796875 0.79638671875 0.41796875 0.78955078125 0.45703125 0.78955078125 0.41796875 0.77294921875 0.8346354166666666 0.77685546875 0.8346354166666666 0.77392578125 0.9153645833333334 0.77392578125 0.8346354166666666 0.21826171875 0.41796875 0.20361328125 0.49869791666666663 0.80419921875 0.41796875 0.79736328125 0.45703125 0.79736328125 0.41796875 0.23876953125 0.02213541666666663 0.24169921875 0.02213541666666663 0.23876953125 0.04036458333333337 0.77783203125 0.9153645833333334 0.77783203125 0.8346354166666666 0.78076171875 0.8346354166666666 0.15673828125 0.0013020833333333703 0.15966796875 0.0013020833333333703 0.15673828125 0.01953125 0.16064453125 0.01953125 0.16064453125 0.0013020833333333703 0.16357421875 0.0013020833333333703 0.16455078125 0.0013020833333333703 0.16455078125 0.01953125 0.16748046875 0.0013020833333333703 0.17138671875 0.0013020833333333703 0.16845703125 0.0013020833333333703 0.16845703125 0.01953125 0.75341796875 0.7513020833333334 0.75048828125 0.7513020833333334 0.75048828125 0.83203125 0.17236328125 0.01953125 0.17236328125 0.0013020833333333703 0.17529296875 0.0013020833333333703 0.17919921875 0.0013020833333333703 0.17626953125 0.01953125 0.17626953125 0.0013020833333333703 0.18017578125 0.01953125 0.18310546875 0.0013020833333333703 0.18017578125 0.0013020833333333703 0.75732421875 0.7513020833333334 0.75439453125 0.83203125 0.75439453125 0.7513020833333334 0.75830078125 0.7513020833333334 0.75830078125 0.83203125 0.76123046875 0.7513020833333334 0.18798828125 0.0013020833333333703 0.19482421875 0.0013020833333333703 0.18798828125 0.01953125 0.80517578125 0.41796875 0.80517578125 0.45703125 0.81201171875 0.41796875 0.76220703125 0.7513020833333334 0.76513671875 0.7513020833333334 0.76220703125 0.83203125 0.76611328125 0.7513020833333334 0.76904296875 0.7513020833333334 0.76611328125 0.83203125 0.81298828125 0.45703125 0.81298828125 0.41796875 0.82763671875 0.41796875 0.83544921875 0.41796875 0.82861328125 0.45703125 0.82861328125 0.41796875 0.19580078125 0.0013020833333333703 0.20263671875 0.0013020833333333703 0.19580078125 0.01953125 0.18408203125 0.0013020833333333703 0.18408203125 0.01953125 0.18701171875 0.0013020833333333703 0.77001953125 0.83203125 0.77294921875 0.7513020833333334 0.77001953125 0.7513020833333334 0.20361328125 0.0013020833333333703 0.20361328125 0.01953125 0.20654296875 0.0013020833333333703 0.83642578125 0.45703125 0.83642578125 0.41796875 0.84326171875 0.41796875 0.84423828125 0.41796875 0.84423828125 0.45703125 0.85888671875 0.41796875 0.06982421875 0.20963541666666663 0.06298828125 0.20963541666666663 0.21142578125 0.0013020833333333703 0.21142578125 0.01953125 0.21826171875 0.0013020833333333703 0.22607421875 0.0013020833333333703 0.21923828125 0.01953125 0.21923828125 0.0013020833333333703 0.22705078125 0.01953125 0.22705078125 0.0013020833333333703 0.23388671875 0.0013020833333333703 0.23486328125 0.0013020833333333703 0.24169921875 0.0013020833333333703 0.23486328125 0.01953125 0.20751953125 0.01953125 0.21044921875 0.0013020833333333703 0.20751953125 0.0013020833333333703 0.77392578125 0.7513020833333334 0.77392578125 0.83203125 0.77685546875 0.7513020833333334 0.24267578125 0.01953125 0.24267578125 0.0013020833333333703 0.24560546875 0.0013020833333333703 0.78076171875 0.7513020833333334 0.77783203125 0.83203125 0.77783203125 0.7513020833333334 0.78173828125 0.83203125 0.78564453125 0.7513020833333334 0.78564453125 0.83203125 0.78857421875 0.7513020833333334 0.87451171875 0.41796875 0.85986328125 0.45703125 0.85986328125 0.41796875 0.75732421875 0.37630208333333337 0.75048828125 0.41536458333333337 0.75048828125 0.37630208333333337 0.24951171875 0.0013020833333333703 0.24658203125 0.0013020833333333703 0.24658203125 0.01953125 0.25048828125 0.33203125 0.25341796875 0.31380208333333337 0.25048828125 0.31380208333333337 0.79248046875 0.7513020833333334 0.78955078125 0.83203125 0.78955078125 0.7513020833333334 0.79345703125 0.83203125 0.79345703125 0.7513020833333334 0.79638671875 0.7513020833333334 0.25830078125 0.31380208333333337 0.26513671875 0.31380208333333337 0.25830078125 0.33203125 0.26611328125 0.33203125 0.26611328125 0.31380208333333337 0.27294921875 0.31380208333333337 0.27392578125 0.31380208333333337 0.28076171875 0.31380208333333337 0.27392578125 0.33203125 0.28173828125 0.31380208333333337 0.28173828125 0.33203125 0.28857421875 0.31380208333333337 0.25439453125 0.33203125 0.25732421875 0.31380208333333337 0.25439453125 0.31380208333333337 0.80029296875 0.7513020833333334 0.79736328125 0.7513020833333334 0.79736328125 0.83203125 0.80419921875 0.7513020833333334 0.80126953125 0.7513020833333334 0.80126953125 0.83203125 0.81298828125 0.83203125 0.81298828125 0.7513020833333334 0.84326171875 0.7513020833333334 0.85888671875 0.7513020833333334 0.84423828125 0.7513020833333334 0.84423828125 0.83203125 0.80517578125 0.7513020833333334 0.80517578125 0.83203125 0.80810546875 0.7513020833333334 0.80908203125 0.83203125 0.80908203125 0.7513020833333334 0.81201171875 0.7513020833333334 0.85986328125 0.7513020833333334 0.86279296875 0.7513020833333334 0.85986328125 0.83203125 0.78076171875 0.66796875 0.75048828125 0.7486979166666667 0.75048828125 0.66796875 0.81201171875 0.66796875 0.78173828125 0.66796875 0.78173828125 0.7486979166666667 0.84326171875 0.66796875 0.81298828125 0.66796875 0.81298828125 0.7486979166666667 0.84423828125 0.7486979166666667 0.85888671875 0.66796875 0.84423828125 0.66796875 0.90576171875 0.91796875 0.87548828125 0.91796875 0.87548828125 0.9986979166666666 0.86376953125 0.83203125 0.86376953125 0.7513020833333334 0.86669921875 0.7513020833333334 0.86767578125 0.83203125 0.86767578125 0.7513020833333334 0.87060546875 0.7513020833333334 0.87158203125 0.83203125 0.87158203125 0.7513020833333334 0.87451171875 0.7513020833333334 0.85986328125 0.66796875 0.86279296875 0.66796875 0.85986328125 0.7486979166666667 0.90673828125 0.9986979166666666 0.90673828125 0.91796875 0.93701171875 0.91796875 0.96826171875 0.91796875 0.93798828125 0.9986979166666666 0.93798828125 0.91796875 0.28955078125 0.33203125 0.29638671875 0.31380208333333337 0.28955078125 0.31380208333333337 0.30419921875 0.31380208333333337 0.29736328125 0.31380208333333337 0.29736328125 0.33203125 0.75830078125 0.41536458333333337 0.75830078125 0.37630208333333337 0.76513671875 0.37630208333333337 0.86376953125 0.7486979166666667 0.86669921875 0.66796875 0.86376953125 0.66796875 0.30517578125 0.31380208333333337 0.30517578125 0.33203125 0.30810546875 0.31380208333333337 0.87060546875 0.66796875 0.86767578125 0.66796875 0.86767578125 0.7486979166666667 0.87158203125 0.7486979166666667 0.87158203125 0.66796875 0.87451171875 0.66796875 0.97216796875 0.91796875 0.96923828125 0.91796875 0.96923828125 0.9986979166666666 0.97314453125 0.91796875 0.97607421875 0.91796875 0.97314453125 0.9986979166666666 0.31982421875 0.31380208333333337 0.31298828125 0.33203125 0.31298828125 0.31380208333333337 0.30908203125 0.33203125 0.31201171875 0.31380208333333337 0.30908203125 0.31380208333333337 0.97705078125 0.9986979166666666 0.97705078125 0.91796875 0.97998046875 0.91796875 0.98388671875 0.91796875 0.98095703125 0.91796875 0.98095703125 0.9986979166666666 0.87548828125 0.9153645833333334 0.87548828125 0.8346354166666666 0.90576171875 0.8346354166666666 0.99951171875 0.91796875 0.98486328125 0.91796875 0.98486328125 0.9986979166666666 0.78076171875 0.37630208333333337 0.76611328125 0.41536458333333337 0.76611328125 0.37630208333333337 0.79638671875 0.37630208333333337 0.78173828125 0.37630208333333337 0.78173828125 0.41536458333333337 0.90673828125 0.8346354166666666 0.90966796875 0.8346354166666666 0.90673828125 0.9153645833333334 0.32080078125 0.33203125 0.32080078125 0.31380208333333337 0.32763671875 0.31380208333333337 0.79736328125 0.37630208333333337 0.79736328125 0.41536458333333337 0.80419921875 0.37630208333333337 0.91064453125 0.8346354166666666 0.91064453125 0.9153645833333334 0.91357421875 0.8346354166666666 0.32861328125 0.31380208333333337 0.33154296875 0.31380208333333337 0.32861328125 0.33203125 0.33251953125 0.33203125 0.33251953125 0.31380208333333337 0.33544921875 0.31380208333333337 0.91455078125 0.8346354166666666 0.33642578125 0.31380208333333337 0.33935546875 0.31380208333333337 0.33642578125 0.33203125 0.34033203125 0.33203125 0.34033203125 0.31380208333333337 0.34326171875 0.31380208333333337 0.35107421875 0.31380208333333337 0.34423828125 0.31380208333333337 0.34423828125 0.33203125 0.91845703125 0.9153645833333334 0.92236328125 0.8346354166666666 0.92529296875 0.8346354166666666 0.92236328125 0.9153645833333334 0.92919921875 0.8346354166666666 0.92626953125 0.8346354166666666 0.92626953125 0.9153645833333334 0.35205078125 0.31380208333333337 0.35205078125 0.33203125 0.35498046875 0.31380208333333337 0.35986328125 0.31380208333333337 0.36669921875 0.31380208333333337 0.35986328125 0.33203125 0.36767578125 0.33203125 0.37451171875 0.31380208333333337 0.36767578125 0.31380208333333337 0.25732421875 0.29296875 0.25048828125 0.29296875 0.25048828125 0.31119791666666663 0.35595703125 0.31380208333333337 0.35888671875 0.31380208333333337 0.35595703125 0.33203125 0.26513671875 0.29296875 0.25830078125 0.31119791666666663 0.25830078125 0.29296875 0.93310546875 0.8346354166666666 0.26904296875 0.29296875 0.26611328125 0.31119791666666663 0.26611328125 0.29296875 0.93701171875 0.8346354166666666 0.93408203125 0.9153645833333334 0.93408203125 0.8346354166666666 0.27001953125 0.31119791666666663 0.27294921875 0.29296875 0.27001953125 0.29296875 0.27392578125 0.29296875 0.27392578125 0.31119791666666663 0.27685546875 0.29296875 0.27783203125 0.31119791666666663 0.28076171875 0.29296875 0.27783203125 0.29296875 0.94091796875 0.8346354166666666 0.93798828125 0.8346354166666666 0.93798828125 0.9153645833333334 0.94189453125 0.8346354166666666 0.94189453125 0.9153645833333334 0.94482421875 0.8346354166666666 0.28173828125 0.29296875 0.28173828125 0.31119791666666663 0.28466796875 0.29296875 0.94580078125 0.8346354166666666 0.94580078125 0.9153645833333334 0.94873046875 0.8346354166666666 0.28564453125 0.31119791666666663 0.28857421875 0.29296875 0.28564453125 0.29296875 0.28955078125 0.31119791666666663 0.28955078125 0.29296875 0.29638671875 0.29296875 0.80517578125 0.41536458333333337 0.80517578125 0.37630208333333337 0.81201171875 0.37630208333333337 0.81298828125 0.41536458333333337 0.81982421875 0.37630208333333337 0.81298828125 0.37630208333333337 0.82861328125 0.41536458333333337 0.82861328125 0.37630208333333337 0.84326171875 0.37630208333333337 0.29736328125 0.29296875 0.30419921875 0.29296875 0.29736328125 0.31119791666666663 0.30712890625 0.49869791666666663 0.30712890625 0.41796875 0.84423828125 0.37630208333333337 0.84423828125 0.41536458333333337 0.85888671875 0.37630208333333337 0.82080078125 0.37630208333333337 0.82763671875 0.37630208333333337 0.82080078125 0.41536458333333337 0.85986328125 0.37630208333333337 0.87451171875 0.37630208333333337 0.85986328125 0.41536458333333337 0.31201171875 0.29296875 0.30517578125 0.29296875 0.30517578125 0.31119791666666663 0.75048828125 0.33463541666666663 0.75048828125 0.37369791666666663 0.76513671875 0.33463541666666663 0.76611328125 0.33463541666666663 0.78076171875 0.33463541666666663 0.76611328125 0.37369791666666663 0.95361328125 0.8346354166666666 0.96826171875 0.8346354166666666 0.95361328125 0.9153645833333334 0.31298828125 0.31119791666666663 0.31982421875 0.29296875 0.31298828125 0.29296875 0.78173828125 0.33463541666666663 0.78173828125 0.37369791666666663 0.78857421875 0.33463541666666663 0.32080078125 0.29296875 0.32763671875 0.29296875 0.32080078125 0.31119791666666663 0.33154296875 0.29296875 0.32861328125 0.31119791666666663 0.32861328125 0.29296875 0.79736328125 0.33463541666666663 0.81201171875 0.33463541666666663 0.79736328125 0.37369791666666663 0.33251953125 0.29296875 0.33544921875 0.29296875 0.33251953125 0.31119791666666663 0.33642578125 0.31119791666666663 0.34326171875 0.29296875 0.33642578125 0.29296875 0.78955078125 0.37369791666666663 0.78955078125 0.33463541666666663 0.79638671875 0.33463541666666663 0.81298828125 0.33463541666666663 0.81298828125 0.37369791666666663 0.81982421875 0.33463541666666663 0.82861328125 0.33463541666666663 0.84326171875 0.33463541666666663 0.82861328125 0.37369791666666663 0.34423828125 0.29296875 0.34423828125 0.31119791666666663 0.34716796875 0.29296875 0.82080078125 0.33463541666666663 0.82763671875 0.33463541666666663 0.82080078125 0.37369791666666663 0.85107421875 0.33463541666666663 0.84423828125 0.33463541666666663 0.84423828125 0.37369791666666663 0.95263671875 0.8346354166666666 0.94970703125 0.8346354166666666 0.94970703125 0.9153645833333334 0.97216796875 0.8346354166666666 0.96923828125 0.8346354166666666 0.96923828125 0.9153645833333334 0.85986328125 0.37369791666666663 0.85986328125 0.33463541666666663 0.87451171875 0.33463541666666663 0.89013671875 0.6263020833333333 0.87548828125 0.6653645833333333 0.87548828125 0.6263020833333333 0.35888671875 0.29296875 0.35205078125 0.29296875 0.35205078125 0.31119791666666663 0.34814453125 0.29296875 0.35107421875 0.29296875 0.34814453125 0.31119791666666663 0.35986328125 0.31119791666666663 0.35986328125 0.29296875 0.36669921875 0.29296875 0.85205078125 0.37369791666666663 0.85205078125 0.33463541666666663 0.85888671875 0.33463541666666663 0.90576171875 0.6263020833333333 0.89111328125 0.6263020833333333 0.89111328125 0.6653645833333333 0.37060546875 0.29296875 0.36767578125 0.29296875 0.36767578125 0.31119791666666663 0.37158203125 0.31119791666666663 0.37158203125 0.29296875 0.37451171875 0.29296875 0.25048828125 0.29036458333333337 0.25048828125 0.27213541666666663 0.25341796875 0.27213541666666663 0.25830078125 0.27213541666666663 0.26513671875 0.27213541666666663 0.25830078125 0.29036458333333337 0.90673828125 0.6263020833333333 0.92138671875 0.6263020833333333 0.90673828125 0.6653645833333333 0.97314453125 0.8346354166666666 0.97314453125 0.9153645833333334 0.97607421875 0.8346354166666666 0.92236328125 0.6653645833333333 0.92236328125 0.6263020833333333 0.92919921875 0.6263020833333333 0.97998046875 0.8346354166666666 0.97705078125 0.8346354166666666 0.97705078125 0.9153645833333334 0.25439453125 0.27213541666666663 0.25732421875 0.27213541666666663 0.25439453125 0.29036458333333337 0.98095703125 0.8346354166666666 0.98388671875 0.8346354166666666 0.98095703125 0.9153645833333334 0.26611328125 0.29036458333333337 0.26904296875 0.27213541666666663 0.26611328125 0.27213541666666663 0.98486328125 0.8346354166666666 0.98779296875 0.8346354166666666 0.98486328125 0.9153645833333334 0.93798828125 0.6263020833333333 0.95263671875 0.6263020833333333 0.93798828125 0.6653645833333333 0.87548828125 0.83203125 0.87548828125 0.7513020833333334 0.89013671875 0.7513020833333334 0.89111328125 0.7513020833333334 0.93701171875 0.7513020833333334 0.90673828125 0.83203125 0.90673828125 0.7513020833333334 0.28076171875 0.27213541666666663 0.27392578125 0.29036458333333337 0.27392578125 0.27213541666666663 0.95361328125 0.6653645833333333 0.95361328125 0.6263020833333333 0.96826171875 0.6263020833333333 0.27001953125 0.27213541666666663 0.27294921875 0.27213541666666663 0.27001953125 0.29036458333333337 0.28466796875 0.27213541666666663 0.28173828125 0.29036458333333337 0.28173828125 0.27213541666666663 0.28564453125 0.27213541666666663 0.28857421875 0.27213541666666663 0.28564453125 0.29036458333333337 0.29638671875 0.27213541666666663 0.28955078125 0.29036458333333337 0.28955078125 0.27213541666666663 0.29736328125 0.27213541666666663 0.30419921875 0.27213541666666663 0.29736328125 0.29036458333333337 0.30517578125 0.27213541666666663 0.31201171875 0.27213541666666663 0.30517578125 0.29036458333333337 0.31298828125 0.29036458333333337 0.31298828125 0.27213541666666663 0.31982421875 0.27213541666666663 0.99169921875 0.8346354166666666 0.98876953125 0.9153645833333334 0.98876953125 0.8346354166666666 0.99267578125 0.8346354166666666 0.99267578125 0.9153645833333334 0.99560546875 0.8346354166666666 0.32080078125 0.27213541666666663 0.32080078125 0.29036458333333337 0.32373046875 0.27213541666666663 0.93017578125 0.6653645833333333 0.93017578125 0.6263020833333333 0.93701171875 0.6263020833333333 0.97607421875 0.6263020833333333 0.96923828125 0.6653645833333333 0.96923828125 0.6263020833333333 0.32470703125 0.27213541666666663 0.32763671875 0.27213541666666663 0.32470703125 0.29036458333333337 0.32861328125 0.27213541666666663 0.32861328125 0.29036458333333337 0.33154296875 0.27213541666666663 0.99951171875 0.6263020833333333 0.98486328125 0.6653645833333333 0.98486328125 0.6263020833333333 0.99658203125 0.9153645833333334 0.99658203125 0.8346354166666666 0.99951171875 0.8346354166666666 0.33544921875 0.27213541666666663 0.33251953125 0.27213541666666663 0.33251953125 0.29036458333333337 0.93798828125 0.7513020833333334 0.87548828125 0.5846354166666667 0.87548828125 0.6236979166666667 0.89013671875 0.5846354166666667 0.90576171875 0.5846354166666667 0.89111328125 0.5846354166666667 0.89111328125 0.6236979166666667 0.98388671875 0.6263020833333333 0.97705078125 0.6263020833333333 0.97705078125 0.6653645833333333 0.96826171875 0.7513020833333334 0.95361328125 0.7513020833333334 0.95361328125 0.83203125 0.90673828125 0.5846354166666667 0.92138671875 0.5846354166666667 0.90673828125 0.6236979166666667 0.93701171875 0.5846354166666667 0.92236328125 0.5846354166666667 0.92236328125 0.6236979166666667 0.33642578125 0.29036458333333337 0.33642578125 0.27213541666666663 0.33935546875 0.27213541666666663 0.94189453125 0.83203125 0.94482421875 0.7513020833333334 0.94189453125 0.7513020833333334 0.96923828125 0.83203125 0.96923828125 0.7513020833333334 0.99951171875 0.7513020833333334 0.87548828125 0.7486979166666667 0.93798828125 0.5846354166666667 0.93798828125 0.6236979166666667 0.95263671875 0.5846354166666667 0.95361328125 0.5846354166666667 0.96826171875 0.5846354166666667 0.95361328125 0.6236979166666667 0.96923828125 0.5846354166666667 0.96923828125 0.6236979166666667 0.98388671875 0.5846354166666667 0.98486328125 0.5846354166666667 0.99951171875 0.5846354166666667 0.98486328125 0.6236979166666667 0.88232421875 0.54296875 0.87548828125 0.54296875 0.87548828125 0.58203125 0.90673828125 0.7486979166666667 0.94580078125 0.83203125 0.94873046875 0.7513020833333334 0.94580078125 0.7513020833333334 0.34033203125 0.27213541666666663 0.34326171875 0.27213541666666663 0.34033203125 0.29036458333333337 0.34423828125 0.29036458333333337 0.35107421875 0.27213541666666663 0.34423828125 0.27213541666666663 0.35205078125 0.27213541666666663 0.35205078125 0.29036458333333337 0.35888671875 0.27213541666666663 0.35986328125 0.27213541666666663 0.35986328125 0.29036458333333337 0.36279296875 0.27213541666666663 0.36669921875 0.27213541666666663 0.36376953125 0.27213541666666663 0.36376953125 0.29036458333333337 0.09423828125 0.41796875 0.09423828125 0.49869791666666663 0.89111328125 0.58203125 0.90576171875 0.54296875 0.89111328125 0.54296875 0.94970703125 0.83203125 0.95263671875 0.7513020833333334 0.94970703125 0.7513020833333334 0.36767578125 0.27213541666666663 0.37060546875 0.27213541666666663 0.36767578125 0.29036458333333337 0.25048828125 0.26953125 0.25732421875 0.25130208333333337 0.25048828125 0.25130208333333337 0.37158203125 0.29036458333333337 0.37451171875 0.27213541666666663 0.37158203125 0.27213541666666663 0.92236328125 0.66796875 0.92236328125 0.7486979166666667 0.92529296875 0.66796875 0.88330078125 0.54296875 0.89013671875 0.54296875 0.88330078125 0.58203125 0.90673828125 0.58203125 0.92138671875 0.54296875 0.90673828125 0.54296875 0.92626953125 0.7486979166666667 0.92919921875 0.66796875 0.92626953125 0.66796875 0.93017578125 0.66796875 0.93310546875 0.66796875 0.93017578125 0.7486979166666667 0.93701171875 0.66796875 0.93408203125 0.66796875 0.93408203125 0.7486979166666667 0.25830078125 0.26953125 0.25830078125 0.25130208333333337 0.26513671875 0.25130208333333337 0.92236328125 0.54296875 0.92919921875 0.54296875 0.92236328125 0.58203125 0.93798828125 0.58203125 0.95263671875 0.54296875 0.93798828125 0.54296875 0.94091796875 0.66796875 0.93798828125 0.66796875 0.93798828125 0.7486979166666667 0.94189453125 0.66796875 0.94482421875 0.66796875 0.94189453125 0.7486979166666667 0.94580078125 0.66796875 0.94580078125 0.7486979166666667 0.94873046875 0.66796875 0.26611328125 0.25130208333333337 0.27294921875 0.25130208333333337 0.26611328125 0.26953125 0.27685546875 0.25130208333333337 0.27392578125 0.26953125 0.27392578125 0.25130208333333337 0.28173828125 0.26953125 0.28857421875 0.25130208333333337 0.28173828125 0.25130208333333337 0.29638671875 0.25130208333333337 0.28955078125 0.25130208333333337 0.28955078125 0.26953125 0.30419921875 0.25130208333333337 0.29736328125 0.26953125 0.29736328125 0.25130208333333337 0.30517578125 0.26953125 0.31201171875 0.25130208333333337 0.30517578125 0.25130208333333337 0.31298828125 0.25130208333333337 0.31298828125 0.26953125 0.31982421875 0.25130208333333337 0.95263671875 0.66796875 0.94970703125 0.66796875 0.94970703125 0.7486979166666667 0.32080078125 0.26953125 0.32763671875 0.25130208333333337 0.32080078125 0.25130208333333337 0.32861328125 0.25130208333333337 0.32861328125 0.26953125 0.33544921875 0.25130208333333337 0.33642578125 0.26953125 0.34326171875 0.25130208333333337 0.33642578125 0.25130208333333337 0.93017578125 0.58203125 0.96826171875 0.54296875 0.95361328125 0.58203125 0.95361328125 0.54296875 0.96826171875 0.66796875 0.95361328125 0.7486979166666667 0.95361328125 0.66796875 0.96923828125 0.66796875 0.98388671875 0.66796875 0.96923828125 0.7486979166666667 0.99951171875 0.66796875 0.98486328125 0.66796875 0.98486328125 0.7486979166666667 0.34423828125 0.25130208333333337 0.34423828125 0.26953125 0.35107421875 0.25130208333333337 0.35888671875 0.25130208333333337 0.35205078125 0.25130208333333337 0.35205078125 0.26953125 0.28076171875 0.25130208333333337 0.27783203125 0.25130208333333337 0.27783203125 0.26953125 0.98388671875 0.54296875 0.96923828125 0.58203125 0.96923828125 0.54296875 0.99169921875 0.54296875 0.98486328125 0.54296875 0.98486328125 0.58203125 0.00048828125 0.6653645833333333 0.00048828125 0.5846354166666667 0.00341796875 0.5846354166666667 0.35986328125 0.25130208333333337 0.35986328125 0.26953125 0.36669921875 0.25130208333333337 0.99267578125 0.54296875 0.99951171875 0.54296875 0.99267578125 0.58203125 0.88232421875 0.5013020833333333 0.87548828125 0.5403645833333333 0.87548828125 0.5013020833333333 0.01611328125 0.5846354166666667 0.01611328125 0.6653645833333333 0.03076171875 0.5846354166666667 0.04638671875 0.5846354166666667 0.03173828125 0.5846354166666667 0.03173828125 0.6653645833333333 0.90576171875 0.5013020833333333 0.89111328125 0.5013020833333333 0.89111328125 0.5403645833333333 0.00439453125 0.5846354166666667 0.00732421875 0.5846354166666667 0.00439453125 0.6653645833333333 0.00830078125 0.6653645833333333 0.00830078125 0.5846354166666667 0.01123046875 0.5846354166666667 0.36767578125 0.26953125 0.37060546875 0.25130208333333337 0.36767578125 0.25130208333333337 0.04736328125 0.6653645833333333 0.09326171875 0.5846354166666667 0.06298828125 0.5846354166666667 0.06298828125 0.6653645833333333 0.10888671875 0.5846354166666667 0.09423828125 0.6653645833333333 0.09423828125 0.5846354166666667 0.25732421875 0.23046875 0.25048828125 0.23046875 0.25048828125 0.24869791666666663 0.37451171875 0.25130208333333337 0.37158203125 0.25130208333333337 0.37158203125 0.26953125 0.88330078125 0.5013020833333333 0.89013671875 0.5013020833333333 0.88330078125 0.5403645833333333 0.25830078125 0.24869791666666663 0.25830078125 0.23046875 0.26123046875 0.23046875 0.01220703125 0.5846354166666667 0.01220703125 0.6653645833333333 0.01513671875 0.5846354166666667 0.11279296875 0.5846354166666667 0.10986328125 0.5846354166666667 0.10986328125 0.6653645833333333 0.11669921875 0.5846354166666667 0.11376953125 0.5846354166666667 0.11376953125 0.6653645833333333 0.26220703125 0.23046875 0.26220703125 0.24869791666666663 0.26513671875 0.23046875 0.27294921875 0.23046875 0.26611328125 0.24869791666666663 0.26611328125 0.23046875 0.00048828125 0.5013020833333333 0.03076171875 0.5013020833333333 0.00048828125 0.58203125 0.28076171875 0.23046875 0.27392578125 0.23046875 0.27392578125 0.24869791666666663 0.11767578125 0.6653645833333333 0.11767578125 0.5846354166666667 0.12060546875 0.5846354166666667 0.28173828125 0.24869791666666663 0.28173828125 0.23046875 0.28466796875 0.23046875 0.03173828125 0.5013020833333333 0.03173828125 0.58203125 0.06201171875 0.5013020833333333 0.09326171875 0.5013020833333333 0.06298828125 0.58203125 0.06298828125 0.5013020833333333 0.28955078125 0.23046875 0.28955078125 0.24869791666666663 0.29638671875 0.23046875 0.29736328125 0.23046875 0.30419921875 0.23046875 0.29736328125 0.24869791666666663 0.90673828125 0.5403645833333333 0.90673828125 0.5013020833333333 0.92138671875 0.5013020833333333 0.92236328125 0.5013020833333333 0.92236328125 0.5403645833333333 0.93701171875 0.5013020833333333 0.28564453125 0.24869791666666663 0.28857421875 0.23046875 0.28564453125 0.23046875 0.30517578125 0.24869791666666663 0.30517578125 0.23046875 0.30810546875 0.23046875 0.12158203125 0.5846354166666667 0.12158203125 0.6653645833333333 0.12451171875 0.5846354166666667 0.31298828125 0.24869791666666663 0.31982421875 0.23046875 0.31298828125 0.23046875 0.32080078125 0.23046875 0.32080078125 0.24869791666666663 0.32763671875 0.23046875 0.30908203125 0.23046875 0.31201171875 0.23046875 0.30908203125 0.24869791666666663 0.09423828125 0.5013020833333333 0.09423828125 0.58203125 0.09716796875 0.5013020833333333 0.93798828125 0.5013020833333333 0.93798828125 0.5403645833333333 0.94482421875 0.5013020833333333 0.10986328125 0.58203125 0.12451171875 0.5013020833333333 0.10986328125 0.5013020833333333 0.00048828125 0.41796875 0.00048828125 0.49869791666666663 0.03076171875 0.41796875 0.10107421875 0.5013020833333333 0.09814453125 0.5013020833333333 0.09814453125 0.58203125 0.10205078125 0.5013020833333333 0.10205078125 0.58203125 0.10498046875 0.5013020833333333 0.33154296875 0.23046875 0.32861328125 0.23046875 0.32861328125 0.24869791666666663 0.33251953125 0.24869791666666663 0.33251953125 0.23046875 0.33544921875 0.23046875 0.33642578125 0.23046875 0.34326171875 0.23046875 0.33642578125 0.24869791666666663 0.34716796875 0.23046875 0.34423828125 0.23046875 0.34423828125 0.24869791666666663 0.10888671875 0.5013020833333333 0.10595703125 0.5013020833333333 0.10595703125 0.58203125 0.03173828125 0.49869791666666663 0.03466796875 0.41796875 0.03173828125 0.41796875 0.03564453125 0.41796875 0.03564453125 0.49869791666666663 0.03857421875 0.41796875 0.34814453125 0.23046875 0.35107421875 0.23046875 0.34814453125 0.24869791666666663 0.35205078125 0.24869791666666663 0.35888671875 0.23046875 0.35205078125 0.23046875 0.03955078125 0.49869791666666663 0.04248046875 0.41796875 0.03955078125 0.41796875 0.03076171875 0.12630208333333337 0.02392578125 0.16536458333333337 0.35986328125 0.24869791666666663 0.35986328125 0.23046875 0.36279296875 0.23046875 0.04638671875 0.41796875 0.04345703125 0.49869791666666663 0.04345703125 0.41796875 0.36376953125 0.23046875 0.36669921875 0.23046875 0.36376953125 0.24869791666666663 0.36767578125 0.23046875 0.36767578125 0.24869791666666663 0.37451171875 0.23046875 0.25048828125 0.22786458333333337 0.25048828125 0.20963541666666663 0.25341796875 0.20963541666666663 0.04736328125 0.49869791666666663 0.04736328125 0.41796875 0.06201171875 0.41796875 0.06298828125 0.41796875 0.06591796875 0.41796875 0.06298828125 0.49869791666666663 0.26513671875 0.20963541666666663 0.25830078125 0.22786458333333337 0.25830078125 0.20963541666666663 0.25732421875 0.20963541666666663 0.25439453125 0.20963541666666663 0.25439453125 0.22786458333333337 0.26611328125 0.20963541666666663 0.26611328125 0.22786458333333337 0.26904296875 0.20963541666666663 0.06689453125 0.41796875 0.06982421875 0.41796875 0.06689453125 0.49869791666666663 0.28076171875 0.20963541666666663 0.27392578125 0.22786458333333337 0.27392578125 0.20963541666666663 0.27294921875 0.20963541666666663 0.27001953125 0.20963541666666663 0.27001953125 0.22786458333333337 0.07373046875 0.41796875 0.07080078125 0.49869791666666663 0.07080078125 0.41796875 0.28173828125 0.20963541666666663 0.28857421875 0.20963541666666663 0.28173828125 0.22786458333333337 0.28955078125 0.20963541666666663 0.29248046875 0.20963541666666663 0.28955078125 0.22786458333333337 0.95263671875 0.5013020833333333 0.94580078125 0.5013020833333333 0.94580078125 0.5403645833333333 0.29736328125 0.20963541666666663 0.29736328125 0.22786458333333337 0.30419921875 0.20963541666666663 0.96044921875 0.5013020833333333 0.95361328125 0.5013020833333333 0.95361328125 0.5403645833333333 0.96826171875 0.5013020833333333 0.96142578125 0.5013020833333333 0.96142578125 0.5403645833333333 0.07470703125 0.49869791666666663 0.07763671875 0.41796875 0.07470703125 0.41796875 0.07861328125 0.41796875 0.08154296875 0.41796875 0.07861328125 0.49869791666666663 0.30517578125 0.22786458333333337 0.30517578125 0.20963541666666663 0.31201171875 0.20963541666666663 0.31298828125 0.20963541666666663 0.31982421875 0.20963541666666663 0.31298828125 0.22786458333333337 0.08544921875 0.41796875 0.08251953125 0.41796875 0.08251953125 0.49869791666666663 0.98388671875 0.5013020833333333 0.96923828125 0.5403645833333333 0.96923828125 0.5013020833333333 0.99169921875 0.5013020833333333 0.98486328125 0.5403645833333333 0.98486328125 0.5013020833333333 0.32080078125 0.20963541666666663 0.32080078125 0.22786458333333337 0.32763671875 0.20963541666666663 0.89013671875 0.45963541666666663 0.87548828125 0.49869791666666663 0.87548828125 0.45963541666666663 0.89111328125 0.45963541666666663 0.89111328125 0.49869791666666663 0.90576171875 0.45963541666666663 0.08642578125 0.41796875 0.08642578125 0.49869791666666663 0.08935546875 0.41796875 0.32861328125 0.22786458333333337 0.32861328125 0.20963541666666663 0.33544921875 0.20963541666666663 0.33642578125 0.20963541666666663 0.34326171875 0.20963541666666663 0.33642578125 0.22786458333333337 0.30908203125 0.49869791666666663 0.30908203125 0.41796875 0.09033203125 0.49869791666666663 0.09326171875 0.41796875 0.09033203125 0.41796875 0.29345703125 0.22786458333333337 0.29638671875 0.20963541666666663 0.29345703125 0.20963541666666663 0.09716796875 0.41796875 0.34716796875 0.20963541666666663 0.34423828125 0.20963541666666663 0.34423828125 0.22786458333333337 0.99267578125 0.5013020833333333 0.99267578125 0.5403645833333333 0.99951171875 0.5013020833333333 0.90673828125 0.45963541666666663 0.90673828125 0.49869791666666663 0.92138671875 0.45963541666666663 0.35205078125 0.22786458333333337 0.35888671875 0.20963541666666663 0.35205078125 0.20963541666666663 0.35986328125 0.22786458333333337 0.35986328125 0.20963541666666663 0.36669921875 0.20963541666666663 0.37451171875 0.20963541666666663 0.36767578125 0.20963541666666663 0.36767578125 0.22786458333333337 0.10107421875 0.41796875 0.09814453125 0.41796875 0.09814453125 0.49869791666666663 0.10498046875 0.41796875 0.10205078125 0.41796875 0.10205078125 0.49869791666666663 0.10888671875 0.41796875 0.10595703125 0.49869791666666663 0.10595703125 0.41796875 0.25048828125 0.20703125 0.25048828125 0.18880208333333337 0.25732421875 0.18880208333333337 0.10986328125 0.41796875 0.10986328125 0.49869791666666663 0.11279296875 0.41796875 0.11376953125 0.41796875 0.11669921875 0.41796875 0.11376953125 0.49869791666666663 0.34814453125 0.22786458333333337 0.35107421875 0.20963541666666663 0.34814453125 0.20963541666666663 0.26513671875 0.18880208333333337 0.25830078125 0.18880208333333337 0.25830078125 0.20703125 0.11767578125 0.41796875 0.11767578125 0.49869791666666663 0.12060546875 0.41796875 0.12158203125 0.49869791666666663 0.12158203125 0.41796875 0.12451171875 0.41796875 0.01611328125 0.33463541666666663 0.01611328125 0.41536458333333337 0.26611328125 0.18880208333333337 0.26904296875 0.18880208333333337 0.26611328125 0.20703125 0.00048828125 0.33463541666666663 0.00341796875 0.33463541666666663 0.00048828125 0.41536458333333337 0.00439453125 0.33463541666666663 0.00439453125 0.41536458333333337 0.00732421875 0.33463541666666663 0.00830078125 0.33463541666666663 0.00830078125 0.41536458333333337 0.01123046875 0.33463541666666663 0.01513671875 0.33463541666666663 0.01220703125 0.33463541666666663 0.01220703125 0.41536458333333337 0.27392578125 0.20703125 0.27392578125 0.18880208333333337 0.28076171875 0.18880208333333337 0.28173828125 0.18880208333333337 0.28857421875 0.18880208333333337 0.28173828125 0.20703125 0.01904296875 0.33463541666666663 0.02294921875 0.33463541666666663 0.02392578125 0.33463541666666663 0.02392578125 0.41536458333333337 0.02685546875 0.33463541666666663 0.03076171875 0.33463541666666663 0.03173828125 0.33463541666666663 0.03173828125 0.41536458333333337 0.03466796875 0.33463541666666663 0.27001953125 0.18880208333333337 0.27001953125 0.20703125 0.27294921875 0.18880208333333337 0.28955078125 0.18880208333333337 0.29638671875 0.18880208333333337 0.28955078125 0.20703125 0.92236328125 0.49869791666666663 0.93701171875 0.45963541666666663 0.92236328125 0.45963541666666663 0.94482421875 0.45963541666666663 0.93798828125 0.49869791666666663 0.93798828125 0.45963541666666663 0.95361328125 0.45963541666666663 0.96826171875 0.45963541666666663 0.95361328125 0.49869791666666663 0.29736328125 0.20703125 0.30419921875 0.18880208333333337 0.29736328125 0.18880208333333337 0.03564453125 0.33463541666666663 0.03564453125 0.41536458333333337 0.03857421875 0.33463541666666663 0.04248046875 0.33463541666666663 0.03955078125 0.41536458333333337 0.03955078125 0.33463541666666663 0.30517578125 0.20703125 0.30810546875 0.18880208333333337 0.30517578125 0.18880208333333337 0.30908203125 0.20703125 0.30908203125 0.18880208333333337 0.31201171875 0.18880208333333337 0.31591796875 0.18880208333333337 0.31298828125 0.18880208333333337 0.31298828125 0.20703125 0.04345703125 0.41536458333333337 0.04345703125 0.33463541666666663 0.04638671875 0.33463541666666663 0.04736328125 0.33463541666666663 0.04736328125 0.41536458333333337 0.05029296875 0.33463541666666663 0.32763671875 0.18880208333333337 0.32080078125 0.18880208333333337 0.32080078125 0.20703125 0.32861328125 0.20703125 0.32861328125 0.18880208333333337 0.33544921875 0.18880208333333337 0.31982421875 0.18880208333333337 0.31689453125 0.20703125 0.31689453125 0.18880208333333337 0.96923828125 0.45963541666666663 0.96923828125 0.49869791666666663 0.98388671875 0.45963541666666663 0.33935546875 0.18880208333333337 0.33642578125 0.18880208333333337 0.33642578125 0.20703125 0.35107421875 0.18880208333333337 0.34423828125 0.20703125 0.34423828125 0.18880208333333337 0.05126953125 0.33463541666666663 0.05126953125 0.41536458333333337 0.05419921875 0.33463541666666663 0.35205078125 0.20703125 0.35205078125 0.18880208333333337 0.35888671875 0.18880208333333337 0.34033203125 0.18880208333333337 0.34033203125 0.20703125 0.34326171875 0.18880208333333337 0.36669921875 0.18880208333333337 0.35986328125 0.20703125 0.35986328125 0.18880208333333337 0.37060546875 0.18880208333333337 0.36767578125 0.20703125 0.36767578125 0.18880208333333337 0.05810546875 0.33463541666666663 0.05517578125 0.33463541666666663 0.05517578125 0.41536458333333337 0.05908203125 0.41536458333333337 0.05908203125 0.33463541666666663 0.06201171875 0.33463541666666663 0.25732421875 0.16796875 0.25048828125 0.18619791666666663 0.25048828125 0.16796875 0.37451171875 0.18880208333333337 0.37158203125 0.20703125 0.37158203125 0.18880208333333337 0.26123046875 0.16796875 0.25830078125 0.18619791666666663 0.25830078125 0.16796875 0.06298828125 0.33463541666666663 0.06298828125 0.41536458333333337 0.06591796875 0.33463541666666663 0.06689453125 0.33463541666666663 0.06982421875 0.33463541666666663 0.06689453125 0.41536458333333337 0.12451171875 0.33463541666666663 0.09423828125 0.33463541666666663 0.09423828125 0.41536458333333337 0.98486328125 0.49869791666666663 0.98486328125 0.45963541666666663 0.99951171875 0.45963541666666663 0.95263671875 0.45963541666666663 0.94580078125 0.49869791666666663 0.94580078125 0.45963541666666663 0.88232421875 0.41796875 0.87548828125 0.45703125 0.87548828125 0.41796875 0.26611328125 0.18619791666666663 0.27294921875 0.16796875 0.26611328125 0.16796875 0.28076171875 0.16796875 0.27392578125 0.18619791666666663 0.27392578125 0.16796875 0.26513671875 0.16796875 0.26220703125 0.16796875 0.26220703125 0.18619791666666663 0.28173828125 0.18619791666666663 0.28173828125 0.16796875 0.28857421875 0.16796875 0.28955078125 0.16796875 0.29248046875 0.16796875 0.28955078125 0.18619791666666663 0.29345703125 0.18619791666666663 0.29638671875 0.16796875 0.29345703125 0.16796875 0.07373046875 0.33463541666666663 0.07080078125 0.33463541666666663 0.07080078125 0.41536458333333337 0.30419921875 0.16796875 0.29736328125 0.18619791666666663 0.29736328125 0.16796875 0.30517578125 0.16796875 0.31201171875 0.16796875 0.30517578125 0.18619791666666663 0.31982421875 0.16796875 0.31298828125 0.18619791666666663 0.31298828125 0.16796875 0.32763671875 0.16796875 0.32080078125 0.16796875 0.32080078125 0.18619791666666663 0.89111328125 0.45703125 0.89111328125 0.41796875 0.90576171875 0.41796875 0.89013671875 0.41796875 0.88330078125 0.41796875 0.88330078125 0.45703125 0.90673828125 0.45703125 0.92138671875 0.41796875 0.90673828125 0.41796875 0.92919921875 0.41796875 0.92236328125 0.45703125 0.92236328125 0.41796875 0.93798828125 0.41796875 0.93798828125 0.45703125 0.95263671875 0.41796875 0.95361328125 0.41796875 0.96826171875 0.41796875 0.95361328125 0.45703125 0.33544921875 0.16796875 0.32861328125 0.18619791666666663 0.32861328125 0.16796875 0.15576171875 0.5846354166666667 0.12548828125 0.5846354166666667 0.12548828125 0.6653645833333333 0.07470703125 0.41536458333333337 0.07470703125 0.33463541666666663 0.07763671875 0.33463541666666663 0.06298828125 0.83203125 0.06298828125 0.66796875 0.09326171875 0.66796875 0.12451171875 0.66796875 0.09423828125 0.83203125 0.09423828125 0.66796875 0.18701171875 0.5846354166666667 0.15673828125 0.6653645833333333 0.15673828125 0.5846354166666667 0.09326171875 0.33463541666666663 0.07861328125 0.41536458333333337 0.07861328125 0.33463541666666663 0.93017578125 0.41796875 0.33642578125 0.16796875 0.34326171875 0.16796875 0.33642578125 0.18619791666666663 0.97607421875 0.41796875 0.96923828125 0.45703125 0.96923828125 0.41796875 0.18798828125 0.6653645833333333 0.18798828125 0.5846354166666667 0.21826171875 0.5846354166666667 0.98486328125 0.45703125 0.98486328125 0.41796875 0.99951171875 0.41796875 0.87548828125 0.37630208333333337 0.87548828125 0.41536458333333337 0.89013671875 0.37630208333333337 0.21923828125 0.6653645833333333 0.24951171875 0.5846354166666667 0.21923828125 0.5846354166666667 0.12548828125 0.5013020833333333 0.12548828125 0.58203125 0.15576171875 0.5013020833333333 0.97705078125 0.41796875 0.97705078125 0.45703125 0.98388671875 0.41796875 0.90576171875 0.37630208333333337 0.89111328125 0.37630208333333337 0.89111328125 0.41536458333333337 0.90673828125 0.41536458333333337 0.92138671875 0.37630208333333337 0.90673828125 0.37630208333333337 0.93701171875 0.37630208333333337 0.92236328125 0.37630208333333337 0.92236328125 0.41536458333333337 0.35107421875 0.16796875 0.34423828125 0.18619791666666663 0.34423828125 0.16796875 0.35205078125 0.16796875 0.35888671875 0.16796875 0.35205078125 0.18619791666666663 0.15673828125 0.58203125 0.15966796875 0.5013020833333333 0.15673828125 0.5013020833333333 0.16357421875 0.5013020833333333 0.16064453125 0.5013020833333333 0.16064453125 0.58203125 0.17236328125 0.58203125 0.17236328125 0.5013020833333333 0.18701171875 0.5013020833333333 0.20263671875 0.5013020833333333 0.18798828125 0.5013020833333333 0.18798828125 0.58203125 0.16455078125 0.58203125 0.16455078125 0.5013020833333333 0.16748046875 0.5013020833333333 0.35986328125 0.18619791666666663 0.35986328125 0.16796875 0.36279296875 0.16796875 0.94482421875 0.37630208333333337 0.93798828125 0.41536458333333337 0.93798828125 0.37630208333333337 0.37451171875 0.16796875 0.36767578125 0.16796875 0.36767578125 0.18619791666666663 0.20361328125 0.58203125 0.21826171875 0.5013020833333333 0.20361328125 0.5013020833333333 0.21923828125 0.58203125 0.21923828125 0.5013020833333333 0.24951171875 0.5013020833333333 0.12548828125 0.41796875 0.12548828125 0.49869791666666663 0.14013671875 0.41796875 0.14111328125 0.49869791666666663 0.15673828125 0.41796875 0.18701171875 0.41796875 0.15673828125 0.49869791666666663 0.25732421875 0.14713541666666663 0.25048828125 0.14713541666666663 0.25048828125 0.16536458333333337 0.25830078125 0.16536458333333337 0.25830078125 0.14713541666666663 0.26513671875 0.14713541666666663 0.95361328125 0.37630208333333337 0.96826171875 0.37630208333333337 0.95361328125 0.41536458333333337 0.16845703125 0.58203125 0.17138671875 0.5013020833333333 0.16845703125 0.5013020833333333 0.18798828125 0.49869791666666663 0.18798828125 0.41796875 0.19091796875 0.41796875 0.19189453125 0.41796875 0.19482421875 0.41796875 0.19189453125 0.49869791666666663 0.19580078125 0.41796875 0.19580078125 0.49869791666666663 0.19873046875 0.41796875 0.20263671875 0.41796875 0.19970703125 0.49869791666666663 0.19970703125 0.41796875 0.96923828125 0.37630208333333337 0.98388671875 0.37630208333333337 0.96923828125 0.41536458333333337 0.26611328125 0.16536458333333337 0.27294921875 0.14713541666666663 0.26611328125 0.14713541666666663 0.27392578125 0.14713541666666663 0.27392578125 0.16536458333333337 0.28076171875 0.14713541666666663 0.20361328125 0.41796875 0.21923828125 0.41796875 0.24951171875 0.41796875 0.21923828125 0.49869791666666663 0.98486328125 0.37630208333333337 0.98486328125 0.41536458333333337 0.99951171875 0.37630208333333337 0.12548828125 0.33463541666666663 0.12548828125 0.41536458333333337 0.12841796875 0.33463541666666663 0.28857421875 0.14713541666666663 0.28173828125 0.14713541666666663 0.28173828125 0.16536458333333337 0.87548828125 0.33463541666666663 0.87548828125 0.37369791666666663 0.89013671875 0.33463541666666663 0.89111328125 0.33463541666666663 0.90576171875 0.33463541666666663 0.89111328125 0.37369791666666663 0.90673828125 0.37369791666666663 0.92138671875 0.33463541666666663 0.90673828125 0.33463541666666663 0.29638671875 0.14713541666666663 0.28955078125 0.14713541666666663 0.28955078125 0.16536458333333337 0.31103515625 0.49869791666666663 0.31103515625 0.41796875 0.29736328125 0.16536458333333337 0.29736328125 0.14713541666666663 0.30419921875 0.14713541666666663 0.13232421875 0.33463541666666663 0.12939453125 0.41536458333333337 0.12939453125 0.33463541666666663 0.15576171875 0.33463541666666663 0.14111328125 0.41536458333333337 0.14111328125 0.33463541666666663 0.94580078125 0.37630208333333337 0.94580078125 0.41536458333333337 0.95263671875 0.37630208333333337 0.15673828125 0.33463541666666663 0.15673828125 0.41536458333333337 0.18701171875 0.33463541666666663 0.20263671875 0.33463541666666663 0.18798828125 0.33463541666666663 0.18798828125 0.41536458333333337 0.93701171875 0.33463541666666663 0.92236328125 0.33463541666666663 0.92236328125 0.37369791666666663 0.93798828125 0.37369791666666663 0.93798828125 0.33463541666666663 0.94482421875 0.33463541666666663 0.96826171875 0.33463541666666663 0.95361328125 0.33463541666666663 0.95361328125 0.37369791666666663 0.96923828125 0.37369791666666663 0.98388671875 0.33463541666666663 0.96923828125 0.33463541666666663 0.94580078125 0.37369791666666663 0.94580078125 0.33463541666666663 0.95263671875 0.33463541666666663 0.99951171875 0.33463541666666663 0.98486328125 0.37369791666666663 0.98486328125 0.33463541666666663 0.00732421875 0.29296875 0.00048828125 0.29296875 0.00048828125 0.33203125 0.31201171875 0.14713541666666663 0.30517578125 0.16536458333333337 0.30517578125 0.14713541666666663 0.31298828125 0.14713541666666663 0.31982421875 0.14713541666666663 0.31298828125 0.16536458333333337 0.32080078125 0.16536458333333337 0.32080078125 0.14713541666666663 0.32763671875 0.14713541666666663 0.36669921875 0.16796875 0.36376953125 0.18619791666666663 0.36376953125 0.16796875 0.01611328125 0.29296875 0.01611328125 0.33203125 0.03076171875 0.29296875 0.32861328125 0.16536458333333337 0.33544921875 0.14713541666666663 0.32861328125 0.14713541666666663 0.00830078125 0.29296875 0.00830078125 0.33203125 0.01513671875 0.29296875 0.13330078125 0.33463541666666663 0.13330078125 0.41536458333333337 0.13623046875 0.33463541666666663 0.33642578125 0.14713541666666663 0.33642578125 0.16536458333333337 0.33935546875 0.14713541666666663 0.34033203125 0.16536458333333337 0.34033203125 0.14713541666666663 0.34326171875 0.14713541666666663 0.13720703125 0.33463541666666663 0.14013671875 0.33463541666666663 0.13720703125 0.41536458333333337 0.20654296875 0.33463541666666663 0.21044921875 0.33463541666666663 0.20751953125 0.41536458333333337 0.20751953125 0.33463541666666663 0.03173828125 0.33203125 0.04638671875 0.29296875 0.03173828125 0.29296875 0.34716796875 0.14713541666666663 0.34423828125 0.14713541666666663 0.34423828125 0.16536458333333337 0.04736328125 0.33203125 0.05419921875 0.29296875 0.04736328125 0.29296875 0.35888671875 0.14713541666666663 0.35205078125 0.16536458333333337 0.35205078125 0.14713541666666663 0.05517578125 0.29296875 0.05517578125 0.33203125 0.06201171875 0.29296875 0.06298828125 0.29296875 0.06298828125 0.33203125 0.06982421875 0.29296875 0.21142578125 0.33463541666666663 0.21142578125 0.41536458333333337 0.21435546875 0.33463541666666663 0.07080078125 0.29296875 0.07763671875 0.29296875 0.07080078125 0.33203125 0.35986328125 0.16536458333333337 0.35986328125 0.14713541666666663 0.36669921875 0.14713541666666663 0.07861328125 0.29296875 0.07861328125 0.33203125 0.08544921875 0.29296875 0.08642578125 0.29296875 0.08642578125 0.33203125 0.09326171875 0.29296875 0.09423828125 0.29296875 0.10888671875 0.29296875 0.09423828125 0.33203125 0.10986328125 0.29296875 0.12451171875 0.29296875 0.10986328125 0.33203125 0.35107421875 0.14713541666666663 0.34814453125 0.14713541666666663 0.34814453125 0.16536458333333337 0.21826171875 0.33463541666666663 0.21533203125 0.33463541666666663 0.21533203125 0.41536458333333337 0.36767578125 0.16536458333333337 0.37060546875 0.14713541666666663 0.36767578125 0.14713541666666663 0.37158203125 0.16536458333333337 0.37158203125 0.14713541666666663 0.37451171875 0.14713541666666663 0.22216796875 0.33463541666666663 0.21923828125 0.33463541666666663 0.21923828125 0.41536458333333337 0.25048828125 0.14453125 0.25732421875 0.12630208333333337 0.25048828125 0.12630208333333337 0.22314453125 0.33463541666666663 0.22607421875 0.33463541666666663 0.22314453125 0.41536458333333337 0.25830078125 0.12630208333333337 0.26513671875 0.12630208333333337 0.25830078125 0.14453125 0.22705078125 0.33463541666666663 0.22998046875 0.33463541666666663 0.22705078125 0.41536458333333337 0.26904296875 0.12630208333333337 0.26611328125 0.12630208333333337 0.26611328125 0.14453125 0.28076171875 0.12630208333333337 0.27392578125 0.14453125 0.27392578125 0.12630208333333337 0.00048828125 0.25130208333333337 0.00048828125 0.29036458333333337 0.01513671875 0.25130208333333337 0.01611328125 0.29036458333333337 0.02294921875 0.25130208333333337 0.01611328125 0.25130208333333337 0.04638671875 0.25130208333333337 0.03173828125 0.25130208333333337 0.03173828125 0.29036458333333337 0.23095703125 0.33463541666666663 0.23095703125 0.41536458333333337 0.23388671875 0.33463541666666663 0.23486328125 0.33463541666666663 0.28857421875 0.12630208333333337 0.28173828125 0.12630208333333337 0.28173828125 0.14453125 0.28955078125 0.14453125 0.29638671875 0.12630208333333337 0.28955078125 0.12630208333333337 0.29736328125 0.14453125 0.29736328125 0.12630208333333337 0.30419921875 0.12630208333333337 0.02392578125 0.25130208333333337 0.02392578125 0.29036458333333337 0.03076171875 0.25130208333333337 0.04736328125 0.29036458333333337 0.05419921875 0.25130208333333337 0.04736328125 0.25130208333333337 0.30517578125 0.12630208333333337 0.31201171875 0.12630208333333337 0.30517578125 0.14453125 0.25048828125 0.6653645833333333 0.25341796875 0.5846354166666667 0.25048828125 0.5846354166666667 0.31298828125 0.12630208333333337 0.31982421875 0.12630208333333337 0.31298828125 0.14453125 0.05517578125 0.29036458333333337 0.05517578125 0.25130208333333337 0.06201171875 0.25130208333333337 0.06298828125 0.29036458333333337 0.07763671875 0.25130208333333337 0.06298828125 0.25130208333333337 0.31298828125 0.49869791666666663 0.31298828125 0.41796875 0.07861328125 0.29036458333333337 0.08544921875 0.25130208333333337 0.07861328125 0.25130208333333337 0.10888671875 0.25130208333333337 0.09423828125 0.25130208333333337 0.09423828125 0.29036458333333337 0.08642578125 0.25130208333333337 0.08642578125 0.29036458333333337 0.09326171875 0.25130208333333337 0.25439453125 0.5846354166666667 0.25439453125 0.6653645833333333 0.25732421875 0.5846354166666667 0.27001953125 0.14453125 0.27001953125 0.12630208333333337 0.27294921875 0.12630208333333337 0.11669921875 0.25130208333333337 0.10986328125 0.29036458333333337 0.10986328125 0.25130208333333337 0.31201171875 0.5846354166666667 0.28173828125 0.6653645833333333 0.28173828125 0.5846354166666667 0.00048828125 0.24869791666666663 0.01513671875 0.20963541666666663 0.00048828125 0.20963541666666663 0.01611328125 0.20963541666666663 0.01611328125 0.24869791666666663 0.03076171875 0.20963541666666663 0.11767578125 0.29036458333333337 0.12451171875 0.25130208333333337 0.11767578125 0.25130208333333337 0.25830078125 0.6653645833333333 0.25830078125 0.5846354166666667 0.26123046875 0.5846354166666667 0.32080078125 0.12630208333333337 0.32373046875 0.12630208333333337 0.32080078125 0.14453125 0.26220703125 0.6653645833333333 0.03173828125 0.20963541666666663 0.03173828125 0.24869791666666663 0.04638671875 0.20963541666666663 0.26611328125 0.5846354166666667 0.26611328125 0.6653645833333333 0.26904296875 0.5846354166666667 0.32861328125 0.14453125 0.32861328125 0.12630208333333337 0.33544921875 0.12630208333333337 0.31298828125 0.6653645833333333 0.31298828125 0.5846354166666667 0.34326171875 0.5846354166666667 0.32470703125 0.12630208333333337 0.32470703125 0.14453125 0.32763671875 0.12630208333333337 0.34423828125 0.6653645833333333 0.35888671875 0.5846354166666667 0.34423828125 0.5846354166666667 0.27294921875 0.5846354166666667 0.27001953125 0.6653645833333333 0.27001953125 0.5846354166666667 0.33935546875 0.12630208333333337 0.33642578125 0.14453125 0.33642578125 0.12630208333333337 0.27685546875 0.5846354166666667 0.27392578125 0.5846354166666667 0.27392578125 0.6653645833333333 0.25048828125 0.5013020833333333 0.25048828125 0.58203125 0.28076171875 0.5013020833333333 0.28173828125 0.5013020833333333 0.28173828125 0.58203125 0.31201171875 0.5013020833333333 0.34033203125 0.12630208333333337 0.34326171875 0.12630208333333337 0.34033203125 0.14453125 0.04736328125 0.24869791666666663 0.06201171875 0.20963541666666663 0.04736328125 0.20963541666666663 0.34326171875 0.5013020833333333 0.31298828125 0.5013020833333333 0.31298828125 0.58203125 0.06298828125 0.24869791666666663 0.28076171875 0.5846354166666667 0.27783203125 0.5846354166666667 0.27783203125 0.6653645833333333 0.34716796875 0.12630208333333337 0.34423828125 0.12630208333333337 0.34423828125 0.14453125 0.35986328125 0.6653645833333333 0.36279296875 0.5846354166666667 0.35986328125 0.5846354166666667 0.07861328125 0.24869791666666663 0.07861328125 0.20963541666666663 0.09326171875 0.20963541666666663 0.10888671875 0.20963541666666663 0.09423828125 0.24869791666666663 0.09423828125 0.20963541666666663 0.10986328125 0.24869791666666663 0.12451171875 0.20963541666666663 0.10986328125 0.20963541666666663 0.35205078125 0.12630208333333337 0.35888671875 0.12630208333333337 0.35205078125 0.14453125 0.36669921875 0.5846354166666667 0.36376953125 0.5846354166666667 0.36376953125 0.6653645833333333 0.07763671875 0.20963541666666663 0.07080078125 0.20963541666666663 0.07080078125 0.24869791666666663 0.01513671875 0.16796875 0.00048828125 0.20703125 0.00048828125 0.16796875 0.34423828125 0.5013020833333333 0.37451171875 0.5013020833333333 0.34423828125 0.58203125 0.02294921875 0.16796875 0.01611328125 0.16796875 0.01611328125 0.20703125 0.37060546875 0.5846354166666667 0.36767578125 0.5846354166666667 0.36767578125 0.6653645833333333 0.35986328125 0.12630208333333337 0.36669921875 0.12630208333333337 0.35986328125 0.14453125 0.04638671875 0.16796875 0.03173828125 0.20703125 0.03173828125 0.16796875 0.04736328125 0.16796875 0.06201171875 0.16796875 0.04736328125 0.20703125 0.36767578125 0.12630208333333337 0.37451171875 0.12630208333333337 0.36767578125 0.14453125 0.34814453125 0.14453125 0.34814453125 0.12630208333333337 0.35107421875 0.12630208333333337 0.25048828125 0.12369791666666663 0.25048828125 0.10546875 0.25732421875 0.10546875 0.07763671875 0.16796875 0.06298828125 0.20703125 0.06298828125 0.16796875 0.09326171875 0.16796875 0.07861328125 0.16796875 0.07861328125 0.20703125 0.37158203125 0.6653645833333333 0.37158203125 0.5846354166666667 0.37451171875 0.5846354166666667 0.26513671875 0.10546875 0.25830078125 0.12369791666666663 0.25830078125 0.10546875 0.02392578125 0.20703125 0.02392578125 0.16796875 0.03076171875 0.16796875 0.26611328125 0.12369791666666663 0.26611328125 0.10546875 0.27294921875 0.10546875 0.27392578125 0.10546875 0.28076171875 0.10546875 0.27392578125 0.12369791666666663 0.25341796875 0.41796875 0.25048828125 0.41796875 0.25048828125 0.49869791666666663 0.09423828125 0.16796875 0.09423828125 0.20703125 0.10888671875 0.16796875 0.31494140625 0.49869791666666663 0.31494140625 0.41796875 0.10986328125 0.20703125 0.11669921875 0.16796875 0.10986328125 0.16796875 0.28173828125 0.10546875 0.28857421875 0.10546875 0.28173828125 0.12369791666666663 0.29638671875 0.10546875 0.28955078125 0.12369791666666663 0.28955078125 0.10546875 0.30029296875 0.10546875 0.29736328125 0.10546875 0.29736328125 0.12369791666666663 0.30517578125 0.12369791666666663 0.31201171875 0.10546875 0.30517578125 0.10546875 0.30419921875 0.10546875 0.30126953125 0.12369791666666663 0.30126953125 0.10546875 0.25439453125 0.49869791666666663 0.25732421875 0.41796875 0.25439453125 0.41796875 0.31982421875 0.10546875 0.12451171875 0.16796875 0.11767578125 0.20703125 0.11767578125 0.16796875 0.32373046875 0.10546875 0.32080078125 0.10546875 0.32080078125 0.12369791666666663 0.00048828125 0.16536458333333337 0.01513671875 0.12630208333333337 0.00048828125 0.12630208333333337 0.32861328125 0.12369791666666663 0.33544921875 0.10546875 0.32861328125 0.10546875 0.33642578125 0.12369791666666663 0.33642578125 0.10546875 0.34326171875 0.10546875 0.25830078125 0.49869791666666663 0.26123046875 0.41796875 0.25830078125 0.41796875 0.26220703125 0.49869791666666663 0.26220703125 0.41796875 0.26513671875 0.41796875 0.34423828125 0.10546875 0.34423828125 0.12369791666666663 0.35107421875 0.10546875 0.26611328125 0.41796875 0.26904296875 0.41796875 0.26611328125 0.49869791666666663 0.35205078125 0.12369791666666663 0.35888671875 0.10546875 0.35205078125 0.10546875 0.35986328125 0.12369791666666663 0.35986328125 0.10546875 0.36669921875 0.10546875 0.32763671875 0.10546875 0.32470703125 0.12369791666666663 0.32470703125 0.10546875 0.27001953125 0.41796875 0.27001953125 0.49869791666666663 0.27294921875 0.41796875 0.36767578125 0.12369791666666663 0.37060546875 0.10546875 0.36767578125 0.10546875 0.02294921875 0.12630208333333337 0.01611328125 0.16536458333333337 0.01611328125 0.12630208333333337 0.25048828125 0.10286458333333337 0.25048828125 0.08463541666666663 0.25732421875 0.08463541666666663 0.25830078125 0.08463541666666663 0.26513671875 0.08463541666666663 0.25830078125 0.10286458333333337 0.26611328125 0.10286458333333337 0.26611328125 0.08463541666666663 0.27294921875 0.08463541666666663 0.27392578125 0.41796875 0.27685546875 0.41796875 0.27392578125 0.49869791666666663 0.28076171875 0.08463541666666663 0.27392578125 0.08463541666666663 0.27392578125 0.10286458333333337 0.37451171875 0.10546875 0.37158203125 0.12369791666666663 0.37158203125 0.10546875 0.27783203125 0.41796875 0.28076171875 0.41796875 0.27783203125 0.49869791666666663 0.04638671875 0.12630208333333337 0.03173828125 0.12630208333333337 0.03173828125 0.16536458333333337 0.28466796875 0.41796875 0.28173828125 0.49869791666666663 0.28173828125 0.41796875 0.02392578125 0.12630208333333337 0.04736328125 0.16536458333333337 0.04736328125 0.12630208333333337 0.06201171875 0.12630208333333337 0.28564453125 0.49869791666666663 0.28564453125 0.41796875 0.28857421875 0.41796875 0.28955078125 0.41796875 0.29248046875 0.41796875 0.28955078125 0.49869791666666663 0.28173828125 0.10286458333333337 0.28173828125 0.08463541666666663 0.28857421875 0.08463541666666663 0.28955078125 0.10286458333333337 0.29248046875 0.08463541666666663 0.28955078125 0.08463541666666663 0.30419921875 0.08463541666666663 0.29736328125 0.10286458333333337 0.29736328125 0.08463541666666663 0.29345703125 0.49869791666666663 0.29638671875 0.41796875 0.29345703125 0.41796875 0.31201171875 0.08463541666666663 0.30517578125 0.08463541666666663 0.30517578125 0.10286458333333337 0.07763671875 0.12630208333333337 0.06298828125 0.16536458333333337 0.06298828125 0.12630208333333337</float_array>
                    <technique_common>
                        <accessor count="5447" source="#uvarray0_VC" stride="2">
                            <param name="S" type="float"/>
                            <param name="T" type="float"/>
                        </accessor>
                    </technique_common>
                </source>
                <vertices id="vertices0_VC">
                    <input semantic="POSITION" source="#points0_VC"/>
                </vertices>
                <polylist count="3072" material="Material1">
                    <input offset="0" semantic="VERTEX" source="#vertices0_VC"/>
                    <input offset="1" semantic="TEXCOORD" source="#uvs0_VC" set="0"/>
                    <vcount>3 3 3 3 3 3 3 3 3 3 3 3 3 3 3 3 3 3 3 3 3 3 3 3 3 3 3 3 3 3 3 3 3 3 3 3 3 3 3 3 3 3 3 3 3 3 3 3 3 3 3 3 3 3 3 3 3 3 3 3 3 3 3 3 3 3 3 3 3 3 3 3 3 3 3 3 3 3 3 3 3 3 3 3 3 3 3 3 3 3 3 3 3 3 3 3 3 3 3 3 3 3 3 3 3 3 3 3 3 3 3 3 3 3 3 3 3 3 3 3 3 3 3 3 3 3 3 3 3 3 3 3 3 3 3 3 3 3 3 3 3 3 3 3 3 3 3 3 3 3 3 3 3 3 3 3 3 3 3 3 3 3 3 3 3 3 3 3 3 3 3 3 3 3 3 3 3 3 3 3 3 3 3 3 3 3 3 3 3 3 3 3 3 3 3 3 3 3 3 3 3 3 3 3 3 3 3 3 3 3 3 3 3 3 3 3 3 3 3 3 3 3 3 3 3 3 3 3 3 3 3 3 3 3 3 3 3 3 3 3 3 3 3 3 3 3 3 3 3 3 3 3 3 3 3 3 3 3 3 3 3 3 3 3 3 3 3 3 3 3 3 3 3 3 3 3 3 3 3 3 3 3 3 3 3 3 3 3 3 3 3 3 3 3 3 3 3 3 3 3 3 3 3 3 3 3 3 3 3 3 3 3 3 3 3 3 3 3 3 3 3 3 3 3 3 3 3 3 3 3 3 3 3 3 3 3 3 3 3 3 3 3 3 3 3 3 3 3 3 3 3 3 3 3 3 3 3 3 3 3 3 3 3 3 3 3 3 3 3 3 3 3 3 3 3 3 3 3 3 3 3 3 3 3 3 3 3 3 3 3 3 3 3 3 3 3 3 3 3 3 3 3 3 3 3 3 3 3 3 3 3 3 3 3 3 3 3 3 3 3 3 3 3 3 3 3 3 3 3 3 3 3 3 3 3 3 3 3 3 3 3 3 3 3 3 3 3 3 3 3 3 3 3 3 3 3 3 3 3 3 3 3 3 3 3 3 3 3 3 3 3 3 3 3 3 3 3 3 3 3 3 3 3 3 3 3 3 3 3 3 3 3 3 3 3 3 3 3 3 3 3 3 3 3 3 3 3 3 3 3 3 3 3 3 3 3 3 3 3 3 3 3 3 3 3 3 3 3 3 3 3 3 3 3 3 3 3 3 3 3 3 3 3 3 3 3 3 3 3 3 3 3 3 3 3 3 3 3 3 3 3 3 3 3 3 3 3 3 3 3 3 3 3 3 3 3 3 3 3 3 3 3 3 3 3 3 3 3 3 3 3 3 3 3 3 3 3 3 3 3 3 3 3 3 3 3 3 3 3 3 3 3 3 3 3 3 3 3 3 3 3 3 3 3 3 3 3 3 3 3 3 3 3 3 3 3 3 3 3 3 3 3 3 3 3 3 3 3 3 3 3 3 3 3 3 3 3 3 3 3 3 3 3 3 3 3 3 3 3 3 3 3 3 3 3 3 3 3 3 3 3 3 3 3 3 3 3 3 3 3 3 3 3 3 3 3 3 3 3 3 3 3 3 3 3 3 3 3 3 3 3 3 3 3 3 3 3 3 3 3 3 3 3 3 3 3 3 3 3 3 3 3 3 3 3 3 3 3 3 3 3 3 3 3 3 3 3 3 3 3 3 3 3 3 3 3 3 3 3 3 3 3 3 3 3 3 3 3 3 3 3 3 3 3 3 3 3 3 3 3 3 3 3 3 3 3 3 3 3 3 3 3 3 3 3 3 3 3 3 3 3 3 3 3 3 3 3 3 3 3 3 3 3 3 3 3 3 3 3 3 3 3 3 3 3 3 3 3 3 3 3 3 3 3 3 3 3 3 3 3 3 3 3 3 3 3 3 3 3 3 3 3 3 3 3 3 3 3 3 3 3 3 3 3 3 3 3 3 3 3 3 3 3 3 3 3 3 3 3 3 3 3 3 3 3 3 3 3 3 3 3 3 3 3 3 3 3 3 3 3 3 3 3 3 3 3 3 3 3 3 3 3 3 3 3 3 3 3 3 3 3 3 3 3 3 3 3 3 3 3 3 3 3 3 3 3 3 3 3 3 3 3 3 3 3 3 3 3 3 3 3 3 3 3 3 3 3 3 3 3 3 3 3 3 3 3 3 3 3 3 3 3 3 3 3 3 3 3 3 3 3 3 3 3 3 3 3 3 3 3 3 3 3 3 3 3 3 3 3 3 3 3 3 3 3 3 3 3 3 3 3 3 3 3 3 3 3 3 3 3 3 3 3 3 3 3 3 3 3 3 3 3 3 3 3 3 3 3 3 3 3 3 3 3 3 3 3 3 3 3 3 3 3 3 3 3 3 3 3 3 3 3 3 3 3 3 3 3 3 3 3 3 3 3 3 3 3 3 3 3 3 3 3 3 3 3 3 3 3 3 3 3 3 3 3 3 3 3 3 3 3 3 3 3 3 3 3 3 3 3 3 3 3 3 3 3 3 3 3 3 3 3 3 3 3 3 3 3 3 3 3 3 3 3 3 3 3 3 3 3 3 3 3 3 3 3 3 3 3 3 3 3 3 3 3 3 3 3 3 3 3 3 3 3 3 3 3 3 3 3 3 3 3 3 3 3 3 3 3 3 3 3 3 3 3 3 3 3 3 3 3 3 3 3 3 3 3 3 3 3 3 3 3 3 3 3 3 3 3 3 3 3 3 3 3 3 3 3 3 3 3 3 3 3 3 3 3 3 3 3 3 3 3 3 3 3 3 3 3 3 3 3 3 3 3 3 3 3 3 3 3 3 3 3 3 3 3 3 3 3 3 3 3 3 3 3 3 3 3 3 3 3 3 3 3 3 3 3 3 3 3 3 3 3 3 3 3 3 3 3 3 3 3 3 3 3 3 3 3 3 3 3 3 3 3 3 3 3 3 3 3 3 3 3 3 3 3 3 3 3 3 3 3 3 3 3 3 3 3 3 3 3 3 3 3 3 3 3 3 3 3 3 3 3 3 3 3 3 3 3 3 3 3 3 3 3 3 3 3 3 3 3 3 3 3 3 3 3 3 3 3 3 3 3 3 3 3 3 3 3 3 3 3 3 3 3 3 3 3 3 3 3 3 3 3 3 3 3 3 3 3 3 3 3 3 3 3 3 3 3 3 3 3 3 3 3 3 3 3 3 3 3 3 3 3 3 3 3 3 3 3 3 3 3 3 3 3 3 3 3 3 3 3 3 3 3 3 3 3 3 3 3 3 3 3 3 3 3 3 3 3 3 3 3 3 3 3 3 3 3 3 3 3 3 3 3 3 3 3 3 3 3 3 3 3 3 3 3 3 3 3 3 3 3 3 3 3 3 3 3 3 3 3 3 3 3 3 3 3 3 3 3 3 3 3 3 3 3 3 3 3 3 3 3 3 3 3 3 3 3 3 3 3 3 3 3 3 3 3 3 3 3 3 3 3 3 3 3 3 3 3 3 3 3 3 3 3 3 3 3 3 3 3 3 3 3 3 3 3 3 3 3 3 3 3 3 3 3 3 3 3 3 3 3 3 3 3 3 3 3 3 3 3 3 3 3 3 3 3 3 3 3 3 3 3 3 3 3 3 3 3 3 3 3 3 3 3 3 3 3 3 3 3 3 3 3 3 3 3 3 3 3 3 3 3 3 3 3 3 3 3 3 3 3 3 3 3 3 3 3 3 3 3 3 3 3 3 3 3 3 3 3 3 3 3 3 3 3 3 3 3 3 3 3 3 3 3 3 3 3 3 3 3 3 3 3 3 3 3 3 3 3 3 3 3 3 3 3 3 3 3 3 3 3 3 3 3 3 3 3 3 3 3 3 3 3 3 3 3 3 3 3 3 3 3 3 3 3 3 3 3 3 3 3 3 3 3 3 3 3 3 3 3 3 3 3 3 3 3 3 3 3 3 3 3 3 3 3 3 3 3 3 3 3 3 3 3 3 3 3 3 3 3 3 3 3 3 3 3 3 3 3 3 3 3 3 3 3 3 3 3 3 3 3 3 3 3 3 3 3 3 3 3 3 3 3 3 3 3 3 3 3 3 3 3 3 3 3 3 3 3 3 3 3 3 3 3 3 3 3 3 3 3 3 3 3 3 3 3 3 3 3 3 3 3 3 3 3 3 3 3 3 3 3 3 3 3 3 3 3 3 3 3 3 3 3 3 3 3 3 3 3 3 3 3 3 3 3 3 3 3 3 3 3 3 3 3 3 3 3 3 3 3 3 3 3 3 3 3 3 3 3 3 3 3 3 3 3 3 3 3 3 3 3 3 3 3 3 3 3 3 3 3 3 3 3 3 3 3 3 3 3 3 3 3 3 3 3 3 3 3 3 3 3 3 3 3 3 3 3 3 3 3 3 3 3 3 3 3 3 3 3 3 3 3 3 3 3 3 3 3 3 3 3 3 3 3 3 3 3 3 3 3 3 3 3 3 3 3 3 3 3 3 3 3 3 3 3 3 3 3 3 3 3 3 3 3 3 3 3 3 3 3 3 3 3 3 3 3 3 3 3 3 3 3 3 3 3 3 3 3 3 3 3 3 3 3 3 3 3 3 3 3 3 3 3 3 3 3 3 3 3 3 3 3 3 3 3 3 3 3 3 3 3 3 3 3 3 3 3 3 3 3 3 3 3 3 3 3 3 3 3 3 3 3 3 3 3 3 3 3 3 3 3 3 3 3 3 3 3 3 3 3 3 3 3 3 3 3 3 3 3 3 3 3 3 3 3 3 3 3 3 3 3 3 3 3 3 3 3 3 3 3 3 3 3 3 3 3 3 3 3 3 3 3 3 3 3 3 3 3 3 3 3 3 3 3 3 3 3 3 3 3 3 3 3 3 3 3 3 3 3 3 3 3 3 3 3 3 3 3 3 3 3 3 3 3 3 3 3 3 3 3 3 3 3 3 3 3 3 3 3 3 3 3 3 3 3 3 3 3 3 3 3 3 3 3 3 3 3 3 3 3 3 3 3 3 3 3 3 3 3 3 3 3 3 3 3 3 3 3 3 3 3 3 3 3 3 3 3 3 3 3 3 3 3 3 3 3 3 3 3 3 3 3 3 3 3 3 3 3 3 3 3 3 3 3 3 3 3 3 3 3 3 3 3 3 3 3 3 3 3 3 3 3 3 3 3 3 3 3 3 3 3 3 3 3 3 3 3 3 3 3 3 3 3 3 3 3 3 3 3 3 3 3 3 3 3 3 3 3 3 3 3 3 3 3 3 3 3 3 3 3 3 3 3 3 3 3 3 3 3 3 3 3 3 3 3 3 3 3 3 3 3 3 3 3 3 3 3 3 3 3 3 3 3 3 3 3 3 3 3 3 3 3 3 3 3 3 3 3 3 3 3 3 3 3 3 3 3 3 3 3 3 3 3 3 3 3 3 3 3 3 3 3 3 3 3 3 3 3 3 3 3 3 3 3 3 3 3 3 3 3 3 3 3 3 3 3 3 3 3 3 3 3 3 3 3 3 3 3 3 3 3 3 3 3 3 3 3 3 3 3 3 3 3 3 3 3 3 3 3 3 3 3 3 3 3 3 3 3 3 3 3 3 3 3 3 3 3 3 3 3 3 3 3 3 3 3 3 3 3 3 3 3 3 3 3 3 3 3 3 3 3 3 3 3 3 3 3 3 3 3 3 3 3 3 3 3 3 3 3 3 3 3 3 3 3 3 3 3 3 3 3 3 3 3 3 3 3 3 3 3 3 3 3 3 3 3 3 3 3 3 3 3 3 3 3 3 3 3 3 3 3 3 3 3 3 3 3 3 3 3 3 3 3 3 3 3 3 3 3 3 3 3 3 3 3 3 3 3 3 3 3 3 3 3 3 3 3 3 3 3 3 3 3 3 3 3 3 3 3 3 3 3 3 3 3 3 3 3 3 3 3 3 3 3 3 3 3 3 3 3 3 3 3 3 3 3 3 3 3 3 3 3 3 3 3 3 3 3 3 3 3 3 3 3 3 3 3 3 3 3 3 3 3 3 3 3 3 3 3 3 3 3 3 3 3 3 3 3 3 3 3 3 3 3 3 3 3 3 3 3 3 3 3 3 3 3 3 3 3 3 3 3 3 3 3 3 3 3 3 3 3 3 3 3 3 3 3 3 3 3 3 3 3 3 3 3 3 3 3 3 3 3 3 3 3 3 3 3 3 3 3 3 3 3 3 3 3 3 3 3 3 3 3 3 3 3 3 3 3 3 3 3 3 3 3 3 3 3 3 3 3 3 3 3 3 3 3 3 3 3 3 3 3 3 3 3 3 3 3 3 3 3 3 3 3 3 3 3 3 3 3 3 3 3 3 3 3 3 3 3 3 3 3 3 3 3 3 3 3 3 3 3 3 3 3 3 3 3 3 3 3 3 3 3 3 3 3 3 3 3 3 3 3 3 3 3 3 3 3 3 3 3 3 3 3 3 3 3 3 3 3 3 3 3 3 3 3 3 3 3 3 3 3 3 3 3 3 3 3 3 3 3 3 3 3 3 3 3 3 3 3 3 3 3 3 3 3 3 3 3 3 3 3 3 3 3 3 3 3 3 3 3 3 3 3 3 3 3 3 3 3 3 3 3 3 3 3 3 3 3 3 3 3 3 3 3 3 3 3 3 3 3 3 3 3 3 3 3 3 3 3 3 3 3 3 3 3 3 3 3 3 3 3 3 3 3 3 3 3 3 3 3 3 3 3 3 3 3 3 3 3 3 3 3 3 3 3 3 3 3 3 3 3 3 3 3 3 3 3 3 3 3 3 3 3 3 3 3 3 3 3 3 3 3 3 3 3 3 3 3 3 3 3 3 3 3 3 3 3 3 3 3 3 3 3 3 3 3 3 3 3 3 3 3 3 3 3 3 3 3 3 3 3 3 3 3 3 3 3</vcount>
                    <p>2 0 1 1 0 2 3 2 1 1 2 0 4 1 3 2 2 0 5 1 3 2 4 1 6 1 5 1 4 1 7 1 5 1 6 1 8 1 7 1 6 1 9 1 7 1 8 1 10 2 9 1 8 1 11 2 9 1 10 2 12 2 11 2 10 2 13 3 11 4 12 4 14 4 13 3 12 4 15 3 13 3 14 4 16 3 15 3 14 4 17 5 15 5 16 5 18 6 17 5 16 5 19 7 17 5 18 6 20 8 19 9 18 10 21 11 19 12 20 13 22 14 21 15 20 16 23 17 21 18 22 19 24 20 23 21 22 22 25 23 23 24 24 25 26 26 25 27 24 28 27 29 25 30 26 31 28 30 27 29 26 31 29 32 27 33 28 34 30 35 29 36 28 37 31 38 29 39 30 40 32 41 31 42 30 43 33 43 31 42 32 41 34 44 33 45 32 44 35 46 33 45 34 44 36 47 35 48 34 49 37 50 35 51 36 52 38 53 37 54 36 55 39 56 37 57 38 58 40 59 39 60 38 61 41 62 39 63 40 64 42 64 41 62 40 64 43 63 41 62 42 64 44 65 43 66 42 67 45 68 43 69 44 70 46 71 45 72 44 73 48 74 8 75 47 76 49 1 8 1 48 0 50 2 49 1 48 0 10 2 49 1 50 2 51 77 10 78 50 78 14 78 10 78 51 77 52 79 14 78 51 77 53 80 14 81 52 82 54 83 53 84 52 85 16 86 53 87 54 88 55 89 16 90 54 91 20 89 16 90 55 89 56 92 20 93 55 93 57 94 20 93 56 92 58 95 57 96 56 97 22 98 57 99 58 100 59 101 22 102 58 103 26 104 22 105 59 106 60 106 26 104 59 106 61 104 26 104 60 106 62 107 61 108 60 109 28 110 61 111 62 112 63 112 28 110 62 112 32 113 28 114 63 115 64 116 32 117 63 118 65 119 32 119 64 120 66 121 65 119 64 120 34 119 65 119 66 121 67 122 34 123 66 124 38 125 34 126 67 127 68 128 38 129 67 130 69 131 38 132 68 133 70 134 69 135 68 136 40 137 69 138 70 139 71 140 40 141 70 142 44 65 40 67 71 65 72 143 44 144 71 144 73 145 44 144 72 143 76 146 75 147 74 148 77 149 75 150 76 151 78 152 77 153 76 154 79 155 77 156 78 157 80 158 79 159 78 160 81 161 79 162 80 163 82 164 81 165 80 166 83 167 81 168 82 169 84 170 83 171 82 172 85 173 83 174 84 175 86 176 85 177 84 178 87 179 85 180 86 181 88 182 87 183 86 184 89 185 87 186 88 187 90 188 89 189 88 190 91 191 89 192 90 193 92 194 91 195 90 196 93 197 91 198 92 199 94 200 93 201 92 202 95 203 93 204 94 205 96 206 95 207 94 208 97 209 95 210 96 211 98 212 97 213 96 214 99 215 97 216 98 217 100 218 99 219 98 220 101 221 99 222 100 223 102 224 101 225 100 226 103 227 101 228 102 229 104 230 103 231 102 232 105 233 103 234 104 235 106 236 105 237 104 238 107 239 105 240 106 241 108 242 107 243 106 244 109 245 107 246 108 247 110 248 109 249 108 250 112 251 48 252 111 253 50 4 48 254 112 3 113 3 50 4 112 3 114 254 50 4 113 3 115 87 114 87 113 86 52 82 114 80 115 80 116 80 52 82 115 80 54 83 52 85 116 84 117 255 54 256 116 257 118 257 54 256 117 255 119 258 118 259 117 260 56 261 118 262 119 263 120 261 56 261 119 263 58 95 56 97 120 97 121 264 58 265 120 266 122 267 58 268 121 269 123 270 122 271 121 272 60 273 122 274 123 275 124 273 60 273 123 275 62 107 60 109 124 109 125 276 62 277 124 278 126 279 62 280 125 281 127 279 126 279 125 281 64 282 126 282 127 282 128 282 64 282 127 282 66 121 64 120 128 120 129 120 66 121 128 120 130 119 66 121 129 120 131 283 130 284 129 285 68 286 130 287 131 288 132 289 68 290 131 291 70 292 68 293 132 294 133 293 70 292 132 294 134 134 70 134 133 136 137 295 136 296 135 295 138 297 136 296 137 295 139 298 138 299 137 300 140 298 138 299 139 298 141 300 140 298 139 298 142 301 140 302 141 303 143 304 142 305 141 306 144 304 142 305 143 304 145 307 144 308 143 308 146 309 144 310 145 311 147 312 146 313 145 314 148 315 146 316 147 317 149 315 148 315 147 317 150 143 148 145 149 145 151 318 150 319 149 320 152 321 150 322 151 323 153 324 152 325 151 326 154 327 152 328 153 329 155 330 154 331 153 332 156 333 154 334 155 335 157 336 156 336 155 337 158 338 156 339 157 339 159 340 158 341 157 342 160 343 158 344 159 343 161 100 160 98 159 98 162 345 160 346 161 347 163 348 162 349 161 350 164 351 162 352 163 353 165 354 164 355 163 356 166 357 164 358 165 359 167 357 166 357 165 359 168 263 166 261 167 261 169 360 168 361 167 362 172 363 171 363 170 363 173 364 171 363 172 363 174 365 173 364 172 363 175 363 173 364 174 365 176 366 175 367 174 368 177 369 175 370 176 371 178 298 177 300 176 298 179 298 177 300 178 298 180 372 179 373 178 373 181 374 179 373 180 372 182 375 181 376 180 377 183 378 181 379 182 380 184 381 183 382 182 383 185 384 183 385 184 386 186 387 185 388 184 389 187 390 185 391 186 392 188 393 187 394 186 395 189 280 187 279 188 281 190 396 189 397 188 398 191 112 189 112 190 110 192 399 191 400 190 401 193 402 191 403 192 404 194 405 193 406 192 407 195 408 193 409 194 410 196 411 195 412 194 413 197 414 195 415 196 416 198 417 197 418 196 419 199 420 197 421 198 422 200 423 199 424 198 425 201 426 199 427 200 428 202 429 201 430 200 431 203 432 201 432 202 433 204 434 203 432 202 433 206 435 178 436 205 437 207 372 178 373 206 372 208 372 207 372 206 372 180 372 207 372 208 372 209 438 180 439 208 439 184 440 180 441 209 442 210 441 184 440 209 442 211 440 184 440 210 441 212 443 211 444 210 445 186 446 211 447 212 448 213 449 186 450 212 451 190 452 186 453 213 454 214 455 190 456 213 457 215 458 190 459 214 460 216 461 215 462 214 463 192 464 215 465 216 466 217 467 192 468 216 469 196 470 192 471 217 472 218 473 196 474 217 475 219 476 196 477 218 478 220 479 219 480 218 481 198 482 219 483 220 484 221 485 198 486 220 487 202 488 198 489 221 490 222 491 202 492 221 493 223 494 202 495 222 496 224 497 223 498 222 499 204 500 223 501 224 502 225 503 204 504 224 505 228 506 227 507 226 508 229 509 227 510 228 511 230 512 229 513 228 514 231 515 229 516 230 517 232 518 231 519 230 520 233 521 231 522 232 523 234 524 233 525 232 526 235 527 233 528 234 529 236 528 235 527 234 529 237 530 235 531 236 532 238 533 237 534 236 535 239 536 237 537 238 538 240 539 239 540 238 541 241 542 239 543 240 544 242 545 241 546 240 547 243 548 241 549 242 550 244 551 243 552 242 553 245 552 243 552 244 551 246 554 245 555 244 556 247 557 245 558 246 559 248 560 247 561 246 562 249 563 247 564 248 565 250 566 249 567 248 566 251 568 249 567 250 566 252 569 251 570 250 571 253 572 251 573 252 574 254 572 253 572 252 574 255 575 253 576 254 576 256 577 255 575 254 576 258 578 143 579 257 580 259 581 143 582 258 583 260 584 259 585 258 586 145 587 259 588 260 589 261 587 145 587 260 589 149 590 145 591 261 591 262 592 149 590 261 591 263 593 149 594 262 595 264 596 263 597 262 598 151 599 263 600 264 601 265 602 151 603 264 604 155 605 151 606 265 607 266 608 155 609 265 610 267 611 155 612 266 613 268 614 267 615 266 616 157 617 267 618 268 619 269 620 157 621 268 622 161 623 157 624 269 625 270 626 161 627 269 628 271 629 161 630 270 631 272 632 271 633 270 634 163 6 271 6 272 5 273 635 163 636 272 637 167 638 163 639 273 640 274 93 167 92 273 94 275 641 167 642 274 643 2 84 275 83 274 85 169 644 275 645 2 646 0 2 169 2 2 0 278 647 277 648 276 649 279 650 277 651 278 652 280 653 279 654 278 655 281 656 279 657 280 658 282 659 281 660 280 661 283 662 281 663 282 664 284 665 283 666 282 667 285 668 283 669 284 670 286 671 285 672 284 673 287 674 285 675 286 676 288 677 287 678 286 679 289 680 287 681 288 682 290 683 289 684 288 685 291 686 289 687 290 688 292 689 291 690 290 691 293 692 291 693 292 694 294 695 293 696 292 697 295 698 293 699 294 700 296 701 295 702 294 703 297 704 295 705 296 706 298 707 297 708 296 709 299 710 297 711 298 712 300 713 299 714 298 715 301 716 299 717 300 718 302 719 301 720 300 721 303 719 301 720 302 719 304 722 303 723 302 723 305 724 303 723 304 722 306 725 305 726 304 727 309 728 308 729 307 730 310 731 308 732 309 733 311 732 310 731 309 733 312 365 310 364 311 365 313 364 312 365 311 365 314 734 312 735 313 736 315 735 314 734 313 736 316 737 314 738 315 739 317 739 316 737 315 739 318 739 316 737 317 739 319 740 318 741 317 741 320 742 318 741 319 740 321 743 320 744 319 745 322 746 320 747 321 748 323 747 322 746 321 748 324 749 322 750 323 751 325 750 324 749 323 751 326 752 324 753 325 754 327 363 326 363 325 365 328 363 326 363 327 363 329 363 328 363 327 363 330 366 328 367 329 367 331 755 330 756 329 757 332 744 330 743 331 744 333 364 332 364 331 364 334 364 332 364 333 364 335 363 334 364 333 364 336 758 334 759 335 760 339 761 338 762 337 763 340 764 338 765 339 766 341 307 340 307 339 308 342 767 340 768 341 768 343 769 342 767 341 768 344 770 342 771 343 772 345 773 344 774 343 775 346 774 344 774 345 773 347 776 346 777 345 778 348 779 346 779 347 780 349 780 348 779 347 780 350 781 348 782 349 783 351 298 350 299 349 298 352 439 350 438 351 784 353 785 352 786 351 787 354 788 352 789 353 790 355 791 354 792 353 793 356 794 354 795 355 796 357 797 356 798 355 799 358 800 356 801 357 802 359 800 358 800 357 802 360 770 358 770 359 770 361 770 360 770 359 770 362 803 360 804 361 804 363 804 362 803 361 804 364 803 362 803 363 804 365 805 364 803 363 804 367 806 345 807 366 808 368 809 345 810 367 811 369 812 368 813 367 814 347 815 368 816 369 817 370 818 347 819 369 820 351 298 347 298 370 300 371 821 351 822 370 823 372 824 351 825 371 824 373 140 372 142 371 142 353 140 372 142 373 140 374 65 353 65 373 65 357 71 353 73 374 73 375 72 357 71 374 73 376 826 357 827 375 828 377 826 376 826 375 828 359 770 376 770 377 770 378 829 359 830 377 830 363 830 359 830 378 829 379 830 363 830 378 829 380 802 363 800 379 800 381 802 380 802 379 800 365 831 380 832 381 832 382 832 365 831 381 832 383 833 365 831 382 832 384 834 383 835 382 836 385 773 383 773 384 774 386 775 385 773 384 774 389 837 388 838 387 839 390 840 388 841 389 842 391 806 390 807 389 808 335 809 390 810 391 811 392 811 335 809 391 811 336 843 335 844 392 845 393 846 336 847 392 848 394 849 336 850 393 851 395 852 394 853 393 854 396 852 394 853 395 852 397 68 396 68 395 68 398 855 396 856 397 856 399 857 398 858 397 859 400 860 398 861 399 862 401 863 400 864 399 865 402 866 400 867 401 868 403 869 402 870 401 871 404 872 402 873 403 874 405 875 404 876 403 877 406 878 404 879 405 880 407 881 406 882 405 883 408 884 406 885 407 886 409 887 408 888 407 889 254 890 408 891 409 892 410 893 254 894 409 895 256 896 254 897 410 898 413 899 412 900 411 901 414 902 412 903 413 904 415 905 414 906 413 907 416 908 414 909 415 910 417 911 416 912 415 913 418 914 416 915 417 916 419 917 418 918 417 919 420 920 418 921 419 922 421 923 420 924 419 925 422 926 420 927 421 928 423 929 422 930 421 931 424 932 422 933 423 934 425 935 424 936 423 937 426 938 424 939 425 940 427 941 426 942 425 943 428 944 426 945 427 946 429 947 428 948 427 949 430 950 428 951 429 952 431 950 430 950 429 952 432 953 430 954 431 954 433 955 432 956 431 957 434 958 432 959 433 960 435 959 434 958 433 960 436 961 434 962 435 963 439 296 438 295 437 295 440 964 438 965 439 966 441 795 440 796 439 794 442 967 440 968 441 969 443 802 442 802 441 800 444 588 442 589 443 589 445 588 444 588 443 589 446 315 444 317 445 317 447 855 446 856 445 970 448 971 446 972 447 973 449 974 448 975 447 976 450 62 448 64 449 63 451 977 450 978 449 979 452 980 450 981 451 982 453 983 452 984 451 985 454 986 452 987 453 988 455 989 454 990 453 991 456 992 454 993 455 994 457 995 456 996 455 997 458 998 456 999 457 1000 459 1001 458 1002 457 1003 460 1004 458 1005 459 1006 461 275 460 273 459 275 335 370 388 371 390 369 462 755 388 756 335 757 333 364 462 364 335 363 463 363 462 364 333 364 464 364 463 363 333 364 465 364 463 363 464 364 329 363 465 364 464 364 466 365 465 364 329 363 327 363 466 365 329 363 467 1007 466 1008 327 1009 468 1010 467 1011 327 1012 469 1013 467 1014 468 1015 323 364 469 365 468 364 470 364 469 365 323 364 321 743 470 744 323 744 471 746 470 747 321 748 472 367 471 368 321 366 473 366 471 368 472 367 317 368 473 366 472 367 474 368 473 366 317 368 315 365 474 365 317 365 475 1016 474 1017 315 1017 476 1018 475 1016 315 1017 139 1019 143 1020 141 1021 257 1022 143 1023 139 1024 477 1022 257 1022 139 1024 258 58 257 56 477 56 478 1025 258 1026 477 1027 479 131 258 132 478 133 480 1028 479 1029 478 1030 481 1030 479 1029 480 1028 482 1031 481 1032 480 1033 483 1034 481 1035 482 1036 484 1035 483 1034 482 1036 485 1037 483 1038 484 1039 486 1037 485 1037 484 1039 487 1040 485 1041 486 1041 488 1041 487 1040 486 1041 489 1042 487 1040 488 1041 490 1041 489 1042 488 1041 491 1042 489 1042 490 1041 492 1043 491 1044 490 1045 493 1046 491 1047 492 1048 494 1047 493 1046 492 1048 495 1049 493 1049 494 1050 496 1051 495 1049 494 1050 498 1052 234 1053 497 1054 499 1055 234 1056 498 1057 500 1058 499 1059 498 1060 236 1061 499 1062 500 1063 501 1064 236 1065 500 1066 240 1065 236 1065 501 1064 502 1066 240 1065 501 1064 503 1067 240 1068 502 1069 504 1070 503 1071 502 1072 242 1073 503 1074 504 1075 505 1075 242 1073 504 1075 246 1076 242 1077 505 1078 506 1079 246 1080 505 1081 507 1082 246 1083 506 1084 508 1085 507 1086 506 1087 248 1088 507 1089 508 1090 509 1091 248 1092 508 1093 252 1094 248 1095 509 1096 510 1097 252 1098 509 1099 511 1100 252 1101 510 1102 408 406 511 407 510 405 254 1103 511 1104 408 1105 514 1106 513 1107 512 1108 515 1109 513 1110 514 1111 516 73 515 72 514 71 517 1112 515 1113 516 1114 518 1115 517 1116 516 1117 519 123 517 124 518 122 520 1118 519 1119 518 1120 521 1119 519 1119 520 1118 522 1121 521 1122 520 1123 523 1124 521 1125 522 1124 524 112 523 110 522 110 525 1126 523 1127 524 1128 526 1129 525 1130 524 1131 527 1132 525 1133 526 1134 528 273 527 273 526 274 529 274 527 273 528 273 530 274 529 274 528 273 531 1135 529 1136 530 1136 532 1135 531 1135 530 1136 533 28 531 26 532 26 402 1137 533 1138 532 1139 404 1140 533 1141 402 1142 260 1143 262 1144 261 1145 534 1146 262 1147 260 1148 535 1149 534 1150 260 1151 536 1152 534 1153 535 1154 537 1154 536 1152 535 1154 538 1155 536 1156 537 1157 539 1158 538 1159 537 1160 540 1040 538 1040 539 1042 541 1040 540 1040 539 1042 542 1161 540 1162 541 1162 543 1163 542 1164 541 1165 544 1166 542 1167 543 1168 545 1169 544 1170 543 1171 546 1170 544 1170 545 1169 547 1170 546 1170 545 1169 548 1169 546 1170 547 1170 549 1170 548 1169 547 1170 550 1172 548 1173 549 1174 551 1175 550 1176 549 1177 552 1175 550 1176 551 1175 553 1178 552 1179 551 1179 556 1180 555 1181 554 1181 557 1182 555 1181 556 1180 558 144 557 144 556 143 559 142 557 140 558 140 560 141 559 142 558 140 561 1183 559 1184 560 1185 562 1186 561 1187 560 1188 563 1189 561 1190 562 1191 564 1192 563 1193 562 1194 565 1195 563 1196 564 1197 566 1198 565 1199 564 1200 567 1201 565 1202 566 1203 568 1204 567 1205 566 1206 569 302 567 302 568 301 570 1207 569 1208 568 1209 571 1210 569 1211 570 1212 572 1213 571 1214 570 1215 309 1216 571 1217 572 1218 573 1219 309 1220 572 1221 574 1222 309 1223 573 1224 575 1222 574 1222 573 1224 459 275 75 274 461 275 74 275 75 274 459 275 576 1225 74 1226 459 1226 76 1227 74 1228 576 1229 577 1230 76 1231 576 1232 578 1233 76 1234 577 1235 579 1236 578 1237 577 1238 580 1239 578 1240 579 1241 581 1242 580 1243 579 1244 582 1245 580 1246 581 1247 583 1248 582 1249 581 1250 584 1251 582 1252 583 1253 585 1254 584 1255 583 1256 586 1257 584 1258 585 1259 587 1260 586 1261 585 1262 588 1263 586 1264 587 1265 589 1266 588 1267 587 1268 433 1269 588 1270 589 1271 590 282 433 1272 589 1273 435 1274 433 1275 590 1276 230 1277 234 1278 232 1279 497 1280 234 1281 230 1282 591 1283 497 1284 230 1285 498 1286 497 1287 591 1288 592 1287 498 1286 591 1288 513 1289 498 1290 592 1291 593 1292 513 1293 592 1294 512 1108 513 1107 593 1108 594 1295 512 1296 593 1296 514 1297 512 1296 594 1295 595 1295 514 1297 594 1295 596 1298 514 1299 595 1300 597 1301 596 1302 595 1303 598 1304 596 1305 597 1306 599 1011 598 1010 597 1011 600 1011 598 1010 599 1011 601 739 600 737 599 737 314 738 600 737 601 739 312 735 314 734 601 735 603 1307 430 1308 602 1309 604 1310 430 1311 603 1312 605 1313 604 1314 603 1315 428 1316 604 1317 605 1318 606 1319 428 1320 605 1321 424 1320 428 1320 606 1319 607 1319 424 1320 606 1319 608 1321 424 1320 607 1319 609 1322 608 1323 607 1324 422 1325 608 1326 609 1327 610 1328 422 1329 609 1330 418 1331 422 1332 610 1333 611 1334 418 1335 610 1334 612 1336 418 1335 611 1334 613 1336 612 1336 611 1334 416 1337 612 1338 613 1338 614 1339 416 1337 613 1338 412 1340 416 1341 614 1342 615 1343 412 1344 614 1345 618 1346 617 1347 616 1348 619 1349 617 1350 618 1351 620 1352 619 1353 618 1354 621 1355 619 1356 620 1357 622 1358 621 1359 620 1360 623 1361 621 1362 622 1363 624 902 623 904 622 903 625 1364 623 1365 624 1366 626 1367 625 1368 624 1369 627 1370 625 1371 626 1372 628 1373 627 1374 626 1375 629 1376 627 1377 628 1378 630 1379 629 1380 628 1381 631 1382 629 1383 630 1384 632 1385 631 1386 630 1387 633 1388 631 1389 632 1390 634 1391 633 1392 632 1393 100 1394 633 1395 634 1396 102 1395 100 1394 634 1396 305 1397 636 1398 635 1399 637 1400 636 1401 305 1402 638 1403 637 1404 305 1405 615 1406 637 1407 638 1408 639 1409 615 1410 638 1411 412 1412 615 1413 639 1414 617 1347 412 1348 639 1346 411 1415 412 1416 617 1417 621 1418 411 1419 617 1420 413 1421 411 1422 621 1423 640 1361 413 1361 621 1362 641 902 413 904 640 904 623 904 641 902 640 904 642 1424 641 1425 623 1426 627 1427 642 1428 623 1429 643 1430 642 1431 627 1432 644 1433 643 1434 627 1435 645 1436 643 1437 644 1438 647 1439 520 1440 646 1441 648 1442 520 1443 647 1444 649 1445 648 1446 647 1447 522 1448 648 779 649 780 650 824 522 1449 649 825 526 1450 522 1451 650 1452 651 1453 526 1454 650 1455 652 1456 526 1457 651 1458 653 1459 652 1460 651 1461 528 1460 652 1460 653 1459 654 1462 528 1463 653 1464 532 1465 528 1466 654 1467 655 1468 532 1469 654 1470 656 1471 532 1472 655 1473 398 1474 656 1475 655 1476 402 1477 656 1478 398 1479 400 1480 402 1481 398 1482 312 365 308 365 310 364 657 365 308 365 312 365 599 737 657 739 312 739 658 739 657 739 599 737 659 739 658 739 599 737 660 364 658 365 659 365 597 1014 660 1015 659 1013 661 1305 660 1304 597 1306 594 1303 661 1302 597 1301 662 1483 661 1484 594 1485 663 297 662 295 594 297 664 1484 662 1483 663 1485 593 1486 664 1487 663 1488 665 1489 664 1490 593 1491 591 1492 665 1493 593 1494 666 1495 665 1496 591 1497 667 1498 666 1499 591 1500 415 1501 419 1502 417 1503 668 1504 419 1505 415 1506 669 1507 668 1508 415 1509 670 1510 668 1511 669 1512 671 1513 670 1514 669 1515 672 1516 670 1517 671 1518 673 1519 672 1520 671 1521 674 1522 672 1523 673 1524 675 1525 674 1525 673 1526 676 1527 674 1528 675 1528 677 1529 676 1530 675 1531 678 1532 676 1533 677 1532 679 1534 678 1535 677 1535 680 1536 678 1535 679 1534 94 1537 680 1538 679 1539 90 1540 680 1541 94 1542 92 1543 90 1544 94 1545 454 1546 450 1547 452 1548 681 1549 450 1550 454 1551 682 1552 681 1553 454 1554 683 1555 681 1556 682 1557 684 1558 683 1559 682 1560 685 1561 683 1562 684 1563 686 1564 685 1565 684 1566 687 1567 685 1568 686 1569 688 1570 687 1571 686 1572 689 1571 687 1571 688 1570 690 1573 689 1574 688 1575 691 1576 689 1577 690 1578 692 1579 691 1580 690 1581 693 1582 691 1583 692 1584 25 1585 693 1586 692 1587 29 1588 693 1589 25 1590 27 33 29 32 25 34 421 1591 425 1592 423 1593 694 1594 425 1595 421 1596 695 1597 694 1598 421 1599 696 1600 694 1601 695 1602 697 1603 696 1604 695 1605 698 1606 696 1607 697 1608 699 1609 698 1610 697 1611 700 1612 698 1613 699 1614 701 1615 700 1616 699 1617 702 1618 700 1619 701 1620 703 1621 702 1622 701 1623 704 1624 702 1625 703 1626 705 1627 704 1628 703 1629 706 1630 704 1631 705 1632 88 1631 706 1630 705 1632 84 1633 706 1634 88 1635 86 1636 84 1637 88 1638 519 1125 502 1124 707 1124 708 1639 502 1640 519 1641 523 1640 708 1639 519 1641 504 1642 708 1643 523 1644 709 1645 504 1646 523 1647 506 1648 504 1649 709 1650 525 1651 506 1652 709 1653 710 1654 506 1655 525 1656 529 1657 710 1658 525 1659 508 1660 710 1661 529 1662 711 1663 508 1664 529 1665 510 1666 508 1667 711 1668 531 1669 510 1670 711 1671 712 1672 510 1673 531 1674 404 1672 712 1672 531 1674 408 1675 712 1676 404 1676 406 1677 408 1675 404 1676 715 2 714 2 713 0 716 1 714 2 715 2 717 1678 716 1679 715 1680 718 1681 716 1682 717 1683 719 1684 718 1685 717 1686 720 1687 718 1688 719 1689 721 685 720 683 719 685 722 1690 720 1691 721 1692 723 1693 722 1694 721 1695 724 1695 722 1694 723 1693 725 1696 724 1697 723 1698 726 1699 724 1700 725 1701 727 1701 726 1699 725 1701 728 1699 726 1699 727 1701 729 1699 728 1699 727 1701 169 2 728 0 729 0 168 3 169 4 729 254 396 1702 336 1703 394 1704 730 71 336 71 396 72 731 1705 730 1706 396 1707 332 1708 730 1709 731 1710 732 1711 332 1712 731 1713 330 1714 332 1715 732 1716 733 1717 330 1718 732 1719 734 1720 330 1721 733 1722 735 1723 734 1724 733 1725 326 1726 734 1727 735 1728 736 1729 326 1730 735 1731 324 1732 326 1733 736 1734 737 1735 324 1736 736 1737 738 1738 324 1739 737 1740 739 1741 738 1742 737 1743 320 1744 738 1745 739 1746 740 1747 320 1748 739 1749 742 1750 93 1751 741 1752 743 1753 93 1754 742 1755 744 1756 743 1757 742 1756 91 1758 743 1759 744 1760 745 1761 91 1762 744 1763 87 1764 91 1765 745 1766 746 1767 87 1768 745 1769 747 1770 87 1771 746 1772 748 1773 747 1773 746 1774 85 1775 747 1776 748 1776 749 1775 85 1775 748 1776 81 168 85 168 749 168 750 1390 81 1388 749 1388 751 1777 81 1778 750 1779 752 1780 751 1781 750 1782 79 1783 751 1784 752 1785 289 1786 753 1787 287 1788 754 1789 753 1790 289 1791 755 1792 754 1793 289 1794 756 1795 754 1796 755 1797 293 1798 756 1799 755 1800 757 1801 756 1802 293 1803 295 1804 757 1805 293 1806 758 1807 757 1808 295 1809 759 1810 758 1811 295 1812 760 1813 758 1814 759 1815 299 1816 760 1817 759 1818 761 1819 760 1820 299 1821 301 1822 761 1823 299 1824 762 1825 761 1825 301 1826 635 1827 762 1825 301 1826 636 1828 762 1829 635 1830 764 1831 553 1832 763 1833 765 1179 553 1178 764 1834 766 1835 765 1836 764 1837 767 1835 765 1836 766 1835 768 592 767 592 766 592 769 338 767 339 768 339 770 1838 769 1839 768 1840 771 1841 769 1842 770 1843 772 1844 771 1845 770 1846 769 1847 771 1848 772 1849 773 1849 769 1847 772 1849 774 1850 769 1851 773 1852 775 1853 774 1854 773 1855 776 1856 774 1857 775 1858 777 1859 776 1860 775 1861 754 1862 224 1863 778 1864 779 1865 224 1866 754 1867 756 1868 779 1869 754 1870 780 1871 779 1872 756 1873 781 1874 780 1875 756 1876 782 1877 780 1878 781 1879 758 1880 782 1881 781 1882 783 1883 782 1884 758 1885 760 1886 783 1887 758 1888 784 1889 783 1890 760 1891 785 1891 784 1889 760 1891 786 1892 784 1893 785 1894 762 1895 786 1896 785 1897 787 1898 786 1899 762 1900 636 1901 787 1902 762 1903 463 809 136 811 788 811 789 1904 136 1905 463 1906 465 364 789 364 463 363 790 364 789 364 465 364 791 365 790 364 465 364 792 734 790 736 791 735 467 737 792 738 791 739 793 739 792 738 467 737 469 739 793 739 467 737 794 363 793 365 469 365 795 364 794 363 469 365 796 363 794 363 795 364 471 365 796 363 795 364 797 366 796 367 471 368 473 366 797 366 471 368 682 1907 686 1908 684 1909 798 1910 686 1911 682 1912 799 1913 798 1914 682 1915 800 1916 798 1917 799 1916 801 1918 800 1919 799 1919 802 1920 800 1919 801 1918 803 605 802 607 801 605 804 1921 802 1922 803 1923 805 1924 804 1925 803 1926 806 1926 804 1925 805 1924 807 1927 806 1928 805 1929 808 1930 806 1931 807 1932 809 1933 808 1934 807 1935 810 350 808 348 809 350 812 1936 624 1937 811 1938 813 1939 624 1940 812 1939 814 1373 813 1374 812 1374 626 1375 813 1374 814 1373 815 1375 626 1375 814 1373 630 923 626 924 815 924 816 1941 630 1942 815 1943 817 1944 630 1945 816 1946 818 1947 817 1948 816 1949 632 1950 817 1951 818 1952 819 1953 632 1954 818 1955 102 1956 632 1957 819 1958 106 1959 102 1960 819 1961 104 1962 102 1963 106 1964 536 1965 262 1966 534 1967 820 1968 262 1969 536 1970 821 1971 820 1972 536 1973 264 1974 820 1975 821 1976 822 1977 264 1978 821 1979 266 1980 264 1981 822 1982 823 1983 266 1984 822 1985 824 1986 266 1987 823 1988 825 1989 824 1990 823 1991 268 133 824 133 825 131 826 1992 268 1993 825 1994 270 1995 268 1996 826 1997 827 1998 270 1999 826 2000 828 2001 270 2002 827 2003 830 375 210 377 829 377 831 2004 210 2005 830 2006 832 2007 831 2008 830 2009 212 2010 831 2011 832 2012 833 2013 212 2014 832 2015 214 648 212 649 833 647 834 2016 214 2017 833 2018 835 2019 214 2020 834 2021 836 2022 835 2023 834 2024 216 2025 835 2026 836 2027 837 2028 216 2029 836 2030 218 2031 216 2032 837 2033 838 2034 218 2035 837 2036 839 2037 218 2038 838 2039 41 2040 37 2041 39 2042 840 2043 37 2044 41 2045 841 2046 840 2047 41 2048 842 2049 840 2050 841 2051 843 2052 842 2053 841 2054 844 2055 842 2056 843 2057 845 2058 844 2059 843 2060 846 2061 844 2062 845 2063 847 794 846 796 845 794 848 2064 846 2065 847 2066 849 2067 848 2068 847 2069 850 71 848 73 849 72 851 2070 850 2071 849 2072 852 831 850 832 851 831 854 2073 19 2074 853 2075 855 2076 19 2077 854 2078 856 2079 855 2080 854 2081 17 90 855 90 856 89 857 2082 17 2083 856 2084 13 263 17 263 857 261 858 261 13 263 857 261 859 262 13 263 858 261 860 2085 859 2086 858 2087 11 644 859 646 860 645 861 644 11 644 860 645 7 1 11 2 861 2 862 1 7 1 861 2 863 2 7 1 862 1 865 2088 480 2089 864 2090 866 2090 480 2089 865 2088 867 2091 866 2092 865 2093 482 2094 866 2095 867 2096 868 2095 482 2094 867 2096 486 2097 482 2098 868 2099 869 2100 486 2101 868 2102 870 2102 486 2101 869 2100 871 2103 870 2104 869 2105 488 2106 870 2107 871 2108 872 2109 488 2110 871 2111 492 2111 488 2110 872 2109 873 2112 492 2113 872 2114 874 132 492 131 873 132 35 2115 31 2116 33 2117 875 2118 31 2119 35 2120 876 2121 875 2122 35 2123 877 2123 875 2122 876 2121 878 2124 877 2125 876 2126 879 2127 877 2128 878 2129 880 2130 879 2131 878 2132 881 2133 879 2134 880 2135 882 2136 881 2137 880 2138 883 1297 881 1295 882 1296 884 588 883 589 882 588 885 2139 883 2140 884 2141 886 2142 885 2143 884 2144 887 67 885 65 886 66 1 1 726 0 0 2 888 1 726 0 1 1 889 406 888 407 1 407 724 2145 888 2146 889 2147 890 2145 724 2145 889 2147 720 683 724 685 890 685 889 2148 720 2149 890 2150 891 2151 720 2152 889 2153 892 2154 891 2155 889 2156 718 2155 891 2155 892 2154 893 2157 718 2158 892 2159 714 2160 718 2161 893 2162 862 1 714 2 893 1 894 0 714 2 862 1 897 2163 896 2164 895 2165 898 2166 896 2167 897 2168 899 2169 898 2170 897 2171 900 2172 898 2173 899 2174 901 1834 900 1178 899 1179 902 2175 900 2176 901 2177 903 2178 902 1917 901 1916 904 2179 902 2180 903 2181 905 2182 904 2183 903 2184 906 2185 904 2186 905 2187 907 2188 906 2189 905 2190 399 2191 906 2192 907 2193 401 2194 399 2195 907 2196 578 2197 909 2198 908 2199 910 2200 909 2201 578 2202 582 2203 910 2204 578 2205 911 2206 910 2207 582 2208 912 2209 911 2210 582 2211 913 2212 911 2213 912 2214 584 2215 913 2216 912 2217 914 2218 913 2219 584 2220 588 2221 914 2222 584 2223 915 2222 914 2222 588 2221 916 2224 915 2225 588 2226 431 2227 915 2228 916 2229 433 2230 431 2231 916 2232 918 2233 704 2234 917 2235 919 2236 704 2237 918 2238 920 2239 919 2240 918 2241 702 2242 919 2243 920 2244 921 2245 702 2246 920 2247 698 2248 702 2249 921 2250 922 2251 698 2252 921 2253 923 2254 698 2255 922 2256 924 2257 923 2258 922 2259 696 2260 923 2261 924 2262 925 2263 696 2264 924 2265 425 2266 696 2267 925 2268 427 2269 425 2270 925 2271 827 2272 927 2273 926 2274 928 2275 927 2276 827 2277 825 2278 928 2279 827 2280 929 2281 928 2282 825 2283 930 2284 929 2285 825 2286 931 2287 929 2288 930 2289 823 2290 931 2291 930 2292 932 2293 931 2294 823 2295 821 2296 932 2297 823 2298 933 2299 932 2300 821 2301 934 2302 933 2302 821 2303 538 2304 933 2305 934 2305 536 2306 538 2304 934 2305 208 439 210 439 209 438 829 372 210 372 208 372 935 803 829 805 208 805 830 2307 829 2308 935 2309 936 2310 830 2311 935 2312 937 2313 830 2314 936 2315 938 2316 937 2317 936 2318 939 809 937 811 938 809 940 365 939 363 938 363 941 2319 939 2320 940 2321 942 729 941 730 940 729 943 2320 941 2319 942 2321 369 2322 371 2323 370 2324 944 2325 371 2326 369 2327 945 2328 944 2329 369 2330 946 131 944 131 945 133 947 2331 946 2332 945 2333 948 2114 946 2113 947 2114 949 2113 948 2114 947 2114 950 2113 948 2114 949 2113 951 980 950 981 949 981 952 2334 950 2335 951 2336 953 2337 952 2338 951 2339 954 2340 952 2341 953 2342 956 744 567 743 955 744 957 744 567 743 956 744 958 365 957 364 956 364 565 2343 957 2344 958 2345 959 2346 565 2347 958 2348 561 2349 565 2350 959 2351 960 2352 561 2353 959 2354 961 2354 561 2353 960 2352 962 2355 961 2356 960 2357 559 2358 961 2359 962 2360 963 2361 559 2362 962 2363 555 2363 559 2362 963 2361 341 2364 345 2365 343 2366 366 1221 345 1220 341 1219 964 2367 366 2368 341 2369 367 2370 366 2371 964 2372 965 2373 367 2374 964 2375 966 2376 367 2377 965 2378 967 1028 966 1030 965 1028 968 2379 966 2380 967 2381 133 2380 968 2379 967 2381 969 2331 968 2331 133 2333 970 2333 969 2331 133 2333 971 2382 969 2383 970 2384 109 2385 973 2386 972 2387 974 2388 973 2389 109 2390 975 2391 974 2392 109 2393 976 124 974 123 975 122 977 1052 976 1054 975 1053 978 2394 976 2395 977 2396 979 2396 978 2394 977 2396 980 2397 978 2398 979 2399 981 2400 980 2401 979 2402 982 128 980 128 981 129 983 129 982 128 981 129 984 128 982 128 983 129 373 70 375 68 374 70 985 2403 375 2404 373 2405 986 141 985 142 373 140 987 2406 985 2407 986 2408 988 974 987 976 986 975 989 974 987 976 988 974 990 976 989 974 988 974 991 2409 989 2410 990 2411 992 2412 991 2413 990 2414 494 2415 991 2416 992 2417 496 1051 494 1050 992 1051 187 2418 183 2419 185 2420 993 2421 183 2422 187 2423 994 2424 993 2425 187 2426 995 2427 993 2428 994 2429 996 2430 995 2431 994 2432 997 2433 995 2434 996 2435 998 2436 997 2437 996 2438 999 2438 997 2437 998 2436 1000 2439 999 2440 998 2441 1001 2442 999 2443 1000 2444 1002 2445 1001 2446 1000 2447 97 2448 93 2449 95 2450 741 2451 93 2452 97 2453 1003 159 741 159 97 158 742 1750 741 1752 1003 1752 1004 2454 742 2455 1003 2456 1005 2457 742 2458 1004 2459 1006 2460 1005 2461 1004 2462 1007 2463 1005 2464 1006 2465 727 2466 1007 2467 1006 2468 723 2469 1007 2470 727 2471 725 1696 723 1698 727 1696 683 2472 450 2473 681 2474 1008 2114 450 2113 683 2112 885 2475 1008 2476 683 2477 448 2478 1008 2479 885 2480 887 67 448 67 885 65 444 2481 448 2482 887 2482 886 2483 444 2484 887 2485 1009 2486 444 2487 886 2488 850 2489 1009 2490 886 2491 442 71 1009 72 850 71 852 831 442 832 850 832 994 2492 998 2493 996 2494 1010 2495 998 2496 994 2497 1011 2498 1010 2499 994 2500 1012 271 1010 270 1011 272 1013 2501 1012 2502 1011 2503 1014 2504 1012 2505 1013 2506 1015 2507 1014 2508 1013 2509 1016 2510 1014 2511 1015 2512 1017 2513 1016 2514 1015 2515 1018 2516 1016 2517 1017 2518 1019 2519 1018 2520 1017 2521 1022 2522 1021 2522 1020 2523 1023 732 1021 733 1022 733 1024 732 1023 732 1022 733 1025 737 1023 739 1024 739 1026 737 1025 737 1024 739 1027 737 1025 737 1026 737 1028 737 1027 737 1026 737 1029 737 1027 737 1028 737 1030 737 1029 737 1028 737 1031 2524 1029 2525 1030 2525 1032 2526 1031 2527 1030 2528 383 369 1034 371 1033 370 1035 370 1034 371 383 369 1036 2529 1035 2530 383 2531 796 1726 1035 1726 1036 1728 1037 1726 796 1726 1036 1728 794 363 796 363 1037 363 1038 364 794 363 1037 363 1039 364 794 363 1038 364 1040 364 1039 364 1038 364 792 734 1039 736 1040 736 1041 735 792 734 1040 736 292 2532 239 2533 1042 2534 1043 2535 239 2536 292 2537 290 2538 1043 2539 292 2540 237 1690 1043 1690 290 1691 1044 2541 237 2542 290 2543 233 2544 237 2545 1044 2546 286 2547 233 2548 1044 2549 1045 2550 233 2551 286 2552 284 2553 1045 2554 286 2555 231 2556 1045 2557 284 2556 800 2558 686 2559 798 2560 1046 2561 686 2562 800 2563 1047 2564 1046 2565 800 2566 688 2567 1046 2568 1047 2569 1048 2568 688 2567 1047 2569 692 2570 688 2571 1048 2572 1049 2573 692 2574 1048 2575 1050 2576 692 2577 1049 2578 23 48 1050 48 1049 47 25 23 1050 24 23 24 516 2579 520 2580 518 2581 646 2582 520 2583 516 2584 1051 2585 646 2586 516 2587 647 2588 646 2589 1051 2590 1052 2591 647 2592 1051 2593 739 2594 647 2595 1052 2596 1053 2597 739 2598 1052 2599 740 2600 739 2601 1053 2602 318 739 740 738 1053 737 320 736 740 734 318 735 1056 2603 1055 2604 1054 2605 1057 2606 1055 2607 1056 2608 1058 2606 1057 2606 1056 2608 1059 2609 1057 2610 1058 2610 1060 2611 1059 2612 1058 2613 1061 47 1059 47 1060 48 1062 2577 1061 2578 1060 2576 1063 2614 1061 2615 1062 2616 453 2617 1063 2617 1062 2618 451 985 1063 983 453 983 23 2619 19 2620 21 2621 853 2622 19 2623 23 2624 1049 2625 853 2626 23 2627 854 2628 853 2629 1049 2630 1064 2631 854 2632 1049 2633 1065 2634 854 2635 1064 2636 1047 2637 1065 2638 1064 2639 1066 2640 1065 2641 1047 2642 800 2643 1066 2644 1047 2645 802 2646 1066 2647 800 2648 84 1633 704 1635 706 1634 917 2649 704 2650 84 2651 82 2652 917 2653 84 2654 918 2655 917 2656 82 2657 1067 2656 918 2655 82 2657 909 2658 918 2659 1067 2660 78 2661 909 2662 1067 2663 908 2664 909 2665 78 2666 76 2667 908 2668 78 2669 578 2670 908 2671 76 2672 395 859 399 857 397 859 1068 2673 399 2674 395 2675 1069 852 1068 853 395 852 906 2676 1068 2677 1069 2678 1070 2679 906 2680 1069 2681 902 2682 906 2683 1070 2684 1071 2685 902 1161 1070 1162 1072 2686 902 2687 1071 2688 1073 2689 1072 2690 1071 2691 900 2692 1072 2693 1073 2694 941 2695 937 2696 939 2697 1074 808 937 806 941 808 1075 807 1074 808 941 808 1076 2698 1074 2699 1075 2700 1077 2701 1076 2702 1075 2703 1078 2704 1076 2705 1077 2706 1079 1299 1078 1300 1077 1298 276 1297 1078 1295 1079 1297 278 647 276 649 1079 649 1081 369 1080 370 170 370 1082 371 1080 370 1081 369 1083 298 1082 298 1081 300 1084 299 1082 298 1083 298 1085 2707 1084 2708 1083 2709 1086 297 1084 297 1085 296 1087 768 1086 769 1085 767 1088 830 1086 2710 1087 829 43 2711 1088 2712 1087 2713 119 2714 121 2715 120 2716 1089 2716 121 2715 119 2714 1090 2717 1089 2718 119 2719 1091 2720 1089 2721 1090 2722 1092 2723 1091 2724 1090 2725 1093 2726 1091 2727 1092 2728 1094 2729 1093 2730 1092 2731 1095 2732 1093 2733 1094 2734 775 2735 1095 2736 1094 2737 115 257 117 255 116 257 1096 258 117 260 115 259 1097 88 1096 86 115 87 1098 2738 1096 2739 1097 2740 1099 2738 1098 2738 1097 2740 1100 2741 1098 2742 1099 2742 1101 2743 1100 2741 1099 2742 1102 95 1100 96 1101 95 1104 2744 1103 2745 337 2746 1105 805 1103 805 1104 803 1106 2746 1105 2745 1104 2744 1107 1217 1105 1218 1106 1216 1108 295 1107 297 1106 295 1109 295 1107 297 1108 295 1110 370 1109 369 1108 369 1111 2747 1109 2748 1110 2749 548 1169 544 1170 546 1170 1112 1171 544 1170 548 1169 1113 2750 1112 2751 548 2752 1114 2753 1112 2754 1113 2755 1115 866 1114 866 1113 868 1116 2756 1114 2757 1115 2757 777 2758 1116 2756 1115 2757 1102 2759 1116 2760 777 2761 1118 2762 579 2763 1117 2764 1119 2765 579 2766 1118 2767 1120 2765 1119 2765 1118 2767 581 6 1119 5 1120 5 1121 2768 581 2769 1120 2770 585 2771 581 2772 1121 2773 1122 2667 585 2668 1121 2667 1123 2774 585 2775 1122 2776 489 2777 545 2778 1124 2779 1125 2780 545 2781 489 2782 491 2783 1125 2784 489 2783 547 2785 1125 2786 491 2787 1126 2788 547 2789 491 2790 551 2791 547 2792 1126 2793 495 2794 551 2795 1126 2796 1127 2797 551 2798 495 2799 638 1428 617 1427 639 1429 616 1430 617 1432 638 1431 1128 2800 616 2801 638 2802 618 2803 616 2804 1128 2805 1129 2806 618 2807 1128 2808 1130 2809 618 2810 1129 2811 255 2812 1130 2813 1129 2814 256 2815 1130 2816 255 2817 1131 2818 204 2819 225 2820 1132 2821 204 2822 1131 2823 1133 2824 1132 2825 1131 2826 1134 2825 1132 2825 1133 2824 1135 2824 1134 2825 1133 2824 1136 2827 1134 2828 1135 2829 1137 2830 1136 2831 1135 2832 1138 2830 1136 2831 1137 2830 607 2833 1138 2834 609 2835 1136 2836 1138 2837 607 2838 1139 2838 1136 2836 607 2838 1140 2839 1136 2840 1139 2841 605 1321 1140 1321 1139 1319 1141 922 1140 921 605 921 603 2842 1141 2843 605 2844 1142 2842 1141 2843 603 2842 571 299 567 298 569 298 955 2845 567 2846 571 2847 1143 2706 955 2705 571 2704 956 742 955 742 1143 740 1144 740 956 742 1143 740 1145 742 956 742 1144 740 1146 741 1145 742 1144 740 1147 364 1145 364 1146 365 1150 364 1149 364 1148 365 1151 365 1149 364 1150 364 1152 740 1151 741 1150 742 1153 741 1151 741 1152 740 1154 742 1153 741 1152 740 1155 363 1153 365 1154 364 1156 365 1155 363 1154 364 1157 365 1155 363 1156 365 477 1031 480 1033 478 1032 864 2848 480 2849 477 2850 1158 2851 864 2852 477 2853 865 2854 864 2855 1158 2856 1159 2857 865 2858 1158 2859 1160 2860 865 2861 1159 2862 1161 1106 1160 1107 1159 1106 1162 2863 1160 2864 1161 2865 4 1 8 1 6 1 47 76 8 75 4 75 1163 2866 47 2867 4 2868 48 252 47 253 1163 251 1164 253 48 252 1163 251 111 76 48 74 1164 76 1165 251 111 253 1164 253 926 252 111 253 1165 251 587 2869 590 2870 589 2871 1166 2872 590 2873 587 2874 1167 2875 1166 2876 587 2877 1168 2878 1166 2879 1167 2880 1169 2881 1168 2882 1167 2883 1170 2884 1168 2885 1169 2886 1055 2887 1170 2888 1169 2889 1171 2890 1170 2891 1055 2892 744 2893 746 2894 745 2895 1172 2896 746 2897 744 2898 1173 2899 1172 2900 744 2901 1174 2902 1172 2903 1173 2904 1175 2905 1174 2906 1173 2907 717 2908 1174 2909 1175 2910 721 1684 717 1686 1175 1684 719 1684 717 1686 721 1684 542 1161 538 1162 540 1162 1176 2911 538 2912 542 2913 1177 2914 1176 2915 542 2916 933 2917 1176 2918 1177 2919 1178 1852 933 1851 1177 1850 931 2920 933 2921 1178 2922 1179 2923 931 2924 1178 2925 1180 2926 931 2927 1179 2928 1181 2929 984 2930 983 2931 1182 2052 984 2053 1181 2052 1183 143 1182 143 1181 143 1184 2932 1182 2933 1183 2933 1185 2934 1184 2932 1183 2933 391 2935 1184 2936 1185 2937 393 2938 391 2939 1185 2940 392 848 391 848 393 846 1186 308 341 307 339 308 964 2941 341 307 1186 308 1187 2942 964 2943 1186 2944 1188 2944 964 2943 1187 2942 72 2945 1188 2946 1187 2947 967 2948 1188 2949 72 2950 134 2951 967 2952 72 2953 133 2954 967 2955 134 2956 620 902 624 902 622 903 811 2248 624 2250 620 2250 1189 2957 811 2958 620 2959 812 2960 811 2961 1189 2962 1190 2963 812 2964 1189 2965 1191 2966 812 2967 1190 2968 1192 2969 1191 2970 1190 2971 1193 2972 1191 2973 1192 2974 123 2975 125 2976 124 2977 1194 2978 125 2979 123 2980 1195 2981 1194 2982 123 2983 1196 2984 1194 2985 1195 2986 1197 2985 1196 2984 1195 2986 1198 2987 1196 2988 1197 2989 1199 2980 1198 2979 1197 2978 1200 1175 1198 1176 1199 1175 1202 282 127 282 1201 282 1203 282 127 282 1202 282 1204 2990 1203 2618 1202 2618 129 2618 1203 2618 1204 2990 1205 2617 129 2618 1204 2990 131 2991 129 2992 1205 2993 971 2994 131 2995 1205 2996 152 2997 148 2998 150 2999 1206 3000 148 3001 152 3002 1207 3003 1206 3004 152 3005 1208 3006 1206 3007 1207 3008 1209 3009 1208 3010 1207 3011 984 3012 1208 3013 1209 3014 982 2191 984 2191 1209 2193 1210 3015 1001 3016 1002 3017 1211 3018 1001 3019 1210 3020 1212 3021 1211 3022 1210 3023 1213 381 1211 381 1212 382 1214 3024 1213 3025 1212 3026 445 3027 1213 3028 1214 3029 447 855 445 970 1214 855 689 3030 879 3031 1215 3032 1216 3033 879 3034 689 3035 691 3036 1216 3037 689 3038 877 3039 1216 3040 691 3041 1217 3042 877 3043 691 3044 31 3045 877 3046 1217 3047 29 1988 31 1986 1217 1988 1219 3048 805 3049 1218 3050 809 3051 805 3052 1219 3053 752 3054 809 3055 1219 3056 1220 350 809 350 752 348 750 3057 1220 3058 752 3059 1221 3058 1220 3058 750 3057 1222 3060 1221 3061 750 3062 1225 365 1224 364 1223 365 1226 364 1224 364 1225 365 1227 365 1226 364 1225 365 1228 364 1226 364 1227 365 1229 365 1228 364 1227 365 1027 1014 1228 1015 1229 1013 1025 737 1027 737 1229 739 976 3063 973 3064 974 3065 1230 3066 973 3067 976 3068 1231 3069 1230 3070 976 3071 1232 3072 1230 3073 1231 3074 1233 3075 1232 3076 1231 3077 160 3078 1232 3079 1233 3080 158 3081 160 3082 1233 3083 856 93 858 92 857 92 1234 92 858 92 856 93 1235 3084 1234 3085 856 3086 1236 97 1234 97 1235 95 1237 3087 1236 3088 1235 3089 808 3090 1236 3091 1237 3092 806 3093 808 3094 1237 3095 1239 3096 1198 3097 1238 3098 1240 3099 1198 3100 1239 3101 1202 28 1240 26 1239 28 1196 26 1240 26 1202 28 1201 28 1196 26 1202 28 125 3100 1196 3099 1201 3101 127 279 125 281 1201 279 905 3102 401 3103 907 3104 1241 3105 401 3106 905 3107 1242 3105 1241 3105 905 3107 405 3108 1241 3109 1242 3109 1243 3110 405 3111 1242 3112 407 3113 405 3114 1243 3115 1244 3116 407 3117 1243 3118 1094 3119 1100 3120 1245 3121 1246 3120 1100 3120 1094 3119 1090 3122 1246 3123 1094 3124 1098 2742 1246 2741 1090 2742 1247 2718 1098 2717 1090 2717 117 3125 1098 3126 1247 3127 119 3128 117 3129 1247 3130 1207 2192 982 2191 1209 2193 1248 289 982 290 1207 291 1249 3131 1248 3132 1207 3133 978 3134 1248 3135 1249 3136 1250 3137 978 3138 1249 3139 976 2395 978 2394 1250 2396 1231 3140 976 3141 1250 3142 1251 3143 280 3144 278 3145 227 3146 280 3147 1251 3148 1252 3149 227 3150 1251 3151 226 3152 227 3153 1252 3154 1253 3155 226 3156 1252 3157 228 3158 226 3159 1253 3160 1254 3161 228 3162 1253 3163 834 3164 1078 3165 1255 3166 1256 3167 1078 3168 834 3169 832 3168 1256 3167 834 3169 1076 3170 1256 3171 832 3172 1257 3173 1076 3174 832 3175 937 1905 1076 1904 1257 1905 830 304 937 305 1257 305 764 1128 1238 1126 766 1126 1239 3176 1238 3177 764 3178 1258 117 1239 116 764 118 1259 3179 1239 3180 1258 3181 954 3182 1259 3183 1258 3184 953 3185 1259 3186 954 3187 108 3188 1260 3189 110 3190 1261 3191 1260 3192 108 3193 1262 3194 1261 3195 108 3196 1263 3197 1261 3198 1262 3199 1264 2902 1263 2904 1262 2903 1265 3200 1263 3201 1264 3202 662 2703 660 2702 661 2701 1266 731 660 731 662 733 1267 3203 1266 3204 662 3205 1268 746 1266 747 1267 748 1223 368 1268 368 1267 366 1224 364 1268 365 1223 365 975 1053 979 1052 977 1052 1269 3206 979 3207 975 3208 1260 3209 1269 3210 975 3211 1270 1850 1269 1850 1260 1852 1271 3212 1270 3213 1260 3214 896 3215 1270 3216 1271 3217 434 3218 430 3219 432 3220 602 3221 430 3222 434 3223 1018 3224 602 3225 434 3226 603 3227 602 3228 1018 3229 1019 3230 603 3231 1018 3232 1142 3231 603 3231 1019 3230 1152 740 1156 741 1154 742 1272 742 1156 741 1152 740 1273 740 1272 742 1152 740 1274 3233 1272 3234 1273 3235 1275 3236 1274 3237 1273 3238 338 3238 1274 3237 1275 3236 1236 92 858 92 1234 92 1276 639 858 638 1236 638 1277 2086 1276 2085 1236 2087 860 83 1276 83 1277 84 894 84 860 83 1277 84 862 3239 860 3240 894 3241 1273 745 1104 745 1275 743 1278 1016 1104 1018 1273 1018 1279 1211 1278 1210 1273 1212 1106 300 1278 299 1279 298 1280 298 1106 300 1279 298 1110 370 1106 369 1280 371 576 3242 579 3243 577 3244 1117 3245 579 3246 576 3247 1281 3248 1117 3249 576 3250 1118 3251 1117 3252 1281 3253 1282 3254 1118 3255 1281 3256 1058 3257 1118 3258 1282 3259 174 368 178 366 176 366 205 367 178 366 174 368 1283 365 205 363 174 365 206 2319 205 2320 1283 2321 1148 729 206 730 1283 729 1149 3260 206 3261 1148 3262 1285 3263 1131 3264 1284 3265 1286 3266 1131 3267 1285 3268 1287 1362 1286 1361 1285 1363 1133 3269 1286 3270 1287 3271 1288 3269 1133 3269 1287 3271 1137 2830 1133 2832 1288 2832 1155 363 940 365 1289 365 1290 365 940 365 1155 363 1291 364 1290 365 1155 363 1292 363 1290 365 1291 364 1293 364 1292 363 1291 364 1030 1011 1292 1012 1293 1010 1174 3272 746 3273 1172 3274 1294 3275 746 3276 1174 3277 1295 3278 1294 3279 1174 3280 748 3281 1294 3282 1295 3283 1222 3284 748 3285 1295 3286 750 3287 748 3288 1222 3289 1075 3290 1079 3291 1077 3292 1296 3293 1079 3294 1075 3295 1297 3296 1296 3297 1075 3298 1298 3299 1296 3299 1297 3300 1299 3301 1298 3302 1297 3303 1022 3304 1298 3305 1299 3306 96 214 100 214 98 212 1300 3307 100 3308 96 3308 1301 3309 1300 3307 96 3308 633 3309 1300 3307 1301 3309 1302 3310 633 3311 1301 3311 629 3312 633 3311 1302 3310 841 3313 845 3314 843 3315 1303 3316 845 3317 841 3318 1087 3319 1303 3320 841 3321 1083 3322 1303 3323 1087 3324 1085 3325 1083 3326 1087 3327 790 1904 136 1905 789 1904 135 3328 136 3329 790 3330 1304 3331 135 3332 790 3333 137 818 135 818 1304 820 1305 2366 137 2365 1304 2364 1242 3334 1244 3335 1243 3336 1306 3107 1244 3106 1242 3105 1307 3337 1306 3338 1242 3339 1308 3340 1306 3341 1307 3342 1309 3343 1308 3344 1307 3345 615 3346 636 3347 637 3348 1310 3349 636 3350 615 3351 613 3352 1310 3353 615 3354 1311 3355 1310 3356 613 3357 1312 3358 1311 3359 613 3360 342 3361 338 3362 340 3363 1313 3364 338 3365 342 3366 556 3367 1313 3368 342 3369 1274 3370 1313 3371 556 3372 554 3373 1274 3374 556 3375 1314 755 1110 757 1280 756 1315 363 1110 363 1314 364 172 363 1315 363 1314 364 1080 363 1315 363 172 363 170 363 1080 363 172 363 181 820 177 818 179 819 1316 818 177 818 181 820 1317 3376 1316 3377 181 3378 439 305 1316 306 1317 304 1318 3379 439 3380 1317 3381 103 3382 99 3383 101 3384 1319 3385 99 3386 103 3387 1320 3388 1319 3389 103 3390 1321 3391 1319 3392 1320 3393 1322 3393 1321 3391 1320 3393 407 3394 410 3395 409 3396 1323 3397 410 3398 407 3399 1244 3400 1323 3401 407 3402 1192 3403 1323 3404 1244 3405 1193 3406 1192 3407 1244 3408 1163 251 1165 251 1164 253 1324 7 1165 5 1163 5 274 3409 1324 3410 1163 3411 272 3411 1324 3410 274 3409 273 3412 272 3413 274 3414 653 3415 655 3416 654 3417 1325 3418 655 3419 653 3420 733 3421 1325 3422 653 3423 731 3424 1325 3425 733 3426 732 3427 731 3428 733 3429 278 3430 1252 3431 1251 3432 1326 3433 1252 3434 278 3435 1079 3436 1326 3437 278 3438 1298 3439 1326 3440 1079 3441 1296 3439 1298 3439 1079 3441 1327 2784 952 2783 954 3442 992 3442 952 2783 1327 2784 1328 1553 992 1553 1327 1552 496 983 992 983 1328 983 495 1049 496 1051 1328 1051 735 3443 737 3444 736 3445 1329 3446 737 3447 735 3448 651 3449 1329 3450 735 3451 649 3452 1329 3453 651 3454 650 3455 649 3456 651 3457 457 3458 1330 3459 459 3460 1281 3461 1330 3462 457 3463 1331 3464 1281 3465 457 3466 1062 3466 1281 3465 1331 3464 453 3467 1062 3468 1331 3469 590 3470 436 3471 435 3472 1332 3473 436 3474 590 3475 1168 3476 1332 3477 590 3478 1333 3479 1332 3480 1168 3481 1334 3482 1333 3483 1168 3484 883 3485 879 3486 881 3487 1215 3488 879 3489 883 3490 685 3491 1215 3492 883 3493 689 3494 1215 3495 685 3496 687 3497 689 3497 685 3498 146 3499 142 3500 144 3501 1335 2059 142 2058 146 2059 1336 315 1335 316 146 316 389 3502 1335 3503 1336 3504 1337 2369 389 2368 1336 2367 899 3505 903 3506 901 3507 1338 3508 903 3509 899 3510 1339 3511 1338 3512 899 3513 1307 3514 1338 3515 1339 3516 1309 3517 1307 3518 1339 3519 1212 3520 447 3521 1214 3521 1340 3520 447 3521 1212 3520 1061 55 1340 54 1212 54 451 3522 1340 3523 1061 3524 1063 3525 451 3526 1061 3527 193 402 189 403 191 403 1341 3528 189 3529 193 3530 1015 3519 1341 3517 193 3519 1011 3517 1341 3517 1015 3519 1013 3531 1011 3532 1015 3533 564 3381 568 3380 566 3379 1342 305 568 305 564 304 350 3534 1342 3535 564 3536 354 770 1342 771 350 772 352 3537 354 3538 350 3539 249 3540 302 3541 1343 3542 1344 3543 302 3544 249 3545 251 3546 1344 3547 249 3548 304 3549 1344 3550 251 3551 1345 3552 304 3553 251 3554 483 980 479 981 481 982 1346 982 479 981 483 980 539 2193 1346 2191 483 2192 535 3013 1346 3012 539 3014 537 389 535 389 539 387 675 3555 679 3556 677 3557 1347 3558 679 3559 675 3560 645 3561 1347 3562 675 3563 1301 3564 1347 3565 645 3566 1302 3567 1301 3568 645 3569 1017 3570 1142 3571 1019 3572 1348 3573 1142 3574 1017 3575 195 3576 1348 3577 1017 3578 199 3579 1348 3580 195 3581 197 3582 199 3583 195 3584 1228 364 1350 365 1349 364 1351 364 1350 365 1228 364 1027 1011 1351 1010 1228 1010 1031 2524 1351 3585 1027 2525 1029 2525 1031 2524 1027 2525 298 3586 302 3587 300 3588 1343 3586 302 3587 298 3586 245 3589 1343 3590 298 3590 249 3591 1343 3592 245 3593 247 3594 249 3595 245 3596 570 3597 573 3598 572 3599 1352 3361 573 3363 570 3362 356 1209 1352 1209 570 1207 360 770 1352 771 356 771 358 770 360 770 356 771 802 3600 1065 3601 1066 3602 1353 3603 1065 3604 802 3605 806 3606 1353 3607 802 3608 1235 3609 1353 3610 806 3611 1237 3612 1235 3613 806 3614 782 3615 1285 3616 1284 3617 1354 3618 1285 3619 782 3620 784 3621 1354 3622 782 3623 1285 3624 1354 3625 784 3626 1355 3627 1285 3628 784 3629 1267 366 1225 368 1223 368 1356 367 1225 368 1267 366 1357 817 1356 816 1267 815 1358 3630 1356 3631 1357 3632 1359 3633 1358 3634 1357 3635 1107 438 1103 439 1105 439 1360 3636 1103 3637 1107 3638 1361 296 1360 296 1107 297 46 797 1360 798 1361 798 45 3639 46 3640 1361 3641 1122 3642 1056 3643 1054 3644 1362 3645 1056 3646 1122 3647 1120 2770 1362 2769 1122 2768 1056 634 1362 633 1120 632 1363 3648 1056 3649 1120 3650 729 262 166 261 168 263 1364 3651 166 3652 729 3653 1365 3654 1364 3655 729 3654 1366 3656 1364 3655 1365 3654 1322 3657 1366 3658 1365 3659 1339 3660 1367 3661 1309 3662 1368 3663 1367 3664 1339 3665 897 885 1368 885 1339 884 1265 3666 1368 3667 897 3667 895 3668 1265 3669 897 3670 799 1919 803 1918 801 1918 1369 3671 803 3672 799 3673 456 3674 1369 3675 799 3676 460 3677 1369 3678 456 3679 458 3678 460 3677 456 3679 541 3680 545 3681 543 3682 1124 990 545 989 541 990 485 1041 1124 1040 541 1040 489 1042 1124 1040 485 1041 487 1040 489 1042 485 1041 600 1306 596 1305 598 1304 1370 3683 596 3684 600 3685 1053 737 1370 738 600 737 1051 3686 1370 3687 1053 3688 1052 3689 1051 3690 1053 3691 969 2331 966 2333 968 2331 1371 2333 966 2333 969 2331 949 2332 1371 2333 969 2331 945 133 1371 133 949 131 947 2331 945 2333 949 2332 231 2556 227 2557 229 3692 1372 2556 227 2557 231 2556 284 522 1372 522 231 522 280 3340 1372 3342 284 3342 282 3693 280 3694 284 3695 158 3696 154 3697 156 3698 1373 3699 154 3700 158 3701 1231 3702 1373 3703 158 3704 1249 1059 1373 1060 1231 1058 1250 1060 1249 1059 1231 1058 723 3705 1005 3706 1007 3707 1374 3708 1005 3709 723 3710 721 1697 1374 1696 723 1698 1173 3711 1374 3712 721 3713 1175 2905 1173 2907 721 2905 1003 3714 1006 3715 1004 3716 1375 3717 1006 3718 1003 3719 1321 3720 1375 3721 1003 3722 1365 3723 1375 3724 1321 3725 1322 3726 1365 3727 1321 3728 1189 3729 1192 3730 1190 3731 1376 3731 1192 3730 1189 3729 1130 3732 1376 3733 1189 3734 410 3735 1376 3736 1130 3737 256 3738 410 3739 1130 3740 348 770 344 770 346 770 1377 829 344 830 348 830 562 3741 1377 3742 348 3743 558 3744 1377 3745 562 3746 560 3747 558 3748 562 3749 1380 3750 1379 3751 1378 3752 1381 3753 1379 3754 1380 3755 816 3756 1381 3757 1380 3758 814 3759 1381 3760 816 3761 815 3762 814 3763 816 3764 171 3765 851 3766 1382 3767 1383 2321 851 2319 171 2320 175 363 1383 365 171 363 438 3768 1383 3769 175 3770 437 369 438 369 175 370 847 2370 851 2371 849 2372 1382 3638 851 3637 847 3636 1081 295 1382 297 847 296 171 3771 1382 3772 1081 3773 170 370 171 370 1081 369 1386 315 1385 317 1384 315 1387 3774 1385 3775 1386 3776 384 826 1387 827 1386 828 381 802 1387 802 384 800 382 802 381 802 384 800 1025 3691 1021 3690 1023 3689 1388 3689 1021 3690 1025 3691 1227 739 1388 739 1025 737 1358 737 1388 739 1227 739 1389 1015 1358 1014 1227 1013 1367 3777 1379 3778 1390 3779 1378 3780 1379 3781 1367 3782 1265 3783 1378 3784 1367 3785 1380 3786 1378 3787 1265 3788 1264 3789 1380 3790 1265 3791 669 3792 673 3793 671 3794 1391 3795 673 3796 669 3797 641 3798 1391 3799 669 3800 643 903 1391 903 641 902 642 3801 643 3802 641 3803 946 135 371 134 944 135 1392 3804 371 3805 946 3806 986 3807 1392 3808 946 3809 373 2480 1392 2479 986 2478 1393 86 713 87 1277 87 715 4 713 254 1393 3 1394 3 715 4 1393 3 1295 4 715 4 1394 3 649 3810 737 3811 1329 3812 1395 778 737 777 649 776 647 3813 1395 3814 649 3815 739 2012 1395 2011 647 2010 952 3816 948 3817 950 3818 1396 3819 948 3820 952 3821 992 2417 1396 2416 952 2415 990 2414 1396 2413 992 2412 838 3822 1397 3823 839 3824 1398 3825 1397 3826 838 3827 281 3828 1398 3829 838 3830 283 3831 1398 3832 281 3833 731 2932 655 2933 1325 2934 1399 3834 655 3835 731 3836 396 315 1399 317 731 316 398 855 1399 970 396 856 1069 3837 1071 3838 1070 3839 1400 3840 1071 3841 1069 3842 1183 3843 1400 3844 1069 3845 1181 2860 1400 2861 1183 2860 1091 3846 121 3847 1089 3848 1401 3849 121 3850 1091 3851 1195 3852 1401 1226 1091 1225 123 1836 1401 1836 1195 1835 995 2422 183 2422 993 2421 1402 2043 183 2044 995 2044 1317 3853 1402 3854 995 3855 181 3856 1402 3857 1317 3858 1403 3859 1091 3860 1093 3861 1195 339 1091 3862 1403 338 1199 3863 1195 3864 1403 3865 1197 2982 1195 2981 1199 2983 842 3866 37 3867 840 3868 1404 3524 37 3523 842 3522 876 3869 1404 3870 842 3871 35 3872 1404 3873 876 3874 1317 1192 1405 1193 1318 1194 1406 3875 1405 3876 1317 3877 995 3878 1406 3879 1317 3880 997 2433 1406 2435 995 2434 1268 365 660 364 1266 364 1407 364 660 364 1268 365 1146 365 1407 364 1268 365 658 365 1407 364 1146 365 1051 3881 596 3882 1370 3883 1408 1222 596 1222 1051 1223 516 761 1408 762 1051 763 514 3884 1408 3885 516 3886 500 1590 502 1590 501 1588 707 3405 502 3405 500 3405 517 3141 707 3140 500 3140 519 1125 707 1124 517 3887 1249 3888 154 3889 1373 3890 1409 3891 154 3892 1249 3893 1207 3894 1409 3895 1249 3896 152 3897 1409 3898 1207 3899 1083 3900 845 3901 1303 3902 1410 3903 845 3904 1083 3905 1081 840 1410 842 1083 841 847 806 1410 808 1081 807 1336 2091 1184 2092 1337 2093 1411 3906 1184 3907 1336 3908 1208 3907 1411 3906 1336 3908 984 3909 1411 3910 1208 3911 987 3912 375 3913 985 3914 1412 3914 375 3913 987 3912 1413 3806 1412 3805 987 3804 377 3915 1412 3916 1413 3917 882 2144 886 2142 884 2144 1414 2144 886 2142 882 2144 848 793 1414 791 882 791 850 2140 1414 2141 848 2139 1270 27 979 26 1269 27 1415 112 979 111 1270 110 1073 3918 1415 3919 1270 3920 981 3921 1415 3922 1073 3923 1321 3924 99 3925 1319 3926 1416 3721 99 3722 1321 3720 1003 3722 1416 3721 1321 3720 97 3927 1416 3928 1003 3929 1417 838 364 839 365 837 362 745 364 745 1417 743 1418 745 362 745 1417 743 575 740 362 740 1418 740 924 3930 427 3931 925 3932 1419 3933 427 3934 924 3933 915 3935 1419 3936 924 3936 431 3937 1419 3936 915 3935 915 3938 913 3939 914 3938 1420 3940 913 3939 915 3938 924 3941 1420 3942 915 3943 922 3944 1420 3945 924 3946 672 3947 699 3948 1421 3949 1422 3950 699 3951 672 3952 676 3953 1422 3954 672 3955 701 432 1422 434 676 433 701 3956 705 3957 703 3958 1423 3959 705 3960 701 3961 676 3962 1423 3963 701 3964 678 3965 1423 3966 676 3967 920 3968 922 3969 921 3970 1424 2232 922 2230 920 2231 911 2228 1424 2229 920 2227 913 3971 1424 3972 911 3973 695 3974 699 3975 697 3976 1421 3977 699 3978 695 3979 670 3980 1421 3981 695 3982 672 3983 1421 3984 670 3985 911 3986 909 3987 910 3988 1425 3989 909 3989 911 3990 920 3991 1425 3989 911 3990 918 3992 1425 3993 920 3994 848 3995 844 3996 846 3997 1426 140 844 142 848 140 882 791 1426 793 848 793 880 3998 1426 3999 882 4000 90 4001 678 4002 680 4003 1427 4004 678 4005 90 4006 88 1603 1427 1605 90 1604 705 4007 1427 4008 88 4009 164 4010 160 4011 162 4012 1428 4013 160 4014 164 4015 1429 4016 1428 4017 164 4018 1232 4019 1428 4020 1429 4021 1208 4022 148 4023 1206 4024 1430 4025 148 4026 1208 4027 1336 4026 1430 4025 1208 4027 146 4027 1430 4025 1336 4026 535 134 479 135 1346 136 1431 3804 479 3806 535 3805 260 4028 1431 4029 535 4030 258 4031 1431 4032 260 4033 1301 4034 679 4035 1347 4036 1432 4037 679 4038 1301 4039 96 226 1432 225 1301 224 94 4040 1432 4041 96 4042 1173 4043 1005 4044 1374 4045 1433 2900 1005 2900 1173 2899 744 2901 1433 2900 1173 2899 742 2901 1433 2900 744 2901 777 96 1100 96 1102 95 1245 3121 1100 3120 777 3120 775 4046 1245 4047 777 4048 1094 4049 1245 4050 775 4051 1114 4052 544 4053 1112 4054 1434 4055 544 4056 1114 4057 1177 1585 1434 1587 1114 1586 542 24 1434 25 1177 23 1020 4058 1253 4059 1022 4060 1435 4061 1253 4062 1020 4063 1021 2522 1435 4064 1020 2523 1359 4065 1435 4066 1021 4067 670 4068 419 4069 668 4070 1436 4071 419 4072 670 4073 695 1518 1436 1516 670 1517 421 1516 1436 1516 695 1518 1177 1854 1179 1853 1178 1855 1437 4074 1179 4075 1177 4076 1114 4077 1437 4078 1177 4079 1116 4080 1437 4081 1114 4082 318 739 314 738 316 737 1438 734 314 734 318 735 1053 737 1438 738 318 739 600 737 1438 738 1053 737 201 4083 1140 4084 1439 4085 1440 4086 1140 4087 201 4088 1134 4089 1440 4090 201 4091 1136 4092 1440 4093 1134 4094 943 4095 1028 4096 1441 4097 1442 1007 1028 1007 943 1009 1292 1009 1442 1007 943 1009 1030 1007 1442 1007 1292 1009 876 4098 880 4099 878 4100 1443 4101 880 4102 876 4103 842 1025 1443 1026 876 1027 844 292 1443 294 842 293 1365 4104 1006 4105 1375 4106 1444 4107 1006 4108 1365 4109 729 1103 1444 1105 1365 1103 727 4110 1444 4111 729 4112 1385 317 1446 315 1445 315 1447 3774 1446 3776 1385 3775 381 589 1447 589 1385 588 379 800 1447 802 381 802 306 4113 638 4114 305 4115 1128 2800 638 2802 306 2800 304 727 1128 725 306 725 1345 4116 1128 4117 304 4118 1386 145 1160 143 1448 145 1449 4119 1160 4120 1386 4121 867 828 1449 826 1386 828 865 3319 1449 3320 867 3321 643 935 673 936 1391 935 1450 936 673 936 643 935 645 4122 1450 4123 643 4124 675 1525 1450 1526 645 4125 818 4126 106 4127 819 4128 1451 4129 106 4130 818 4131 1262 4132 1451 4133 818 4134 108 3196 1451 3196 1262 3194 1379 4135 1191 4136 1390 4137 1452 4138 1191 4139 1379 4140 814 4141 1452 4142 1379 4143 812 4144 1452 4145 814 4146 558 4147 344 4148 1377 4149 1453 2943 344 2942 558 2944 556 143 1453 145 558 144 342 3314 1453 3313 556 3315 277 4150 1078 4151 276 4152 1255 2303 1078 4153 277 2302 836 4154 1255 4155 277 4156 834 4157 1255 4158 836 4159 1262 4160 1380 4161 1264 4162 1454 4163 1380 4164 1262 4165 818 4166 1454 4167 1262 4168 816 4169 1454 3498 818 3497 1187 4119 73 4121 72 4120 46 827 73 828 1187 826 1455 4170 46 4171 1187 4172 1103 4173 46 4174 1455 4175 945 128 966 128 1371 128 1456 979 966 977 945 977 369 4176 1456 4177 945 4178 367 4179 1456 4180 369 4181 1036 3235 1038 3234 1037 3233 1457 2703 1038 2702 1036 2701 386 1485 1457 1483 1036 1484 1458 1484 1457 1483 386 1485 1297 435 943 437 1441 436 1459 4182 943 4183 1297 4184 1075 1220 1459 1219 1297 1221 941 1221 1459 1219 1075 1220 1235 4185 1065 4186 1353 4187 1460 4188 1065 4189 1235 4188 856 1073 1460 1075 1235 1075 854 4190 1460 4191 856 4192 951 4193 971 4194 1461 4195 1462 1039 971 1037 951 1038 949 981 1462 982 951 980 969 2331 1462 2333 949 2332 1086 297 1109 295 1463 295 1464 297 1109 295 1086 297 1361 296 1464 297 1086 297 1107 297 1464 297 1361 296 1465 4196 548 4197 550 4198 1113 4199 548 4200 1465 4201 774 1832 1113 1832 1465 1833 776 1126 1113 1127 774 1127 307 1218 571 1217 309 1216 1143 1215 571 1214 307 1213 308 4202 1143 4203 307 4204 1466 4205 1143 4206 308 4207 1011 2559 189 2558 1341 2559 1467 2561 189 2563 1011 2562 994 4208 1467 4209 1011 4210 187 4055 1467 4057 994 4056 986 975 990 976 988 974 1468 971 990 973 986 971 946 62 1468 64 986 64 948 3808 1468 3807 946 3809 517 4211 513 4212 515 4213 1469 1291 513 1289 517 1291 500 3140 1469 3141 517 3141 498 3142 1469 3141 500 3140 354 770 568 771 1342 771 1470 4214 568 4215 354 4216 356 4215 1470 4214 354 4216 570 4217 1470 4218 356 4219 1307 4220 903 4221 1338 4222 1471 4223 903 4224 1307 4225 1242 4226 1471 4227 1307 4228 905 4229 1471 4230 1242 4231 1153 365 1149 364 1151 365 1472 740 1149 742 1153 741 938 4232 1472 4233 1153 4234 1393 4235 808 4236 810 4237 1473 7 808 6 1393 5 1277 259 1473 260 1393 258 981 321 1181 322 983 321 1474 321 1181 322 981 321 1073 3923 1474 3921 981 3921 1158 831 1161 832 1159 832 1305 4238 1161 4239 1158 4240 137 1216 1305 1217 1158 1218 1040 751 1304 749 1041 750 1475 4241 1304 4242 1040 4243 1458 4244 1475 4245 1040 4246 281 4247 277 4248 279 4249 1476 4250 277 4251 281 4252 838 4253 1476 4254 281 4255 1137 2834 609 2835 1138 2834 1477 4256 609 4257 1137 4258 1478 4257 1477 4256 1137 4258 1179 4259 1479 4260 1180 4261 1480 3601 1479 3600 1179 3602 1116 4262 1480 4263 1179 4264 1298 4265 1252 4266 1326 4267 1481 4268 1252 4269 1298 4270 1022 4271 1481 4272 1298 4273 1292 363 940 365 1290 365 942 365 940 365 1292 363 943 363 942 365 1292 363 1483 2501 1482 2503 1429 2501 973 344 1482 343 1483 4274 972 4275 973 4276 1483 4277 1263 4278 1260 4279 1261 4280 1271 4281 1260 4282 1263 4283 896 4284 1271 4285 1263 4286 1287 4287 1478 4288 1288 4289 1484 4290 1478 4291 1287 4292 786 4293 1484 4294 1287 4295 836 4296 838 4297 837 4298 1476 4299 838 4300 836 4301 277 3459 1476 3460 836 3458 927 76 111 76 926 74 1485 78 111 77 927 77 1486 4302 1485 4303 927 4304 1366 4305 166 4306 1364 4307 1487 4308 166 4309 1366 4310 1429 4311 1487 4312 1366 4313 131 291 133 290 132 289 970 290 133 290 131 291 971 1037 970 1039 131 1038 79 4314 75 4315 77 4316 1488 4317 75 4318 79 4319 752 4320 1488 4321 79 4322 1218 4323 460 4324 461 4325 1489 4325 460 4324 1218 4323 805 4264 1489 4264 1218 4262 1024 739 1028 737 1026 737 1441 4326 1028 4327 1024 4328 1297 4329 1441 4330 1024 4331 1059 2609 1055 4332 1057 2610 1171 4333 1055 4334 1059 4335 1210 4336 1171 4337 1059 4338 1320 3657 1366 3658 1322 3657 1490 4339 1366 4340 1320 4341 1483 4342 1490 4343 1320 4344 1232 4345 973 4346 1230 4347 1482 4348 973 4349 1232 4350 1429 2501 1482 2503 1232 2502 1204 4351 971 4352 1205 4353 1461 4354 971 4355 1204 4356 1259 4357 1461 4358 1204 4359 475 1210 1417 1211 1491 1212 1418 1212 1417 1211 475 1210 575 1018 1418 1018 475 1016 1361 4360 43 4361 45 4362 1088 4363 43 4364 1361 4365 1086 772 1088 770 1361 771 1170 4366 1334 4367 1168 4368 1000 4367 1334 4367 1170 4366 1002 4369 1000 4370 1170 4371 1417 743 1034 743 1491 745 1033 367 1034 366 1417 366 365 435 1033 437 1417 436 5 1 1 1 3 2 1492 2 1 1 5 1 892 4372 1492 4373 5 4374 900 4375 896 4376 898 4377 1493 3217 896 3215 900 3216 1073 3918 1493 3919 900 3920 1357 4378 1435 4379 1359 4380 1494 4381 1435 4382 1357 4383 664 4384 1494 4385 1357 4386 1446 852 1413 853 1495 853 1496 1703 1413 1704 1446 1702 379 826 1496 827 1446 828 1134 2821 204 2822 1132 2821 203 4387 204 4388 1134 4389 201 1620 203 1620 1134 1619 867 2404 869 2405 868 2403 1384 68 869 70 867 68 1386 68 1384 68 867 68 780 4390 224 4391 779 4392 225 4393 224 4394 780 4395 1131 4396 225 4397 780 4398 1458 4399 1161 4400 1475 4401 1162 1300 1161 1299 1458 1298 386 1016 1162 1016 1458 1018 445 317 1497 316 1213 316 441 4402 1497 4403 445 4404 443 967 441 969 445 968 658 365 308 365 657 365 1466 737 308 739 658 739 1146 739 1466 737 658 739 243 4405 239 4406 241 4407 1042 4408 239 4409 243 4410 296 4411 1042 4412 243 4413 1279 743 1314 744 1280 743 1498 744 1314 744 1279 743 1150 744 1498 744 1279 743 573 1224 1499 1224 575 1222 360 830 1499 829 573 829 1352 4414 360 4415 573 4416 1500 4417 1012 4418 1333 4419 998 4420 1012 4421 1500 4422 1000 4423 998 4424 1500 4425 1291 364 962 364 1293 364 963 363 962 364 1291 364 555 364 963 363 1291 364 1097 3054 1101 3055 1099 3056 1501 4426 1101 4427 1097 4428 1486 4429 1501 4430 1097 4431 438 728 851 730 1383 729 852 808 851 808 438 807 442 832 852 831 438 833 935 4432 938 4433 936 4434 1472 1728 938 1726 935 1728 1149 742 1472 740 935 740 555 364 1156 365 554 364 1157 365 1156 365 555 364 1291 364 1157 365 555 364 1502 4435 935 4436 208 4437 1149 4438 935 4439 1502 4440 206 4441 1149 4442 1502 4443 1503 745 1150 744 1279 743 1152 740 1150 742 1503 740 1273 740 1152 740 1503 740 1504 364 1314 364 1283 365 172 363 1314 364 1504 364 174 365 172 363 1504 364 1505 4444 1017 4445 1015 4446 195 4447 1017 4448 1505 4449 193 4450 195 4451 1505 4452 1506 4453 1212 4454 1210 4455 1061 55 1212 54 1506 53 1059 55 1061 55 1506 53 377 830 379 830 378 829 1496 802 379 800 377 800 1413 4456 1496 4457 377 4458 1507 2192 539 2193 483 2192 541 4459 539 4460 1507 4461 485 4194 541 4195 1507 4193 1508 4462 1158 4462 477 4463 137 807 1158 808 1508 808 139 841 137 840 1508 842 1509 71 564 73 562 71 350 4464 564 4465 1509 4466 348 4467 350 4468 1509 4469 1283 365 1150 364 1148 365 1498 364 1150 364 1283 365 1314 364 1498 364 1283 365 1328 2614 1127 2616 495 2615 553 4470 1127 4471 1328 4472 763 4473 553 4474 1328 4475 1510 2990 1204 2990 1202 2618 1259 1120 1204 1118 1510 1118 1239 4476 1259 4477 1510 4478 1511 579 885 579 683 578 883 71 885 73 1511 73 685 4479 883 4480 1511 4481 1512 4482 682 4483 454 4484 799 1913 682 1915 1512 1914 456 4485 799 4486 1512 4487 1513 4488 841 4489 41 4490 1087 3844 841 3845 1513 3843 43 4491 1087 4492 1513 4493 1514 1 715 2 1295 2 717 1678 715 1680 1514 1679 1174 4494 717 4495 1514 4496 1515 4497 415 4498 413 4499 669 4500 415 4501 1515 4502 641 4503 669 4504 1515 4505 1516 902 620 902 618 904 1189 2957 620 2959 1516 2959 1130 4506 1189 4507 1516 4508 1517 4509 664 4510 1357 4511 662 2531 664 2529 1517 2530 1267 371 662 369 1517 370 1518 4512 245 4513 298 4514 243 558 245 558 1518 557 296 4515 243 4516 1518 4517 1519 4518 735 4519 733 4520 651 1491 735 1490 1519 1491 653 1459 651 1461 1519 1461 1021 4521 1358 4522 1359 4523 1388 3689 1358 3691 1021 3690 463 757 388 756 462 755 788 4524 388 4525 463 4526 1337 4527 391 4528 389 4529 1184 4530 391 4531 1337 4532 389 4533 142 4534 1335 4535 387 3365 142 3366 389 3364 387 1207 140 1208 142 1209 388 743 140 743 387 745 788 301 140 302 388 302 136 301 140 302 788 301 790 751 1041 750 1304 749 792 734 1041 735 790 736 1304 4536 1161 4537 1305 4538 1475 3743 1161 3741 1304 3742 110 4539 975 4540 109 4541 1260 4542 975 4543 110 4544 982 42 978 41 980 42 1248 4545 978 4546 982 4547 1184 2055 984 2056 1182 2057 1411 3910 984 3909 1184 3911 393 1196 1183 1195 1520 1195 1185 4098 1183 4099 393 4100 1493 3217 1270 3216 896 3215 1073 3918 1270 3920 1493 3919 1521 4548 899 4549 897 4550 1339 4551 899 4552 1521 4553 1522 4554 274 4555 1163 4556 2 80 274 82 1522 80 272 5 1165 5 1324 7 828 7 1165 5 272 5 827 4557 1165 4558 828 4559 926 4560 1165 4561 827 4562 111 253 113 251 112 251 1485 4303 113 4302 111 4304 1487 4563 164 4563 166 4564 1429 4016 164 4018 1487 4018 4 4565 1522 4566 1163 4567 2 0 1522 0 4 1 1180 4568 929 4569 931 4570 1479 656 929 657 1180 658 1101 4188 1479 4571 1480 4189 1501 3088 1479 3087 1101 3089 1101 627 1116 626 1102 627 1480 4572 1116 4573 1101 4574 1523 251 1486 251 927 253 1479 2717 1486 2719 1523 2719 1523 4575 929 4576 1479 4577 927 4578 929 4579 1523 4580 1524 6 1486 5 1097 6 113 5 1486 5 1524 6 1524 88 115 87 113 86 1097 83 115 84 1524 83 774 396 550 398 1525 396 1465 4581 550 4582 774 4583 777 4584 1113 4585 776 4586 1115 4587 1113 4588 777 4589 338 1222 1104 1222 337 1223 1275 743 1104 745 338 745 1274 363 1156 365 1272 364 554 364 1156 365 1274 363 72 2933 70 2932 134 2932 71 4590 70 4591 72 4592 964 972 967 971 965 971 1188 4593 967 4594 964 4595 1084 3172 1109 3171 1111 3170 1463 295 1109 295 1084 297 1103 2005 339 2006 337 2004 1455 375 339 375 1103 377 339 793 1187 792 1186 793 1455 793 1187 792 339 793 1143 740 1146 741 1144 740 1466 4205 1146 4207 1143 4206 574 4596 311 4597 309 4598 575 740 311 741 574 740 1031 366 960 367 1526 366 1032 817 960 816 1031 815 960 367 958 368 1526 366 959 4599 958 4600 960 4601 958 368 1350 368 1526 366 1527 737 1350 739 958 739 956 1015 1527 1014 958 1013 1145 1010 1527 1011 956 1010 1145 1015 1350 1013 1527 1014 1349 364 1350 365 1145 364 1350 368 1031 366 1526 366 1351 747 1031 748 1350 746 1228 364 1224 364 1226 364 1349 364 1224 364 1228 364 1145 364 1224 364 1349 364 1147 364 1224 364 1145 364 871 853 1446 852 1495 853 1445 852 1446 852 871 853 871 2113 873 2112 872 2114 1495 131 873 132 871 131 873 132 1413 131 1528 132 1495 131 1413 131 873 132 1385 4602 869 4603 1384 4604 1445 4604 869 4603 1385 4602 987 2114 1528 2112 1413 2113 989 2410 1528 2409 987 2411 475 4605 473 4606 474 4607 1491 1212 473 1211 475 1210 473 298 1034 298 797 298 1491 745 1034 743 473 743 476 740 311 741 575 740 315 741 311 741 476 740 1448 828 384 826 1386 828 386 4608 384 4609 1448 4610 386 2133 1160 2135 1162 2133 1448 4611 1160 4612 386 4613 385 1223 1036 1222 383 1223 386 1485 1036 1484 385 1483 1034 366 796 367 797 366 1035 367 796 367 1034 366 1458 2701 1038 2702 1457 2703 1529 3233 1038 3234 1458 3235 948 973 990 973 1468 971 1396 2112 990 2114 948 2114 495 1049 491 1050 493 1049 1126 4614 491 4615 495 4616 494 4617 989 4618 991 4619 874 4619 989 4618 494 4617 989 56 873 58 1528 58 874 58 873 58 989 56 1198 4620 766 4621 1238 4621 1200 4622 766 4623 1198 4624 1525 459 769 460 774 459 767 4625 769 4626 1525 4627 772 1005 775 1006 773 1005 1095 4628 775 4629 772 4630 951 4631 1259 4632 953 4633 1461 4634 1259 4635 951 4636 764 4637 954 4638 1258 4639 763 4640 954 4641 764 4642 550 4620 767 4621 1525 4643 552 4622 767 4623 550 4624 767 1856 553 1857 765 1858 552 1858 553 1857 767 1856 766 336 770 337 768 336 1200 4644 770 337 766 336 447 4645 451 4646 449 4647 1340 3520 451 4648 447 3521 1330 4649 576 4650 459 4651 1281 4652 576 4653 1330 4654 1030 4655 962 4656 1032 4657 1293 1010 962 1010 1030 1011 109 4658 105 4659 107 4660 972 4661 105 4662 109 4663 1263 4664 895 4665 896 4666 1265 4667 895 4668 1263 4669 460 1845 803 1846 1369 1844 1489 4670 803 4671 460 4672 75 4673 1218 4674 461 4675 1488 4676 1218 4677 75 4678 1218 4679 752 4680 1219 4681 1488 4682 752 4683 1218 4684 1058 3476 1062 3478 1060 3477 1282 4685 1062 4686 1058 4687 453 4688 457 4689 455 4690 1331 3469 457 3468 453 3467 1363 4691 1118 4692 1058 4693 1120 3650 1118 3649 1363 3648 68 4694 66 4695 130 4696 67 4697 66 4698 68 4699 29 4700 691 4701 693 4702 1217 2298 691 2296 29 2298 844 4703 880 4704 1443 4705 1426 4590 880 4592 844 4591 56 2087 54 2085 118 2086 55 643 54 641 56 642 60 4706 58 4707 122 4708 59 101 58 103 60 101 64 279 62 280 126 279 63 280 62 280 64 279 129 282 127 282 1203 282 128 282 127 282 129 282 772 4709 1093 4710 1095 4711 1530 2989 1093 2988 772 2989 1093 4712 1199 4713 1403 4714 1530 2925 1199 2923 1093 2924 1199 4051 770 4049 1200 4051 1530 4715 770 4716 1199 4717 1295 4718 1221 4719 1222 4720 1394 4721 1221 4722 1295 4723 1221 4237 1393 4235 810 4237 1394 4235 1393 4235 1221 4237 809 95 1221 95 810 95 1220 95 1221 95 809 95 1473 4724 1236 4725 808 4726 1277 4727 1236 4728 1473 4729 1047 4730 1049 4731 1048 4732 1064 4733 1049 4734 1047 4735 52 82 50 81 114 80 51 77 50 78 52 79 1490 4374 1429 4373 1366 4372 1483 2 1429 2 1490 1 1483 4736 105 4737 972 4738 1531 4738 105 4737 1483 4736 169 2 726 0 728 0 0 2 726 0 169 2 1492 4739 889 4740 1 4741 892 4742 889 4743 1492 4744 714 2 1277 0 713 0 894 0 1277 0 714 2 5 4374 863 4373 892 4372 7 1 863 2 5 1 892 2159 862 2157 893 2157 863 4373 862 4374 892 4372 1532 4745 434 4746 436 4747 1018 4748 434 4749 1532 4750 609 4751 611 4752 610 4752 1477 4753 611 4752 609 4751 1142 2842 1140 2844 1141 2843 1439 4754 1140 4755 1142 4756 607 1319 605 1321 1139 1319 606 1319 605 1321 607 1319 1478 4757 1311 4758 1312 4759 1484 4760 1311 4761 1478 4762 1478 4751 611 4752 1477 4753 1312 4752 611 4752 1478 4751 786 4763 1311 4764 1484 4765 787 4766 1311 4767 786 4768 1311 4769 636 4770 1310 4771 787 4772 636 4773 1311 4774 1355 4775 1287 4776 1285 4777 786 4777 1287 4776 1355 4775 82 4778 78 4779 1067 4780 80 4781 78 4782 82 4783 913 4784 922 4785 1424 4786 1420 4787 922 4788 913 4789 431 4790 427 4791 1419 4792 429 4793 427 4794 431 4795 103 4796 1531 4797 1320 4798 105 4799 1531 4800 103 4801 678 4802 705 4803 1423 4804 1427 4805 705 4806 678 4807 629 4808 645 4809 644 4810 1302 4293 645 4294 629 4295 1308 4811 1367 4812 1390 4813 1309 4814 1367 4815 1308 4816 1191 4817 1308 4818 1390 4819 1193 4820 1308 4821 1191 4822 667 4823 230 4824 228 4825 591 4826 230 4827 667 4828 228 3300 666 3299 667 4829 1254 4830 666 4831 228 4832 666 4833 664 4834 665 4835 1494 4833 664 4834 666 4833 1435 4836 666 4837 1254 4838 1494 4381 666 4381 1435 4382 1147 364 1268 365 1224 364 1146 365 1268 365 1147 364 1225 1013 1358 1014 1389 1015 1356 1009 1358 1007 1225 1008 301 4839 305 4840 635 4841 303 4842 305 4843 301 4844 255 4845 251 4846 253 4847 1345 4848 251 4849 255 4850 1128 4851 255 4852 1129 4853 1345 4854 255 4855 1128 4856 289 4857 293 4858 755 4859 291 4860 293 4861 289 4862 292 4863 296 4864 294 4865 1042 4866 296 4867 292 4868 286 4869 290 4870 288 4871 1044 4872 290 4873 286 4874 760 3347 762 3348 785 3347 761 3348 762 3348 760 3347 295 4875 299 4876 759 4877 297 4878 299 4879 295 4880 756 4881 758 4882 781 4883 757 4884 758 4885 756 4886 1181 4887 1071 4888 1400 4889 1474 4890 1071 4891 1181 4892 1069 145 1520 143 1183 143 395 145 1520 143 1069 145 410 4893 1192 4894 1376 4895 1323 4896 1192 4897 410 4898 401 4899 405 4900 403 4901 1241 3109 405 3108 401 4902 1244 4903 1308 4904 1193 4905 1306 4906 1308 4907 1244 4908 1318 802 441 800 439 801 1405 4909 441 4910 1318 4911 1153 365 1289 365 938 363 1155 363 1289 365 1153 365 320 4912 324 4913 738 4914 322 750 324 749 320 751 317 4915 321 4916 319 4917 472 367 321 366 317 368 439 296 177 295 1316 295 437 295 177 295 439 296 1084 4918 1080 4919 1082 4920 1111 4921 1080 4922 1084 4923 1080 363 1110 363 1315 363 1111 364 1110 363 1080 363 329 363 333 364 331 364 464 364 333 364 329 363 326 4526 330 4525 734 4524 328 367 330 366 326 367 332 1708 336 1709 730 1709 334 1708 336 1709 332 1708 471 365 469 365 470 364 795 364 469 365 471 365 323 364 327 363 325 365 468 364 327 363 323 364 467 1014 465 1015 466 1013 791 1013 465 1015 467 1014 794 4924 792 4925 793 4926 1039 4927 792 4928 794 4929 1333 4930 436 4931 1332 4932 1533 4933 436 4934 1333 4935 1018 4936 1014 4937 1016 4938 1532 3590 1014 4939 1018 3589 436 4940 1014 4941 1532 4942 1533 4943 1014 4944 436 4945 1533 2505 1012 2505 1014 2504 1333 4419 1012 4418 1533 4418 1213 2095 1001 2094 1211 2095 1534 4946 1001 4947 1213 4948 1001 4949 997 4950 999 4951 1534 65 997 67 1001 66 283 4952 1397 4953 1398 4954 1535 4955 1397 4956 283 4957 1536 4958 1397 4959 1535 4960 1537 4959 1397 4959 1536 4958 1397 4961 220 4962 839 4963 1537 4964 220 4965 1397 4964 1405 2479 997 2478 1534 2480 1406 4966 997 4967 1405 4968 1213 4969 1405 4970 1534 4971 1497 2407 1405 2406 1213 2407 1123 2877 1167 2875 587 2877 1122 4972 1167 4973 1123 4974 1333 4975 1000 4976 1500 4977 1334 3482 1000 3482 1333 3483 1170 4978 1210 4979 1002 4980 1171 4981 1210 4982 1170 4983 954 1553 1328 1553 1327 1552 763 1049 1328 1051 954 1051 1054 4984 1167 4985 1122 4986 1055 4987 1167 4988 1054 4989 222 4990 1536 4991 778 4992 1537 4993 1536 4994 222 4995 220 4996 222 4997 221 4998 1537 4999 222 5000 220 5001 287 5002 1536 5003 1535 5004 753 1787 1536 1786 287 1788 1536 4991 754 4990 778 4992 753 1790 754 1789 1536 1791 1439 5005 199 5006 201 5007 1142 5008 199 5009 1439 5010 780 5011 1284 5012 1131 5013 782 5014 1284 5015 780 5016 287 681 283 682 285 680 1535 5017 283 5018 287 5019 1481 5020 1253 5021 1252 5022 1022 5023 1253 5024 1481 5025 1299 5026 1024 5027 1022 5028 1297 5029 1024 5030 1299 5031 315 365 313 364 311 365 724 5032 726 5033 888 5034 718 2161 714 2160 716 2162 862 5035 861 5036 860 5037 879 1912 1216 1911 877 1910 575 1018 475 1016 476 1018 448 2482 444 2481 446 5038 718 1688 720 1687 891 1688 342 3317 344 3316 1453 3318 345 369 368 370 347 371 338 5039 1313 5040 1274 5041 113 3 1485 4 1486 3 927 5042 928 5043 929 5044 31 2119 875 2118 877 2120 1479 2717 1501 2718 1486 2719 1179 4675 1437 4673 1116 4674 424 5045 608 5046 422 5047 266 5048 265 5049 264 5050 688 5051 692 5052 690 5053 418 5054 420 5055 422 5056 821 5057 823 5058 822 5059 360 5060 362 5061 1499 5062 538 5063 1176 5064 933 5065 1136 5066 1140 5067 1440 5068 424 939 426 938 428 939 362 1222 575 1222 1499 1224 821 4155 536 4154 934 4156 418 5069 612 5070 416 5071 931 4712 932 4713 933 4714 421 923 419 925 1436 923 825 5072 823 5073 930 5074 412 5075 414 5076 416 5077 613 5078 615 5079 614 5080 545 5081 1125 5082 547 5083 542 3477 544 3476 1434 3478 617 5084 619 5085 621 5086 1478 5087 1137 5088 1288 5089 169 5090 167 5091 275 5092 1137 2830 1135 2832 1133 2832 363 5093 380 5094 365 5095 448 3807 450 3809 1008 3808 613 1336 611 1334 1312 1334 377 3906 375 3908 1412 3907 886 5096 1414 5097 850 5098 442 3774 444 3775 1009 3776 784 3629 786 3628 1355 3627 1320 5099 1531 5100 1483 5101 1232 4350 160 4348 1428 4349 163 5102 167 5103 165 5104 266 616 824 614 268 614 918 2659 909 2658 1425 2658 357 2140 355 2141 353 2139 698 5105 923 5106 696 5107 157 5108 155 5109 267 5110 698 5111 700 5112 702 5113 825 5114 827 5115 826 5116 270 5117 269 5118 268 5119 704 5120 919 5121 702 5122 163 348 161 350 271 348 701 5123 699 5124 1422 5125 672 5126 674 1528 676 1527 588 5127 433 5128 916 5129 270 5130 828 5131 272 5132 363 770 361 770 359 770 157 5133 161 5134 159 5135 425 5136 694 5137 696 5138 847 806 845 806 1410 808 430 5139 604 5140 428 5141 582 5142 578 5143 580 5144 579 5145 1119 5146 581 5147 582 5148 584 5149 912 5150 585 1262 1123 1260 587 1260 588 5151 584 5152 586 5153 585 5154 583 5155 581 5156 1120 5157 1122 5158 1121 5158 981 5159 979 5160 1415 5161 151 5162 155 5163 153 5164 154 2415 1409 2417 152 2416 81 5165 751 5166 79 5167 158 1851 1233 1852 1231 1850 148 4026 1430 4025 146 4027 1040 3234 1529 3233 1458 3235 482 5168 486 5169 484 5170 99 3929 1416 3928 97 3927 1086 297 1463 295 1084 297 479 2113 1431 2114 258 2112 551 5171 1127 5172 553 5173 93 5174 743 5175 91 5176 482 2850 480 2849 866 2848 151 5177 149 5178 263 5179 94 5180 679 5181 1432 5182 87 5183 89 5184 91 5185 262 5186 820 5187 264 5188 145 5189 149 5190 147 5191 748 5192 746 5193 1294 5194 87 5195 747 1776 85 1775 748 5196 750 5197 749 5198 81 168 83 167 85 168 145 5199 143 5200 259 5201 1006 5202 1444 5203 727 5204 136 2707 138 2708 140 2709 742 2901 1005 2900 1433 2900 724 1692 720 1691 722 1690 1435 5205 1254 5206 1253 5207 623 1361 640 1361 621 1362 1030 737 1028 737 1442 737 626 5208 624 5209 813 5210 280 3694 227 3693 1372 3695 629 5211 631 5212 633 5213 20 89 18 91 16 90 629 5214 644 5215 627 5216 626 5217 630 5218 628 5219 623 5220 625 5221 627 5222 214 648 213 647 212 649 675 1525 673 1526 1450 1526 832 5223 834 5224 833 5225 108 4129 106 4130 1451 4129 632 5226 630 5227 817 5228 632 1393 102 1392 634 1391 100 3308 1300 3307 633 3309 937 5229 1074 5230 1076 5231 1191 2966 1452 2968 812 2967 832 3534 830 3536 1257 3535 357 802 376 800 359 800 488 384 486 384 870 386 1078 3172 1256 3171 1076 3170 814 5232 1379 5233 1381 5234 1155 363 1157 365 1291 364 1380 5235 1454 5236 816 5237 941 4184 943 4183 1459 4182 1265 3666 1367 5238 1368 3667 1339 5239 1521 5240 897 5241 869 5242 1445 5243 871 5244 1385 588 1387 589 381 589 938 363 1289 365 940 365 1131 5245 1286 5246 1133 5247 236 5248 234 5249 499 5250 591 5251 593 5252 592 5253 222 1862 778 1864 224 1863 204 5254 202 5255 223 5256 199 5257 1142 5258 1348 5259 198 5260 202 5261 200 5262 513 1289 1469 1291 498 1290 214 5263 835 5264 216 5265 192 399 190 401 215 400 520 5266 648 5267 522 5268 523 1124 519 1125 521 1125 599 737 597 737 659 739 594 1303 597 1301 595 1303 218 5269 217 5270 216 5271 198 5272 196 5273 219 5274 596 1298 1408 1298 514 1299 599 737 312 739 601 739 1100 2741 1246 2741 1098 2742 117 5275 1096 5276 1098 5277 594 1295 593 1296 663 1295 218 5278 839 5279 220 5280 1090 2717 119 2719 1247 2718 192 5281 196 5282 194 5283 660 364 1407 364 658 365 1055 5284 1169 5285 1167 5286 1168 5287 590 5288 1166 5289 26 26 61 26 28 27 248 1095 252 1094 250 1095 441 5290 1405 5291 1497 5292 186 5293 190 5294 188 5295 302 5296 1344 5297 304 5298 26 5299 24 5300 22 5301 1062 5302 1282 5303 1281 5304 379 826 1446 828 1447 827 242 5305 240 5306 503 5307 502 1644 708 1643 504 1642 242 5308 246 5309 244 5310 506 5311 710 5312 508 5313 248 5314 246 5315 507 5316 506 1079 505 1081 504 1081 523 4627 525 4625 709 4626 20 16 57 15 22 14 189 5317 1467 5318 187 5319 1012 5320 998 5321 1010 5322 233 3692 1045 2557 231 2556 25 23 692 25 1050 24 239 5323 1043 5324 237 5324 236 535 240 535 238 533 1225 365 1389 364 1227 365 233 532 235 531 237 530 1025 737 1229 739 1227 739 555 5325 557 5326 559 5327 125 2987 1194 2989 1196 2988 784 3621 782 3623 783 3622 183 5328 1402 5329 181 5330 186 387 184 389 211 389 688 5331 686 5332 1046 5333 32 5334 30 5335 28 5336 900 5337 902 5338 1072 5339 1071 5340 1474 5341 1073 5342 906 980 399 982 1068 981 210 831 831 833 212 832 393 5343 1520 5344 395 5345 529 1136 531 1135 711 5346 510 5347 509 5348 508 5349 532 5350 656 5351 402 5352 404 5353 531 5354 533 5355 532 5356 530 5357 528 5358 180 5359 184 5360 182 5361 180 372 178 373 207 372 398 5362 655 5363 1399 5364 529 1134 525 1133 527 1132 526 274 652 273 528 273 171 363 173 364 175 363 494 5365 492 5366 874 5367 254 5368 252 5369 511 5370 510 5371 712 5372 408 5373 906 5374 902 5375 904 5376 177 369 437 369 175 370 561 5377 961 5378 559 5379 442 5380 438 5381 440 5382 1090 5383 1094 5384 1092 5385 561 5386 563 5387 565 5388 123 2499 121 2498 1401 2499 903 5389 1471 5390 905 5391 1198 2987 1240 2988 1196 2988 551 2297 549 2298 547 2298 1058 4693 1056 4692 1363 4691 314 738 1438 738 600 737 805 4051 803 4049 1489 4051 772 1980 770 1982 1530 1980 739 775 737 774 1395 773 526 3215 524 3217 522 3216 805 5392 809 5393 807 5394 962 5395 960 5396 1032 5397 351 5398 372 5399 353 5400 373 4971 371 4969 1392 4970 32 44 65 44 34 44 38 5401 69 5402 40 5403 570 4217 568 4219 1470 4218 1038 364 1529 363 1040 364 17 5 19 7 855 5 206 2070 1502 2072 208 2070 567 5404 957 5405 565 5406 1279 743 1273 745 1503 745 969 2383 971 2382 1462 2384 1283 365 174 365 1504 364 1107 297 1109 295 1464 297 193 884 1505 885 1015 884 44 73 73 72 46 71 1059 5407 1506 5408 1210 5409 1103 5410 1360 5411 46 5412 802 1922 804 1921 806 1923 1065 5413 1460 5414 854 5415 383 5416 1033 5417 365 5418 11 2 7 1 9 1 485 1037 1507 1038 483 1038 8 1 49 1 10 2 477 4463 139 5419 1508 4462 11 4 13 3 859 254 562 802 348 800 1509 802 858 638 1276 639 860 639 14 4 53 254 16 3 17 5 13 5 15 5 14 2 12 2 10 2 1202 2618 1239 2618 1510 2990 35 51 37 50 1404 52 685 5420 1511 5421 683 5422 1104 1484 1278 1485 1106 1483 454 5423 456 5424 1512 5425 1110 370 1108 369 1106 369 41 5426 43 5427 1513 5428 367 5429 966 5430 1456 5431 1174 5432 1514 5433 1295 5434 38 125 36 127 34 126 413 1365 641 1366 1515 1364 44 65 42 67 40 67 618 5435 1130 5436 1516 5437 488 1045 492 1043 490 1045 1267 815 1517 816 1357 817 1160 5438 1449 5439 865 5440 296 5441 1518 5442 298 5443 351 298 349 298 347 298 733 5444 653 5445 1519 5446</p>
                </polylist>
            </mesh>
        </geometry>
    </library_geometries>
    <library_visual_scenes>
        <visual_scene id="VisualSceneNode">
            <node id="node0" name="m0" type="NODE">
                <instance_geometry url="#mesh0">
                    <bind_material>
                        <technique_common>
                            <instance_material symbol="Material1" target="#mat0">
                                <bind_vertex_input semantic="UVSET0" input_semantic="TEXCOORD" input_set="0"></bind_vertex_input>
                            </instance_material>
                        </technique_common>
                    </bind_material>
                </instance_geometry>
            </node>
            <node id="node0_VC" name="m0_VC" type="NODE">
                <instance_geometry url="#mesh0_VC">
                    <bind_material>
                        <technique_common>
                            <instance_material symbol="Material1" target="#mat_vc">
                                <bind_vertex_input semantic="UVSET0" input_semantic="TEXCOORD" input_set="0"></bind_vertex_input>
                            </instance_material>
                        </technique_common>
                    </bind_material>
                </instance_geometry>
            </node>
        </visual_scene>
    </library_visual_scenes>
    <scene>
        <instance_visual_scene url="#VisualSceneNode"></instance_visual_scene>
    </scene>
</COLLADA>
