<?xml version="1.0"?>
<COLLADA xmlns="http://www.collada.org/2005/11/COLLADASchema" version="1.4.1">
    <asset>
        <contributor>
            <authoring_tool>J3D Ripoff Exporter</authoring_tool>
        </contributor>
        <created>2024-07-13T00:19:40.962Z</created>
        <modified>2024-07-13T00:19:40.962Z</modified>
		<unit meter="0.01" name="centimeter" ></unit>
        <up_axis>Y_UP</up_axis>
    </asset>
    <library_images>
        <image id="tex0">
            <init_from>AstroPlanetWall.png</init_from>
        </image>
        <image id="tex_vc">
            <init_from>vertexColors.png</init_from>
        </image>
    </library_images>
    <library_effects>
        <effect id="effect0">
            <profile_COMMON>
                <newparam sid="surface0">
                    <surface type="2D">
                        <init_from>tex0</init_from>
                    </surface>
                </newparam>
                <newparam sid="sampler0">
                    <sampler2D>
                        <source>surface0</source>
                    </sampler2D>
                </newparam>
                <technique sid="COMMON">
                    <blinn>
                        <diffuse>
                            <texture texture="sampler0" texcoord="UVSET0"></texture>
                        </diffuse>
                    </blinn>
                </technique>
            </profile_COMMON>
        </effect>
        <effect id="effect1">
            <profile_COMMON>
                <newparam sid="surface1">
                    <surface type="2D">
                        <init_from>tex0</init_from>
                    </surface>
                </newparam>
                <newparam sid="sampler1">
                    <sampler2D>
                        <source>surface1</source>
                    </sampler2D>
                </newparam>
                <technique sid="COMMON">
                    <blinn>
                        <diffuse>
                            <texture texture="sampler1" texcoord="UVSET0"></texture>
                        </diffuse>
                    </blinn>
                </technique>
            </profile_COMMON>
        </effect>
        <effect id="effect_vc">
            <profile_COMMON>
                <newparam sid="surface_vc">
                    <surface type="2D">
                        <init_from>tex_vc</init_from>
                    </surface>
                </newparam>
                <newparam sid="sampler_vc">
                    <sampler2D>
                        <source>surface_vc</source>
                    </sampler2D>
                </newparam>
                <technique sid="COMMON">
                    <blinn>
                        <diffuse>
                            <texture texture="sampler_vc" texcoord="UVSET0"></texture>
                        </diffuse>
                    </blinn>
                </technique>
            </profile_COMMON>
        </effect>
    </library_effects>
    <library_materials>
        <material id="mat0" name="CometMat_v">
            <instance_effect url="#effect0"></instance_effect>
        </material>
        <material id="mat1" name="CometMat_v(2)">
            <instance_effect url="#effect1"></instance_effect>
        </material>
        <material id="mat_vc" name="vertexColors">
            <instance_effect url="#effect_vc"></instance_effect>
        </material>
    </library_materials>
    <library_geometries>
        <geometry id="mesh0">
            <mesh>
                <source id="points0">
                    <float_array id="pointarray0" count="726">-1380.1627136450536 2393.6002452088615 -8 -1506.0324576178928 2359.614107561109 -54 -1513.393741461801 2355.3642251898646 -8 -1671.8295553852504 2378.786284587238 -8 -1658.4060377875353 2386.5360700877427 80.5 -1825.5562337874123 2473.0537675675228 117.5 -1770.1300966097504 2505.052881892188 228.5 -1927.9373427071891 2652.3896494661453 282 -1824.0133354990728 2712.3879888248925 382.5 -1966.5268824449925 2907.23636304673 427.5 -1824.4974059272336 2989.2340935036846 487.5 -2662.3329470659355 4031.450052892533 596.5 -2403.880203115921 4207.797519970199 631.5 -3095.389113662983 4950.557694342799 558.5 -3091.0589466959786 4953.057625149413 490 -3893.5518637345185 5955.056686078601 446 -3157.743517987853 4914.558690727551 462 -3212.303621772114 4883.059562564208 409.5 -2555.2605874026995 3926.9906837763706 427.5 -2791.8631633595555 3983.803719697543 468.5 -2394.8646181668637 3210.1543125919166 377.5 -2082.5753571607224 2840.238217429462 315 -2185.200314278737 2780.9898573126993 175 -1995.9209640891652 2613.140735802298 146 -2019.7368824076918 2599.3911163659186 -8 -1844.6089684422336 2462.054072018419 -8 -1825.5562337874123 2473.0537675675228 -134 -1658.4060377875353 2386.5360700877427 -97 -1619.0015183877913 2409.2854404279346 -175.5 -1485.68067287297 2371.363782352197 -94.5 -1454.9364874072355 2389.11329107916 -125 -1307.2777938323704 2474.3609315847134 -94.5 -1338.4549959948051 2456.361429777089 -125 -1333.643515262172 2574.030880583828 -233.5 -1407.2563537012545 2531.532056871382 -264.5 -1470.4825424930152 2678.048093709909 -371 -1580.9018001516388 2614.2998581412403 -371 -1696.7064266691305 2785.885954539358 -452.5 -1824.0133354990728 2712.3879888248925 -399 -1966.5268824449925 2907.23636304673 -444 -2082.5753571607224 2840.238217429462 -331.5 -2738.1108689885205 3987.7012637767803 -557.5 -2911.375771648889 3914.8056294349835 -313 -3252.141157868559 4860.060199143355 -465 -3202.7772544447034 4888.55941033876 -427 -3722.077251841127 6054.053946020535 -567.5 -3148.650167357143 4919.8085454214415 -479.5 -3081.965596065268 4958.307479843304 -507.5 -2555.2605874026995 3926.9906837763706 -444 -2594.840566360835 4097.550571398501 -620 -2081.793546452414 3390.8993099101426 -616 -1824.4974059272336 2989.2340935036846 -504 -1668.6113951150592 3079.2316025418054 -536 -1561.1722006018788 2864.1337887863906 -452.5 -1433.4322750752358 2937.8817475815176 -399 -1366.1255185881985 2738.2964261493175 -327 -1281.2542460349034 2787.2950699589614 -245 -1273.4541944208047 2608.779918795769 -175.5 -1234.482691717761 2631.2792960552993 -97 -1286.9260090874475 2486.110606375801 -54 -1927.8193938836978 4289.230657654807 -180 -1901.8383920816686 4304.230242494494 -8 -2516.4670631721547 5135.831166419873 -149 -2494.8162283371303 5148.330820452945 -8 -3146.2870882028137 5966.7445109211985 -99.5 -3131.997537211698 5974.994282583026 -5.5 -3826.8249025077143 6948.508628874747 -62 -3817.731551877004 6953.7584835686375 -4 -4994.425346699116 8804.92195912317 -32 -4990.095179732111 8807.421889929785 -4 -6578.518832919179 11397.749436398733 -8 -4994.425346699116 8804.92195912317 23 -5006.54981420673 8797.92215286465 47.5 -3852.372887613043 6933.759037115722 104.5 -3891.3443903160864 6911.259659856192 142.5 -3250.6441121076305 5906.49617848179 231 -3328.1541008170175 5861.747417043391 263.5 -2789.7005987901603 4978.085532522499 397 -2913.110357349798 4906.837504533987 397 -2413.231110884941 4008.9884142333253 487.5 -2555.2605874026995 3926.9906837763706 427.5 -1454.9364874072355 2389.11329107916 108.5 -1416.831018097593 2411.1126821773673 124.5 -1485.1993591073417 2486.5333023523217 248.5 -1407.2563537012545 2531.532056871382 248.5 -1470.4825424930152 2678.048093709909 354.5 -1366.1255185881985 2738.2964261493175 311 -1433.4322750752358 2937.8817475815176 382.5 -1329.5082678671197 2997.880086940265 282 -1393.212776013551 3238.2272018424856 336.5 -1339.0856889259906 3269.4763369251664 164 -1493.3238556364554 3730.639906529049 193.5 -1877.3318999281323 4511.789106054518 121.5 -1901.8383920816686 4304.230242494494 -8 -2456.2564693330683 5319.547481399095 74 -2444.1320018254546 5326.547287657615 -6 -3040.5089712345643 6447.543054981652 99 -1485.68067287297 2371.363782352197 78.5 -1558.812197546424 2444.0344786398755 217.5 -1580.9018001516388 2614.2998581412403 354.5 -1561.1722006018788 2864.1337887863906 436 -1530.912085564305 3158.7294021921457 427.5 -1577.7621114930498 3681.8912558000666 388.5 -2072.5383635154662 4505.89957519657 450 -1807.8227151662034 4081.3826432385745 164 -2003.5973158062825 4245.481868539054 315 -3211.8706050754136 4883.30955564487 560 -1416.831018097593 2411.1126821773673 -141 -1558.812197546424 2444.0344786398755 -233.5 -1770.1300966097504 2505.052881892188 -245 -1995.9209640891652 2613.140735802298 -162.5 -2184.7672975820365 2781.239850393361 -8 -2489.2622580475695 3155.655821007721 202.5 -3408.7093908402285 4658.241249527297 160 -2551.3123834009352 3652.14452374287 315 -2747.086984041014 3816.24374904335 164 -3196.282003994196 4892.309306548682 -579.5 -1376.560465304448 2434.3620386788816 124.5 -1333.643515262172 2574.030880583828 217.5 -1281.2542460349034 2787.2950699589614 228.5 -1261.5246464851434 3037.1290006041118 146 -1313.1046871239614 3284.4759217648534 -8 -1831.373906097706 4511.18677468185 -65.5 -2344.105144887643 5384.295689290409 -5.5 -1506.0324576178928 2359.614107561109 37.5 -1619.0015183877913 2409.2854404279346 159 -1684.825807359755 2554.301518782493 311 -1696.7064266691305 2785.885954539358 436 -1673.3745787787645 3076.4816786545293 487.5 -1725.8538217646155 3596.393622213852 513.5 -2262.1082837364715 4096.23599938417 487.5 -1376.560465304448 2434.3620386788816 -141 -1485.1993591073417 2486.5333023523217 -264.5 -1684.825807359755 2554.301518782493 -327 -1927.9373427071891 2652.3896494661453 -298 -2158.353279083307 2796.489428313709 -180 -2518.7073934232026 3138.656291522743 -14.5 -2747.086984041014 3816.24374904335 -180 -5126.495439192764 8728.674069521428 23 -5130.8256061597685 8726.174138714814 -4 -5126.495439192764 8728.674069521428 -32 -5114.37097168515 8735.67387577995 -56.5 -4077.108553200594 6804.012628252431 -113.5 -4038.1370504975507 6826.512005511961 -151 -3487.5042452027956 5769.749963359978 -243 -3409.994256493409 5814.498724798377 -275.5 -2913.110357349798 4906.837504533987 -413.5 -2789.7005987901603 4978.085532522499 -413.5 -2262.1082837364715 4096.23599938417 -504 -1999.6491118045178 3970.635708505554 -444 -5072.3683521052035 8759.92320460411 75.5 -5095.318237030329 8746.673571329053 66 -5114.37097168515 8735.67387577995 47.5 -4102.656538305923 6789.263036493406 53.5 -4111.749888936633 6784.013181799515 -4 -3606.150820098728 5701.251859258742 -5.5 -3591.8612691076123 5709.501630920569 -99.5 -3186.343892967804 4749.091870636615 -149 -3124.422505339635 4784.8408811712015 -272.5 -2671.3090621184297 3859.992538159103 -331.5 -2555.2605874026995 3926.9906837763706 -444 -5025.16953216485 8787.172450396207 66 -5048.119417089976 8773.92281712115 75.5 -3990.072197163797 6854.261237465382 163 -4038.1370504975507 6826.512005511961 142.5 -3487.5042452027956 5769.749963359978 231 -3550.7246829210662 5733.250973583407 170 -3124.422505339635 4784.8408811712015 256.5 -3186.343892967804 4749.091870636615 132.5 -2747.086984041014 3816.24374904335 164 -2653.5043238222493 3593.146156706769 -8 -5095.318237030329 8746.673571329053 -75 -5072.3683521052035 8759.92320460411 -84.5 -5048.119417089976 8773.92281712115 -84.5 -3939.4092436498404 6883.510427902771 -171.5 -3891.3443903160864 6911.259659856192 -151 -3250.6441121076305 5906.49617848179 -243 -3187.42367438936 5942.9951682583605 -181.5 -2578.388450800324 5100.082155885286 -272.5 -1225.8281088572414 2819.2941842836262 -134 -1329.5082678671197 2997.880086940265 -298 -1530.912085564305 3158.7294021921457 -444 -1894.297316781104 3499.1463138365493 -616 -2568.248249953265 4785.509944260067 -631 -2293.2344321674464 3801.1403998170927 -504 -2262.1082837364715 4096.23599938417 -504 -1338.4549959948051 2456.361429777089 108.5 -1273.4541944208047 2608.779918795769 159 -1225.8281088572414 2819.2941842836262 117.5 -1238.1417448633174 3050.62862695983 -8 -1339.0856889259906 3269.4763369251664 -180 -1307.2777938323704 2474.3609315847134 78.5 -1234.482691717761 2631.2792960552993 80.5 -1206.7753742024202 2830.29387983273 -8 -1261.5246464851434 3037.1290006041118 -162.5 -1807.8227151662034 4081.3826432385745 164 -2516.4670631721547 5135.831166419873 132.5 -3146.2870882028137 5966.7445109211985 87.5 -3826.8249025077143 6948.508628874747 53.5 -3187.42367438936 5942.9951682583605 170 -2673.21910737773 5045.333671220429 348 -2262.1082837364715 4096.23599938417 487.5 -3852.372887613043 6933.759037115722 -113.5 -5025.16953216485 8787.172450396207 -75 -1286.9260090874475 2486.110606375801 37.5 -1220.6261574233456 2639.2790746364653 -8 -1725.8538217646155 3596.393622213852 -543.5 -1414.8636108485753 3225.7275478094134 -331.5 -1927.8193938836978 4289.230657654807 -180 -2003.5973158062825 4245.481868539054 -331.5 -2456.2564693330683 5319.547481399095 -87 -2402.9954156389085 5350.296630320452 -116.5 -2578.388450800324 5100.082155885286 256.5 -1999.6491118045178 3970.635708505554 427.5 -3409.994256493409 5814.498724798377 263.5 -3029.5918487622284 4839.589365836058 348 -2413.231110884941 4008.9884142333253 487.5 -4077.108553200594 6804.012628252431 104.5 -3591.8612691076123 5709.501630920569 87.5 -3207.561711106128 4736.842209684203 -8 -1279.9977419402398 2490.1104956663844 -8 -2747.086984041014 3816.24374904335 -180 -4102.656538305923 6789.263036493406 -62 -3550.7246829210662 5733.250973583407 -181.5 -2671.3090621184297 3859.992538159103 -331.5 -2293.2344321674464 3801.1403998170927 -504 -3029.5918487622284 4839.589365836058 -364.5 -3990.072197163797 6854.261237465382 -171.5 -3328.1541008170175 5861.747417043391 -275.5 -1949.2126715804127 4470.290254664718 -348.5 -2551.3123834009352 3652.14452374287 315 -2673.21910737773 5045.333671220429 -364.5 -5006.54981420673 8797.92215286465 -56.5 -2003.5973158062825 4245.481868539054 -331.5 -3939.4092436498404 6883.510427902771 163 -2003.5973158062825 4245.481868539054 315 -2402.9954156389085 5350.296630320452 103.5 -3086.295763032273 4955.807549036689 -575.5 -3260.8014918025683 4855.060337530126 448 -1999.6491118045178 3970.635708505554 427.5 -2653.5043238222493 3593.146156706769 -8 -1999.6491118045178 3970.635708505554 -444</float_array>
                    <technique_common>
                        <accessor count="242" source="#pointarray0" stride="3">
                            <param name="X" type="float"/>
                            <param name="Y" type="float"/>
                            <param name="Z" type="float"/>
                        </accessor>
                    </technique_common>
                </source>
                <source id="uvs0">
                    <float_array id="uvarray0" count="510">0.4166259765625 0 0.38885498046875 0.0833740234375 0.44439697265625 0.0833740234375 0.44439697265625 0.16668701171875 0.5 0.16668701171875 0.5 0.25 0.5555419921875 0.25 0.5555419921875 0.3333740234375 0.611083984375 0.3333740234375 0.611083984375 0.41668701171875 0.6666259765625 0.41668701171875 0.6666259765625 0.4583740234375 0.72216796875 0.5 0.69439697265625 0.5 0.69439697265625 0.54168701171875 0.6666259765625 0.5 0.6666259765625 0.54168701171875 0.63885498046875 0.54168701171875 0.611083984375 0.5833740234375 0.611083984375 0.5 0.5555419921875 0.5 0.5555419921875 0.41668701171875 0.5 0.41668701171875 0.5 0.3333740234375 0.44439697265625 0.3333740234375 0.44439697265625 0.25 0.38885498046875 0.25 0.38885498046875 0.16668701171875 0.33331298828125 0.16668701171875 0.33331298828125 0.0833740234375 0.27777099609375 0.0833740234375 0.30548095703125 0 0.08514404296875 0 0.0555419921875 0.0833740234375 0.111083984375 0.0833740234375 0.111083984375 0.16668701171875 0.1666259765625 0.16668701171875 0.1666259765625 0.25 0.22216796875 0.25 0.22216796875 0.3333740234375 0.27777099609375 0.3333740234375 0.27777099609375 0.41668701171875 0.33331298828125 0.41668701171875 0.33331298828125 0.4583740234375 0.38885498046875 0.5 0.361083984375 0.5 0.361083984375 0.54168701171875 0.33331298828125 0.5 0.33331298828125 0.54168701171875 0.3055419921875 0.54168701171875 0.27777099609375 0.5833740234375 0.27777099609375 0.5 0.22216796875 0.5 0.22216796875 0.41668701171875 0.1666259765625 0.41668701171875 0.1666259765625 0.3333740234375 0.111083984375 0.3333740234375 0.111083984375 0.25 0.0555419921875 0.25 0.0555419921875 0.16668701171875 0 0.16668701171875 0 0.0833740234375 1 0.5833740234375 0.94439697265625 0.5833740234375 1 0.66668701171875 0.94439697265625 0.66668701171875 1 0.75 0.94439697265625 0.75 1 0.8333740234375 0.94439697265625 0.8333740234375 1 0.91668701171875 0.94439697265625 0.91668701171875 0.5 1 0.88885498046875 0.91668701171875 0.83331298828125 0.91668701171875 0.83331298828125 0.8333740234375 0.77777099609375 0.8333740234375 0.77777099609375 0.75 0.72216796875 0.75 0.72216796875 0.66668701171875 0.6666259765625 0.66668701171875 0.6666259765625 0.5833740234375 0.63885498046875 0 0.611083984375 0.0833740234375 0.6666259765625 0.0833740234375 0.6666259765625 0.16668701171875 0.72216796875 0.16668701171875 0.72216796875 0.25 0.77777099609375 0.25 0.77777099609375 0.3333740234375 0.83331298828125 0.3333740234375 0.83331298828125 0.41668701171875 0.88885498046875 0.41668701171875 0.88885498046875 0.5 0.94439697265625 0.5 0.97216796875 0.54168701171875 1 0.54168701171875 1 0.5 0.58331298828125 0 0.5555419921875 0.0833740234375 0.611083984375 0.16668701171875 0.6666259765625 0.25 0.72216796875 0.3333740234375 0.77777099609375 0.41668701171875 0.83331298828125 0.4583740234375 0.83331298828125 0.5 0.88885498046875 0.5833740234375 0.83331298828125 0.5833740234375 0.3629150390625 0 0.6666259765625 0.47918701171875 0.25177001953125 0 0.22216796875 0.0833740234375 0.27777099609375 0.16668701171875 0.33331298828125 0.25 0.38885498046875 0.3333740234375 0.44439697265625 0.41668701171875 0.5 0.4583740234375 0.5 0.5 0.5555419921875 0.5833740234375 0.5 0.5833740234375 0.0277099609375 0 0.33331298828125 0.47918701171875 0.6944580078125 0 0.72216796875 0.0833740234375 0.77777099609375 0.16668701171875 0.83331298828125 0.25 0.88885498046875 0.3333740234375 0.94439697265625 0.41668701171875 1 0.4583740234375 1 0.47918701171875 0.52777099609375 0 0.5 0.0833740234375 0.5555419921875 0.16668701171875 0.611083984375 0.25 0.6666259765625 0.3333740234375 0.72216796875 0.41668701171875 0.77777099609375 0.5 0.47216796875 0 0.72216796875 0.5833740234375 0.19439697265625 0 0.1666259765625 0.0833740234375 0.22216796875 0.16668701171875 0.27777099609375 0.25 0.33331298828125 0.3333740234375 0.38885498046875 0.41668701171875 0.44439697265625 0.5 0.13885498046875 0 0.38885498046875 0.5833740234375 0.5 0.91668701171875 0.44439697265625 0.91668701171875 0.38885498046875 0.91668701171875 0.33331298828125 0.91668701171875 0.33331298828125 0.8333740234375 0.27777099609375 0.8333740234375 0.27777099609375 0.75 0.22216796875 0.75 0.22216796875 0.66668701171875 0.1666259765625 0.66668701171875 0.1666259765625 0.5833740234375 0.111083984375 0.5833740234375 0.6666259765625 0.91668701171875 0.611083984375 0.91668701171875 0.5555419921875 0.91668701171875 0.5 0.8333740234375 0.44439697265625 0.8333740234375 0.44439697265625 0.75 0.38885498046875 0.75 0.38885498046875 0.66668701171875 0.33331298828125 0.66668701171875 0.33331298828125 0.5833740234375 0.77777099609375 0.91668701171875 0.72216796875 0.91668701171875 0.6666259765625 0.8333740234375 0.611083984375 0.8333740234375 0.611083984375 0.75 0.5555419921875 0.75 0.5555419921875 0.66668701171875 0.5 0.66668701171875 0.44439697265625 0.5833740234375 0.27777099609375 0.91668701171875 0.22216796875 0.91668701171875 0.1666259765625 0.91668701171875 0.1666259765625 0.8333740234375 0.111083984375 0.8333740234375 0.111083984375 0.75 0.0555419921875 0.75 0.0555419921875 0.66668701171875 0 0.66668701171875 0 0.5833740234375 0 0.25 0.0555419921875 0.3333740234375 0.111083984375 0.41668701171875 0.1666259765625 0.4583740234375 0.1666259765625 0.5 0.22216796875 0.5833740234375 0.75 0 0.77777099609375 0.0833740234375 0.83331298828125 0.16668701171875 0.88885498046875 0.25 0.94439697265625 0.3333740234375 1 0.41668701171875 0.8055419921875 0 0.83331298828125 0.0833740234375 0.88885498046875 0.16668701171875 0.94439697265625 0.25 1 0.3333740234375 0.88885498046875 0.66668701171875 0.88885498046875 0.75 0.88885498046875 0.8333740234375 0.83331298828125 0.75 0.77777099609375 0.66668701171875 0 0.75 0.0555419921875 0.8333740234375 0.111083984375 0.91668701171875 0.86297607421875 0 0.88885498046875 0.0833740234375 0.94439697265625 0.16668701171875 1 0.25 0.111083984375 0.5 0.0555419921875 0.41668701171875 0 0.3333740234375 0.0555419921875 0.5833740234375 0 0.54168701171875 0.02777099609375 0.54168701171875 0 0.5 0.02777099609375 0.5 0 0.47918701171875 0 0.4583740234375 0.83331298828125 0.66668701171875 0.77777099609375 0.5833740234375 0.6666259765625 0.75 0.611083984375 0.66668701171875 0.5555419921875 0.8333740234375 0.5 0.75 0.44439697265625 0.66668701171875 0.914794921875 0 0.94439697265625 0.0833740234375 1 0.16668701171875 0.38885498046875 0.8333740234375 0.33331298828125 0.75 0.27777099609375 0.66668701171875 0.22216796875 0.8333740234375 0.1666259765625 0.75 0 0.41668701171875 0.0555419921875 0.5 0.111083984375 0.66668701171875 0 0.8333740234375 0.0555419921875 0.91668701171875 0.72216796875 0.8333740234375 0.97216796875 0.5 0.3055419921875 0.5 0.63885498046875 0.5 0.97406005859375 0 1 0.0833740234375 0 0.91668701171875</float_array>
                    <technique_common>
                        <accessor count="255" source="#uvarray0" stride="2">
                            <param name="S" type="float"/>
                            <param name="T" type="float"/>
                        </accessor>
                    </technique_common>
                </source>
                <vertices id="vertices0">
                    <input semantic="POSITION" source="#points0"/>
                </vertices>
                <polylist count="444" material="Material1">
                    <input offset="0" semantic="VERTEX" source="#vertices0"/>
                    <input offset="1" semantic="TEXCOORD" source="#uvs0" set="0"/>
                    <vcount>3 3 3 3 3 3 3 3 3 3 3 3 3 3 3 3 3 3 3 3 3 3 3 3 3 3 3 3 3 3 3 3 3 3 3 3 3 3 3 3 3 3 3 3 3 3 3 3 3 3 3 3 3 3 3 3 3 3 3 3 3 3 3 3 3 3 3 3 3 3 3 3 3 3 3 3 3 3 3 3 3 3 3 3 3 3 3 3 3 3 3 3 3 3 3 3 3 3 3 3 3 3 3 3 3 3 3 3 3 3 3 3 3 3 3 3 3 3 3 3 3 3 3 3 3 3 3 3 3 3 3 3 3 3 3 3 3 3 3 3 3 3 3 3 3 3 3 3 3 3 3 3 3 3 3 3 3 3 3 3 3 3 3 3 3 3 3 3 3 3 3 3 3 3 3 3 3 3 3 3 3 3 3 3 3 3 3 3 3 3 3 3 3 3 3 3 3 3 3 3 3 3 3 3 3 3 3 3 3 3 3 3 3 3 3 3 3 3 3 3 3 3 3 3 3 3 3 3 3 3 3 3 3 3 3 3 3 3 3 3 3 3 3 3 3 3 3 3 3 3 3 3 3 3 3 3 3 3 3 3 3 3 3 3 3 3 3 3 3 3 3 3 3 3 3 3 3 3 3 3 3 3 3 3 3 3 3 3 3 3 3 3 3 3 3 3 3 3 3 3 3 3 3 3 3 3 3 3 3 3 3 3 3 3 3 3 3 3 3 3 3 3 3 3 3 3 3 3 3 3 3 3 3 3 3 3 3 3 3 3 3 3 3 3 3 3 3 3 3 3 3 3 3 3 3 3 3 3 3 3 3 3 3 3 3 3 3 3 3 3 3 3 3 3 3 3 3 3 3 3 3 3 3 3 3 3 3 3 3 3 3 3 3 3 3 3 3 3 3 3 3 3 3 3 3 3 3 3 3 3 3 3 3 3 3 3 3 3 3 3 3 3 3 3 3 3 3 3 3 3 3 3 3 3 3 3 3 3 3 3 3 3 3 3</vcount>
                    <p>2 2 1 1 0 0 3 3 1 1 2 2 4 4 3 3 2 2 5 5 3 3 4 4 6 6 5 5 4 4 7 7 5 5 6 6 8 8 7 7 6 6 9 9 7 7 8 8 10 10 9 9 8 8 11 11 9 9 10 10 12 12 11 11 10 10 13 13 11 11 12 12 14 14 13 13 12 12 15 15 13 13 14 14 16 16 15 15 14 14 17 17 15 15 16 16 18 18 17 17 16 16 19 19 17 17 18 18 20 20 19 19 18 18 21 21 19 19 20 20 22 22 21 21 20 20 23 23 21 21 22 22 24 24 23 23 22 22 25 25 23 23 24 24 26 26 25 25 24 24 27 27 25 25 26 26 28 28 27 27 26 26 29 29 27 27 28 28 30 30 29 29 28 28 0 31 29 29 30 30 32 34 31 33 0 32 33 35 31 33 32 34 34 36 33 35 32 34 35 37 33 35 34 36 36 38 35 37 34 36 37 39 35 37 36 38 38 40 37 39 36 38 39 41 37 39 38 40 40 42 39 41 38 40 41 43 39 41 40 42 42 44 41 43 40 42 43 45 41 43 42 44 44 46 43 45 42 44 45 47 43 45 44 46 46 48 45 47 44 46 47 49 45 47 46 48 48 50 47 49 46 48 49 51 47 49 48 50 50 52 49 51 48 50 51 53 49 51 50 52 52 54 51 53 50 52 53 55 51 53 52 54 54 56 53 55 52 54 55 57 53 55 54 56 56 58 55 57 54 56 57 59 55 57 56 58 58 60 57 59 56 58 59 61 57 59 58 60 62 64 61 63 60 62 63 65 61 63 62 64 64 66 63 65 62 64 65 67 63 65 64 66 66 68 65 67 64 66 67 69 65 67 66 68 68 70 67 69 66 68 69 71 67 69 68 70 70 72 69 71 68 70 71 73 69 71 70 72 72 74 71 73 70 72 73 75 71 73 72 74 74 76 73 75 72 74 75 77 73 75 74 76 76 78 75 77 74 76 77 79 75 77 76 78 78 80 77 79 76 78 79 81 77 79 78 80 80 18 79 81 78 80 82 84 81 83 0 82 83 85 81 83 82 84 84 86 83 85 82 84 85 87 83 85 84 86 86 88 85 87 84 86 87 89 85 87 86 88 88 90 87 89 86 88 89 91 87 89 88 90 90 92 89 91 88 90 91 93 89 91 90 92 92 94 91 93 90 92 93 63 91 93 92 94 94 95 93 63 92 94 95 96 93 63 94 95 96 97 95 96 94 95 81 83 97 99 0 98 98 100 97 99 81 83 83 85 98 100 81 83 99 101 98 100 83 85 85 87 99 101 83 85 100 102 99 101 85 87 87 89 100 102 85 87 101 103 100 102 87 89 89 91 101 103 87 89 102 104 101 103 89 91 91 93 102 104 89 91 103 105 102 104 91 93 104 106 103 105 91 93 105 107 103 105 104 106 1 1 29 29 0 108 27 27 29 29 1 1 3 3 27 27 1 1 25 25 27 27 3 3 5 5 25 25 3 3 23 23 25 25 5 5 7 7 23 23 5 5 21 21 23 23 7 7 9 9 21 21 7 7 19 19 21 21 9 9 11 11 19 19 9 9 106 109 19 19 11 11 13 13 106 109 11 11 15 15 106 109 13 13 30 30 107 111 0 110 108 112 107 111 30 30 28 28 108 112 30 30 109 113 108 112 28 28 26 26 109 113 28 28 110 114 109 113 26 26 24 24 110 114 26 26 111 115 110 114 24 24 22 22 111 115 24 24 112 116 111 115 22 22 20 20 112 116 22 22 113 117 112 116 20 20 114 118 113 117 20 20 115 119 113 117 114 118 31 33 59 61 0 120 57 59 59 61 31 33 33 35 57 59 31 33 55 57 57 59 33 35 35 37 55 57 33 35 53 55 55 57 35 37 37 39 53 55 35 37 51 53 53 55 37 39 39 41 51 53 37 39 49 51 51 53 39 41 41 43 49 51 39 41 116 121 49 51 41 43 43 45 116 121 41 43 45 47 116 121 43 45 117 123 82 84 0 122 84 86 82 84 117 123 118 124 84 86 117 123 86 88 84 86 118 124 119 125 86 88 118 124 88 90 86 88 119 125 120 126 88 90 119 125 90 92 88 90 120 126 121 127 90 92 120 126 92 94 90 92 121 127 122 128 92 94 121 127 123 129 92 94 122 128 97 99 124 131 0 130 125 132 124 131 97 99 98 100 125 132 97 99 126 133 125 132 98 100 99 101 126 133 98 100 127 134 126 133 99 101 100 102 127 134 99 101 128 135 127 134 100 102 101 103 128 135 100 102 129 136 128 135 101 103 102 104 129 136 101 103 103 105 129 136 102 104 124 131 2 2 0 137 4 4 2 2 124 131 125 132 4 4 124 131 6 6 4 4 125 132 126 133 6 6 125 132 8 8 6 6 126 133 127 134 8 8 126 133 10 10 8 8 127 134 128 135 10 10 127 134 12 12 10 10 128 135 129 136 12 12 128 135 130 138 12 12 129 136 107 111 131 140 0 139 132 141 131 140 107 111 108 112 132 141 107 111 133 142 132 141 108 112 109 113 133 142 108 112 134 143 133 142 109 113 110 114 134 143 109 113 135 144 134 143 110 114 111 115 135 144 110 114 136 145 135 144 111 115 112 116 136 145 111 115 113 117 136 145 112 116 131 140 32 34 0 146 34 36 32 34 131 140 132 141 34 36 131 140 36 38 34 36 132 141 133 142 36 38 132 141 38 40 36 38 133 142 134 143 38 40 133 142 40 42 38 40 134 143 135 144 40 42 134 143 42 44 40 42 135 144 136 145 42 44 135 144 137 147 42 44 136 145 70 72 139 149 138 148 140 150 139 149 70 72 141 151 140 150 70 72 142 152 140 150 141 151 143 153 142 152 141 151 144 154 142 152 143 153 145 155 144 154 143 153 146 156 144 154 145 155 147 157 146 156 145 155 148 158 146 156 147 157 149 159 148 158 147 157 70 72 151 161 150 160 152 162 151 161 70 72 138 148 152 162 70 72 153 163 152 162 138 148 154 164 153 163 138 148 155 165 153 163 154 164 156 166 155 165 154 164 157 167 155 165 156 166 158 168 157 167 156 166 159 169 157 167 158 168 160 50 159 169 158 168 70 72 161 170 72 74 162 171 161 170 70 72 150 160 162 171 70 72 163 172 162 171 150 160 164 173 163 172 150 160 165 174 163 172 164 173 166 175 165 174 164 173 167 176 165 174 166 175 168 177 167 176 166 175 169 119 167 176 168 177 170 178 169 119 168 177 70 72 171 179 141 151 172 180 171 179 70 72 173 181 172 180 70 72 174 182 172 180 173 181 175 183 174 182 173 181 176 184 174 182 175 183 177 185 176 184 175 183 178 186 176 184 177 185 62 187 178 186 177 185 60 188 178 186 62 187 56 58 179 189 58 60 180 190 179 189 56 58 54 56 180 190 56 58 181 191 180 190 54 56 52 54 181 191 54 56 182 192 181 191 52 54 50 52 182 192 52 54 183 193 182 192 50 52 184 194 183 193 50 52 185 158 183 193 184 194 186 196 117 123 0 195 118 124 117 123 186 196 187 197 118 124 186 196 119 125 118 124 187 197 188 198 119 125 187 197 120 126 119 125 188 198 189 199 120 126 188 198 121 127 120 126 189 199 190 200 121 127 189 199 122 128 121 127 190 200 191 202 186 196 0 201 187 197 186 196 191 202 192 203 187 197 191 202 188 198 187 197 192 203 193 204 188 198 192 203 189 199 188 198 193 204 194 205 189 199 193 204 190 200 189 199 194 205 63 65 195 106 61 63 196 206 195 106 63 65 65 67 196 206 63 65 197 207 196 206 65 67 67 69 197 207 65 67 198 208 197 207 67 69 69 71 198 208 67 69 71 73 198 208 69 71 73 75 198 208 71 73 199 209 198 208 73 75 75 77 199 209 73 75 200 210 199 209 75 77 77 79 200 210 75 77 201 138 200 210 77 79 79 81 201 138 77 79 177 185 64 211 62 187 202 212 64 211 177 185 175 183 202 212 177 185 203 213 202 212 175 183 173 181 203 213 175 183 70 72 203 213 173 181 204 215 191 202 0 214 192 203 191 202 204 215 205 216 192 203 204 215 193 204 192 203 205 216 179 217 193 204 205 216 194 205 193 204 179 217 206 218 182 192 183 193 181 191 182 192 206 218 207 219 181 191 206 218 180 190 181 191 207 219 194 220 180 190 207 219 179 189 180 190 194 220 95 222 209 221 208 188 210 223 209 221 95 222 96 224 210 223 95 222 211 225 210 223 96 224 123 226 211 225 96 224 122 227 211 225 123 226 199 209 197 207 198 208 212 228 197 207 199 209 200 210 212 228 199 209 213 229 212 228 200 210 201 138 213 229 200 210 214 230 78 80 76 78 215 231 78 80 214 230 165 174 215 231 214 230 167 176 215 231 165 174 130 138 14 14 12 12 16 16 14 14 130 138 216 81 16 16 130 138 18 18 16 16 216 81 151 161 164 173 150 160 217 232 164 173 151 161 152 162 217 232 151 161 153 163 217 232 152 162 217 232 166 175 164 173 218 233 166 175 217 232 153 163 218 233 217 232 155 165 218 233 153 163 218 233 168 177 166 175 219 234 168 177 218 233 155 165 219 234 218 233 157 167 219 234 155 165 220 236 204 215 0 235 205 216 204 215 220 236 58 237 205 216 220 236 179 217 205 216 58 237 219 234 170 178 168 177 221 147 170 178 219 234 157 167 221 147 219 234 159 169 221 147 157 167 139 149 154 164 138 148 222 238 154 164 139 149 140 150 222 238 139 149 142 152 222 238 140 150 222 238 156 166 154 164 223 239 156 166 222 238 142 152 223 239 222 238 144 154 223 239 142 152 46 48 224 169 48 50 137 147 224 169 46 48 44 46 137 147 46 48 42 44 137 147 44 46 225 194 146 156 148 158 226 240 146 156 225 194 160 50 226 240 225 194 158 168 226 240 160 50 226 240 144 154 146 156 223 239 144 154 226 240 158 168 223 239 226 240 156 166 223 239 158 168 227 241 145 155 143 153 228 242 145 155 227 241 174 182 228 242 227 241 176 184 228 242 174 182 207 219 190 243 194 220 229 244 190 243 207 219 206 218 229 244 207 219 209 221 229 244 206 218 215 231 80 18 78 80 230 118 80 18 215 231 167 176 230 118 215 231 169 119 230 118 167 176 228 242 147 157 145 155 231 245 147 157 228 242 176 184 231 245 228 242 178 186 231 245 176 184 202 212 66 246 64 211 232 247 66 246 202 212 203 213 232 247 202 212 70 72 232 247 203 213 231 245 149 159 147 157 233 221 149 159 231 245 178 186 233 221 231 245 60 188 233 221 178 186 171 179 143 153 141 151 227 241 143 153 171 179 172 180 227 241 171 179 174 182 227 241 172 180 161 170 74 76 72 74 234 248 74 76 161 170 162 171 234 248 161 170 163 172 234 248 162 171 234 248 76 78 74 76 214 230 76 78 234 248 163 172 214 230 234 248 165 174 214 230 163 172 212 228 196 206 197 207 235 107 196 206 212 228 213 229 235 107 212 228 236 249 123 129 96 97 92 94 123 129 236 249 94 95 92 94 236 249 237 250 116 121 45 47 49 51 116 121 237 250 47 49 49 51 237 250 238 251 106 109 15 15 19 19 106 109 238 251 17 17 19 19 238 251 239 229 103 105 105 107 129 136 103 105 239 229 240 178 113 117 115 119 136 145 113 117 240 178 59 253 220 236 0 252 58 237 220 236 59 253 241 159 183 193 185 158 206 218 183 193 241 159 122 227 229 244 211 225 190 243 229 244 122 227 210 223 229 244 209 221 211 225 229 244 210 223 68 254 232 247 70 72 66 246 232 247 68 254 18 18 114 118 20 20 48 50 184 194 50 52 239 229 130 138 129 136 240 178 137 147 136 145 241 159 209 221 206 218 93 63 104 106 91 93 94 95 236 249 96 97 235 107 195 106 196 206 93 63 95 96 208 62 47 49 237 250 45 47 17 17 238 251 15 15</p>
                </polylist>
            </mesh>
        </geometry>
        <geometry id="mesh0_VC">
            <mesh>
                <source id="points0_VC">
                    <float_array id="pointarray0_VC" count="726">-1380.1627136450536 2393.6002452088615 -8 -1506.0324576178928 2359.614107561109 -54 -1513.393741461801 2355.3642251898646 -8 -1671.8295553852504 2378.786284587238 -8 -1658.4060377875353 2386.5360700877427 80.5 -1825.5562337874123 2473.0537675675228 117.5 -1770.1300966097504 2505.052881892188 228.5 -1927.9373427071891 2652.3896494661453 282 -1824.0133354990728 2712.3879888248925 382.5 -1966.5268824449925 2907.23636304673 427.5 -1824.4974059272336 2989.2340935036846 487.5 -2662.3329470659355 4031.450052892533 596.5 -2403.880203115921 4207.797519970199 631.5 -3095.389113662983 4950.557694342799 558.5 -3091.0589466959786 4953.057625149413 490 -3893.5518637345185 5955.056686078601 446 -3157.743517987853 4914.558690727551 462 -3212.303621772114 4883.059562564208 409.5 -2555.2605874026995 3926.9906837763706 427.5 -2791.8631633595555 3983.803719697543 468.5 -2394.8646181668637 3210.1543125919166 377.5 -2082.5753571607224 2840.238217429462 315 -2185.200314278737 2780.9898573126993 175 -1995.9209640891652 2613.140735802298 146 -2019.7368824076918 2599.3911163659186 -8 -1844.6089684422336 2462.054072018419 -8 -1825.5562337874123 2473.0537675675228 -134 -1658.4060377875353 2386.5360700877427 -97 -1619.0015183877913 2409.2854404279346 -175.5 -1485.68067287297 2371.363782352197 -94.5 -1454.9364874072355 2389.11329107916 -125 -1307.2777938323704 2474.3609315847134 -94.5 -1338.4549959948051 2456.361429777089 -125 -1333.643515262172 2574.030880583828 -233.5 -1407.2563537012545 2531.532056871382 -264.5 -1470.4825424930152 2678.048093709909 -371 -1580.9018001516388 2614.2998581412403 -371 -1696.7064266691305 2785.885954539358 -452.5 -1824.0133354990728 2712.3879888248925 -399 -1966.5268824449925 2907.23636304673 -444 -2082.5753571607224 2840.238217429462 -331.5 -2738.1108689885205 3987.7012637767803 -557.5 -2911.375771648889 3914.8056294349835 -313 -3252.141157868559 4860.060199143355 -465 -3202.7772544447034 4888.55941033876 -427 -3722.077251841127 6054.053946020535 -567.5 -3148.650167357143 4919.8085454214415 -479.5 -3081.965596065268 4958.307479843304 -507.5 -2555.2605874026995 3926.9906837763706 -444 -2594.840566360835 4097.550571398501 -620 -2081.793546452414 3390.8993099101426 -616 -1824.4974059272336 2989.2340935036846 -504 -1668.6113951150592 3079.2316025418054 -536 -1561.1722006018788 2864.1337887863906 -452.5 -1433.4322750752358 2937.8817475815176 -399 -1366.1255185881985 2738.2964261493175 -327 -1281.2542460349034 2787.2950699589614 -245 -1273.4541944208047 2608.779918795769 -175.5 -1234.482691717761 2631.2792960552993 -97 -1286.9260090874475 2486.110606375801 -54 -1927.8193938836978 4289.230657654807 -180 -1901.8383920816686 4304.230242494494 -8 -2516.4670631721547 5135.831166419873 -149 -2494.8162283371303 5148.330820452945 -8 -3146.2870882028137 5966.7445109211985 -99.5 -3131.997537211698 5974.994282583026 -5.5 -3826.8249025077143 6948.508628874747 -62 -3817.731551877004 6953.7584835686375 -4 -4994.425346699116 8804.92195912317 -32 -4990.095179732111 8807.421889929785 -4 -6578.518832919179 11397.749436398733 -8 -4994.425346699116 8804.92195912317 23 -5006.54981420673 8797.92215286465 47.5 -3852.372887613043 6933.759037115722 104.5 -3891.3443903160864 6911.259659856192 142.5 -3250.6441121076305 5906.49617848179 231 -3328.1541008170175 5861.747417043391 263.5 -2789.7005987901603 4978.085532522499 397 -2913.110357349798 4906.837504533987 397 -2413.231110884941 4008.9884142333253 487.5 -2555.2605874026995 3926.9906837763706 427.5 -1454.9364874072355 2389.11329107916 108.5 -1416.831018097593 2411.1126821773673 124.5 -1485.1993591073417 2486.5333023523217 248.5 -1407.2563537012545 2531.532056871382 248.5 -1470.4825424930152 2678.048093709909 354.5 -1366.1255185881985 2738.2964261493175 311 -1433.4322750752358 2937.8817475815176 382.5 -1329.5082678671197 2997.880086940265 282 -1393.212776013551 3238.2272018424856 336.5 -1339.0856889259906 3269.4763369251664 164 -1493.3238556364554 3730.639906529049 193.5 -1877.3318999281323 4511.789106054518 121.5 -1901.8383920816686 4304.230242494494 -8 -2456.2564693330683 5319.547481399095 74 -2444.1320018254546 5326.547287657615 -6 -3040.5089712345643 6447.543054981652 99 -1485.68067287297 2371.363782352197 78.5 -1558.812197546424 2444.0344786398755 217.5 -1580.9018001516388 2614.2998581412403 354.5 -1561.1722006018788 2864.1337887863906 436 -1530.912085564305 3158.7294021921457 427.5 -1577.7621114930498 3681.8912558000666 388.5 -2072.5383635154662 4505.89957519657 450 -1807.8227151662034 4081.3826432385745 164 -2003.5973158062825 4245.481868539054 315 -3211.8706050754136 4883.30955564487 560 -1416.831018097593 2411.1126821773673 -141 -1558.812197546424 2444.0344786398755 -233.5 -1770.1300966097504 2505.052881892188 -245 -1995.9209640891652 2613.140735802298 -162.5 -2184.7672975820365 2781.239850393361 -8 -2489.2622580475695 3155.655821007721 202.5 -3408.7093908402285 4658.241249527297 160 -2551.3123834009352 3652.14452374287 315 -2747.086984041014 3816.24374904335 164 -3196.282003994196 4892.309306548682 -579.5 -1376.560465304448 2434.3620386788816 124.5 -1333.643515262172 2574.030880583828 217.5 -1281.2542460349034 2787.2950699589614 228.5 -1261.5246464851434 3037.1290006041118 146 -1313.1046871239614 3284.4759217648534 -8 -1831.373906097706 4511.18677468185 -65.5 -2344.105144887643 5384.295689290409 -5.5 -1506.0324576178928 2359.614107561109 37.5 -1619.0015183877913 2409.2854404279346 159 -1684.825807359755 2554.301518782493 311 -1696.7064266691305 2785.885954539358 436 -1673.3745787787645 3076.4816786545293 487.5 -1725.8538217646155 3596.393622213852 513.5 -2262.1082837364715 4096.23599938417 487.5 -1376.560465304448 2434.3620386788816 -141 -1485.1993591073417 2486.5333023523217 -264.5 -1684.825807359755 2554.301518782493 -327 -1927.9373427071891 2652.3896494661453 -298 -2158.353279083307 2796.489428313709 -180 -2518.7073934232026 3138.656291522743 -14.5 -2747.086984041014 3816.24374904335 -180 -5126.495439192764 8728.674069521428 23 -5130.8256061597685 8726.174138714814 -4 -5126.495439192764 8728.674069521428 -32 -5114.37097168515 8735.67387577995 -56.5 -4077.108553200594 6804.012628252431 -113.5 -4038.1370504975507 6826.512005511961 -151 -3487.5042452027956 5769.749963359978 -243 -3409.994256493409 5814.498724798377 -275.5 -2913.110357349798 4906.837504533987 -413.5 -2789.7005987901603 4978.085532522499 -413.5 -2262.1082837364715 4096.23599938417 -504 -1999.6491118045178 3970.635708505554 -444 -5072.3683521052035 8759.92320460411 75.5 -5095.318237030329 8746.673571329053 66 -5114.37097168515 8735.67387577995 47.5 -4102.656538305923 6789.263036493406 53.5 -4111.749888936633 6784.013181799515 -4 -3606.150820098728 5701.251859258742 -5.5 -3591.8612691076123 5709.501630920569 -99.5 -3186.343892967804 4749.091870636615 -149 -3124.422505339635 4784.8408811712015 -272.5 -2671.3090621184297 3859.992538159103 -331.5 -2555.2605874026995 3926.9906837763706 -444 -5025.16953216485 8787.172450396207 66 -5048.119417089976 8773.92281712115 75.5 -3990.072197163797 6854.261237465382 163 -4038.1370504975507 6826.512005511961 142.5 -3487.5042452027956 5769.749963359978 231 -3550.7246829210662 5733.250973583407 170 -3124.422505339635 4784.8408811712015 256.5 -3186.343892967804 4749.091870636615 132.5 -2747.086984041014 3816.24374904335 164 -2653.5043238222493 3593.146156706769 -8 -5095.318237030329 8746.673571329053 -75 -5072.3683521052035 8759.92320460411 -84.5 -5048.119417089976 8773.92281712115 -84.5 -3939.4092436498404 6883.510427902771 -171.5 -3891.3443903160864 6911.259659856192 -151 -3250.6441121076305 5906.49617848179 -243 -3187.42367438936 5942.9951682583605 -181.5 -2578.388450800324 5100.082155885286 -272.5 -1225.8281088572414 2819.2941842836262 -134 -1329.5082678671197 2997.880086940265 -298 -1530.912085564305 3158.7294021921457 -444 -1894.297316781104 3499.1463138365493 -616 -2568.248249953265 4785.509944260067 -631 -2293.2344321674464 3801.1403998170927 -504 -2262.1082837364715 4096.23599938417 -504 -1338.4549959948051 2456.361429777089 108.5 -1273.4541944208047 2608.779918795769 159 -1225.8281088572414 2819.2941842836262 117.5 -1238.1417448633174 3050.62862695983 -8 -1339.0856889259906 3269.4763369251664 -180 -1307.2777938323704 2474.3609315847134 78.5 -1234.482691717761 2631.2792960552993 80.5 -1206.7753742024202 2830.29387983273 -8 -1261.5246464851434 3037.1290006041118 -162.5 -1807.8227151662034 4081.3826432385745 164 -2516.4670631721547 5135.831166419873 132.5 -3146.2870882028137 5966.7445109211985 87.5 -3826.8249025077143 6948.508628874747 53.5 -3187.42367438936 5942.9951682583605 170 -2673.21910737773 5045.333671220429 348 -2262.1082837364715 4096.23599938417 487.5 -3852.372887613043 6933.759037115722 -113.5 -5025.16953216485 8787.172450396207 -75 -1286.9260090874475 2486.110606375801 37.5 -1220.6261574233456 2639.2790746364653 -8 -1725.8538217646155 3596.393622213852 -543.5 -1414.8636108485753 3225.7275478094134 -331.5 -1927.8193938836978 4289.230657654807 -180 -2003.5973158062825 4245.481868539054 -331.5 -2456.2564693330683 5319.547481399095 -87 -2402.9954156389085 5350.296630320452 -116.5 -2578.388450800324 5100.082155885286 256.5 -1999.6491118045178 3970.635708505554 427.5 -3409.994256493409 5814.498724798377 263.5 -3029.5918487622284 4839.589365836058 348 -2413.231110884941 4008.9884142333253 487.5 -4077.108553200594 6804.012628252431 104.5 -3591.8612691076123 5709.501630920569 87.5 -3207.561711106128 4736.842209684203 -8 -1279.9977419402398 2490.1104956663844 -8 -2747.086984041014 3816.24374904335 -180 -4102.656538305923 6789.263036493406 -62 -3550.7246829210662 5733.250973583407 -181.5 -2671.3090621184297 3859.992538159103 -331.5 -2293.2344321674464 3801.1403998170927 -504 -3029.5918487622284 4839.589365836058 -364.5 -3990.072197163797 6854.261237465382 -171.5 -3328.1541008170175 5861.747417043391 -275.5 -1949.2126715804127 4470.290254664718 -348.5 -2551.3123834009352 3652.14452374287 315 -2673.21910737773 5045.333671220429 -364.5 -5006.54981420673 8797.92215286465 -56.5 -2003.5973158062825 4245.481868539054 -331.5 -3939.4092436498404 6883.510427902771 163 -2003.5973158062825 4245.481868539054 315 -2402.9954156389085 5350.296630320452 103.5 -3086.295763032273 4955.807549036689 -575.5 -3260.8014918025683 4855.060337530126 448 -1999.6491118045178 3970.635708505554 427.5 -2653.5043238222493 3593.146156706769 -8 -1999.6491118045178 3970.635708505554 -444</float_array>
                    <technique_common>
                        <accessor count="242" source="#pointarray0_VC" stride="3">
                            <param name="X" type="float"/>
                            <param name="Y" type="float"/>
                            <param name="Z" type="float"/>
                        </accessor>
                    </technique_common>
                </source>
                <source id="uvs0_VC">
                    <float_array id="uvarray0_VC" count="22">0.15625 0.00390625 0.40625 0.99609375 0.40625 0.50390625 0.65625 0.99609375 0.65625 0.75390625 0.53125 0.99609375 0.53125 0.50390625 0.78125 0.99609375 0.78125 0.75390625 0.03125 0.99609375 0.03125 0.00390625</float_array>
                    <technique_common>
                        <accessor count="11" source="#uvarray0_VC" stride="2">
                            <param name="S" type="float"/>
                            <param name="T" type="float"/>
                        </accessor>
                    </technique_common>
                </source>
                <vertices id="vertices0_VC">
                    <input semantic="POSITION" source="#points0_VC"/>
                </vertices>
                <polylist count="444" material="Material1">
                    <input offset="0" semantic="VERTEX" source="#vertices0_VC"/>
                    <input offset="1" semantic="TEXCOORD" source="#uvs0_VC" set="0"/>
                    <vcount>3 3 3 3 3 3 3 3 3 3 3 3 3 3 3 3 3 3 3 3 3 3 3 3 3 3 3 3 3 3 3 3 3 3 3 3 3 3 3 3 3 3 3 3 3 3 3 3 3 3 3 3 3 3 3 3 3 3 3 3 3 3 3 3 3 3 3 3 3 3 3 3 3 3 3 3 3 3 3 3 3 3 3 3 3 3 3 3 3 3 3 3 3 3 3 3 3 3 3 3 3 3 3 3 3 3 3 3 3 3 3 3 3 3 3 3 3 3 3 3 3 3 3 3 3 3 3 3 3 3 3 3 3 3 3 3 3 3 3 3 3 3 3 3 3 3 3 3 3 3 3 3 3 3 3 3 3 3 3 3 3 3 3 3 3 3 3 3 3 3 3 3 3 3 3 3 3 3 3 3 3 3 3 3 3 3 3 3 3 3 3 3 3 3 3 3 3 3 3 3 3 3 3 3 3 3 3 3 3 3 3 3 3 3 3 3 3 3 3 3 3 3 3 3 3 3 3 3 3 3 3 3 3 3 3 3 3 3 3 3 3 3 3 3 3 3 3 3 3 3 3 3 3 3 3 3 3 3 3 3 3 3 3 3 3 3 3 3 3 3 3 3 3 3 3 3 3 3 3 3 3 3 3 3 3 3 3 3 3 3 3 3 3 3 3 3 3 3 3 3 3 3 3 3 3 3 3 3 3 3 3 3 3 3 3 3 3 3 3 3 3 3 3 3 3 3 3 3 3 3 3 3 3 3 3 3 3 3 3 3 3 3 3 3 3 3 3 3 3 3 3 3 3 3 3 3 3 3 3 3 3 3 3 3 3 3 3 3 3 3 3 3 3 3 3 3 3 3 3 3 3 3 3 3 3 3 3 3 3 3 3 3 3 3 3 3 3 3 3 3 3 3 3 3 3 3 3 3 3 3 3 3 3 3 3 3 3 3 3 3 3 3 3 3 3 3 3 3 3 3 3 3 3 3 3 3 3 3 3 3 3 3 3 3</vcount>
                    <p>2 0 1 0 0 0 3 0 1 0 2 0 4 0 3 0 2 0 5 0 3 0 4 0 6 0 5 0 4 0 7 0 5 0 6 0 8 0 7 0 6 0 9 0 7 0 8 0 10 0 9 0 8 0 11 0 9 0 10 0 12 0 11 0 10 0 13 1 11 2 12 2 14 1 13 1 12 2 15 3 13 4 14 4 16 4 15 3 14 4 17 4 15 3 16 4 18 2 17 1 16 1 19 2 17 1 18 2 20 0 19 0 18 0 21 0 19 0 20 0 22 0 21 0 20 0 23 0 21 0 22 0 24 0 23 0 22 0 25 0 23 0 24 0 26 0 25 0 24 0 27 0 25 0 26 0 28 0 27 0 26 0 29 0 27 0 28 0 30 0 29 0 28 0 0 0 29 0 30 0 32 0 31 0 0 0 33 0 31 0 32 0 34 0 33 0 32 0 35 0 33 0 34 0 36 0 35 0 34 0 37 0 35 0 36 0 38 0 37 0 36 0 39 0 37 0 38 0 40 0 39 0 38 0 41 0 39 0 40 0 42 0 41 0 40 0 43 1 41 2 42 2 44 1 43 1 42 2 45 5 43 6 44 6 46 6 45 5 44 6 47 6 45 5 46 6 48 2 47 1 46 1 49 2 47 1 48 2 50 0 49 0 48 0 51 0 49 0 50 0 52 0 51 0 50 0 53 0 51 0 52 0 54 0 53 0 52 0 55 0 53 0 54 0 56 0 55 0 54 0 57 0 55 0 56 0 58 0 57 0 56 0 59 0 57 0 58 0 62 7 61 8 60 8 63 7 61 8 62 7 64 9 63 10 62 10 65 9 63 10 64 9 66 9 65 9 64 9 67 9 65 9 66 9 68 9 67 9 66 9 69 9 67 9 68 9 70 9 69 9 68 9 71 9 69 9 70 9 72 9 71 9 70 9 73 9 71 9 72 9 74 9 73 9 72 9 75 9 73 9 74 9 76 9 75 9 74 9 77 10 75 9 76 9 78 10 77 10 76 9 79 8 77 7 78 7 80 8 79 8 78 7 82 0 81 0 0 0 83 0 81 0 82 0 84 0 83 0 82 0 85 0 83 0 84 0 86 0 85 0 84 0 87 0 85 0 86 0 88 0 87 0 86 0 89 0 87 0 88 0 90 0 89 0 88 0 91 0 89 0 90 0 92 0 91 0 90 0 93 0 91 0 92 0 94 1 93 2 92 2 95 1 93 2 94 1 96 3 95 4 94 4 81 0 97 0 0 0 98 0 97 0 81 0 83 0 98 0 81 0 99 0 98 0 83 0 85 0 99 0 83 0 100 0 99 0 85 0 87 0 100 0 85 0 101 0 100 0 87 0 89 0 101 0 87 0 102 0 101 0 89 0 91 0 102 0 89 0 103 0 102 0 91 0 104 0 103 0 91 0 105 0 103 0 104 0 1 0 29 0 0 0 27 0 29 0 1 0 3 0 27 0 1 0 25 0 27 0 3 0 5 0 25 0 3 0 23 0 25 0 5 0 7 0 23 0 5 0 21 0 23 0 7 0 9 0 21 0 7 0 19 0 21 0 9 0 11 0 19 0 9 0 106 1 19 2 11 2 13 1 106 1 11 2 15 3 106 4 13 4 30 0 107 0 0 0 108 0 107 0 30 0 28 0 108 0 30 0 109 0 108 0 28 0 26 0 109 0 28 0 110 0 109 0 26 0 24 0 110 0 26 0 111 0 110 0 24 0 22 0 111 0 24 0 112 0 111 0 22 0 20 0 112 0 22 0 113 0 112 0 20 0 114 0 113 0 20 0 115 0 113 0 114 0 31 0 59 0 0 0 57 0 59 0 31 0 33 0 57 0 31 0 55 0 57 0 33 0 35 0 55 0 33 0 53 0 55 0 35 0 37 0 53 0 35 0 51 0 53 0 37 0 39 0 51 0 37 0 49 0 51 0 39 0 41 0 49 0 39 0 116 1 49 2 41 2 43 1 116 1 41 2 45 5 116 6 43 6 117 0 82 0 0 0 84 0 82 0 117 0 118 0 84 0 117 0 86 0 84 0 118 0 119 0 86 0 118 0 88 0 86 0 119 0 120 0 88 0 119 0 90 0 88 0 120 0 121 0 90 0 120 0 92 0 90 0 121 0 122 0 92 0 121 0 123 1 92 2 122 2 97 0 124 0 0 0 125 0 124 0 97 0 98 0 125 0 97 0 126 0 125 0 98 0 99 0 126 0 98 0 127 0 126 0 99 0 100 0 127 0 99 0 128 0 127 0 100 0 101 0 128 0 100 0 129 0 128 0 101 0 102 0 129 0 101 0 103 0 129 0 102 0 124 0 2 0 0 0 4 0 2 0 124 0 125 0 4 0 124 0 6 0 4 0 125 0 126 0 6 0 125 0 8 0 6 0 126 0 127 0 8 0 126 0 10 0 8 0 127 0 128 0 10 0 127 0 12 0 10 0 128 0 129 0 12 0 128 0 130 0 12 0 129 0 107 0 131 0 0 0 132 0 131 0 107 0 108 0 132 0 107 0 133 0 132 0 108 0 109 0 133 0 108 0 134 0 133 0 109 0 110 0 134 0 109 0 135 0 134 0 110 0 111 0 135 0 110 0 136 0 135 0 111 0 112 0 136 0 111 0 113 0 136 0 112 0 131 0 32 0 0 0 34 0 32 0 131 0 132 0 34 0 131 0 36 0 34 0 132 0 133 0 36 0 132 0 38 0 36 0 133 0 134 0 38 0 133 0 40 0 38 0 134 0 135 0 40 0 134 0 42 0 40 0 135 0 136 0 42 0 135 0 137 0 42 0 136 0 70 9 139 9 138 9 140 9 139 9 70 9 141 9 140 9 70 9 142 9 140 9 141 9 143 9 142 9 141 9 144 9 142 9 143 9 145 9 144 9 143 9 146 10 144 9 145 9 147 10 146 10 145 9 148 8 146 7 147 7 149 8 148 8 147 7 70 9 151 9 150 9 152 9 151 9 70 9 138 9 152 9 70 9 153 9 152 9 138 9 154 9 153 9 138 9 155 9 153 9 154 9 156 9 155 9 154 9 157 10 155 9 156 9 158 10 157 10 156 9 159 8 157 7 158 7 160 8 159 8 158 7 70 9 161 9 72 9 162 9 161 9 70 9 150 9 162 9 70 9 163 9 162 9 150 9 164 9 163 9 150 9 165 9 163 9 164 9 166 9 165 9 164 9 167 10 165 9 166 9 168 10 167 10 166 9 169 8 167 7 168 7 170 8 169 8 168 7 70 9 171 9 141 9 172 9 171 9 70 9 173 9 172 9 70 9 174 9 172 9 173 9 175 9 174 9 173 9 176 9 174 9 175 9 177 9 176 9 175 9 178 10 176 9 177 9 62 10 178 10 177 9 60 8 178 7 62 7 56 0 179 0 58 0 180 0 179 0 56 0 54 0 180 0 56 0 181 0 180 0 54 0 52 0 181 0 54 0 182 0 181 0 52 0 50 0 182 0 52 0 183 0 182 0 50 0 184 0 183 0 50 0 185 0 183 0 184 0 186 0 117 0 0 0 118 0 117 0 186 0 187 0 118 0 186 0 119 0 118 0 187 0 188 0 119 0 187 0 120 0 119 0 188 0 189 0 120 0 188 0 121 0 120 0 189 0 190 0 121 0 189 0 122 0 121 0 190 0 191 0 186 0 0 0 187 0 186 0 191 0 192 0 187 0 191 0 188 0 187 0 192 0 193 0 188 0 192 0 189 0 188 0 193 0 194 0 189 0 193 0 190 0 189 0 194 0 63 7 195 8 61 8 196 7 195 8 63 7 65 9 196 10 63 10 197 9 196 10 65 9 67 9 197 9 65 9 198 9 197 9 67 9 69 9 198 9 67 9 71 9 198 9 69 9 73 9 198 9 71 9 199 9 198 9 73 9 75 9 199 9 73 9 200 10 199 9 75 9 77 10 200 10 75 9 201 8 200 7 77 7 79 8 201 8 77 7 177 9 64 9 62 10 202 9 64 9 177 9 175 9 202 9 177 9 203 9 202 9 175 9 173 9 203 9 175 9 70 9 203 9 173 9 204 0 191 0 0 0 192 0 191 0 204 0 205 0 192 0 204 0 193 0 192 0 205 0 179 0 193 0 205 0 194 0 193 0 179 0 206 0 182 0 183 0 181 0 182 0 206 0 207 0 181 0 206 0 180 0 181 0 207 0 194 0 180 0 207 0 179 0 180 0 194 0 95 1 209 2 208 2 210 1 209 2 95 1 96 3 210 4 95 4 211 4 210 4 96 3 123 4 211 4 96 3 122 2 211 1 123 1 199 9 197 9 198 9 212 10 197 9 199 9 200 10 212 10 199 9 213 8 212 7 200 7 201 8 213 8 200 7 214 9 78 10 76 9 215 10 78 10 214 9 165 9 215 10 214 9 167 10 215 10 165 9 130 2 14 1 12 2 16 1 14 1 130 2 216 2 16 1 130 2 18 2 16 1 216 2 151 9 164 9 150 9 217 9 164 9 151 9 152 9 217 9 151 9 153 9 217 9 152 9 217 9 166 9 164 9 218 9 166 9 217 9 153 9 218 9 217 9 155 9 218 9 153 9 218 9 168 10 166 9 219 10 168 10 218 9 155 9 219 10 218 9 157 10 219 10 155 9 220 0 204 0 0 0 205 0 204 0 220 0 58 0 205 0 220 0 179 0 205 0 58 0 219 7 170 8 168 7 221 8 170 8 219 7 157 7 221 8 219 7 159 8 221 8 157 7 139 9 154 9 138 9 222 9 154 9 139 9 140 9 222 9 139 9 142 9 222 9 140 9 222 9 156 9 154 9 223 9 156 9 222 9 142 9 223 9 222 9 144 9 223 9 142 9 46 1 224 2 48 2 137 2 224 2 46 1 44 1 137 2 46 1 42 2 137 2 44 1 225 8 146 7 148 8 226 7 146 7 225 8 160 8 226 7 225 8 158 7 226 7 160 8 226 10 144 9 146 10 223 9 144 9 226 10 158 10 223 9 226 10 156 9 223 9 158 10 227 9 145 9 143 9 228 9 145 9 227 9 174 9 228 9 227 9 176 9 228 9 174 9 207 0 190 0 194 0 229 0 190 0 207 0 206 0 229 0 207 0 209 0 229 0 206 0 215 7 80 8 78 7 230 8 80 8 215 7 167 7 230 8 215 7 169 8 230 8 167 7 228 9 147 10 145 9 231 10 147 10 228 9 176 9 231 10 228 9 178 10 231 10 176 9 202 9 66 9 64 9 232 9 66 9 202 9 203 9 232 9 202 9 70 9 232 9 203 9 231 7 149 8 147 7 233 8 149 8 231 7 178 7 233 8 231 7 60 8 233 8 178 7 171 9 143 9 141 9 227 9 143 9 171 9 172 9 227 9 171 9 174 9 227 9 172 9 161 9 74 9 72 9 234 9 74 9 161 9 162 9 234 9 161 9 163 9 234 9 162 9 234 9 76 9 74 9 214 9 76 9 234 9 163 9 214 9 234 9 165 9 214 9 163 9 212 10 196 10 197 9 235 8 196 7 212 7 213 8 235 8 212 7 236 4 123 4 96 3 92 2 123 1 236 1 94 1 92 2 236 1 237 6 116 6 45 5 49 2 116 1 237 1 47 1 49 2 237 1 238 4 106 4 15 3 19 2 106 1 238 1 17 1 19 2 238 1 239 0 103 0 105 0 129 0 103 0 239 0 240 0 113 0 115 0 136 0 113 0 240 0 59 0 220 0 0 0 58 0 220 0 59 0 241 0 183 0 185 0 206 0 183 0 241 0 122 2 229 2 211 1 190 0 229 0 122 0 210 1 229 2 209 2 211 1 229 2 210 1 68 9 232 9 70 9 66 9 232 9 68 9 18 0 114 0 20 0 48 0 184 0 50 0 239 0 130 0 129 0 240 0 137 0 136 0 241 0 209 0 206 0 93 0 104 0 91 0 94 4 236 4 96 3 235 8 195 8 196 7 93 2 95 1 208 2 47 6 237 6 45 5 17 4 238 4 15 3</p>
                </polylist>
            </mesh>
        </geometry>
        <geometry id="mesh1">
            <mesh>
                <source id="points1">
                    <float_array id="pointarray1" count="663">-1343.2128223939537 2326.598711371703 0 -1222.798804964496 2444.0368414934746 -128 -1264.3684078477424 2420.037505749976 -172 -1232.2681297385313 2579.4420920871053 -333 -1330.5629198895413 2522.693662776957 -385.5 -1391.4368257440035 2712.1365765690066 -535 -1540.39456940897 2626.1389568214686 -555.5 -1670.7882184939665 2842.995467625961 -662.5 -1847.0260140510636 2741.248283796752 -622 -2015.739749779641 2984.478473897627 -688.5 -2189.379445156535 2884.2312485523867 -576.5 -2375.954174116802 3141.3982575434375 -618.5 -2520.5817508147634 3057.9005686025143 -437.5 -3192.1643292559556 4006.152692425224 -509.5 -3296.5213531607724 3945.9043599858155 -249 -4064.37372208114 5079.907331561896 -277 -4096.849974333676 5061.157850512287 39 -4827.029890641102 6216.910220105913 41 -4770.737720070039 6249.409320591901 370.5 -5471.905517698532 7421.911226589844 378 -5326.84492430387 7505.658908611428 677.5 -5991.2063027128215 8699.410226465594 660.5 -5779.028121329584 8821.906835989703 887.5 -1195.5187530723654 2459.786405575146 -71.5 -1152.593057545642 2625.4408189288115 -247.5 -1254.6035495866504 2791.1343900580237 -462 -1492.8183561500673 2945.7426237778154 -638 -1820.4492195677224 3097.2253532759396 -733 -2189.7569945355935 3248.8952822278598 -738.5 -3023.720834239467 4103.400000802527 -720 -3948.32524736541 5146.905477179163 -566 -4792.821571601764 6236.659673478167 -292 -5529.496738359697 7388.6621468618705 42 -6132.36974583718 8617.912482169962 368.5 -1184.6933356548532 2466.036232591682 -8 -1099.3320038514826 2656.1899678501695 -138 -1143.7512752313264 2855.132618707354 -344 -1329.5710614939846 3039.9900151871807 -551 -1623.4266225690021 3210.972204976898 -706 -1980.176913332559 3369.891933268 -786.5 -2806.7794691925246 4228.646534213912 -860 -3760.8290176941 5255.15248110557 -800 -4670.710863132227 6307.157722224695 -596.5 -5494.422385926957 7408.9115863954485 -298 -6188.661916408242 8585.413381683975 41 -1191.1885861053606 2462.2863363817605 56 -1078.1141857131588 2668.43962880258 -15 -1070.138436792244 2897.6314424198 -192 -1197.500969000337 3116.237904788922 -410 -1442.8586600449 3315.2193196127214 -610 -1768.8647653427224 3491.888556630786 -757.5 -2562.9910689501517 4369.3926386263065 -916 -3520.071734328631 5394.148633953335 -955.5 -4473.2552494368065 6421.154567006315 -843 -5370.146593973918 7480.659600545283 -609 -6154.453597368904 8605.16283505623 -290.5 -1215.0045044238873 2448.5367169453807 115 -1091.1046866141733 2660.9398363827368 109 -1041.1263181133115 2914.380978824117 -21 -1110.0315962668392 3166.7365070825344 -229 -1296.9320332568368 3399.466987795629 -454 -1575.306301917606 3603.6354636864526 -654 -2317.0375852242764 4511.3887084420085 -882 -3249.436298890828 5550.3943093667385 -1017.5 -4219.507465170323 6567.650512273923 -1007 -5168.360813311492 7597.156376133517 -860.5 -6033.208922292769 8675.160897641434 -594 -1253.1099737335298 2426.5373258471736 163 -1136.5714397677243 2634.690562913285 222.5 -1058.8800026780314 2904.1312625169976 151 -1074.9572438340997 3186.9859466161115 -25.5 -1199.936293195928 3455.465437863793 -253.5 -1418.5542577120307 3694.1329588858966 -487 -2091.435886243324 4641.635103466622 -761.5 -2975.769746576122 5708.389936344774 -980 -3934.149462044703 6732.395952429816 -1072 -4908.983811987902 7746.902231449724 -1028 -5836.619341990749 8788.657756261731 -839 -1302.0408604606846 2398.28810773243 194.5 -1210.6172949035072 2591.9417461201774 314.5 -1122.1004403963022 2867.6322727404263 309 -1096.1750619724235 3174.736285663701 180 -1161.3978071895851 3477.7148220426616 -28 -1314.6302505039143 3754.131298244644 -272 -1909.1358569324202 4746.882190425091 -567 -2725.486095883242 5852.885936967089 -846 -3645.76034204218 6898.89134415034 -1032.5 -4617.996591805177 7914.897581654216 -1094.5 -5583.737591117666 8934.653715368016 -1002 -1357.033980941646 2366.5389864884264 207 -1305.4479514809132 2537.1932614553207 376 -1224.2923808176165 2808.633905704325 437 -1171.5199671983078 3131.237489628609 368.5 -1184.7807088114114 3464.2151956869434 199.5 -1273.0606476206679 3778.1306339881426 -30 -1787.8911818562847 4816.880253010296 -316.5 -2522.834281827415 5969.882698716647 -629.5 -3382.0531737515853 7051.13713027316 -891.5 -4323.545238048848 8084.892876504 -1054 -5300.111654778849 9098.399183201263 -1067 -1412.4601181193082 2334.539872163761 199.5 -1411.9700588692324 2475.6949636126046 400.5 -1355.9294566145638 2732.6360091832453 522 -1293.6306756678446 3060.739440882081 521 -1267.9199145779044 3416.2165241999455 408 -1298.175616029296 3763.631035309779 214 -1739.3933118258303 4844.879478044378 -35 -2388.1660891535644 6047.630546802357 -351.5 -3168.5759422782467 7174.383719039254 -663.5 -4054.208852701146 8240.38857267542 -910.5 -5013.0215848664275 9264.144595679803 -1027.5 -1463.5560883299652 2305.0406886457104 172 -1519.3581996509524 2413.696679608566 385.5 -1504.0211668861295 2647.1383755970305 555.5 -1450.3827198734198 2970.2419456826374 622 -1403.0211239484554 3338.2186830335745 576.5 -1387.8100722462964 3711.8824676128593 437.5 -1768.8384472014632 4827.8799485594 249 -2334.4720187627045 6078.629688804376 -39 -3026.5464657604875 7256.381449496209 -370.5 -3836.4014542608024 8366.135092248129 -677.5 -4750.180449969233 9415.890395641301 -887.5 -1315.4643780583995 2390.538322231925 -199.5 -1437.9510606712613 2460.695378772918 -400.5 -1688.4862796805357 2540.641323235254 -522 -2003.7780582566388 2650.750788597308 -521 -2324.4806545270862 2806.2334073860156 -408 -2610.2162070317636 3006.152000905595 -214 -3325.9664885364054 3928.904830500837 35 -4043.155903942816 5092.156992514307 351.5 -4628.70824355228 6331.4070510488555 663.5 -5109.037525863526 7631.405428184135 910.5 -1617.6529898019623 2356.9482502984174 333 -1652.978910551096 2561.1407558494925 535 -1626.620515430517 2868.4947618534284 662.5 -1576.6608193253496 3237.9714576883343 688.5 -1532.437648944258 3628.384778671936 618.5 -1873.19547110628 4767.631616119991 509.5 -2366.9482710152406 6059.880207754767 277 -2970.2542951894247 7288.8805499821965 -41 -3691.3408608661402 8449.882774269712 -378 -4538.002268585996 9538.38700516541 -660.5 -1370.8905152360617 2358.53920790726 -207 -1544.4731680595805 2399.197080930202 -376 -1820.123355477483 2464.643426714174 -437 -2125.8887667261756 2580.25273985078 -368.5 -2407.619860293579 2758.234735899018 -199.5 -2635.331175440392 2991.652402227231 30 -3277.468618505951 3956.904055534919 316.5 -3908.4877112689655 5169.9048406000165 629.5 -4415.231012078941 6454.653639814949 891.5 -1789.8121867084492 2482.1429423604754 462 -1804.590377774416 2765.747605701574 638 -1771.9513495372682 3125.2245783100216 733 -1718.6348285254664 3520.887753987514 738.5 -2041.6389661227684 4670.384307742688 720 -2482.9967457309704 5992.8820621375 566 -3004.462614228763 7269.131096609943 292 -3633.7496402049755 8483.131853997686 -42 -4396.8388254616375 9619.884749461042 -368.5 -1425.883635717023 2326.7900866632563 -194.5 -1639.3038246369865 2344.4485962653453 -314.5 -1922.3152958987973 2405.645059678073 -309 -2201.23367195206 2536.753943815688 -180 -2431.0027619154052 2744.7351095432996 28 -2593.7615725571454 3015.6517379707298 272 -3156.2239434298153 4026.902118120124 567 -3705.8358972131387 5286.901602349574 846 -1967.8376724304987 2671.5002142922085 551 -1968.9739465359885 3011.477726609063 706 -1928.2149097285007 3399.891102947374 786.5 -2258.580331169711 4545.137774331303 860 -2670.4929754022805 5884.635058211094 800 -3126.5733226982993 7198.6330478634145 596.5 -3668.823992637715 8462.882414464108 298 -4340.546654890575 9652.38384994703 -41 -1474.8145224441778 2298.5408685485127 -163 -1713.3496797727694 2301.699779472238 -222.5 -1985.5357336170682 2369.1460699015015 -151 -2222.4514900903837 2524.5042828632777 25.5 -2392.4642759090625 2766.9844937221683 253.5 -2489.8375653490293 3075.650077329477 487 -2973.9239141189114 4132.149205078593 761.5 -2149.541909060091 2907.23061197324 610 -2139.5270577183373 3277.8944795845878 757.5 -2502.368731412084 4404.3916699189085 916 -2911.2502587677495 5745.638905363328 955.5 -3324.0289363937204 7084.6362030817945 843 -3793.099784590754 8391.134400314273 609 -4374.754973929913 9632.634396574775 290.5 -1512.9199917538203 2276.5414774503056 -115 -1758.8164329263204 2275.450506002786 -109 -2003.289418181788 2358.896353594382 21 -2187.377137657644 2544.7537223968548 229 -2295.468535848154 2822.9829437903322 454 -2333.0855211434537 3166.147572528921 654 -2748.322215137959 4262.395600103207 882 -3181.8856942055527 5589.393229949925 1017.5 -3577.7767206602043 6938.140257814187 1007 -3994.8855652531797 8274.637624726038 860.5 -4495.9996490060485 9562.63633398957 594 -1536.735910072347 2262.791858013926 -56 -1771.806933827335 2267.9507135829426 15 -1974.2772995028556 2375.645889998699 192 -2099.9077649241462 2595.252324690467 410 -4692.589229308069 9449.139475369273 839 -4254.26256657677 8124.891769409832 1028 -4945.470980181151 9303.143516262988 1002 -4545.249786759496 7956.89641920534 1094.5 -5229.0969165199685 9139.39804842974 1067 -4839.701140515825 7786.901124355556 1054 -5516.18698643239 8973.6526359512 1027.5 -1543.2311605228545 2259.041961804004 8 -1750.5891156890111 2280.200374535353 138 -1900.6644610637732 2418.144713711145 344 -3863.1347237858236 6773.3948176582935 1072 -4151.523843788346 6606.89942593777 1032.5 -1532.4057431053423 2265.29178882054 71.5 -1697.3280619948516 2310.949523456711 247.5 -3455.5522465202584 5431.39760297189 980 -1505.1256912132117 2281.0413529022117 128</float_array>
                    <technique_common>
                        <accessor count="221" source="#pointarray1" stride="3">
                            <param name="X" type="float"/>
                            <param name="Y" type="float"/>
                            <param name="Z" type="float"/>
                        </accessor>
                    </technique_common>
                </source>
                <source id="uvs1">
                    <float_array id="uvarray1" count="502">0.4749755859375 0 0.449951171875 0.0833740234375 0.5 0.0833740234375 0.5 0.16668701171875 0.54998779296875 0.16668701171875 0.54998779296875 0.25 0.5999755859375 0.25 0.5999755859375 0.3333740234375 0.64996337890625 0.3333740234375 0.64996337890625 0.41668701171875 0.699951171875 0.41668701171875 0.699951171875 0.5 0.75 0.5 0.75 0.85296630859375 0.79998779296875 0.85296630859375 0.79998779296875 1.20550537109375 0.8499755859375 1.20550537109375 0.8499755859375 1.55810546875 0.89996337890625 1.55810546875 0.89996337890625 1.91070556640625 0.949951171875 1.91070556640625 0.949951171875 2.2633056640625 1 2.2633056640625 0.42498779296875 0 0.39996337890625 0.0833740234375 0.449951171875 0.16668701171875 0.5 0.25 0.54998779296875 0.3333740234375 0.5999755859375 0.41668701171875 0.64996337890625 0.5 0.699951171875 0.85296630859375 0.75 1.20550537109375 0.79998779296875 1.55810546875 0.8499755859375 1.91070556640625 0.89996337890625 2.2633056640625 0.375 0 0.3499755859375 0.0833740234375 0.39996337890625 0.16668701171875 0.449951171875 0.25 0.5 0.3333740234375 0.54998779296875 0.41668701171875 0.5999755859375 0.5 0.64996337890625 0.85296630859375 0.699951171875 1.20550537109375 0.75 1.55810546875 0.79998779296875 1.91070556640625 0.8499755859375 2.2633056640625 0.324951171875 0 0.29998779296875 0.0833740234375 0.3499755859375 0.16668701171875 0.39996337890625 0.25 0.449951171875 0.3333740234375 0.5 0.41668701171875 0.54998779296875 0.5 0.5999755859375 0.85296630859375 0.64996337890625 1.20550537109375 0.699951171875 1.55810546875 0.75 1.91070556640625 0.79998779296875 2.2633056640625 0.27496337890625 0 0.25 0.0833740234375 0.29998779296875 0.16668701171875 0.3499755859375 0.25 0.39996337890625 0.3333740234375 0.449951171875 0.41668701171875 0.5 0.5 0.54998779296875 0.85296630859375 0.5999755859375 1.20550537109375 0.64996337890625 1.55810546875 0.699951171875 1.91070556640625 0.75 2.2633056640625 0.2249755859375 0 0.199951171875 0.0833740234375 0.25 0.16668701171875 0.29998779296875 0.25 0.3499755859375 0.3333740234375 0.39996337890625 0.41668701171875 0.449951171875 0.5 0.5 0.85296630859375 0.54998779296875 1.20550537109375 0.5999755859375 1.55810546875 0.64996337890625 1.91070556640625 0.699951171875 2.2633056640625 0.17498779296875 0 0.14996337890625 0.0833740234375 0.199951171875 0.16668701171875 0.25 0.25 0.29998779296875 0.3333740234375 0.3499755859375 0.41668701171875 0.39996337890625 0.5 0.449951171875 0.85296630859375 0.5 1.20550537109375 0.54998779296875 1.55810546875 0.5999755859375 1.91070556640625 0.64996337890625 2.2633056640625 0.125 0 0.0999755859375 0.0833740234375 0.14996337890625 0.16668701171875 0.199951171875 0.25 0.25 0.3333740234375 0.29998779296875 0.41668701171875 0.3499755859375 0.5 0.39996337890625 0.85296630859375 0.449951171875 1.20550537109375 0.5 1.55810546875 0.54998779296875 1.91070556640625 0.5999755859375 2.2633056640625 0.074951171875 0 0.04998779296875 0.0833740234375 0.0999755859375 0.16668701171875 0.14996337890625 0.25 0.199951171875 0.3333740234375 0.25 0.41668701171875 0.29998779296875 0.5 0.3499755859375 0.85296630859375 0.39996337890625 1.20550537109375 0.449951171875 1.55810546875 0.5 1.91070556640625 0.54998779296875 2.2633056640625 0.02496337890625 0 0 0.0833740234375 0.04998779296875 0.16668701171875 0.0999755859375 0.25 0.14996337890625 0.3333740234375 0.199951171875 0.41668701171875 0.25 0.5 0.29998779296875 0.85296630859375 0.3499755859375 1.20550537109375 0.39996337890625 1.55810546875 0.449951171875 1.91070556640625 0.5 2.2633056640625 0.52496337890625 0 0.54998779296875 0.0833740234375 0.5999755859375 0.16668701171875 0.64996337890625 0.25 0.699951171875 0.3333740234375 0.75 0.41668701171875 0.79998779296875 0.5 0.8499755859375 0.85296630859375 0.89996337890625 1.20550537109375 0.949951171875 1.55810546875 1 1.91070556640625 0 0.16668701171875 0.04998779296875 0.25 0.0999755859375 0.3333740234375 0.14996337890625 0.41668701171875 0.199951171875 0.5 0.25 0.85296630859375 0.29998779296875 1.20550537109375 0.3499755859375 1.55810546875 0.39996337890625 1.91070556640625 0.449951171875 2.2633056640625 0.574951171875 0 0.5999755859375 0.0833740234375 0.64996337890625 0.16668701171875 0.699951171875 0.25 0.75 0.3333740234375 0.79998779296875 0.41668701171875 0.8499755859375 0.5 0.89996337890625 0.85296630859375 0.949951171875 1.20550537109375 1 1.55810546875 0 0.25 0.04998779296875 0.3333740234375 0.0999755859375 0.41668701171875 0.14996337890625 0.5 0.199951171875 0.85296630859375 0.25 1.20550537109375 0.29998779296875 1.55810546875 0.3499755859375 1.91070556640625 0.39996337890625 2.2633056640625 0.625 0 0.64996337890625 0.0833740234375 0.699951171875 0.16668701171875 0.75 0.25 0.79998779296875 0.3333740234375 0.8499755859375 0.41668701171875 0.89996337890625 0.5 0.949951171875 0.85296630859375 1 1.20550537109375 0 0.3333740234375 0.04998779296875 0.41668701171875 0.0999755859375 0.5 0.14996337890625 0.85296630859375 0.199951171875 1.20550537109375 0.25 1.55810546875 0.29998779296875 1.91070556640625 0.3499755859375 2.2633056640625 0.67498779296875 0 0.699951171875 0.0833740234375 0.75 0.16668701171875 0.79998779296875 0.25 0.8499755859375 0.3333740234375 0.89996337890625 0.41668701171875 0.949951171875 0.5 1 0.85296630859375 0 0.41668701171875 0.04998779296875 0.5 0.0999755859375 0.85296630859375 0.14996337890625 1.20550537109375 0.199951171875 1.55810546875 0.25 1.91070556640625 0.29998779296875 2.2633056640625 0.7249755859375 0 0.75 0.0833740234375 0.79998779296875 0.16668701171875 0.8499755859375 0.25 0.89996337890625 0.3333740234375 0.949951171875 0.41668701171875 1 0.5 0 0.5 0.04998779296875 0.85296630859375 0.0999755859375 1.20550537109375 0.14996337890625 1.55810546875 0.199951171875 1.91070556640625 0.25 2.2633056640625 0.77496337890625 0 0.79998779296875 0.0833740234375 0.8499755859375 0.16668701171875 0.89996337890625 0.25 0.949951171875 0.3333740234375 1 0.41668701171875 0.199951171875 2.2633056640625 0.14996337890625 1.91070556640625 0.14996337890625 2.2633056640625 0.0999755859375 1.91070556640625 0.0999755859375 2.2633056640625 0.04998779296875 1.91070556640625 0.04998779296875 2.2633056640625 0 1.91070556640625 0 2.2633056640625 0.824951171875 0 0.8499755859375 0.0833740234375 0.89996337890625 0.16668701171875 0.949951171875 0.25 1 0.3333740234375 0.0999755859375 1.55810546875 0.04998779296875 1.55810546875 0 1.55810546875 0.875 0 0.89996337890625 0.0833740234375 0.949951171875 0.16668701171875 1 0.25 0.04998779296875 1.20550537109375 0 1.20550537109375 0.92498779296875 0 0.949951171875 0.0833740234375 1 0.16668701171875 0 0.85296630859375 0.9749755859375 0 1 0.0833740234375</float_array>
                    <technique_common>
                        <accessor count="251" source="#uvarray1" stride="2">
                            <param name="S" type="float"/>
                            <param name="T" type="float"/>
                        </accessor>
                    </technique_common>
                </source>
                <vertices id="vertices1">
                    <input semantic="POSITION" source="#points1"/>
                </vertices>
                <polylist count="420" material="Material1">
                    <input offset="0" semantic="VERTEX" source="#vertices1"/>
                    <input offset="1" semantic="TEXCOORD" source="#uvs1" set="0"/>
                    <vcount>3 3 3 3 3 3 3 3 3 3 3 3 3 3 3 3 3 3 3 3 3 3 3 3 3 3 3 3 3 3 3 3 3 3 3 3 3 3 3 3 3 3 3 3 3 3 3 3 3 3 3 3 3 3 3 3 3 3 3 3 3 3 3 3 3 3 3 3 3 3 3 3 3 3 3 3 3 3 3 3 3 3 3 3 3 3 3 3 3 3 3 3 3 3 3 3 3 3 3 3 3 3 3 3 3 3 3 3 3 3 3 3 3 3 3 3 3 3 3 3 3 3 3 3 3 3 3 3 3 3 3 3 3 3 3 3 3 3 3 3 3 3 3 3 3 3 3 3 3 3 3 3 3 3 3 3 3 3 3 3 3 3 3 3 3 3 3 3 3 3 3 3 3 3 3 3 3 3 3 3 3 3 3 3 3 3 3 3 3 3 3 3 3 3 3 3 3 3 3 3 3 3 3 3 3 3 3 3 3 3 3 3 3 3 3 3 3 3 3 3 3 3 3 3 3 3 3 3 3 3 3 3 3 3 3 3 3 3 3 3 3 3 3 3 3 3 3 3 3 3 3 3 3 3 3 3 3 3 3 3 3 3 3 3 3 3 3 3 3 3 3 3 3 3 3 3 3 3 3 3 3 3 3 3 3 3 3 3 3 3 3 3 3 3 3 3 3 3 3 3 3 3 3 3 3 3 3 3 3 3 3 3 3 3 3 3 3 3 3 3 3 3 3 3 3 3 3 3 3 3 3 3 3 3 3 3 3 3 3 3 3 3 3 3 3 3 3 3 3 3 3 3 3 3 3 3 3 3 3 3 3 3 3 3 3 3 3 3 3 3 3 3 3 3 3 3 3 3 3 3 3 3 3 3 3 3 3 3 3 3 3 3 3 3 3 3 3 3 3 3 3 3 3 3 3 3 3 3 3 3 3 3 3 3 3 3 3 3 3 3</vcount>
                    <p>2 2 1 1 0 0 3 3 1 1 2 2 4 4 3 3 2 2 5 5 3 3 4 4 6 6 5 5 4 4 7 7 5 5 6 6 8 8 7 7 6 6 9 9 7 7 8 8 10 10 9 9 8 8 11 11 9 9 10 10 12 12 11 11 10 10 13 13 11 11 12 12 14 14 13 13 12 12 15 15 13 13 14 14 16 16 15 15 14 14 17 17 15 15 16 16 18 18 17 17 16 16 19 19 17 17 18 18 20 20 19 19 18 18 21 21 19 19 20 20 22 22 21 21 20 20 1 1 23 24 0 23 24 25 23 24 1 1 3 3 24 25 1 1 25 26 24 25 3 3 5 5 25 26 3 3 26 27 25 26 5 5 7 7 26 27 5 5 27 28 26 27 7 7 9 9 27 28 7 7 28 29 27 28 9 9 11 11 28 29 9 9 29 30 28 29 11 11 13 13 29 30 11 11 30 31 29 30 13 13 15 15 30 31 13 13 31 32 30 31 15 15 17 17 31 32 15 15 32 33 31 32 17 17 19 19 32 33 17 17 33 34 32 33 19 19 21 21 33 34 19 19 23 24 34 36 0 35 35 37 34 36 23 24 24 25 35 37 23 24 36 38 35 37 24 25 25 26 36 38 24 25 37 39 36 38 25 26 26 27 37 39 25 26 38 40 37 39 26 27 27 28 38 40 26 27 39 41 38 40 27 28 28 29 39 41 27 28 40 42 39 41 28 29 29 30 40 42 28 29 41 43 40 42 29 30 30 31 41 43 29 30 42 44 41 43 30 31 31 32 42 44 30 31 43 45 42 44 31 32 32 33 43 45 31 32 44 46 43 45 32 33 33 34 44 46 32 33 34 36 45 48 0 47 46 49 45 48 34 36 35 37 46 49 34 36 47 50 46 49 35 37 36 38 47 50 35 37 48 51 47 50 36 38 37 39 48 51 36 38 49 52 48 51 37 39 38 40 49 52 37 39 50 53 49 52 38 40 39 41 50 53 38 40 51 54 50 53 39 41 40 42 51 54 39 41 52 55 51 54 40 42 41 43 52 55 40 42 53 56 52 55 41 43 42 44 53 56 41 43 54 57 53 56 42 44 43 45 54 57 42 44 55 58 54 57 43 45 44 46 55 58 43 45 45 48 56 60 0 59 57 61 56 60 45 48 46 49 57 61 45 48 58 62 57 61 46 49 47 50 58 62 46 49 59 63 58 62 47 50 48 51 59 63 47 50 60 64 59 63 48 51 49 52 60 64 48 51 61 65 60 64 49 52 50 53 61 65 49 52 62 66 61 65 50 53 51 54 62 66 50 53 63 67 62 66 51 54 52 55 63 67 51 54 64 68 63 67 52 55 53 56 64 68 52 55 65 69 64 68 53 56 54 57 65 69 53 56 66 70 65 69 54 57 55 58 66 70 54 57 56 60 67 72 0 71 68 73 67 72 56 60 57 61 68 73 56 60 69 74 68 73 57 61 58 62 69 74 57 61 70 75 69 74 58 62 59 63 70 75 58 62 71 76 70 75 59 63 60 64 71 76 59 63 72 77 71 76 60 64 61 65 72 77 60 64 73 78 72 77 61 65 62 66 73 78 61 65 74 79 73 78 62 66 63 67 74 79 62 66 75 80 74 79 63 67 64 68 75 80 63 67 76 81 75 80 64 68 65 69 76 81 64 68 77 82 76 81 65 69 66 70 77 82 65 69 67 72 78 84 0 83 79 85 78 84 67 72 68 73 79 85 67 72 80 86 79 85 68 73 69 74 80 86 68 73 81 87 80 86 69 74 70 75 81 87 69 74 82 88 81 87 70 75 71 76 82 88 70 75 83 89 82 88 71 76 72 77 83 89 71 76 84 90 83 89 72 77 73 78 84 90 72 77 85 91 84 90 73 78 74 79 85 91 73 78 86 92 85 91 74 79 75 80 86 92 74 79 87 93 86 92 75 80 76 81 87 93 75 80 88 94 87 93 76 81 77 82 88 94 76 81 78 84 89 96 0 95 90 97 89 96 78 84 79 85 90 97 78 84 91 98 90 97 79 85 80 86 91 98 79 85 92 99 91 98 80 86 81 87 92 99 80 86 93 100 92 99 81 87 82 88 93 100 81 87 94 101 93 100 82 88 83 89 94 101 82 88 95 102 94 101 83 89 84 90 95 102 83 89 96 103 95 102 84 90 85 91 96 103 84 90 97 104 96 103 85 91 86 92 97 104 85 91 98 105 97 104 86 92 87 93 98 105 86 92 99 106 98 105 87 93 88 94 99 106 87 93 89 96 100 108 0 107 101 109 100 108 89 96 90 97 101 109 89 96 102 110 101 109 90 97 91 98 102 110 90 97 103 111 102 110 91 98 92 99 103 111 91 98 104 112 103 111 92 99 93 100 104 112 92 99 105 113 104 112 93 100 94 101 105 113 93 100 106 114 105 113 94 101 95 102 106 114 94 101 107 115 106 114 95 102 96 103 107 115 95 102 108 116 107 115 96 103 97 104 108 116 96 103 109 117 108 116 97 104 98 105 109 117 97 104 110 118 109 117 98 105 99 106 110 118 98 105 100 108 111 120 0 119 112 121 111 120 100 108 101 109 112 121 100 108 113 122 112 121 101 109 102 110 113 122 101 109 114 123 113 122 102 110 103 111 114 123 102 110 115 124 114 123 103 111 104 112 115 124 103 111 116 125 115 124 104 112 105 113 116 125 104 112 117 126 116 125 105 113 106 114 117 126 105 113 118 127 117 126 106 114 107 115 118 127 106 114 119 128 118 127 107 115 108 116 119 128 107 115 120 129 119 128 108 116 109 117 120 129 108 116 121 130 120 129 109 117 110 118 121 130 109 117 122 132 2 2 0 131 4 4 2 2 122 132 123 133 4 4 122 132 6 6 4 4 123 133 124 134 6 6 123 133 8 8 6 6 124 134 125 135 8 8 124 134 10 10 8 8 125 135 126 136 10 10 125 135 12 12 10 10 126 136 127 137 12 12 126 136 14 14 12 12 127 137 128 138 14 14 127 137 16 16 14 14 128 138 129 139 16 16 128 138 18 18 16 16 129 139 130 140 18 18 129 139 20 20 18 18 130 140 131 141 20 20 130 140 22 22 20 20 131 141 112 121 132 142 111 120 133 143 132 142 112 121 113 122 133 143 112 121 134 144 133 143 113 122 114 123 134 144 113 122 135 145 134 144 114 123 115 124 135 145 114 123 136 146 135 145 115 124 116 125 136 146 115 124 137 147 136 146 116 125 117 126 137 147 116 125 138 148 137 147 117 126 118 127 138 148 117 126 139 149 138 148 118 127 119 128 139 149 118 127 140 150 139 149 119 128 120 129 140 150 119 128 141 151 140 150 120 129 121 130 141 151 120 129 142 153 122 132 0 152 123 133 122 132 142 153 143 154 123 133 142 153 124 134 123 133 143 154 144 155 124 134 143 154 125 135 124 134 144 155 145 156 125 135 144 155 126 136 125 135 145 156 146 157 126 136 145 156 127 137 126 136 146 157 147 158 127 137 146 157 128 138 127 137 147 158 148 159 128 138 147 158 129 139 128 138 148 159 149 160 129 139 148 159 130 140 129 139 149 160 150 161 130 140 149 160 131 141 130 140 150 161 133 143 151 162 132 142 152 163 151 162 133 143 134 144 152 163 133 143 153 164 152 163 134 144 135 145 153 164 134 144 154 165 153 164 135 145 136 146 154 165 135 145 155 166 154 165 136 146 137 147 155 166 136 146 156 167 155 166 137 147 138 148 156 167 137 147 157 168 156 167 138 148 139 149 157 168 138 148 158 169 157 168 139 149 140 150 158 169 139 149 159 170 158 169 140 150 141 151 159 170 140 150 160 172 142 153 0 171 143 154 142 153 160 172 161 173 143 154 160 172 144 155 143 154 161 173 162 174 144 155 161 173 145 156 144 155 162 174 163 175 145 156 162 174 146 157 145 156 163 175 164 176 146 157 163 175 147 158 146 157 164 176 165 177 147 158 164 176 148 159 147 158 165 177 166 178 148 159 165 177 149 160 148 159 166 178 167 179 149 160 166 178 150 161 149 160 167 179 152 163 168 180 151 162 169 181 168 180 152 163 153 164 169 181 152 163 170 182 169 181 153 164 154 165 170 182 153 164 171 183 170 182 154 165 155 166 171 183 154 165 172 184 171 183 155 166 156 167 172 184 155 166 173 185 172 184 156 167 157 168 173 185 156 167 174 186 173 185 157 168 158 169 174 186 157 168 175 187 174 186 158 169 159 170 175 187 158 169 176 189 160 172 0 188 161 173 160 172 176 189 177 190 161 173 176 189 162 174 161 173 177 190 178 191 162 174 177 190 163 175 162 174 178 191 179 192 163 175 178 191 164 176 163 175 179 192 180 193 164 176 179 192 165 177 164 176 180 193 181 194 165 177 180 193 166 178 165 177 181 194 182 195 166 178 181 194 167 179 166 178 182 195 169 181 183 196 168 180 184 197 183 196 169 181 170 182 184 197 169 181 185 198 184 197 170 182 171 183 185 198 170 182 186 199 185 198 171 183 172 184 186 199 171 183 187 200 186 199 172 184 173 185 187 200 172 184 188 201 187 200 173 185 174 186 188 201 173 185 189 202 188 201 174 186 175 187 189 202 174 186 190 204 176 189 0 203 177 190 176 189 190 204 191 205 177 190 190 204 178 191 177 190 191 205 192 206 178 191 191 205 179 192 178 191 192 206 193 207 179 192 192 206 180 193 179 192 193 207 194 208 180 193 193 207 181 194 180 193 194 208 195 209 181 194 194 208 182 195 181 194 195 209 184 197 195 210 183 196 196 211 195 210 184 197 185 198 196 211 184 197 197 212 196 211 185 198 186 199 197 212 185 198 198 213 197 212 186 199 187 200 198 213 186 199 199 214 198 213 187 200 188 201 199 214 187 200 200 215 199 214 188 201 189 202 200 215 188 201 201 217 190 204 0 216 191 205 190 204 201 217 202 218 191 205 201 217 192 206 191 205 202 218 203 219 192 206 202 218 193 207 192 206 203 219 204 220 193 207 203 219 194 208 193 207 204 220 183 221 194 208 204 220 195 209 194 208 183 221 205 222 199 214 200 215 206 223 199 214 205 222 207 224 206 223 205 222 208 225 206 223 207 224 209 226 208 225 207 224 210 227 208 225 209 226 211 228 210 227 209 226 131 229 210 227 211 228 22 230 131 229 211 228 212 232 201 217 0 231 202 218 201 217 212 232 213 233 202 218 212 232 203 219 202 218 213 233 214 234 203 219 213 233 204 220 203 219 214 234 168 235 204 220 214 234 183 221 204 220 168 235 206 223 198 213 199 214 215 236 198 213 206 223 208 225 215 236 206 223 216 237 215 236 208 225 210 227 216 237 208 225 150 238 216 237 210 227 131 229 150 238 210 227 217 240 212 232 0 239 213 233 212 232 217 240 218 241 213 233 217 240 214 234 213 233 218 241 151 242 214 234 218 241 168 235 214 234 151 242 215 236 197 212 198 213 219 243 197 212 215 236 216 237 219 243 215 236 167 244 219 243 216 237 150 238 167 244 216 237 220 246 217 240 0 245 218 241 217 240 220 246 132 247 218 241 220 246 151 242 218 241 132 247 219 243 196 211 197 212 182 248 196 211 219 243 167 244 182 248 219 243 111 250 220 246 0 249 132 247 220 246 111 250 195 210 196 211 182 248</p>
                </polylist>
            </mesh>
        </geometry>
        <geometry id="mesh1_VC">
            <mesh>
                <source id="points1_VC">
                    <float_array id="pointarray1_VC" count="663">-1343.2128223939537 2326.598711371703 0 -1222.798804964496 2444.0368414934746 -128 -1264.3684078477424 2420.037505749976 -172 -1232.2681297385313 2579.4420920871053 -333 -1330.5629198895413 2522.693662776957 -385.5 -1391.4368257440035 2712.1365765690066 -535 -1540.39456940897 2626.1389568214686 -555.5 -1670.7882184939665 2842.995467625961 -662.5 -1847.0260140510636 2741.248283796752 -622 -2015.739749779641 2984.478473897627 -688.5 -2189.379445156535 2884.2312485523867 -576.5 -2375.954174116802 3141.3982575434375 -618.5 -2520.5817508147634 3057.9005686025143 -437.5 -3192.1643292559556 4006.152692425224 -509.5 -3296.5213531607724 3945.9043599858155 -249 -4064.37372208114 5079.907331561896 -277 -4096.849974333676 5061.157850512287 39 -4827.029890641102 6216.910220105913 41 -4770.737720070039 6249.409320591901 370.5 -5471.905517698532 7421.911226589844 378 -5326.84492430387 7505.658908611428 677.5 -5991.2063027128215 8699.410226465594 660.5 -5779.028121329584 8821.906835989703 887.5 -1195.5187530723654 2459.786405575146 -71.5 -1152.593057545642 2625.4408189288115 -247.5 -1254.6035495866504 2791.1343900580237 -462 -1492.8183561500673 2945.7426237778154 -638 -1820.4492195677224 3097.2253532759396 -733 -2189.7569945355935 3248.8952822278598 -738.5 -3023.720834239467 4103.400000802527 -720 -3948.32524736541 5146.905477179163 -566 -4792.821571601764 6236.659673478167 -292 -5529.496738359697 7388.6621468618705 42 -6132.36974583718 8617.912482169962 368.5 -1184.6933356548532 2466.036232591682 -8 -1099.3320038514826 2656.1899678501695 -138 -1143.7512752313264 2855.132618707354 -344 -1329.5710614939846 3039.9900151871807 -551 -1623.4266225690021 3210.972204976898 -706 -1980.176913332559 3369.891933268 -786.5 -2806.7794691925246 4228.646534213912 -860 -3760.8290176941 5255.15248110557 -800 -4670.710863132227 6307.157722224695 -596.5 -5494.422385926957 7408.9115863954485 -298 -6188.661916408242 8585.413381683975 41 -1191.1885861053606 2462.2863363817605 56 -1078.1141857131588 2668.43962880258 -15 -1070.138436792244 2897.6314424198 -192 -1197.500969000337 3116.237904788922 -410 -1442.8586600449 3315.2193196127214 -610 -1768.8647653427224 3491.888556630786 -757.5 -2562.9910689501517 4369.3926386263065 -916 -3520.071734328631 5394.148633953335 -955.5 -4473.2552494368065 6421.154567006315 -843 -5370.146593973918 7480.659600545283 -609 -6154.453597368904 8605.16283505623 -290.5 -1215.0045044238873 2448.5367169453807 115 -1091.1046866141733 2660.9398363827368 109 -1041.1263181133115 2914.380978824117 -21 -1110.0315962668392 3166.7365070825344 -229 -1296.9320332568368 3399.466987795629 -454 -1575.306301917606 3603.6354636864526 -654 -2317.0375852242764 4511.3887084420085 -882 -3249.436298890828 5550.3943093667385 -1017.5 -4219.507465170323 6567.650512273923 -1007 -5168.360813311492 7597.156376133517 -860.5 -6033.208922292769 8675.160897641434 -594 -1253.1099737335298 2426.5373258471736 163 -1136.5714397677243 2634.690562913285 222.5 -1058.8800026780314 2904.1312625169976 151 -1074.9572438340997 3186.9859466161115 -25.5 -1199.936293195928 3455.465437863793 -253.5 -1418.5542577120307 3694.1329588858966 -487 -2091.435886243324 4641.635103466622 -761.5 -2975.769746576122 5708.389936344774 -980 -3934.149462044703 6732.395952429816 -1072 -4908.983811987902 7746.902231449724 -1028 -5836.619341990749 8788.657756261731 -839 -1302.0408604606846 2398.28810773243 194.5 -1210.6172949035072 2591.9417461201774 314.5 -1122.1004403963022 2867.6322727404263 309 -1096.1750619724235 3174.736285663701 180 -1161.3978071895851 3477.7148220426616 -28 -1314.6302505039143 3754.131298244644 -272 -1909.1358569324202 4746.882190425091 -567 -2725.486095883242 5852.885936967089 -846 -3645.76034204218 6898.89134415034 -1032.5 -4617.996591805177 7914.897581654216 -1094.5 -5583.737591117666 8934.653715368016 -1002 -1357.033980941646 2366.5389864884264 207 -1305.4479514809132 2537.1932614553207 376 -1224.2923808176165 2808.633905704325 437 -1171.5199671983078 3131.237489628609 368.5 -1184.7807088114114 3464.2151956869434 199.5 -1273.0606476206679 3778.1306339881426 -30 -1787.8911818562847 4816.880253010296 -316.5 -2522.834281827415 5969.882698716647 -629.5 -3382.0531737515853 7051.13713027316 -891.5 -4323.545238048848 8084.892876504 -1054 -5300.111654778849 9098.399183201263 -1067 -1412.4601181193082 2334.539872163761 199.5 -1411.9700588692324 2475.6949636126046 400.5 -1355.9294566145638 2732.6360091832453 522 -1293.6306756678446 3060.739440882081 521 -1267.9199145779044 3416.2165241999455 408 -1298.175616029296 3763.631035309779 214 -1739.3933118258303 4844.879478044378 -35 -2388.1660891535644 6047.630546802357 -351.5 -3168.5759422782467 7174.383719039254 -663.5 -4054.208852701146 8240.38857267542 -910.5 -5013.0215848664275 9264.144595679803 -1027.5 -1463.5560883299652 2305.0406886457104 172 -1519.3581996509524 2413.696679608566 385.5 -1504.0211668861295 2647.1383755970305 555.5 -1450.3827198734198 2970.2419456826374 622 -1403.0211239484554 3338.2186830335745 576.5 -1387.8100722462964 3711.8824676128593 437.5 -1768.8384472014632 4827.8799485594 249 -2334.4720187627045 6078.629688804376 -39 -3026.5464657604875 7256.381449496209 -370.5 -3836.4014542608024 8366.135092248129 -677.5 -4750.180449969233 9415.890395641301 -887.5 -1315.4643780583995 2390.538322231925 -199.5 -1437.9510606712613 2460.695378772918 -400.5 -1688.4862796805357 2540.641323235254 -522 -2003.7780582566388 2650.750788597308 -521 -2324.4806545270862 2806.2334073860156 -408 -2610.2162070317636 3006.152000905595 -214 -3325.9664885364054 3928.904830500837 35 -4043.155903942816 5092.156992514307 351.5 -4628.70824355228 6331.4070510488555 663.5 -5109.037525863526 7631.405428184135 910.5 -1617.6529898019623 2356.9482502984174 333 -1652.978910551096 2561.1407558494925 535 -1626.620515430517 2868.4947618534284 662.5 -1576.6608193253496 3237.9714576883343 688.5 -1532.437648944258 3628.384778671936 618.5 -1873.19547110628 4767.631616119991 509.5 -2366.9482710152406 6059.880207754767 277 -2970.2542951894247 7288.8805499821965 -41 -3691.3408608661402 8449.882774269712 -378 -4538.002268585996 9538.38700516541 -660.5 -1370.8905152360617 2358.53920790726 -207 -1544.4731680595805 2399.197080930202 -376 -1820.123355477483 2464.643426714174 -437 -2125.8887667261756 2580.25273985078 -368.5 -2407.619860293579 2758.234735899018 -199.5 -2635.331175440392 2991.652402227231 30 -3277.468618505951 3956.904055534919 316.5 -3908.4877112689655 5169.9048406000165 629.5 -4415.231012078941 6454.653639814949 891.5 -1789.8121867084492 2482.1429423604754 462 -1804.590377774416 2765.747605701574 638 -1771.9513495372682 3125.2245783100216 733 -1718.6348285254664 3520.887753987514 738.5 -2041.6389661227684 4670.384307742688 720 -2482.9967457309704 5992.8820621375 566 -3004.462614228763 7269.131096609943 292 -3633.7496402049755 8483.131853997686 -42 -4396.8388254616375 9619.884749461042 -368.5 -1425.883635717023 2326.7900866632563 -194.5 -1639.3038246369865 2344.4485962653453 -314.5 -1922.3152958987973 2405.645059678073 -309 -2201.23367195206 2536.753943815688 -180 -2431.0027619154052 2744.7351095432996 28 -2593.7615725571454 3015.6517379707298 272 -3156.2239434298153 4026.902118120124 567 -3705.8358972131387 5286.901602349574 846 -1967.8376724304987 2671.5002142922085 551 -1968.9739465359885 3011.477726609063 706 -1928.2149097285007 3399.891102947374 786.5 -2258.580331169711 4545.137774331303 860 -2670.4929754022805 5884.635058211094 800 -3126.5733226982993 7198.6330478634145 596.5 -3668.823992637715 8462.882414464108 298 -4340.546654890575 9652.38384994703 -41 -1474.8145224441778 2298.5408685485127 -163 -1713.3496797727694 2301.699779472238 -222.5 -1985.5357336170682 2369.1460699015015 -151 -2222.4514900903837 2524.5042828632777 25.5 -2392.4642759090625 2766.9844937221683 253.5 -2489.8375653490293 3075.650077329477 487 -2973.9239141189114 4132.149205078593 761.5 -2149.541909060091 2907.23061197324 610 -2139.5270577183373 3277.8944795845878 757.5 -2502.368731412084 4404.3916699189085 916 -2911.2502587677495 5745.638905363328 955.5 -3324.0289363937204 7084.6362030817945 843 -3793.099784590754 8391.134400314273 609 -4374.754973929913 9632.634396574775 290.5 -1512.9199917538203 2276.5414774503056 -115 -1758.8164329263204 2275.450506002786 -109 -2003.289418181788 2358.896353594382 21 -2187.377137657644 2544.7537223968548 229 -2295.468535848154 2822.9829437903322 454 -2333.0855211434537 3166.147572528921 654 -2748.322215137959 4262.395600103207 882 -3181.8856942055527 5589.393229949925 1017.5 -3577.7767206602043 6938.140257814187 1007 -3994.8855652531797 8274.637624726038 860.5 -4495.9996490060485 9562.63633398957 594 -1536.735910072347 2262.791858013926 -56 -1771.806933827335 2267.9507135829426 15 -1974.2772995028556 2375.645889998699 192 -2099.9077649241462 2595.252324690467 410 -4692.589229308069 9449.139475369273 839 -4254.26256657677 8124.891769409832 1028 -4945.470980181151 9303.143516262988 1002 -4545.249786759496 7956.89641920534 1094.5 -5229.0969165199685 9139.39804842974 1067 -4839.701140515825 7786.901124355556 1054 -5516.18698643239 8973.6526359512 1027.5 -1543.2311605228545 2259.041961804004 8 -1750.5891156890111 2280.200374535353 138 -1900.6644610637732 2418.144713711145 344 -3863.1347237858236 6773.3948176582935 1072 -4151.523843788346 6606.89942593777 1032.5 -1532.4057431053423 2265.29178882054 71.5 -1697.3280619948516 2310.949523456711 247.5 -3455.5522465202584 5431.39760297189 980 -1505.1256912132117 2281.0413529022117 128</float_array>
                    <technique_common>
                        <accessor count="221" source="#pointarray1_VC" stride="3">
                            <param name="X" type="float"/>
                            <param name="Y" type="float"/>
                            <param name="Z" type="float"/>
                        </accessor>
                    </technique_common>
                </source>
                <source id="uvs1_VC">
                    <float_array id="uvarray1_VC" count="8">0.15625 0.00390625 0.15625 0.99609375 0.28125 0.99609375 0.28125 0.00390625</float_array>
                    <technique_common>
                        <accessor count="4" source="#uvarray1_VC" stride="2">
                            <param name="S" type="float"/>
                            <param name="T" type="float"/>
                        </accessor>
                    </technique_common>
                </source>
                <vertices id="vertices1_VC">
                    <input semantic="POSITION" source="#points1_VC"/>
                </vertices>
                <polylist count="420" material="Material1">
                    <input offset="0" semantic="VERTEX" source="#vertices1_VC"/>
                    <input offset="1" semantic="TEXCOORD" source="#uvs1_VC" set="0"/>
                    <vcount>3 3 3 3 3 3 3 3 3 3 3 3 3 3 3 3 3 3 3 3 3 3 3 3 3 3 3 3 3 3 3 3 3 3 3 3 3 3 3 3 3 3 3 3 3 3 3 3 3 3 3 3 3 3 3 3 3 3 3 3 3 3 3 3 3 3 3 3 3 3 3 3 3 3 3 3 3 3 3 3 3 3 3 3 3 3 3 3 3 3 3 3 3 3 3 3 3 3 3 3 3 3 3 3 3 3 3 3 3 3 3 3 3 3 3 3 3 3 3 3 3 3 3 3 3 3 3 3 3 3 3 3 3 3 3 3 3 3 3 3 3 3 3 3 3 3 3 3 3 3 3 3 3 3 3 3 3 3 3 3 3 3 3 3 3 3 3 3 3 3 3 3 3 3 3 3 3 3 3 3 3 3 3 3 3 3 3 3 3 3 3 3 3 3 3 3 3 3 3 3 3 3 3 3 3 3 3 3 3 3 3 3 3 3 3 3 3 3 3 3 3 3 3 3 3 3 3 3 3 3 3 3 3 3 3 3 3 3 3 3 3 3 3 3 3 3 3 3 3 3 3 3 3 3 3 3 3 3 3 3 3 3 3 3 3 3 3 3 3 3 3 3 3 3 3 3 3 3 3 3 3 3 3 3 3 3 3 3 3 3 3 3 3 3 3 3 3 3 3 3 3 3 3 3 3 3 3 3 3 3 3 3 3 3 3 3 3 3 3 3 3 3 3 3 3 3 3 3 3 3 3 3 3 3 3 3 3 3 3 3 3 3 3 3 3 3 3 3 3 3 3 3 3 3 3 3 3 3 3 3 3 3 3 3 3 3 3 3 3 3 3 3 3 3 3 3 3 3 3 3 3 3 3 3 3 3 3 3 3 3 3 3 3 3 3 3 3 3 3 3 3 3 3 3 3 3 3 3 3 3 3 3 3 3 3 3 3 3 3 3</vcount>
                    <p>2 0 1 0 0 0 3 0 1 0 2 0 4 0 3 0 2 0 5 0 3 0 4 0 6 0 5 0 4 0 7 0 5 0 6 0 8 0 7 0 6 0 9 0 7 0 8 0 10 0 9 0 8 0 11 0 9 0 10 0 12 0 11 0 10 0 13 0 11 0 12 0 14 0 13 0 12 0 15 0 13 0 14 0 16 0 15 0 14 0 17 0 15 0 16 0 18 0 17 0 16 0 19 1 17 0 18 0 20 1 19 1 18 0 21 2 19 3 20 3 22 2 21 2 20 3 1 0 23 0 0 0 24 0 23 0 1 0 3 0 24 0 1 0 25 0 24 0 3 0 5 0 25 0 3 0 26 0 25 0 5 0 7 0 26 0 5 0 27 0 26 0 7 0 9 0 27 0 7 0 28 0 27 0 9 0 11 0 28 0 9 0 29 0 28 0 11 0 13 0 29 0 11 0 30 0 29 0 13 0 15 0 30 0 13 0 31 0 30 0 15 0 17 0 31 0 15 0 32 1 31 0 17 0 19 1 32 1 17 0 33 2 32 3 19 3 21 2 33 2 19 3 23 0 34 0 0 0 35 0 34 0 23 0 24 0 35 0 23 0 36 0 35 0 24 0 25 0 36 0 24 0 37 0 36 0 25 0 26 0 37 0 25 0 38 0 37 0 26 0 27 0 38 0 26 0 39 0 38 0 27 0 28 0 39 0 27 0 40 0 39 0 28 0 29 0 40 0 28 0 41 0 40 0 29 0 30 0 41 0 29 0 42 0 41 0 30 0 31 0 42 0 30 0 43 1 42 0 31 0 32 1 43 1 31 0 44 2 43 3 32 3 33 2 44 2 32 3 34 0 45 0 0 0 46 0 45 0 34 0 35 0 46 0 34 0 47 0 46 0 35 0 36 0 47 0 35 0 48 0 47 0 36 0 37 0 48 0 36 0 49 0 48 0 37 0 38 0 49 0 37 0 50 0 49 0 38 0 39 0 50 0 38 0 51 0 50 0 39 0 40 0 51 0 39 0 52 0 51 0 40 0 41 0 52 0 40 0 53 0 52 0 41 0 42 0 53 0 41 0 54 1 53 0 42 0 43 1 54 1 42 0 55 2 54 3 43 3 44 2 55 2 43 3 45 0 56 0 0 0 57 0 56 0 45 0 46 0 57 0 45 0 58 0 57 0 46 0 47 0 58 0 46 0 59 0 58 0 47 0 48 0 59 0 47 0 60 0 59 0 48 0 49 0 60 0 48 0 61 0 60 0 49 0 50 0 61 0 49 0 62 0 61 0 50 0 51 0 62 0 50 0 63 0 62 0 51 0 52 0 63 0 51 0 64 0 63 0 52 0 53 0 64 0 52 0 65 1 64 0 53 0 54 1 65 1 53 0 66 2 65 3 54 3 55 2 66 2 54 3 56 0 67 0 0 0 68 0 67 0 56 0 57 0 68 0 56 0 69 0 68 0 57 0 58 0 69 0 57 0 70 0 69 0 58 0 59 0 70 0 58 0 71 0 70 0 59 0 60 0 71 0 59 0 72 0 71 0 60 0 61 0 72 0 60 0 73 0 72 0 61 0 62 0 73 0 61 0 74 0 73 0 62 0 63 0 74 0 62 0 75 0 74 0 63 0 64 0 75 0 63 0 76 1 75 0 64 0 65 1 76 1 64 0 77 2 76 3 65 3 66 2 77 2 65 3 67 0 78 0 0 0 79 0 78 0 67 0 68 0 79 0 67 0 80 0 79 0 68 0 69 0 80 0 68 0 81 0 80 0 69 0 70 0 81 0 69 0 82 0 81 0 70 0 71 0 82 0 70 0 83 0 82 0 71 0 72 0 83 0 71 0 84 0 83 0 72 0 73 0 84 0 72 0 85 0 84 0 73 0 74 0 85 0 73 0 86 0 85 0 74 0 75 0 86 0 74 0 87 1 86 0 75 0 76 1 87 1 75 0 88 2 87 3 76 3 77 2 88 2 76 3 78 0 89 0 0 0 90 0 89 0 78 0 79 0 90 0 78 0 91 0 90 0 79 0 80 0 91 0 79 0 92 0 91 0 80 0 81 0 92 0 80 0 93 0 92 0 81 0 82 0 93 0 81 0 94 0 93 0 82 0 83 0 94 0 82 0 95 0 94 0 83 0 84 0 95 0 83 0 96 0 95 0 84 0 85 0 96 0 84 0 97 0 96 0 85 0 86 0 97 0 85 0 98 1 97 0 86 0 87 1 98 1 86 0 99 2 98 3 87 3 88 2 99 2 87 3 89 0 100 0 0 0 101 0 100 0 89 0 90 0 101 0 89 0 102 0 101 0 90 0 91 0 102 0 90 0 103 0 102 0 91 0 92 0 103 0 91 0 104 0 103 0 92 0 93 0 104 0 92 0 105 0 104 0 93 0 94 0 105 0 93 0 106 0 105 0 94 0 95 0 106 0 94 0 107 0 106 0 95 0 96 0 107 0 95 0 108 0 107 0 96 0 97 0 108 0 96 0 109 1 108 0 97 0 98 1 109 1 97 0 110 2 109 3 98 3 99 2 110 2 98 3 100 0 111 0 0 0 112 0 111 0 100 0 101 0 112 0 100 0 113 0 112 0 101 0 102 0 113 0 101 0 114 0 113 0 102 0 103 0 114 0 102 0 115 0 114 0 103 0 104 0 115 0 103 0 116 0 115 0 104 0 105 0 116 0 104 0 117 0 116 0 105 0 106 0 117 0 105 0 118 0 117 0 106 0 107 0 118 0 106 0 119 0 118 0 107 0 108 0 119 0 107 0 120 1 119 0 108 0 109 1 120 1 108 0 121 2 120 3 109 3 110 2 121 2 109 3 122 0 2 0 0 0 4 0 2 0 122 0 123 0 4 0 122 0 6 0 4 0 123 0 124 0 6 0 123 0 8 0 6 0 124 0 125 0 8 0 124 0 10 0 8 0 125 0 126 0 10 0 125 0 12 0 10 0 126 0 127 0 12 0 126 0 14 0 12 0 127 0 128 0 14 0 127 0 16 0 14 0 128 0 129 0 16 0 128 0 18 0 16 0 129 0 130 0 18 0 129 0 20 1 18 0 130 0 131 1 20 1 130 0 22 2 20 3 131 3 112 0 132 0 111 0 133 0 132 0 112 0 113 0 133 0 112 0 134 0 133 0 113 0 114 0 134 0 113 0 135 0 134 0 114 0 115 0 135 0 114 0 136 0 135 0 115 0 116 0 136 0 115 0 137 0 136 0 116 0 117 0 137 0 116 0 138 0 137 0 117 0 118 0 138 0 117 0 139 0 138 0 118 0 119 0 139 0 118 0 140 1 139 0 119 0 120 1 140 1 119 0 141 2 140 3 120 3 121 2 141 2 120 3 142 0 122 0 0 0 123 0 122 0 142 0 143 0 123 0 142 0 124 0 123 0 143 0 144 0 124 0 143 0 125 0 124 0 144 0 145 0 125 0 144 0 126 0 125 0 145 0 146 0 126 0 145 0 127 0 126 0 146 0 147 0 127 0 146 0 128 0 127 0 147 0 148 0 128 0 147 0 129 0 128 0 148 0 149 0 129 0 148 0 130 0 129 0 149 0 150 0 130 0 149 0 131 1 130 0 150 0 133 0 151 0 132 0 152 0 151 0 133 0 134 0 152 0 133 0 153 0 152 0 134 0 135 0 153 0 134 0 154 0 153 0 135 0 136 0 154 0 135 0 155 0 154 0 136 0 137 0 155 0 136 0 156 0 155 0 137 0 138 0 156 0 137 0 157 0 156 0 138 0 139 0 157 0 138 0 158 1 157 0 139 0 140 1 158 1 139 0 159 2 158 3 140 3 141 2 159 2 140 3 160 0 142 0 0 0 143 0 142 0 160 0 161 0 143 0 160 0 144 0 143 0 161 0 162 0 144 0 161 0 145 0 144 0 162 0 163 0 145 0 162 0 146 0 145 0 163 0 164 0 146 0 163 0 147 0 146 0 164 0 165 0 147 0 164 0 148 0 147 0 165 0 166 0 148 0 165 0 149 0 148 0 166 0 167 0 149 0 166 0 150 0 149 0 167 0 152 0 168 0 151 0 169 0 168 0 152 0 153 0 169 0 152 0 170 0 169 0 153 0 154 0 170 0 153 0 171 0 170 0 154 0 155 0 171 0 154 0 172 0 171 0 155 0 156 0 172 0 155 0 173 0 172 0 156 0 157 0 173 0 156 0 174 1 173 0 157 0 158 1 174 1 157 0 175 2 174 3 158 3 159 2 175 2 158 3 176 0 160 0 0 0 161 0 160 0 176 0 177 0 161 0 176 0 162 0 161 0 177 0 178 0 162 0 177 0 163 0 162 0 178 0 179 0 163 0 178 0 164 0 163 0 179 0 180 0 164 0 179 0 165 0 164 0 180 0 181 0 165 0 180 0 166 0 165 0 181 0 182 0 166 0 181 0 167 0 166 0 182 0 169 0 183 0 168 0 184 0 183 0 169 0 170 0 184 0 169 0 185 0 184 0 170 0 171 0 185 0 170 0 186 0 185 0 171 0 172 0 186 0 171 0 187 0 186 0 172 0 173 0 187 0 172 0 188 1 187 0 173 0 174 1 188 1 173 0 189 2 188 3 174 3 175 2 189 2 174 3 190 0 176 0 0 0 177 0 176 0 190 0 191 0 177 0 190 0 178 0 177 0 191 0 192 0 178 0 191 0 179 0 178 0 192 0 193 0 179 0 192 0 180 0 179 0 193 0 194 0 180 0 193 0 181 0 180 0 194 0 195 0 181 0 194 0 182 0 181 0 195 0 184 0 195 0 183 0 196 0 195 0 184 0 185 0 196 0 184 0 197 0 196 0 185 0 186 0 197 0 185 0 198 0 197 0 186 0 187 0 198 0 186 0 199 1 198 0 187 0 188 1 199 1 187 0 200 2 199 3 188 3 189 2 200 2 188 3 201 0 190 0 0 0 191 0 190 0 201 0 202 0 191 0 201 0 192 0 191 0 202 0 203 0 192 0 202 0 193 0 192 0 203 0 204 0 193 0 203 0 194 0 193 0 204 0 183 0 194 0 204 0 195 0 194 0 183 0 205 2 199 3 200 2 206 3 199 3 205 2 207 2 206 3 205 2 208 3 206 3 207 2 209 2 208 3 207 2 210 3 208 3 209 2 211 2 210 3 209 2 131 3 210 3 211 2 22 2 131 3 211 2 212 0 201 0 0 0 202 0 201 0 212 0 213 0 202 0 212 0 203 0 202 0 213 0 214 0 203 0 213 0 204 0 203 0 214 0 168 0 204 0 214 0 183 0 204 0 168 0 206 1 198 0 199 1 215 0 198 0 206 1 208 1 215 0 206 1 216 0 215 0 208 1 210 1 216 0 208 1 150 0 216 0 210 1 131 1 150 0 210 1 217 0 212 0 0 0 213 0 212 0 217 0 218 0 213 0 217 0 214 0 213 0 218 0 151 0 214 0 218 0 168 0 214 0 151 0 215 0 197 0 198 0 219 0 197 0 215 0 216 0 219 0 215 0 167 0 219 0 216 0 150 0 167 0 216 0 220 0 217 0 0 0 218 0 217 0 220 0 132 0 218 0 220 0 151 0 218 0 132 0 219 0 196 0 197 0 182 0 196 0 219 0 167 0 182 0 219 0 111 0 220 0 0 0 132 0 220 0 111 0 195 0 196 0 182 0</p>
                </polylist>
            </mesh>
        </geometry>
    </library_geometries>
    <library_controllers>
        <controller id="controller0">
            <skin source="#mesh0">
                <bind_shape_matrix>1 0 0 0 0 1 0 0 0 0 1 0 0 0 0 1</bind_shape_matrix>
                <source id="joints0">
                    <Name_array id="JointArr0" count="3">jointnode-1 jointnode0 jointnode1</Name_array>
                    <technique_common>
                        <accessor source="#JointArr0" count="3">
                            <param name="JOINT" type="Name" />
                        </accessor>
                    </technique_common>
                </source>
                <source id="matrices0">
                    <float_array id="MatArr0" count="48">1 0 0 0 0 1 0 0 0 0 1 0 0 0 0 1 0.866033393400969 0.49998616132289364 0 0 -0.49998616132289364 0.866033393400969 0 0 0 0 1 0 0 0 0 1 0.866033393400969 0.49998616132289364 0 0 -0.49998616132289364 0.866033393400969 0 0 0 0 1 0 0 0 0 1</float_array>
                    <technique_common>
                        <accessor source="#MatArr0" count="3" stride="16">
                            <param type="float4x4" />
                        </accessor>
                    </technique_common>
                </source>
                <source id="weights0">
                    <float_array id="WeightArr0" count="1">1</float_array>
                    <technique_common>
                        <accessor source="#WeightArr0" count="1">
                            <param type="float" />
                        </accessor>
                    </technique_common>
                </source>
                <joints>
                    <input semantic="JOINT" source="#joints0" />
                    <input semantic="INV_BIND_MATRIX" source="#matrices0" />
                </joints>
                <vertex_weights count="242">
                    <input semantic="JOINT" offset="0" source="#joints0" />
                    <input semantic="WEIGHT" offset="1" source="#weights0" />
                    <vcount>1 1 1 1 1 1 1 1 1 1 1 1 1 1 1 1 1 1 1 1 1 1 1 1 1 1 1 1 1 1 1 1 1 1 1 1 1 1 1 1 1 1 1 1 1 1 1 1 1 1 1 1 1 1 1 1 1 1 1 1 1 1 1 1 1 1 1 1 1 1 1 1 1 1 1 1 1 1 1 1 1 1 1 1 1 1 1 1 1 1 1 1 1 1 1 1 1 1 1 1 1 1 1 1 1 1 1 1 1 1 1 1 1 1 1 1 1 1 1 1 1 1 1 1 1 1 1 1 1 1 1 1 1 1 1 1 1 1 1 1 1 1 1 1 1 1 1 1 1 1 1 1 1 1 1 1 1 1 1 1 1 1 1 1 1 1 1 1 1 1 1 1 1 1 1 1 1 1 1 1 1 1 1 1 1 1 1 1 1 1 1 1 1 1 1 1 1 1 1 1 1 1 1 1 1 1 1 1 1 1 1 1 1 1 1 1 1 1 1 1 1 1 1 1 1 1 1 1 1 1 1 1 1 1 1 1 1 1 1 1 1 1</vcount>
                    <v>1 0 1 0 1 0 1 0 1 0 1 0 1 0 1 0 1 0 1 0 1 0 1 0 1 0 1 0 1 0 1 0 1 0 1 0 1 0 1 0 1 0 1 0 1 0 1 0 1 0 1 0 1 0 1 0 1 0 1 0 1 0 1 0 1 0 1 0 1 0 1 0 1 0 1 0 1 0 1 0 1 0 1 0 1 0 1 0 1 0 1 0 1 0 1 0 1 0 1 0 1 0 1 0 1 0 1 0 1 0 1 0 1 0 1 0 1 0 1 0 1 0 1 0 1 0 1 0 1 0 1 0 1 0 1 0 1 0 1 0 1 0 1 0 1 0 1 0 1 0 1 0 1 0 1 0 1 0 1 0 1 0 1 0 1 0 1 0 1 0 1 0 1 0 1 0 1 0 1 0 1 0 1 0 1 0 1 0 1 0 1 0 1 0 1 0 1 0 1 0 1 0 1 0 1 0 1 0 1 0 1 0 1 0 1 0 1 0 1 0 1 0 1 0 1 0 1 0 1 0 1 0 1 0 1 0 1 0 1 0 1 0 1 0 1 0 1 0 1 0 1 0 1 0 1 0 1 0 1 0 1 0 1 0 1 0 1 0 1 0 1 0 1 0 1 0 1 0 1 0 1 0 1 0 1 0 1 0 1 0 1 0 1 0 1 0 1 0 1 0 1 0 1 0 1 0 1 0 1 0 1 0 1 0 1 0 1 0 1 0 1 0 1 0 1 0 1 0 1 0 1 0 1 0 1 0 1 0 1 0 1 0 1 0 1 0 1 0 1 0 1 0 1 0 1 0 1 0 1 0 1 0 1 0 1 0 1 0 1 0 1 0 1 0 1 0 1 0 1 0 1 0 1 0 1 0 1 0 1 0 1 0 1 0 1 0 1 0 1 0 1 0 1 0 1 0 1 0 1 0 1 0 1 0 1 0 1 0 1 0 1 0 1 0 1 0 1 0 1 0 1 0 1 0 1 0 1 0 1 0 1 0 1 0 1 0 1 0 1 0 1 0 1 0 1 0 1 0 1 0 1 0 1 0 1 0 1 0 1 0 1 0 1 0 1 0 1 0 1 0 1 0 1 0</v>
                </vertex_weights>
            </skin>
        </controller>
        <controller id="controller0_VC">
            <skin source="#mesh0_VC">
                <bind_shape_matrix>1 0 0 0 0 1 0 0 0 0 1 0 0 0 0 1</bind_shape_matrix>
                <source id="joints0_VC">
                    <Name_array id="JointArr0_VC" count="3">jointnode-1 jointnode0 jointnode1</Name_array>
                    <technique_common>
                        <accessor source="#JointArr0_VC" count="3">
                            <param name="JOINT" type="Name" />
                        </accessor>
                    </technique_common>
                </source>
                <source id="matrices0_VC">
                    <float_array id="MatArr0_VC" count="48">1 0 0 0 0 1 0 0 0 0 1 0 0 0 0 1 0.866033393400969 0.49998616132289364 0 0 -0.49998616132289364 0.866033393400969 0 0 0 0 1 0 0 0 0 1 0.866033393400969 0.49998616132289364 0 0 -0.49998616132289364 0.866033393400969 0 0 0 0 1 0 0 0 0 1</float_array>
                    <technique_common>
                        <accessor source="#MatArr0_VC" count="3" stride="16">
                            <param type="float4x4" />
                        </accessor>
                    </technique_common>
                </source>
                <source id="weights0_VC">
                    <float_array id="WeightArr0_VC" count="1">1</float_array>
                    <technique_common>
                        <accessor source="#WeightArr0_VC" count="1">
                            <param type="float" />
                        </accessor>
                    </technique_common>
                </source>
                <joints>
                    <input semantic="JOINT" source="#joints0_VC" />
                    <input semantic="INV_BIND_MATRIX" source="#matrices0_VC" />
                </joints>
                <vertex_weights count="242">
                    <input semantic="JOINT" offset="0" source="#joints0_VC" />
                    <input semantic="WEIGHT" offset="1" source="#weights0_VC" />
                    <vcount>1 1 1 1 1 1 1 1 1 1 1 1 1 1 1 1 1 1 1 1 1 1 1 1 1 1 1 1 1 1 1 1 1 1 1 1 1 1 1 1 1 1 1 1 1 1 1 1 1 1 1 1 1 1 1 1 1 1 1 1 1 1 1 1 1 1 1 1 1 1 1 1 1 1 1 1 1 1 1 1 1 1 1 1 1 1 1 1 1 1 1 1 1 1 1 1 1 1 1 1 1 1 1 1 1 1 1 1 1 1 1 1 1 1 1 1 1 1 1 1 1 1 1 1 1 1 1 1 1 1 1 1 1 1 1 1 1 1 1 1 1 1 1 1 1 1 1 1 1 1 1 1 1 1 1 1 1 1 1 1 1 1 1 1 1 1 1 1 1 1 1 1 1 1 1 1 1 1 1 1 1 1 1 1 1 1 1 1 1 1 1 1 1 1 1 1 1 1 1 1 1 1 1 1 1 1 1 1 1 1 1 1 1 1 1 1 1 1 1 1 1 1 1 1 1 1 1 1 1 1 1 1 1 1 1 1 1 1 1 1 1 1</vcount>
                    <v>1 0 1 0 1 0 1 0 1 0 1 0 1 0 1 0 1 0 1 0 1 0 1 0 1 0 1 0 1 0 1 0 1 0 1 0 1 0 1 0 1 0 1 0 1 0 1 0 1 0 1 0 1 0 1 0 1 0 1 0 1 0 1 0 1 0 1 0 1 0 1 0 1 0 1 0 1 0 1 0 1 0 1 0 1 0 1 0 1 0 1 0 1 0 1 0 1 0 1 0 1 0 1 0 1 0 1 0 1 0 1 0 1 0 1 0 1 0 1 0 1 0 1 0 1 0 1 0 1 0 1 0 1 0 1 0 1 0 1 0 1 0 1 0 1 0 1 0 1 0 1 0 1 0 1 0 1 0 1 0 1 0 1 0 1 0 1 0 1 0 1 0 1 0 1 0 1 0 1 0 1 0 1 0 1 0 1 0 1 0 1 0 1 0 1 0 1 0 1 0 1 0 1 0 1 0 1 0 1 0 1 0 1 0 1 0 1 0 1 0 1 0 1 0 1 0 1 0 1 0 1 0 1 0 1 0 1 0 1 0 1 0 1 0 1 0 1 0 1 0 1 0 1 0 1 0 1 0 1 0 1 0 1 0 1 0 1 0 1 0 1 0 1 0 1 0 1 0 1 0 1 0 1 0 1 0 1 0 1 0 1 0 1 0 1 0 1 0 1 0 1 0 1 0 1 0 1 0 1 0 1 0 1 0 1 0 1 0 1 0 1 0 1 0 1 0 1 0 1 0 1 0 1 0 1 0 1 0 1 0 1 0 1 0 1 0 1 0 1 0 1 0 1 0 1 0 1 0 1 0 1 0 1 0 1 0 1 0 1 0 1 0 1 0 1 0 1 0 1 0 1 0 1 0 1 0 1 0 1 0 1 0 1 0 1 0 1 0 1 0 1 0 1 0 1 0 1 0 1 0 1 0 1 0 1 0 1 0 1 0 1 0 1 0 1 0 1 0 1 0 1 0 1 0 1 0 1 0 1 0 1 0 1 0 1 0 1 0 1 0 1 0 1 0 1 0 1 0 1 0 1 0 1 0 1 0 1 0 1 0 1 0 1 0 1 0 1 0 1 0 1 0 1 0</v>
                </vertex_weights>
            </skin>
        </controller>
        <controller id="controller1">
            <skin source="#mesh1">
                <bind_shape_matrix>1 0 0 0 0 1 0 0 0 0 1 0 0 0 0 1</bind_shape_matrix>
                <source id="joints1">
                    <Name_array id="JointArr1" count="3">jointnode-1 jointnode0 jointnode1</Name_array>
                    <technique_common>
                        <accessor source="#JointArr1" count="3">
                            <param name="JOINT" type="Name" />
                        </accessor>
                    </technique_common>
                </source>
                <source id="matrices1">
                    <float_array id="MatArr1" count="48">1 0 0 0 0 1 0 0 0 0 1 0 0 0 0 1 0.866033393400969 0.49998616132289364 0 0 -0.49998616132289364 0.866033393400969 0 0 0 0 1 0 0 0 0 1 0.866033393400969 0.49998616132289364 0 0 -0.49998616132289364 0.866033393400969 0 0 0 0 1 0 0 0 0 1</float_array>
                    <technique_common>
                        <accessor source="#MatArr1" count="3" stride="16">
                            <param type="float4x4" />
                        </accessor>
                    </technique_common>
                </source>
                <source id="weights1">
                    <float_array id="WeightArr1" count="1">1</float_array>
                    <technique_common>
                        <accessor source="#WeightArr1" count="1">
                            <param type="float" />
                        </accessor>
                    </technique_common>
                </source>
                <joints>
                    <input semantic="JOINT" source="#joints1" />
                    <input semantic="INV_BIND_MATRIX" source="#matrices1" />
                </joints>
                <vertex_weights count="221">
                    <input semantic="JOINT" offset="0" source="#joints1" />
                    <input semantic="WEIGHT" offset="1" source="#weights1" />
                    <vcount>1 1 1 1 1 1 1 1 1 1 1 1 1 1 1 1 1 1 1 1 1 1 1 1 1 1 1 1 1 1 1 1 1 1 1 1 1 1 1 1 1 1 1 1 1 1 1 1 1 1 1 1 1 1 1 1 1 1 1 1 1 1 1 1 1 1 1 1 1 1 1 1 1 1 1 1 1 1 1 1 1 1 1 1 1 1 1 1 1 1 1 1 1 1 1 1 1 1 1 1 1 1 1 1 1 1 1 1 1 1 1 1 1 1 1 1 1 1 1 1 1 1 1 1 1 1 1 1 1 1 1 1 1 1 1 1 1 1 1 1 1 1 1 1 1 1 1 1 1 1 1 1 1 1 1 1 1 1 1 1 1 1 1 1 1 1 1 1 1 1 1 1 1 1 1 1 1 1 1 1 1 1 1 1 1 1 1 1 1 1 1 1 1 1 1 1 1 1 1 1 1 1 1 1 1 1 1 1 1 1 1 1 1 1 1 1 1 1 1 1 1</vcount>
                    <v>2 0 2 0 2 0 2 0 2 0 2 0 2 0 2 0 2 0 2 0 2 0 2 0 2 0 2 0 2 0 2 0 2 0 2 0 2 0 2 0 2 0 2 0 2 0 2 0 2 0 2 0 2 0 2 0 2 0 2 0 2 0 2 0 2 0 2 0 2 0 2 0 2 0 2 0 2 0 2 0 2 0 2 0 2 0 2 0 2 0 2 0 2 0 2 0 2 0 2 0 2 0 2 0 2 0 2 0 2 0 2 0 2 0 2 0 2 0 2 0 2 0 2 0 2 0 2 0 2 0 2 0 2 0 2 0 2 0 2 0 2 0 2 0 2 0 2 0 2 0 2 0 2 0 2 0 2 0 2 0 2 0 2 0 2 0 2 0 2 0 2 0 2 0 2 0 2 0 2 0 2 0 2 0 2 0 2 0 2 0 2 0 2 0 2 0 2 0 2 0 2 0 2 0 2 0 2 0 2 0 2 0 2 0 2 0 2 0 2 0 2 0 2 0 2 0 2 0 2 0 2 0 2 0 2 0 2 0 2 0 2 0 2 0 2 0 2 0 2 0 2 0 2 0 2 0 2 0 2 0 2 0 2 0 2 0 2 0 2 0 2 0 2 0 2 0 2 0 2 0 2 0 2 0 2 0 2 0 2 0 2 0 2 0 2 0 2 0 2 0 2 0 2 0 2 0 2 0 2 0 2 0 2 0 2 0 2 0 2 0 2 0 2 0 2 0 2 0 2 0 2 0 2 0 2 0 2 0 2 0 2 0 2 0 2 0 2 0 2 0 2 0 2 0 2 0 2 0 2 0 2 0 2 0 2 0 2 0 2 0 2 0 2 0 2 0 2 0 2 0 2 0 2 0 2 0 2 0 2 0 2 0 2 0 2 0 2 0 2 0 2 0 2 0 2 0 2 0 2 0 2 0 2 0 2 0 2 0 2 0 2 0 2 0 2 0 2 0 2 0 2 0 2 0 2 0 2 0 2 0 2 0</v>
                </vertex_weights>
            </skin>
        </controller>
        <controller id="controller1_VC">
            <skin source="#mesh1_VC">
                <bind_shape_matrix>1 0 0 0 0 1 0 0 0 0 1 0 0 0 0 1</bind_shape_matrix>
                <source id="joints1_VC">
                    <Name_array id="JointArr1_VC" count="3">jointnode-1 jointnode0 jointnode1</Name_array>
                    <technique_common>
                        <accessor source="#JointArr1_VC" count="3">
                            <param name="JOINT" type="Name" />
                        </accessor>
                    </technique_common>
                </source>
                <source id="matrices1_VC">
                    <float_array id="MatArr1_VC" count="48">1 0 0 0 0 1 0 0 0 0 1 0 0 0 0 1 0.866033393400969 0.49998616132289364 0 0 -0.49998616132289364 0.866033393400969 0 0 0 0 1 0 0 0 0 1 0.866033393400969 0.49998616132289364 0 0 -0.49998616132289364 0.866033393400969 0 0 0 0 1 0 0 0 0 1</float_array>
                    <technique_common>
                        <accessor source="#MatArr1_VC" count="3" stride="16">
                            <param type="float4x4" />
                        </accessor>
                    </technique_common>
                </source>
                <source id="weights1_VC">
                    <float_array id="WeightArr1_VC" count="1">1</float_array>
                    <technique_common>
                        <accessor source="#WeightArr1_VC" count="1">
                            <param type="float" />
                        </accessor>
                    </technique_common>
                </source>
                <joints>
                    <input semantic="JOINT" source="#joints1_VC" />
                    <input semantic="INV_BIND_MATRIX" source="#matrices1_VC" />
                </joints>
                <vertex_weights count="221">
                    <input semantic="JOINT" offset="0" source="#joints1_VC" />
                    <input semantic="WEIGHT" offset="1" source="#weights1_VC" />
                    <vcount>1 1 1 1 1 1 1 1 1 1 1 1 1 1 1 1 1 1 1 1 1 1 1 1 1 1 1 1 1 1 1 1 1 1 1 1 1 1 1 1 1 1 1 1 1 1 1 1 1 1 1 1 1 1 1 1 1 1 1 1 1 1 1 1 1 1 1 1 1 1 1 1 1 1 1 1 1 1 1 1 1 1 1 1 1 1 1 1 1 1 1 1 1 1 1 1 1 1 1 1 1 1 1 1 1 1 1 1 1 1 1 1 1 1 1 1 1 1 1 1 1 1 1 1 1 1 1 1 1 1 1 1 1 1 1 1 1 1 1 1 1 1 1 1 1 1 1 1 1 1 1 1 1 1 1 1 1 1 1 1 1 1 1 1 1 1 1 1 1 1 1 1 1 1 1 1 1 1 1 1 1 1 1 1 1 1 1 1 1 1 1 1 1 1 1 1 1 1 1 1 1 1 1 1 1 1 1 1 1 1 1 1 1 1 1 1 1 1 1 1 1</vcount>
                    <v>2 0 2 0 2 0 2 0 2 0 2 0 2 0 2 0 2 0 2 0 2 0 2 0 2 0 2 0 2 0 2 0 2 0 2 0 2 0 2 0 2 0 2 0 2 0 2 0 2 0 2 0 2 0 2 0 2 0 2 0 2 0 2 0 2 0 2 0 2 0 2 0 2 0 2 0 2 0 2 0 2 0 2 0 2 0 2 0 2 0 2 0 2 0 2 0 2 0 2 0 2 0 2 0 2 0 2 0 2 0 2 0 2 0 2 0 2 0 2 0 2 0 2 0 2 0 2 0 2 0 2 0 2 0 2 0 2 0 2 0 2 0 2 0 2 0 2 0 2 0 2 0 2 0 2 0 2 0 2 0 2 0 2 0 2 0 2 0 2 0 2 0 2 0 2 0 2 0 2 0 2 0 2 0 2 0 2 0 2 0 2 0 2 0 2 0 2 0 2 0 2 0 2 0 2 0 2 0 2 0 2 0 2 0 2 0 2 0 2 0 2 0 2 0 2 0 2 0 2 0 2 0 2 0 2 0 2 0 2 0 2 0 2 0 2 0 2 0 2 0 2 0 2 0 2 0 2 0 2 0 2 0 2 0 2 0 2 0 2 0 2 0 2 0 2 0 2 0 2 0 2 0 2 0 2 0 2 0 2 0 2 0 2 0 2 0 2 0 2 0 2 0 2 0 2 0 2 0 2 0 2 0 2 0 2 0 2 0 2 0 2 0 2 0 2 0 2 0 2 0 2 0 2 0 2 0 2 0 2 0 2 0 2 0 2 0 2 0 2 0 2 0 2 0 2 0 2 0 2 0 2 0 2 0 2 0 2 0 2 0 2 0 2 0 2 0 2 0 2 0 2 0 2 0 2 0 2 0 2 0 2 0 2 0 2 0 2 0 2 0 2 0 2 0 2 0 2 0 2 0 2 0 2 0 2 0 2 0 2 0 2 0 2 0 2 0 2 0 2 0 2 0 2 0 2 0 2 0 2 0 2 0</v>
                </vertex_weights>
            </skin>
        </controller>
    </library_controllers>
    <library_visual_scenes>
        <visual_scene id="VisualSceneNode">
            <node id="node0" name="m0" type="NODE">
                <instance_controller url="#controller0">
                    <skeleton>#jointnode-1</skeleton>
                    <bind_material>
                        <technique_common>
                            <instance_material symbol="Material1" target="#mat0">
                                <bind_vertex_input semantic="UVSET0" input_semantic="TEXCOORD" input_set="0"></bind_vertex_input>
                            </instance_material>
                        </technique_common>
                    </bind_material>
                </instance_controller>
            </node>
            <node id="node0_VC" name="m0_VC" type="NODE">
                <instance_controller url="#controller0_VC">
                    <skeleton>#jointnode-1</skeleton>
                    <bind_material>
                        <technique_common>
                            <instance_material symbol="Material1" target="#mat_vc">
                                <bind_vertex_input semantic="UVSET0" input_semantic="TEXCOORD" input_set="0"></bind_vertex_input>
                            </instance_material>
                        </technique_common>
                    </bind_material>
                </instance_controller>
            </node>
            <node id="node1" name="m1" type="NODE">
                <instance_controller url="#controller1">
                    <skeleton>#jointnode-1</skeleton>
                    <bind_material>
                        <technique_common>
                            <instance_material symbol="Material1" target="#mat1">
                                <bind_vertex_input semantic="UVSET0" input_semantic="TEXCOORD" input_set="0"></bind_vertex_input>
                            </instance_material>
                        </technique_common>
                    </bind_material>
                </instance_controller>
            </node>
            <node id="node1_VC" name="m1_VC" type="NODE">
                <instance_controller url="#controller1_VC">
                    <skeleton>#jointnode-1</skeleton>
                    <bind_material>
                        <technique_common>
                            <instance_material symbol="Material1" target="#mat_vc">
                                <bind_vertex_input semantic="UVSET0" input_semantic="TEXCOORD" input_set="0"></bind_vertex_input>
                            </instance_material>
                        </technique_common>
                    </bind_material>
                </instance_controller>
            </node>
            <node id="jointnode-1" name="root" sid="jointnode-1" type="JOINT">
                <node id="jointnode0" name="CometIcon" sid="jointnode0" type="JOINT">
                    <rotate>0 0 1 29.99908444471572</rotate>
                    <node id="jointnode1" name="HaloF" sid="jointnode1" type="JOINT">
                    </node>
                </node>
            </node>
        </visual_scene>
    </library_visual_scenes>
    <scene>
        <instance_visual_scene url="#VisualSceneNode"></instance_visual_scene>
    </scene>
</COLLADA>
